"gene","baseMean","log2FoldChange","lfcSE","pvalue","padj","description","tissue"
"LOC115137856",837.722347044338,6.17177887888744,0.794306223538331,3.30047561922545e-08,0.0001496092066979,"equistatin-like","gonad"
"LOC115112426",197.66563369121,6.02484322320649,0.455025025408317,4.12010373149096e-08,0.0001496092066979,"serum amyloid A-5 protein-like","gonad"
"LOC115112427",278.917581430526,5.95309109009992,0.450748298864331,5.90638026018146e-08,0.000164779347356489,"serum amyloid A-5 protein-like","gonad"
"LOC115105764",862.14369134894,5.23424080760022,0.598233945738253,3.9909792540962e-05,0.00389177933144043,"neurofibromin-like","gonad"
"LOC115137857",204.858418933411,5.0192661082333,0.883667763071837,1.32604667337214e-05,0.00222923179645783,"ladderlectin-like","gonad"
"LOC115137859",2236.16054301084,4.95065034438195,0.611871179782366,0.000369626258934651,0.0114913259541396,"saxiphilin-like","gonad"
"LOC115138859",889.329682897914,4.6709615004614,0.761253872731642,0.0010646497075667,0.0214299114086264,"ladderlectin-like","gonad"
"LOC115138857",272.587001677974,4.60931912325381,0.822738685789518,0.000502396750924325,0.0135939126822385,"ladderlectin-like","gonad"
"LOC115125542",81.0734740618532,4.34602222554082,0.658140848562033,1.46002177411193e-05,0.00238108734315331,"calcyphosin-like protein, transcript variant X1","gonad"
"LOC115139209",32.6667886820096,3.77121544077207,0.692711989111249,1.06545411104159e-05,0.00218255135740007,"sterile alpha motif domain-containing protein 15-like, transcript variant X2","gonad"
"lg27h9orf116",41.7679479335698,3.16888869646817,0.545107170468612,1.41934888072463e-05,0.00234269984349422,"linkage group 27 C9orf116 homolog","gonad"
"LOC115142066",427.480512982859,3.11545548978911,0.476271352193854,0.000235488142759766,0.00911320380088197,"hepcidin-like","gonad"
"ccdc173",30.5465850858778,2.87994614413812,0.561357778945871,2.20860699092508e-05,0.00284393393810182,"coiled-coil domain containing 173","gonad"
"LOC115143451",21.0548421149284,2.77630144046278,0.615878206742026,2.73977639153068e-07,0.000336519162150198,"centromere protein S-like","gonad"
"riiad1",44.6951816537096,2.57763769128612,0.515904097388917,0.000225597374744836,0.00900207897992799,"regulatory subunit of type II PKA R-subunit (RIIa) domain containing 1","gonad"
"LOC115110674",19.2734322056685,2.29069366030812,0.462190507969194,0.000942943652869535,0.0200234911830401,"forkhead box protein J1-A-like, transcript variant X2","gonad"
"upk1b",48.4239423871623,2.22132440347159,0.642134956294654,1.89382431834765e-05,0.00254698328325333,"uroplakin 1B","gonad"
"mdh1b",34.9954783027648,2.20852894332592,0.58774164641496,6.461242909008e-06,0.00189210203638628,"malate dehydrogenase 1B, transcript variant X1","gonad"
"enkur",20.2393321615977,2.10836575490666,0.556798497052586,0.00181997770112372,0.0292679496382659,"enkurin, TRPC channel interacting protein","gonad"
"pih1d3",70.0588804692576,2.08663068697832,0.469818333933096,3.67536094591472e-07,0.000392528549023692,"PIH1 domain containing 3","gonad"
"efcab1",33.124463673213,2.07847835839598,0.590610902132898,1.52155729529515e-05,0.00239803489459276,"EF-hand calcium binding domain 1","gonad"
"LOC115141814",21.6863473392673,2.07407612470199,0.65035223017485,4.68810490667314e-05,0.00409219864630985,"14-3-3 protein gamma-2-like","gonad"
"LOC115124398",61.8896860679976,2.0569896462262,0.628031863329241,3.63927749210134e-05,0.0037308121330766,"thymosin beta-a-like, transcript variant X1","gonad"
"cfap126",53.5246461024238,2.04400232587705,0.480030899208016,0.00221375387330892,0.0327303870714958,"cilia and flagella associated protein 126","gonad"
"dnali1",24.7839021223326,2.03819217512844,0.646574228917276,5.59049272295832e-05,0.0044941026365217,"dynein axonemal light intermediate chain 1","gonad"
"LOC115131920",17.4986242156709,2.01236812661978,0.590664152464474,2.3034393679727e-05,0.00291270327596908,"testis-expressed protein 49-like, transcript variant X1","gonad"
"LOC115141350",862.435645005746,1.91334750874784,0.291783279831943,0.00110861894479628,0.0216956733049279,"CD209 antigen-like protein E","gonad"
"LOC115141356",1129.64019049195,1.86610489882968,0.269060845170293,0.000510505485136855,0.013751836184191,"C-type lectin domain family 4 member E-like","gonad"
"b3gnt7",18.5988671979385,1.83189517055536,0.467728371907542,3.76504436882283e-06,0.00155359421728062,"UDP-GlcNAc:betaGal beta-1,3-N-acetylglucosaminyltransferase 7","gonad"
"gpr84",92.7277085063442,1.82954806299559,0.430840767391996,9.17172249097119e-07,0.000756917243391241,"G protein-coupled receptor 84","gonad"
"efcab6",14.0108976991386,1.81861839180234,0.520474341888222,0.00414207973671612,0.0472796479595952,"EF-hand calcium binding domain 6, transcript variant X1","gonad"
"LOC115137242",21.0563186007368,1.80086690130405,0.481445822854435,0.00180435399882598,0.0291292593466683,"TNFAIP3-interacting protein 2-like","gonad"
"hspb11",72.8560011859613,1.75355089676734,0.320139088234911,1.93850436986714e-09,1.75977426696539e-05,"heat shock protein family B (small) member 11","gonad"
"mmp9",73.4510475607318,1.73656578141128,0.54300811620234,4.98202874439553e-05,0.00427674417330471,"matrix metallopeptidase 9","gonad"
"LOC115141572",126.135492726733,1.70863399482636,0.409193952583065,1.25804144704745e-06,0.000913640020503739,"cytochrome c oxidase subunit 7A2, mitochondrial-like","gonad"
"lg2h20orf96",32.4028851393845,1.69420251328449,0.374487969694701,0.00137594290793752,0.0246367055586919,"linkage group 2 C20orf96 homolog, transcript variant X2","gonad"
"bbof1",17.8558342358352,1.65430851719196,0.555354023806705,9.78066227457162e-05,0.00597904728138459,"basal body orientation factor 1, transcript variant X1","gonad"
"LOC115139472",348.294552828116,1.63299833000538,0.359002233678447,2.47782522185202e-07,0.000336519162150198,"enoyl-[acyl-carrier-protein] reductase, mitochondrial-like, transcript variant X7","gonad"
"LOC115114450",25.8583991510283,1.62772289014288,0.44826833195993,1.07547818858955e-05,0.00218255135740007,"protein canopy-1-like, transcript variant X5","gonad"
"LOC115132668",19.9279444841658,1.5482524738812,0.3224403761307,0.00256502257644592,0.035968264723925,"receptor-transporting protein 3-like, transcript variant X2","gonad"
"LOC115135792",171.433189570947,1.54657271567745,0.535020817025281,0.000134624222959935,0.00712122164227235,"ependymin-1","gonad"
"LOC115103583",27.3753499464769,1.5197862011989,0.489569828718111,7.01079295127439e-05,0.00499793861090995,"dynein light chain 4, axonemal-like, transcript variant X3","gonad"
"LOC115138524",28.1157931786009,1.48057379715728,0.524309885484825,0.00016460617013036,0.00760455375289267,"protein FAM161B-like, transcript variant X1","gonad"
"LOC115142005",33.7289282061508,1.46331657014721,0.384271717637617,5.72443295525621e-06,0.00180899967550706,"ubiquinol-cytochrome-c reductase complex assembly factor 2-like, transcript variant X2","gonad"
"LOC115106396",56.69976475906,1.45302742390125,0.78289915607885,0.00149264679133206,0.0257987546753684,"arginase-1-like, transcript variant X1","gonad"
"LOC115109112",18.4098607075139,1.4412489358304,0.474616352884205,9.15271041192553e-05,0.00571952080860212,"excitatory amino acid transporter 5-like","gonad"
"LOC115102671",26.8809340606571,1.42206457610367,0.538784719785611,0.000274624913070688,0.0098969553737254,"rho-related GTP-binding protein Rho6-like","gonad"
"lg23h12orf56",16.7312901880922,1.41066659878579,0.460696129418973,8.2768339818531e-05,0.00543559250950058,"linkage group 23 C12orf56 homolog, transcript variant X4","gonad"
"LOC115109003",96.0454705679456,1.41048038894772,0.357614544401966,3.45024908983759e-06,0.00153069213597835,"small nuclear ribonucleoprotein F-like","gonad"
"LOC115126007",217.637879207154,1.39200178493395,0.385208572050945,1.25089419001283e-05,0.00218255135740007,"glutathione S-transferase Mu 3-like","gonad"
"LOC115135546",913.339769842022,1.37776310130126,0.342117306428865,2.60050563542025e-06,0.00140732001970648,"diamine acetyltransferase 1-like","gonad"
"LOC115112246",43.2790688590586,1.37686687950055,0.332854043596138,1.54800520059109e-06,0.00104868816417125,"bolA-like protein 3","gonad"
"LOC115129963",845.093876435256,1.35742739318904,0.780666059919602,0.00187940029845042,0.0299056895869113,"protein S100-B-like","gonad"
"lsm6",485.47610329288,1.34763125787179,0.326323679253181,1.69969028882675e-06,0.00108049073580337,"LSM6 homolog, U6 small nuclear RNA and mRNA degradation associated","gonad"
"LOC115107774",33.8217001976675,1.34172760157709,0.409689919738216,4.1511410749076e-05,0.00389177933144043,"putative deoxyribonuclease tatdn3","gonad"
"LOC115124990",48.4226546071914,1.34059464190844,0.3512895202378,5.77891502420189e-06,0.00180899967550706,"chemokine-like receptor 1","gonad"
"smkr1",58.3460579357473,1.32661992900725,0.434342842149729,8.55657774216027e-05,0.0055483294816665,"small lysine rich protein 1, transcript variant X2","gonad"
"LOC115103388",197.443874726661,1.32383280601629,0.326294796015246,2.20975127873679e-06,0.00125375763177328,"LYR motif-containing protein 4A","gonad"
"tex9",26.2845569954628,1.3223289299436,0.488561822150945,0.000231956924718078,0.00905679553802459,"testis expressed 9","gonad"
"nadk",239.100974710118,1.31794257928575,0.27291992273984,6.72831391640834e-08,0.000164779347356489,"NAD kinase, transcript variant X3","gonad"
"bola2b",863.424440034669,1.31600273755164,0.441336490771929,0.000108238378401188,0.00626140039734944,"bolA family member 2B","gonad"
"LOC115107282",313.573402595412,1.31026639090246,0.329404093456974,3.15912304517739e-06,0.00153069213597835,"small integral membrane protein 8-like","gonad"
"cenpw",56.35852609515,1.3058263899339,0.491529876870887,0.000271700330441471,0.00983086450878456,"centromere protein W","gonad"
"efcab10",39.7071216023837,1.30134369314643,0.359467336462169,1.24334818295548e-05,0.00218255135740007,"EF-hand calcium binding domain 10, transcript variant X1","gonad"
"pigbos1",111.950728225627,1.27664147339045,0.35101130095073,1.18066298719239e-05,0.00218255135740007,"PIGB opposite strand 1","gonad"
"LOC115126080",885.627957257588,1.27056719107754,0.370288892666615,2.68317980213812e-05,0.0031985122762421,"glutathione S-transferase A-like","gonad"
"LOC115128326",113.453263757364,1.26893335053431,0.382114486717611,3.58883011765475e-05,0.00372335997806512,"C-type lectin domain family 4 member D-like, transcript variant X5","gonad"
"LOC115129502",12.8717526368965,1.26777115598243,0.444044233132983,0.000158065870336924,0.00749762792646944,"secreted frizzled-related protein 3-like","gonad"
"LOC115115989",66.8154238252447,1.24180811921463,0.53472217309974,0.000639258988888627,0.0158254715328892,"extracellular serine/threonine protein kinase FAM20C-like","gonad"
"LOC115105616",137.039613066838,1.24141138531355,0.386806568872399,5.42079850978674e-05,0.00443333413259856,"PLAC8-like protein 1","gonad"
"srp9",255.369570837301,1.23412654203549,0.290916056368845,1.00363796602369e-06,0.000792263083092442,"signal recognition particle 9","gonad"
"LOC115108468",155.17895953044,1.2301970357223,0.352282157062373,1.99539684162568e-05,0.00264336382547859,"dolichyl-diphosphooligosaccharide--protein glycosyltransferase subunit DAD1-like","gonad"
"LOC115130780",189.171693993668,1.22624403835042,0.254914333040008,7.26060133758488e-08,0.000164779347356489,"caltractin-like","gonad"
"LOC115109525",571.104595396265,1.21939997544364,0.259844551835906,1.31579094271489e-07,0.000265438892843683,"calcium and integrin-binding protein 1-like","gonad"
"LOC115142018",210.238041483908,1.21496793790831,0.330177205746208,1.03510795188394e-05,0.00218255135740007,"mitochondrial import receptor subunit TOM6 homolog","gonad"
"cby1",76.9834525641943,1.20573312485651,0.340991045031832,1.74153654380108e-05,0.00252701981890167,"chibby family member 1, beta catenin antagonist","gonad"
"LOC115122634",205.07395412173,1.20545511648109,0.31633578985995,6.1786731728041e-06,0.0018673823657563,"tyrosine-protein kinase HCK-like","gonad"
"LOC115101414",581.385694472651,1.20423432191584,0.304437624974488,3.599070175165e-06,0.00153069213597835,"eukaryotic translation initiation factor 1A, X-chromosomal-like, transcript variant X1","gonad"
"LOC115145189",34.197895350337,1.20411445586084,0.183161362856132,0.000146218261995494,0.00737411634382322,"growth arrest and DNA damage-inducible protein GADD45 alpha-like","gonad"
"mrpl55",147.945821900911,1.20156885748793,0.326076895790075,1.01117558591814e-05,0.00218255135740007,"mitochondrial ribosomal protein L55","gonad"
"snapc5",110.800055554932,1.19484055446115,0.263004560477867,2.78023101578154e-07,0.000336519162150198,"small nuclear RNA activating complex polypeptide 5, transcript variant X2","gonad"
"LOC115135462",429.825015563902,1.19291400530394,0.344095888098594,2.32618404392772e-05,0.00291270327596908,"NADH dehydrogenase [ubiquinone] 1 alpha subcomplex subunit 2-like","gonad"
"LOC115141228",215.630706115407,1.18835034465741,0.323343913617707,1.06694235773446e-05,0.00218255135740007,"PLAC8-like protein 1","gonad"
"LOC115136646",58.0516347191519,1.18216677719736,0.273098094711188,6.95169652656991e-07,0.000616922529311954,"dehydrogenase/reductase SDR family member 13-like","gonad"
"timm8a",54.7514799742038,1.17607466299081,0.315366972244373,8.55839695362651e-06,0.00218255135740007,"translocase of inner mitochondrial membrane 8A","gonad"
"LOC115134679",363.180930212749,1.17499085876686,0.323770860426413,1.25808269068873e-05,0.00218255135740007,"small nuclear ribonucleoprotein F-like","gonad"
"LOC115119891",45.2987764668706,1.16914358818087,0.395061469304804,0.000117551244108357,0.00652679017746586,"allograft inflammatory factor 1-like","gonad"
"LOC115139187",916.68873194104,1.1674143910102,0.287956363263104,2.6524513564741e-06,0.00140732001970648,"splicing factor 3B subunit 6","gonad"
"LOC115125102",619.785299983689,1.16617583303854,0.328677245513722,1.85114362146905e-05,0.00252701981890167,"translation machinery-associated protein 7","gonad"
"LOC115136182",264.240988860473,1.16457168473334,0.326672619765845,1.67433249964922e-05,0.00252269191143423,"CDKN2AIP N-terminal-like protein","gonad"
"LOC115113332",1219.49072922631,1.16161806617928,0.292733161274785,3.41157336900228e-06,0.00153069213597835,"calmodulin","gonad"
"LOC115110561",54.1719802965229,1.16043165386679,0.301058386086122,5.17056108228531e-06,0.00177141334913045,"tissue factor pathway inhibitor-like, transcript variant X2","gonad"
"LOC115135550",460.628492050863,1.15857509792136,0.274352209386682,1.15091840350094e-06,0.000870669772248459,"eukaryotic translation initiation factor 1A, X-chromosomal-like","gonad"
"LOC115124540",831.267299174987,1.15529364912592,0.29577611435988,4.85566312485451e-06,0.00172871696890229,"crustapain-like","gonad"
"llph",577.797538583747,1.15463745491643,0.316703873297881,1.28241524441152e-05,0.00218255135740007,"LLP homolog, long-term synaptic facilitation factor","gonad"
"LOC115104627",117.763089018725,1.15443835696776,0.299848515556989,5.32152614562085e-06,0.0017770213641824,"CDKN2AIP N-terminal-like protein","gonad"
"LOC115136856",939.139088114762,1.15221511764173,0.43167667541459,0.000283901251925421,0.0100758496288854,"high affinity immunoglobulin gamma Fc receptor I-like","gonad"
"LOC115144342",85.4102136511582,1.15015977210659,0.298859594269589,5.45846320731624e-06,0.0017770213641824,"zinc finger and BTB domain-containing protein 18-like, transcript variant X3","gonad"
"LOC115140478",133.177965753821,1.14603432615988,0.299677263410135,6.11792911116861e-06,0.0018673823657563,"signal recognition particle 9 kDa protein-like","gonad"
"gtf2h5",313.391136867418,1.14169907938529,0.321884567814301,1.71846650280204e-05,0.00252701981890167,"general transcription factor IIH subunit 5","gonad"
"LOC115134326",316.57611167799,1.1409466639663,0.301738752457113,7.55940986761016e-06,0.00203520483124677,"heat shock factor-binding protein 1-like","gonad"
"LOC115136251",39.1490833100559,1.1394974768825,0.314615346090794,1.24060775242603e-05,0.00218255135740007,"pterin-4-alpha-carbinolamine dehydratase 2-like","gonad"
"LOC115129731",140.303859532969,1.13274382914897,0.35358161232116,5.63066550123278e-05,0.0044941026365217,"acyl-CoA-binding protein-like","gonad"
"LOC115127689",305.905176202937,1.13247092218945,0.302329413516158,8.55337776049718e-06,0.00218255135740007,"DNA-directed RNA polymerases I, II, and III subunit RPABC4","gonad"
"LOC115120705",88.9813406400006,1.12948802157562,0.30616892148431,9.94327117175658e-06,0.00218255135740007,"rho GTPase-activating protein gacJ-like","gonad"
"ccdc189",65.1572357481033,1.12854055382115,0.468222942710931,0.000537791551285626,0.0141920689028224,"coiled-coil domain containing 189, transcript variant X4","gonad"
"LOC115129809",12.4538997634804,1.12221050513971,0.375360229583154,0.000114030648019803,0.00648615570193903,"uncharacterized LOC115129809, transcript variant X3","gonad"
"tmem107",24.4182681983267,1.11537572930054,0.472964428471701,0.000617735961595463,0.0155462162527157,"transmembrane protein 107, transcript variant X2","gonad"
"LOC115101778",1657.99673609753,1.11396015158151,0.28753414013447,5.48100883422638e-06,0.0017770213641824,"protein transport protein Sec61 subunit gamma-like","gonad"
"LOC115113961",1189.97716830361,1.11341722066222,0.295795615348114,7.83795532729851e-06,0.00206240459307872,"protein transport protein Sec61 subunit gamma-like, transcript variant X1","gonad"
"LOC115105703",63.6306973269115,1.11313140623208,0.378281345639709,0.000128737544546295,0.00695642517494802,"uncharacterized LOC115105703, transcript variant X3","gonad"
"LOC115112262",75.4604258055194,1.10994571003977,0.302949032661462,1.15397653935476e-05,0.00218255135740007,"uncharacterized LOC115112262, transcript variant X2","gonad"
"LOC115129313",4349.79303025042,1.1033961117584,0.339643606581975,5.66837135802748e-05,0.0044941026365217,"C-X-C motif chemokine 14-like","gonad"
"znf593",289.310636755417,1.10163040567215,0.302813354108629,1.28292181273466e-05,0.00218255135740007,"zinc finger protein 593","gonad"
"LOC115129520",302.433754992331,1.09454111614249,0.264660046128969,1.80371186034166e-06,0.00108049073580337,"caltractin","gonad"
"LOC115132445",107.888099525833,1.08737907352392,0.307754096693139,1.77989588497691e-05,0.00252701981890167,"prefoldin subunit 4-like","gonad"
"cmc4",36.1079085309169,1.08690079396048,0.35875172930366,9.89914343738228e-05,0.00603116940433264,"C-X9-C motif containing 4","gonad"
"LOC115124886",70.4901681298274,1.08455082742604,0.641982979849371,0.00228009837599266,0.0333044779682404,"carbonic anhydrase 4-like","gonad"
"LOC115133109",48.6032352964014,1.07829348496047,0.378739678215349,0.000173428652318929,0.00780877889675854,"secretin receptor-like","gonad"
"LOC115135308",18.7749812143968,1.07483160792273,0.567925442382347,0.0016192797172394,0.0270748433531157,"proto-oncogene tyrosine-protein kinase receptor Ret-like, transcript variant X1","gonad"
"LOC115133149",429.835363050627,1.07278618538501,0.293848140981411,1.20629353896842e-05,0.00218255135740007,"NADH dehydrogenase [ubiquinone] 1 alpha subcomplex subunit 5-like","gonad"
"LOC115142205",54.8970645872301,1.07261948958029,0.857997589960965,0.00379796712075995,0.0451787608716125,"glutamine amidotransferase-like class 1 domain-containing protein 3A, mitochondrial, transcript variant X1","gonad"
"LOC115142640",215.724873844864,1.06919157020906,0.274369814566453,4.60952209172393e-06,0.00171847581871482,"protein dpy-30 homolog, transcript variant X1","gonad"
"mrpl33",175.780073275888,1.06805975170628,0.27509195555423,4.85594654186037e-06,0.00172871696890229,"mitochondrial ribosomal protein L33","gonad"
"LOC115115971",36.1221945064996,1.05924811849302,0.270458586819852,4.20803475001308e-06,0.00162555487066463,"homeobox protein Hox-A10-like","gonad"
"LOC115101638",1333.80473976525,1.05730939588116,0.293136569821179,1.46996213192675e-05,0.00238108734315331,"ATP synthase subunit epsilon, mitochondrial-like","gonad"
"LOC115109493",151.043422246838,1.05244438930033,0.282158175930096,8.88031057750741e-06,0.00218255135740007,"dynein light chain roadblock-type 2","gonad"
"ass1",63.0771968906027,1.0446826970331,0.386531391899771,0.000262948983444358,0.00962391618763769,"argininosuccinate synthase 1","gonad"
"LOC115105695",34.0992085190658,1.0433921846088,0.388788729861943,0.000284139403502385,0.0100758496288854,"ATP-sensitive inward rectifier potassium channel 15-like, transcript variant X2","gonad"
"LOC115105959",36.4313086552328,1.04278621282379,0.339125367556923,8.74152318770664e-05,0.0055688103507369,"C3a anaphylatoxin chemotactic receptor","gonad"
"LOC115143251",72.4602369441099,1.04193153811552,0.289603822701699,1.48195015298702e-05,0.00238108734315331,"mRNA turnover protein 4 homolog","gonad"
"LOC115142983",358.598657553992,1.04130481003374,0.292861633356397,1.83282762863933e-05,0.00252701981890167,"ubiquinol-cytochrome-c reductase complex assembly factor 2","gonad"
"LOC115101109",199.225064946527,1.04118392826951,0.408687635716111,0.000405942965985316,0.0122024842556778,"electrogenic sodium bicarbonate cotransporter 1-like, transcript variant X5","gonad"
"LOC115139738",46.2791963745591,1.04114974985201,0.285214352654865,1.19057827922829e-05,0.00218255135740007,"prefoldin subunit 5-like, transcript variant X2","gonad"
"acss1",118.057036418834,1.04103362699275,0.303308000753694,2.7051992657475e-05,0.0031985122762421,"acyl-CoA synthetase short chain family member 1, transcript variant X1","gonad"
"LOC115137310",598.761957507537,1.03866686036314,0.36487065830123,0.000182287947828211,0.00805260335953528,"endonuclease domain-containing 1 protein-like","gonad"
"LOC115110163",252.736596014499,1.03840617276391,0.300895963058911,2.53812559018696e-05,0.00310508618751008,"coatomer subunit zeta-1-like, transcript variant X1","gonad"
"LOC115120139",12.8001076404656,1.03341182236164,0.375061291411655,0.000237499521545591,0.00911320380088197,"myomegalin-like","gonad"
"LOC115131938",675.952329427201,1.03159259552196,0.35317744481824,0.000148963530958717,0.00740681895158368,"ATP synthase subunit epsilon, mitochondrial-like","gonad"
"gng10",215.249240371972,1.0290387349651,0.305043880551073,3.33141258733754e-05,0.00353926596456607,"G protein subunit gamma 10","gonad"
"mns1",19.5296683017025,1.02886117495198,0.594342470344918,0.00220138271519981,0.0326005746958954,"meiosis specific nuclear structural 1","gonad"
"LOC115126357",155.389959575037,1.02811934573108,0.205969580032795,3.14451895105445e-08,0.0001496092066979,"tumor necrosis factor receptor superfamily member 14-like, transcript variant X2","gonad"
"bbip1",528.715382570964,1.02789221641528,0.291400003165691,1.94223286827546e-05,0.00259288087914775,"BBSome interacting protein 1","gonad"
"LOC115103239",700.852707337494,1.02772908088661,0.347567819689393,0.000134925107123909,0.00712122164227235,"ubiquitin-60S ribosomal protein L40-like","gonad"
"LOC115146137",157.610157598868,1.02207412278001,0.25814070129472,3.62523473491238e-06,0.00153069213597835,"tumor necrosis factor alpha-induced protein 2-like","gonad"
"LOC115105627",455.114912540158,1.02017976921588,0.339625516815349,0.00011669798631024,0.00651928812138066,"asialoglycoprotein receptor 1-like","gonad"
"ciao2a",444.130205442237,1.01947610665393,0.306994741361939,4.13267445250275e-05,0.00389177933144043,"cytosolic iron-sulfur assembly component 2A","gonad"
"LOC115103048",14.5008597560186,1.01640989924875,0.355542807748622,0.000170990417804006,0.0077745692979093,"protein N-lysine methyltransferase FAM173B-like","gonad"
"LOC115128699",125.997423544519,1.01593551479542,0.28921423905056,2.00916615948472e-05,0.00264336382547859,"chromatin accessibility complex protein 1-like","gonad"
"LOC115111377",163.286523284183,1.01378854640729,0.33860967942833,0.000117218034671096,0.00652679017746586,"uncharacterized protein C9orf85 homolog","gonad"
"arl2bp",114.266847762055,1.01064223630629,0.271502984448255,9.66698400491457e-06,0.00218255135740007,"ADP ribosylation factor like GTPase 2 binding protein","gonad"
"LOC115129910",208.942561842984,1.01021708659939,0.307128270198351,4.50270807846459e-05,0.0040470875184457,"mitochondrial import receptor subunit TOM5 homolog","gonad"
"LOC115112239",22.9234760724145,1.00904302071933,0.849957943809157,0.00415751447111959,0.0473847035390128,"glycine cleavage system H protein, mitochondrial-like","gonad"
"LOC115119078",200.613835179337,1.00899352841958,0.380158387674767,0.000311607039025524,0.010570544812063,"cytochrome b-245 heavy chain, transcript variant X1","gonad"
"LOC115116028",222.039627323974,1.00823526200737,0.292545005913474,2.71299234710995e-05,0.0031985122762421,"putative protein PTGES3L","gonad"
"LOC115105604",70.9437804320057,1.00736623089092,0.333648960402721,0.000108118707233424,0.00626140039734944,"ribonuclease kappa-B","gonad"
"LOC115138589",28.518206484577,1.00736079748506,0.438900085348515,0.000758168755293561,0.0175728330653349,"tumor necrosis factor alpha-induced protein 2-like, transcript variant X1","gonad"
"LOC115132180",68.5997587092106,1.00314455582828,0.311248052063206,5.79247921691877e-05,0.00455273821049252,"tyrosine-protein phosphatase non-receptor type 18-like, transcript variant X1","gonad"
"LOC115143105",56.7753724889643,0.997416557680285,0.367868502731485,0.000265602089976545,0.0096638708328941,"uncharacterized LOC115143105, transcript variant X2","gonad"
"LOC115131493",346.586412676585,0.993341061694204,0.31126186569592,6.31563127049127e-05,0.00474234325361969,"nuclear transport factor 2-like","gonad"
"LOC115139447",24.5584384827779,0.992280246142623,0.34478956533805,0.000156917029006405,0.00749762792646944,"gap junction alpha-1 protein-like","gonad"
"lg7h1orf109",74.634095845225,0.991491205047094,0.310216627316035,6.3471547181625e-05,0.00474234325361969,"linkage group 7 C1orf109 homolog, transcript variant X1","gonad"
"prr19",20.894352703404,0.990307136695384,0.357101798651113,0.00022533617831375,0.00900207897992799,"proline rich 19, transcript variant X1","gonad"
"ndufa1",1160.96794406506,0.989966891844974,0.303481339566314,5.12671091999951e-05,0.00434955904035098,"NADH:ubiquinone oxidoreductase subunit A1","gonad"
"LOC115128574",148.025601274155,0.985082508935189,0.29455045123319,3.80932359775117e-05,0.00381424428457894,"replication protein A 14 kDa subunit-like","gonad"
"LOC115142762",120.774415087468,0.984816810642514,0.226694076508374,7.13558774815544e-07,0.000616922529311954,"transmembrane protein 128-like","gonad"
"LOC115140355",30.2625596884937,0.984188502697582,0.534010091057061,0.00187556110480291,0.0298707784375453,"electroneutral sodium bicarbonate exchanger 1-like, transcript variant X1","gonad"
"LOC115112160",179.874321643501,0.98312946822444,0.283981227428032,2.5802215011003e-05,0.00312310010493181,"trafficking protein particle complex subunit 2-like protein","gonad"
"LOC115106174",26.4073464231263,0.982514542168963,0.406727834741914,0.000580372839148529,0.0148203224579194,"DPY30 domain-containing protein 1-like, transcript variant X1","gonad"
"cenpv",154.324390609135,0.982404452679613,0.291032728300131,3.42927190413128e-05,0.00357826785582802,"centromere protein V, transcript variant X1","gonad"
"LOC115122568",79.6503269815575,0.982179816207388,0.279605952018814,2.04999908886301e-05,0.00267768226312207,"DNA-directed RNA polymerase II subunit RPB7","gonad"
"pigx",248.311888909842,0.979595341366246,0.25090272290061,4.63787811836451e-06,0.00171847581871482,"phosphatidylinositol glycan anchor biosynthesis class X, transcript variant X3","gonad"
"LOC115138318",18.1247394338162,0.979380562361486,0.285276794234647,2.67302334756356e-05,0.0031985122762421,"transcription factor SOX-11-like","gonad"
"LOC115121172",172.696300924745,0.97905885655276,0.296305101964135,4.37996076072387e-05,0.00396429805105747,"high affinity copper uptake protein 1-like, transcript variant X1","gonad"
"LOC115135115",190.5871940006,0.978510147506487,0.308864043949304,7.09485523498336e-05,0.00500105264007145,"polymeric immunoglobulin receptor-like, transcript variant X1","gonad"
"LOC115135730",2496.02933198886,0.975864875142508,0.313479137726873,8.67090965876869e-05,0.00556286345457966,"60S ribosomal protein L36a","gonad"
"dnaaf4",100.197190006162,0.974768309204944,0.32580277555931,0.00011903153589827,0.00655431940475721,"dynein axonemal assembly factor 4","gonad"
"imp3",142.321982374762,0.97436326794824,0.264402606063968,1.10133941711036e-05,0.00218255135740007,"IMP U3 small nucleolar ribonucleoprotein 3, transcript variant X2","gonad"
"LOC115125278",34.7860650505235,0.970466201492695,0.326575127351328,0.000127535713008024,0.00693274971668765,"TP53-regulated inhibitor of apoptosis 1-B-like","gonad"
"ttc32",134.295570550287,0.969873494300749,0.260021168645511,9.6313788295722e-06,0.00218255135740007,"tetratricopeptide repeat domain 32","gonad"
"mak",12.781621373658,0.969502218549113,0.515981871581442,0.00177470151170748,0.0287691791487153,"male germ cell associated kinase, transcript variant X4","gonad"
"tfec",29.1188210406686,0.968332035505484,0.333933510219716,0.000160639858085295,0.00749762792646944,"transcription factor EC, transcript variant X3","gonad"
"LOC115132544",337.65563439094,0.966192962649777,0.303797011803227,7.01957670071622e-05,0.00499793861090995,"ragulator complex protein LAMTOR5-like","gonad"
"LOC115143646",693.036962775241,0.965580597203808,0.301768125822816,6.48345162247543e-05,0.00476269422492933,"cytochrome c oxidase subunit 6C-1","gonad"
"LOC115145480",743.546101598736,0.964005477055954,0.325073334361401,0.000131456667608905,0.00704049338379731,"dolichyl-diphosphooligosaccharide--protein glycosyltransferase subunit DAD1-like","gonad"
"LOC115105669",82.6267981239991,0.960703804807844,0.54333207321197,0.00215039667128865,0.0320021327573088,"ependymin-2","gonad"
"LOC115129029",377.8213181404,0.959440290183952,0.346570567447806,0.000236979850225937,0.00911320380088197,"thioredoxin-like protein 4A","gonad"
"lg12h20orf27",13.0189143736484,0.958979438718735,0.495594423366936,0.00158728453025663,0.026684016603092,"linkage group 12 C20orf27 homolog, transcript variant X1","gonad"
"mrpl21",103.683341645149,0.958586021143745,0.322902804426827,0.000128277019810786,0.00695223155726755,"mitochondrial ribosomal protein L21, transcript variant X1","gonad"
"LOC115143064",128.344647447572,0.956070418004362,0.342770325831255,0.000219273000946581,0.00884693467819137,"HIG1 domain family member 1A, mitochondrial-like, transcript variant X1","gonad"
"LOC115133295",561.242847617173,0.952530638242968,0.268015229086324,1.84251518953389e-05,0.00252701981890167,"oligosaccharyltransferase complex subunit ostc, transcript variant X2","gonad"
"LOC115110416",438.884600028338,0.952501658820062,0.298578205407233,6.50555280779067e-05,0.00476269422492933,"MOB-like protein phocein, transcript variant X4","gonad"
"LOC115133049",128.935026962266,0.950541591121868,0.263476585729594,1.553413679642e-05,0.00240093482705924,"V-type proton ATPase subunit E 1-like","gonad"
"LOC115113577",354.090024688644,0.950222526337917,0.266410188953499,1.76936343700268e-05,0.00252701981890167,"trafficking protein particle complex subunit 2-like protein","gonad"
"LOC115106514",63.2568459497554,0.949714361773806,0.336288774609533,0.000200665888644906,0.00839467712957814,"transmembrane protein 180-like, transcript variant X2","gonad"
"LOC115145291",43.4568959390159,0.949292798991963,0.288854254982684,4.6881323993856e-05,0.00409219864630985,"retinal rod rhodopsin-sensitive cGMP 3',5'-cyclic phosphodiesterase subunit delta-like","gonad"
"LOC115146361",1348.57032164599,0.949216736605645,0.299681790640425,7.27401657087893e-05,0.00502156064109801,"cytochrome c oxidase subunit 7A2, mitochondrial-like","gonad"
"LOC115109380",296.704228723269,0.948273016895237,0.266759403057182,1.84075879409649e-05,0.00252701981890167,"cytochrome c","gonad"
"lg3h2orf76",326.834014917366,0.945132222712325,0.26966152336829,2.31984195161034e-05,0.00291270327596908,"linkage group 3 C2orf76 homolog","gonad"
"LOC115141466",23.9290478884367,0.945018605139016,0.301566916830978,7.50012584371246e-05,0.0051580410916077,"transmembrane protein 120A-like","gonad"
"LOC115145844",156.920731128396,0.944749141312996,0.418364903658588,0.000857460253110093,0.0188842932959581,"small nuclear ribonucleoprotein E","gonad"
"LOC115118436",46.5980159508636,0.944287789676815,0.338608507802418,0.000220673028224247,0.00888367960186127,"proline-serine-threonine phosphatase-interacting protein 2-like, transcript variant X2","gonad"
"LOC115108243",350.062766544679,0.943779585876979,0.333406770450604,0.000197640719984817,0.00835761048150494,"40S ribosomal protein S27-like, transcript variant X1","gonad"
"LOC115113672",804.378113531563,0.942676422583491,0.271568618694198,2.54823662667439e-05,0.00310508618751008,"probable ribosome biogenesis protein RLP24","gonad"
"LOC115103618",82.3228795992978,0.939988929830983,0.309332599723384,0.000104645244236651,0.0061887265614353,"proteasome assembly chaperone 3-like, transcript variant X1","gonad"
"LOC115111612",15.5134198066744,0.939035340865335,0.377816894986788,0.000500398699526048,0.0135920554227591,"dual specificity protein phosphatase 18-like","gonad"
"LOC115136181",549.125570763375,0.934347423446774,0.274278354697769,3.15877337429634e-05,0.00345486080624845,"ubiquitin-conjugating enzyme E2 B-like","gonad"
"LOC115126445",266.902823306166,0.931779822444966,0.772146637392691,0.00433961139878837,0.0486057893623699,"protein S100-A1-like","gonad"
"LOC115105844",23.1013430586346,0.930225462480891,0.411096009088584,0.000849722544781997,0.0188141006378804,"calcineurin B homologous protein 3-like, transcript variant X1","gonad"
"LOC115117293",462.623860927643,0.92881109847353,0.279407654037255,4.21036984882677e-05,0.00389177933144043,"ATP synthase membrane subunit DAPIT, mitochondrial-like","gonad"
"LOC115129714",30.4644403326424,0.928606823166911,0.327378178509399,0.00019558753961728,0.00835761048150494,"DPH3 homolog","gonad"
"LOC115103223",3351.94967700281,0.927684045597094,0.289752030739441,6.9528072595608e-05,0.00498953235591249,"stress-associated endoplasmic reticulum protein 1","gonad"
"LOC115131149",106.225673113687,0.927097694030977,0.296495748098179,8.13621128777805e-05,0.00537167462330539,"mitochondrial import receptor subunit TOM5 homolog","gonad"
"pfdn1",229.523735973216,0.926166098932267,0.315414919752301,0.000147027435363737,0.00737411634382322,"prefoldin subunit 1","gonad"
"exosc6",96.0249829868731,0.924709531155803,0.338291401632143,0.000263180534550052,0.00962391618763769,"exosome component 6","gonad"
"LOC115114264",297.103395471901,0.923830115684496,0.269527707459961,2.94120188809886e-05,0.00337977604305841,"stress-associated endoplasmic reticulum protein 1-like","gonad"
"gpr18",36.2002217270093,0.922865243628067,0.311900124980107,0.000137808672838215,0.00716920992564652,"G protein-coupled receptor 18, transcript variant X5","gonad"
"ttll6",18.9313879048368,0.922711313608114,0.503918255191682,0.00201617209949478,0.0310480242904387,"tubulin tyrosine ligase like 6, transcript variant X2","gonad"
"LOC115101417",905.183103489148,0.922090195085368,0.269341411959881,3.04091395840364e-05,0.00345067711429853,"diamine acetyltransferase 1-like","gonad"
"LOC115106253",658.226534160732,0.920002504027812,0.320090421098891,0.000190501320938941,0.00822283478254195,"NADH dehydrogenase [ubiquinone] 1 alpha subcomplex subunit 5-like","gonad"
"rps27a",5800.73259977613,0.919921821289086,0.344489333578469,0.000358160853840379,0.0112886959530912,"ribosomal protein S27a","gonad"
"LOC115111039",17.7187151672025,0.919464808992594,0.561967699996941,0.00276353250744664,0.037491005888381,"E3 ubiquitin-protein ligase NEURL3-like","gonad"
"LOC115109873",111.568056269915,0.919075006850381,0.291599485724408,7.65900543577645e-05,0.00523103388146368,"proteasome assembly chaperone 3-like, transcript variant X1","gonad"
"LOC115115131",53.1990835009709,0.918339268889384,0.370978222815476,0.000517588152900364,0.0137607901637429,"SLAM family member 8-like","gonad"
"LOC115113374",515.48479291587,0.915643544358691,0.346712081832506,0.000365885015699926,0.0114534626638756,"serum amyloid P-component-like","gonad"
"LOC115146146",306.414957259686,0.915090168524682,0.276692988291968,4.5577978656374e-05,0.00405644010041728,"apoptogenic protein 1, mitochondrial","gonad"
"LOC115136026",15.5028522119068,0.914588198394681,0.438693515174827,0.00123656195108144,0.0233136228284887,"cytotoxic and regulatory T-cell molecule-like, transcript variant X2","gonad"
"LOC115143241",578.439889369386,0.914134418053728,0.265596102767936,2.82743789890073e-05,0.00329070272387447,"small nuclear ribonucleoprotein E","gonad"
"ina",20.0007873524379,0.911475574825696,0.342468142131434,0.000324751229731901,0.0107988705622938,"internexin neuronal intermediate filament protein alpha","gonad"
"LOC115139938",561.189997456658,0.910515313794967,0.290102105131299,8.59929199849791e-05,0.00555618311475901,"cytochrome c oxidase subunit 6A, mitochondrial-like","gonad"
"uxt",102.388888522875,0.909845682338536,0.31997903883881,0.000191387848279523,0.0082342127330877,"ubiquitously expressed prefoldin like chaperone, transcript variant X2","gonad"
"LOC115128226",15.4070802549174,0.909075246034036,0.474412435796877,0.00173084718088701,0.0284119823328264,"probable C-mannosyltransferase DPY19L1","gonad"
"lrrc6",20.6802871271686,0.908661198389164,0.492859846326709,0.00200242495761571,0.0309413000259327,"leucine rich repeat containing 6, transcript variant X1","gonad"
"LOC115109022",112.503271291042,0.908338881716283,0.293491704137615,8.97670113706557e-05,0.00565365835440342,"tctex1 domain-containing protein 2-like, transcript variant X1","gonad"
"LOC115142376",56.3056882321742,0.907702624001475,0.307631956833167,0.00014192218890558,0.007278924468276,"uncharacterized LOC115142376","gonad"
"LOC115145049",214.748088335979,0.907306395230046,0.311238983864461,0.00015936460593043,0.00749762792646944,"polymeric immunoglobulin receptor-like, transcript variant X3","gonad"
"LOC115144590",16.7749586364682,0.906230249717958,0.554526822853261,0.00279953596604214,0.037751012470156,"forkhead box protein J1-B-like","gonad"
"LOC115140607",61.8289729894474,0.905424383360064,0.401569845851781,0.000900372108172959,0.0194146745795585,"gamma-glutamyl hydrolase-like","gonad"
"LOC115104665",323.799248456907,0.905337351343225,0.247461237030573,1.28625796013333e-05,0.00218255135740007,"nucleolar protein 16-like","gonad"
"LOC115101480",500.832713433224,0.904681938715044,0.289517534644392,8.2951491076058e-05,0.00543559250950058,"NADH dehydrogenase [ubiquinone] 1 alpha subcomplex subunit 2-like","gonad"
"LOC115115324",24.3866452350432,0.904418416493498,0.487118368665336,0.00190479597754677,0.0301406484722434,"cyclin-dependent kinase 4 inhibitor B-like","gonad"
"LOC115134015",91.9554716324303,0.903372279290198,0.271167203019956,4.1403948961858e-05,0.00389177933144043,"dnaJ homolog subfamily C member 24-like","gonad"
"ccdc25",470.366590455364,0.902924016990567,0.299939320806388,0.000119130061884219,0.00655431940475721,"coiled-coil domain containing 25, transcript variant X1","gonad"
"LOC115125896",199.1920922153,0.900922293204286,0.275648469702938,5.26341242282837e-05,0.00436590695038226,"glucosamine-6-phosphate isomerase 1-like, transcript variant X2","gonad"
"LOC115108107",228.43528273821,0.898537303481348,0.280662829259388,6.45537403338757e-05,0.00476269422492933,"cytochrome b-c1 complex subunit 6, mitochondrial-like","gonad"
"LOC115124647",2096.29849818565,0.897877454661143,0.322903135925665,0.000239518519263728,0.00913592066334505,"myelin P2 protein-like","gonad"
"thoc7",596.57739589886,0.897299826605727,0.27471478563265,5.24503816945583e-05,0.00436590695038226,"THO complex 7, transcript variant X2","gonad"
"LOC115102262",27.0270096829232,0.89453226815487,0.365049517822578,0.000559219109580074,0.0144384723578429,"E3 ubiquitin-protein ligase TRIM16-like, transcript variant X1","gonad"
"LOC115138026",587.082725216968,0.894246704153785,0.24729486789495,1.53212187581383e-05,0.00239803489459276,"actin-related protein 2/3 complex subunit 4-like","gonad"
"LOC115134774",24.077142047379,0.892002024119365,0.345731110403727,0.000417291407251744,0.0124202340820699,"C-C motif chemokine 4-like","gonad"
"nfkb2",45.8340305079154,0.891448122636365,0.376137333297746,0.000686724382139515,0.0166020877258656,"nuclear factor kappa B subunit 2","gonad"
"LOC115142386",571.573210925323,0.891442803675127,0.294273534264444,0.00011553705195946,0.00649439849961595,"ATP synthase membrane subunit DAPIT, mitochondrial-like","gonad"
"LOC115101650",180.939963971457,0.891320336771785,0.305033617906468,0.000155695426494902,0.00749762792646944,"MICOS complex subunit MIC10-like","gonad"
"dtd2",85.286580506814,0.889369398581432,0.313346726562634,0.000198502447018456,0.00835761048150494,"D-aminoacyl-tRNA deacylase 2","gonad"
"LOC115135272",35.9166595436267,0.889219076884545,0.410774279127025,0.00110382249061044,0.0216893951726441,"B-cell linker protein-like, transcript variant X1","gonad"
"ndufb1",819.01030556725,0.888691023428302,0.264219754963499,3.98167503517488e-05,0.00389177933144043,"NADH:ubiquinone oxidoreductase subunit B1","gonad"
"LOC115132723",22.2376196972471,0.886645289831108,0.644997054438312,0.00383108439161989,0.0453141161004891,"type-4 ice-structuring protein-like","gonad"
"lg22h18orf32",580.120509758476,0.886187799661007,0.277135374494802,6.63663086269115e-05,0.00483914337120564,"linkage group 22 C18orf32 homolog","gonad"
"LOC115104711",340.613767314877,0.884769796765688,0.275740440036574,6.44504446456516e-05,0.00476269422492933,"vacuolar ATPase assembly integral membrane protein vma21-like","gonad"
"LOC115110500",493.185116186721,0.882384175540095,0.299513112667858,0.000158303648965041,0.00749762792646944,"NADH dehydrogenase [ubiquinone] 1 alpha subcomplex subunit 6-like","gonad"
"LOC115131425",99.5228037885293,0.879344094868082,0.322587626623729,0.000274733724848954,0.0098969553737254,"uncharacterized protein KIAA0895-like, transcript variant X1","gonad"
"lg15h1orf159",50.3054945097076,0.879146259158766,0.403504815647859,0.00106901818905393,0.0214940135553301,"linkage group 15 C1orf159 homolog","gonad"
"LOC115112294",1112.34752492582,0.879010345864212,0.262146188080642,4.16026113497672e-05,0.00389177933144043,"probable ribosome biogenesis protein RLP24","gonad"
"ss18l2",197.731180610029,0.878971004451239,0.339262915870094,0.0004023970833604,0.0121453954476521,"SS18 like 2","gonad"
"LOC115129028",41.7707333088827,0.878442916414216,0.370787179763594,0.000691190038831461,0.0166878275864681,"nuclear transport factor 2-like","gonad"
"LOC115101941",921.906082387709,0.876420250225239,0.270828487227809,5.99272479751886e-05,0.00461033522982002,"small nuclear ribonucleoprotein G-like","gonad"
"LOC115128402",99.3133968726009,0.876060982714473,0.288114398781022,0.000153147932986446,0.00748838391380655,"uncharacterized LOC115128402","gonad"
"LOC115114431",33.6819705291592,0.87586015430448,0.23434364479475,9.49300815725845e-06,0.00218255135740007,"tyrosine-protein kinase Lyn-like","gonad"
"cep170",90.5935834022847,0.875201021650736,0.157071373640125,1.48009343071469e-09,1.75977426696539e-05,"centrosomal protein 170, transcript variant X3","gonad"
"LOC115135018",91.3066544539149,0.87300699657671,0.323376244407776,0.000297243317063973,0.0102991405813235,"prolyl-tRNA synthetase associated domain-containing protein 1-like","gonad"
"LOC115115036",20.5857660144939,0.872463519423749,0.514149732306086,0.00258128748763967,0.0360506581735276,"PHD finger protein 20-like protein 1","gonad"
"LOC115138496",96.4529968139162,0.871624206603224,0.276645190189506,7.66388528568704e-05,0.00523103388146368,"rRNA-processing protein FCF1 homolog","gonad"
"LOC115128224",2334.87127474854,0.870968369017463,0.335646359660835,0.000435640901858905,0.0127367088794691,"ATPase inhibitor A, mitochondrial-like","gonad"
"LOC115112142",40.0339733014603,0.87075211708173,0.370704659243438,0.000742972114033307,0.0174281675741456,"chemokine-like factor","gonad"
"LOC115142984",91.5246525949087,0.870354094604208,0.322629554056403,0.00029999732149589,0.010335391592181,"mitochondrial import receptor subunit TOM6 homolog","gonad"
"LOC115110483",816.991489560464,0.868550763633772,0.254444205679412,3.23543246399472e-05,0.00351751567762204,"NADH dehydrogenase [ubiquinone] 1 alpha subcomplex subunit 6-like","gonad"
"LOC115115419",329.275274038751,0.864671971464447,0.371606545019365,0.000785703364374134,0.0179497325257739,"phospholipase A and acyltransferase 2-like","gonad"
"pop4",237.789732337583,0.861043111535387,0.303101890047482,0.000203121060811437,0.00841978534267684,"POP4 homolog, ribonuclease P/MRP subunit","gonad"
"efcab2",25.7627401310724,0.860968442952415,0.36735427147332,0.000752595340134928,0.0175497902621226,"EF-hand calcium binding domain 2, transcript variant X2","gonad"
"LOC115124638",94.3105675747406,0.860281419380884,0.238131853649987,1.5604225027153e-05,0.00240093482705924,"calcineurin subunit B type 1-like","gonad"
"LOC115124646",208.696456807822,0.859957691905385,0.277512512985053,9.66935713690875e-05,0.00593097460059849,"39S ribosomal protein L53, mitochondrial-like","gonad"
"LOC115142092",179.519382565858,0.859767101267805,0.275769360994279,8.65888781747914e-05,0.00556286345457966,"transcription and mRNA export factor ENY2-2","gonad"
"LOC115137665",228.153766079901,0.859214502336925,0.274193507552271,8.71287680355163e-05,0.0055688103507369,"stress-associated endoplasmic reticulum protein 1-like","gonad"
"LOC115105848",21.3759258703154,0.858162435324372,0.329432595952466,0.000387107717456859,0.0117943146761359,"TP53-regulated inhibitor of apoptosis 1-like","gonad"
"LOC115125898",176.004079104769,0.857458377356232,0.232237320589426,1.15653779400298e-05,0.00218255135740007,"FYN-binding protein 1-like, transcript variant X1","gonad"
"rbis",208.877729703434,0.856775406177186,0.289857044679696,0.000145053956010813,0.00733593210398973,"ribosomal biogenesis factor","gonad"
"nme5",62.2972649946412,0.856448202660051,0.353141195903975,0.000615219632998526,0.0155462162527157,"NME/NM23 family member 5, transcript variant X3","gonad"
"LOC115114233",759.804126965235,0.85640596686323,0.279568130360395,0.000106433232565513,0.00625372741249015,"ubiquitin-60S ribosomal protein L40-like","gonad"
"LOC115101304",303.391409970762,0.855908008647473,0.223681623357758,7.00988768238719e-06,0.00202018286922892,"FUN14 domain-containing protein 1A-like","gonad"
"tmem126a",34.3483514424287,0.855198316625958,0.323247366269261,0.00034906929025604,0.0111579261160012,"transmembrane protein 126A","gonad"
"LOC115106787",48.3977310034625,0.855068854472161,0.41212844926989,0.00135123844005289,0.0243985094766311,"stress-associated endoplasmic reticulum protein 1-like","gonad"
"LOC115120964",1785.62843636267,0.854678091641936,0.264935987161751,6.19544116623433e-05,0.00468685124225627,"cytochrome c oxidase subunit 4 isoform 1, mitochondrial-like","gonad"
"dynlt1",36.4075967444661,0.854077977132892,0.348351715369347,0.000571571122381752,0.0146781404497356,"dynein light chain Tctex-type 1","gonad"
"LOC115105588",100.190359719508,0.85407704603418,0.263381682602912,5.7616822641754e-05,0.00454822187775516,"tail-anchored protein insertion receptor WRB-like, transcript variant X2","gonad"
"LOC115101740",397.74548988918,0.853115065061027,0.266833427765584,6.9015709141214e-05,0.00497241752050746,"succinate dehydrogenase cytochrome b560 subunit, mitochondrial-like, transcript variant X1","gonad"
"ndufb5",500.065776296252,0.85237810997712,0.31570634952825,0.00030771701127907,0.0105094538645953,"NADH:ubiquinone oxidoreductase subunit B5","gonad"
"LOC115108626",378.164499154187,0.852218990130994,0.224418781949366,7.62249000466954e-06,0.00203520483124677,"protein mago nashi homolog","gonad"
"LOC115106830",19.7378365093813,0.851810118826439,0.284907887712212,0.000134314936214737,0.00712122164227235,"ras-related protein Rab-39B-like","gonad"
"LOC115140186",840.916592549827,0.851608622047117,0.289112322308692,0.00015918788644929,0.00749762792646944,"dynein light chain 1, cytoplasmic-like","gonad"
"LOC115104866",157.428984672926,0.84907176506101,0.343203653438933,0.00055078678764162,0.0144079001861783,"transmembrane protein 14C-like, transcript variant X1","gonad"
"LOC115105136",42.8219840906459,0.848432268778634,0.384564744390107,0.00103426894443722,0.0210282048770462,"sialoadhesin-like, transcript variant X2","gonad"
"LOC115128083",8034.44216454377,0.84786192129659,0.313256424988358,0.000352071635578434,0.0111947681533486,"60S ribosomal protein L30","gonad"
"stard9",105.19841303201,0.846932012217996,0.321564884659772,0.000370291147621656,0.0114923180790065,"StAR related lipid transfer domain containing 9","gonad"
"LOC115101326",299.080177842421,0.846194835633284,0.225641638000387,9.50900930402641e-06,0.00218255135740007,"barrier-to-autointegration factor-like","gonad"
"LOC115142442",36.0072216348606,0.846110536827934,0.292837662007257,0.000178552645550405,0.00798005209167819,"phosphoinositide 3-kinase regulatory subunit 6-like, transcript variant X4","gonad"
"timm8b",40.1013385066317,0.845784864335757,0.312449339884709,0.000296603557596563,0.0102966236935434,"translocase of inner mitochondrial membrane 8 homolog B","gonad"
"lg19h9orf16",129.707452727486,0.845583584148632,0.271823718683395,8.96634742062195e-05,0.00565365835440342,"linkage group 19 C9orf16 homolog, transcript variant X3","gonad"
"LOC115111257",198.038625624796,0.845376616123067,0.325894816041619,0.000410182547970969,0.0122488064818436,"tetraspanin-36-like","gonad"
"LOC115106444",240.717390338734,0.845071768305004,0.286417075114407,0.000149311287523663,0.00740681895158368,"putative protein PTGES3L, transcript variant X2","gonad"
"LOC115103037",126.500048105714,0.841506383976078,0.252482490513865,4.28090263533756e-05,0.00392545799228226,"C-C chemokine receptor type 3-like","gonad"
"cacybp",370.824770630191,0.841498121059723,0.249646098473945,3.82160282342242e-05,0.00381424428457894,"calcyclin binding protein","gonad"
"dpm3",325.197865141163,0.839584907451654,0.25553623343359,5.1159388984336e-05,0.00434955904035098,"dolichyl-phosphate mannosyltransferase subunit 3, regulatory","gonad"
"LOC115103926",256.529449643206,0.839056971322129,0.258907572178263,5.94108915175527e-05,0.00459006019741569,"protein dpy-30 homolog, transcript variant X2","gonad"
"LOC115131424",12.3799791349076,0.838270398459856,0.401326248708151,0.00137887855609421,0.0246406683705182,"asparagine synthetase [glutamine-hydrolyzing]-like, transcript variant X1","gonad"
"LOC115112425",17201.4722329703,0.83636335429817,0.270105111805443,0.000105244017159345,0.00620392979073071,"ferritin, heavy subunit","gonad"
"hacd4",75.9747164611263,0.832380658510196,0.294611580833761,0.000214630435134112,0.00875692175347176,"3-hydroxyacyl-CoA dehydratase 4, transcript variant X2","gonad"
"LOC115102668",74.0805900175614,0.832342470973859,0.257153918299099,5.90732355227272e-05,0.00458741888474084,"prostaglandin E synthase 3-like, transcript variant X2","gonad"
"LOC115108527",78.2027287803727,0.832216121471601,0.242963069353606,3.12095112972153e-05,0.00345486080624845,"OCIA domain-containing protein 2-like","gonad"
"LOC115105069",471.736497704419,0.831829061824874,0.263564798031294,7.96397050561922e-05,0.0053188314993631,"eukaryotic translation initiation factor 1b","gonad"
"ltc4s",12.3387426721875,0.83180712919186,0.581028574276374,0.0038514951267709,0.0454608458311761,"leukotriene C4 synthase","gonad"
"LOC115145367",345.357112027141,0.831153312533272,0.259508485442944,6.80252132373001e-05,0.00492058076309331,"protein mago nashi homolog","gonad"
"LOC115129780",12.3552128660082,0.830590469769241,0.478916438635967,0.00250913269916449,0.0355349557613342,"toll-like receptor 13","gonad"
"LOC115120114",30.9567436763732,0.829672583116635,0.412563550823348,0.00158526460023287,0.0266747581851974,"C-X-C chemokine receptor type 1-like, transcript variant X2","gonad"
"mcur1",28.1340421929037,0.828976990150628,0.304397302297639,0.000284916614717564,0.010083715510355,"mitochondrial calcium uniporter regulator 1, transcript variant X1","gonad"
"LOC115125554",6328.47602545151,0.828827708490559,0.315016620775959,0.000407127805394369,0.0122128338775138,"60S ribosomal protein L30","gonad"
"LOC115139646",161.840627531238,0.827864616001121,0.214556307245156,6.27397688428808e-06,0.0018673823657563,"membrane-bound O-acyltransferase domain-containing protein 2-like, transcript variant X1","gonad"
"LOC115107585",14.9500676743334,0.82721191628759,0.281207080069053,0.000160433599586681,0.00749762792646944,"T-cell activation Rho GTPase-activating protein-like","gonad"
"LOC115144178",128.324573761773,0.82615176154623,0.249449312509609,4.67144997420447e-05,0.00409219864630985,"PHD finger-like domain-containing protein 5A","gonad"
"mak16",138.803362087125,0.825847908981495,0.279989547611423,0.000155079992927476,0.00748838391380655,"MAK16 homolog","gonad"
"LOC115136130",261.350387299924,0.825122972274533,0.302040146735791,0.000286213079240842,0.010109892347659,"small nuclear ribonucleoprotein Sm D2-like","gonad"
"LOC115118247",298.231878944694,0.824174667262592,0.25154218589056,5.60182675708898e-05,0.0044941026365217,"protein CutA homolog","gonad"
"LOC115143672",102.532597855495,0.824146439827532,0.281405528573518,0.000163867522444551,0.00758974167730425,"peptidyl-prolyl cis-trans isomerase-like 1","gonad"
"LOC115130553",358.014011953189,0.823227136084706,0.314939646154489,0.000395493855712638,0.0119876234462749,"macrophage migration inhibitory factor-like","gonad"
"LOC115133707",74.1950370755115,0.822951148526157,0.298473705508186,0.000261388516064404,0.00962391618763769,"V-type proton ATPase subunit E 1-like","gonad"
"LOC115132837",34.1795527476992,0.821894555114329,0.398969375225789,0.00144242058773737,0.0252541834049757,"pancreatic progenitor cell differentiation and proliferation factor-like","gonad"
"LOC115104858",90.5310001408448,0.820866274836536,0.236803923350602,2.76799724913536e-05,0.00324230697130978,"B-cell receptor CD22-like, transcript variant X5","gonad"
"LOC115135327",209.151728717836,0.820862823193831,0.306496937047238,0.000335129796999006,0.0109863891092403,"DNA damage-inducible transcript 3 protein-like","gonad"
"LOC115121080",586.445399819671,0.820766916304541,0.291298239047978,0.00024400214418996,0.00924864912299149,"tubulin-specific chaperone A-like","gonad"
"LOC115111634",185.174144429194,0.8200272243512,0.337360144434187,0.000629849655979771,0.0156866259999571,"cyclin-dependent kinase 2-associated protein 1-like","gonad"
"LOC115106712",182.446480510377,0.819662166483838,0.277910750943671,0.000154788866968778,0.00748838391380655,"vascular endothelial growth factor A-A, transcript variant X2","gonad"
"LOC115101422",5093.07133567657,0.818790319394623,0.263066705552954,0.000101182579588877,0.00608301627488626,"cystatin-B-like","gonad"
"LOC115143541",33.5251986290499,0.818638107806366,0.264163930778171,9.43948115399758e-05,0.00582936121877483,"xylosyltransferase 1-like","gonad"
"smim4",139.350794444349,0.818207281515481,0.227590516385761,1.68123882619267e-05,0.00252269191143423,"small integral membrane protein 4","gonad"
"LOC115119248",11751.6164724651,0.817875848228415,0.338722530489279,0.000735416965210478,0.017385716693179,"40S ribosomal protein S29-like","gonad"
"LOC115112206",312.270689169939,0.817058707223117,0.299388807926212,0.000292757239101416,0.0102021121557108,"cytochrome c oxidase copper chaperone-like","gonad"
"LOC115137969",258.736212745524,0.816528986854792,0.238716320245618,3.27248752717451e-05,0.00353662402043931,"NEDD8","gonad"
"smim20",180.497108584369,0.816090468604253,0.27502963045817,0.000143339592420389,0.00731031921343986,"small integral membrane protein 20","gonad"
"LOC115116435",114.555547909507,0.81560876639953,0.266796232125677,0.000108837269234337,0.00627317288958293,"peptidyl-prolyl cis-trans isomerase FKBP1A-like","gonad"
"LOC115141593",23.4601232325196,0.814926502699563,0.380924094585966,0.00122081272097017,0.023112696310672,"NLR family CARD domain-containing protein 3-like","gonad"
"LOC115119277",291.016745528304,0.81188089076432,0.335501107199764,0.000657590786400559,0.0161693783552382,"tumor necrosis factor receptor superfamily member 9-like","gonad"
"LOC115123727",569.092739720543,0.81150158068294,0.290766064867428,0.000246275327078325,0.00929599758510201,"probable protein BRICK1-A","gonad"
"LOC115128325",54.5463957526607,0.811453569838679,0.345759370672636,0.000786303803366886,0.0179497325257739,"C-type lectin domain family 17, member A-like, transcript variant X3","gonad"
"LOC115109240",218.774827628458,0.811264734804951,0.292339609506502,0.000256269054745352,0.00951497128416486,"DNA-directed RNA polymerases I, II, and III subunit RPABC1","gonad"
"LOC115127157",542.204508589462,0.810801243606241,0.246941357693054,5.31430621301211e-05,0.00436590695038226,"activated RNA polymerase II transcriptional coactivator p15-like","gonad"
"LOC115128702",622.374957742666,0.810603796778627,0.301458173088765,0.000335836415269243,0.0109863891092403,"26S proteasome complex subunit SEM1","gonad"
"tmem18",178.807409664178,0.809335563037894,0.225640707303806,1.79766543137474e-05,0.00252701981890167,"transmembrane protein 18, transcript variant X1","gonad"
"LOC115135294",100.929452462978,0.807001573796146,0.251506517327906,6.71799641471542e-05,0.00487887771622293,"thioredoxin-dependent peroxide reductase, mitochondrial-like","gonad"
"pigy",63.4285201149689,0.80584581223541,0.295439583389482,0.000290793697911967,0.0101531738063263,"phosphatidylinositol glycan anchor biosynthesis class Y","gonad"
"LOC115119181",296.464245543894,0.80483733628208,0.359500592915419,0.00100264901575137,0.0208046806056936,"D-dopachrome decarboxylase-A-like","gonad"
"LOC115145151",12.8094964643324,0.804770811288507,0.345410208397028,0.00081259757858463,0.0182110411948729,"DPH3 homolog","gonad"
"LOC115115309",232.688333138474,0.803436855218298,0.242529738306806,4.7938419504291e-05,0.00414461878342813,"death-associated protein-like 1-A","gonad"
"LOC115142885",354.525015330715,0.802370593024169,0.277067019527146,0.000184027349179175,0.00809007397505353,"dynein light chain roadblock-type 1","gonad"
"LOC115129238",218.423083377696,0.801140325675996,0.259674962870659,0.00010178167313661,0.00609883847349273,"hypoxanthine-guanine phosphoribosyltransferase","gonad"
"LOC115112090",95.3368998018642,0.800926526398568,0.31871148514841,0.000517286635484051,0.0137607901637429,"FAS-associated death domain protein-like","gonad"
"LOC115136811",522.761001923788,0.799687754413233,0.226483931867279,2.24753858483203e-05,0.00287368384128242,"prothymosin alpha-like","gonad"
"atp5mpl",1745.5784719512,0.798828389240824,0.26465715868615,0.000144764909649876,0.00733593210398973,"ATP synthase membrane subunit 6.8PL","gonad"
"LOC115139617",114.009377755243,0.798319304695715,0.288167184034426,0.000263973907327802,0.00962391618763769,"cytochrome c oxidase subunit 7A2, mitochondrial","gonad"
"polr2i",88.760345560215,0.798180008796322,0.255148739454568,8.99926891618522e-05,0.00565365835440342,"RNA polymerase II subunit I","gonad"
"LOC115130871",3994.57358692696,0.797069980843249,0.314500314300196,0.000581342009476991,0.0148242212416633,"60S ribosomal protein L36a-like, transcript variant X2","gonad"
"LOC115136485",615.099212273083,0.796918984471091,0.259043566575471,0.000115033164575037,0.00648615570193903,"cytochrome c oxidase subunit 7B, mitochondrial-like","gonad"
"LOC115123317",184.165073414805,0.796756859191132,0.270054819341962,0.000153869018779137,0.00748838391380655,"cytochrome c, transcript variant X1","gonad"
"LOC115103073",21.7264868345942,0.794493051131118,0.392466472362616,0.00157522063090086,0.0266043774647777,"tyrosine-protein kinase Lyn-like","gonad"
"brix1",125.36536233558,0.794460409943294,0.230909257531266,3.10404722583343e-05,0.00345486080624845,"biogenesis of ribosomes BRX1","gonad"
"LOC115136795",34.6658339329249,0.794049398242921,0.353676271996218,0.00100519113781584,0.0208098635099023,"phosphoserine phosphatase-like, transcript variant X1","gonad"
"LOC115141444",313.993064198347,0.793962017289592,0.23618251030052,4.06297015538092e-05,0.00389177933144043,"neutral amino acid transporter B(0)-like","gonad"
"selenok",62.1103552786179,0.793642102771875,0.441920216916316,0.00239319912151023,0.034240286249125,"selenoprotein K","gonad"
"LOC115146150",22.8018890324697,0.791742282684048,0.432187127362343,0.0022762564408464,0.0332751303864793,"protein jagged-2-like","gonad"
"LOC115105256",114.292897188463,0.791420251656559,0.282651520237446,0.000241950001196009,0.00920931702665563,"zinc finger CCHC domain-containing protein 10-like, transcript variant X2","gonad"
"dimt1",56.4081451961373,0.790626742813186,0.27920837345018,0.000228513256840059,0.00901931889388721,"DIMT1 rRNA methyltransferase and ribosome maturation factor","gonad"
"LOC115136733",119.255216308406,0.79054688619514,0.288959254917165,0.000289828037365114,0.0101389553880559,"glia maturation factor gamma-like","gonad"
"LOC115108696",4657.13065445599,0.790464862449302,0.349441800581951,0.00103927814488708,0.0210904820855749,"60S ribosomal protein L36","gonad"
"rps21",3995.61910480874,0.790338607790604,0.333312470972226,0.000810304885857523,0.0182077914698381,"ribosomal protein S21","gonad"
"LOC115105999",42.8906136495307,0.789799754896622,0.530897319972714,0.00372029044182764,0.0445551406740255,"programmed cell death 1 ligand 1-like","gonad"
"wdyhv1",33.0021450875166,0.78760502574117,0.342840783754189,0.00087820604075864,0.0190897328682127,"WDYHV motif containing 1, transcript variant X2","gonad"
"LOC115103547",73.8022089582265,0.787360835926488,0.287997151757162,0.000289301806643295,0.0101389553880559,"CDGSH iron-sulfur domain-containing protein 3, mitochondrial-like","gonad"
"LOC115146226",249.068790998055,0.785018359615656,0.26796925674761,0.000175955769410302,0.00788803197386037,"transmembrane emp24 domain-containing protein 10-like","gonad"
"LOC115109420",72.8748294767621,0.784471490875,0.331120250598206,0.00075643214122304,0.0175728330653349,"tetraspanin-3-like, transcript variant X1","gonad"
"LOC115139652",545.469352545068,0.78440199249981,0.261662932098091,0.000141133492967198,0.00727570654375019,"proteasome subunit alpha type-6","gonad"
"igsf6",33.4847874009273,0.784375944054575,0.353914365409927,0.00105409149523267,0.0212881926445432,"immunoglobulin superfamily member 6","gonad"
"LOC115139698",194.631563648953,0.784281539614307,0.211031400546076,1.12773483875774e-05,0.00218255135740007,"AP-3 complex subunit sigma-1, transcript variant X3","gonad"
"LOC115101315",338.784667789475,0.783091182414809,0.233369017011327,4.21170353080072e-05,0.00389177933144043,"calmodulin","gonad"
"LOC115140107",449.185865993067,0.78307191670266,0.281240141275033,0.000270083192039574,0.00980726086934099,"probable protein BRICK1","gonad"
"LOC115118596",199.701090629986,0.78298068732746,0.213836539112768,1.37205277490944e-05,0.00228541194323448,"prostaglandin E synthase 3-like","gonad"
"LOC115109156",415.377590256517,0.782931228917643,0.217844022277006,1.82952785737072e-05,0.00252701981890167,"small integral membrane protein 7","gonad"
"LOC115125694",508.535075891074,0.782121159047903,0.276956825116229,0.000252139697145721,0.00943886255954168,"cytochrome b-c1 complex subunit 8-like, transcript variant X1","gonad"
"LOC115116915",124.752316144137,0.779482822118329,0.328973463676551,0.0007652139691941,0.017608649967919,"28S ribosomal protein S16, mitochondrial-like","gonad"
"LOC115103043",21.1910051760001,0.779231123445383,0.525028872637533,0.00378507995663281,0.0450635486509018,"contactin-associated protein-like 2","gonad"
"LOC115109394",191.805198251396,0.779147322623398,0.262475075076038,0.000154745349772896,0.00748838391380655,"peptidyl-prolyl cis-trans isomerase FKBP7-like","gonad"
"LOC115128199",26.6197157257752,0.777162724000914,0.465140893307774,0.00293096733531778,0.0386734323692076,"cyclin-dependent kinases regulatory subunit 1, transcript variant X2","gonad"
"LOC115107938",50.1132474421127,0.777156230281259,0.246659239512582,8.32283937894449e-05,0.00543559250950058,"SAYSvFN domain-containing protein 1-like","gonad"
"LOC115146236",216.664561332254,0.776816965500986,0.30357080431901,0.000477115291472019,0.0132454208439847,"rRNA-processing protein FCF1 homolog","gonad"
"ptprc",312.836723131037,0.776689158726503,0.186077287827914,1.78522866415293e-06,0.00108049073580337,"protein tyrosine phosphatase receptor type C, transcript variant X2","gonad"
"LOC115104729",1238.10762839645,0.770433576693245,0.280665914344683,0.000293421019745912,0.0102056552385187,"cytochrome b-c1 complex subunit 9-like","gonad"
"LOC115135604",4182.44837994559,0.769779251489147,0.341148141024107,0.001015694668085,0.020930247386179,"40S ribosomal protein S23","gonad"
"LOC115113675",1760.41305247578,0.768788718254146,0.259314651094953,0.000154837836247294,0.00748838391380655,"cytochrome c oxidase subunit 4 isoform 1, mitochondrial","gonad"
"LOC115128841",20.1643111373253,0.76876819957351,0.264589156896617,0.000184026104846184,0.00809007397505353,"CD209 antigen-like protein C","gonad"
"pfdn4",211.750284848318,0.767040732259921,0.296199291565211,0.000444404953594459,0.0127870306457385,"prefoldin subunit 4","gonad"
"LOC115133990",86.3915943574619,0.766722795710733,0.239497004863189,7.15183602841508e-05,0.00500105264007145,"sorting nexin-20-like, transcript variant X1","gonad"
"dnajc19",143.318276848219,0.766533900167549,0.233285603703623,5.44742813945028e-05,0.00443513476680984,"DnaJ heat shock protein family (Hsp40) member C19, transcript variant X3","gonad"
"LOC115109231",98.1394996892177,0.766296986122486,0.274174628749537,0.00025037714292027,0.00941023241411935,"mitochondrial import inner membrane translocase subunit Tim13","gonad"
"LOC115131524",195.320464652139,0.764733146278199,0.427190565195576,0.00249782463630062,0.0355004688286836,"interferon-induced protein 44-like","gonad"
"LOC115109419",91.6894092169405,0.764635175884074,0.265058026041821,0.000195736534754207,0.00835761048150494,"proline-serine-threonine phosphatase-interacting protein 1-like, transcript variant X1","gonad"
"LOC115106093",35.3254861266651,0.76445328247802,0.272804992428824,0.000250856603240458,0.00941023241411935,"epithelial discoidin domain-containing receptor 1-like","gonad"
"LOC115126505",376.878821681926,0.763507510180904,0.244347076936422,9.3811739286133e-05,0.00582936121877483,"transketolase-like protein 2","gonad"
"arl2",162.099558242431,0.763185522872765,0.270933250331285,0.000237919068165788,0.00911320380088197,"ADP ribosylation factor like GTPase 2","gonad"
"LOC115111965",230.84782578015,0.762912423989651,0.266197463043138,0.000207202150588562,0.00853052663511551,"endothelial differentiation-related factor 1 homolog","gonad"
"LOC115102348",124.57667131529,0.762730368303108,0.564296593422991,0.00449877830354934,0.0497744173548091,"tumor necrosis factor receptor superfamily member 9-like, transcript variant X2","gonad"
"LOC115111853",1598.72428055346,0.761991802566738,0.325388639901081,0.000941665980484492,0.0200197746389654,"60S ribosomal protein L37","gonad"
"dapl1",3141.5183620506,0.761158246912183,0.300155091466069,0.000552476280135718,0.0144079001861783,"death associated protein like 1","gonad"
"LOC115113377",95.4098155073809,0.759882821136081,0.226955354753342,4.38876353967036e-05,0.00396429805105747,"thioredoxin-dependent peroxide reductase, mitochondrial-like","gonad"
"LOC115113373",49.6526509520369,0.759076546018146,0.337885026305844,0.00102671512190217,0.020992161884297,"molybdenum cofactor sulfurase-like, transcript variant X1","gonad"
"LOC115135113",44.2777261474291,0.757685197416138,0.31967833282109,0.000773107575907947,0.0177677736052971,"polymeric immunoglobulin receptor-like, transcript variant X7","gonad"
"LOC115128708",974.461925489798,0.756738335573428,0.279512512759872,0.000347601780460762,0.011150279021282,"BPTI/Kunitz domain-containing protein-like, transcript variant X1","gonad"
"LOC115147101",107.448480751539,0.756113623178846,0.300134628958491,0.000539338710623542,0.0142122403919899,"dolichol phosphate-mannose biosynthesis regulatory protein-like, transcript variant X2","gonad"
"LOC115102020",346.262545900677,0.755174812967409,0.269839579440395,0.000254830627472858,0.00949717819979254,"40S ribosomal protein S23","gonad"
"LOC115141163",13.6255632592835,0.753999733406912,0.241689994833224,0.000100150333591226,0.00604096165010732,"sodium channel subunit beta-1-like","gonad"
"LOC115109348",269.094182601383,0.753563179154131,0.231532254783892,6.16958214426211e-05,0.00468681729754071,"heat shock factor-binding protein 1-like","gonad"
"LOC115135642",188.466980454725,0.752041821758593,0.227712089225701,5.18797629374798e-05,0.00436078229580039,"barrier-to-autointegration factor","gonad"
"LOC115112418",65.6289894724983,0.751957785892443,0.214475593272564,2.5427681234578e-05,0.00310508618751008,"transcription factor PU.1-like, transcript variant X1","gonad"
"LOC115142712",111.059222078213,0.751891817085628,0.26940313809682,0.000263665254916977,0.00962391618763769,"ninjurin-1-like","gonad"
"LOC115113594",23.2067889800232,0.751234773896873,0.52223219053766,0.004123036437011,0.0472289271611178,"methylmalonyl-CoA epimerase, mitochondrial-like","gonad"
"LOC115140260",33.5556518720136,0.751101835436012,0.401344756523788,0.00221219063490304,0.0327303870714958,"zinc metalloproteinase-disintegrin-like brevilysin H2a, transcript variant X1","gonad"
"tprkb",51.337676165253,0.7508312881781,0.318790668694556,0.000808520073088206,0.0182077914698381,"TP53RK binding protein","gonad"
"LOC115107347",3148.0608061028,0.750741330565574,0.334550514723917,0.00119574000900244,0.0227328330926161,"40S ribosomal protein S29","gonad"
"LOC115134708",243.596689385669,0.750497351728506,0.358759974439126,0.00151515662307042,0.0259520600457231,"ATP synthase F(0) complex subunit C3, mitochondrial-like, transcript variant X1","gonad"
"tmed2",209.456215909933,0.74995681571857,0.242132177981846,0.000103905004261778,0.00618524346680929,"transmembrane p24 trafficking protein 2, transcript variant X1","gonad"
"znhit3",23.6903689787457,0.749238696030984,0.332760071075112,0.00103110866181274,0.0210110088258947,"zinc finger HIT-type containing 3, transcript variant X2","gonad"
"LOC115121509",98.3320266586433,0.748719248270853,0.303512390930272,0.000620786890461492,0.0155462162527157,"adseverin-like","gonad"
"LOC115134527",25.9880289627031,0.748229879926231,0.316298966911863,0.00078893404690282,0.0179497325257739,"microtubule-associated protein 1B-like, transcript variant X4","gonad"
"LOC115101657",140.150026881116,0.74718422559938,0.229428292008751,6.03163501388673e-05,0.00462069051949905,"uncharacterized protein At5g50100, chloroplastic-like, transcript variant X1","gonad"
"polr2j",173.891550835044,0.747163203805009,0.335322506207681,0.00108901839541112,0.0215753019183465,"RNA polymerase II subunit J","gonad"
"LOC115133296",2953.758968086,0.746678299965356,0.280163750306301,0.000450411414682026,0.0128779668430222,"60S ribosomal protein L34, transcript variant X1","gonad"
"LOC115138515",544.911834505674,0.746347869987333,0.21991877969245,3.78403360180411e-05,0.00381424428457894,"transmembrane emp24 domain-containing protein 10-like","gonad"
"LOC115130213",255.778520835908,0.744243208912277,0.228891399231348,6.44388650369065e-05,0.00476269422492933,"transmembrane protein 14C-like","gonad"
"LOC115129611",561.058034127747,0.742602853467662,0.258989194284371,0.000215201964214261,0.00876055350285677,"ATP synthase-coupling factor 6, mitochondrial-like","gonad"
"LOC115130499",3561.81701811922,0.740214383482659,0.276948625667127,0.000378025144692066,0.0116635787335891,"C-X-C motif chemokine 14-like, transcript variant X2","gonad"
"LOC115141987",225.197710535289,0.739510527499432,0.237442430810865,9.93976050081156e-05,0.00603566192818511,"rho-related GTP-binding protein RhoG-like","gonad"
"LOC115139701",204.836011692,0.738181664911845,0.259108616748832,0.000227870921027379,0.00901931889388721,"transmembrane emp24 domain-containing protein 7-like, transcript variant X3","gonad"
"LOC115131257",5100.79181564403,0.738116902245416,0.329961879214838,0.00113930122401401,0.022078728948186,"60S ribosomal protein L14-like","gonad"
"haus2",64.7344933183407,0.737671844394747,0.293465460716716,0.000552440403616198,0.0144079001861783,"HAUS augmin like complex subunit 2, transcript variant X1","gonad"
"LOC115106364",31.0425862707173,0.737401056056637,0.216878816289519,3.86688778394637e-05,0.00383645981449892,"pantothenate kinase 1-like, transcript variant X3","gonad"
"LOC115105494",1693.51222108647,0.73740080746142,0.27210476273637,0.000367200479144098,0.0114551407205159,"cytochrome c oxidase subunit 7B, mitochondrial-like","gonad"
"nkx3-1",133.100642736506,0.737061283991748,0.451736075365435,0.00329078655231247,0.0415956665874524,"NK3 homeobox 1","gonad"
"LOC115133487",232.78018113051,0.736240287401628,0.260313254066662,0.000236696967651325,0.00911320380088197,"small ubiquitin-related modifier 1","gonad"
"LOC115138378",710.315585808644,0.735241339947996,0.234024465748336,9.41035095479852e-05,0.00582936121877483,"cytochrome c oxidase subunit 7A2, mitochondrial-like","gonad"
"gabarapl2",22.9875515991244,0.733374219078269,0.362691002923303,0.00167776513368867,0.0278187249015995,"GABA type A receptor associated protein like 2","gonad"
"LOC115132347",59.5442884497659,0.732917457011347,0.26570198328901,0.000287806433896986,0.0101389553880559,"syntaphilin-like","gonad"
"brk1",139.679395903546,0.729001177368059,0.24907690662823,0.000173757803166471,0.00780877889675854,"BRICK1 subunit of SCAR/WAVE actin nucleating complex","gonad"
"LOC115139406",1171.97105885635,0.728549067357585,0.283845764180777,0.000498677342307465,0.0135920554227591,"costars family protein ABRACL, transcript variant X2","gonad"
"ube2v2",73.973728971371,0.727272320604559,0.26854273644282,0.000341290235528402,0.011045393077101,"ubiquitin conjugating enzyme E2 V2, transcript variant X2","gonad"
"LOC115141484",29.5747307015762,0.727155922603521,0.483001244882888,0.00397821597595274,0.0462410302556965,"eukaryotic translation initiation factor 5B-like, transcript variant X3","gonad"
"LOC115132470",176.2868741013,0.726965579239005,0.26818579705669,0.000335699914584095,0.0109863891092403,"SAP domain-containing ribonucleoprotein-like","gonad"
"LOC115123928",16.2322313789997,0.726212546052026,0.276388290073783,0.000418516021157036,0.0124262185623649,"translationally-controlled tumor protein homolog, transcript variant X1","gonad"
"LOC115144376",491.773487330609,0.724331731023251,0.239893558338771,0.00013728892773951,0.0071626947472372,"cytochrome c oxidase assembly protein COX14 homolog","gonad"
"LOC115110325",214.517193475186,0.720092034121025,0.224465832084854,7.12547782149125e-05,0.00500105264007145,"stannin-like, transcript variant X2","gonad"
"LOC115112862",3905.26641168663,0.720059827818781,0.332420534086633,0.00149740924193786,0.025818577584638,"60S ribosomal protein L38","gonad"
"smim8",37.6375049233641,0.718379644902569,0.239051487410388,0.000138512056823042,0.00718521401051186,"small integral membrane protein 8","gonad"
"LOC115113673",218.467938961665,0.718140222750193,0.323926974401387,0.00119224256777491,0.0226901006923704,"interferon regulatory factor 8-like, transcript variant X2","gonad"
"pdrg1",168.730229779914,0.717878902143373,0.301584622541755,0.000811400777439022,0.018209879499608,"p53 and DNA damage regulated 1","gonad"
"LOC115132993",319.419296697465,0.71753790672663,0.302419848235735,0.000823268742473293,0.0183853226178907,"NADH dehydrogenase [ubiquinone] 1 beta subcomplex subunit 2, mitochondrial-like, transcript variant X2","gonad"
"LOC115132693",87.6375573172507,0.716934922968886,0.28461156101333,0.00055985264044511,0.0144384723578429,"tissue factor pathway inhibitor 2-like","gonad"
"LOC115102334",696.707732904368,0.716854632155895,0.242821550565988,0.00017128374747542,0.0077745692979093,"PRA1 family protein 3-like","gonad"
"LOC115124139",36.5446778937138,0.716133575499036,0.263916840475161,0.000334869712207887,0.0109863891092403,"post-GPI attachment to proteins factor 2-like","gonad"
"LOC115136526",169.237650608734,0.715239280582819,0.37794513181486,0.00228718621891802,0.0333543397515466,"nuclear factor NF-kappa-B p100 subunit-like","gonad"
"LOC115103912",92.6931947238861,0.714563463608075,0.262791013912404,0.000331962438105919,0.0109571170980655,"U2 small nuclear ribonucleoprotein B''-like, transcript variant X3","gonad"
"LOC115145280",1272.44611127715,0.714494160547263,0.333149277631323,0.0014630860440532,0.0254686387495971,"60S ribosomal protein L36","gonad"
"ost4",709.95011495189,0.713406899692769,0.249805875498663,0.000237300517205112,0.00911320380088197,"oligosaccharyltransferase complex subunit 4, non-catalytic","gonad"
"LOC115111524",56.2257779153444,0.712894482810538,0.306378416251342,0.000918091963199759,0.0196454781985307,"refilin-A-like, transcript variant X2","gonad"
"LOC115129047",5630.64202242551,0.712035886035421,0.307244670583091,0.00108441802750688,0.0215753019183465,"60S ribosomal protein L14-like","gonad"
"LOC115107979",46.0323351545256,0.711728900922462,0.207551493465433,3.42431007826466e-05,0.00357826785582802,"rho GTPase-activating protein 6-like, transcript variant X1","gonad"
"LOC115129345",113.410581583502,0.71146291863065,0.302460411668931,0.000863472289643012,0.0189567144991034,"T-cell surface antigen CD2-like, transcript variant X1","gonad"
"LOC115139959",116.723037786462,0.709671116104704,0.318511556285207,0.00117148010451825,0.0224666468253504,"refilin-A-like, transcript variant X2","gonad"
"LOC115124271",97.4857813634827,0.709148027475626,0.230218539978463,0.000114854143389131,0.00648615570193903,"prosaposin-like, transcript variant X1","gonad"
"LOC115114718",225.398911330271,0.709059963231092,0.301562577053139,0.000865669824588024,0.0189820064435026,"apoptosis-associated speck-like protein containing a CARD","gonad"
"LOC115110111",63.3021029835888,0.707642073278394,0.472541743274906,0.00407674929621103,0.046935612062148,"cytokine receptor common subunit beta-like, transcript variant X2","gonad"
"LOC115141087",136.707802255484,0.706573093892329,0.202714617031985,2.8693497047433e-05,0.00331821103435155,"ragulator complex protein LAMTOR2","gonad"
"LOC115106933",303.917028980614,0.706245378987043,0.289468578996603,0.000702453793718441,0.0168700411094603,"short transmembrane mitochondrial protein 1-like","gonad"
"LOC115131699",12.7250385870851,0.705534845681986,0.349732352580669,0.00177279127984449,0.0287638949748495,"claudin-9-like","gonad"
"LOC115138735",2573.01399738318,0.705010450938772,0.38563545078683,0.00287056604171063,0.0381816828229291,"cysteine-rich protein 1-like","gonad"
"LOC115141051",28.5273995667003,0.704452522467805,0.294653808990349,0.000780887193822835,0.0179238784968994,"tumor necrosis factor alpha-induced protein 8-like protein 2","gonad"
"LOC115135297",12.6423603763023,0.703088409895756,0.414916544325805,0.00312591060764654,0.0400805317743154,"homeobox protein EMX2-like, transcript variant X2","gonad"
"LOC115142647",39.0205947384373,0.70239413250716,0.306686561206206,0.00102071568838817,0.020940241851272,"cathepsin L1-like, transcript variant X1","gonad"
"LOC115111594",3641.85671956126,0.701993599672427,0.300156414414213,0.00101704432942526,0.020930247386179,"60S ribosomal protein L31","gonad"
"LOC115138660",236.731611330891,0.701457490094554,0.346109507614622,0.00180632931041846,0.0291292593466683,"NF-kappa-B inhibitor alpha-like","gonad"
"LOC115131366",198.172617714955,0.701438167523577,0.246502876396275,0.000236516649961235,0.00911320380088197,"chromatin modification-related protein MEAF6-like, transcript variant X1","gonad"
"LOC115147133",23.8090068712344,0.701358889294177,0.460336855141228,0.00402250247981995,0.0464909052797379,"transmembrane channel-like protein 7","gonad"
"LOC115105886",159.441313788042,0.701006953953209,0.187632850550611,1.15513740116095e-05,0.00218255135740007,"FYN-binding protein 1-like, transcript variant X2","gonad"
"LOC115143721",127.740477207988,0.699931012496505,0.33606340715004,0.00163515132943898,0.0272840747779462,"MICOS complex subunit MIC10-like","gonad"
"LOC115121679",104.649753439049,0.699352290988783,0.369795058343198,0.00227262599197048,0.0332519456583308,"uncharacterized protein C1orf189-like, transcript variant X1","gonad"
"LOC115128209",1996.91816402808,0.699295554337297,0.289798152654542,0.000813458603714581,0.0182110411948729,"40S ribosomal protein S27","gonad"
"LOC115138123",304.798129939859,0.699128256070789,0.310301755627431,0.00111632620639072,0.0217701596167883,"histone H2A.Z","gonad"
"LOC115137201",93.0496660733994,0.697618464789301,0.364534768564176,0.00223325966691875,0.0329919141680852,"endothelin-converting enzyme 2-like, transcript variant X2","gonad"
"LOC115126776",28.9052399515359,0.696561760080635,0.311182477300678,0.00114848128418601,0.0221557836729457,"uncharacterized LOC115126776","gonad"
"LOC115118917",29.7256626698579,0.696200786561925,0.310073565280057,0.00110251956901313,0.0216893951726441,"CD209 antigen-like protein E","gonad"
"brd3os",50.2660192681409,0.695999715902667,0.218128621380816,7.98420401581521e-05,0.0053188314993631,"BRD3 opposite strand","gonad"
"LOC115109891",54.0373961467115,0.695588291037391,0.284468518256859,0.000707049100614799,0.0169355982463882,"growth arrest and DNA damage-inducible proteins-interacting protein 1-like, transcript variant X3","gonad"
"LOC115104143",86.6295411162407,0.695107471831475,0.25408986100022,0.000320377721725709,0.0106729870011963,"coiled-coil domain-containing protein 43-like","gonad"
"LOC115111375",182.901988363316,0.693723406488879,0.267323621598712,0.000486219649471031,0.0133957571408134,"guanine deaminase-like","gonad"
"LOC115104196",293.957513026731,0.693332958827626,0.266904401737902,0.000511343597771437,0.0137540064609455,"SUMO-conjugating enzyme UBC9-B, transcript variant X2","gonad"
"LOC115122305",25.1665836133529,0.693184265588477,0.265425514846732,0.000463944041040091,0.0130343743245688,"5-demethoxyubiquinone hydroxylase, mitochondrial-like","gonad"
"nudt12",135.904692818414,0.693065412682809,0.199756762358034,3.13483964096054e-05,0.00345486080624845,"nudix hydrolase 12, transcript variant X2","gonad"
"LOC115134735",402.03663570607,0.692179739970808,0.305959474875184,0.00109067204723171,0.0215753019183465,"dynein light chain roadblock-type 2-like, transcript variant X2","gonad"
"lg14h17orf97",102.74794871297,0.691301749334857,0.214298022005754,7.22046536414026e-05,0.00500361714318055,"linkage group 14 C17orf97 homolog","gonad"
"LOC115109910",165.659094152342,0.69127131448226,0.253341812191889,0.000352940068772482,0.011202762043065,"growth arrest and DNA damage-inducible proteins-interacting protein 1-like","gonad"
"LOC115121668",3139.80618481302,0.690993827549081,0.305325486106293,0.0011468760773698,0.0221557836729457,"60S ribosomal protein L27-like","gonad"
"LOC115101899",21.0072284622084,0.690936074638943,0.251197727812521,0.000312799155332873,0.0105757569166176,"THAP domain-containing protein 3-like","gonad"
"LOC115120264",25.2826523053677,0.690928343855465,0.260398282103617,0.000422177246891909,0.0124634960887309,"tumor necrosis factor receptor superfamily member 11A-like","gonad"
"tomm34",153.398352318417,0.69003369619956,0.219549261429036,9.55824216886516e-05,0.00588269304467511,"translocase of outer mitochondrial membrane 34","gonad"
"LOC115144339",107.22806526887,0.689983060068193,0.279926859969925,0.000674103557941651,0.0163623318154928,"cytochrome c oxidase assembly protein COX20, mitochondrial","gonad"
"LOC115128635",27.7489100797789,0.689534783971734,0.298368962555651,0.000972134318945937,0.020425509612949,"gamma-glutamylcyclotransferase-like, transcript variant X1","gonad"
"LOC115140224",141.848567286193,0.689256062552429,0.249431479233677,0.000302658758541952,0.0103876605294663,"ran-specific GTPase-activating protein-like, transcript variant X1","gonad"
"LOC115106728",42.2960532941108,0.687895422025016,0.410643585817665,0.00329218841629044,0.0415956665874524,"proline-rich transmembrane protein 2-like","gonad"
"nenf",271.017214873272,0.687589095968114,0.276021438059864,0.000633743750364263,0.015740426171838,"neudesin neurotrophic factor","gonad"
"LOC115102474",284.491669753667,0.687098377428458,0.235926946509982,0.000199319527345871,0.00835761048150494,"pituitary tumor-transforming gene 1 protein-interacting protein-like","gonad"
"LOC115101440",95.1720366240797,0.687039739448642,0.228999572534146,0.000151531211017902,0.00748838391380655,"RAS guanyl-releasing protein 2-like, transcript variant X2","gonad"
"LOC115144855",36.3645597220907,0.687021744525372,0.169939100719137,3.47695096023e-06,0.00153069213597835,"zinc finger and SCAN domain-containing protein 21-like, transcript variant X1","gonad"
"LOC115134596",12.583708316198,0.686355363516633,0.459120102786752,0.0042517266236603,0.0480140634032431,"diamine acetyltransferase 2-like, transcript variant X1","gonad"
"LOC115139992",200.315764636018,0.685540853410687,0.285996015331414,0.000807495924438636,0.0182077914698381,"transmembrane protein 230-like","gonad"
"LOC115119756",16.5303887125021,0.683612990868325,0.438844274983062,0.00388189245117969,0.0456178895427952,"charged multivesicular body protein 5-like","gonad"
"LOC115141662",637.17064651134,0.683425558700231,0.262169944903083,0.000514986091499066,0.0137607901637429,"eukaryotic translation initiation factor 3 subunit K","gonad"
"LOC115144554",25.5274181353394,0.683168597932031,0.252883940884836,0.000357458495508738,0.0112869851207942,"zinc finger protein 501-like, transcript variant X1","gonad"
"LOC115118407",583.791777693047,0.682985320245699,0.31165383620754,0.00129935920522254,0.0239092064159742,"c-Myc-binding protein-like","gonad"
"LOC115122125",195.869408550256,0.682578915140257,0.268099651323577,0.000555655902090744,0.0144384723578429,"peptidyl-prolyl cis-trans isomerase A-like","gonad"
"LOC115101930",413.940985950586,0.68192552774756,0.22858367041816,0.000159803275035393,0.00749762792646944,"ragulator complex protein LAMTOR5-like","gonad"
"LOC115105710",523.422383278616,0.681670219246845,0.251196022060993,0.000387167412809926,0.0117943146761359,"succinate dehydrogenase assembly factor 1, mitochondrial-like, transcript variant X1","gonad"
"LOC115105435",48.5084305321558,0.681170231871166,0.276501495775455,0.00068577565857226,0.0166012571427173,"c-Myc-binding protein-like, transcript variant X1","gonad"
"LOC115130225",294.529483792641,0.681086643317531,0.258112793801187,0.000444102307117249,0.0127870306457385,"programmed cell death protein 6-like, transcript variant X1","gonad"
"LOC115144428",879.320797946895,0.679242717593148,0.27375430910754,0.000666141473177528,0.0162778796595036,"serglycin-like","gonad"
"hs1bp3",225.246680550713,0.677587686297373,0.219651145983292,0.000114453385277498,0.00648615570193903,"HCLS1 binding protein 3, transcript variant X2","gonad"
"rps7",3038.83387117474,0.676348513270687,0.318431875105127,0.00161948005515993,0.0270748433531157,"ribosomal protein S7","gonad"
"LOC115139890",3676.75551651456,0.676154456937806,0.312663710200197,0.0015414748604146,0.0262299325443514,"60S ribosomal protein L35-like","gonad"
"atp5me",712.873220709659,0.675521318880214,0.310716835504577,0.00139267858855919,0.0247183475118592,"ATP synthase membrane subunit e","gonad"
"LOC115137195",365.373156250157,0.675390294712468,0.235922033162695,0.000231710626285958,0.00905679553802459,"probable signal peptidase complex subunit 2","gonad"
"LOC115134062",49.3353069985802,0.675297677870152,0.228117591558417,0.000172506154232902,0.00780877889675854,"BH3-interacting domain death agonist-like, transcript variant X2","gonad"
"LOC115133511",88.5799947356771,0.675239917020614,0.264993693093396,0.000557510190486649,0.0144384723578429,"oocyte zinc finger protein XlCOF6-like","gonad"
"LOC115120072",90.7248810750588,0.674705811446068,0.234000215439726,0.000217460595690855,0.00883269479947018,"vesicle transport protein SEC20-like, transcript variant X1","gonad"
"LOC115114434",22.7195778593873,0.674526758018375,0.26246965382474,0.00051765915850608,0.0137607901637429,"transmembrane protein 68-like","gonad"
"LOC115109448",1183.14053379699,0.67323195537944,0.249051954491509,0.000427562436849094,0.0125586349794591,"small EDRK-rich factor 2-like","gonad"
"znhit2",620.797528321548,0.67305191290299,0.222734705313529,0.000146657557694961,0.00737411634382322,"zinc finger HIT-type containing 2, transcript variant X2","gonad"
"arpin",38.0865941700419,0.672650685782782,0.275283852052983,0.000713612903435048,0.0170478366773246,"actin related protein 2/3 complex inhibitor","gonad"
"LOC115125161",1105.54239133002,0.671855595937662,0.285004916834105,0.00101324552047022,0.0209050973518834,"60S ribosomal protein L32-like","gonad"
"hint1",505.47222869706,0.67167961322798,0.231884553093915,0.000231610168218039,0.00905679553802459,"histidine triad nucleotide binding protein 1","gonad"
"LOC115114573",112.329088280768,0.670527646009211,0.286133516973896,0.000927539177964544,0.0197670015929701,"HIG1 domain family member 1A, mitochondrial-like","gonad"
"LOC115125647",13.3155490524111,0.670416001292023,0.280612635002397,0.000834650118931317,0.0185709651462218,"protein LRATD2-like","gonad"
"LOC115114153",62.0672214964782,0.669668288400139,0.304933241386046,0.00131586848399815,0.0239868556179422,"vesicle-trafficking protein SEC22b-B-like","gonad"
"LOC115120086",76.005555016374,0.668544189117138,0.242363791026623,0.000318664549869666,0.0106729870011963,"complement component 1 Q subcomponent-binding protein, mitochondrial-like","gonad"
"mrps18c",215.340130034999,0.668058026688765,0.257846105803131,0.000504140938250756,0.0136208078495249,"mitochondrial ribosomal protein S18C, transcript variant X3","gonad"
"LOC115131488",158.159865711098,0.666753491636725,0.300814939640296,0.00126154884938651,0.0235887547986214,"thioredoxin-like protein 4A, transcript variant X1","gonad"
"LOC115129344",34.9051013188248,0.666542204041914,0.358838777393409,0.00252115581694265,0.0355440348415262,"uncharacterized LOC115129344","gonad"
"LOC115105239",129.331052825868,0.665162478424252,0.249635816672212,0.000429236294745356,0.0125697002699946,"vesicle transport protein SEC20-like","gonad"
"dync2li1",22.3119407758673,0.664419949840452,0.365752991503088,0.00275176782721892,0.0374115052447483,"dynein cytoplasmic 2 light intermediate chain 1, transcript variant X2","gonad"
"LOC115129393",2141.95345436741,0.664332412985647,0.29201591231531,0.00122895300778517,0.0231942524005691,"60S ribosomal protein L31","gonad"
"lsm3",299.635356497019,0.663858615319575,0.309374897068561,0.00149483861635203,0.0257987546753684,"LSM3 homolog, U6 small nuclear RNA and mRNA degradation associated","gonad"
"naaa",306.478202081728,0.663583068235691,0.222826237317156,0.000170054123262,0.00775754437674592,"N-acylethanolamine acid amidase","gonad"
"manbal",365.316270442927,0.663200226473529,0.309490055456987,0.00154813808263407,0.0262691542320599,"mannosidase beta like, transcript variant X1","gonad"
"LOC115114749",344.874117220019,0.661386612776019,0.222008528734441,0.000169856570311024,0.00775754437674592,"cytochrome b-c1 complex subunit 10","gonad"
"LOC115141172",83.3813796033158,0.659818972562211,0.251249487160677,0.000462112592579421,0.0130343743245688,"myeloid cell surface antigen CD33-like, transcript variant X1","gonad"
"slc52a2",54.385649148014,0.659628611029969,0.218801026964124,0.000147880619943873,0.00739647530496131,"solute carrier family 52 member 2, transcript variant X2","gonad"
"LOC115145804",231.675012209243,0.658468068837907,0.249758103711981,0.000453803416192872,0.0128939825107947,"mRNA turnover protein 4 homolog","gonad"
"LOC115114597",365.830700467104,0.65843008919734,0.223120384897826,0.000186646268063712,0.00815182347611437,"guanine nucleotide-binding protein G(I)/G(S)/G(O) subunit gamma-5-like","gonad"
"LOC115113147",4141.10617531681,0.657722635223922,0.314828428160915,0.00197958344959125,0.0307716756085435,"ubiquitin-40S ribosomal protein S27a-like","gonad"
"LOC115144042",99.11423551184,0.657550585750335,0.241177858189,0.000350289124195946,0.0111765146759685,"ribonuclease P protein subunit p30-like","gonad"
"LOC115122032",18016.2033041015,0.657305766964806,0.331520567224712,0.00237211374082253,0.0340998393336293,"protein S100-A1-like","gonad"
"LOC115112854",1235.48263450848,0.656820308464252,0.283820754897826,0.00102883685262395,0.0210110088258947,"proteasome subunit beta type-1-B-like","gonad"
"med31",266.406353494954,0.656305446748017,0.247840607881414,0.000465860642878062,0.0130343743245688,"mediator complex subunit 31","gonad"
"LOC115146608",106.455419494919,0.656124154335181,0.257287503935497,0.000568552757031394,0.0146213085788413,"gem-associated protein 2-like, transcript variant X2","gonad"
"LOC115143193",54.4477563110853,0.656045410788295,0.161610279470674,3.29220477705758e-06,0.00153069213597835,"RNA-binding protein 15-like","gonad"
"LOC115103849",155.28173177387,0.655952934652759,0.231487328079169,0.000263827246258976,0.00962391618763769,"COMM domain-containing protein 1-like","gonad"
"LOC115108296",78.4846194182187,0.655861964306449,0.261301664601881,0.000621670558317927,0.0155469017311574,"MICOS complex subunit MIC13-like","gonad"
"LOC115113310",3582.91922308589,0.655077381533545,0.290726953770874,0.00122246991835214,0.0231199623308348,"60S ribosomal protein L24","gonad"
"med10",173.178611757115,0.654840148181197,0.238129831305837,0.000327689904441033,0.0108656511844716,"mediator complex subunit 10","gonad"
"LOC115129598",3171.70057017099,0.654395767221289,0.321219900557886,0.00211172630283775,0.0317122921188483,"60S ribosomal protein L36a-like","gonad"
"LOC115125783",41.5007718895431,0.652307428345183,0.226014646217518,0.00021877058902125,0.00884693467819137,"ubiquitin-conjugating enzyme E2 D3-like, transcript variant X1","gonad"
"LOC115139937",33.0410058269475,0.650348531774577,0.234001599376091,0.000308522742334727,0.0105094538645953,"phospholipase A2-like, transcript variant X4","gonad"
"LOC115141855",58.1610106290739,0.649972531714288,0.227135816671969,0.000238925317767612,0.00913248014608162,"protein turtle homolog B-like, transcript variant X2","gonad"
"gtf2h3",59.461067877328,0.648393835219728,0.24680122269299,0.000465923603031788,0.0130343743245688,"general transcription factor IIH subunit 3","gonad"
"isoc2",70.7835884631234,0.64815836579774,0.305823429153434,0.00158147835412531,0.0266604651787364,"isochorismatase domain containing 2","gonad"
"LOC115141710",60.1026101726999,0.647142358346578,0.267367303931294,0.000797441249721243,0.0180753349936815,"uncharacterized LOC115141710","gonad"
"LOC115119303",1905.19960023018,0.64675842974059,0.231711966407332,0.000315657398407375,0.0106327935537742,"macrophage colony-stimulating factor 1 receptor 1-like","gonad"
"LOC115144273",8105.19265057101,0.646613100799217,0.311201896331174,0.00199413234193848,0.0308657005969608,"60S ribosomal protein L38-like, transcript variant X2","gonad"
"LOC115141371",113.298852427099,0.64549437257301,0.24420994082301,0.000464898869773168,0.0130343743245688,"myelin basic protein-like, transcript variant X4","gonad"
"LOC115136202",132.836233708337,0.645144128498613,0.208801609471162,0.000122739024956439,0.00673247654715742,"serine/threonine-protein kinase 10-like","gonad"
"LOC115108234",230.629357110497,0.64386453928166,0.262172659140539,0.00074095605245214,0.0174269934452069,"protein FAM32A-like","gonad"
"LOC115101340",212.335036626413,0.64339407396754,0.239054072791931,0.000392372431402107,0.0119128994390245,"ubiquinol-cytochrome-c reductase complex assembly factor 3","gonad"
"tmem216",51.5715678984777,0.643198483481033,0.20526928424998,0.000104365774569028,0.0061887265614353,"transmembrane protein 216","gonad"
"LOC115145802",31.5121171122541,0.642774970025459,0.385943544179589,0.00359808961664755,0.043861985296749,"TNFAIP3-interacting protein 2-like, transcript variant X1","gonad"
"atp5pf",258.564816628925,0.642224342962105,0.26721929478248,0.000849486061766742,0.0188141006378804,"ATP synthase peripheral stalk subunit F6, transcript variant X2","gonad"
"atp6v0b",668.510503869346,0.641574699277219,0.194863272218902,6.32311561320771e-05,0.00474234325361969,"ATPase H+ transporting V0 subunit b, transcript variant X1","gonad"
"LOC115142982",365.700282152112,0.641428454802297,0.269473401783127,0.000898052227453721,0.0193876768628416,"translocator protein-like, transcript variant X1","gonad"
"LOC115137525",191.292241458462,0.641217426991132,0.230324132693075,0.000311225137601955,0.010570544812063,"catenin alpha-2-like","gonad"
"LOC115133135",451.981734308679,0.641015149798309,0.320675357371359,0.00205703113968358,0.0313213834236536,"electron transfer flavoprotein regulatory factor 1-like, transcript variant X1","gonad"
"LOC115140317",13.624102311213,0.640614894998447,0.260623731658275,0.000761937402269854,0.0175778087364822,"UDP-N-acetylglucosamine/UDP-glucose/GDP-mannose transporter-like","gonad"
"LOC115110456",245.910295206374,0.640439314154371,0.193308884583244,5.91240371794093e-05,0.00458741888474084,"transmembrane protein 205-like, transcript variant X2","gonad"
"LOC115144063",79.2337717358898,0.639931957726617,0.15564207518911,2.71294341758794e-06,0.00140732001970648,"inositol polyphosphate multikinase-like, transcript variant X1","gonad"
"LOC115110462",28.517230938962,0.639729857782115,0.401126483291529,0.00393181580351928,0.0460028383683233,"myosin-10-like, transcript variant X2","gonad"
"ndufa7",290.019257790204,0.639665020212874,0.242863641791139,0.000471735989639352,0.0131362555642517,"NADH:ubiquinone oxidoreductase subunit A7","gonad"
"LOC115147174",202.000364428684,0.639237400588077,0.228410650564868,0.000298850737726685,0.0103154638672352,"tubulin-specific chaperone A-like, transcript variant X2","gonad"
"LOC115104214",107.848962572051,0.638963340200878,0.413958526746725,0.00428617235011934,0.0481856007360784,"hemoglobin subunit beta-1-like","gonad"
"LOC115112431",153.562558419772,0.638091165260515,0.207905931986664,0.000130534132694708,0.0070325748166324,"DNA-directed RNA polymerases I, II, and III subunit RPABC5, transcript variant X1","gonad"
"LOC115132292",376.997552434784,0.63771134592778,0.296704340768504,0.00154438190625202,0.0262299325443514,"transcription initiation factor TFIID subunit 11-like","gonad"
"LOC115108063",72.1072666009884,0.637422307829439,0.244266361769372,0.000497376471211494,0.0135920554227591,"39S ribosomal protein L47, mitochondrial-like","gonad"
"LOC115110380",58.6025097069905,0.636259659442183,0.408013687978694,0.00421493374868027,0.0477394492458135,"transmembrane protein 106B-like, transcript variant X3","gonad"
"rpl39",5428.80656130749,0.63621918698434,0.30702545101239,0.002048906687667,0.0313213834236536,"ribosomal protein L39","gonad"
"LOC115139178",210.973822544958,0.635869783029154,0.259475652542074,0.000759785963664237,0.0175728330653349,"SAYSvFN domain-containing protein 1-like","gonad"
"tsr2",52.3665203356977,0.634901947674946,0.285908799674858,0.0012992149660396,0.0239092064159742,"TSR2 ribosome maturation factor","gonad"
"slc66a3",60.1928624895152,0.634779799482636,0.286295180870693,0.00132989801295739,0.0241021932671025,"solute carrier family 66 member 3","gonad"
"LOC115135976",47.0404158995611,0.634771953283738,0.289180666516346,0.00135121726869322,0.0243985094766311,"cell surface glycoprotein MUC18-like, transcript variant X1","gonad"
"LOC115107078",68.8016988132715,0.634029682919378,0.385883544049294,0.00377085278353719,0.0449397815513082,"small nuclear ribonucleoprotein F","gonad"
"LOC115127575",86.5112490489544,0.633836944404486,0.280853919809614,0.00121489441918834,0.0230487179464823,"protein transport protein Sec61 subunit gamma, transcript variant X2","gonad"
"LOC115107556",444.946854461433,0.63365465647129,0.295547518109114,0.00155984728997714,0.0264035799327087,"apolipoprotein B-100-like","gonad"
"LOC115101820",81.4538901003908,0.632996249103969,0.287491994460816,0.00137817948091834,0.0246406683705182,"cytochrome b-c1 complex subunit 6, mitochondrial-like, transcript variant X2","gonad"
"pno1",403.920307857109,0.632896797407783,0.256756580140083,0.000741962212664956,0.0174269934452069,"partner of NOB1 homolog","gonad"
"LOC115128333",58.218045031877,0.632143143846299,0.29168992750582,0.00148494891486309,0.0257258897884106,"sialoadhesin-like, transcript variant X1","gonad"
"LOC115130482",50.6600732875079,0.632019910320137,0.213701907987874,0.000187202221769251,0.00815182347611437,"mitogen-activated protein kinase kinase kinase kinase 4-like","gonad"
"LOC115115916",14.4298262158119,0.631701831581114,0.372683158667836,0.00355371747139316,0.0436732544528644,"tumor necrosis factor alpha-induced protein 3-like, transcript variant X2","gonad"
"znrd1",89.2789683354215,0.630993061364187,0.205928317804299,0.000133087933916486,0.00710689567114037,"zinc ribbon domain containing 1","gonad"
"LOC115121827",224.485461203491,0.630779106988142,0.284720618177059,0.00141145374520136,0.0248558236642831,"small nuclear ribonucleoprotein Sm D3-like","gonad"
"LOC115141178",58.3709065709929,0.630587281974678,0.248381040977629,0.000611329959156246,0.0154802046561239,"HIG1 domain family member 1A, mitochondrial-like","gonad"
"LOC115113567",540.309477878357,0.63042252260126,0.2275006982176,0.000332527622881365,0.0109571170980655,"cytosolic iron-sulfur assembly component 2B-like","gonad"
"LOC115128593",64.6489720467403,0.630177526005579,0.19365748664439,7.19768902353582e-05,0.00500361714318055,"terminal nucleotidyltransferase 4A-like, transcript variant X3","gonad"
"dnajc12",167.425235292149,0.630044479479247,0.20250426877505,0.000115905851405688,0.00649502048802988,"DnaJ heat shock protein family (Hsp40) member C12, transcript variant X1","gonad"
"rpl29",11115.9573775917,0.630035549191333,0.311054459406106,0.00252347768840754,0.0355440348415262,"ribosomal protein L29","gonad"
"pnkd",72.7819719994597,0.629484802025792,0.176731435778762,2.44201267642119e-05,0.00303679329815775,"PNKD metallo-beta-lactamase domain containing","gonad"
"LOC115146864",45.8344280301131,0.629140217043278,0.22990812263976,0.000360403743911961,0.0113013650681616,"arachidonate 5-lipoxygenase-activating protein-like, transcript variant X1","gonad"
"LOC115143141",220.191206152719,0.629028236692138,0.1622258343468,7.34161066272217e-06,0.00203520483124677,"guanine nucleotide-binding protein G(i) subunit alpha-2-like","gonad"
"LOC115119996",12.814287177734,0.628642877155822,0.375981326950741,0.00370280242422437,0.0444630164115196,"gastrula zinc finger protein XlCGF57.1-like","gonad"
"LOC115144610",575.228644900092,0.628305293584682,0.29096300309218,0.0015202804912604,0.0259907839918303,"proteasome subunit beta type-1-B","gonad"
"LOC115107006",279.700915213813,0.627549091382527,0.237716602339737,0.000474219295570332,0.013185184579441,"calphotin-like","gonad"
"meig1",81.2623592758142,0.627247066190884,0.24868776500373,0.000639782777326539,0.0158254715328892,"meiosis/spermiogenesis associated 1","gonad"
"LOC115129593",254.870710243167,0.627137828409145,0.257211989020568,0.000794820689920992,0.0180384555577569,"ubiquitin-conjugating enzyme E2 A","gonad"
"LOC115114472",24.533765306733,0.627072718186611,0.230523035852086,0.000378020129565793,0.0116635787335891,"cytochrome c oxidase assembly factor 1 homolog","gonad"
"LOC115137289",138.390924712664,0.626292040113448,0.246733894719364,0.000632690284371606,0.0157357874014396,"transmembrane protein 134-like, transcript variant X1","gonad"
"LOC115141387",95.575210423339,0.625831437039828,0.184435983798069,4.54029853180149e-05,0.00405644010041728,"receptor-binding cancer antigen expressed on SiSo cells-like","gonad"
"pfdn6",386.014138842056,0.624775398737312,0.285254192135434,0.0014570415590759,0.0254342056082181,"prefoldin subunit 6","gonad"
"LOC115127543",495.243971282821,0.624302947644805,0.312395592208508,0.0021244713539318,0.031798764964539,"phospholipase A and acyltransferase 4-like","gonad"
"LOC115107587",36.4363371721452,0.623942494631139,0.242447927877754,0.000568549966526381,0.0146213085788413,"ezrin-like, transcript variant X1","gonad"
"cdpf1",64.129634557105,0.623671693679431,0.261289193170121,0.000889857104052624,0.0192565501563521,"cysteine rich DPF motif domain containing 1, transcript variant X2","gonad"
"slc25a47",16.7505985549647,0.62277378126537,0.309471929303613,0.0020407212268713,0.0313198094632927,"solute carrier family 25 member 47, transcript variant X4","gonad"
"LOC115119474",176.733186194222,0.62271858801758,0.269548210651122,0.00110044806759255,0.0216893951726441,"neuferricin, transcript variant X1","gonad"
"LOC115145447",115.343094970515,0.622330433797366,0.280158459735969,0.0013301606991428,0.0241021932671025,"MICOS complex subunit MIC13-like","gonad"
"LOC115111849",94.3950577160073,0.621888617269029,0.33520727943509,0.00275290653266048,0.0374115052447483,"phospholipid phosphatase 1-like","gonad"
"LOC115121326",368.997496818893,0.620338346438626,0.219023663450022,0.0002835596714803,0.0100758496288854,"splicing factor 3B subunit 6","gonad"
"LOC115123537",164.41792907105,0.620130519394675,0.281967045364909,0.00140374730957534,0.0247681595263848,"NADH dehydrogenase [ubiquinone] 1 beta subcomplex subunit 4-like","gonad"
"LOC115131603",4126.25029579437,0.618247563092771,0.31497455731167,0.00270748155444855,0.0370437340637286,"40S ribosomal protein S18","gonad"
"marco",666.047948128335,0.618065716735648,0.227633593809359,0.000398513082256558,0.0120590058690835,"macrophage receptor with collagenous structure","gonad"
"commd4",201.9519543578,0.618053635597466,0.205227975226816,0.000162647462290275,0.00757186493677497,"COMM domain containing 4, transcript variant X2","gonad"
"mrpl58",53.3162102750301,0.617879216842232,0.272821829622595,0.00120666816227678,0.0229165974417335,"mitochondrial ribosomal protein L58","gonad"
"lyrm1",52.3509058129357,0.617648393419729,0.297699622234004,0.00182502851940853,0.0292713938148245,"LYR motif containing 1, transcript variant X2","gonad"
"LOC115115068",181.179961303755,0.617458343940035,0.291958464091001,0.0017156435199713,0.0282148765838758,"transcription and mRNA export factor ENY2-2, transcript variant X2","gonad"
"me2",273.063942560627,0.61701201994214,0.209505645483633,0.000197366639701289,0.00835761048150494,"malic enzyme 2","gonad"
"LOC115139186",54.0908845562286,0.61466828302197,0.302158675916346,0.00200935863588334,0.0309693679058557,"platelet-activating factor acetylhydrolase-like, transcript variant X1","gonad"
"LOC115138665",258.895975046449,0.614103304546182,0.216041631935499,0.000271816148017727,0.00983086450878456,"gem-associated protein 2-like","gonad"
"LOC115129342",83.1938964079144,0.613873612939469,0.144304520747037,1.55951643713504e-06,0.00104868816417125,"SLAM family member 7-like, transcript variant X1","gonad"
"mpc2",377.130967868947,0.613653965893252,0.278708212354337,0.00142157243817856,0.0249613821930077,"mitochondrial pyruvate carrier 2","gonad"
"trappc4",103.263927223844,0.613349498273585,0.163312383671996,1.19740643928655e-05,0.00218255135740007,"trafficking protein particle complex 4","gonad"
"pop5",47.7638116387446,0.613254045273653,0.359719329608449,0.00364312836830935,0.0440670477381909,"POP5 homolog, ribonuclease P/MRP subunit","gonad"
"LOC115133392",31.7472976734682,0.613173434360492,0.227908461064344,0.000426174513147925,0.0125407203577208,"uncharacterized LOC115133392","gonad"
"LOC115107676",35.803985039152,0.611739006018641,0.201351810997711,0.000153310324430932,0.00748838391380655,"monocarboxylate transporter 10-like, transcript variant X1","gonad"
"LOC115143303",470.815245234047,0.611366872557689,0.22005682111618,0.000336768135386396,0.0109970544353874,"signal peptidase complex subunit 1-like","gonad"
"btf3",1433.49408794571,0.611120606837509,0.257961864587949,0.00104282022762122,0.0211075184533901,"basic transcription factor 3, transcript variant X1","gonad"
"LOC115102776",759.8021211315,0.610843552635618,0.223355944778252,0.000384460756017165,0.0117711121184615,"NEDD8-like","gonad"
"LOC115130765",228.556864323333,0.610176276756263,0.228056701250619,0.000436717999347628,0.0127376184825847,"protocadherin-12-like","gonad"
"LOC115139012",399.946482893736,0.609453015550785,0.30636196897895,0.00230701383819759,0.0335626147807015,"proteasome subunit alpha type-6-like","gonad"
"LOC115104186",231.544115481312,0.609238978136349,0.2595463412138,0.00107531787219489,0.021549085306369,"ubiquitin domain-containing protein UBFD1-like, transcript variant X1","gonad"
"LOC115110327",294.210694757643,0.607884116957657,0.269170178961267,0.00126506199314636,0.0236058227621431,"ubiquitin domain-containing protein UBFD1-like, transcript variant X3","gonad"
"LOC115104365",154.484257352886,0.60750030070209,0.193124502251733,0.000108288154040963,0.00626140039734944,"guanine nucleotide-binding protein G(I)/G(S)/G(O) subunit gamma-5-like","gonad"
"LOC115140548",18.667223611334,0.606939990795003,0.351209233167932,0.00341212039016135,0.0426069173340918,"immediate early response 3-interacting protein 1-like","gonad"
"ska2",110.384531920403,0.605738445718208,0.247274544581851,0.000787293229397572,0.0179497325257739,"spindle and kinetochore associated complex subunit 2","gonad"
"chchd7",108.910979877115,0.605669244753824,0.322792156932397,0.00273771207105538,0.0373167420135747,"coiled-coil-helix-coiled-coil-helix domain containing 7, transcript variant X1","gonad"
"LOC115131902",96.1874033839821,0.605218209335107,0.334071749576665,0.00305518969140313,0.0395649244201964,"proteasome subunit alpha type-7-like","gonad"
"LOC115131384",80.956769876049,0.605094845037186,0.218792182133634,0.000350881987513884,0.0111765146759685,"unconventional myosin-Ig-like, transcript variant X2","gonad"
"LOC115112918",63.3178405298362,0.60391736954557,0.295001055106634,0.00197414794580096,0.0307398199862455,"PHD finger-like domain-containing protein 5A, transcript variant X1","gonad"
"LOC115126869",91.8927311892154,0.603895926692143,0.155515144441627,7.53557925076835e-06,0.00203520483124677,"extensin-like","gonad"
"dusp23",81.6701516909503,0.603770844171062,0.202431906156288,0.000181348183620838,0.00803062834590226,"dual specificity phosphatase 23","gonad"
"LOC115130164",63.1211391475438,0.603180399564773,0.177575143536269,4.59882671834126e-05,0.0040729901413758,"neutrophil cytosol factor 2-like, transcript variant X2","gonad"
"LOC115132503",1485.56196628864,0.601996209835783,0.251846674263914,0.00100742297351106,0.0208323137893699,"myosin light polypeptide 6-like","gonad"
"LOC115143164",303.708030681256,0.60147203476709,0.242532295974889,0.000788424023168798,0.0179497325257739,"peptidyl-prolyl cis-trans isomerase FKBP11-like","gonad"
"mcts1",436.930554377664,0.600158479570228,0.295601491263147,0.00218741591959001,0.0324466694739184,"MCTS1 re-initiation and release factor","gonad"
"LOC115146393",806.925970843833,0.60013331356373,0.244626254095838,0.000870255130699373,0.0190595321507573,"DNA-binding protein inhibitor ID-2-like","gonad"
"ndufc1",617.319977582854,0.60005401251166,0.222027872770496,0.000419273979577674,0.0124262185623649,"NADH:ubiquinone oxidoreductase subunit C1","gonad"
"rbp4",9470.12515236592,0.59991118063058,0.287584973397609,0.0021429785643112,0.0319178989447368,"retinol binding protein 4","gonad"
"ap4s1",141.268771558796,0.599585106549338,0.226367875668842,0.00048237922733946,0.0133711103077485,"adaptor related protein complex 4 subunit sigma 1","gonad"
"LOC115141885",454.540664828663,0.599211435241356,0.204055027055441,0.000198760667458664,0.00835761048150494,"high mobility group nucleosome-binding domain-containing protein 3-like","gonad"
"lmtk2",28.788863867532,0.599083516552232,0.224328962730188,0.000459655567056333,0.013019510882176,"lemur tyrosine kinase 2","gonad"
"LOC115137560",14.525614323646,0.598570045292228,0.193327516732088,0.000134021287778667,0.00712122164227235,"gastrula zinc finger protein XlCGF71.1-like","gonad"
"LOC115134118",191.247084301346,0.59768772583933,0.195097434823651,0.000144589730696332,0.00733593210398973,"class E basic helix-loop-helix protein 41-like, transcript variant X2","gonad"
"LOC115145202",1800.21866434021,0.597658622844461,0.276950150783331,0.00176493291018613,0.028754066215286,"proteasome subunit alpha type-7-like","gonad"
"LOC115143769",89.155382073381,0.5975696354172,0.361465684384031,0.00399932360555417,0.0464269305514332,"epithelial membrane protein 3-like, transcript variant X1","gonad"
"LOC115104268",658.663350933957,0.596393688437391,0.207419586872077,0.000257503316115588,0.00952185378288109,"RING-box protein 1","gonad"
"LOC115129435",62.7991457875518,0.594216100948496,0.257891444678809,0.00115498120056007,0.0222373686928617,"coiled-coil domain-containing protein 85B-like","gonad"
"LOC115123845",342.031152308674,0.593623526746508,0.263691006625832,0.00132525027191276,0.0241021932671025,"histone deacetylase complex subunit SAP18-like","gonad"
"LOC115118918",24.5255214651697,0.593365801024824,0.371861731851999,0.00434616477841948,0.0486491786171296,"rab-like protein 2A","gonad"
"LOC115102191",23.998542130997,0.592758864674488,0.22048209138265,0.000437776709249442,0.0127376184825847,"protein bassoon-like, transcript variant X1","gonad"
"mettl5",73.3631620191036,0.591948058349191,0.236943447630439,0.000724657394406625,0.0172210466660297,"methyltransferase like 5","gonad"
"LOC115146573",59.3331697054982,0.591764843895966,0.193097881908611,0.000142374883047555,0.00728157289186311,"transmembrane protein 134-like","gonad"
"LOC115103907",82.0794768440562,0.590731929629268,0.22027793899769,0.000449862871430526,0.0128779668430222,"tumor necrosis factor alpha-induced protein 8-like protein 2, transcript variant X7","gonad"
"LOC115122704",297.874384822385,0.59005096577807,0.244881758370504,0.000919732125399375,0.0196454781985307,"small nuclear ribonucleoprotein G","gonad"
"LOC115108382",485.133554825981,0.589996025949951,0.261729716859621,0.00132700953708074,0.0241021932671025,"uncharacterized protein C7orf57 homolog, transcript variant X1","gonad"
"ppil3",38.4771274305947,0.589569633996061,0.274697875328415,0.00164573315803835,0.0273763209778132,"peptidylprolyl isomerase like 3, transcript variant X1","gonad"
"LOC115131673",419.850588424692,0.589491748251106,0.215994148068558,0.000405473040066345,0.0122024842556778,"NADH dehydrogenase [ubiquinone] iron-sulfur protein 5-like","gonad"
"LOC115138938",1325.61061647725,0.589047922095516,0.287552236279055,0.00207336692639522,0.0313700415963597,"60S ribosomal protein L22-like","gonad"
"LOC115142103",342.58247203103,0.587943024663144,0.246549900990593,0.0010040955782428,0.0208098635099023,"tetranectin-like","gonad"
"LOC115102157",62.4471400534524,0.587100917273583,0.28110661569967,0.00191182343717693,0.0301835359351168,"NADH dehydrogenase [ubiquinone] 1 alpha subcomplex subunit 4-like 2","gonad"
"LOC115140116",329.06281339531,0.586234782460668,0.198011060165667,0.00020239658240334,0.00841978534267684,"ER membrane protein complex subunit 3","gonad"
"LOC115106434",52.4731830405201,0.586203478598151,0.289365385411531,0.00211520080171432,0.0317122921188483,"uncharacterized LOC115106434, transcript variant X2","gonad"
"LOC115105741",89.6219156976979,0.585831112547819,0.198079348380339,0.000204755075205802,0.0084681848415411,"protein YIPF6-like","gonad"
"LOC115102538",113.554979025916,0.585371304602822,0.234036667049208,0.000740092476160889,0.0174269934452069,"homeobox protein Hox-C3a-like, transcript variant X4","gonad"
"LOC115139656",24.5190403834213,0.58428148043045,0.341316244601331,0.003768473167571,0.0449397815513082,"NF-kappa-B inhibitor epsilon-like, transcript variant X1","gonad"
"LOC115129573",83.0139026659001,0.58309400593273,0.312213465022066,0.0029570380298667,0.0388480336253689,"glutathione S-transferase P-like","gonad"
"pigp",276.52999897714,0.582848254901993,0.262512700542508,0.00144946786424694,0.0253287185209505,"phosphatidylinositol glycan anchor biosynthesis class P","gonad"
"LOC115136166",79.1966260506069,0.582571738184253,0.256761927643045,0.00128938038287428,0.0238633947313613,"T-cell immunoglobulin and mucin domain-containing protein 4-like, transcript variant X2","gonad"
"LOC115142567",13.0679641267846,0.582340795011525,0.311637250076541,0.00296586426909471,0.0389186321972191,"integrin alpha-X-like","gonad"
"LOC115114358",112.983336098077,0.582158552884388,0.152268218762897,9.7888971257523e-06,0.00218255135740007,"la-related protein 4B-like, transcript variant X1","gonad"
"LOC115130843",40.5067320457091,0.582120058691435,0.184375615201331,0.000107586960082511,0.00626140039734944,"SAM and SH3 domain-containing protein 3-like","gonad"
"LOC115101699",76.868388931373,0.581877459135109,0.232388325506065,0.000733125898735312,0.0173768065501806,"uncharacterized LOC115101699, transcript variant X1","gonad"
"LOC115143072",281.721044944546,0.577841602145886,0.182471543850427,0.000108092986686123,0.00626140039734944,"SAP domain-containing ribonucleoprotein-like, transcript variant X2","gonad"
"lg24h1orf131",58.7949316664895,0.577425966434917,0.256209734656895,0.00136112282389007,0.0244971819826295,"linkage group 24 C1orf131 homolog, transcript variant X2","gonad"
"LOC115106857",300.34524438953,0.577421316230995,0.282132848377561,0.00212851931266722,0.031801660520743,"cysteine-rich with EGF-like domain protein 2, transcript variant X1","gonad"
"LOC115128587",601.261008252251,0.576286608596919,0.223638645109498,0.000618315545015911,0.0155462162527157,"NADH dehydrogenase [ubiquinone] iron-sulfur protein 6, mitochondrial-like","gonad"
"LOC115139502",296.029662826431,0.575810812605967,0.12234429669959,2.05947023666281e-07,0.000311597846807082,"serine/arginine-rich splicing factor 3, transcript variant X1","gonad"
"LOC115136671",157.329369828374,0.575099561418836,0.210736865755189,0.000408712836626187,0.0122250251429737,"small nuclear ribonucleoprotein Sm D2","gonad"
"LOC115113500",19911.6882513168,0.574863686879292,0.315311042732877,0.00383418729211837,0.0453212919763679,"synaptotagmin-13-like, transcript variant X2","gonad"
"LOC115131311",1349.14136362968,0.573336582133735,0.287105131128016,0.00237513417976975,0.0341108992905901,"26S proteasome complex subunit SEM1-like","gonad"
"LOC115115072",579.159271480737,0.573119837677262,0.295465843090861,0.00264151740928807,0.0365265727974365,"signal peptidase complex subunit 3","gonad"
"prxl2c",54.7988029606785,0.572928426750993,0.255722753772983,0.00140262748404057,0.0247681595263848,"peroxiredoxin like 2C","gonad"
"polr2c",263.364202037459,0.572157983453911,0.15530639282772,1.73963135231009e-05,0.00252701981890167,"RNA polymerase II subunit C","gonad"
"LOC115102245",155.152615598662,0.571361367847108,0.249885667188771,0.00126037613715766,0.0235887547986214,"pre-mRNA-splicing factor SPF27","gonad"
"LOC115110282",85.3326806669088,0.570619599756845,0.257547483859182,0.00150222403897138,0.025824802244446,"uncharacterized LOC115110282, transcript variant X2","gonad"
"LOC115105916",83.1974431126968,0.5705518520217,0.240303370295061,0.00101952686719955,0.0209395133494062,"density-regulated protein-like, transcript variant X3","gonad"
"tex15",56.4549312579967,0.56999469893672,0.164938308260081,4.09574512504418e-05,0.00389177933144043,"testis expressed 15, meiosis and synapsis associated, transcript variant X3","gonad"
"LOC115130323",1116.32980692107,0.568164790894705,0.217863673195729,0.000627562916875827,0.0156511432950515,"MOB-like protein phocein, transcript variant X5","gonad"
"LOC115128180",185.032890746929,0.567997427012797,0.228806883682216,0.000809448333786566,0.0182077914698381,"density-regulated protein-like, transcript variant X4","gonad"
"LOC115135898",35.3830075029077,0.567403467001991,0.210706588282747,0.000462029548096856,0.0130343743245688,"zinc finger and BTB domain-containing protein 21-like","gonad"
"rpl7l1",201.64291008938,0.567142078111419,0.181092175564446,0.000124496703828415,0.00680831974309849,"ribosomal protein L7 like 1","gonad"
"metrn",338.579918094741,0.567061384299412,0.193551716623123,0.000232745336145635,0.00906807794648099,"meteorin, glial cell differentiation regulator","gonad"
"LOC115121873",109.795865723897,0.566933584847975,0.316080271976017,0.00346734319879392,0.0430595643757198,"sarcoplasmic/endoplasmic reticulum calcium ATPase 2-like, transcript variant X2","gonad"
"LOC115123406",157.144388771217,0.566910528726286,0.302942438245896,0.0029996998957929,0.0390973089074056,"14 kDa phosphohistidine phosphatase-like","gonad"
"LOC115116310",477.639074753578,0.566682578460475,0.335313511823406,0.00409425299972567,0.0470646805592055,"60S ribosomal protein L32","gonad"
"LOC115141948",88.3132562165307,0.56654992773348,0.242934873665625,0.00117286385640843,0.0224666468253504,"SAM domain-containing protein SAMSN-1-like, transcript variant X1","gonad"
"acp1",176.468767891195,0.565049110200325,0.254392840244278,0.00148308188508381,0.0257180847235737,"acid phosphatase 1, transcript variant X1","gonad"
"LOC115135299",119.396703472744,0.564007297674052,0.23044849015838,0.000877948748549185,0.0190897328682127,"protein FAM204A-like","gonad"
"LOC115114467",191.387048848185,0.562329924383055,0.232853432222064,0.000994587498937795,0.0206846857167407,"C-C chemokine receptor type 8-like","gonad"
"LOC115131667",482.887744737117,0.562278210020008,0.218398310805871,0.000656044858274584,0.0161693783552382,"zinc finger protein 706-like, transcript variant X1","gonad"
"ddx49",116.427202757873,0.561778654793298,0.22726311473819,0.00084036627843067,0.0186752633429464,"DEAD-box helicase 49","gonad"
"LOC115143420",990.450572826454,0.561460343139954,0.26958790773553,0.00205271217491809,0.0313213834236536,"prothymosin alpha-like, transcript variant X1","gonad"
"LOC115123974",114.868988850096,0.561261053690703,0.158833613689046,3.15296310334421e-05,0.00345486080624845,"cell growth regulator with RING finger domain protein 1-like, transcript variant X3","gonad"
"LOC115138930",868.720210953482,0.561185100122937,0.201631654248485,0.000343315692037129,0.0110702363010125,"ATPase inhibitor B, mitochondrial-like, transcript variant X2","gonad"
"lg9ah12orf73",102.486728211932,0.560876863548898,0.266694522242633,0.00194534472688165,0.030474223428397,"linkage group 9a C12orf73 homolog","gonad"
"LOC115124462",114.743587320174,0.560268739148368,0.172319764261088,8.5295712311987e-05,0.0055483294816665,"EMILIN-1-like","gonad"
"LOC115114914",3788.56878937239,0.560137793950774,0.292512648820003,0.00290691052218196,0.038467833411615,"60S ribosomal protein L24-like","gonad"
"LOC115105718",273.727829026409,0.560112369028764,0.21687990307907,0.000627522348380826,0.0156511432950515,"charged multivesicular body protein 1b-like","gonad"
"LOC115124500",37.0729111806585,0.559373414970309,0.25069267449109,0.00148905213172174,0.0257723837021353,"sialoadhesin-like","gonad"
"polr2h",82.6712592868521,0.559130483906725,0.285199117358756,0.00258678763730853,0.036099705106052,"RNA polymerase II subunit H","gonad"
"LOC115103537",138.891987978018,0.559100103020204,0.257181991889077,0.00169702699965416,0.0279646378278676,"small ubiquitin-related modifier 2","gonad"
"LOC115112360",109.429487071276,0.55869515426409,0.206096429836143,0.000444122289468096,0.0127870306457385,"cytochrome b-245 light chain-like","gonad"
"LOC115139912",50.3131876750984,0.558601715753432,0.257812556793146,0.00173195105678543,0.0284119823328264,"breakpoint cluster region protein-like, transcript variant X2","gonad"
"LOC115106549",94.5527275892161,0.558457952881485,0.266594270898089,0.00199281268087323,0.0308657005969608,"phosphorylase b kinase gamma catalytic chain, liver/testis isoform-like, transcript variant X3","gonad"
"LOC115113712",9815.36617351143,0.558324841791246,0.25278021533425,0.00206263442253921,0.0313262510720951,"ferritin, heavy subunit-like","gonad"
"LOC115106146",84.9295561746498,0.558037100458824,0.195247654490733,0.000288993514769154,0.0101389553880559,"C-factor-like","gonad"
"tmco1",218.409512122959,0.557008364719668,0.236383243842519,0.00111126624800609,0.0217181377812687,"transmembrane and coiled-coil domains 1","gonad"
"LOC115125168",84.9683638392545,0.556650881803182,0.341665071920916,0.00453421716239334,0.0498435875094597,"U6 snRNA-associated Sm-like protein LSm5","gonad"
"pold3",65.9278497565508,0.555344221141512,0.196110571454432,0.000317406004634554,0.0106718952224907,"DNA polymerase delta 3, accessory subunit","gonad"
"LOC115136198",212.076328685338,0.554434498373548,0.300699101648164,0.00328759664442031,0.0415956665874524,"prolyl 4-hydroxylase subunit alpha-2-like, transcript variant X2","gonad"
"LOC115133106",61.2304114727794,0.552293141799589,0.194468049428193,0.000312062790221731,0.010570544812063,"death domain-containing protein CRADD-like","gonad"
"LOC115105479",128.70360466706,0.551514828467744,0.238522618451385,0.00126041020191262,0.0235887547986214,"spindle and kinetochore-associated protein 2","gonad"
"LOC115140820",24.5499188534505,0.550990814805071,0.197616280369822,0.000378378931156862,0.0116635787335891,"zinc finger MYM-type protein 1-like, transcript variant X1","gonad"
"LOC115106897",360.383176946654,0.550818751479945,0.205984275454041,0.000484276237997144,0.0133713160886435,"V-type proton ATPase subunit F-like","gonad"
"ripor2",47.2308406037081,0.55066555460955,0.184265849978654,0.000197186385257384,0.00835761048150494,"RHO family interacting cell polarization regulator 2, transcript variant X1","gonad"
"LOC115108186",149.329842569566,0.550534460075818,0.216815536286241,0.000724547439270824,0.0172210466660297,"solute carrier family 35 member E1-like","gonad"
"mmab",99.6984132118718,0.549682021606397,0.261917528926584,0.00208296749525544,0.031462860103043,"metabolism of cobalamin associated B","gonad"
"LOC115113037",192.146814390729,0.54925169818539,0.204914008629991,0.000496604733911402,0.0135920554227591,"F-box only protein 9-like","gonad"
"LOC115107027",219.913528072987,0.549231615354062,0.145327103390007,1.27934016917517e-05,0.00218255135740007,"neuroepithelial cell-transforming gene 1 protein-like","gonad"
"LOC115142412",3465.95955880831,0.548910475765817,0.290087089445939,0.00340016694339546,0.0424868761350916,"40S ribosomal protein S15a","gonad"
"LOC115106660",260.935002167815,0.548440331262177,0.202458697116985,0.000464301080933426,0.0130343743245688,"endonuclease domain-containing 1 protein-like","gonad"
"LOC115106928",371.852098921355,0.548358624295563,0.215872984990965,0.000694224604881324,0.0167166338544102,"aldo-keto reductase family 1 member B1-like","gonad"
"LOC115117582",125.151802524527,0.547661407586494,0.192291184300662,0.000308448342801584,0.0105094538645953,"NADH dehydrogenase [ubiquinone] 1 alpha subcomplex subunit 3-like","gonad"
"LOC115111267",633.415857582816,0.547305061096536,0.253943832883724,0.00183589636296009,0.0293937692821018,"transmembrane emp24 domain-containing protein 7-like","gonad"
"lypd6",27.5823261441289,0.547225730763547,0.267509229374188,0.00231027351000006,0.0335831271797927,"LY6/PLAUR domain containing 6","gonad"
"pxdc1",58.1816754400867,0.546160077663964,0.21215656523101,0.000657406343087646,0.0161693783552382,"PX domain containing 1, transcript variant X2","gonad"
"LOC115121194",217.879672674046,0.545213831250997,0.252646693995889,0.00180626177615596,0.0291292593466683,"anaphase-promoting complex subunit CDC26-like, transcript variant X1","gonad"
"LOC115119004",1570.76050099733,0.545176759536209,0.309308623311694,0.00387735446062929,0.0455940722714931,"60S ribosomal protein L35","gonad"
"ociad1",236.008883782551,0.545115195645531,0.232644989677082,0.00118397915779929,0.0225593657587237,"OCIA domain containing 1, transcript variant X2","gonad"
"LOC115102506",168.513436236498,0.54505976208988,0.200702211114593,0.00045712415800267,0.0129680409573382,"adenosine deaminase-like","gonad"
"LOC115141799",114.02253307099,0.545045494377046,0.209526374450366,0.000620611714221576,0.0155462162527157,"ribosome maturation protein SBDS-like","gonad"
"LOC115137492",784.327557314732,0.544958043203898,0.192502286072779,0.000313448298145994,0.0105780061359455,"high mobility group protein B2-like","gonad"
"LOC115138705",1935.11347638737,0.544745965721952,0.277781257600934,0.00290493839011644,0.038467833411615,"proteasome subunit alpha type-3","gonad"
"LOC115117859",136.424131940618,0.54421054208975,0.211546086264694,0.00066913016406939,0.0163275369929722,"protein kish-A-like","gonad"
"itprip",49.6366690445666,0.543544620487803,0.14152748885978,9.81483499543326e-06,0.00218255135740007,"inositol 1,4,5-trisphosphate receptor interacting protein, transcript variant X2","gonad"
"lg27h12orf49",31.6008303918863,0.543210366727887,0.23208350044239,0.00117431415715232,0.0224666468253504,"linkage group 27 C12orf49 homolog","gonad"
"rpl22l1",498.866126385632,0.54291129804324,0.264268113918613,0.00226859238567601,0.0332519456583308,"ribosomal protein L22 like 1","gonad"
"mrps17",141.564069875145,0.542835258527184,0.270951149191922,0.00250397425595197,0.0355004688286836,"mitochondrial ribosomal protein S17, transcript variant X1","gonad"
"LOC115131889",70.8237652548134,0.542173112481877,0.228232961081857,0.00110688382343848,0.0216956733049279,"dual specificity protein phosphatase 7-like","gonad"
"LOC115135915",134.282607662441,0.542172349776681,0.196167748393093,0.000402705885629355,0.0121453954476521,"uncharacterized LOC115135915, transcript variant X4","gonad"
"LOC115117696",212.916986408852,0.541732064048449,0.219215627743276,0.000874486515361559,0.0190897328682127,"splicing factor U2AF 35 kDa subunit-like","gonad"
"LOC115111788",118.416020454865,0.541684917393048,0.237715433832596,0.00138477932399876,0.02466582139651,"caspase-3-like","gonad"
"LOC115109887",527.913823016278,0.54166515929801,0.205910586888588,0.000559480737925668,0.0144384723578429,"RING-box protein 1","gonad"
"LOC115113513",103.111134939692,0.541601243916821,0.218556404664605,0.000858093300791223,0.0188842932959581,"trafficking protein particle complex subunit 2, transcript variant X2","gonad"
"LOC115128691",362.14690096755,0.540644578440539,0.285768499539254,0.0031101273130641,0.0400237516885935,"cytochrome c oxidase copper chaperone-like, transcript variant X2","gonad"
"LOC115132769",27216.8609390301,0.539592440309515,0.233409534044919,0.00176972426184971,0.028754066215286,"extracellular matrix protein 1-like","gonad"
"LOC115134211",177.703194110791,0.539249048522409,0.177823879940374,0.000180268019297349,0.00802192685873205,"serine/threonine-protein kinase 17B-like","gonad"
"LOC115114693",56.4598973010929,0.539012044808934,0.155769080996666,4.20351085720438e-05,0.00389177933144043,"caspase-8-like, transcript variant X2","gonad"
"LOC115122809",346.092967747344,0.53863175919125,0.223481060346523,0.00102641003511567,0.020992161884297,"coatomer subunit zeta-1-like, transcript variant X3","gonad"
"dpp7",381.130060202328,0.53831666121071,0.184010973890812,0.000255266741655583,0.00949717819979254,"dipeptidyl peptidase 7","gonad"
"LOC115113733",328.644205595564,0.537482876190946,0.19721784612478,0.000448278668710344,0.0128779668430222,"transmembrane protein 9B-like","gonad"
"LOC115143686",38.2853358266324,0.537350449015709,0.222484552438905,0.00100949981642544,0.020851511566576,"guanine nucleotide exchange factor MSS4-like","gonad"
"LOC115112430",113.244712787178,0.537238464705843,0.193522891806068,0.000389861784392708,0.0118565000962044,"succinate dehydrogenase assembly factor 2, mitochondrial-like","gonad"
"LOC115101612",93.0417972184648,0.536878458266931,0.234007603572967,0.00136350439017803,0.0244971819826295,"dolichol-phosphate mannosyltransferase subunit 1-like, transcript variant X2","gonad"
"LOC115144348",246.404214921749,0.536846464868739,0.23279017399635,0.001309401720044,0.0239169996268802,"translation machinery-associated protein 7-like","gonad"
"zcrb1",114.629350483599,0.536719058874304,0.271123891396667,0.0026864005793652,0.0368943183955784,"zinc finger CCHC-type and RNA binding motif containing 1","gonad"
"LOC115140061",379.492056389103,0.536309980789035,0.20943496804767,0.000710327001658343,0.0169916957076533,"transmembrane emp24 domain-containing protein 2-like, transcript variant X1","gonad"
"lzic",46.3441324651086,0.53629914129707,0.252554146765306,0.00194025751573904,0.0304471179392895,"leucine zipper and CTNNBIP1 domain containing, transcript variant X3","gonad"
"LOC115115108",221.200908845259,0.535413733909828,0.232404378622437,0.00129589730463642,0.0239092064159742,"thiosulfate sulfurtransferase/rhodanese-like domain-containing protein 3","gonad"
"LOC115121568",858.881019527912,0.535148569108848,0.229708103723952,0.00128016774160896,0.0237412926625662,"V-type proton ATPase subunit e 1-like","gonad"
"LOC115129347",48.0419400847096,0.53455295603558,0.285835052026555,0.00323532166299965,0.0410772728065886,"putative pregnancy-specific beta-1-glycoprotein 7, transcript variant X3","gonad"
"LOC115138225",753.200000520577,0.53453447932563,0.248468385878128,0.00197024381971503,0.0307053620521425,"oligosaccharyltransferase complex subunit ostc-like","gonad"
"LOC115134145",27.4959208156278,0.534068741482057,0.278543187779645,0.00298590897683012,0.0390738907925679,"zinc finger and SCAN domain-containing protein 2-like","gonad"
"LOC115128329",283.179038899983,0.533432619876081,0.233548761480082,0.00141651776959693,0.0249208300627924,"NADH dehydrogenase [ubiquinone] iron-sulfur protein 5-like, transcript variant X1","gonad"
"LOC115139674",726.774519868615,0.533192225304686,0.251845694528132,0.00208971856431812,0.031510734131549,"ADP-ribosylation factor-like protein 6-interacting protein 4","gonad"
"ppt1",326.954015666644,0.533077041594203,0.171806839453566,0.000149301028682644,0.00740681895158368,"palmitoyl-protein thioesterase 1","gonad"
"LOC115111015",677.715952300284,0.530348100336001,0.268001937847643,0.00295089295130821,0.0388234872637333,"cytochrome c oxidase subunit 6A, mitochondrial-like","gonad"
"supt4h1",108.836601810475,0.529041870720505,0.202338431844122,0.000620032954380983,0.0155462162527157,"SPT4 homolog, DSIF elongation factor subunit","gonad"
"LOC115104171",15.0229074174909,0.528942250682287,0.293136918329333,0.0038132094914165,0.0452500859648091,"transmembrane protein 184B-like, transcript variant X2","gonad"
"LOC115133189",451.954536080717,0.528432787633176,0.254005726433606,0.0022386791905379,0.0330182448281122,"short transmembrane mitochondrial protein 1","gonad"
"LOC115102480",47.7853862803868,0.528226273366895,0.263740292841923,0.00261513531311769,0.0363277710366984,"pleckstrin homology domain-containing family G member 5-like, transcript variant X4","gonad"
"LOC115142187",143.936131509649,0.528124101343178,0.26821132984949,0.00276614384448182,0.037491005888381,"small nuclear ribonucleoprotein Sm D2-like","gonad"
"LOC115143093",118.808330632224,0.527927800387598,0.254321256985392,0.00224162176904155,0.0330348091223363,"coatomer subunit zeta-1","gonad"
"LOC115104862",93.9744923020003,0.527860379732169,0.22795140006388,0.00131911904019251,0.0240219912675378,"programmed cell death protein 6, transcript variant X1","gonad"
"LOC115101900",888.204695398302,0.526469658257285,0.221035207096658,0.00117361272382593,0.0224666468253504,"gamma-secretase subunit PEN-2","gonad"
"LOC115101984",94.6583348881715,0.526059950237441,0.207143455418644,0.000759620998087185,0.0175728330653349,"zinc-binding protein A33-like","gonad"
"utp11",123.73261633573,0.52512602473943,0.247847686137019,0.00211944372069961,0.031749686627906,"UTP11 small subunit processome component","gonad"
"ap3s1",156.725893062292,0.524928054767001,0.23097387241616,0.00147466467871227,0.0256210640255502,"adaptor related protein complex 3 subunit sigma 1","gonad"
"LOC115123534",1162.69391395843,0.524400859521999,0.292407429914521,0.00433210018635405,0.0485516117181754,"proteasome maturation protein-like","gonad"
"LOC115119282",35.4309157828928,0.524051022535779,0.201416147181262,0.000669972188795126,0.0163275369929722,"coiled-coil domain-containing protein 50-like, transcript variant X1","gonad"
"LOC115145617",1888.46947619095,0.523999928821504,0.196937830033042,0.000591714452169717,0.0150118242428467,"high mobility group protein B2-like, transcript variant X2","gonad"
"LOC115114130",117.60509273899,0.523855603533652,0.300983284435278,0.00418468025048019,0.0475153562399739,"beta-1,3-galactosyltransferase 2-like, transcript variant X1","gonad"
"commd1",79.9831023993373,0.523761771733671,0.245746507234696,0.00202787578933236,0.031181665077949,"copper metabolism domain containing 1, transcript variant X1","gonad"
"eif3j",404.539540964009,0.523419447161425,0.192635955352371,0.000484596055647028,0.0133713160886435,"eukaryotic translation initiation factor 3 subunit J","gonad"
"atg12",256.207857556005,0.523347773110023,0.234257309434295,0.00158463668391524,0.0266747581851974,"autophagy related 12","gonad"
"LOC115118723",326.665635302896,0.523265603431214,0.168925254947501,0.000152992709588965,0.00748838391380655,"eukaryotic translation initiation factor 3 subunit J-A-like","gonad"
"cdkn2c",35.1142907614979,0.523092138750355,0.224880767349028,0.0012932524109388,0.0239092064159742,"cyclin dependent kinase inhibitor 2C, transcript variant X3","gonad"
"LOC115110805",50.3698277850629,0.521958685454852,0.284113567710155,0.00361436969790465,0.0439044045778176,"solute carrier family 35 member B1-like","gonad"
"LOC115144978",469.323472485082,0.5218237309941,0.156835232292593,7.1591795819279e-05,0.00500105264007145,"inhibitor of growth protein 5-like","gonad"
"LOC115135106",43.6142618522253,0.521274461332115,0.277108481253894,0.00330744583385389,0.041759378692247,"pleckstrin-like","gonad"
"rdm1",31.5735347633708,0.520630364252101,0.284148100940318,0.00367296232647371,0.0442804143422687,"RAD52 motif containing 1","gonad"
"LOC115107129",134.142464520553,0.520565494257843,0.186257795189219,0.000384284145976417,0.0117711121184615,"diphosphoinositol polyphosphate phosphohydrolase 3-beta-like","gonad"
"LOC115131238",130.432729253297,0.520484955948464,0.209827922722694,0.000902582342846649,0.0194392467576794,"alpha-taxilin-like","gonad"
"LOC115126144",134.963070526943,0.520233087388068,0.292547419628454,0.00397008423060892,0.0462056726223946,"enhancer of rudimentary homolog","gonad"
"LOC115117972",65.1473661101399,0.520118290058724,0.181026315588579,0.000306283767444389,0.0104922416636233,"uncharacterized LOC115117972","gonad"
"LOC115122307",3306.03276441652,0.519508483256614,0.286758315079256,0.00380222221920158,0.0451787608716125,"40S ribosomal protein S15a","gonad"
"LOC115129756",224.870415882167,0.519256086896841,0.219329596937934,0.00118413062172636,0.0225593657587237,"grancalcin-like","gonad"
"LOC115101471",139.405227141234,0.518759762078492,0.226213787860042,0.00143500157191313,0.0251728391687486,"protein CXorf40A-like","gonad"
"mrpl28",153.052443528947,0.51857543080721,0.167978944919045,0.000159244841550434,0.00749762792646944,"mitochondrial ribosomal protein L28","gonad"
"LOC115130773",319.107168278711,0.517922980959148,0.189227647407163,0.000465710070129765,0.0130343743245688,"nucleophosmin-like","gonad"
"LOC115128712",114.001970129582,0.516301210963592,0.151192673978548,5.29740525557553e-05,0.00436590695038226,"src-like-adapter","gonad"
"LOC115112261",83.8605856112526,0.516114632967675,0.135274753152846,1.2072955774462e-05,0.00218255135740007,"myotubularin-related protein 10-like","gonad"
"LOC115111903",42.9802955566912,0.516014993871557,0.172380680755981,0.000219215072382513,0.00884693467819137,"scavenger receptor class F member 2-like, transcript variant X2","gonad"
"LOC115139203",34.7833414889026,0.51509451127645,0.164237794837542,0.000139228593816211,0.00720180726304026,"CLOCK-interacting pacemaker-like","gonad"
"LOC115133712",30.0928768735072,0.514899989069222,0.254749293544165,0.00259051186052668,0.0361239119352706,"pseudouridine-5'-phosphatase-like","gonad"
"LOC115139194",269.111851400571,0.514509214145327,0.220087814508302,0.00130461775510651,0.0239092064159742,"peptidyl-prolyl cis-trans isomerase FKBP3-like, transcript variant X1","gonad"
"LOC115146407",224.129220421053,0.513887679820921,0.203981703028323,0.000834150561093877,0.0185709651462218,"akirin-2-like, transcript variant X1","gonad"
"LOC115132932",226.926716896936,0.513876639846885,0.217835185211905,0.00124330976860464,0.0233780372014191,"grancalcin-like","gonad"
"LOC115128961",29.8301445905075,0.513487002689584,0.277922931293045,0.00357524859331652,0.0437567522040874,"nucleoredoxin-like protein 2","gonad"
"mrpl35",94.8991988368335,0.513263589253441,0.242571801915541,0.002142916691942,0.0319178989447368,"mitochondrial ribosomal protein L35","gonad"
"LOC115115370",115.023092074993,0.512912362156979,0.233778206932403,0.00182462947736798,0.0292713938148245,"retinol dehydrogenase 7-like, transcript variant X1","gonad"
"LOC115113383",122.356973740666,0.512787632133472,0.158573643889416,9.99381674339786e-05,0.00604096165010732,"protein FAM204A-like, transcript variant X2","gonad"
"psmg1",138.621314019358,0.511103639841829,0.262880869590664,0.00308093957906656,0.0397669437299898,"proteasome assembly chaperone 1, transcript variant X2","gonad"
"LOC115108938",594.31323758735,0.510982188108285,0.11979415967199,1.84485640063364e-06,0.00108049073580337,"eukaryotic translation initiation factor 4 gamma 2-like","gonad"
"LOC115133216",582.613670627003,0.510344425160931,0.167819771681043,0.000190243502735245,0.00822283478254195,"ADP-ribosylation factor 4","gonad"
"LOC115110339",214.471275469564,0.510142209435926,0.201033842380135,0.00080777732213941,0.0182077914698381,"SUMO-conjugating enzyme UBC9-B, transcript variant X3","gonad"
"LOC115141460",291.563516471009,0.51005843096788,0.188301821465457,0.00051036649070657,0.013751836184191,"probable signal peptidase complex subunit 2","gonad"
"LOC115103264",102.728863659586,0.509847150366406,0.253737415222385,0.00265139723917428,0.0365796111507965,"DET1- and DDB1-associated protein 1-like","gonad"
"ppie",71.3729138827749,0.508741520490225,0.257004778201511,0.00286037161103704,0.0381402586135447,"peptidylprolyl isomerase E","gonad"
"LOC115141104",321.776400214723,0.506990172728334,0.16122474878935,0.000136524462936883,0.0071626947472372,"RNA-binding protein 8A, transcript variant X2","gonad"
"LOC115143168",196.634761756021,0.506763705060995,0.179786005123193,0.000373239783086964,0.011564063996121,"5'-AMP-activated protein kinase subunit gamma-1-like","gonad"
"lg22hxorf56",177.693746106978,0.506389231573603,0.201032997288416,0.000854954580911886,0.018860942127626,"linkage group 22 CXorf56 homolog","gonad"
"LOC115143992",53.1864555308774,0.505748372539571,0.28913386049928,0.00435231400481098,0.0486621399706661,"cytochrome c oxidase assembly protein COX19","gonad"
"LOC115106194",32.3311491274017,0.50563615634204,0.207230417998428,0.00105553432094255,0.0212936457011476,"putative nuclease HARBI1","gonad"
"cope",425.985933408795,0.505471265747293,0.208454465243609,0.00109058526205466,0.0215753019183465,"coatomer protein complex subunit epsilon","gonad"
"LOC115103064",113.675077326726,0.505364668361025,0.165713729206441,0.000189156300113416,0.00821608082502197,"DENN domain-containing protein 4B-like, transcript variant X1","gonad"
"LOC115113538",162.919160229971,0.504033094372769,0.202352676776327,0.000919341626402147,0.0196454781985307,"origin recognition complex subunit 6-like","gonad"
"LOC115118661",22.1594651277217,0.503337220742695,0.249645460406748,0.00270500750626491,0.0370437340637286,"zinc finger protein OZF-like","gonad"
"LOC115142016",596.267730742837,0.502735264396753,0.23807594989001,0.00225711637027189,0.0331823520798837,"cytochrome c oxidase subunit 6B1-like","gonad"
"LOC115111622",630.015290839336,0.502721050455056,0.207434439294625,0.00113644483307001,0.022078728948186,"26S proteasome non-ATPase regulatory subunit 9-like","gonad"
"LOC115131303",499.936091045872,0.502683029322144,0.258801354134666,0.00314539028309306,0.0402734174752028,"cytochrome b-c1 complex subunit 7-like","gonad"
"trappc6b",61.4953508771111,0.502475284053195,0.197275944730338,0.000788777370484892,0.0179497325257739,"trafficking protein particle complex 6B, transcript variant X1","gonad"
"LOC115102929",190.220671100234,0.502444225795831,0.164474487700331,0.000187227935092515,0.00815182347611437,"NPC intracellular cholesterol transporter 1-like","gonad"
"LOC115131912",789.073093555577,0.50218599295628,0.213433665445767,0.001315484681864,0.0239868556179422,"prostaglandin E synthase 3-like, transcript variant X1","gonad"
"LOC115144421",440.004920306092,0.502107251556198,0.268275298657251,0.00358555243352489,0.0438379057125104,"mitochondrial pyruvate carrier 1-like","gonad"
"LOC115122703",139.097348309099,0.50200293670279,0.278170774479172,0.00402198916345211,0.0464909052797379,"pyridoxal phosphate homeostasis protein-like, transcript variant X1","gonad"
"LOC115135747",23.1646835998368,0.501628744332852,0.252705453938333,0.00288902659954596,0.0383626498917444,"adrenodoxin-like","gonad"
"LOC115112951",238.533567652192,0.501166056037235,0.17923535444864,0.000407632591417346,0.0122128338775138,"glycine N-acyltransferase-like, transcript variant X4","gonad"
"LOC115105473",48.4253341159984,0.500875201526382,0.179405633923953,0.00041525144219927,0.0123798114689162,"E3 ubiquitin-protein ligase CBL-like","gonad"
"LOC115144144",108.685120175687,0.500135765489807,0.174758304415014,0.000338241825300287,0.011005588853319,"growth arrest-specific protein 7-like, transcript variant X2","gonad"
"LOC115136381",195.956760705901,0.499774187800362,0.24454397018763,0.00257036786107485,0.0360089497574652,"mitochondrial fission 1 protein-like","gonad"
"LOC115133349",472.915658566119,0.499424101753071,0.165660526141193,0.000212366570224489,0.00868407083107166,"ER membrane protein complex subunit 4, transcript variant X2","gonad"
"cops6",233.626289442369,0.498991542943666,0.195663575238547,0.000802620578716259,0.0181474212044488,"COP9 signalosome subunit 6","gonad"
"LOC115133217",311.517590083572,0.497342888525232,0.203599008734055,0.00107127945254274,0.0215156523676615,"V-type proton ATPase subunit F","gonad"
"LOC115137909",100.401901027512,0.497211391985832,0.243096341683112,0.00260527748059552,0.0362185435970079,"ER membrane protein complex subunit 4-like, transcript variant X2","gonad"
"lg18h15orf41",28.1819265475094,0.496538503689124,0.215685837351043,0.00152660132142967,0.0260601987098697,"linkage group 18 C15orf41 homolog, transcript variant X1","gonad"
"LOC115109157",36.6785497353902,0.495575757761857,0.227266763073712,0.00195897984315374,0.0306086385820131,"solute carrier family 35 member E1-like","gonad"
"LOC115135474",214.962198482666,0.495261013445053,0.199366459101466,0.000968407528527683,0.0203735887461745,"protein CXorf40A-like","gonad"
"LOC115147170",555.290132401046,0.495235218894863,0.2032822367302,0.00108123506044809,0.0215753019183465,"V-type proton ATPase subunit G 1-like","gonad"
"LOC115145306",373.989924813289,0.495066852441136,0.162028010574949,0.000190670491487671,0.00822283478254195,"influenza virus NS1A-binding protein homolog A-like, transcript variant X1","gonad"
"LOC115109934",19.6294183409904,0.494706744342592,0.208314408985653,0.00127142866580547,0.0236759578013991,"rho GTPase-activating protein 15-like, transcript variant X3","gonad"
"LOC115104137",65.0736915544693,0.493941989984895,0.254901957786582,0.00321435558619595,0.0408682353102056,"coiled-coil domain-containing protein 43-like","gonad"
"LOC115124141",27.1212771831125,0.493535659870041,0.259812539099168,0.00346048217589592,0.0430037743912158,"rho-related GTP-binding protein RhoG-like","gonad"
"LOC115102521",123.797434216589,0.493137125256906,0.188137164281151,0.000679443472718583,0.0164699274908927,"probable Bax inhibitor 1, transcript variant X2","gonad"
"LOC115146198",83.3895624274876,0.493015560788068,0.19071779962775,0.000744747963211642,0.0174472826065427,"ADP-ribosylation factor 6-like","gonad"
"LOC115111831",695.918832556874,0.492835645354133,0.248616277170399,0.00308796622345752,0.0397907130965895,"small integral membrane protein 15, transcript variant X1","gonad"
"LOC115116375",497.929295796466,0.492427914510302,0.190737487148387,0.000752135879801905,0.0175497902621226,"NADH dehydrogenase [ubiquinone] 1 alpha subcomplex subunit 13-like","gonad"
"LOC115142238",14.067681512363,0.491548088949028,0.239746249506608,0.0026508300646292,0.0365796111507965,"PHD finger protein 1-like","gonad"
"LOC115143101",324.479353406777,0.489612488602137,0.138079871630897,3.63086210587833e-05,0.0037308121330766,"extended synaptotagmin-1-like","gonad"
"LOC115143008",159.077408798814,0.489506843698263,0.171613032568296,0.000355663066929397,0.0112498582633626,"golgin subfamily A member 7-like, transcript variant X2","gonad"
"LOC115132376",15.9246808488947,0.488850589395913,0.264696794973864,0.00387442223292251,0.0455891186396248,"solute carrier family 52, riboflavin transporter, member 3-A-like, transcript variant X1","gonad"
"LOC115110442",109.357777645819,0.488610957188578,0.232546694496023,0.00236768020709145,0.0340986734823224,"trafficking protein particle complex subunit 5-like, transcript variant X1","gonad"
"LOC115145942",265.957215992264,0.488284909235354,0.162301909981155,0.000222235132526249,0.00892677227023579,"trifunctional enzyme subunit alpha, mitochondrial-like","gonad"
"LOC115128481",469.426743734466,0.488218962402408,0.238498486197762,0.00270744443550923,0.0370437340637286,"cytosolic non-specific dipeptidase-like","gonad"
"plp2",321.161522416891,0.486791522624375,0.246906622424891,0.00312488454997495,0.0400805317743154,"proteolipid protein 2","gonad"
"LOC115124087",69.6759231266077,0.486132225176336,0.192298201030529,0.000872942367318516,0.0190897328682127,"programmed cell death protein 10-B, transcript variant X2","gonad"
"LOC115138312",65.5042075354281,0.485864864687376,0.19279510212547,0.000890982406232228,0.0192579482947052,"akirin-2-like","gonad"
"psmg4",106.087572566353,0.485603837813185,0.165601936929082,0.000281095426514003,0.0100266572962441,"proteasome assembly chaperone 4","gonad"
"LOC115129375",222.152287009028,0.485504745981211,0.191019280781899,0.000859823236448516,0.018899456030217,"plastin-2-like","gonad"
"LOC115112349",34.4128484630244,0.485250750036415,0.208436847565424,0.00148117553721966,0.0257095822693691,"tyrosine-protein kinase Fes/Fps-like, transcript variant X1","gonad"
"LOC115146028",125.976235557051,0.484357480538764,0.21558074133521,0.00176609966374842,0.028754066215286,"EH domain-containing protein 4-like","gonad"
"LOC115141601",35.4517647175917,0.484218904146486,0.196392104248072,0.00104064061845834,0.0210904820855749,"uncharacterized LOC115141601","gonad"
"LOC115145795",43.9234669935409,0.484204610866795,0.193991261642637,0.00095986378558134,0.0202561038259788,"melatonin receptor type 1A-A","gonad"
"LOC115118597",814.963143705283,0.483100900237586,0.181824413353155,0.000637857604963926,0.0158209599395151,"nascent polypeptide-associated complex subunit alpha-like, transcript variant X1","gonad"
"LOC115103322",1446.11169425595,0.48246830796042,0.251188042948257,0.00350683588078505,0.0434015761769144,"profilin-2-like, transcript variant X2","gonad"
"LOC115133160",53.5157805224811,0.482355947829573,0.204660516298128,0.00140543278169854,0.024773822897591,"phosphatidylinositol 4,5-bisphosphate 3-kinase catalytic subunit gamma isoform-like, transcript variant X1","gonad"
"LOC115117273",337.874395917104,0.481969198880327,0.189098495429489,0.000852853114087592,0.0188604155168993,"eukaryotic translation initiation factor 3 subunit J-A-like","gonad"
"LOC115111026",88.428837778894,0.481864216064362,0.243810311218475,0.00308174101278341,0.0397669437299898,"transmembrane protein 230-like","gonad"
"plekhj1",183.174048747024,0.481784899871445,0.235235586427659,0.00273504958365228,0.0373084599855678,"pleckstrin homology domain containing J1","gonad"
"LOC115113789",277.118975205808,0.481278951370068,0.240707981521767,0.00301640676098896,0.039202491877248,"signal peptidase complex catalytic subunit SEC11A-like","gonad"
"LOC115111393",13.4181481701815,0.480906678584766,0.26490001276527,0.00432450682118657,0.0484964458588409,"ras-related protein Rab-27B-like","gonad"
"LOC115119134",577.403818269177,0.479123208873918,0.187497954884208,0.000830898560307076,0.0185329167824758,"glutathione-specific gamma-glutamylcyclotransferase 1-like","gonad"
"LOC115140778",1177.16388030451,0.479003039630111,0.177343245167713,0.000578252597192945,0.0148078337865093,"retinol-binding protein 1-like, transcript variant X2","gonad"
"LOC115139615",894.07975541194,0.478883436722718,0.174704194115393,0.000500091808657417,0.0135920554227591,"guanine nucleotide-binding protein G(k) subunit alpha-like","gonad"
"LOC115120542",46.0392153272745,0.478578952301999,0.173124323271987,0.000469119716337691,0.0131024968924508,"MFS-type transporter SLC18B1-like, transcript variant X1","gonad"
"LOC115102094",1795.7619289095,0.478486023799521,0.217093310618707,0.00238928098435383,0.0342111873437919,"phospholemman-like, transcript variant X2","gonad"
"LOC115139151",204.753865808168,0.478238755465293,0.254495219123603,0.00385007081998147,0.0454608458311761,"calmodulin","gonad"
"LOC115105106",81.7254215412378,0.477285289862194,0.190950200100269,0.000986722896656339,0.0205724020142701,"B-cell receptor CD22-like, transcript variant X2","gonad"
"LOC115109576",34.272539322933,0.476795505167626,0.199415030499608,0.00128237912030772,0.0237580360288847,"thromboxane-A synthase-like","gonad"
"LOC115117362",44.6353383055691,0.476632379792726,0.219451043666886,0.00211499795092397,0.0317122921188483,"tyrosine-protein phosphatase non-receptor type 18-like, transcript variant X2","gonad"
"LOC115107577",204.179746954913,0.476531500571882,0.225586013598211,0.00238429466984228,0.0341667356161456,"uncharacterized protein DDB_G0271670-like, transcript variant X1","gonad"
"LOC115106983",110.678559738431,0.476337825613648,0.23873280793872,0.00305985997131044,0.0395689584324162,"electron transfer flavoprotein regulatory factor 1, transcript variant X2","gonad"
"LOC115102029",2452.08136173695,0.475766760360864,0.247185725302665,0.00357650475164495,0.0437567522040874,"60S ribosomal protein L32-like","gonad"
"LOC115143118",137.489142373756,0.475254367675604,0.180476216661592,0.00069376810795245,0.0167166338544102,"la-related protein 4-like, transcript variant X1","gonad"
"LOC115101971",96.0368109259668,0.47516816815945,0.120007590428864,7.38055495357673e-06,0.00203520483124677,"ETS domain-containing protein Elk-3-like, transcript variant X2","gonad"
"LOC115141548",95.9151094586987,0.474640053594674,0.219113382617957,0.00219623658543661,0.0325509154654588,"flavin reductase (NADPH)-like, transcript variant X2","gonad"
"nrm",26.1110985401794,0.474632194206778,0.258598337674629,0.00416999391906764,0.0474527240457833,"nurim","gonad"
"LOC115102138",143.181263161796,0.47456015912216,0.214081989389818,0.00194684392206518,0.030474223428397,"prostaglandin E synthase 3-like","gonad"
"LOC115128415",67.0296881643906,0.474241329915138,0.228334108267063,0.00267082196604153,0.0367359421329167,"ectonucleotide pyrophosphatase/phosphodiesterase family member 2-like, transcript variant X2","gonad"
"LOC115119110",53.7353019868793,0.473965152969223,0.234123514013116,0.0028822821115329,0.0383094538923801,"mitochondrial inner membrane protease ATP23 homolog","gonad"
"LOC115110677",133.763088762722,0.473427288752826,0.141992383738559,7.89723648202292e-05,0.0053104527988003,"UNC93-like protein MFSD11","gonad"
"ech1",89.6894869032581,0.473073638035251,0.196404319537949,0.00124096831799325,0.0233724281965616,"enoyl-CoA hydratase 1","gonad"
"LOC115146256",279.15431567147,0.472996519979507,0.249435002266943,0.00377220902644821,0.0449397815513082,"GTP cyclohydrolase 1 feedback regulatory protein","gonad"
"LOC115135950",143.900406937276,0.471233527054656,0.224908481867712,0.00255309686522243,0.0359055202827099,"membrane-associated progesterone receptor component 1-like","gonad"
"LOC115134815",1272.03507002505,0.471071499193377,0.192924584357382,0.00110693466250245,0.0216956733049279,"zinc finger CCCH domain-containing protein 15-like","gonad"
"LOC115143330",22.4522464443781,0.470902665375172,0.209951512355433,0.00187496224255507,0.0298707784375453,"scm-like with four MBT domains protein 1, transcript variant X1","gonad"
"mtres1",77.2181227276282,0.470458742630152,0.257971345161384,0.00427632067795642,0.0481493173304876,"mitochondrial transcription rescue factor 1, transcript variant X1","gonad"
"LOC115145288",972.627559059077,0.470219098795692,0.236768957763345,0.00335940779449035,0.0421058997444737,"cytochrome c oxidase subunit 6C-1-like","gonad"
"LOC115137482",412.769482414688,0.470038751045819,0.244212820329602,0.00362018350907859,0.0439349762748374,"signal peptidase complex subunit 3","gonad"
"LOC115103260",110.651783311825,0.469095675817753,0.188694823284429,0.00104081691719956,0.0210904820855749,"MARVEL domain-containing protein 2-like","gonad"
"LOC115122468",188.067461429958,0.469095290228027,0.157573063347327,0.000261346670799998,0.00962391618763769,"muscleblind-like protein 3, transcript variant X1","gonad"
"LOC115129842",415.088011867572,0.467887114299106,0.256530745361625,0.00436249099694514,0.0487077958321743,"histone deacetylase complex subunit SAP18-like","gonad"
"LOC115141342",101.876960785865,0.467032901965808,0.203381896760092,0.00169672978344026,0.0279646378278676,"uncharacterized LOC115141342, transcript variant X1","gonad"
"nudcd2",96.4524212683903,0.466865781915899,0.258927142787012,0.00446281879233228,0.0495274682112377,"NudC domain containing 2","gonad"
"LOC115105589",600.201604453797,0.466530362059087,0.234181806436286,0.00353975340534073,0.0436098257981119,"non-histone chromosomal protein HMG-14-like","gonad"
"LOC115139660",49.9486372975391,0.466477617762068,0.258637821115537,0.00448461783666521,0.0496480008795692,"H2.0-like homeobox protein, transcript variant X3","gonad"
"LOC115130168",106.378157462284,0.466209573406213,0.209770875494973,0.00197604359111451,0.0307429712427378,"gamma-glutamyl hydrolase-like, transcript variant X1","gonad"
"gnmt",613.060927899569,0.464616650337039,0.204483252808882,0.00180654031859157,0.0291292593466683,"glycine N-methyltransferase","gonad"
"LOC115113653",395.597415590791,0.46449622077516,0.171617839265733,0.000592006287611711,0.0150118242428467,"disintegrin and metalloproteinase domain-containing protein 10-like, transcript variant X1","gonad"
"tmem141",74.4585263063367,0.464474596787313,0.222571755968273,0.00264032379886871,0.0365265727974365,"transmembrane protein 141","gonad"
"LOC115131613",4593.12712100703,0.464446821250825,0.191313212831461,0.00134988230618127,0.0243985094766311,"BOLA class I histocompatibility antigen, alpha chain BL3-7-like, transcript variant X2","gonad"
"LOC115129527",72.0355151340398,0.463424271672589,0.197901907143668,0.00150630455920182,0.025824802244446,"AP-1 complex-associated regulatory protein-like, transcript variant X3","gonad"
"LOC115103125",92.6070982675694,0.461613061068489,0.143203566024296,0.00011898115699596,0.00655431940475721,"deubiquitinating protein VCIP135-like","gonad"
"LOC115103209",1221.77140668235,0.461581619725369,0.201886701816772,0.00179484176463895,0.0290697119346876,"actin-related protein 2/3 complex subunit 5-like","gonad"
"mrpl51",114.081287344241,0.460119989999082,0.213483287987666,0.00233323505655974,0.0337370995455248,"mitochondrial ribosomal protein L51","gonad"
"LOC115146245",152.973995773056,0.459926603815728,0.207650146411104,0.0020481203799124,0.0313213834236536,"protein max-like, transcript variant X4","gonad"
"LOC115135666",59.7110705878341,0.45983350215717,0.196614190360827,0.00153193674227574,0.0261162849697262,"FUN14 domain-containing protein 1A-like","gonad"
"LOC115144299",41.9868603791725,0.459728530791415,0.224906006524967,0.00295593052987258,0.0388480336253689,"rho GTPase-activating protein 27-like, transcript variant X2","gonad"
"LOC115112404",142.482011629431,0.458946212526942,0.181958569516062,0.000974859073997534,0.020425509612949,"toll-interacting protein-like","gonad"
"LOC115143180",46.5867127495416,0.458717074366554,0.234574624558257,0.00354795911120323,0.0436427815874023,"integrin beta-7-like, transcript variant X2","gonad"
"rai14",44.1524368066379,0.458552494315745,0.224653485974451,0.00294877262394551,0.0388234872637333,"retinoic acid induced 14, transcript variant X2","gonad"
"LOC115102380",1029.54807341676,0.458155877891563,0.195729243472988,0.0015432319672361,0.0262299325443514,"peptidyl-prolyl cis-trans isomerase FKBP1A-like","gonad"
"LOC115113182",135.489553140344,0.458026438723773,0.242889223618876,0.00401555749692438,0.0464909052797379,"ubiquitin-conjugating enzyme E2 D4-like","gonad"
"LOC115141857",147.394200520972,0.457691091252033,0.191885522125781,0.00139275553561533,0.0247183475118592,"vacuolar protein sorting-associated protein 26B-like","gonad"
"LOC115134268",50.5795463673371,0.457476407516139,0.184370890839161,0.00107755271507948,0.0215700629492647,"aminopeptidase N-like","gonad"
"LOC115108013",190.103638599458,0.456157916957542,0.23599528533085,0.0037463700757623,0.0447788644473603,"peptidyl-prolyl cis-trans isomerase FKBP1B, transcript variant X1","gonad"
"timm10",51.4493835813772,0.453226030229953,0.222193396335118,0.00306444206542608,0.0396000072169935,"translocase of inner mitochondrial membrane 10","gonad"
"LOC115101354",71.1844935408339,0.451365245544984,0.19529141467243,0.00168875285383712,0.0279646378278676,"fermitin family homolog 3-like, transcript variant X2","gonad"
"cop1",104.901165579781,0.451273693185962,0.163963175962055,0.000535291525609501,0.0141466563885969,"COP1 E3 ubiquitin ligase, transcript variant X2","gonad"
"LOC115114485",131.756467113628,0.450761849768212,0.160015448186734,0.00044435278688355,0.0127870306457385,"pre-B-cell leukemia transcription factor 1-like, transcript variant X1","gonad"
"hypk",302.754237533168,0.450731862372727,0.225385677719061,0.00331496940452966,0.0417962392421115,"huntingtin interacting protein K","gonad"
"LOC115110565",132.763211909037,0.450032991609448,0.214082926500812,0.00271464962946645,0.0371138393618922,"transmembrane protein 205-like","gonad"
"ndufb3",672.817894690584,0.449801146791125,0.208239599484885,0.00250121233662306,0.0355004688286836,"NADH:ubiquinone oxidoreductase subunit B3","gonad"
"LOC115112278",99.2504601930631,0.449417721069794,0.144169728522007,0.000180982059309474,0.00803062834590226,"transcription factor 12-like, transcript variant X6","gonad"
"LOC115120482",46.6664341984897,0.448924757352186,0.216111632067177,0.00286325030239378,0.0381402586135447,"cleavage stimulation factor subunit 3-like","gonad"
"LOC115126483",18.6705226937956,0.448852156997783,0.226288178081948,0.00359842430083386,0.043861985296749,"transcription factor 7-like 2, transcript variant X1","gonad"
"LOC115105495",742.238709191845,0.448160913216119,0.224281991882834,0.00376172896680807,0.044903320921346,"membrane-associated progesterone receptor component 1-like","gonad"
"LOC115111637",503.304058600701,0.447240823126549,0.152883055035977,0.000329722439595366,0.0109042634121921,"MOB kinase activator 1A","gonad"
"LOC115130449",535.054580825371,0.447175404107242,0.161504623220144,0.000524347662532016,0.0138978922057391,"zinc finger CCCH domain-containing protein 15-like","gonad"
"pdk3",85.8826386422678,0.446967103131936,0.181507331849189,0.00118156580351228,0.0225593657587237,"pyruvate dehydrogenase kinase 3, transcript variant X1","gonad"
"LOC115130875",56.6246863632041,0.446849623186802,0.213541994849381,0.00282469750987077,0.0379048100437647,"multidrug resistance-associated protein 5-like","gonad"
"LOC115106408",24.0432606279222,0.446453937328879,0.233711068985986,0.00393423534897265,0.0460028383683233,"rho GTPase-activating protein 22-like, transcript variant X1","gonad"
"LOC115135777",123.717411197848,0.446259936650745,0.208111727102638,0.00250196548830014,0.0355004688286836,"diablo homolog, mitochondrial-like","gonad"
"LOC115141909",85.8271155626937,0.445019703325372,0.157692366554178,0.000451821154384508,0.0128779668430222,"Friend leukemia integration 1 transcription factor-like, transcript variant X2","gonad"
"LOC115125274",241.718890403228,0.44451876979271,0.189438968035319,0.00160279018173349,0.0268948785023597,"ER membrane protein complex subunit 3-like","gonad"
"LOC115105320",12.6580881985852,0.444146465069953,0.229111828568097,0.00396331644486439,0.0462056726223946,"tripartite motif-containing protein 16-like","gonad"
"LOC115137038",102.617184087446,0.44355223652733,0.224020047876979,0.00357480333199938,0.0437567522040874,"phospholipase D3-like, transcript variant X2","gonad"
"LOC115105209",83.7655376133424,0.443512212441643,0.128429402560956,5.83108286015039e-05,0.00456332501762459,"RING finger protein 145-like","gonad"
"LOC115111930",820.151706543362,0.44350979323781,0.226477247051299,0.00374504502448396,0.0447788644473603,"histone H2A.V","gonad"
"LOC115108220",237.979122785712,0.442938123645526,0.219183994315822,0.00328892905930207,0.0415956665874524,"myeloid-derived growth factor-like","gonad"
"LOC115102897",23.1150440118192,0.442392554069673,0.233959657130292,0.00420017373547081,0.0476317016497239,"zinc finger protein 263-like, transcript variant X1","gonad"
"LOC115101940",398.677729793049,0.442235410784902,0.21890809598016,0.003195976283232,0.0407201020339369,"transmembrane emp24 domain-containing protein 4-like, transcript variant X1","gonad"
"naxe",91.2771325722268,0.441951237365389,0.144713715426419,0.000223267019673095,0.00894842386133489,"NAD(P)HX epimerase","gonad"
"LOC115128647",157.806537844071,0.441892553553031,0.140648258730721,0.000167821343155941,0.00769435430893752,"zinc finger and BTB domain-containing protein 10-like","gonad"
"LOC115132466",99.9502255381696,0.440398697215753,0.228170969390143,0.0039493161176403,0.0461117578340047,"fat storage-inducing transmembrane protein 2-like","gonad"
"id2",1454.65927844656,0.440229365783091,0.19262231930963,0.00175730665010022,0.0287179653818359,"inhibitor of DNA binding 2, transcript variant X2","gonad"
"LOC115105819",94.9012500354852,0.44008510560717,0.174065929740775,0.00103007018285086,0.0210110088258947,"transmembrane protein 120B, transcript variant X1","gonad"
"LOC115140025",169.733319004957,0.439095136809584,0.20398890864969,0.00254150110061851,0.0357701503742865,"ubiquitin-like protein 4A-B, transcript variant X3","gonad"
"LOC115134057",644.006160369947,0.438713724251449,0.1922331889964,0.00192048749712371,0.0302676831577934,"V-type proton ATPase subunit E 1-like","gonad"
"LOC115101461",53.1523576365172,0.438615662732252,0.178539028944224,0.00124512899172573,0.0233780372014191,"phosphatidylinositol-binding clathrin assembly protein-like, transcript variant X1","gonad"
"LOC115141644",906.158041217224,0.437579150305552,0.188019018785722,0.0017421554077463,0.0284960122369745,"histone H3.3","gonad"
"LOC115103252",1556.95210648733,0.437093852737664,0.192201075788857,0.00204477827877965,0.0313213834236536,"calponin-2-like","gonad"
"LOC115102162",541.757260952146,0.437042508184345,0.173126025407408,0.00106273512228719,0.0214151152943909,"charged multivesicular body protein 4b-like","gonad"
"LOC115125583",21.1296078421369,0.435975736020076,0.177567108001253,0.00127500920759994,0.0237183065299022,"zinc finger protein 501-like","gonad"
"LOC115105370",105.990084410744,0.435508640255269,0.225390758715056,0.0040373832742035,0.0466302358310679,"zinc finger protein ZPR1-like","gonad"
"LOC115132384",61.5633005259821,0.435500489615098,0.203907483555524,0.00263474068531972,0.0365265727974365,"partner of Y14 and mago A","gonad"
"LOC115143250",77.6570024837749,0.435007809806823,0.215327235765018,0.00337300919147708,0.0422056201795023,"aflatoxin B1 aldehyde reductase member 4-like","gonad"
"nol7",166.359793590252,0.433628889329208,0.185576278988228,0.00171195055345444,0.0281796684030089,"nucleolar protein 7","gonad"
"LOC115117581",68.4863331338907,0.433601953608254,0.213864618595341,0.00334061695057574,0.0419448418773535,"TCF3 fusion partner homolog, transcript variant X1","gonad"
"LOC115104166",136.076166649077,0.433515893797815,0.136334102380381,0.000153965944515723,0.00748838391380655,"protein tweety homolog 3-like, transcript variant X1","gonad"
"LOC115128279",293.275602355455,0.433394595721803,0.147876127838703,0.000340485229738268,0.0110390175555857,"sialidase-1-like","gonad"
"LOC115103901",27.0767495002264,0.432973878998251,0.19932135926373,0.00252293289756449,0.0355440348415262,"SERTA domain-containing protein 2-like","gonad"
"LOC115107806",50.8792664926671,0.43295284939846,0.214766294424868,0.00342490510473589,0.0427371663790961,"epoxide hydrolase 1-like","gonad"
"LOC115139988",66.4916876644219,0.432777843609705,0.15516411163002,0.000518766301300794,0.0137700598924228,"U5 small nuclear ribonucleoprotein 200 kDa helicase-like","gonad"
"LOC115131583",858.430312221205,0.43248209629859,0.219168951802392,0.00381193321387135,0.0452500859648091,"tumor necrosis factor receptor superfamily member 11B-like","gonad"
"LOC115106138",53.3962247969041,0.43105649700245,0.151524826110405,0.000449218354528381,0.0128779668430222,"SCY1-like protein 2","gonad"
"olah",38.2039249101299,0.430478110176695,0.190727398128364,0.00206042018446065,0.0313262510720951,"oleoyl-ACP hydrolase, transcript variant X1","gonad"
"LOC115105469",203.605063461842,0.429296868881045,0.177677135906179,0.00143695885556975,0.0251828426464522,"derlin-2","gonad"
"LOC115102537",525.055393209571,0.428988837341454,0.124141515288864,6.07971888865123e-05,0.00463795698077108,"chromobox protein homolog 5-like","gonad"
"LOC115126333",378.040028408186,0.428094343623034,0.197790734729065,0.00260215846219705,0.0362029034786587,"transmembrane emp24 domain-containing protein 2, transcript variant X1","gonad"
"LOC115138107",228.511518673002,0.427902639442292,0.190377205447587,0.00217338125364408,0.0322810772298834,"nuclear factor 1 B-type-like, transcript variant X3","gonad"
"LOC115113131",21.2370297231947,0.427626202602389,0.213044689027952,0.00363586369988598,0.0440378527919478,"heterogeneous nuclear ribonucleoprotein L-like, transcript variant X1","gonad"
"LOC115105533",77.3175874339331,0.427309461597721,0.193456652483656,0.00236827645192821,0.0340986734823224,"cytospin-B-like, transcript variant X3","gonad"
"LOC115101848",36.324414103006,0.426466142004131,0.187051871196196,0.00202828522015079,0.031181665077949,"plexin A3-like","gonad"
"LOC115135087",386.674049249718,0.425944956993172,0.201808452226535,0.00277887349368386,0.037595549293088,"survival of motor neuron-related-splicing factor 30-like","gonad"
"tmlhe",80.7550571168327,0.425119554143329,0.18066470064784,0.00169713354929216,0.0279646378278676,"trimethyllysine hydroxylase, epsilon, transcript variant X1","gonad"
"LOC115140758",275.544396443374,0.424686497423733,0.192061782327506,0.00237664064786277,0.0341108992905901,"tumor necrosis factor receptor superfamily member 1A-like, transcript variant X3","gonad"
"LOC115132348",1942.60175292731,0.423895667253461,0.20153000182892,0.00311128915444999,0.0400237516885935,"peptidyl-prolyl cis-trans isomerase FKBP1A-like","gonad"
"vamp8",108.339996459367,0.423267403672501,0.176826248310443,0.00155798586531922,0.0264035799327087,"vesicle associated membrane protein 8","gonad"
"LOC115132318",133.4382676159,0.42322888359608,0.178753369973312,0.00163912060396738,0.0273026364088365,"cell division control protein 42 homolog, transcript variant X3","gonad"
"LOC115107437",123.018819719889,0.422220478407781,0.21516217393729,0.00400557689597827,0.0464698109414578,"membrane magnesium transporter 1-like","gonad"
"LOC115144937",81.3936190599564,0.420885148854923,0.182649658125889,0.00193840296370203,0.0304443289004966,"AN1-type zinc finger protein 5-like","gonad"
"LOC115106384",52.7300241946681,0.419716012556216,0.196541448301191,0.0028283707555689,0.037926070486048,"zinc finger protein 501-like","gonad"
"bcap29",189.588051643235,0.418887733780316,0.156383334830885,0.000752990009594265,0.0175497902621226,"B cell receptor associated protein 29","gonad"
"LOC115118002",43.9438070991265,0.418624247401353,0.198552468364633,0.00303924333396245,0.0394428177065205,"RNA-binding protein 12B-A-like","gonad"
"LOC115141755",300.597199536744,0.416611056094039,0.113987704382651,3.06899377928797e-05,0.00345486080624845,"tripartite motif-containing protein 3-like","gonad"
"LOC115141006",119.865183072072,0.415936219033783,0.198846340684495,0.00318590903958241,0.0406384627373089,"protein DEK-like, transcript variant X2","gonad"
"LOC115142908",373.982151745154,0.415769124026743,0.122803557989063,8.13503430076123e-05,0.00537167462330539,"synaptophysin-like protein 1","gonad"
"LOC115101039",56.9071688948424,0.415587575836843,0.15348515116952,0.000697972890938367,0.0167846302091086,"centrin-3","gonad"
"LOC115109490",43.0621353470655,0.414578102475633,0.177517108204481,0.00184612944963273,0.0294796185466419,"nuclear factor of activated T-cells 5-like, transcript variant X2","gonad"
"LOC115138465",263.79109677024,0.41429658435178,0.168718508761622,0.00138675483295374,0.02466582139651,"bcl-2-modifying factor-like","gonad"
"LOC115141831",86.2848773408588,0.414240054947366,0.192471639089359,0.00279287930857201,0.0377288070881202,"glyoxalase domain-containing protein 4-like","gonad"
"srp19",235.498722124839,0.414124823474075,0.19068527562548,0.00270306433686336,0.0370437340637286,"signal recognition particle 19","gonad"
"LOC115109216",261.802984305667,0.412742197825383,0.206875496731042,0.00393492002566678,0.0460028383683233,"ras-related protein Rab-8A-like","gonad"
"LOC115132157",59.6527951107141,0.412341001491833,0.194521777975596,0.00300560026615794,0.039146110783618,"ADP-ribosylation factor-like protein 8A","gonad"
"LOC115132071",538.814357855917,0.412145868269977,0.194529207162083,0.00299294594807278,0.0390738907925679,"dynein light chain Tctex-type 3-like","gonad"
"LOC115102427",239.676587780315,0.411797288761262,0.161091827497201,0.00108270138963867,0.0215753019183465,"citrate synthase, mitochondrial-like","gonad"
"LOC115144429",303.82694255905,0.411134631376455,0.157854573289149,0.000949190779666844,0.0201326025649897,"vacuolar protein sorting-associated protein 26A-like","gonad"
"LOC115113497",176.795879028116,0.41043674622029,0.136274746771972,0.000289826956762604,0.0101389553880559,"autophagy-related protein 13-like, transcript variant X2","gonad"
"LOC115111778",37.7377054822008,0.40980024375232,0.211641898487717,0.0045203831184415,0.0498435875094597,"rho GTPase-activating protein 25-like","gonad"
"LOC115113376",336.025027557,0.409747987900756,0.131338501825242,0.00020608537625024,0.00850383202545307,"transmembrane 9 superfamily member 3-like","gonad"
"LOC115135940",240.274487741284,0.408628996584179,0.188790109869257,0.00282002309323085,0.0378700734324699,"nucleolar protein 16-like","gonad"
"hacd1",52.4718572908363,0.408559674858647,0.208204820862294,0.0043526831522561,0.0486621399706661,"3-hydroxyacyl-CoA dehydratase 1","gonad"
"LOC115142364",660.658910116742,0.408358480514365,0.167729666962896,0.0015012550268162,0.025824802244446,"rho guanine nucleotide exchange factor 3-like","gonad"
"LOC115103687",251.372954532041,0.408218715605369,0.166629611820472,0.00144527823143565,0.0252798377359785,"ras and Rab interactor 2-like, transcript variant X1","gonad"
"LOC115118739",23.3609642198371,0.40705339351459,0.389323119671679,0.00318733041076933,0.0406384627373089,"uncharacterized LOC115118739","gonad"
"LOC115145368",571.415887918826,0.406165153029139,0.194400985770783,0.00335563396508445,0.0421042780028149,"non-specific lipid-transfer protein-like, transcript variant X2","gonad"
"cops3",278.910106540116,0.405965518329452,0.151809678992214,0.000799746818583685,0.0181049915688346,"COP9 signalosome subunit 3","gonad"
"LOC115119017",137.712656709174,0.405754274913046,0.176264659620192,0.00208822869488807,0.031510734131549,"vesicular integral-membrane protein VIP36-like, transcript variant X2","gonad"
"LOC115103317",53.9303490633662,0.405650777331804,0.201190562098047,0.0038934353857917,0.0456850290887169,"ephrin type-B receptor 3-like","gonad"
"mrpl48",152.507550579698,0.405401914392104,0.157389981735119,0.00104634757645271,0.021155330287389,"mitochondrial ribosomal protein L48","gonad"
"nudt7",52.0279260364709,0.404463879835142,0.197520040225769,0.00363352598000644,0.0440378527919478,"nudix hydrolase 7, transcript variant X1","gonad"
"LOC115110513",382.186540562373,0.401790370736933,0.160740180159766,0.00130861379993825,0.0239169996268802,"DNA-directed RNA polymerases I, II, and III subunit RPABC2","gonad"
"LOC115105673",112.291883565669,0.400402270436161,0.198259973769582,0.00396665413929164,0.0462056726223946,"sodium channel subunit beta-4-like, transcript variant X1","gonad"
"LOC115127937",288.809654632536,0.400106097678909,0.198680134498073,0.00401470882798458,0.0464909052797379,"60S ribosomal protein L30-like","gonad"
"nit1",100.562583363683,0.399379521766167,0.204821824556611,0.00452854909471905,0.0498435875094597,"nitrilase 1","gonad"
"LOC115107474",265.788512249308,0.397003804070717,0.190620676698493,0.00354528929180114,0.0436395066996214,"protein FAM89A-like","gonad"
"isca2",242.07943140601,0.396698761908105,0.169939132997857,0.00200427271230236,0.030943516466464,"iron-sulfur cluster assembly 2, transcript variant X1","gonad"
"LOC115126126",56.4148754204787,0.396692169311794,0.174236877414637,0.00232146539224821,0.0336918670356982,"nck-associated protein 1-like","gonad"
"LOC115147158",63.0173520550457,0.395727625732302,0.182936085465166,0.00299454484498716,0.0390738907925679,"microtubule-associated serine/threonine-protein kinase 3-like, transcript variant X1","gonad"
"LOC115110486",109.333923202641,0.395308851709714,0.132451351825522,0.000339928956065605,0.0110390175555857,"sterol regulatory element-binding protein 2-like, transcript variant X2","gonad"
"LOC115113214",86.0375906305604,0.395134642488134,0.161630496657989,0.00152721146878725,0.0260601987098697,"survival of motor neuron-related-splicing factor 30-like, transcript variant X1","gonad"
"LOC115133836",304.75382870493,0.394395922379546,0.150519793857287,0.000976500459574782,0.020425509612949,"arrestin red cell-like","gonad"
"znf319",70.1862378297674,0.393977819500483,0.165840841526541,0.00183223847033763,0.0293610959112533,"zinc finger protein 319, transcript variant X2","gonad"
"LOC115138553",121.928502955369,0.393814987638455,0.150757517832685,0.000992299456560502,0.0206607671253583,"charged multivesicular body protein 3, transcript variant X2","gonad"
"LOC115110101",103.515935544991,0.393803250304287,0.160330310612839,0.00149378272839043,0.0257987546753684,"protein PET100 homolog, mitochondrial","gonad"
"ldah",73.5124443664558,0.393704186308049,0.166236993097821,0.00188418854296967,0.0299556280088943,"lipid droplet associated hydrolase","gonad"
"wdr61",131.320061817123,0.393659437507986,0.168590556123986,0.00203089835358173,0.0311954234413113,"WD repeat domain 61, transcript variant X1","gonad"
"LOC115111291",102.44144916003,0.393106107003849,0.176882022710219,0.00266071121124838,0.0366246192201861,"nucleolar protein 6-like","gonad"
"LOC115135866",1216.42094196594,0.393027931567902,0.19578971230962,0.00421331810852024,0.0477394492458135,"non-histone chromosomal protein HMG-14-like","gonad"
"LOC115136789",2181.14811408448,0.392746804062352,0.146611234673268,0.000854711953950804,0.018860942127626,"claudin-3-like","gonad"
"LOC115136712",99.2595681361377,0.391023572980959,0.192495723322441,0.00402235119507264,0.0464909052797379,"vacuolar protein sorting-associated protein 26B-like","gonad"
"LOC115137643",112.050501586515,0.390919494282635,0.19063946670281,0.00385350527286738,0.0454608458311761,"transmembrane protein 199-like","gonad"
"LOC115144868",54.2077770737976,0.390340812293896,0.189584349526765,0.00382286066321035,0.0453053904707879,"NUAK family SNF1-like kinase 1","gonad"
"LOC115125262",285.075606052053,0.389882435924485,0.156363836450218,0.00140249111511746,0.0247681595263848,"zyxin-like, transcript variant X1","gonad"
"LOC115129293",155.751193212928,0.389738766474595,0.176683292588133,0.00278926440203229,0.0377080301439301,"COMM domain-containing protein 5-like","gonad"
"LOC115138057",117.677903184256,0.388600472032538,0.193740256504974,0.00428031387929942,0.0481495531552419,"mitochondrial fission 1 protein-like","gonad"
"LOC115110749",267.682954275382,0.388042176941079,0.102905196651023,2.18082586276492e-05,0.00282821959745427,"signal transducing adapter molecule 2-like","gonad"
"LOC115143302",35.9084337105263,0.387836711455702,0.189731807631829,0.00399052621026464,0.0463544426574311,"serine/threonine-protein kinase Nek4-like, transcript variant X3","gonad"
"LOC115144010",184.813339690795,0.387599069096685,0.135555155876648,0.000517185360241096,0.0137607901637429,"anthrax toxin receptor 1-like","gonad"
"LOC115144424",301.778137276992,0.387554487278384,0.154564095216002,0.00137356681088927,0.024618439307508,"membrane-spanning 4-domains subfamily A member 15-like","gonad"
"LOC115111647",375.49448911101,0.387180528035121,0.172096568843098,0.00259763164005345,0.0361676380803762,"transcobalamin-2-like","gonad"
"LOC115109223",491.199910161169,0.3859941127206,0.162465420543224,0.00191824058307462,0.0302585369472657,"cystinosin-like","gonad"
"LOC115140452",171.602168497535,0.385986479460271,0.170754169608455,0.00252277924061337,0.0355440348415262,"glutaredoxin-related protein 5, mitochondrial-like","gonad"
"LOC115146682",512.051824492005,0.385120326671276,0.17949967902097,0.00328900030201992,0.0415956665874524,"ATPase inhibitor B, mitochondrial-like","gonad"
"fosl2",189.558783604615,0.383721248550967,0.18714859696925,0.00402275898845937,0.0464909052797379,"FOS like 2, AP-1 transcription factor subunit, transcript variant X1","gonad"
"LOC115118440",138.202784565337,0.383259924331279,0.158913198514979,0.00176019065881662,0.02873922805888,"activated RNA polymerase II transcriptional coactivator p15-like","gonad"
"LOC115112389",31.3503400468831,0.381224836670836,0.162268824347909,0.00212991954137605,0.031801660520743,"forkhead box protein F1-like","gonad"
"LOC115139828",286.368476342989,0.381094388508977,0.146395573175841,0.00108918186568447,0.0215753019183465,"mothers against decapentaplegic homolog 2-like, transcript variant X2","gonad"
"LOC115105094",88.9458720220721,0.380618751767349,0.168028864807169,0.0025654826403108,0.035968264723925,"neuropilin-1a, transcript variant X3","gonad"
"nfs1",455.579438872904,0.380128151443463,0.115662184749311,0.000135400053561366,0.00712557499263817,"NFS1 cysteine desulfurase, transcript variant X1","gonad"
"LOC115102875",216.147030166015,0.378362503991303,0.138950995544147,0.000793521556537044,0.0180315111145013,"far upstream element-binding protein 3-like, transcript variant X3","gonad"
"LOC115139357",820.712402511421,0.37654972806488,0.143975847731954,0.00108521076885336,0.0215753019183465,"tumor necrosis factor receptor superfamily member 21-like","gonad"
"LOC115135971",161.394778642173,0.376461045404552,0.147412199398512,0.0012800749264724,0.0237412926625662,"3-methyl-2-oxobutanoate dehydrogenase [lipoamide] kinase, mitochondrial-like","gonad"
"LOC115136948",493.563243594442,0.376071781241939,0.179602634916883,0.00383073520569773,0.0453141161004891,"histone H3.3","gonad"
"pcyox1",223.45878117318,0.375322936313461,0.152591720996778,0.00163650349378626,0.0272840747779462,"prenylcysteine oxidase 1","gonad"
"LOC115102447",690.699366693635,0.374471595180383,0.159764865974745,0.00217018927759724,0.0322702346634361,"C4b-binding protein alpha chain-like, transcript variant X2","gonad"
"LOC115125732",595.073113889422,0.373728873537532,0.176256701254335,0.00366588497265507,0.0442244568528409,"actin-related protein 2/3 complex subunit 3-B-like","gonad"
"LOC115140753",212.411928725931,0.373423893800706,0.182719083045557,0.00429428089834325,0.0482468836573763,"zyxin-like, transcript variant X2","gonad"
"LOC115106900",311.572700781373,0.373398753886574,0.135970183953638,0.000761632850220909,0.0175778087364822,"ADP-ribosylation factor 4","gonad"
"ubxn8",243.918130482829,0.37273630017465,0.182764332911935,0.00439696505795721,0.0489462278309449,"UBX domain protein 8","gonad"
"LOC115106515",225.753960437206,0.371876085209692,0.182751483535948,0.00445633045511744,0.0494857099346252,"pleckstrin homology domain-containing family M member 1-like","gonad"
"LOC115144303",87.0954989799047,0.371304831176937,0.166192475906946,0.00289262324861192,0.0383626498917444,"protein phosphatase 1G-like, transcript variant X1","gonad"
"LOC115113146",237.648869091988,0.371293095113192,0.146338515181983,0.00136251486418478,0.0244971819826295,"bcl-2-like protein 11","gonad"
"LOC115132474",249.226478471555,0.370800935133844,0.178407443156896,0.00406209819038737,0.0467966083405286,"probable Bax inhibitor 1","gonad"
"plcg2",100.450908207864,0.370396646318422,0.177206772637002,0.00394522867401668,0.0460936755504805,"phospholipase C gamma 2","gonad"
"LOC115138487",39.4149459796505,0.369572687448461,0.17804105450306,0.00412717021051464,0.0472464705814021,"protein-arginine deiminase type-2-like, transcript variant X2","gonad"
"LOC115106839",215.991709757643,0.369383386354682,0.137749276402217,0.000927598885063367,0.0197670015929701,"uncharacterized LOC115106839, transcript variant X2","gonad"
"cmpk2",89.8061283347141,0.3672806996264,0.701607008096118,3.91933484739811e-06,0.0015792623458439,"cytidine/uridine monophosphate kinase 2","gonad"
"LOC115141877",44.5496130530497,0.367102249503359,0.170541031084949,0.00352275050663566,0.0435391818914071,"vacuole membrane protein 1-like, transcript variant X1","gonad"
"LOC115133984",24.4519260798967,0.365205793366852,0.175212790435264,0.00413819616616786,0.0472796479595952,"transcription initiation factor TFIID subunit 4-like, transcript variant X2","gonad"
"srd5a3",72.97041876015,0.365084480699232,0.169682129715968,0.00354047605344883,0.0436098257981119,"steroid 5 alpha-reductase 3, transcript variant X1","gonad"
"LOC115118033",497.539987639009,0.364123286321224,0.169356949386796,0.0036128577316807,0.0439044045778176,"small ubiquitin-related modifier 3-like","gonad"
"LOC115112141",255.289682746237,0.363997285327487,0.160585552761138,0.00276701629711559,0.037491005888381,"CKLF-like MARVEL transmembrane domain-containing protein 3","gonad"
"fuom",189.931286421535,0.363940868356452,0.125341234453459,0.000501417134074744,0.0135920554227591,"fucose mutarotase, transcript variant X1","gonad"
"LOC115134982",84.9807014607231,0.363913067564128,0.170015128771036,0.00365082442889484,0.0441307379034718,"GTP-binding protein SAR1b-like, transcript variant X1","gonad"
"LOC115133353",81.0761928257226,0.362972208946208,0.146491789724497,0.00164655995306081,0.0273763209778132,"E3 ubiquitin/ISG15 ligase TRIM25-like, transcript variant X3","gonad"
"LOC115103203",141.94482122054,0.362793355341532,0.112700683502512,0.000185145921364378,0.0081195877978059,"cyclic AMP-dependent transcription factor ATF-6 alpha-like, transcript variant X7","gonad"
"LOC115109066",71.7531570509418,0.36120745990966,0.172583919396434,0.00410990871298015,0.0471380306966946,"cytochrome b reductase 1","gonad"
"LOC115127474",127.722305488615,0.359900341346157,0.153329860863857,0.00232653400207243,0.0337115333931581,"protein ABHD13","gonad"
"LOC115131525",50.6918979702724,0.359866453793202,0.174864529013724,0.00447924398658401,0.0496480008795692,"frizzled-1-like","gonad"
"LOC115107198",47.5760691457714,0.359385761053797,0.167971140270673,0.00369440411503977,0.0444209278891801,"kelch-like protein 10","gonad"
"LOC115137894",222.338308025101,0.357872617285057,0.149521910008711,0.00211295628023571,0.0317122921188483,"ankyrin repeat domain-containing protein 46-like, transcript variant X2","gonad"
"LOC115138675",30.6730828877168,0.357384799739187,0.139791308930698,0.00142151936270763,0.0249613821930077,"zinc finger MYM-type protein 4-like","gonad"
"LOC115129370",222.940865748946,0.356682764054227,0.162317226665058,0.00338360489876888,0.0423090430730356,"V-type proton ATPase 116 kDa subunit a-like, transcript variant X2","gonad"
"LOC115141933",67.9977410212575,0.356355398874123,0.139178367398523,0.00138321269267322,0.02466582139651,"vascular endothelial zinc finger 1-like, transcript variant X7","gonad"
"LOC115130820",86.954337279447,0.355820044949444,0.151611778146643,0.00236514143377815,0.0340986734823224,"peptidyl-prolyl cis-trans isomerase D-like","gonad"
"LOC115101426",213.743618165297,0.355803343065487,0.136924060406494,0.00124511644181462,0.0233780372014191,"zinc finger and BTB domain-containing protein 20-like","gonad"
"LOC115129300",83.8682940075113,0.354339349822118,0.152432307488472,0.00257871652761077,0.0360506581735276,"stress-70 protein, mitochondrial-like","gonad"
"LOC115140940",299.321811843274,0.354043832218742,0.14408993487557,0.00184247488073362,0.0294471601536969,"epithelial discoidin domain-containing receptor 1-like","gonad"
"LOC115135827",66.8973724462044,0.353713275510779,0.125003643322558,0.000660475230866621,0.0161779020461877,"NLR family CARD domain-containing protein 3-like","gonad"
"LOC115118943",90.9517462847069,0.352316339201182,0.168228879708019,0.00435697148646004,0.0486801072665653,"cadherin-2-like","gonad"
"LOC115130376",2894.42033822585,0.351212718407851,0.147163366631475,0.00240889829729923,0.0344377617998149,"myosin regulatory light polypeptide 9","gonad"
"LOC115103371",110.545319681664,0.351150808657069,0.16710610324619,0.0042776409371049,0.0481493173304876,"nuclear receptor-binding protein 2-like, transcript variant X2","gonad"
"LOC115137949",132.260067763805,0.350758790544023,0.155403296053612,0.00301613939500351,0.039202491877248,"prefoldin subunit 2-like, transcript variant X1","gonad"
"LOC115113685",203.535513664131,0.35002201246894,0.142133688575971,0.00184057710804887,0.0294427471134232,"toll-interacting protein","gonad"
"LOC115125845",55.2027311948211,0.349305333603718,0.160460714665696,0.0036817342572182,0.0443188133540538,"T-cell acute lymphocytic leukemia protein 1 homolog","gonad"
"LOC115105247",173.677457119164,0.347059482491947,0.146553435273205,0.00238024408343792,0.0341356331586879,"protein YIPF5, transcript variant X2","gonad"
"LOC115104202",141.24565993039,0.346025725375717,0.157257448504774,0.00353307501001336,0.0436074166429657,"putative E3 ubiquitin-protein ligase UNKL, transcript variant X1","gonad"
"LOC115102419",1897.92854077549,0.345862555294462,0.144834960111516,0.00229647523186877,0.0334629248072306,"CD63 antigen-like","gonad"
"LOC115102702",198.385945618986,0.345611149847702,0.126428433992292,0.000904878856659926,0.0194656167316559,"protein RER1-like, transcript variant X2","gonad"
"hif1a",121.984211421872,0.344622023279311,0.140161011510893,0.00194726365789499,0.030474223428397,"hypoxia inducible factor 1 subunit alpha, transcript variant X1","gonad"
"slc39a10",122.447765682169,0.344467886757194,0.125332768209325,0.0008874081160064,0.0192494405665618,"solute carrier family 39 member 10, transcript variant X2","gonad"
"LOC115109226",82.089922385711,0.34376866777851,0.162153318889967,0.00425240217847626,0.0480140634032431,"vimentin-type intermediate filament-associated coiled-coil protein-like","gonad"
"LOC115140031",66.2379830662101,0.343602997961981,0.163820193639388,0.00451650273729402,0.0498435875094597,"glutamine--fructose-6-phosphate aminotransferase [isomerizing] 1","gonad"
"LOC115129790",47.5161001120277,0.343434798934793,0.155794309147529,0.00359960112867129,0.043861985296749,"transcription factor Sp3-like","gonad"
"LOC115143034",178.273642094167,0.343067250307429,0.150187961001927,0.00298967630751284,0.0390738907925679,"protein SYS1 homolog, transcript variant X2","gonad"
"LOC115122343",481.301995422675,0.342875112585519,0.153144430771902,0.00331958276918751,0.0417963555876341,"cell division control protein 42 homolog","gonad"
"pheta1",223.281122929798,0.341727357140282,0.138330077688683,0.00190207393768835,0.0301344279342667,"PH domain containing endocytic trafficking adaptor 1, transcript variant X2","gonad"
"LOC115140246",282.548476846785,0.341610642742453,0.131102040397456,0.00132801246622646,0.0241021932671025,"erlin-2, transcript variant X2","gonad"
"glis2",151.474209132527,0.341123464781571,0.159258500922294,0.00416677380957757,0.0474527240457833,"GLIS family zinc finger 2","gonad"
"LOC115141144",210.637488772134,0.341005915283412,0.153144576147729,0.00344194186663917,0.0428320058469505,"probable Bax inhibitor 1, transcript variant X2","gonad"
"LOC115117262",59.7651174051231,0.340516782542502,0.14370678799825,0.00246957727091732,0.0352220305819126,"beta-adrenergic receptor kinase 2-like","gonad"
"LOC115105867",71.2557963965577,0.339610062840488,0.148033394128709,0.00298073432348105,0.0390738907925679,"rapamycin-insensitive companion of mTOR-like, transcript variant X3","gonad"
"LOC115136639",84.2295557802564,0.339493264041673,0.111964852456736,0.000380153155883646,0.0116984079630906,"vascular endothelial zinc finger 1-like, transcript variant X1","gonad"
"LOC115103833",384.224962134711,0.338663357671268,0.116779831006703,0.000580236533026136,0.0148203224579194,"probable helicase with zinc finger domain, transcript variant X5","gonad"
"LOC115139948",133.461153967799,0.337137063032592,0.145802494747842,0.00286260332762129,0.0381402586135447,"E3 ubiquitin-protein ligase RNF34-like, transcript variant X1","gonad"
"LOC115138841",67.2015266538134,0.337116747319658,0.148848219447183,0.00321032328779126,0.0408455708571395,"putative Polycomb group protein ASXL2","gonad"
"LOC115102233",227.559678452017,0.335436299038145,0.112130692062941,0.000441905631419883,0.0127870306457385,"rho-related GTP-binding protein RhoA-C, transcript variant X1","gonad"
"LOC115110121",298.289934318495,0.335040287186809,0.1320892418935,0.0016541955758366,0.0274781105900177,"SUMO-conjugating enzyme UBC9-like, transcript variant X1","gonad"
"wdr81",126.73344304799,0.33459185490771,0.131895009852907,0.0016569899015691,0.0274993680556568,"WD repeat domain 81, transcript variant X1","gonad"
"LOC115108370",319.463193147868,0.331832214803951,0.123209086836231,0.00110052327488461,0.0216893951726441,"neurogenic locus notch homolog protein 2-like","gonad"
"LOC115127881",163.39756020528,0.330306216170866,0.114908102716493,0.000661159028325142,0.0161779020461877,"docking protein 3-like","gonad"
"LOC115134396",277.983171101494,0.3297727899193,0.101456686672499,0.0001959868199323,0.00835761048150494,"muscleblind-like protein 2a, transcript variant X2","gonad"
"LOC115138595",117.695548697967,0.329691831069023,0.0932147683356543,7.16167485359428e-05,0.00500105264007145,"thioredoxin-related transmembrane protein 1-like, transcript variant X2","gonad"
"LOC115141932",96.721120871744,0.329682459391343,0.133799203108901,0.00207685877181435,0.0313967092931402,"CUE domain-containing protein 1-like, transcript variant X2","gonad"
"oip5",666.831128810346,0.329200539900316,0.106715345317011,0.00034195342597154,0.0110471644162621,"Opa interacting protein 5, transcript variant X2","gonad"
"LOC115143304",119.13548846892,0.326426795779627,0.120279718044975,0.00107522841328982,0.021549085306369,"calcium/calmodulin-dependent protein kinase type 1-like, transcript variant X2","gonad"
"LOC115112254",231.283197781932,0.326281225254661,0.131860971167607,0.00206357106643675,0.0313262510720951,"ubiquitin carboxyl-terminal hydrolase 10-like, transcript variant X1","gonad"
"LOC115105880",115.574287783334,0.326221340495981,0.143333308078055,0.00331920881750958,0.0417963555876341,"BRCA1-A complex subunit Abraxas 1","gonad"
"LOC115103091",103.9750402076,0.325000906155196,0.137994465062664,0.00281955226325009,0.0378700734324699,"translation initiation factor eIF-2B subunit gamma-like","gonad"
"LOC115143363",370.636523130317,0.324810974027429,0.141894581316636,0.00328546859636862,0.0415956665874524,"protein NDRG3-like, transcript variant X1","gonad"
"LOC115136594",333.236557029903,0.323467943615836,0.133860947215494,0.00242461672606061,0.0346079727031103,"integrin-linked protein kinase","gonad"
"LOC115107921",72.578301487969,0.323249622962184,0.137995817386938,0.0029381178802555,0.0387396283470726,"phospholipase DDHD1-like","gonad"
"LOC115136212",88.9335347089286,0.321763369418711,0.12495056369398,0.00160977154567524,0.0269621883609592,"RNA-binding protein 27-like, transcript variant X2","gonad"
"ccpg1",177.527504857293,0.321378626540987,0.106519906029961,0.000437467638820579,0.0127376184825847,"cell cycle progression 1, transcript variant X6","gonad"
"znf622",83.7800952073769,0.321001699491955,0.138152013945223,0.00308462093432475,0.0397758364230115,"zinc finger protein 622, transcript variant X2","gonad"
"LOC115140816",98.7341738999156,0.320761093898969,0.12700069092242,0.00186271063852993,0.0297182551433651,"multiple epidermal growth factor-like domains protein 8, transcript variant X2","gonad"
"LOC115103167",35.9029851275154,0.320057195158564,0.13568191083424,0.00291324613988565,0.0385235957143218,"protein phosphatase 1 regulatory subunit 7-like, transcript variant X1","gonad"
"LOC115133612",75.2047414468893,0.318865844713582,0.12860115559001,0.00211150724674973,0.0317122921188483,"PHD finger protein 23B-like, transcript variant X1","gonad"
"LOC115111553",252.474459845156,0.318410530225913,0.117792279218741,0.00114952347543043,0.0221557836729457,"transmembrane protein 127","gonad"
"lg1h2orf69",52.2007269655882,0.317960344522545,0.126416688127588,0.00192780692274713,0.0303303834396854,"linkage group 1 C2orf69 homolog, transcript variant X3","gonad"
"LOC115115496",99.1733244596015,0.317685078417078,0.126260068089286,0.00193556701273666,0.0304261079508631,"transmembrane protein 109-like","gonad"
"LOC115102279",187.130252494245,0.317673391733996,0.134745255472915,0.00290478730939478,0.038467833411615,"UPF0688 protein C1orf174 homolog, transcript variant X2","gonad"
"LOC115142911",119.30745262163,0.317610900901073,0.136571652238507,0.00312032909509373,0.0400655551983888,"cytochrome b561 domain-containing protein 1, transcript variant X1","gonad"
"LOC115102549",53.8267617784338,0.317336978230333,0.132088292137316,0.00263801562955169,0.0365265727974365,"molybdate-anion transporter-like","gonad"
"LOC115106403",337.115799783163,0.314843446009472,0.0992223761626836,0.000280205752559218,0.0100266572962441,"anthrax toxin receptor 1-like","gonad"
"LOC115143449",306.99424327023,0.31418635818009,0.127615409670523,0.00227283898226418,0.0332519456583308,"guanine nucleotide-binding protein G(I)/G(S)/G(T) subunit beta-1-like","gonad"
"LOC115143065",521.887422163617,0.311553910373227,0.117353634054347,0.00138707885249156,0.02466582139651,"carboxy-terminal domain RNA polymerase II polypeptide A small phosphatase 2-like","gonad"
"LOC115117203",181.889594818819,0.309302921544845,0.0995993871901317,0.000359377961053465,0.0112886959530912,"mitotic-spindle organizing protein 2-like, transcript variant X1","gonad"
"LOC115104167",48.8552163388325,0.309273497209,0.139800233983611,0.00425879679412399,0.0480563794867093,"sorting nexin-8-like, transcript variant X1","gonad"
"LOC115116342",1116.20287622547,0.307662083719051,0.132785388913055,0.00343892055660664,0.0428237596884431,"high mobility group-T protein-like","gonad"
"LOC115112145",81.6023849355684,0.307308203860764,0.112578009977114,0.0011372657198381,0.022078728948186,"NEDD8-activating enzyme E1 regulatory subunit-like, transcript variant X2","gonad"
"LOC115114670",167.11763485915,0.30694045754046,0.127256069930291,0.00273260554516315,0.0373031475774302,"TOX high mobility group box family member 4-A-like, transcript variant X6","gonad"
"LOC115126112",94.3748887817376,0.306185859807038,0.109578383024592,0.00096059183708789,0.0202561038259788,"GTP-binding protein 1-like, transcript variant X2","gonad"
"LOC115132953",49.4026765824281,0.304914238965241,0.131946118792585,0.0035217985493002,0.0435391818914071,"zinc finger protein 397-like, transcript variant X1","gonad"
"LOC115103860",494.089985876555,0.303367217021604,0.12482549529462,0.0026597912054035,0.0366246192201861,"actin-related protein 2-A","gonad"
"gabpa",96.7641962888539,0.30315197551789,0.112335530448339,0.00130254305285572,0.0239092064159742,"GA binding protein transcription factor subunit alpha, transcript variant X2","gonad"
"LOC115143209",237.009146528916,0.300084273667774,0.12961798210762,0.00360997886445055,0.0439044045778176,"RNA-binding motif, single-stranded-interacting protein 1-like, transcript variant X6","gonad"
"LOC115130589",132.704210614988,0.299903935161578,0.124414520568961,0.00283899619926401,0.0379564175212351,"solute carrier family 25 member 51-like, transcript variant X1","gonad"
"LOC115138711",90.8230812643537,0.29918812555082,0.130050633907668,0.00381631070117896,0.0452573070480765,"F-box only protein 34-like, transcript variant X1","gonad"
"LOC115102098",532.633481562341,0.298970005152603,0.108684911360786,0.00114394549474474,0.0221422968044621,"transcription cofactor vestigial-like protein 4, transcript variant X1","gonad"
"LOC115103136",177.081570125599,0.297893222839111,0.102343033744313,0.000706888263643946,0.0169355982463882,"la-related protein 4B-like, transcript variant X1","gonad"
"LOC115140086",184.151800373545,0.297504389220123,0.12321321168735,0.00285962043787808,0.0381402586135447,"MOB kinase activator 1A","gonad"
"LOC115144952",198.803639464549,0.29667927741078,0.102545917515118,0.000755879237331064,0.0175728330653349,"long-chain-fatty-acid--CoA ligase ACSBG2-like, transcript variant X2","gonad"
"LOC115101334",192.215152790343,0.294418142822724,0.114609951058287,0.00197013703676795,0.0307053620521425,"adenylosuccinate synthetase isozyme 2-like","gonad"
"LOC115144704",279.551684947247,0.290305872105541,0.11294593178139,0.00200850595814372,0.0309693679058557,"apoptosis inhibitor 5-like, transcript variant X1","gonad"
"LOC115103923",209.954317739091,0.288622035912368,0.088142872513627,0.000231751326034966,0.00905679553802459,"striatin-like, transcript variant X1","gonad"
"fam133b",945.221890972829,0.287851876300336,0.105422940505084,0.00130007263715187,0.0239092064159742,"family with sequence similarity 133 member B","gonad"
"LOC115129470",359.922190845513,0.28652958991079,0.0894306436986516,0.000298222046571275,0.0103133704334249,"GTP-binding nuclear protein Ran-like","gonad"
"LOC115146143",153.21910907777,0.286525288399379,0.08236834173237,0.000114034137581394,0.00648615570193903,"kinesin light chain 1-like, transcript variant X4","gonad"
"LOC115141881",132.783766408627,0.285705097217524,0.119645098055848,0.00331311424894722,0.0417962392421115,"beta-secretase 2-like","gonad"
"LOC115132174",890.848516645078,0.285681471850937,0.099701029262629,0.000888572538901847,0.0192516981101455,"serine/threonine-protein kinase pim-1-like, transcript variant X2","gonad"
"LOC115105622",119.039324881338,0.284524946112881,0.117072617730287,0.00303330821190021,0.0393939512841632,"misshapen-like kinase 1, transcript variant X5","gonad"
"LOC115110639",166.327350221612,0.283440100485403,0.116449803221794,0.0029915551740975,0.0390738907925679,"growth factor receptor-bound protein 2","gonad"
"LOC115138513",92.2978919500054,0.283399681404868,0.266754630302697,4.09294488115062e-05,0.00389177933144043,"signal transducer and activator of transcription 1-alpha/beta-like, transcript variant X1","gonad"
"LOC115103911",113.573096822175,0.282536146630967,0.10401362101704,0.00139962789576278,0.0247676842840828,"kinesin-like protein KIF16B, transcript variant X1","gonad"
"LOC115139983",213.10814456596,0.281963607160747,0.0959594705582721,0.000725632582283486,0.0172216799528614,"GTPase-activating protein and VPS9 domain-containing protein 1-like, transcript variant X4","gonad"
"LOC115145826",259.37847780461,0.281812932859479,0.104273719167286,0.001458306236955,0.0254342056082181,"succinate--CoA ligase [ADP/GDP-forming] subunit alpha, mitochondrial-like","gonad"
"LOC115118184",502.879509204321,0.280881340685632,0.0903327858988614,0.00042439785331718,0.0125087133519914,"interleukin-6 receptor subunit beta-like","gonad"
"LOC115110692",293.670221314493,0.279032755857716,0.122150958042306,0.00451903170641262,0.0498435875094597,"rho GDP-dissociation inhibitor 1-like, transcript variant X3","gonad"
"LOC115141103",108.235904856892,0.277838615556279,0.106799919330284,0.00198595350669016,0.0308179246730483,"OTU domain-containing protein 7B-like, transcript variant X3","gonad"
"LOC115106619",124.400555527967,0.276310740554844,0.117411929541997,0.00389515449599768,0.0456850290887169,"carnitine O-palmitoyltransferase 1, liver isoform-like, transcript variant X2","gonad"
"LOC115111809",145.989614168272,0.274416512542766,0.0977321112504531,0.0011341563657245,0.0220704640686967,"serine/threonine-protein kinase A-Raf-like","gonad"
"LOC115143445",166.095120963143,0.271461656572806,0.0811241358359277,0.00019862141834026,0.00835761048150494,"hyaluronidase-1-like","gonad"
"LOC115117022",111.47867915945,0.270958053550809,0.105704573317955,0.00233142401441787,0.0337370995455248,"phosphatidylinositide phosphatase SAC1-A-like","gonad"
"LOC115138439",46.4874850803179,0.270298195164167,0.107417618645002,0.00265489100438494,0.0366000008167145,"kelch-like protein 28, transcript variant X2","gonad"
"LOC115122674",174.731863230456,0.268971420040593,0.084162159478654,0.000344496778479406,0.0110702363010125,"far upstream element-binding protein 3-like, transcript variant X2","gonad"
"sarnp",193.2012908428,0.267430063943023,0.111237311560535,0.00361183043997003,0.0439044045778176,"SAP domain containing ribonucleoprotein, transcript variant X1","gonad"
"LOC115105605",124.899593358044,0.266288656249762,0.111352444534687,0.00380143429160498,0.0451787608716125,"arrestin red cell, transcript variant X4","gonad"
"LOC115112080",173.773692204188,0.262006046441826,0.109737635018307,0.00396999047854767,0.0462056726223946,"rho GTPase-activating protein 1-like","gonad"
"LOC115107644",103.849976633391,0.257382836151746,0.0986975416575855,0.00230555417206113,0.0335626147807015,"zinc finger protein 292-like","gonad"
"LOC115137070",392.880734482902,0.254023711787209,0.106812599395821,0.00431333793331296,0.0484010899364834,"striatin-4-like","gonad"
"gak",92.8137796406752,0.248884159408153,0.0874544637619918,0.00122545214589829,0.0231522467855664,"cyclin G associated kinase","gonad"
"LOC115101926",462.528393247428,0.243682605277217,0.100710433219859,0.0042186385493833,0.0477516218844159,"para-nitrobenzyl esterase-like, transcript variant X2","gonad"
"LOC115121826",238.745291264771,0.240290496789857,0.0866682154562154,0.00160044102376985,0.0268803027082011,"sin3 histone deacetylase corepressor complex component SDS3-like, transcript variant X1","gonad"
"LOC115113644",288.821058377548,0.238147700611374,0.0921933304821515,0.00281988310814079,0.0378700734324699,"AP-1 complex subunit gamma-1, transcript variant X3","gonad"
"LOC115140088",272.487546043463,0.235594613205129,0.0963532855821073,0.00414749567369498,0.047300208198245,"guanine nucleotide-binding protein G(i) subunit alpha-2-like","gonad"
"LOC115146927",99.8143316780301,0.226260042872459,0.258850832655534,0.00406089807923707,0.0467966083405286,"protein mono-ADP-ribosyltransferase PARP14-like","gonad"
"LOC115146928",64.5338094283408,0.2035329875705,0.322860548961378,0.00176950985656148,0.028754066215286,"protein mono-ADP-ribosyltransferase PARP14-like","gonad"
"LOC115129232",506.014878347316,0.199590801659736,0.0762974581058625,0.00349652514744667,0.0433330447624859,"neutral alpha-glucosidase AB-like, transcript variant X3","gonad"
"LOC115143313",87.2682781501327,0.190086082065478,0.32323365474344,5.17101275082144e-06,0.00177141334913045,"interferon-induced GTP-binding protein Mx1","gonad"
"LOC115143468",27.689705949468,0.162313960392493,0.202496352464071,0.00130679452447753,0.0239169996268802,"ubiquitin-like modifier-activating enzyme 1","gonad"
"LOC115113101",37.7720924042238,0.154179000728084,0.272509049585701,5.30306100799667e-05,0.00436590695038226,"interferon-induced protein with tetratricopeptide repeats 5-like, transcript variant X2","gonad"
"LOC115123231",82.0180210833608,0.125338778872141,0.200787799692521,3.57460735102691e-06,0.00153069213597835,"uncharacterized LOC115123231","gonad"
"LOC115101604",324.778521115404,0.107888883783037,0.139831015482877,0.00299082658803833,0.0390738907925679,"E3 ubiquitin-protein ligase rnf213-alpha-like","gonad"
"LOC115107050",101.637067700651,0.106196477050312,0.141511647788144,0.00251486285870122,0.0355440348415262,"protein mono-ADP-ribosyltransferase PARP12-like, transcript variant X1","gonad"
"LOC115116225",45.6032017243979,0.0919264868118281,0.165015789470597,0.00020311218292949,0.00841978534267684,"nicotinamide phosphoribosyltransferase-like","gonad"
"LOC115119677",42.1951229730956,0.0919214206210345,0.163958838822251,0.000327956424823223,0.0108656511844716,"uncharacterized LOC115119677","gonad"
"LOC115138574",374.691561741808,0.0857743314131548,0.176378043849121,1.87161726417994e-05,0.00253590172003365,"sacsin-like, transcript variant X3","gonad"
"LOC115109133",43.6348625807954,0.0816323867621144,0.174080356988979,0.00136150722619046,0.0244971819826295,"interferon-induced protein 44-like, transcript variant X1","gonad"
"psmf1",114.693218597887,0.0731718136130837,0.1053507757569,0.00367881368764556,0.0443188133540538,"proteasome inhibitor subunit 1","gonad"
"LOC115112978",147.215549047435,0.0689345394350993,0.152966963267091,0.000280333994009467,0.0100266572962441,"E3 ubiquitin-protein ligase rnf213-beta-like, transcript variant X1","gonad"
"LOC115106629",34.5329889941892,0.0610204904625488,0.151589782477537,0.000227987114917464,0.00901931889388721,"uncharacterized LOC115106629","gonad"
"LOC115137871",85.4507835124458,0.0593176931330293,0.133104922262637,0.000673149868014734,0.0163623318154928,"opioid growth factor receptor-like protein 1","gonad"
"LOC115126437",55.1911737008112,0.0574079825121028,0.172606583546706,0.00181291720948603,0.0292061445034857,"uncharacterized LOC115126437, transcript variant X1","gonad"
"LOC115144070",131.763843585811,0.0382890209001716,0.132201366708526,0.00114788525444273,0.0221557836729457,"E3 ubiquitin-protein ligase rnf213-alpha-like","gonad"
"LOC115112979",47.4610558471281,0.0248846139924488,0.136949969981151,5.64480853134047e-05,0.0044941026365217,"E3 ubiquitin-protein ligase rnf213-beta-like","gonad"
"LOC115107051",120.010039198622,0.0224991245607925,0.147161098906338,0.000955735170693691,0.0202006143877935,"ubl carboxyl-terminal hydrolase 18-like","gonad"
"LOC115143311",146.857433286201,0.0202602457033055,0.151542587620801,3.49620806013511e-07,0.000392528549023692,"interferon-induced GTP-binding protein Mx2","gonad"
"LOC115143312",679.605906525176,0.0165406713418529,0.144882398898813,5.55622902537318e-07,0.000560438301025975,"interferon-induced GTP-binding protein Mx3, transcript variant X2","gonad"
"LOC115128356",22.406240136592,0.0145654830749998,0.138021535694576,0.00206968840838639,0.0313666633912047,"MORC family CW-type zinc finger protein 3-like, transcript variant X3","gonad"
"epsti1",167.954028013821,0.0133022880443442,0.140582195772706,0.000673374729930447,0.0163623318154928,"epithelial stromal interaction 1, transcript variant X2","gonad"
"LOC115133054",180.44106495931,0.0130785601676124,0.145983437727481,0.000763095949731224,0.0175821955118276,"ubl carboxyl-terminal hydrolase 18-like, transcript variant X2","gonad"
"LOC115137998",40.1522650996938,-0.0005400840526463,0.148935159313354,3.65765895399666e-05,0.0037308121330766,"interferon-induced very large GTPase 1-like","gonad"
"LOC115107184",16.7055776591439,-0.00409387101788445,0.138242945087846,0.000874836713564276,0.0190897328682127,"monocarboxylate transporter 12-B-like","gonad"
"LOC115110468",557.907931189884,-0.0067281592731092,0.149453622520474,0.00233914810367953,0.0337864542326217,"CD9 antigen-like, transcript variant X2","gonad"
"LOC115108622",84.7417198122722,-0.0131521967782459,0.0890054189571087,0.00118183245410158,0.0225593657587237,"terminal uridylyltransferase 4-like, transcript variant X2","gonad"
"LOC115117674",16.7474011337174,-0.0186770323752172,0.133870095280155,0.000822008141182013,0.0183797780927348,"macrosialin-like","gonad"
"LOC115115300",49.0118015336005,-0.0187364779537057,0.129039829209054,0.00366014963733166,0.0442045270150343,"receptor-type tyrosine-protein phosphatase S-like","gonad"
"LOC115138443",66.7505231569315,-0.0489105372974648,0.146147498875647,3.82348788165547e-05,0.00381424428457894,"interferon alpha-inducible protein 27-like protein 2B","gonad"
"LOC115104276",838.797192141147,-0.0640353222844496,0.138127391819988,0.000986922348228091,0.0205724020142701,"CD9 antigen-like","gonad"
"LOC115129673",374.806817096577,-0.0752073041114659,0.128775367678381,4.35580008735293e-05,0.00396429805105747,"signal transducer and activator of transcription 1-alpha/beta-like, transcript variant X1","gonad"
"LOC115125109",60.6948763818821,-0.0802056373643397,0.160196193033389,0.000173719246993633,0.00780877889675854,"E3 ubiquitin/ISG15 ligase TRIM25-like","gonad"
"LOC115132283",147.488493748639,-0.10543509395892,0.216145206526854,0.00275031945171356,0.0374115052447483,"complement receptor type 2-like, transcript variant X1","gonad"
"LOC115139220",6899.7408333544,-0.108241685542482,0.222291840925727,0.000160125353843877,0.00749762792646944,"trichohyalin-like","gonad"
"LOC115108102",43.9076212409526,-0.119582522840852,0.151884373080374,0.000498892189157063,0.0135920554227591,"RANBP2-like and GRIP domain-containing protein 5/6","gonad"
"LOC115133047",35.9722819486497,-0.203612890585321,0.540587255502008,0.00156621645177667,0.0264769328663476,"probable polypeptide N-acetylgalactosaminyltransferase 8","gonad"
"LOC115129489",92.8207712894022,-0.212520529570249,0.569847546300027,0.000230951723617511,0.00905679553802459,"insulin-like growth factor-binding protein 7, transcript variant X1","gonad"
"LOC115114687",370.617553927611,-0.237667553886659,0.0947888408293383,0.00347941865805886,0.0431799898535315,"proteasome subunit beta type-5-like","gonad"
"LOC115123393",122.357899343145,-0.243669353097258,0.0944365894055931,0.0027400596071355,0.0373207218508268,"COP9 signalosome complex subunit 1-like","gonad"
"LOC115132968",94.5269681846425,-0.24790847978821,0.0961168165798773,0.00267997300551639,0.036833906047052,"protein SCAF11-like, transcript variant X1","gonad"
"LOC115141747",215.332345351357,-0.248604427111703,0.0877423219726187,0.00126466526224177,0.0236058227621431,"calpain-5-like","gonad"
"LOC115124347",249.672318543415,-0.252082012858081,0.0977579160883768,0.00255535399305765,0.0359094482182312,"caprin-1-like","gonad"
"LOC115105089",105.909667709615,-0.257573065560904,0.0815727767214201,0.000428166724624653,0.0125586349794591,"ATP-dependent 6-phosphofructokinase, platelet type-like, transcript variant X3","gonad"
"LOC115130751",267.490739359254,-0.263000533805046,0.11152032449399,0.00422455118006379,0.0477887546574692,"polycomb group RING finger protein 3, transcript variant X1","gonad"
"LOC115134523",215.424240012565,-0.263617815337156,0.110204611431913,0.00386657580848832,0.0455262972625901,"apoptosis inhibitor 5-like, transcript variant X2","gonad"
"LOC115129874",112.984837297578,-0.264368515199414,0.108985663179664,0.00353097462680793,0.0436074166429657,"mitogen-activated protein kinase kinase kinase kinase 4-like","gonad"
"LOC115118659",355.152792271341,-0.268751768427647,0.113213180228147,0.00382560828504397,0.0453083783582899,"ubiquitin-conjugating enzyme E2 D2","gonad"
"LOC115128846",228.300377171583,-0.272118785406863,0.10728826258045,0.00250474226534169,0.0355004688286836,"M-phase phosphoprotein 8-like, transcript variant X4","gonad"
"LOC115124959",577.7124935654,-0.272218540749584,0.105091489923486,0.00209134361249816,0.031510734131549,"eukaryotic translation initiation factor 5A-1-like, transcript variant X1","gonad"
"LOC115104955",96.192461121901,-0.276555097660258,0.115408588884094,0.00350182393922217,0.0433691101231363,"cyclin-dependent kinase 8","gonad"
"LOC115129392",152.698041603513,-0.282324475395386,0.104824739270751,0.00150346842862663,0.025824802244446,"MAP7 domain-containing protein 1-like, transcript variant X12","gonad"
"LOC115112405",114.08456693124,-0.284014569002313,0.108919781806368,0.00190578676173912,0.0301406484722434,"AP-2 complex subunit alpha-2, transcript variant X2","gonad"
"cops7a",257.393356475037,-0.286816640317833,0.118557942161194,0.00305965403790804,0.0395689584324162,"COP9 signalosome subunit 7A, transcript variant X2","gonad"
"LOC115108503",1152.23814545934,-0.289938569677239,0.124363644621652,0.00369855412143907,0.044441395518761,"proteasome subunit beta type-5-like","gonad"
"LOC115130833",151.99611160462,-0.296943487044484,0.106367912697362,0.00103240351165951,0.0210138095938228,"transmembrane protein 33-like","gonad"
"LOC115137103",59.3585199575914,-0.298621507994032,0.125302299378236,0.00318704963504196,0.0406384627373089,"CLK4-associating serine/arginine rich protein-like, transcript variant X2","gonad"
"LOC115107148",95.657111758286,-0.301221176488084,0.107005850585481,0.000936982794053949,0.0199435634335797,"uncharacterized LOC115107148","gonad"
"LOC115140123",166.996572313067,-0.302097998072493,0.0917098900471057,0.000201157980052879,0.0083959178984829,"ubiquitin carboxyl-terminal hydrolase 4-like","gonad"
"LOC115124648",757.364344575851,-0.30237757051023,0.124338279344,0.00264714510974337,0.0365765347127097,"receptor-type tyrosine-protein phosphatase F-like","gonad"
"LOC115102565",1376.72327818901,-0.303197142206372,0.1343986938819,0.00404552260664321,0.0466743070151236,"40S ribosomal protein S26-like","gonad"
"LOC115102713",100.334383507781,-0.303437778172523,0.113545632335793,0.00137118183420471,0.0245999776500205,"spindlin-1-like, transcript variant X1","gonad"
"LOC115106399",202.600257342782,-0.303590019185672,0.0997595506127987,0.00045131736108378,0.0128779668430222,"Golgi to ER traffic protein 4 homolog","gonad"
"LOC115134164",186.928458145979,-0.305884015236891,0.133399606253974,0.00368347044234783,0.0443188133540538,"ras association domain-containing protein 7-like, transcript variant X4","gonad"
"LOC115121012",229.312817697087,-0.306005463431356,0.120075719589166,0.0019104588394354,0.0301835359351168,"COP9 signalosome complex subunit 9-like","gonad"
"LOC115134172",164.550856451664,-0.30661751824217,0.115777185476082,0.00146067429624464,0.0254510580831264,"ELKS/Rab6-interacting/CAST family member 1-like, transcript variant X2","gonad"
"tmem43",67.5429360189035,-0.309076586018128,0.137658198693084,0.00404634056189715,0.0466743070151236,"transmembrane protein 43","gonad"
"LOC115136211",143.413343148624,-0.311097092875509,0.130051455788076,0.00279795106435693,0.037751012470156,"transcription elongation regulator 1-like","gonad"
"LOC115130705",571.062283383795,-0.312065777931045,0.120003602175233,0.00158014078864202,0.0266604651787364,"GTP-binding nuclear protein Ran, transcript variant X1","gonad"
"LOC115146295",76.6083955742462,-0.312909033994885,0.126844457361127,0.00228483162259359,0.033346786929107,"low density lipoprotein receptor adapter protein 1-B-like, transcript variant X1","gonad"
"LOC115123298",202.056484979334,-0.314771661283819,0.125185959252188,0.00198280639316642,0.0307954087889903,"coiled-coil domain-containing protein 106-like, transcript variant X1","gonad"
"ik",283.179663306565,-0.316656639654226,0.136576486460397,0.00320847041063759,0.0408455708571395,"IK cytokine","gonad"
"LOC115110233",232.851822496622,-0.316931698215442,0.11250005065549,0.000846358574666443,0.018785435552132,"glycylpeptide N-tetradecanoyltransferase 1-like, transcript variant X4","gonad"
"LOC115111817",36.7343621339041,-0.318703854417104,0.14665003545155,0.00453707410054418,0.0498435875094597,"E3 SUMO-protein ligase RanBP2-like, transcript variant X2","gonad"
"LOC115128561",113.20219279029,-0.319889719670834,0.136852081529498,0.00304806898495601,0.0395008854324492,"DNA topoisomerase 2-beta-like, transcript variant X5","gonad"
"LOC115109369",154.62248870433,-0.320935245285467,0.142520456426853,0.00362253026456442,0.0439349762748374,"UPF0183 protein C16orf70 homolog, transcript variant X3","gonad"
"LOC115145223",59.7601587648989,-0.321600632350846,0.121598964966579,0.00130380864885123,0.0239092064159742,"transmembrane protein 11, mitochondrial-like, transcript variant X1","gonad"
"LOC115135886",516.151608422679,-0.325636805375254,0.130387403252325,0.00192575202241984,0.0303243310659623,"etoposide-induced protein 2.4 homolog, transcript variant X1","gonad"
"LOC115120267",997.908123145214,-0.328597850792372,0.152418283692186,0.00426457127209333,0.0480916496994574,"transitional endoplasmic reticulum ATPase-like","gonad"
"LOC115128505",63.7355372370121,-0.332260780375074,0.137436892613085,0.00231663853685332,0.0336487114200871,"septin-10-like, transcript variant X2","gonad"
"kdm1b",82.780002740552,-0.3324689196289,0.151314330031672,0.0039256874688795,0.0459837301193395,"lysine demethylase 1B","gonad"
"ube4b",129.796716856005,-0.337082766861621,0.136087626245567,0.00194869868915889,0.030474223428397,"ubiquitination factor E4B, transcript variant X1","gonad"
"LOC115137299",95.990575805965,-0.33801514576891,0.123826009257286,0.000979698794490159,0.0204688277477138,"E3 ubiquitin-protein ligase ZFP91-like","gonad"
"LOC115114694",73.1096541663482,-0.338282586168977,0.143272574855106,0.00258108559058105,0.0360506581735276,"protein lifeguard 3-like, transcript variant X2","gonad"
"LOC115143007",1052.92201290147,-0.33910572427105,0.158480609447314,0.00411910101463916,0.0472136351147655,"60S acidic ribosomal protein P0-like","gonad"
"LOC115112465",137.216365968254,-0.340763685040944,0.16099617921327,0.00438896914409999,0.0488871925032389,"tyrosine-protein kinase CSK, transcript variant X1","gonad"
"LOC115144942",230.608338799887,-0.34088423084191,0.161886428637263,0.00452335312354862,0.0498435875094597,"uncharacterized protein C1orf21 homolog","gonad"
"CYTB",17596.2115921336,-0.34443866808593,0.124847998746354,0.00096234800307389,0.0202695943663684,NA,"gonad"
"LOC115138387",120.107097289402,-0.344883921131997,0.129829236478546,0.0011394453086831,0.022078728948186,"probable palmitoyltransferase ZDHHC14, transcript variant X2","gonad"
"LOC115136995",46.8555350188691,-0.345624753928104,0.163029318343083,0.00426966247299345,0.0481191755801795,"phosphatidylinositol transfer protein alpha isoform-like","gonad"
"LOC115116589",169.546902611412,-0.347609259991728,0.158298435575642,0.00355979325681465,0.0436838968150013,"small integral membrane protein 13","gonad"
"LOC115103776",165.758750827144,-0.348815638897183,0.120401973818677,0.00055844613378533,0.0144384723578429,"pre-mRNA-splicing factor CWC25 homolog","gonad"
"LOC115110511",59.2235851155052,-0.350810094968726,0.165076404785598,0.00414308878077308,0.0472796479595952,"ADP-ribosylation factor-binding protein GGA1-like","gonad"
"fam151a",243.446571212248,-0.353369124531725,0.159951888074051,0.00332466159461785,0.0418312930782271,"family with sequence similarity 151 member A, transcript variant X4","gonad"
"LOC115135500",87.5561129732274,-0.353632880774915,0.136556924910582,0.00130502443039383,0.0239092064159742,"protein ZNRD2-like","gonad"
"LOC115146853",36.5369018217939,-0.354104794573794,0.170306833583871,0.00453687369047021,0.0498435875094597,"serine/threonine-protein kinase TAO1-like, transcript variant X1","gonad"
"LOC115128218",205.93661492046,-0.3545408295052,0.16229636104628,0.0034927650842903,0.0433160128896002,"ceramide synthase 2-like, transcript variant X2","gonad"
"mpnd",130.182036275315,-0.354876985904122,0.171091947519428,0.00448024626942503,0.0496480008795692,"MPN domain containing, transcript variant X1","gonad"
"LOC115110903",64.7793775061908,-0.355207747679682,0.146803220637879,0.00205551907145471,0.0313213834236536,"ubiquitin carboxyl-terminal hydrolase 43-like","gonad"
"kif1bp",56.5631497552327,-0.355313050998695,0.150731659734248,0.00237160900815977,0.0340998393336293,"KIF1 binding protein","gonad"
"LOC115118108",145.604895930026,-0.357233958371993,0.168184062274353,0.00397314313784197,0.0462116507435354,"collagen alpha-5(IV) chain-like","gonad"
"LOC115114255",47.272737985728,-0.359937419142476,0.170791479737585,0.00413015378177498,0.047250833057282,"serine/threonine-protein kinase PRP4 homolog, transcript variant X1","gonad"
"LOC115139238",32.2730007385077,-0.366793937007015,0.176289161839087,0.00430838820847613,0.0483754460810715,"protein EFR3 homolog B, transcript variant X2","gonad"
"LOC115112875",46.3232201734952,-0.369561641840652,0.163575165042931,0.00280666952409331,0.0378025904150135,"eukaryotic translation initiation factor 2-alpha kinase 1-like, transcript variant X1","gonad"
"LOC115146992",106.542271042187,-0.37021764916404,0.141256109367724,0.00110371483183042,0.0216893951726441,"E3 ubiquitin-protein ligase MARCH5","gonad"
"psmb7",979.611840972642,-0.370314901416067,0.145709562105502,0.00135188921202307,0.0243985094766311,"proteasome subunit beta 7, transcript variant X1","gonad"
"LOC115134645",60.583501507951,-0.370500590193485,0.178346086920889,0.00417572508066588,0.0474730523259672,"ankyrin repeat domain-containing protein 26-like, transcript variant X10","gonad"
"LOC115145261",94.9047432769596,-0.371240274157528,0.119245516555988,0.000253486963156268,0.00946977222852923,"SAGA-associated factor 29-like","gonad"
"LOC115120833",212.254005257947,-0.371794402451737,0.111021328268382,0.000113554203556656,0.00648615570193903,"cell division cycle and apoptosis regulator protein 1-like, transcript variant X1","gonad"
"LOC115104105",20.5319493444297,-0.372287067683245,0.172583281816376,0.00343587210333483,0.0428151639726473,"serine/threonine-protein kinase tousled-like 2, transcript variant X2","gonad"
"LOC115122811",981.462529441218,-0.372611258465356,0.127105067917544,0.000439412588784719,0.0127647599391606,"heterogeneous nuclear ribonucleoprotein A1-like, transcript variant X5","gonad"
"fyco1",49.7893389701787,-0.373442866872702,0.166121206129384,0.00283624134031094,0.0379475296792082,"FYVE and coiled-coil domain containing 1, transcript variant X3","gonad"
"ND6",1676.50089879746,-0.373735507300005,0.164781910030968,0.00259656171510982,0.0361676380803762,NA,"gonad"
"LOC115103904",156.148208829381,-0.373892847808662,0.139520990498111,0.000915715328495234,0.019628958092278,"sprouty-related, EVH1 domain-containing protein 2-like, transcript variant X4","gonad"
"LOC115135520",46.6390655921648,-0.374317160066379,0.183993252905414,0.00437712821449616,0.0487852301181045,"dnaJ homolog subfamily C member 18-like, transcript variant X2","gonad"
"LOC115145599",1789.76850953939,-0.376277178146535,0.147871753908088,0.00126755943760119,0.0236281408101511,"40S ribosomal protein S3a","gonad"
"LOC115114723",3648.85191528516,-0.377462640430128,0.134494364421469,0.000618800207648466,0.0155462162527157,"elongation factor 2-like","gonad"
"LOC115117308",209.70303378073,-0.3787219869726,0.155324649033827,0.00169734693138963,0.0279646378278676,"ubiquitin-conjugating enzyme E2 H-like","gonad"
"LOC115122570",1126.67379777541,-0.378860533711354,0.184803697790405,0.00409945291057679,0.047077588263398,"neuroblast differentiation-associated protein AHNAK-like","gonad"
"LOC115144835",87.460581404393,-0.379317649158795,0.161340016387222,0.00214020678669646,0.0319178989447368,"protein MON2 homolog, transcript variant X2","gonad"
"LOC115141513",48.1191824733247,-0.379719360754135,0.151931179596484,0.00150381594430663,0.025824802244446,"CLK4-associating serine/arginine rich protein-like, transcript variant X6","gonad"
"LOC115110004",222.208846421935,-0.379881471616838,0.188171351704087,0.00436481514755164,0.0487077958321743,"mitogen-activated protein kinase 1-like","gonad"
"LOC115120012",122.204014886104,-0.380930725634802,0.170430040621874,0.00276379612489145,0.037491005888381,"glypican-4-like","gonad"
"LOC115102160",119.898403430149,-0.383605086706869,0.14360176770972,0.000909629056400668,0.0195215427281448,"guanine nucleotide-binding protein G(s) subunit alpha-like","gonad"
"LOC115136930",16.5367839430728,-0.384412115007678,0.190569445075213,0.00451996145231154,0.0498435875094597,"serine/threonine-protein kinase PAK 4-like, transcript variant X1","gonad"
"LOC115122733",38.758041055271,-0.384638357362641,0.140174114129989,0.00075133195172568,0.0175497902621226,"FAS-associated factor 2-like","gonad"
"LOC115105361",70.7376983854961,-0.386283361784765,0.17840012742403,0.0031524526946526,0.0403353989599103,"heterogeneous nuclear ribonucleoprotein L-like, transcript variant X1","gonad"
"LOC115102783",52.4737622722288,-0.387390299751482,0.147659847541845,0.00102531666794753,0.020992161884297,"chromodomain-helicase-DNA-binding protein 8-like","gonad"
"rpap1",56.1022240331158,-0.388644794491965,0.193310640265376,0.00436990528838063,0.0487346439900729,"RNA polymerase II associated protein 1","gonad"
"LOC115117370",117.7866747379,-0.390093997785296,0.142386993593399,0.000722574539567164,0.0172210466660297,"macoilin-1-like","gonad"
"LOC115109479",837.616423077651,-0.391313404414846,0.149174298015126,0.000974925518246984,0.020425509612949,"MOB kinase activator 2-like, transcript variant X1","gonad"
"LOC115113849",189.021889887049,-0.391348349265394,0.154219372002304,0.00124815047243788,0.0234105578280807,"dystonin-like","gonad"
"LOC115118242",54.6601795429693,-0.391518202420882,0.179824172611826,0.00301398706898926,0.039202491877248,"enoyl-CoA hydratase domain-containing protein 3, mitochondrial-like, transcript variant X2","gonad"
"LOC115136668",88.5958021606068,-0.391786427514882,0.197411851520349,0.00448424758741367,0.0496480008795692,"CXADR-like membrane protein","gonad"
"LOC115106750",404.860842448077,-0.393501003387978,0.122219485839289,0.00015763784174538,0.00749762792646944,"eukaryotic translation initiation factor 3 subunit L-like","gonad"
"bri3",39.7033421493672,-0.397010041611685,0.171308145129913,0.00206728520373869,0.0313564161729988,"brain protein I3","gonad"
"ttf2",17.4967757154784,-0.398546769419881,0.198396063223769,0.00410846721860681,0.0471380306966946,"transcription termination factor 2, transcript variant X2","gonad"
"LOC115146820",155.591834839003,-0.398775530559811,0.150072124852632,0.000876324085453051,0.0190897328682127,"A disintegrin and metalloproteinase with thrombospondin motifs 2-like","gonad"
"gpbp1",53.173324471242,-0.399084495505604,0.1502436345713,0.000878994088886639,0.0190897328682127,"GC-rich promoter binding protein 1, transcript variant X1","gonad"
"LOC115133453",36.7718816445137,-0.405418775117711,0.169353335884819,0.00173232344362408,0.0284119823328264,"tetratricopeptide repeat protein 5-like","gonad"
"LOC115136068",476.417257803798,-0.406951879176515,0.14803055370741,0.000642450337460073,0.0158698344584015,"histone H3.3","gonad"
"LOC115105403",51.5756268958531,-0.409753391991708,0.182456745718779,0.00236707339698835,0.0340986734823224,"akirin-1-like","gonad"
"LOC115115946",231.208980694395,-0.412968786474724,0.190056789709831,0.00269445504767578,0.0369769658696912,"rab GTPase-activating protein 1-like","gonad"
"LOC115108614",23.1925982935191,-0.413494370280039,0.178888932402459,0.00200001366681327,0.030930364680291,"cordon-bleu protein-like 1, transcript variant X1","gonad"
"sppl2b",32.6095252377434,-0.413875609434386,0.145848501735712,0.000500666852820895,0.0135920554227591,"signal peptide peptidase like 2B, transcript variant X1","gonad"
"LOC115108346",68.9360317801243,-0.414620782153861,0.172584256112384,0.00160736672735249,0.0269467685150617,"chromatin assembly factor 1 subunit A-like, transcript variant X2","gonad"
"LOC115109073",44.5526380312842,-0.417463078646662,0.169943991794688,0.0013945280085813,0.0247256352771505,"SUN domain-containing protein 2-like","gonad"
"LOC115111472",37.9218220982727,-0.417987863264459,0.175893043943238,0.00169252271336718,0.0279646378278676,"SWI/SNF-related matrix-associated actin-dependent regulator of chromatin subfamily B member 1","gonad"
"LOC115141668",91.5425805672284,-0.419513476247699,0.14350029695947,0.000369050321697247,0.0114913259541396,"SUMO-activating enzyme subunit 1-like","gonad"
"LOC115102256",21.9742464471896,-0.421059467497724,0.198504832253763,0.00304793940954723,0.0395008854324492,"ephrin type-A receptor 2-like","gonad"
"LOC115112385",415.651442298943,-0.422923998206958,0.224739907116462,0.00453797368104962,0.0498435875094597,"dysbindin domain-containing protein 1-like, transcript variant X1","gonad"
"LOC115110075",23.1194019142438,-0.424003180273972,0.199039390074304,0.00277095750488083,0.0375164089922568,"uncharacterized LOC115110075","gonad"
"LOC115126510",2007.65712856135,-0.42541928033157,0.200348929747097,0.00316697054878616,0.0404926178054659,"40S ribosomal protein S9-like","gonad"
"LOC115135426",176.912840426012,-0.427091684616397,0.207350105180104,0.00323301106519978,0.0410766612314676,"G protein pathway suppressor 2-like, transcript variant X2","gonad"
"LOC115119204",64.6433834614275,-0.428039650770986,0.182826741358351,0.00176538081011348,0.028754066215286,"cyclin-Y-like protein 1","gonad"
"LOC115109252",175.695415504865,-0.429959230122429,0.153601880748433,0.000515269555250017,0.0137607901637429,"transcriptional repressor p66-alpha-like, transcript variant X1","gonad"
"LOC115133082",26.9618074758227,-0.431984608825864,0.226170015893643,0.0044316785891084,0.0492420786192485,"DNA/RNA-binding protein KIN17-like","gonad"
"LOC115121458",164.038978808875,-0.432036465301708,0.195219586928477,0.00224924373753483,0.0330934111010392,"ankyrin repeat domain-containing protein 12-like","gonad"
"LOC115133232",83.2644632701776,-0.432981628153799,0.180656617338239,0.00151973352178604,0.0259907839918303,"phosphate carrier protein, mitochondrial-like, transcript variant X3","gonad"
"LOC115140604",25.6455248130505,-0.434372734407365,0.217521682153305,0.0037356085983143,0.0447091033032264,"uncharacterized LOC115140604","gonad"
"LOC115137090",258.013359006187,-0.436542795859531,0.208561911303988,0.00291810354316322,0.0385317003124883,"protein phosphatase 1 regulatory subunit 37-like","gonad"
"LOC115132969",39.4987039695799,-0.43704484952153,0.18334037296978,0.00154393778176853,0.0262299325443514,"AT-rich interactive domain-containing protein 2-like, transcript variant X2","gonad"
"LOC115102877",77.0981885208614,-0.437360071962078,0.224850950340974,0.00388558942761982,0.0456317992547642,"serine/threonine-protein kinase OSR1-like, transcript variant X2","gonad"
"LOC115119807",20.277264109508,-0.437381436662981,0.219397436387998,0.00371351229570932,0.044503319630956,"hyccin-like, transcript variant X1","gonad"
"ranbp9",227.796405435447,-0.437849697357376,0.120371982386965,3.03548918940155e-05,0.00345067711429853,"RAN binding protein 9","gonad"
"LOC115144880",369.81205118906,-0.437975762608053,0.212889348327933,0.00311266453978266,0.0400237516885935,"elongation factor 2-like, transcript variant X1","gonad"
"dkk3",459.492998620849,-0.439130596675531,0.222366133009406,0.00359475628563171,0.043861985296749,"dickkopf WNT signaling pathway inhibitor 3, transcript variant X1","gonad"
"nkrf",53.5939699453273,-0.440993507635643,0.203010297511455,0.00248758199059371,0.0354509722301565,"NFKB repressing factor, transcript variant X1","gonad"
"LOC115109041",36.8285299653325,-0.44279003380923,0.189437514344693,0.00169040352408284,0.0279646378278676,"ankyrin repeat and SOCS box protein 3-like, transcript variant X1","gonad"
"LOC115134994",14.1464761435797,-0.445044674006297,0.223248385333558,0.00357417781274841,0.0437567522040874,"mitogen-activated protein kinase kinase kinase kinase 3-like, transcript variant X3","gonad"
"LOC115119639",57.7233389337833,-0.445466353929973,0.224763897037644,0.00359194230439568,0.043861985296749,"protein FAM214B-like, transcript variant X1","gonad"
"LOC115105150",323.496841594778,-0.446928292118667,0.198239747946367,0.00196809774120572,0.0307053620521425,"sickle tail protein-like, transcript variant X4","gonad"
"LOC115141125",80.972762233171,-0.450443016893177,0.210364164511839,0.00255828336127416,0.0359228095184019,"nuclear receptor subfamily 1 group D member 2-like","gonad"
"LOC115131726",57.9404257060377,-0.450721064384919,0.214207085032419,0.00280076083924323,0.037751012470156,"zinc finger and BTB domain-containing protein 12-like, transcript variant X2","gonad"
"LOC115103754",104.730482225521,-0.457235168874184,0.16611767788289,0.00053188027341744,0.0140769945250248,"junction plakoglobin-like","gonad"
"stk25",41.4539812365986,-0.457525961393508,0.214053229065745,0.00249876110746261,0.0355004688286836,"serine/threonine kinase 25, transcript variant X1","gonad"
"LOC115104864",52.4888741648114,-0.457841309271979,0.185266380690103,0.00111554108674394,0.0217701596167883,"thioredoxin domain-containing protein 5-like","gonad"
"LOC115134860",63.0811729868987,-0.457912744324691,0.229937992632947,0.00336754285983883,0.0421662814918854,"round spermatid basic protein 1-like","gonad"
"LOC115130204",44.0675270445173,-0.46020338167475,0.224071340661027,0.0029957510455637,0.0390738907925679,"serine/threonine-protein phosphatase 4 regulatory subunit 1-like, transcript variant X1","gonad"
"LOC115118153",167.980470766045,-0.460374658134698,0.152134608764936,0.00022845150239336,0.00901931889388721,"protein Tob1-like","gonad"
"LOC115144075",137.479363382194,-0.460438756040688,0.163578419442616,0.000442184808386884,0.0127870306457385,"protein phosphatase 1B-like, transcript variant X2","gonad"
"LOC115134088",25.4457165381632,-0.460581439616241,0.235672259805764,0.00356092571525677,0.0436838968150013,"adhesion G protein-coupled receptor G3-like, transcript variant X1","gonad"
"LOC115128571",45.2502877495529,-0.460697238628159,0.212685669625896,0.00224797489774227,0.0330934111010392,"asparagine synthetase [glutamine-hydrolyzing]-like","gonad"
"LOC115101943",54.7946561740521,-0.460898539697195,0.198343033652485,0.00162643071949046,0.0271660314103669,"SRSF protein kinase 1-like, transcript variant X1","gonad"
"LOC115108233",52.1505573715017,-0.462757529396613,0.240187884688746,0.00370986042502986,0.044503319630956,"formin-like protein 2, transcript variant X7","gonad"
"LOC115128576",121.60906616583,-0.463446805535087,0.184836942311178,0.00101792291484887,0.020930247386179,"mannosyl-oligosaccharide 1,2-alpha-mannosidase IB-like, transcript variant X1","gonad"
"LOC115117173",65.3751314752698,-0.464430893193629,0.249512133748762,0.0041905290088751,0.0475520279282102,"chloride channel protein 2-like, transcript variant X1","gonad"
"LOC115132911",67.5111376813133,-0.465709979602095,0.24258908856835,0.00375244780408305,0.0448220015335077,"palmitoyltransferase ZDHHC17-like","gonad"
"LOC115132494",1272.72134355451,-0.465711134298535,0.17257674047761,0.000591106967583417,0.0150118242428467,"40S ribosomal protein S26","gonad"
"LOC115143188",31.8141526127865,-0.467070332250964,0.184080808456427,0.000952418529774804,0.0201774922130587,"AMP deaminase 2-like, transcript variant X1","gonad"
"ddo",38.338100820817,-0.467972765948531,0.228552677981084,0.0028923944654817,0.0383626498917444,"D-aspartate oxidase, transcript variant X4","gonad"
"mvb12b",53.1359736049774,-0.468491932152655,0.208485428287999,0.00189666352545558,0.0301012438532968,"multivesicular body subunit 12B, transcript variant X2","gonad"
"LOC115128542",103.874974507454,-0.469182910565878,0.250534360638922,0.00395310639498355,0.046126349426299,"cAMP-dependent protein kinase inhibitor alpha-like","gonad"
"LOC115117991",102.486098105862,-0.471507130150711,0.145821146248072,0.000113675022731145,0.00648615570193903,"TNF receptor-associated factor 6-like","gonad"
"LOC115112532",150.330530277989,-0.473823103758215,0.227894311895058,0.00263446279650441,0.0365265727974365,"protein MRVI1-like","gonad"
"LOC115107659",107.113245259047,-0.474272371287776,0.163125682473595,0.000319835777279111,0.0106729870011963,"transcription regulator protein BACH2-like","gonad"
"ski",363.32758779153,-0.47602254933483,0.174984079191904,0.000542646666813055,0.014258021537855,"SKI proto-oncogene","gonad"
"LOC115108213",279.857947011176,-0.479632257899682,0.222479235375461,0.00217447441353533,0.0322810772298834,"cystathionine gamma-lyase-like, transcript variant X2","gonad"
"LOC115146279",35.7953522580772,-0.480315624373937,0.218928630980356,0.00205485024109646,0.0313213834236536,"uncharacterized protein C14orf28 homolog","gonad"
"LOC115110792",53.2084837726799,-0.480495196794119,0.171102059498719,0.000420990140206104,0.0124486921589284,"STE20-related kinase adapter protein alpha-like, transcript variant X1","gonad"
"LOC115121109",289.987261933766,-0.482595227930188,0.168195119819435,0.000348260845632734,0.0111517176601551,"torsin-1A-interacting protein 2-like, transcript variant X1","gonad"
"LOC115103345",134.192720150622,-0.4834585996786,0.251474666433598,0.00336040145019511,0.0421058997444737,"gastrula zinc finger protein xFG20-1-like","gonad"
"LOC115127885",12.6927215199479,-0.48775531468288,0.230609665050244,0.00250471309024143,0.0355004688286836,"kelch-like protein 8","gonad"
"kctd3",23.9687828899906,-0.490142853965342,0.234346433501021,0.00251931046628806,0.0355440348415262,"potassium channel tetramerization domain containing 3, transcript variant X2","gonad"
"six3",16.6619728431728,-0.49196016737809,0.269939923646378,0.00409573668669006,0.0470646805592055,"SIX homeobox 3","gonad"
"LOC115101288",42.8272458887801,-0.492463451244836,0.231300872282329,0.00227024267089623,0.0332519456583308,"lysine-specific demethylase 6B-like","gonad"
"LOC115124872",295.456572720848,-0.493848093764195,0.148557839272364,7.75742783316303e-05,0.00525856336781094,"ankyrin repeat and sterile alpha motif domain-containing protein 1B-like, transcript variant X3","gonad"
"aldh7a1",428.373852062094,-0.495217952560509,0.149487173121517,7.9975820628229e-05,0.0053188314993631,"aldehyde dehydrogenase 7 family member A1","gonad"
"LOC115129807",41.3322880373338,-0.495413947678856,0.199888738997499,0.000997230844289456,0.0207159304449878,"inositol-3-phosphate synthase 1-A-like, transcript variant X1","gonad"
"LOC115106878",113.854416120634,-0.495805248218509,0.149004447276476,7.8933609588696e-05,0.0053104527988003,"mediator of DNA damage checkpoint protein 1-like","gonad"
"LOC115106603",127.011028194223,-0.496324707091018,0.214441204696544,0.00147182589819847,0.0255962365974055,"heparan sulfate glucosamine 3-O-sulfotransferase 2-like, transcript variant X3","gonad"
"LOC115105085",21.9989539821998,-0.496941553861446,0.234812674810722,0.00233387293617422,0.0337370995455248,"sorting nexin-16-like","gonad"
"LOC115144073",30.7440149971406,-0.500066735582754,0.255222655800217,0.00318135226267957,0.0406384627373089,"metastasis-associated protein MTA3-like","gonad"
"LOC115117577",47.2515022093744,-0.501104688537443,0.186215469325081,0.000546678396359986,0.0143431979253062,"cytohesin-2, transcript variant X2","gonad"
"LOC115131585",38.1815023357846,-0.502955613071755,0.225909048048868,0.00173462722366422,0.0284240901379491,"collagen alpha-1(XIV) chain-like, transcript variant X3","gonad"
"LOC115117122",192.40125039428,-0.505544085123906,0.270024982165981,0.00354045756627053,0.0436098257981119,"gamma-adducin-like","gonad"
"mthfd1",15.7830268979535,-0.505602309542826,0.233884741743477,0.00205807503989969,0.0313213834236536,"methylenetetrahydrofolate dehydrogenase, cyclohydrolase and formyltetrahydrofolate synthetase 1","gonad"
"LOC115117837",42.3926327156188,-0.506093678377183,0.191205684607383,0.00061926365656965,0.0155462162527157,"uncharacterized LOC115117837","gonad"
"LOC115120938",28.6308336552087,-0.507657547363118,0.269571660016078,0.00355524730564736,0.0436732544528644,"BTB/POZ domain-containing protein KCTD9-like, transcript variant X2","gonad"
"LOC115130555",243.513847546747,-0.511516579466607,0.296382233636054,0.00451783140238292,0.0498435875094597,"serine/threonine-protein phosphatase 2A 55 kDa regulatory subunit B gamma isoform, transcript variant X2","gonad"
"LOC115145610",778.245791068724,-0.513573723059147,0.222872701126664,0.00136410283016294,0.0244971819826295,"40S ribosomal protein S3a","gonad"
"LOC115126382",14.7494436286652,-0.513885892081065,0.210290256273216,0.00109088605205123,0.0215753019183465,"uncharacterized LOC115126382","gonad"
"LOC115104856",20.2424462815314,-0.514917616446978,0.292017289546733,0.0041814972095084,0.0475089257420742,"diacylglycerol kinase beta-like","gonad"
"fbxl8",65.4206565444766,-0.516264488952621,0.267551420304862,0.00314278643219587,0.0402684759794976,"F-box and leucine rich repeat protein 8, transcript variant X2","gonad"
"LOC115136720",34.8703111399708,-0.519001091598173,0.275905066602715,0.00333529169891888,0.041906959228769,"dixin-A-like, transcript variant X3","gonad"
"LOC115133242",113.606477945929,-0.520201280766941,0.170519265505517,0.000178887486302766,0.00798005209167819,"kinesin-like protein KIF21A, transcript variant X1","gonad"
"LOC115141928",48.3099220655962,-0.52309163054698,0.265817853145202,0.00283284590503401,0.0379475296792082,"kinase suppressor of Ras 1-like","gonad"
"LOC115128772",35.6095363512352,-0.524706240128667,0.251868792250077,0.00226071125712161,0.0332083119614078,"protein capicua homolog","gonad"
"LOC115130252",49.8160849578428,-0.527185227161868,0.245625326923029,0.00199252907423614,0.0308657005969608,"TGF-beta receptor type-1-like, transcript variant X2","gonad"
"LOC115109617",45.1447608362507,-0.531774268472733,0.177442585979232,0.000210302912973028,0.00862296451807823,"protein-methionine sulfoxide oxidase mical2b-like, transcript variant X3","gonad"
"LOC115140096",126.43035921092,-0.533990409196932,0.247518188000329,0.00181684008811278,0.0292433941841983,"ankyrin-1-like, transcript variant X2","gonad"
"LOC115104573",23.4716744042605,-0.534292846882447,0.305257568971074,0.00409237276598496,0.0470646805592055,"claudin-11-like, transcript variant X2","gonad"
"LOC115130272",168.805188233825,-0.535650273075581,0.201926876070207,0.000552052061395169,0.0144079001861783,"protein adenylyltransferase SelO-like, transcript variant X2","gonad"
"LOC115112071",58.2666210571598,-0.53582753723625,0.225347155329066,0.00112490944656682,0.0219140084891279,"lysosomal acid phosphatase-like","gonad"
"LOC115122161",16.5395134662983,-0.537361545305327,0.275033024028869,0.00296669899542582,0.0389186321972191,"CREB-binding protein-like","gonad"
"LOC115110918",13.1913229404919,-0.53839951567925,0.291894672176723,0.00343086211014048,0.0427820964778232,"TBC1 domain family member 17-like","gonad"
"LOC115128459",108.429185937825,-0.540834025548464,0.220225352029565,0.000909406664946495,0.0195215427281448,"synaptotagmin-11-like","gonad"
"LOC115130421",32.4967138380567,-0.54288788990237,0.280562735143854,0.00281725844969189,0.0378700734324699,"leucine-rich repeat-containing protein 14-like","gonad"
"LOC115144777",87.0051557652983,-0.5440344143454,0.231598450907783,0.00116955538421789,0.0224666468253504,"serine/threonine-protein kinase pim-3-like","gonad"
"LOC115103276",27.7165653227019,-0.547328608898928,0.186261339935043,0.000242602944214779,0.00921485157984003,"metal-response element-binding transcription factor 2-like, transcript variant X4","gonad"
"LOC115117947",13.5350375306912,-0.556793386180857,0.323445849625998,0.00413389427230296,0.0472638440855999,"plexin-B2-like","gonad"
"tc2n",43.5286704210855,-0.558827043196175,0.260241744112612,0.00182371991544968,0.0292713938148245,"tandem C2 domains, nuclear","gonad"
"LOC115138720",13.72195925279,-0.558914396749584,0.247696880987803,0.00150592450296874,0.025824802244446,"coiled-coil domain-containing protein 85C-A-like, transcript variant X2","gonad"
"LOC115124248",54.8297397078676,-0.560468720803092,0.221521269337396,0.000735187637552464,0.017385716693179,"filamin-A-like","gonad"
"LOC115144825",157.606580475019,-0.562268428213612,0.338978810765924,0.00424000310078341,0.0479336838716211,"solute carrier family 41 member 2-like","gonad"
"LOC115143294",234.529765791313,-0.562942230286386,0.246520448028235,0.00130355743511448,0.0239092064159742,"rho-related BTB domain-containing protein 3-like, transcript variant X2","gonad"
"ccdc80",27.4504426740634,-0.56749734670864,0.297863980316385,0.00286574845735899,0.0381455491142301,"coiled-coil domain containing 80, transcript variant X3","gonad"
"LOC115114512",13.4941175825494,-0.574165299488294,0.301935998097054,0.0028427128194909,0.0379781412440594,"Golgi-associated plant pathogenesis-related protein 1-like","gonad"
"LOC115113086",35.875771490782,-0.577969698585227,0.271040632288752,0.00174027432564227,0.0284909113222372,"transmembrane protein 150A-like","gonad"
"LOC115127399",32.4854594420095,-0.578716923413915,0.280420736329275,0.00207298330870243,0.0313700415963597,"ephrin type-A receptor 4-like","gonad"
"LOC115125883",33.2754461303097,-0.578948538379011,0.220495925576685,0.000541180665471294,0.0142401103801403,"sushi-repeat-containing protein SRPX-like, transcript variant X2","gonad"
"znf276",13.9483641151196,-0.57989171290864,0.278916039715742,0.00212641611104126,0.0318016564349795,"zinc finger protein 276","gonad"
"LOC115143333",261.970968068796,-0.581763385406073,0.261561721858919,0.00139671409532734,0.0247402352339154,"GATA-binding factor 2-like, transcript variant X2","gonad"
"LOC115131709",1207.37636569008,-0.582599651086795,0.256479548636573,0.00127979395061075,0.0237412926625662,"syndecan-2-A-like","gonad"
"LOC115146963",18.8806472009276,-0.582865068305481,0.209297036505046,0.000359329338374892,0.0112886959530912,"splicing factor, arginine/serine-rich 15-like","gonad"
"LOC115134283",403.227465380474,-0.584187418942818,0.206670483386467,0.000302201387025159,0.0103876605294663,"1-acyl-sn-glycerol-3-phosphate acyltransferase gamma-like, transcript variant X2","gonad"
"LOC115134531",363.94402327427,-0.584632714695203,0.33906798576745,0.00366179822816764,0.0442045270150343,"protein disulfide-isomerase A3-like","gonad"
"LOC115125756",12.5403217617984,-0.5930182734445,0.296560263558766,0.00232416716143472,0.0337041365678984,"protein diaphanous homolog 1-like","gonad"
"LOC115114294",554.774675273848,-0.597679167023741,0.217466332765865,0.000367114075393815,0.0114551407205159,"receptor-type tyrosine-protein phosphatase U-like","gonad"
"LOC115130104",268.596734022632,-0.598077440361475,0.343018977741402,0.00344917585922349,0.0428926280137409,"lipase member H-like","gonad"
"LOC115121135",62.0219405730761,-0.613600871093477,0.276221975175197,0.00138322323359407,0.02466582139651,"peptidase inhibitor 15-A-like","gonad"
"LOC115103635",35.8697635242579,-0.615804653897981,0.23697273934355,0.000558506556109704,0.0144384723578429,"thyrotroph embryonic factor-like","gonad"
"LOC115133950",235.958965203185,-0.616720508525414,0.375816257753344,0.00386557834989109,0.0455262972625901,"proton myo-inositol cotransporter-like, transcript variant X2","gonad"
"LOC115127433",43.5883531010923,-0.618940295623724,0.322509148545982,0.0025229623841103,0.0355440348415262,"gamma-adducin-like, transcript variant X1","gonad"
"LOC115109663",80.8612990376616,-0.619091942637134,0.375906096577541,0.00386115975604265,0.045521569175786,"caveolin-1-like","gonad"
"LOC115116421",63.8231520654891,-0.619832456470272,0.234556624555789,0.00048435222846229,0.0133713160886435,"lysine-specific demethylase 4B-like, transcript variant X1","gonad"
"LOC115123349",125.646293974585,-0.620541302885265,0.262177426084754,0.000955644162973292,0.0202006143877935,"gamma-secretase subunit Aph-1b-like","gonad"
"LOC115130756",13.0453316756404,-0.629911779928467,0.364641396564931,0.00371110978870538,0.044503319630956,"protein transport protein Sec24B-like, transcript variant X1","gonad"
"LOC115142771",51.52068444169,-0.633697561765322,0.238028680149582,0.000452955106184399,0.0128900515797554,"chromodomain-helicase-DNA-binding protein 6-like, transcript variant X5","gonad"
"LOC115114860",1619.3789878466,-0.634661488074437,0.257774875812143,0.000741611162461587,0.0174269934452069,"alanine aminotransferase 2-like","gonad"
"LOC115102129",17.0095246423485,-0.635971647590445,0.221995952294601,0.000257316449633889,0.00952185378288109,"translocating chain-associated membrane protein 1-like 1, transcript variant X1","gonad"
"LOC115145152",79.8177607409702,-0.637845644902079,0.370446916132129,0.00333292071338155,0.0419061693020466,"nucleoprotein TPR-like, transcript variant X10","gonad"
"LOC115112305",36.5670884283954,-0.63937530807798,0.380840100203617,0.00363914451538115,0.0440482052141735,"rho family-interacting cell polarization regulator 1-like, transcript variant X2","gonad"
"LOC115145120",81.8000333600796,-0.641309498490355,0.231167521022265,0.000318588591513949,0.0106729870011963,"ras-like protein family member 11B","gonad"
"LOC115130419",75.2306711645706,-0.641825345732945,0.345250598538903,0.00263635853921558,0.0365265727974365,"extended synaptotagmin-2-A-like, transcript variant X3","gonad"
"LOC115138007",30.5057176281451,-0.644514919947934,0.249136958276857,0.000553112273064898,0.0144079001861783,"probable G-protein coupled receptor 132","gonad"
"LOC115125008",103.908490755388,-0.645845867821678,0.247762104646883,0.000501579485197652,0.0135920554227591,"immunoglobulin superfamily member 8-like","gonad"
"nalcn",130.896772296967,-0.647500770139629,0.215903357742049,0.000163513373117581,0.00758974167730425,"sodium leak channel, non-selective, transcript variant X3","gonad"
"LOC115126859",32.4129877234847,-0.648841314265647,0.319762520631609,0.00189884777843657,0.0301095897513488,"NUAK family SNF1-like kinase 1","gonad"
"LOC115119565",61.8181129814339,-0.650442587792131,0.31415801948372,0.00177060178611422,0.028754066215286,"ephrin type-B receptor 3-like","gonad"
"LOC115101924",28396.6443811035,-0.650705540482583,0.255524474332835,0.000573611496866041,0.0147097321145478,"apolipoprotein C-I-like","gonad"
"LOC115142960",162.540645589816,-0.653587803362596,0.13796783298412,1.61374839631654e-07,0.000292992158835232,"double-stranded RNA-binding protein Staufen homolog 1-like, transcript variant X1","gonad"
"LOC115103873",2173.95558991246,-0.655583537310548,0.255620037661578,0.000469802020102747,0.0131024968924508,"voltage-dependent calcium channel gamma-1 subunit-like","gonad"
"LOC115136422",63.4465304183941,-0.656046479577645,0.268133345128496,0.000724322159581918,0.0172210466660297,"protein ABHD14B-like","gonad"
"LOC115132492",120.382861025851,-0.657013446107667,0.26914714065736,0.000757178199828591,0.0175728330653349,"limb region 1 homolog-like protein, transcript variant X2","gonad"
"LOC115138295",39.6718886674016,-0.662647814983219,0.19024867072115,3.29525205480218e-05,0.00353926596456607,"leucine zipper protein 1-like, transcript variant X1","gonad"
"LOC115137301",1216.2112734426,-0.662837036278833,0.256778959080442,0.000514866990892739,0.0137607901637429,"mucin-5AC-like, transcript variant X2","gonad"
"LOC115113209",24.1794716340508,-0.66587170577149,0.222585974681004,0.000167176550261904,0.00768419606722816,"receptor-type tyrosine-protein phosphatase epsilon-like, transcript variant X1","gonad"
"LOC115130649",39.0069625168855,-0.669861755169228,0.218602583867938,0.00013122380918158,0.00704049338379731,"vascular endothelial growth factor receptor kdr-like","gonad"
"LOC115109045",44.1668050804488,-0.673536897277536,0.374661552957058,0.00272873207999776,0.0372782992057482,"thromboxane A2 receptor-like","gonad"
"LOC115138279",61.0253203943934,-0.67499414260969,0.345528831874731,0.00211254048721233,0.0317122921188483,"calcipressin-2-like","gonad"
"cacna2d4",43.7362681366901,-0.675352065112992,0.271740240774448,0.000658267426577019,0.0161693783552382,"calcium voltage-gated channel auxiliary subunit alpha2delta 4, transcript variant X2","gonad"
"LOC115102444",28.9887279359442,-0.675476935105888,0.278052326534057,0.000787549751294615,0.0179497325257739,"plexin-A2-like","gonad"
"LOC115133918",1427.49689219717,-0.678469829099956,0.238766737780703,0.000245254170668277,0.00927673900552758,"protein regulator of cytokinesis 1-like, transcript variant X2","gonad"
"LOC115103793",100.729215659839,-0.682054718804799,0.180069659227755,9.79355779983348e-06,0.00218255135740007,"platelet endothelial cell adhesion molecule-like, transcript variant X5","gonad"
"LOC115125272",12.8608302573205,-0.68296696109899,0.464523482581252,0.00452863875520582,0.0498435875094597,"uncharacterized protein KIAA1522 homolog","gonad"
"LOC115129786",150.60650475285,-0.687974359964779,0.199576325493761,3.36521326775238e-05,0.00355225651682047,"unconventional myosin-Ib-like, transcript variant X2","gonad"
"LOC115138273",495.330667477679,-0.690810305457927,0.207852010183443,5.17878740764553e-05,0.00436078229580039,"WD repeat-containing protein 25-like, transcript variant X1","gonad"
"LOC115144036",15.6240711698841,-0.695970373081737,0.396311176169946,0.0028356703313456,0.0379475296792082,"protein phosphatase 1 regulatory subunit 3C-B-like","gonad"
"LOC115144066",569.679312008219,-0.696053140312812,0.201807621254132,3.33341308625688e-05,0.00353926596456607,"lutropin-choriogonadotropic hormone receptor-like","gonad"
"LOC115108209",74.6070750477559,-0.697970033864533,0.230973007716043,0.000141458713920677,0.00727570654375019,"ankyrin repeat domain-containing protein 13C-like, transcript variant X1","gonad"
"LOC115130275",35.5049507792968,-0.709176083969186,0.260519335407265,0.000338210048619906,0.011005588853319,"uncharacterized LOC115130275, transcript variant X2","gonad"
"LOC115140861",78.8392790818436,-0.70999032187416,0.506327014941254,0.00443144758438406,0.0492420786192485,"trypsin-3","gonad"
"LOC115125018",15.4805427313337,-0.714394659798588,0.444950679137882,0.00361517321237262,0.0439044045778176,"guanylate cyclase soluble subunit alpha-2-like","gonad"
"LOC115112547",166.00819423742,-0.718376525035554,0.24788065905905,0.000199082783098031,0.00835761048150494,"tubulin beta-3 chain-like","gonad"
"LOC115125685",252.760305556352,-0.724050411312608,0.367540917205832,0.00188691958896126,0.0299728014498519,"amyloid-like protein 2","gonad"
"LOC115136222",65.8998065925158,-0.727588073993174,0.2176045720653,4.78971927189779e-05,0.00414461878342813,"semaphorin-3F-like, transcript variant X1","gonad"
"LOC115139225",98.3171322872015,-0.732144565123206,0.243439703835249,0.000137226507728764,0.0071626947472372,"tribbles homolog 2-like, transcript variant X1","gonad"
"LOC115121176",32.3858746565466,-0.738658072719819,0.272871910201314,0.000344167765607462,0.0110702363010125,"programmed cell death protein 4-like, transcript variant X2","gonad"
"LOC115101055",163.318422509473,-0.756478889929086,0.40954559698043,0.00226564397395746,0.0332519456583308,"tubulin alpha chain, testis-specific-like","gonad"
"LOC115130107",45.3453873047927,-0.768839553548687,0.228651361247804,4.222739195273e-05,0.00389177933144043,"ribosomal protein S6 kinase alpha-3-like, transcript variant X2","gonad"
"LOC115129753",57.8678812455561,-0.777911881595226,0.587277623153046,0.00442965491418919,0.0492420786192485,"sodium-driven chloride bicarbonate exchanger-like, transcript variant X3","gonad"
"LOC115127705",16.7341869643174,-0.784148204520069,0.284471926364197,0.000280736650852203,0.0100266572962441,"voltage-dependent L-type calcium channel subunit alpha-1D-like","gonad"
"LOC115143423",88.4086663742239,-0.788522531877357,0.350003665845214,0.000975778315035851,0.020425509612949,"tumor necrosis factor receptor superfamily member 8-like","gonad"
"LOC115145981",48.8991009556067,-0.79738933167127,0.508254156264522,0.0032857406380996,0.0415956665874524,"HHIP-like protein 1","gonad"
"LOC115129860",28.359375104866,-0.798516074261225,0.299434989368628,0.000353945315341575,0.0112150630808755,"low-density lipoprotein receptor-related protein 1B-like","gonad"
"LOC115104701",13.8818912866666,-0.802115698571791,0.453955045365937,0.00242086261708396,0.0345815748825935,"tubulin polymerization-promoting protein family member 3-like","gonad"
"LOC115123203",123.701672331111,-0.809211263143088,0.241104499569489,4.10049450004099e-05,0.00389177933144043,"sodium-dependent lysophosphatidylcholine symporter 1-B-like, transcript variant X1","gonad"
"LOC115127439",3245.82677121426,-0.810953685466832,0.344402112313033,0.00073942078827054,0.0174269934452069,"extracellular matrix protein 1-like","gonad"
"LOC115137881",71.223531078766,-0.824854101862765,0.315549792881438,0.000386783203714972,0.0117943146761359,"ras-like protein family member 11A-like","gonad"
"LOC115127896",13.469719376834,-0.826223513694041,0.502052849207738,0.00294249125685044,0.0387691373435243,"lysosome membrane protein 2-like","gonad"
"LOC115112550",311.316637079777,-0.831102857166393,0.220238992522855,8.66527751166144e-06,0.00218255135740007,"tubulin beta-3 chain-like","gonad"
"LOC115131461",709.088144855303,-0.831725491215061,0.527753917468638,0.00311920740082382,0.0400655551983888,"terminal nucleotidyltransferase 5A-like","gonad"
"LOC115106960",144.533896588854,-0.841735479172887,0.388730939219915,0.00110892183448849,0.0216956733049279,"synaptophysin-like protein 1","gonad"
"serpini1",23.2739112807844,-0.851369801220554,0.398916570380454,0.00121791858276727,0.0230819726395852,"serpin family I member 1","gonad"
"LOC115122444",52.4185891928752,-0.85965683358765,0.23708898338147,1.49688883561327e-05,0.00238399242977144,"traf2 and NCK-interacting protein kinase-like","gonad"
"LOC115128745",41.0506063405233,-0.867504069879525,0.306521828601246,0.000210397294641367,0.00862296451807823,"exportin-4, transcript variant X2","gonad"
"LOC115131711",146.069226035326,-0.867717659480821,0.485694451163713,0.00223848959719922,0.0330182448281122,"angiopoietin-1-like, transcript variant X2","gonad"
"LOC115102861",174.256236871383,-0.878643046567195,0.351119615494677,0.000498580103269284,0.0135920554227591,"protein piccolo-like","gonad"
"LOC115118973",28.5379183649306,-0.880647798118154,0.329454639140147,0.000319985936497883,0.0106729870011963,"extracellular matrix protein 1-like, transcript variant X2","gonad"
"LOC115103771",58.4397177740076,-0.897173533618572,0.377308984695306,0.000659029520977982,0.0161693783552382,"insulin-like growth factor-binding protein 4","gonad"
"amh",86.9246762737259,-0.898257373534222,0.495512589531668,0.00205603037110212,0.0313213834236536,"anti-Mullerian hormone","gonad"
"LOC115139421",63.450192390327,-0.909370697886373,0.503178386857386,0.00205604465989105,0.0313213834236536,"uncharacterized LOC115139421, transcript variant X2","gonad"
"LOC115122287",14.7112696657637,-0.910237301715789,0.576409219028081,0.00291609111059852,0.0385317003124883,"putative N-acetylated-alpha-linked acidic dipeptidase","gonad"
"LOC115112364",98.9109235585578,-0.923854390256816,0.336235114245499,0.000249793233526475,0.00940922395831263,"dysbindin domain-containing protein 1-like, transcript variant X2","gonad"
"LOC115116544",267.947091439063,-0.927992789917918,0.432241047269593,0.00108497466267667,0.0215753019183465,"alpha-tubulin N-acetyltransferase 1-like, transcript variant X2","gonad"
"LOC115101191",2142.55281658378,-0.950396730410476,0.445130883170105,0.00108009629791533,0.0215753019183465,"CD209 antigen-like protein E","gonad"
"LOC115106696",176.898524759731,-0.959045647710889,0.330601622234973,0.000157854464414499,0.00749762792646944,"transforming growth factor beta-2 proprotein-like","gonad"
"LOC115111177",49.7787768528068,-0.959301685019851,0.513263057506857,0.00179905358462595,0.0291119580057655,"cAMP-specific 3',5'-cyclic phosphodiesterase 4D-like","gonad"
"lhfpl3",18.5512313557985,-0.966139655708484,0.314913855830368,0.000102356292514979,0.00611309489112487,"LHFPL tetraspan subfamily member 3","gonad"
"LOC115129462",13.7607333927294,-1.00024243058846,0.613090268501169,0.00257996660895433,0.0360506581735276,"neuronal acetylcholine receptor subunit alpha-7-like","gonad"
"LOC115128805",133.50958580138,-1.00277926764797,0.404967094943677,0.000488730411198309,0.0134445293116917,"rho GTPase-activating protein 4-like","gonad"
"LOC115121570",86.6877441917425,-1.01455063747872,0.395217112380204,0.000381695964551952,0.0117260100379107,"filamin A-interacting protein 1-like","gonad"
"LOC115110310",129.897828510596,-1.0172882187712,0.23318209980497,6.67557576823722e-07,0.000616922529311954,"protein tweety homolog 3-like, transcript variant X1","gonad"
"LOC115128193",31.7402590458484,-1.02782089327441,0.380631914698963,0.000277475435134096,0.00997592871345476,"tuftelin-like, transcript variant X3","gonad"
"LOC115121673",105.726299040307,-1.02814430964669,0.348090415375298,0.000127486803988357,0.00693274971668765,"pollen-specific leucine-rich repeat extensin-like protein 1","gonad"
"LOC115106977",14.8966013125345,-1.03784341893196,0.359621172701335,0.000166664708523192,0.00768011281204842,"solute carrier organic anion transporter family member 1C1-like, transcript variant X2","gonad"
"LOC115106914",59.6939222236692,-1.04898980606454,0.380351748974851,0.000227624463308817,0.00901931889388721,"synapsin-3-like","gonad"
"LOC115120595",199.220476913224,-1.05635695621383,0.552432586258783,0.0015604230704889,0.0264035799327087,"uncharacterized LOC115120595","gonad"
"LOC115143798",771.560027058957,-1.07698514149152,0.45318260989033,0.000585991611431824,0.0149218284672597,"acidic mammalian chitinase-like","gonad"
"LOC115108506",126.820958624827,-1.08092844888628,0.30370069285732,1.65577937865418e-05,0.00252269191143423,"protein NDNF-like","gonad"
"LOC115108300",14.0557247852126,-1.12210213314588,0.316221946681574,1.72004029623613e-05,0.00252701981890167,"cyclic AMP-responsive element-binding protein 3-like protein 3-B","gonad"
"LOC115129184",16.9504155775469,-1.13596261156346,0.551898603259865,0.00117209910074011,0.0224666468253504,"solute carrier family 25 member 48-like","gonad"
"dpep1",600.282082494527,-1.16191731831801,0.320087331712505,1.22657417696984e-05,0.00218255135740007,"dipeptidase 1, transcript variant X1","gonad"
"LOC115110363",19.9798831006178,-1.16238471667761,0.481510660603912,0.000517182289337453,0.0137607901637429,"hemoglobin subunit alpha-1","gonad"
"LOC115135188",17.1463471363375,-1.16271037457692,0.462132582246302,0.000419545713743649,0.0124262185623649,"uncharacterized LOC115135188","gonad"
"LOC115142626",148.662996283924,-1.24626485900562,0.2452859304562,0.0039176374357476,0.0459190608672907,"nidogen-1-like","gonad"
"LOC115122635",17.0848755367023,-1.26326779397231,0.394198423306833,5.56775702074316e-05,0.0044941026365217,"uncharacterized LOC115122635","gonad"
"LOC115146230",33.8265653658612,-1.34324811964853,0.416891009300746,4.99377486638355e-05,0.00427674417330471,"transforming growth factor beta-3 proprotein-like","gonad"
"LOC115126544",86231.5610489874,-1.49949103959712,0.496642532343844,8.77927581180499e-05,0.00557330530206753,"galactose-specific lectin nattectin-like","gonad"
"lg2h3orf18",56.6624149646219,-1.54894655763247,0.337986632245288,1.98822653192535e-07,0.000311597846807082,"linkage group 2 C3orf18 homolog","gonad"
"tnr",27.5501347918239,-1.60198348821396,0.599338208292529,0.000233352984060067,0.00907228432247232,"tenascin R, transcript variant X1","gonad"
"LOC115136413",101.072726101476,-1.68835089169803,0.466846968368562,1.13276039449565e-05,0.00218255135740007,"hepatocyte growth factor-like protein","gonad"
"LOC115125592",16.7173034708451,-1.72746606135863,0.564660980759513,7.76214464955569e-05,0.00525856336781094,"inward rectifier potassium channel 2-like","gonad"
"LOC115113734",15.8818103774829,-2.20945319283438,0.427195543266361,0.00109639759084346,0.0216607123605591,"signal peptide, CUB and EGF-like domain-containing protein 2","gonad"
"LOC115133045",25.5912992736799,-2.24687387031568,0.757347387521628,9.16711035086592e-05,0.00571952080860212,"probable polypeptide N-acetylgalactosaminyltransferase 8","gonad"
"LOC115140801",175.097155302637,-2.24828388763227,0.739594732242502,0.00417132339596113,0.0474527240457833,"CD209 antigen-like protein E, transcript variant X2","gonad"
"LOC115101206",2051.16807100273,-2.38097237358334,0.6188895234731,4.0012154609396e-06,0.0015792623458439,"vasotocin-neurophysin VT 1","gonad"
"LOC115123433",321.369625248854,-2.65301099994859,0.729798603125687,9.11450032296755e-06,0.00218255135740007,"dentin sialophosphoprotein-like","gonad"
