"gene","baseMean","log2FoldChange","lfcSE","stat","pvalue","padj","description","treatment"
"LOC115137856",837.722347044338,4.31303929747854,0.780682873109853,5.52470080494725,3.30047561922545e-08,0.0001496092066979,"equistatin-like","gonad"
"LOC115137857",204.858418933411,3.7209417973623,0.854257329157535,4.35576221632406,1.32604667337214e-05,0.00222923179645783,"ladderlectin-like","gonad"
"LOC115143451",21.0548421149284,3.022204955944,0.587918020714721,5.1405210411308,2.73977639153068e-07,0.000336519162150198,"centromere protein S-like","gonad"
"LOC115139209",32.6667886820096,2.94860996879643,0.669614384674458,4.40344478297004,1.06545411104159e-05,0.00218255135740007,"sterile alpha motif domain-containing protein 15-like, transcript variant X2","gonad"
"LOC115125542",81.0734740618532,2.79396949300533,0.644568574380654,4.3346349854086,1.46002177411193e-05,0.00238108734315331,"calcyphosin-like protein, transcript variant X1","gonad"
"LOC115138857",272.587001677974,2.76752844491151,0.795386728413399,3.4794752615901,0.000502396750924325,0.0135939126822385,"ladderlectin-like","gonad"
"upk1b",48.4239423871623,2.53396954622129,0.592456685587692,4.27705452206637,1.89382431834765e-05,0.00254698328325333,"uroplakin 1B","gonad"
"LOC115112426",197.66563369121,2.48405364114775,0.452829658571173,5.48562487931061,4.12010373149096e-08,0.0001496092066979,"serum amyloid A-5 protein-like","gonad"
"mdh1b",34.9954783027648,2.47830826348389,0.549428102887982,4.51070531422957,6.461242909008e-06,0.00189210203638628,"malate dehydrogenase 1B, transcript variant X1","gonad"
"LOC115112427",278.917581430526,2.43181259827421,0.448540465028571,5.42161251408902,5.90638026018146e-08,0.000164779347356489,"serum amyloid A-5 protein-like","gonad"
"LOC115105764",862.14369134894,2.42604849159647,0.590566637469729,4.10800126128158,3.9909792540962e-05,0.00389177933144043,"neurofibromin-like","gonad"
"LOC115138859",889.329682897914,2.42451337007598,0.740793350437767,3.27286060092633,0.0010646497075667,0.0214299114086264,"ladderlectin-like","gonad"
"LOC115141814",21.6863473392673,2.40936654640001,0.591886635264803,4.07065543103889,4.68810490667314e-05,0.00409219864630985,"14-3-3 protein gamma-2-like","gonad"
"LOC115124398",61.8896860679976,2.37457953153752,0.575061328952322,4.12926310983849,3.63927749210134e-05,0.0037308121330766,"thymosin beta-a-like, transcript variant X1","gonad"
"dnali1",24.7839021223326,2.37392259038239,0.589141496601723,4.02946084102989,5.59049272295832e-05,0.0044941026365217,"dynein axonemal light intermediate chain 1","gonad"
"efcab1",33.124463673213,2.36277498933829,0.546237620184352,4.32554423575013,1.52155729529515e-05,0.00239803489459276,"EF-hand calcium binding domain 1","gonad"
"LOC115131920",17.4986242156709,2.30381584267382,0.544219898483834,4.2332444092767,2.3034393679727e-05,0.00291270327596908,"testis-expressed protein 49-like, transcript variant X1","gonad"
"lg27h9orf116",41.7679479335698,2.30253174406791,0.530433815551302,4.3408464478736,1.41934888072463e-05,0.00234269984349422,"linkage group 27 C9orf116 homolog","gonad"
"ccdc173",30.5465850858778,2.29797815900637,0.541632906062021,4.24268565164177,2.20860699092508e-05,0.00284393393810182,"coiled-coil domain containing 173","gonad"
"pih1d3",70.0588804692576,2.27557430419603,0.447503149324308,5.08504645750976,3.67536094591472e-07,0.000392528549023692,"PIH1 domain containing 3","gonad"
"LOC115137859",2236.16054301084,2.14522672384076,0.602444333051792,3.56087128079323,0.000369626258934651,0.0114913259541396,"saxiphilin-like","gonad"
"b3gnt7",18.5988671979385,2.04001537641423,0.441184765097443,4.62394791888079,3.76504436882283e-06,0.00155359421728062,"UDP-GlcNAc:betaGal beta-1,3-N-acetylglucosaminyltransferase 7","gonad"
"mmp9",73.4510475607318,2.0145543897236,0.496627648338277,4.05646845572196,4.98202874439553e-05,0.00427674417330471,"matrix metallopeptidase 9","gonad"
"gpr84",92.7277085063442,2.00849406532982,0.409176524927469,4.90862486719111,9.17172249097119e-07,0.000756917243391241,"G protein-coupled receptor 84","gonad"
"LOC115106396",56.69976475906,1.9751788093338,0.621886275497235,3.17610934210524,0.00149264679133206,0.0257987546753684,"arginase-1-like, transcript variant X1","gonad"
"bbof1",17.8558342358352,1.95369176310184,0.501464826728618,3.89596968514631,9.78066227457162e-05,0.00597904728138459,"basal body orientation factor 1, transcript variant X1","gonad"
"LOC115129963",845.093876435256,1.88470912922156,0.606277689420336,3.10865658115101,0.00187940029845042,0.0299056895869113,"protein S100-B-like","gonad"
"LOC115141572",126.135492726733,1.88033031349798,0.387995351286128,4.84627021242667,1.25804144704745e-06,0.000913640020503739,"cytochrome c oxidase subunit 7A2, mitochondrial-like","gonad"
"hspb11",72.8560011859613,1.86125420194931,0.310060314937322,6.00287786692586,1.93850436986714e-09,1.75977426696539e-05,"heat shock protein family B (small) member 11","gonad"
"LOC115114450",25.8583991510283,1.83860599409205,0.417730778888637,4.40141375022357,1.07547818858955e-05,0.00218255135740007,"protein canopy-1-like, transcript variant X5","gonad"
"LOC115135792",171.433189570947,1.83732033617031,0.481245805943604,3.81784176293814,0.000134624222959935,0.00712122164227235,"ependymin-1","gonad"
"riiad1",44.6951816537096,1.83138385130885,0.496514455301045,3.68848042943372,0.000225597374744836,0.00900207897992799,"regulatory subunit of type II PKA R-subunit (RIIa) domain containing 1","gonad"
"LOC115103583",27.3753499464769,1.77605338451742,0.446702585582846,3.97591919509504,7.01079295127439e-05,0.00499793861090995,"dynein light chain 4, axonemal-like, transcript variant X3","gonad"
"LOC115138524",28.1157931786009,1.77197867742879,0.470278958930573,3.7679310200446,0.00016460617013036,0.00760455375289267,"protein FAM161B-like, transcript variant X1","gonad"
"LOC115139472",348.294552828116,1.77188680637416,0.343430862565844,5.15936975825651,2.47782522185202e-07,0.000336519162150198,"enoyl-[acyl-carrier-protein] reductase, mitochondrial-like, transcript variant X7","gonad"
"LOC115102671",26.8809340606571,1.73352030893018,0.476486644884467,3.63812989837417,0.000274624913070688,0.0098969553737254,"rho-related GTP-binding protein Rho6-like","gonad"
"LOC115142066",427.480512982859,1.71194733570929,0.465513441875357,3.67754651468834,0.000235488142759766,0.00911320380088197,"hepcidin-like","gonad"
"LOC115109112",18.4098607075139,1.69380739247401,0.432975070346027,3.91202059536672,9.15271041192553e-05,0.00571952080860212,"excitatory amino acid transporter 5-like","gonad"
"LOC115142205",54.8970645872301,1.6747248288857,0.578594229306923,2.89447205668088,0.00379796712075995,0.0451787608716125,"glutamine amidotransferase-like class 1 domain-containing protein 3A, mitochondrial, transcript variant X1","gonad"
"lg23h12orf56",16.7312901880922,1.65435132990506,0.420287253574683,3.93623959764244,8.2768339818531e-05,0.00543559250950058,"linkage group 23 C12orf56 homolog, transcript variant X4","gonad"
"LOC115142005",33.7289282061508,1.63740448742408,0.36095436903487,4.53631990049662,5.72443295525621e-06,0.00180899967550706,"ubiquinol-cytochrome-c reductase complex assembly factor 2-like, transcript variant X2","gonad"
"enkur",20.2393321615977,1.63040632087254,0.52287823522907,3.11813766766992,0.00181997770112372,0.0292679496382659,"enkurin, TRPC channel interacting protein","gonad"
"LOC115112239",22.9234760724145,1.60791387117756,0.56103918683097,2.86595644104623,0.00415751447111959,0.0473847035390128,"glycine cleavage system H protein, mitochondrial-like","gonad"
"tex9",26.2845569954628,1.60125562923897,0.43495835969478,3.68139982494556,0.000231956924718078,0.00905679553802459,"testis expressed 9","gonad"
"cenpw",56.35852609515,1.58831436743732,0.436243791547614,3.6408870411717,0.000271700330441471,0.00983086450878456,"centromere protein W","gonad"
"LOC115126007",217.637879207154,1.57228719571588,0.359912733323537,4.36852339509338,1.25089419001283e-05,0.00218255135740007,"glutathione S-transferase Mu 3-like","gonad"
"LOC115115989",66.8154238252447,1.57113639112449,0.460151931373671,3.414386171181,0.000639258988888627,0.0158254715328892,"extracellular serine/threonine protein kinase FAM20C-like","gonad"
"LOC115109003",96.0454705679456,1.56695640509672,0.337559404600831,4.64201673465347,3.45024908983759e-06,0.00153069213597835,"small nuclear ribonucleoprotein F-like","gonad"
"smkr1",58.3460579357473,1.55566594019941,0.396019965197289,3.92825129264482,8.55657774216027e-05,0.0055483294816665,"small lysine rich protein 1, transcript variant X2","gonad"
"bola2b",863.424440034669,1.55156382582174,0.400782039630219,3.87134070991127,0.000108238378401188,0.00626140039734944,"bolA family member 2B","gonad"
"LOC115107774",33.8217001976675,1.5486834762425,0.377828828895767,4.0989023541921,4.1511410749076e-05,0.00389177933144043,"putative deoxyribonuclease tatdn3","gonad"
"LOC115124886",70.4901681298274,1.52742649699317,0.500616149739029,3.05109313351041,0.00228009837599266,0.0333044779682404,"carbonic anhydrase 4-like","gonad"
"LOC115135546",913.339769842022,1.52257174173878,0.323945431754685,4.70008709025963,2.60050563542025e-06,0.00140732001970648,"diamine acetyltransferase 1-like","gonad"
"LOC115112246",43.2790688590586,1.51726174672903,0.315771436917872,4.80493663878678,1.54800520059109e-06,0.00104868816417125,"bolA-like protein 3","gonad"
"LOC115129502",12.8717526368965,1.51351370520428,0.400607902404392,3.77804256012022,0.000158065870336924,0.00749762792646944,"secreted frizzled-related protein 3-like","gonad"
"LOC115124990",48.4226546071914,1.49921416803286,0.330636989632671,4.53432076579954,5.77891502420189e-06,0.00180899967550706,"chemokine-like receptor 1","gonad"
"lsm6",485.47610329288,1.48298299861261,0.309845623558868,4.78619959700949,1.69969028882675e-06,0.00108049073580337,"LSM6 homolog, U6 small nuclear RNA and mRNA degradation associated","gonad"
"LOC115110674",19.2734322056685,1.48069357751788,0.447742635751245,3.30701938856795,0.000942943652869535,0.0200234911830401,"forkhead box protein J1-A-like, transcript variant X2","gonad"
"LOC115126445",266.902823306166,1.47885179860151,0.518466295517379,2.85235860341849,0.00433961139878837,0.0486057893623699,"protein S100-A1-like","gonad"
"efcab10",39.7071216023837,1.46902199589691,0.336172571531225,4.36984489604756,1.24334818295548e-05,0.00218255135740007,"EF-hand calcium binding domain 10, transcript variant X1","gonad"
"LOC115103388",197.443874726661,1.46334395991166,0.309163940811746,4.73322974234796,2.20975127873679e-06,0.00125375763177328,"LYR motif-containing protein 4A","gonad"
"LOC115128326",113.453263757364,1.45960508874891,0.353203894710835,4.13247167034747,3.58883011765475e-05,0.00372335997806512,"C-type lectin domain family 4 member D-like, transcript variant X5","gonad"
"LOC115135308",18.7749812143968,1.45674455200207,0.462104840324506,3.15241136833601,0.0016192797172394,0.0270748433531157,"proto-oncogene tyrosine-protein kinase receptor Ret-like, transcript variant X1","gonad"
"LOC115107282",313.573402595412,1.45252597552292,0.311687912805158,4.66019346868583,3.15912304517739e-06,0.00153069213597835,"small integral membrane protein 8-like","gonad"
"LOC115126080",885.627957257588,1.44571366711013,0.344314863423299,4.19881283292955,2.68317980213812e-05,0.0031985122762421,"glutathione S-transferase A-like","gonad"
"pigbos1",111.950728225627,1.43948627704725,0.328565192648005,4.38112833999852,1.18066298719239e-05,0.00218255135740007,"PIGB opposite strand 1","gonad"
"mns1",19.5296683017025,1.43904321352253,0.470025791248281,3.06162606460542,0.00220138271519981,0.0326005746958954,"meiosis specific nuclear structural 1","gonad"
"LOC115105616",137.039613066838,1.4373120773223,0.356061032210316,4.03670142840376,5.42079850978674e-05,0.00443333413259856,"PLAC8-like protein 1","gonad"
"nadk",239.100974710118,1.41821743856655,0.262716582380914,5.39827911018679,6.72831391640834e-08,0.000164779347356489,"NAD kinase, transcript variant X3","gonad"
"ccdc189",65.1572357481033,1.41191405059654,0.407927254276838,3.46119077799677,0.000537791551285626,0.0141920689028224,"coiled-coil domain containing 189, transcript variant X4","gonad"
"LOC115137242",21.0563186007368,1.41126250912758,0.452229498482663,3.12067769542389,0.00180435399882598,0.0291292593466683,"TNFAIP3-interacting protein 2-like","gonad"
"tmem107",24.4182681983267,1.40542020721798,0.410496853182278,3.42370519121596,0.000617735961595463,0.0155462162527157,"transmembrane protein 107, transcript variant X2","gonad"
"LOC115108468",155.17895953044,1.39956151302173,0.328119236379596,4.26540524860481,1.99539684162568e-05,0.00264336382547859,"dolichyl-diphosphooligosaccharide--protein glycosyltransferase subunit DAD1-like","gonad"
"LOC115136856",939.139088114762,1.39782670566959,0.385122572763006,3.62956316904792,0.000283901251925421,0.0100758496288854,"high affinity immunoglobulin gamma Fc receptor I-like","gonad"
"cfap126",53.5246461024238,1.39582856961587,0.456160871697393,3.05994804951581,0.00221375387330892,0.0327303870714958,"cilia and flagella associated protein 126","gonad"
"efcab6",14.0108976991386,1.39328610956639,0.485950866262067,2.86713370897667,0.00414207973671612,0.0472796479595952,"EF-hand calcium binding domain 6, transcript variant X1","gonad"
"LOC115119891",45.2987764668706,1.38190831373008,0.358827476541477,3.85117752700954,0.000117551244108357,0.00652679017746586,"allograft inflammatory factor 1-like","gonad"
"cby1",76.9834525641943,1.36762208164245,0.318371027041252,4.29568637056047,1.74153654380108e-05,0.00252701981890167,"chibby family member 1, beta catenin antagonist","gonad"
"LOC115142018",210.238041483908,1.3661643751401,0.309808456367999,4.40970653660059,1.03510795188394e-05,0.00218255135740007,"mitochondrial import receptor subunit TOM6 homolog","gonad"
"LOC115135462",429.825015563902,1.35646784968712,0.320599529349866,4.23103506245896,2.32618404392772e-05,0.00291270327596908,"NADH dehydrogenase [ubiquinone] 1 alpha subcomplex subunit 2-like","gonad"
"srp9",255.369570837301,1.3547666843136,0.276996070527223,4.89092383778222,1.00363796602369e-06,0.000792263083092442,"signal recognition particle 9","gonad"
"mrpl55",147.945821900911,1.350977195908,0.306013059231144,4.41476974643605,1.01117558591814e-05,0.00218255135740007,"mitochondrial ribosomal protein L55","gonad"
"LOC115132723",22.2376196972471,1.35076289712121,0.467109920032968,2.89174525992913,0.00383108439161989,0.0453141161004891,"type-4 ice-structuring protein-like","gonad"
"LOC115122634",205.07395412173,1.34723498646562,0.298048891105277,4.5201811738657,6.1786731728041e-06,0.0018673823657563,"tyrosine-protein kinase HCK-like","gonad"
"LOC115140355",30.2625596884937,1.346403503736,0.4330301022937,3.10926075717205,0.00187556110480291,0.0298707784375453,"electroneutral sodium bicarbonate exchanger 1-like, transcript variant X1","gonad"
"LOC115141228",215.630706115407,1.33620298645394,0.303465788498224,4.40314209079868,1.06694235773446e-05,0.00218255135740007,"PLAC8-like protein 1","gonad"
"LOC115101414",581.385694472651,1.33504273833907,0.288141672656049,4.6332858625857,3.599070175165e-06,0.00153069213597835,"eukaryotic translation initiation factor 1A, X-chromosomal-like, transcript variant X1","gonad"
"LOC115105669",82.6267981239991,1.33292867088935,0.434371955602995,3.06863427460222,0.00215039667128865,0.0320021327573088,"ependymin-2","gonad"
"LOC115134679",363.180930212749,1.32511238725279,0.303418820976329,4.36727155879419,1.25808269068873e-05,0.00218255135740007,"small nuclear ribonucleoprotein F-like","gonad"
"LOC115129809",12.4538997634804,1.32303543326955,0.342878176401735,3.85861662924679,0.000114030648019803,0.00648615570193903,"uncharacterized LOC115129809, transcript variant X3","gonad"
"LOC115130780",189.171693993668,1.32080994438208,0.245293985699067,5.38459979203273,7.26060133758488e-08,0.000164779347356489,"caltractin-like","gonad"
"timm8a",54.7514799742038,1.3192838032745,0.29642049428788,4.45071723682246,8.55839695362651e-06,0.00218255135740007,"translocase of inner mitochondrial membrane 8A","gonad"
"mak",12.781621373658,1.31911046286003,0.422040454435818,3.12555455050727,0.00177470151170748,0.0287691791487153,"male germ cell associated kinase, transcript variant X4","gonad"
"LOC115109525",571.104595396265,1.31758021168479,0.249700942895524,5.27663290497095,1.31579094271489e-07,0.000265438892843683,"calcium and integrin-binding protein 1-like","gonad"
"LOC115105703",63.6306973269115,1.31671688027995,0.343892553380271,3.82886127465501,0.000128737544546295,0.00695642517494802,"uncharacterized LOC115105703, transcript variant X3","gonad"
"LOC115125102",619.785299983689,1.3163794994389,0.307412452585007,4.28212809328174,1.85114362146905e-05,0.00252701981890167,"translation machinery-associated protein 7","gonad"
"LOC115136182",264.240988860473,1.31526061201983,0.305561362460086,4.30440747295606,1.67433249964922e-05,0.00252269191143423,"CDKN2AIP N-terminal-like protein","gonad"
"LOC115111039",17.7187151672025,1.31442282505334,0.439182437474501,2.99288567323383,0.00276353250744664,0.037491005888381,"E3 ubiquitin-protein ligase NEURL3-like","gonad"
"LOC115129731",140.303859532969,1.31233511759626,0.325821176746594,4.02777723259197,5.63066550123278e-05,0.0044941026365217,"acyl-CoA-binding protein-like","gonad"
"llph",577.797538583747,1.29698398641425,0.297263108027763,4.36308425562554,1.28241524441152e-05,0.00218255135740007,"LLP homolog, long-term synaptic facilitation factor","gonad"
"LOC115144590",16.7749586364682,1.29642149588143,0.433740580763997,2.98893290915482,0.00279953596604214,0.037751012470156,"forkhead box protein J1-B-like","gonad"
"snapc5",110.800055554932,1.29566780935142,0.252185034323416,5.13776645322174,2.78023101578154e-07,0.000336519162150198,"small nuclear RNA activating complex polypeptide 5, transcript variant X2","gonad"
"LOC115110561",54.1719802965229,1.29405191338082,0.283923681976275,4.55774560393647,5.17056108228531e-06,0.00177141334913045,"tissue factor pathway inhibitor-like, transcript variant X2","gonad"
"gtf2h5",313.391136867418,1.29353109934844,0.300916116806953,4.29864346607357,1.71846650280204e-05,0.00252701981890167,"general transcription factor IIH subunit 5","gonad"
"LOC115136646",58.0516347191519,1.29326441550118,0.260596502985364,4.96270825082337,6.95169652656991e-07,0.000616922529311954,"dehydrogenase/reductase SDR family member 13-like","gonad"
"lg12h20orf27",13.0189143736484,1.29132276294951,0.40887503395324,3.15823333712567,0.00158728453025663,0.026684016603092,"linkage group 12 C20orf27 homolog, transcript variant X1","gonad"
"LOC115113332",1219.49072922631,1.28774284036999,0.277271151577771,4.64434483372064,3.41157336900228e-06,0.00153069213597835,"calmodulin","gonad"
"LOC115104627",117.763089018725,1.28763009628471,0.282890196492642,4.55169571886597,5.32152614562085e-06,0.0017770213641824,"CDKN2AIP N-terminal-like protein","gonad"
"LOC115136251",39.1490833100559,1.28660453238833,0.294395503436098,4.37032671141867,1.24060775242603e-05,0.00218255135740007,"pterin-4-alpha-carbinolamine dehydratase 2-like","gonad"
"LOC115133109",48.6032352964014,1.28632058542028,0.342573562020767,3.75487407093694,0.000173428652318929,0.00780877889675854,"secretin receptor-like","gonad"
"LOC115139187",916.68873194104,1.2843747242929,0.273501276925801,4.69604653670902,2.6524513564741e-06,0.00140732001970648,"splicing factor 3B subunit 6","gonad"
"LOC115144342",85.4102136511582,1.28285925071364,0.282173541148409,4.54634848289664,5.45846320731624e-06,0.0017770213641824,"zinc finger and BTB domain-containing protein 18-like, transcript variant X3","gonad"
"LOC115101109",199.225064946527,1.28034622288921,0.362069431877271,3.53618977512357,0.000405942965985316,0.0122024842556778,"electrogenic sodium bicarbonate cotransporter 1-like, transcript variant X5","gonad"
"LOC115138589",28.518206484577,1.27981560683091,0.380034344175372,3.36763144291064,0.000758168755293561,0.0175728330653349,"tumor necrosis factor alpha-induced protein 2-like, transcript variant X1","gonad"
"LOC115124540",831.267299174987,1.27926973035945,0.279870825542926,4.57092920592125,4.85566312485451e-06,0.00172871696890229,"crustapain-like","gonad"
"LOC115140478",133.177965753821,1.27859527245832,0.282732925819287,4.52227227781583,6.11792911116861e-06,0.0018673823657563,"signal recognition particle 9 kDa protein-like","gonad"
"cmc4",36.1079085309169,1.27624810217258,0.32782724525635,3.89305074742825,9.89914343738228e-05,0.00603116940433264,"C-X9-C motif containing 4","gonad"
"LOC115134326",316.57611167799,1.27333425142025,0.284397995027788,4.47729686454307,7.55940986761016e-06,0.00203520483124677,"heat shock factor-binding protein 1-like","gonad"
"LOC115135550",460.628492050863,1.27148903749158,0.261413183320409,4.86390556643482,1.15091840350094e-06,0.000870669772248459,"eukaryotic translation initiation factor 1A, X-chromosomal-like","gonad"
"LOC115120705",88.9813406400006,1.27087045829954,0.287631152741852,4.41840338289135,9.94327117175658e-06,0.00218255135740007,"rho GTPase-activating protein gacJ-like","gonad"
"LOC115127689",305.905176202937,1.2669342732281,0.284650394304748,4.45084320477602,8.55337776049718e-06,0.00218255135740007,"DNA-directed RNA polymerases I, II, and III subunit RPABC4","gonad"
"ttll6",18.9313879048368,1.2663546255346,0.410110225393423,3.08783967607676,0.00201617209949478,0.0310480242904387,"tubulin tyrosine ligase like 6, transcript variant X2","gonad"
"LOC115129313",4349.79303025042,1.26603090785974,0.314447519438667,4.02620733062162,5.66837135802748e-05,0.0044941026365217,"C-X-C motif chemokine 14-like","gonad"
"LOC115105695",34.0992085190658,1.26439121211544,0.348379836419894,3.62934670705656,0.000284139403502385,0.0100758496288854,"ATP-sensitive inward rectifier potassium channel 15-like, transcript variant X2","gonad"
"ass1",63.0771968906027,1.26385530249868,0.346327506957583,3.6493067316581,0.000262948983444358,0.00962391618763769,"argininosuccinate synthase 1","gonad"
"ltc4s",12.3387426721875,1.2522955070997,0.433308949080507,2.89007533714017,0.0038514951267709,0.0454608458311761,"leukotriene C4 synthase","gonad"
"LOC115112262",75.4604258055194,1.24838230975094,0.284621980598847,4.38610646698592,1.15397653935476e-05,0.00218255135740007,"uncharacterized LOC115112262, transcript variant X2","gonad"
"LOC115113961",1189.97716830361,1.2458946115123,0.278750875230145,4.46956304794972,7.83795532729851e-06,0.00206240459307872,"protein transport protein Sec61 subunit gamma-like, transcript variant X1","gonad"
"LOC115120139",12.8001076404656,1.2443628332965,0.338567506303162,3.67537584124291,0.000237499521545591,0.00911320380088197,"myomegalin-like","gonad"
"lrrc6",20.6802871271686,1.24402925491667,0.402615088933247,3.08987240943404,0.00200242495761571,0.0309413000259327,"leucine rich repeat containing 6, transcript variant X1","gonad"
"znf593",289.310636755417,1.24010966666526,0.284233386746348,4.36299789008231,1.28292181273466e-05,0.00218255135740007,"zinc finger protein 593","gonad"
"LOC115137310",598.761957507537,1.23711866745865,0.33057031704797,3.74237674606194,0.000182287947828211,0.00805260335953528,"endonuclease domain-containing 1 protein-like","gonad"
"LOC115101778",1657.99673609753,1.23614639874149,0.271950658712352,4.54548043602641,5.48100883422638e-06,0.0017770213641824,"protein transport protein Sec61 subunit gamma-like","gonad"
"LOC115115324",24.3866452350432,1.23500172761941,0.397786051922237,3.10468836614925,0.00190479597754677,0.0301406484722434,"cyclin-dependent kinase 4 inhibitor B-like","gonad"
"LOC115132445",107.888099525833,1.23385729220008,0.287555370038591,4.29085115689022,1.77989588497691e-05,0.00252701981890167,"prefoldin subunit 4-like","gonad"
"LOC115115036",20.5857660144939,1.2313576156657,0.408593971574323,3.01364606756493,0.00258128748763967,0.0360506581735276,"PHD finger protein 20-like protein 1","gonad"
"LOC115128226",15.4070802549174,1.22835168172089,0.392080574584813,3.13290624770593,0.00173084718088701,0.0284119823328264,"probable C-mannosyltransferase DPY19L1","gonad"
"LOC115106174",26.4073464231263,1.22824668289114,0.356983622051072,3.44062474304611,0.000580372839148529,0.0148203224579194,"DPY30 domain-containing protein 1-like, transcript variant X1","gonad"
"LOC115119078",200.613835179337,1.22630337022063,0.340124485523396,3.60545453919187,0.000311607039025524,0.010570544812063,"cytochrome b-245 heavy chain, transcript variant X1","gonad"
"LOC115105959",36.4313086552328,1.22070726262871,0.31115849181601,3.92310444591859,8.74152318770664e-05,0.0055688103507369,"C3a anaphylatoxin chemotactic receptor","gonad"
"LOC115131938",675.952329427201,1.21948647730768,0.321527466093389,3.79279099270939,0.000148963530958717,0.00740681895158368,"ATP synthase subunit epsilon, mitochondrial-like","gonad"
"LOC115103048",14.5008597560186,1.21188157591297,0.322444516370204,3.75841893531101,0.000170990417804006,0.0077745692979093,"protein N-lysine methyltransferase FAM173B-like","gonad"
"LOC115103239",700.852707337494,1.21064517066327,0.317147745369634,3.8172908000726,0.000134925107123909,0.00712122164227235,"ubiquitin-60S ribosomal protein L40-like","gonad"
"LOC115133149",429.835363050627,1.20796966212433,0.27601604367202,4.37644727478132,1.20629353896842e-05,0.00218255135740007,"NADH dehydrogenase [ubiquinone] 1 alpha subcomplex subunit 5-like","gonad"
"LOC115143105",56.7753724889643,1.20566111628046,0.330614601644099,3.64672676368461,0.000265602089976545,0.0096638708328941,"uncharacterized LOC115143105, transcript variant X2","gonad"
"LOC115145844",156.920731128396,1.20560449676497,0.361658111104417,3.33354751282461,0.000857460253110093,0.0188842932959581,"small nuclear ribonucleoprotein E","gonad"
"LOC115129520",302.433754992331,1.20261667111771,0.251896046517642,4.77425782477884,1.80371186034166e-06,0.00108049073580337,"caltractin","gonad"
"LOC115136026",15.5028522119068,1.19972372626504,0.371395884657369,3.23030969331242,0.00123656195108144,0.0233136228284887,"cytotoxic and regulatory T-cell molecule-like, transcript variant X2","gonad"
"LOC115105627",455.114912540158,1.19759375132488,0.31082426036569,3.85296099447285,0.00011669798631024,0.00651928812138066,"asialoglycoprotein receptor 1-like","gonad"
"LOC115111377",163.286523284183,1.19285306841452,0.30968134491357,3.85187253932729,0.000117218034671096,0.00652679017746586,"uncharacterized protein C9orf85 homolog","gonad"
"LOC115101638",1333.80473976525,1.19215333727492,0.275124454915884,4.33314202345049,1.46996213192675e-05,0.00238108734315331,"ATP synthase subunit epsilon, mitochondrial-like","gonad"
"prr19",20.894352703404,1.18950594399129,0.322466366227146,3.68877522920764,0.00022533617831375,0.00900207897992799,"proline rich 19, transcript variant X1","gonad"
"LOC115142640",215.724873844864,1.18923223341762,0.259554695767758,4.58181744660749,4.60952209172393e-06,0.00171847581871482,"protein dpy-30 homolog, transcript variant X1","gonad"
"mrpl33",175.780073275888,1.18899592467128,0.260121969150159,4.57091697620096,4.85594654186037e-06,0.00172871696890229,"mitochondrial ribosomal protein L33","gonad"
"LOC115105844",23.1013430586346,1.18757585325684,0.355980666689146,3.33606840029284,0.000849722544781997,0.0188141006378804,"calcineurin B homologous protein 3-like, transcript variant X1","gonad"
"acss1",118.057036418834,1.18730891595516,0.282897263317517,4.19696147651509,2.7051992657475e-05,0.0031985122762421,"acyl-CoA synthetase short chain family member 1, transcript variant X1","gonad"
"LOC115105604",70.9437804320057,1.18307457307859,0.305576873163605,3.87161031144257,0.000108118707233424,0.00626140039734944,"ribonuclease kappa-B","gonad"
"LOC115110163",252.736596014499,1.18282458177921,0.28086372605785,4.21138250346927,2.53812559018696e-05,0.00310508618751008,"coatomer subunit zeta-1-like, transcript variant X1","gonad"
"LOC115109493",151.043422246838,1.18038094035311,0.265685087677529,4.44278205702604,8.88031057750741e-06,0.00218255135740007,"dynein light chain roadblock-type 2","gonad"
"LOC115139447",24.5584384827779,1.18000827754001,0.31218312521737,3.77985926279131,0.000156917029006405,0.00749762792646944,"gap junction alpha-1 protein-like","gonad"
"gng10",215.249240371972,1.17776773278686,0.283830782265558,4.14954193264673,3.33141258733754e-05,0.00353926596456607,"G protein subunit gamma 10","gonad"
"LOC115115971",36.1221945064996,1.17754195313829,0.255940999600153,4.60083361000357,4.20803475001308e-06,0.00162555487066463,"homeobox protein Hox-A10-like","gonad"
"LOC115143251",72.4602369441099,1.17665184002055,0.271659108450029,4.33135427239685,1.48195015298702e-05,0.00238108734315331,"mRNA turnover protein 4 homolog","gonad"
"LOC115142983",358.598657553992,1.17580563247195,0.274442676530162,4.28433961998154,1.83282762863933e-05,0.00252701981890167,"ubiquinol-cytochrome-c reductase complex assembly factor 2","gonad"
"LOC115102348",124.57667131529,1.1726502957501,0.412775632553791,2.84089031248055,0.00449877830354934,0.0497744173548091,"tumor necrosis factor receptor superfamily member 9-like, transcript variant X2","gonad"
"LOC115139738",46.2791963745591,1.17213984538444,0.267654242819067,4.37930605186332,1.19057827922829e-05,0.00218255135740007,"prefoldin subunit 5-like, transcript variant X2","gonad"
"LOC115105999",42.8906136495307,1.17158617494286,0.403862441317136,2.9009535304197,0.00372029044182764,0.0445551406740255,"programmed cell death 1 ligand 1-like","gonad"
"ciao2a",444.130205442237,1.16927699634131,0.285194081417899,4.09993429922535,4.13267445250275e-05,0.00389177933144043,"cytosolic iron-sulfur assembly component 2A","gonad"
"bbip1",528.715382570964,1.16531354247437,0.272815773020882,4.27143023869507,1.94223286827546e-05,0.00259288087914775,"BBSome interacting protein 1","gonad"
"LOC115129780",12.3552128660082,1.16433755347433,0.385256751168997,3.02223789704227,0.00250913269916449,0.0355349557613342,"toll-like receptor 13","gonad"
"LOC115111612",15.5134198066744,1.16382853425117,0.334381322428679,3.48054288977043,0.000500398699526048,0.0135920554227591,"dual specificity protein phosphatase 18-like","gonad"
"LOC115129910",208.942561842984,1.16253829645227,0.284932749494034,4.0800444965229,4.50270807846459e-05,0.0040470875184457,"mitochondrial import receptor subunit TOM5 homolog","gonad"
"LOC115132180",68.5997587092106,1.15840355670195,0.288080615678227,4.02110900094656,5.79247921691877e-05,0.00455273821049252,"tyrosine-protein phosphatase non-receptor type 18-like, transcript variant X1","gonad"
"LOC115103043",21.1910051760001,1.15822116294939,0.400001921484498,2.89553899804024,0.00378507995663281,0.0450635486509018,"contactin-associated protein-like 2","gonad"
"LOC115140607",61.8289729894474,1.15534188224713,0.348000966588044,3.31993871618982,0.000900372108172959,0.0194146745795585,"gamma-glutamyl hydrolase-like","gonad"
"LOC115128699",125.997423544519,1.15333525439818,0.270490265792611,4.26386972196056,2.00916615948472e-05,0.00264336382547859,"chromatin accessibility complex protein 1-like","gonad"
"LOC115129029",377.8213181404,1.15132977374973,0.313207325530533,3.67593501141623,0.000236979850225937,0.00911320380088197,"thioredoxin-like protein 4A","gonad"
"lg2h20orf96",32.4028851393845,1.15114503724532,0.35977210910208,3.19965057913564,0.00137594290793752,0.0246367055586919,"linkage group 2 C20orf96 homolog, transcript variant X2","gonad"
"LOC115135272",35.9166595436267,1.15097124308011,0.352773707261909,3.2626332954729,0.00110382249061044,0.0216893951726441,"B-cell linker protein-like, transcript variant X1","gonad"
"LOC115131493",346.586412676585,1.15086504411674,0.287666169831308,4.00069651843881,6.31563127049127e-05,0.00474234325361969,"nuclear transport factor 2-like","gonad"
"tfec",29.1188210406686,1.14902628658844,0.30445711048583,3.7740169206589,0.000160639858085295,0.00749762792646944,"transcription factor EC, transcript variant X3","gonad"
"dnaaf4",100.197190006162,1.14730301594626,0.298146975680687,3.84811220481745,0.00011903153589827,0.00655431940475721,"dynein axonemal assembly factor 4","gonad"
"lg7h1orf109",74.634095845225,1.14689059509683,0.28675718342951,3.99951827319702,6.3471547181625e-05,0.00474234325361969,"linkage group 7 C1orf109 homolog, transcript variant X1","gonad"
"LOC115116028",222.039627323974,1.14663455048448,0.273248315282227,4.19630968008044,2.71299234710995e-05,0.0031985122762421,"putative protein PTGES3L","gonad"
"LOC115143064",128.344647447572,1.14584020198626,0.31004601243727,3.69571017210902,0.000219273000946581,0.00884693467819137,"HIG1 domain family member 1A, mitochondrial-like, transcript variant X1","gonad"
"LOC115125278",34.7860650505235,1.14430463455736,0.298682868797194,3.83116929057736,0.000127535713008024,0.00693274971668765,"TP53-regulated inhibitor of apoptosis 1-B-like","gonad"
"ndufa1",1160.96794406506,1.14011894491521,0.281526557116378,4.0497740482931,5.12671091999951e-05,0.00434955904035098,"NADH:ubiquinone oxidoreductase subunit A1","gonad"
"LOC115115131",53.1990835009709,1.13893119703414,0.328081838451207,3.47148504900713,0.000517588152900364,0.0137607901637429,"SLAM family member 8-like","gonad"
"LOC115145480",743.546101598736,1.13667103271304,0.297268882207718,3.82371348212218,0.000131456667608905,0.00704049338379731,"dolichyl-diphosphooligosaccharide--protein glycosyltransferase subunit DAD1-like","gonad"
"lg15h1orf159",50.3054945097076,1.13494590302978,0.346897597122303,3.27170298221941,0.00106901818905393,0.0214940135553301,"linkage group 15 C1orf159 homolog","gonad"
"LOC115135730",2496.02933198886,1.13434267984792,0.28900028556157,3.92505729758614,8.67090965876869e-05,0.00556286345457966,"60S ribosomal protein L36a","gonad"
"LOC115146137",157.610157598868,1.13419908345598,0.244872907041063,4.63178673852141,3.62523473491238e-06,0.00153069213597835,"tumor necrosis factor alpha-induced protein 2-like","gonad"
"LOC115106514",63.2568459497554,1.13416861295218,0.305033542625777,3.71817670669617,0.000200665888644906,0.00839467712957814,"transmembrane protein 180-like, transcript variant X2","gonad"
"LOC115135115",190.5871940006,1.13336306487038,0.285260412178552,3.97308219607067,7.09485523498336e-05,0.00500105264007145,"polymeric immunoglobulin receptor-like, transcript variant X1","gonad"
"arl2bp",114.266847762055,1.13169389725519,0.255779443068044,4.42449120883468,9.66698400491457e-06,0.00218255135740007,"ADP ribosylation factor like GTPase 2 binding protein","gonad"
"LOC115118436",46.5980159508636,1.13151828075947,0.306304762472584,3.69409300601634,0.000220673028224247,0.00888367960186127,"proline-serine-threonine phosphatase-interacting protein 2-like, transcript variant X2","gonad"
"LOC115113594",23.2067889800232,1.13083342668129,0.394212052275502,2.86859171391083,0.004123036437011,0.0472289271611178,"methylmalonyl-CoA epimerase, mitochondrial-like","gonad"
"mrpl21",103.683341645149,1.1304203325658,0.295168697899518,3.82974326414049,0.000128277019810786,0.00695223155726755,"mitochondrial ribosomal protein L21, transcript variant X1","gonad"
"LOC115128574",148.025601274155,1.12876249027744,0.274054594222873,4.11875047553292,3.80932359775117e-05,0.00381424428457894,"replication protein A 14 kDa subunit-like","gonad"
"LOC115108243",350.062766544679,1.12634234159519,0.302616431838352,3.72201315953935,0.000197640719984817,0.00835761048150494,"40S ribosomal protein S27-like, transcript variant X1","gonad"
"LOC115121172",172.696300924745,1.12531509044319,0.275376192144117,4.08646470735661,4.37996076072387e-05,0.00396429805105747,"high affinity copper uptake protein 1-like, transcript variant X1","gonad"
"cenpv",154.324390609135,1.12332049032923,0.27114289398923,4.14290956994008,3.42927190413128e-05,0.00357826785582802,"centromere protein V, transcript variant X1","gonad"
"LOC115106787",48.3977310034625,1.12238835928384,0.350213462541689,3.20486925641882,0.00135123844005289,0.0243985094766311,"stress-associated endoplasmic reticulum protein 1-like","gonad"
"nfkb2",45.8340305079154,1.12035480613793,0.33001841065114,3.3948251672609,0.000686724382139515,0.0166020877258656,"nuclear factor kappa B subunit 2","gonad"
"LOC115112160",179.874321643501,1.11702148486466,0.265472961533703,4.20766573895643,2.5802215011003e-05,0.00312310010493181,"trafficking protein particle complex subunit 2-like protein","gonad"
"LOC115132544",337.65563439094,1.11684043996933,0.280922243059731,3.97562125307343,7.01957670071622e-05,0.00499793861090995,"ragulator complex protein LAMTOR5-like","gonad"
"LOC115138318",18.1247394338162,1.11670674496889,0.265903346714409,4.19967164297588,2.67302334756356e-05,0.0031985122762421,"transcription factor SOX-11-like","gonad"
"LOC115143646",693.036962775241,1.11571320431871,0.279313274228919,3.99448686210413,6.48345162247543e-05,0.00476269422492933,"cytochrome c oxidase subunit 6C-1","gonad"
"LOC115122568",79.6503269815575,1.1142173161586,0.261591780427405,4.25937433637295,2.04999908886301e-05,0.00267768226312207,"DNA-directed RNA polymerase II subunit RPB7","gonad"
"exosc6",96.0249829868731,1.11403632475159,0.305292332150316,3.64908059401595,0.000263180534550052,0.00962391618763769,"exosome component 6","gonad"
"LOC115102262",27.0270096829232,1.11297210797839,0.322538976848573,3.45065926249563,0.000559219109580074,0.0144384723578429,"E3 ubiquitin-protein ligase TRIM16-like, transcript variant X1","gonad"
"LOC115113374",515.48479291587,1.10897869794701,0.311201298495032,3.56354135831061,0.000365885015699926,0.0114534626638756,"serum amyloid P-component-like","gonad"
"LOC115129714",30.4644403326424,1.10760305343698,0.29737116094544,3.7246485164047,0.00019558753961728,0.00835761048150494,"DPH3 homolog","gonad"
"ina",20.0007873524379,1.10727057748552,0.30802766096592,3.59471150744488,0.000324751229731901,0.0107988705622938,"internexin neuronal intermediate filament protein alpha","gonad"
"rps27a",5800.73259977613,1.10639175830559,0.309988704504132,3.56913572084959,0.000358160853840379,0.0112886959530912,"ribosomal protein S27a","gonad"
"LOC115128199",26.6197157257752,1.10429119724126,0.371204449357605,2.97488674813114,0.00293096733531778,0.0386734323692076,"cyclin-dependent kinases regulatory subunit 1, transcript variant X2","gonad"
"LOC115129028",41.7707333088827,1.10352280653318,0.32523033404704,3.39305006639871,0.000691190038831461,0.0166878275864681,"nuclear transport factor 2-like","gonad"
"LOC115110416",438.884600028338,1.10328198136501,0.276256950757289,3.9936804425758,6.50555280779067e-05,0.00476269422492933,"MOB-like protein phocein, transcript variant X4","gonad"
"LOC115103618",82.3228795992978,1.10176000486509,0.283990911009005,3.8795607963318,0.000104645244236651,0.0061887265614353,"proteasome assembly chaperone 3-like, transcript variant X1","gonad"
"LOC115120114",30.9567436763732,1.10129023175851,0.348663540939982,3.15860450676742,0.00158526460023287,0.0266747581851974,"C-X-C chemokine receptor type 1-like, transcript variant X2","gonad"
"LOC115126357",155.389959575037,1.10127536205241,0.199030690722784,5.53319369014452,3.14451895105445e-08,0.0001496092066979,"tumor necrosis factor receptor superfamily member 14-like, transcript variant X2","gonad"
"LOC115141466",23.9290478884367,1.09982796021846,0.277745837496845,3.95983597857142,7.50012584371246e-05,0.0051580410916077,"transmembrane protein 120A-like","gonad"
"LOC115146361",1348.57032164599,1.09946364043147,0.277142613558872,3.96714033368211,7.27401657087893e-05,0.00502156064109801,"cytochrome c oxidase subunit 7A2, mitochondrial-like","gonad"
"LOC115131424",12.3799791349076,1.0990592718185,0.343559498685809,3.19903619612512,0.00137887855609421,0.0246406683705182,"asparagine synthetase [glutamine-hydrolyzing]-like, transcript variant X1","gonad"
"selenok",62.1103552786179,1.09660006372337,0.361136165463192,3.0365279597984,0.00239319912151023,0.034240286249125,"selenoprotein K","gonad"
"LOC115112142",40.0339733014603,1.09650512869875,0.325062793281989,3.37321019618366,0.000742972114033307,0.0174281675741456,"chemokine-like factor","gonad"
"imp3",142.321982374762,1.09459386836454,0.248983185408272,4.39625618320239,1.10133941711036e-05,0.00218255135740007,"IMP U3 small nucleolar ribonucleoprotein 3, transcript variant X2","gonad"
"pfdn1",229.523735973216,1.09431009806094,0.288276967617668,3.79603721762569,0.000147027435363737,0.00737411634382322,"prefoldin subunit 1","gonad"
"LOC115134774",24.077142047379,1.09272767081191,0.309651107567906,3.52889960379773,0.000417291407251744,0.0124202340820699,"C-C motif chemokine 4-like","gonad"
"LOC115115419",329.275274038751,1.0920524064815,0.325230214200451,3.3577827606399,0.000785703364374134,0.0179497325257739,"phospholipase A and acyltransferase 2-like","gonad"
"LOC115145291",43.4568959390159,1.09197557139358,0.268255556466376,4.07065406501822,4.6881323993856e-05,0.00409219864630985,"retinal rod rhodopsin-sensitive cGMP 3',5'-cyclic phosphodiesterase subunit delta-like","gonad"
"LOC115105136",42.8219840906459,1.09099478408412,0.332515432119039,3.28103503988215,0.00103426894443722,0.0210282048770462,"sialoadhesin-like, transcript variant X2","gonad"
"pigx",248.311888909842,1.08905161396119,0.237756418158961,4.580535080374,4.63787811836451e-06,0.00171847581871482,"phosphatidylinositol glycan anchor biosynthesis class X, transcript variant X3","gonad"
"LOC115106253",658.226534160732,1.08865482864736,0.291763613634737,3.73129059886906,0.000190501320938941,0.00822283478254195,"NADH dehydrogenase [ubiquinone] 1 alpha subcomplex subunit 5-like","gonad"
"gpr18",36.2002217270093,1.08841904749098,0.285519278744779,3.81206849595574,0.000137808672838215,0.00716920992564652,"G protein-coupled receptor 18, transcript variant X5","gonad"
"LOC115146150",22.8018890324697,1.08705381606323,0.356224281930072,3.05159943104782,0.0022762564408464,0.0332751303864793,"protein jagged-2-like","gonad"
"efcab2",25.7627401310724,1.08589309942079,0.32225547643283,3.36966530853396,0.000752595340134928,0.0175497902621226,"EF-hand calcium binding domain 2, transcript variant X2","gonad"
"ttc32",134.295570550287,1.08516858344434,0.245219888696915,4.42528780683682,9.6313788295722e-06,0.00218255135740007,"tetratricopeptide repeat domain 32","gonad"
"uxt",102.388888522875,1.08488377692802,0.290844125887937,3.73012098358841,0.000191387848279523,0.0082342127330877,"ubiquitously expressed prefoldin like chaperone, transcript variant X2","gonad"
"LOC115132837",34.1795527476992,1.08145941446648,0.339438442689647,3.18602514758551,0.00144242058773737,0.0252541834049757,"pancreatic progenitor cell differentiation and proliferation factor-like","gonad"
"LOC115131149",106.225673113687,1.07792205141319,0.273559832664806,3.94035206452978,8.13621128777805e-05,0.00537167462330539,"mitochondrial import receptor subunit TOM5 homolog","gonad"
"LOC115133295",561.242847617173,1.07747907440138,0.25156128570032,4.28316730613693,1.84251518953389e-05,0.00252701981890167,"oligosaccharyltransferase complex subunit ostc, transcript variant X2","gonad"
"LOC115141484",29.5747307015762,1.07618398198053,0.373690054004423,2.87988393174572,0.00397821597595274,0.0462410302556965,"eukaryotic translation initiation factor 5B-like, transcript variant X3","gonad"
"LOC115124647",2096.29849818565,1.07570564504389,0.292851322998608,3.67321422361819,0.000239518519263728,0.00913592066334505,"myelin P2 protein-like","gonad"
"LOC115142762",120.774415087468,1.07519038405644,0.216875595127015,4.95763658159299,7.13558774815544e-07,0.000616922529311954,"transmembrane protein 128-like","gonad"
"ss18l2",197.731180610029,1.07427252161682,0.303594882100925,3.53850669083313,0.0004023970833604,0.0121453954476521,"SS18 like 2","gonad"
"LOC115145049",214.748088335979,1.07382478964418,0.284381284243191,3.77600372859239,0.00015936460593043,0.00749762792646944,"polymeric immunoglobulin receptor-like, transcript variant X3","gonad"
"LOC115113577",354.090024688644,1.07356186252036,0.250121071497377,4.29216881286076,1.76936343700268e-05,0.00252701981890167,"trafficking protein particle complex subunit 2-like protein","gonad"
"LOC115109380",296.704228723269,1.07267437444661,0.250427120853274,4.28337941510374,1.84075879409649e-05,0.00252701981890167,"cytochrome c","gonad"
"LOC115142376",56.3056882321742,1.07162932827792,0.281652382854929,3.80479411328074,0.00014192218890558,0.007278924468276,"uncharacterized LOC115142376","gonad"
"LOC115113672",804.378113531563,1.07065578907141,0.254283278216242,4.21048445097095,2.54823662667439e-05,0.00310508618751008,"probable ribosome biogenesis protein RLP24","gonad"
"LOC115133049",128.935026962266,1.07012899196881,0.247659156718907,4.3209748678237,1.553413679642e-05,0.00240093482705924,"V-type proton ATPase subunit E 1-like","gonad"
"lg3h2orf76",326.834014917366,1.06962621016087,0.252768176234837,4.23164903942306,2.31984195161034e-05,0.00291270327596908,"linkage group 3 C2orf76 homolog","gonad"
"LOC115103223",3351.94967700281,1.06885880970254,0.268699606432858,3.97789495821099,6.9528072595608e-05,0.00498953235591249,"stress-associated endoplasmic reticulum protein 1","gonad"
"nme5",62.2972649946412,1.06833661978683,0.311940007960689,3.42481436341265,0.000615219632998526,0.0155462162527157,"NME/NM23 family member 5, transcript variant X3","gonad"
"LOC115136181",549.125570763375,1.06619941590898,0.256192804828197,4.16170710424117,3.15877337429634e-05,0.00345486080624845,"ubiquitin-conjugating enzyme E2 B-like","gonad"
"LOC115109873",111.568056269915,1.06564400895709,0.269454014265627,3.95482699287822,7.65900543577645e-05,0.00523103388146368,"proteasome assembly chaperone 3-like, transcript variant X1","gonad"
"LOC115117293",462.623860927643,1.06557053400453,0.260173085630458,4.09562169515889,4.21036984882677e-05,0.00389177933144043,"ATP synthase membrane subunit DAPIT, mitochondrial-like","gonad"
"dynlt1",36.4075967444661,1.06207133143448,0.308315233805984,3.44475788083446,0.000571571122381752,0.0146781404497356,"dynein light chain Tctex-type 1","gonad"
"dtd2",85.286580506814,1.0604108022082,0.284986589108521,3.72091474734063,0.000198502447018456,0.00835761048150494,"D-aminoacyl-tRNA deacylase 2","gonad"
"LOC115131425",99.5228037885293,1.0603688760995,0.29146804816906,3.63802784819988,0.000274733724848954,0.0098969553737254,"uncharacterized protein KIAA0895-like, transcript variant X1","gonad"
"ccdc25",470.366590455364,1.06017682299044,0.275520210160641,3.84790945960846,0.000119130061884219,0.00655431940475721,"coiled-coil domain containing 25, transcript variant X1","gonad"
"LOC115109022",112.503271291042,1.05945032610135,0.270495220453268,3.91670627054346,8.97670113706557e-05,0.00565365835440342,"tctex1 domain-containing protein 2-like, transcript variant X1","gonad"
"LOC115128224",2334.87127474854,1.05895600147182,0.301054035496383,3.51749479034817,0.000435640901858905,0.0127367088794691,"ATPase inhibitor A, mitochondrial-like","gonad"
"LOC115141593",23.4601232325196,1.0589495480967,0.327445454662976,3.23397235483577,0.00122081272097017,0.023112696310672,"NLR family CARD domain-containing protein 3-like","gonad"
"LOC115131524",195.320464652139,1.05786220313345,0.34986787574315,3.023604841932,0.00249782463630062,0.0355004688286836,"interferon-induced protein 44-like","gonad"
"nkx3-1",133.100642736506,1.05649686700889,0.359452558289505,2.93918305112737,0.00329078655231247,0.0415956665874524,"NK3 homeobox 1","gonad"
"LOC115135018",91.3066544539149,1.05491237021378,0.291598276238925,3.61769069358085,0.000297243317063973,0.0102991405813235,"prolyl-tRNA synthetase associated domain-containing protein 1-like","gonad"
"LOC115101650",180.939963971457,1.05453369867656,0.278844031311803,3.7818048093609,0.000155695426494902,0.00749762792646944,"MICOS complex subunit MIC10-like","gonad"
"LOC115139938",561.189997456658,1.05346243526506,0.268257736096674,3.92705332786903,8.59929199849791e-05,0.00555618311475901,"cytochrome c oxidase subunit 6A, mitochondrial-like","gonad"
"LOC115114264",297.103395471901,1.05279561297889,0.251987250899101,4.17797173953235,2.94120188809886e-05,0.00337977604305841,"stress-associated endoplasmic reticulum protein 1-like","gonad"
"LOC115101480",500.832713433224,1.05258182020685,0.267444026344038,3.93570884568127,8.2951491076058e-05,0.00543559250950058,"NADH dehydrogenase [ubiquinone] 1 alpha subcomplex subunit 2-like","gonad"
"LOC115103073",21.7264868345942,1.05236856284613,0.332979911286796,3.16045661367158,0.00157522063090086,0.0266043774647777,"tyrosine-protein kinase Lyn-like","gonad"
"LOC115104866",157.428984672926,1.05234805346652,0.30460831938456,3.4547580827494,0.00055078678764162,0.0144079001861783,"transmembrane protein 14C-like, transcript variant X1","gonad"
"LOC115142984",91.5246525949087,1.05207918825828,0.29100725062284,3.61530231980997,0.00029999732149589,0.010335391592181,"mitochondrial import receptor subunit TOM6 homolog","gonad"
"LOC115101417",905.183103489148,1.05039696556219,0.251870770412784,4.17038056397223,3.04091395840364e-05,0.00345067711429853,"diamine acetyltransferase 1-like","gonad"
"LOC115146146",306.414957259686,1.05016509244047,0.257569103384496,4.07721686584745,4.5577978656374e-05,0.00405644010041728,"apoptogenic protein 1, mitochondrial","gonad"
"LOC115110111",63.3021029835888,1.04954844903406,0.365421147707033,2.87216121896566,0.00407674929621103,0.046935612062148,"cytokine receptor common subunit beta-like, transcript variant X2","gonad"
"LOC115105848",21.3759258703154,1.04844570817272,0.295443302417314,3.54872051454321,0.000387107717456859,0.0117943146761359,"TP53-regulated inhibitor of apoptosis 1-like","gonad"
"LOC115142386",571.573210925323,1.04366828764015,0.270702464215068,3.85540741443336,0.00011553705195946,0.00649439849961595,"ATP synthase membrane subunit DAPIT, mitochondrial-like","gonad"
"LOC115143241",578.439889369386,1.04064793023306,0.248546332393526,4.18693738190187,2.82743789890073e-05,0.00329070272387447,"small nuclear ribonucleoprotein E","gonad"
"LOC115108107",228.43528273821,1.03950150667101,0.260167082048059,3.99551510701491,6.45537403338757e-05,0.00476269422492933,"cytochrome b-c1 complex subunit 6, mitochondrial-like","gonad"
"tmem126a",34.3483514424287,1.03887991728405,0.290525335453482,3.57586685396115,0.00034906929025604,0.0111579261160012,"transmembrane protein 126A","gonad"
"LOC115110500",493.185116186721,1.03705183163741,0.274521689775778,3.77766810514845,0.000158303648965041,0.00749762792646944,"NADH dehydrogenase [ubiquinone] 1 alpha subcomplex subunit 6-like","gonad"
"LOC115125896",199.1920922153,1.03636205428687,0.25629615337628,4.0436114262134,5.26341242282837e-05,0.00436590695038226,"glucosamine-6-phosphate isomerase 1-like, transcript variant X2","gonad"
"LOC115134015",91.9554716324303,1.03613400215007,0.25274628893006,4.09950233705228,4.1403948961858e-05,0.00389177933144043,"dnaJ homolog subfamily C member 24-like","gonad"
"LOC115147133",23.8090068712344,1.03426649376941,0.359570814453019,2.87639166527666,0.00402250247981995,0.0464909052797379,"transmembrane channel-like protein 7","gonad"
"thoc7",596.57739589886,1.0331476406809,0.255449449904355,4.04443086907302,5.24503816945583e-05,0.00436590695038226,"THO complex 7, transcript variant X2","gonad"
"LOC115111257",198.038625624796,1.03286580932019,0.292311333816186,3.53344427612816,0.000410182547970969,0.0122488064818436,"tetraspanin-36-like","gonad"
"stard9",105.19841303201,1.03034175753943,0.28938937478238,3.5603994041393,0.000370291147621656,0.0114923180790065,"StAR related lipid transfer domain containing 9","gonad"
"ndufb5",500.065776296252,1.02949237117993,0.285279460805808,3.60871535676631,0.00030771701127907,0.0105094538645953,"NADH:ubiquinone oxidoreductase subunit B5","gonad"
"LOC115119181",296.464245543894,1.02910633664955,0.312818972034777,3.28978236184199,0.00100264901575137,0.0208046806056936,"D-dopachrome decarboxylase-A-like","gonad"
"pop4",237.789732337583,1.02603081029616,0.27617830573068,3.71510284843556,0.000203121060811437,0.00841978534267684,"POP4 homolog, ribonuclease P/MRP subunit","gonad"
"lg22h18orf32",580.120509758476,1.02524204304725,0.257020507265914,3.9889503524578,6.63663086269115e-05,0.00483914337120564,"linkage group 22 C18orf32 homolog","gonad"
"LOC115140260",33.5556518720136,1.02310526310568,0.334330686357107,3.06015961099328,0.00221219063490304,0.0327303870714958,"zinc metalloproteinase-disintegrin-like brevilysin H2a, transcript variant X1","gonad"
"LOC115104711",340.613767314877,1.0224228754335,0.255868338456657,3.99589445728429,6.44504446456516e-05,0.00476269422492933,"vacuolar ATPase assembly integral membrane protein vma21-like","gonad"
"LOC115111634",185.174144429194,1.021428396605,0.298800989820563,3.41842373821585,0.000629849655979771,0.0156866259999571,"cyclin-dependent kinase 2-associated protein 1-like","gonad"
"timm8b",40.1013385066317,1.02132868161858,0.282271570520692,3.61824848224916,0.000296603557596563,0.0102966236935434,"translocase of inner mitochondrial membrane 8 homolog B","gonad"
"LOC115134596",12.583708316198,1.02123133661679,0.357216866644382,2.85885531164869,0.0042517266236603,0.0480140634032431,"diamine acetyltransferase 2-like, transcript variant X1","gonad"
"LOC115128325",54.5463957526607,1.02097388260894,0.304081046993652,3.3575715839674,0.000786303803366886,0.0179497325257739,"C-type lectin domain family 17, member A-like, transcript variant X3","gonad"
"LOC115104665",323.799248456907,1.01782362870833,0.233315754764183,4.36242991707555,1.28625796013333e-05,0.00218255135740007,"nucleolar protein 16-like","gonad"
"LOC115145151",12.8094964643324,1.01703817999451,0.303732416433243,3.3484676806568,0.00081259757858463,0.0182110411948729,"DPH3 homolog","gonad"
"LOC115136795",34.6658339329249,1.01498804355925,0.30859426040801,3.28906973907187,0.00100519113781584,0.0208098635099023,"phosphoserine phosphatase-like, transcript variant X1","gonad"
"ndufb1",819.01030556725,1.01387177159309,0.246771764375919,4.10854043272396,3.98167503517488e-05,0.00389177933144043,"NADH:ubiquinone oxidoreductase subunit B1","gonad"
"LOC115128083",8034.44216454377,1.01349911467037,0.283605251277038,3.57362605278538,0.000352071635578434,0.0111947681533486,"60S ribosomal protein L30","gonad"
"LOC115119248",11751.6164724651,1.01305260990228,0.30007275606584,3.37602327910102,0.000735416965210478,0.017385716693179,"40S ribosomal protein S29-like","gonad"
"LOC115119277",291.016745528304,1.01264791188154,0.297253932755673,3.40667624644645,0.000657590786400559,0.0161693783552382,"tumor necrosis factor receptor superfamily member 9-like","gonad"
"LOC115138496",96.4529968139162,1.01222326455014,0.255956137905392,3.95467470650884,7.66388528568704e-05,0.00523103388146368,"rRNA-processing protein FCF1 homolog","gonad"
"rbis",208.877729703434,1.01028366757482,0.26590696113084,3.79938781323481,0.000145053956010813,0.00733593210398973,"ribosomal biogenesis factor","gonad"
"LOC115101941",921.906082387709,1.01024770455668,0.251737667946758,4.01309709745283,5.99272479751886e-05,0.00461033522982002,"small nuclear ribonucleoprotein G-like","gonad"
"LOC115138026",587.082725216968,1.00726459593588,0.232946392664324,4.32401886294649,1.53212187581383e-05,0.00239803489459276,"actin-related protein 2/3 complex subunit 4-like","gonad"
"igsf6",33.4847874009273,1.00680069174267,0.307356550224587,3.27567670513935,0.00105409149523267,0.0212881926445432,"immunoglobulin superfamily member 6","gonad"
"LOC115142442",36.0072216348606,1.00381853378016,0.267858176224973,3.74757473498608,0.000178552645550405,0.00798005209167819,"phosphoinositide 3-kinase regulatory subunit 6-like, transcript variant X4","gonad"
"LOC115112294",1112.34752492582,1.00356117223448,0.244866914903188,4.0983943160768,4.16026113497672e-05,0.00389177933144043,"probable ribosome biogenesis protein RLP24","gonad"
"LOC115130553",358.014011953189,1.00338200874515,0.283195443892106,3.54307256838295,0.000395493855712638,0.0119876234462749,"macrophage migration inhibitory factor-like","gonad"
"LOC115125554",6328.47602545151,1.00330139327458,0.283785646277836,3.53541980164955,0.000407127805394369,0.0122128338775138,"60S ribosomal protein L30","gonad"
"LOC115108696",4657.13065445599,1.00258891422128,0.305697915835602,3.27967206279694,0.00103927814488708,0.0210904820855749,"60S ribosomal protein L36","gonad"
"LOC115106830",19.7378365093813,1.00192065030047,0.262392154854867,3.81840932269733,0.000134314936214737,0.00712122164227235,"ras-related protein Rab-39B-like","gonad"
"LOC115140186",840.916592549827,1.00189037505542,0.265311447630047,3.77628023217628,0.00015918788644929,0.00749762792646944,"dynein light chain 1, cytoplasmic-like","gonad"
"LOC115142092",179.519382565858,1.00076858506937,0.254947473482916,3.92539126353188,8.65888781747914e-05,0.00556286345457966,"transcription and mRNA export factor ENY2-2","gonad"
"LOC115119756",16.5303887125021,1.00037380745238,0.346437422256386,2.88760319522306,0.00388189245117969,0.0456178895427952,"charged multivesicular body protein 5-like","gonad"
"LOC115114233",759.804126965235,1.00005514992395,0.258049603977126,3.87543764652551,0.000106433232565513,0.00625372741249015,"ubiquitin-60S ribosomal protein L40-like","gonad"
"LOC115124646",208.696456807822,0.999869285665943,0.256459437872839,3.89874240526765,9.66935713690875e-05,0.00593097460059849,"39S ribosomal protein L53, mitochondrial-like","gonad"
"wdyhv1",33.0021450875166,0.999101963358698,0.300310967433485,3.32689136163496,0.00087820604075864,0.0190897328682127,"WDYHV motif containing 1, transcript variant X2","gonad"
"mcur1",28.1340421929037,0.998776675106376,0.275248102048086,3.62864146082973,0.000284916614717564,0.010083715510355,"mitochondrial calcium uniporter regulator 1, transcript variant X1","gonad"
"LOC115106444",240.717390338734,0.996792443043461,0.262852501385368,3.7922121257734,0.000149311287523663,0.00740681895158368,"putative protein PTGES3L, transcript variant X2","gonad"
"LOC115137665",228.153766079901,0.995986383812954,0.253825960217962,3.92389487252483,8.71287680355163e-05,0.0055688103507369,"stress-associated endoplasmic reticulum protein 1-like","gonad"
"LOC115135297",12.6423603763023,0.995700453896597,0.336945692523578,2.95507696340983,0.00312591060764654,0.0400805317743154,"homeobox protein EMX2-like, transcript variant X2","gonad"
"LOC115135327",209.151728717836,0.993613887023773,0.277041789695404,3.58651266336465,0.000335129796999006,0.0109863891092403,"DNA damage-inducible transcript 3 protein-like","gonad"
"hacd4",75.9747164611263,0.993286045636572,0.268372779599762,3.70114304110093,0.000214630435134112,0.00875692175347176,"3-hydroxyacyl-CoA dehydratase 4, transcript variant X2","gonad"
"LOC115136130",261.350387299924,0.993142076608564,0.273783749784306,3.62746904223128,0.000286213079240842,0.010109892347659,"small nuclear ribonucleoprotein Sm D2-like","gonad"
"LOC115110483",816.991489560464,0.990013288076682,0.238199877663771,4.15622920459315,3.23543246399472e-05,0.00351751567762204,"NADH dehydrogenase [ubiquinone] 1 alpha subcomplex subunit 6-like","gonad"
"LOC115133707",74.1950370755115,0.988473004261671,0.270752537679541,3.65083560336419,0.000261388516064404,0.00962391618763769,"V-type proton ATPase subunit E 1-like","gonad"
"LOC115112090",95.3368998018642,0.987635649965899,0.28448664705382,3.47164149950087,0.000517286635484051,0.0137607901637429,"FAS-associated death domain protein-like","gonad"
"LOC115120964",1785.62843636267,0.986594591480059,0.246325929413357,4.00524051134083,6.19544116623433e-05,0.00468685124225627,"cytochrome c oxidase subunit 4 isoform 1, mitochondrial-like","gonad"
"rps21",3995.61910480874,0.986464989944634,0.294533054370032,3.34925053507001,0.000810304885857523,0.0182077914698381,"ribosomal protein S21","gonad"
"LOC115101740",397.74548988918,0.986126888153544,0.247792131247696,3.97965376538854,6.9015709141214e-05,0.00497241752050746,"succinate dehydrogenase cytochrome b560 subunit, mitochondrial-like, transcript variant X1","gonad"
"LOC115109420",72.8748294767621,0.985010578262632,0.292438678190585,3.36826367961044,0.00075643214122304,0.0175728330653349,"tetraspanin-3-like, transcript variant X1","gonad"
"LOC115105588",100.190359719508,0.984822699752751,0.244836767303479,4.0223644128255,5.7616822641754e-05,0.00454822187775516,"tail-anchored protein insertion receptor WRB-like, transcript variant X2","gonad"
"lg19h9orf16",129.707452727486,0.984450525024043,0.251328668743853,3.91698460006314,8.96634742062195e-05,0.00565365835440342,"linkage group 19 C9orf16 homolog, transcript variant X3","gonad"
"LOC115112206",312.270689169939,0.983376234650135,0.271528936021363,3.62162592709001,0.000292757239101416,0.0102021121557108,"cytochrome c oxidase copper chaperone-like","gonad"
"LOC115114431",33.6819705291592,0.980609175680711,0.221435923464487,4.4284105322142,9.49300815725845e-06,0.00218255135740007,"tyrosine-protein kinase Lyn-like","gonad"
"LOC115135604",4182.44837994559,0.980525415456278,0.29838185498777,3.28614290401964,0.001015694668085,0.020930247386179,"40S ribosomal protein S23","gonad"
"LOC115128702",622.374957742666,0.978565084621323,0.2728876595679,3.58596312552506,0.000335836415269243,0.0109863891092403,"26S proteasome complex subunit SEM1","gonad"
"LOC115134708",243.596689385669,0.978243698881468,0.308422521609837,3.17176480425438,0.00151515662307042,0.0259520600457231,"ATP synthase F(0) complex subunit C3, mitochondrial-like, transcript variant X1","gonad"
"LOC115116915",124.752316144137,0.97788394441231,0.290597510081743,3.3650802587305,0.0007652139691941,0.017608649967919,"28S ribosomal protein S16, mitochondrial-like","gonad"
"LOC115106728",42.2960532941108,0.977376296729909,0.332548254379777,2.93905105156176,0.00329218841629044,0.0415956665874524,"proline-rich transmembrane protein 2-like","gonad"
"LOC115107585",14.9500676743334,0.976762665379219,0.258790510434012,3.77433725734809,0.000160433599586681,0.00749762792646944,"T-cell activation Rho GTPase-activating protein-like","gonad"
"LOC115121080",586.445399819671,0.9748751362179,0.265744022323167,3.66847437505996,0.00024400214418996,0.00924864912299149,"tubulin-specific chaperone A-like","gonad"
"LOC115143672",102.532597855495,0.972761444839297,0.258091679968192,3.76905386860663,0.000163867522444551,0.00758974167730425,"peptidyl-prolyl cis-trans isomerase-like 1","gonad"
"mak16",138.803362087125,0.972664732496321,0.257128898868684,3.78279040891884,0.000155079992927476,0.00748838391380655,"MAK16 homolog","gonad"
"LOC115109240",218.774827628458,0.972194765241812,0.265923991104693,3.65591220710531,0.000256269054745352,0.00951497128416486,"DNA-directed RNA polymerases I, II, and III subunit RPABC1","gonad"
"gabarapl2",22.9875515991244,0.970860974604394,0.308990887911952,3.14203755704616,0.00167776513368867,0.0278187249015995,"GABA type A receptor associated protein like 2","gonad"
"LOC115123727",569.092739720543,0.97084056051486,0.264815449861243,3.66610241594121,0.000246275327078325,0.00929599758510201,"probable protein BRICK1-A","gonad"
"pigy",63.4285201149689,0.970236835260467,0.26777222907405,3.62336616689312,0.000290793697911967,0.0101531738063263,"phosphatidylinositol glycan anchor biosynthesis class Y","gonad"
"LOC115112425",17201.4722329703,0.97000977902297,0.250120318330111,3.87817265506093,0.000105244017159345,0.00620392979073071,"ferritin, heavy subunit","gonad"
"LOC115130871",3994.57358692696,0.969983545873309,0.281957763957514,3.44017320984098,0.000581342009476991,0.0148242212416633,"60S ribosomal protein L36a-like, transcript variant X2","gonad"
"LOC115113373",49.6526509520369,0.969792221981001,0.295389002368314,3.28310199162997,0.00102671512190217,0.020992161884297,"molybdenum cofactor sulfurase-like, transcript variant X1","gonad"
"LOC115124638",94.3105675747406,0.969278253535959,0.224370924632034,4.31998154451412,1.5604225027153e-05,0.00240093482705924,"calcineurin subunit B type 1-like","gonad"
"LOC115136526",169.237650608734,0.967980240798631,0.317353804960213,3.05016113142235,0.00228718621891802,0.0333543397515466,"nuclear factor NF-kappa-B p100 subunit-like","gonad"
"LOC115103926",256.529449643206,0.967248796403789,0.240900479978385,4.01513851898749,5.94108915175527e-05,0.00459006019741569,"protein dpy-30 homolog, transcript variant X2","gonad"
"LOC115106712",182.446480510377,0.966135375935153,0.255371268834135,3.78325792226322,0.000154788866968778,0.00748838391380655,"vascular endothelial growth factor A-A, transcript variant X2","gonad"
"dpm3",325.197865141163,0.964875182680875,0.238225124281895,4.05026625797506,5.1159388984336e-05,0.00434955904035098,"dolichyl-phosphate mannosyltransferase subunit 3, regulatory","gonad"
"LOC115105069",471.736497704419,0.964613363957972,0.244485573709125,3.94548172852772,7.96397050561922e-05,0.0053188314993631,"eukaryotic translation initiation factor 1b","gonad"
"LOC115103037",126.500048105714,0.964286342220339,0.235664755355863,4.09177155389328,4.28090263533756e-05,0.00392545799228226,"C-C chemokine receptor type 3-like","gonad"
"LOC115125898",176.004079104769,0.96223833214611,0.219407396543628,4.38562394570311,1.15653779400298e-05,0.00218255135740007,"FYN-binding protein 1-like, transcript variant X1","gonad"
"cacybp",370.824770630191,0.961585062189587,0.233507292883458,4.11800869392764,3.82160282342242e-05,0.00381424428457894,"calcyclin binding protein","gonad"
"smim20",180.497108584369,0.961300945330696,0.252818681953927,3.80233350597833,0.000143339592420389,0.00731031921343986,"small integral membrane protein 20","gonad"
"LOC115145367",345.357112027141,0.960674243585773,0.241188233387346,3.98308918347164,6.80252132373001e-05,0.00492058076309331,"protein mago nashi homolog","gonad"
"LOC115102668",74.0805900175614,0.960291927299414,0.239087787634788,4.01648255144794,5.90732355227272e-05,0.00458741888474084,"prostaglandin E synthase 3-like, transcript variant X2","gonad"
"LOC115139617",114.009377755243,0.957077673230747,0.262334728301585,3.64830718154278,0.000263973907327802,0.00962391618763769,"cytochrome c oxidase subunit 7A2, mitochondrial","gonad"
"LOC115138735",2573.01399738318,0.957007404165036,0.321006736658436,2.98126891082455,0.00287056604171063,0.0381816828229291,"cysteine-rich protein 1-like","gonad"
"znhit3",23.6903689787457,0.956943415865486,0.291582307509787,3.28189808235661,0.00103110866181274,0.0210110088258947,"zinc finger HIT-type containing 3, transcript variant X2","gonad"
"polr2j",173.891550835044,0.956504991667941,0.292826327262247,3.26645831544827,0.00108901839541112,0.0215753019183465,"RNA polymerase II subunit J","gonad"
"LOC115143541",33.5251986290499,0.953814682611982,0.244281898830817,3.90456553341502,9.43948115399758e-05,0.00582936121877483,"xylosyltransferase 1-like","gonad"
"LOC115116435",114.555547909507,0.953409590146945,0.246359340430383,3.86999570822589,0.000108837269234337,0.00627317288958293,"peptidyl-prolyl cis-trans isomerase FKBP1A-like","gonad"
"LOC115101304",303.391409970762,0.953314936807967,0.212159493971415,4.49338805896854,7.00988768238719e-06,0.00202018286922892,"FUN14 domain-containing protein 1A-like","gonad"
"LOC115146236",216.664561332254,0.952276914452444,0.272602050074992,3.49328596094739,0.000477115291472019,0.0132454208439847,"rRNA-processing protein FCF1 homolog","gonad"
"LOC115108626",378.164499154187,0.951841173295444,0.212677136585597,4.47552185710547,7.62249000466954e-06,0.00203520483124677,"protein mago nashi homolog","gonad"
"LOC115135113",44.2777261474291,0.951022363055352,0.282853158441585,3.36224763511615,0.000773107575907947,0.0177677736052971,"polymeric immunoglobulin receptor-like, transcript variant X7","gonad"
"LOC115111853",1598.72428055346,0.950942563051177,0.287519742400194,3.30739918974877,0.000941665980484492,0.0200197746389654,"60S ribosomal protein L37","gonad"
"LOC115136733",119.255216308406,0.950939375426294,0.262384123435395,3.62422605063007,0.000289828037365114,0.0101389553880559,"glia maturation factor gamma-like","gonad"
"LOC115142885",354.525015330715,0.950149649101794,0.254051366543564,3.73999030994728,0.000184027349179175,0.00809007397505353,"dynein light chain roadblock-type 1","gonad"
"LOC115107347",3148.0608061028,0.949377949205014,0.293027441869935,3.23989433599332,0.00119574000900244,0.0227328330926161,"40S ribosomal protein S29","gonad"
"LOC115121679",104.649753439049,0.94845336494973,0.310756535449109,3.0520785784248,0.00227262599197048,0.0332519456583308,"uncharacterized protein C1orf189-like, transcript variant X1","gonad"
"LOC115101422",5093.07133567657,0.948073979426,0.243862594495388,3.88773842658322,0.000101182579588877,0.00608301627488626,"cystatin-B-like","gonad"
"LOC115108527",78.2027287803727,0.947746019693215,0.22757976182768,4.16445650563091,3.12095112972153e-05,0.00345486080624845,"OCIA domain-containing protein 2-like","gonad"
"LOC115144178",128.324573761773,0.947716475410871,0.232769278241917,4.07148435811151,4.67144997420447e-05,0.00409219864630985,"PHD finger-like domain-containing protein 5A","gonad"
"LOC115103547",73.8022089582265,0.94758647806642,0.261425106643592,3.62469576940171,0.000289301806643295,0.0101389553880559,"CDGSH iron-sulfur domain-containing protein 3, mitochondrial-like","gonad"
"LOC115101326",299.080177842421,0.945969617014994,0.213631330711613,4.42804720573493,9.50900930402641e-06,0.00218255135740007,"barrier-to-autointegration factor-like","gonad"
"LOC115105256",114.292897188463,0.945964682877784,0.257711554986825,3.67063356133234,0.000241950001196009,0.00920931702665563,"zinc finger CCHC domain-containing protein 10-like, transcript variant X2","gonad"
"LOC115118247",298.231878944694,0.945374304234394,0.234643310546341,4.02898468331867,5.60182675708898e-05,0.0044941026365217,"protein CutA homolog","gonad"
"tprkb",51.337676165253,0.943925783847144,0.281780549285884,3.34986139476033,0.000808520073088206,0.0182077914698381,"TP53RK binding protein","gonad"
"LOC115137201",93.0496660733994,0.941015488518551,0.307791002796961,3.05731967460825,0.00223325966691875,0.0329919141680852,"endothelin-converting enzyme 2-like, transcript variant X2","gonad"
"dimt1",56.4081451961373,0.940839107317734,0.255301286635998,3.68521099017867,0.000228513256840059,0.00901931889388721,"DIMT1 rRNA methyltransferase and ribosome maturation factor","gonad"
"LOC115131257",5100.79181564403,0.940739696772041,0.289133109316758,3.25365607209453,0.00113930122401401,0.022078728948186,"60S ribosomal protein L14-like","gonad"
"LOC115123317",184.165073414805,0.939851300524682,0.248326480797955,3.78474054601277,0.000153869018779137,0.00748838391380655,"cytochrome c, transcript variant X1","gonad"
"LOC115134527",25.9880289627031,0.939845367718051,0.279995188639737,3.35664827772211,0.00078893404690282,0.0179497325257739,"microtubule-associated protein 1B-like, transcript variant X4","gonad"
"LOC115104214",107.848962572051,0.93794453509533,0.328378079792075,2.85629459703652,0.00428617235011934,0.0481856007360784,"hemoglobin subunit beta-1-like","gonad"
"pfdn4",211.750284848318,0.93686903413816,0.266746678106639,3.51220506582512,0.000444404953594459,0.0127870306457385,"prefoldin subunit 4","gonad"
"LOC115131699",12.7250385870851,0.935789210582139,0.299369080155217,3.12587128268875,0.00177279127984449,0.0287638949748495,"claudin-9-like","gonad"
"LOC115140107",449.185865993067,0.934396426196967,0.256531512787896,3.64242356052973,0.000270083192039574,0.00980726086934099,"probable protein BRICK1","gonad"
"LOC115129238",218.423083377696,0.934314306117504,0.240411995443983,3.88630485925651,0.00010178167313661,0.00609883847349273,"hypoxanthine-guanine phosphoribosyltransferase","gonad"
"LOC115104858",90.5310001408448,0.932330919788692,0.222419962335492,4.19175918383797,2.76799724913536e-05,0.00324230697130978,"B-cell receptor CD22-like, transcript variant X5","gonad"
"LOC115135294",100.929452462978,0.93223180372708,0.233873088225171,3.98605846787098,6.71799641471542e-05,0.00487887771622293,"thioredoxin-dependent peroxide reductase, mitochondrial-like","gonad"
"dapl1",3141.5183620506,0.931634108155407,0.269731441701731,3.45393218631742,0.000552476280135718,0.0144079001861783,"death associated protein like 1","gonad"
"LOC115141350",862.435645005746,0.931592497178181,0.285641535370057,3.26140417909207,0.00110861894479628,0.0216956733049279,"CD209 antigen-like protein E","gonad"
"LOC115127157",542.204508589462,0.931323639773731,0.230448317961994,4.04135577126376,5.31430621301211e-05,0.00436590695038226,"activated RNA polymerase II transcriptional coactivator p15-like","gonad"
"LOC115147101",107.448480751539,0.93110577143602,0.269073255982921,3.46041737977528,0.000539338710623542,0.0142122403919899,"dolichol phosphate-mannose biosynthesis regulatory protein-like, transcript variant X2","gonad"
"LOC115110380",58.6025097069905,0.930816251346887,0.325276960254886,2.86161138070616,0.00421493374868027,0.0477394492458135,"transmembrane protein 106B-like, transcript variant X3","gonad"
"LOC115137969",258.736212745524,0.929791904857262,0.22385068875722,4.15362539208301,3.27248752717451e-05,0.00353662402043931,"NEDD8","gonad"
"atp5mpl",1745.5784719512,0.929079779251952,0.244502260931829,3.79988215941689,0.000144764909649876,0.00733593210398973,"ATP synthase membrane subunit 6.8PL","gonad"
"LOC115110462",28.517230938962,0.927877131173322,0.321779463790788,2.88358094777795,0.00393181580351928,0.0460028383683233,"myosin-10-like, transcript variant X2","gonad"
"LOC115121509",98.3320266586433,0.927846732444249,0.271112655137702,3.42236599753333,0.000620786890461492,0.0155462162527157,"adseverin-like","gonad"
"LOC115125694",508.535075891074,0.927128166235591,0.253308393521659,3.66007676787196,0.000252139697145721,0.00943886255954168,"cytochrome b-c1 complex subunit 8-like, transcript variant X1","gonad"
"polr2i",88.760345560215,0.92635547315375,0.236550476031578,3.91610065088217,8.99926891618522e-05,0.00565365835440342,"RNA polymerase II subunit I","gonad"
"LOC115138660",236.731611330891,0.925893661007887,0.29672698426855,3.12035544488908,0.00180632931041846,0.0291292593466683,"NF-kappa-B inhibitor alpha-like","gonad"
"LOC115104729",1238.10762839645,0.925248595979972,0.255520118208305,3.62104010622635,0.000293421019745912,0.0102056552385187,"cytochrome b-c1 complex subunit 9-like","gonad"
"LOC115136485",615.099212273083,0.925223581652919,0.239914229602247,3.85647647155755,0.000115033164575037,0.00648615570193903,"cytochrome c oxidase subunit 7B, mitochondrial-like","gonad"
"cep170",90.5935834022847,0.92512568263019,0.153001384034419,6.04651839242235,1.48009343071469e-09,1.75977426696539e-05,"centrosomal protein 170, transcript variant X3","gonad"
"LOC115146226",249.068790998055,0.924211817878692,0.246374418484344,3.75124910923908,0.000175955769410302,0.00788803197386037,"transmembrane emp24 domain-containing protein 10-like","gonad"
"smim4",139.350794444349,0.923220891354988,0.214528116380058,4.30349600291744,1.68123882619267e-05,0.00252269191143423,"small integral membrane protein 4","gonad"
"LOC115145280",1272.44611127715,0.921772806916161,0.289691904845461,3.18190736951345,0.0014630860440532,0.0254686387495971,"60S ribosomal protein L36","gonad"
"LOC115115309",232.688333138474,0.921196204662318,0.226591054854427,4.06545706428764,4.7938419504291e-05,0.00414461878342813,"death-associated protein-like 1-A","gonad"
"LOC115139646",161.840627531238,0.920712487014305,0.203835462247924,4.51693967703445,6.27397688428808e-06,0.0018673823657563,"membrane-bound O-acyltransferase domain-containing protein 2-like, transcript variant X1","gonad"
"LOC115112862",3905.26641168663,0.919584344526003,0.289615975570887,3.17518514893155,0.00149740924193786,0.025818577584638,"60S ribosomal protein L38","gonad"
"LOC115113673",218.467938961665,0.919537456425951,0.283743970356688,3.24072950438391,0.00119224256777491,0.0226901006923704,"interferon regulatory factor 8-like, transcript variant X2","gonad"
"LOC115139652",545.469352545068,0.919074606023025,0.241469456852193,3.80617332727759,0.000141133492967198,0.00727570654375019,"proteasome subunit alpha type-6","gonad"
"LOC115141356",1129.64019049195,0.917603316640226,0.264044624185328,3.47518272516004,0.000510505485136855,0.013751836184191,"C-type lectin domain family 4 member E-like","gonad"
"LOC115109231",98.1394996892177,0.916263344360298,0.250217069180354,3.66187385761387,0.00025037714292027,0.00941023241411935,"mitochondrial import inner membrane translocase subunit Tim13","gonad"
"LOC115145802",31.5121171122541,0.916231122401398,0.314704266633574,2.91140356056313,0.00359808961664755,0.043861985296749,"TNFAIP3-interacting protein 2-like, transcript variant X1","gonad"
"dync2li1",22.3119407758673,0.915619924824516,0.305799127481728,2.99418749937155,0.00275176782721892,0.0374115052447483,"dynein cytoplasmic 2 light intermediate chain 1, transcript variant X2","gonad"
"LOC115109394",191.805198251396,0.914957506061231,0.241839337183636,3.7833278767485,0.000154745349772896,0.00748838391380655,"peptidyl-prolyl cis-trans isomerase FKBP7-like","gonad"
"LOC115143721",127.740477207988,0.914253744559358,0.290279601293807,3.1495624924536,0.00163515132943898,0.0272840747779462,"MICOS complex subunit MIC10-like","gonad"
"LOC115106093",35.3254861266651,0.913365792168658,0.249459175645489,3.66138383086241,0.000250856603240458,0.00941023241411935,"epithelial discoidin domain-containing receptor 1-like","gonad"
"tmem18",178.807409664178,0.912472871664377,0.212764848191071,4.28864485568097,1.79766543137474e-05,0.00252701981890167,"transmembrane protein 18, transcript variant X1","gonad"
"LOC115129344",34.9051013188248,0.910536817499291,0.301423340213138,3.02079068215304,0.00252115581694265,0.0355440348415262,"uncharacterized LOC115129344","gonad"
"arl2",162.099558242431,0.910298687138707,0.247705361870971,3.67492524288949,0.000237919068165788,0.00911320380088197,"ADP ribosylation factor like GTPase 2","gonad"
"LOC115128841",20.1643111373253,0.909911133316217,0.243292266665121,3.7399920095638,0.000184026104846184,0.00809007397505353,"CD209 antigen-like protein C","gonad"
"LOC115128708",974.461925489798,0.90916963194003,0.254173214499685,3.5769686972313,0.000347601780460762,0.011150279021282,"BPTI/Kunitz domain-containing protein-like, transcript variant X1","gonad"
"haus2",64.7344933183407,0.908896670369467,0.263147048844515,3.45394969983685,0.000552440403616198,0.0144079001861783,"HAUS augmin like complex subunit 2, transcript variant X1","gonad"
"LOC115107078",68.8016988132715,0.908347099421738,0.313577726998281,2.89672072094176,0.00377085278353719,0.0449397815513082,"small nuclear ribonucleoprotein F","gonad"
"LOC115141444",313.993064198347,0.907820043659103,0.221210758006017,4.10386932282203,4.06297015538092e-05,0.00389177933144043,"neutral amino acid transporter B(0)-like","gonad"
"LOC115139959",116.723037786462,0.90761194802993,0.279632215568063,3.245734566692,0.00117148010451825,0.0224666468253504,"refilin-A-like, transcript variant X2","gonad"
"LOC115109419",91.6894092169405,0.906184212551508,0.243306435876169,3.72445640119734,0.000195736534754207,0.00835761048150494,"proline-serine-threonine phosphatase-interacting protein 1-like, transcript variant X1","gonad"
"LOC115111965",230.84782578015,0.905772152581775,0.24413884720322,3.7100697531672,0.000207202150588562,0.00853052663511551,"endothelial differentiation-related factor 1 homolog","gonad"
"LOC115113675",1760.41305247578,0.904496318902309,0.23908365556109,3.78317922561291,0.000154837836247294,0.00748838391380655,"cytochrome c oxidase subunit 4 isoform 1, mitochondrial","gonad"
"LOC115136811",522.761001923788,0.904314745660829,0.213343975671056,4.23876391548616,2.24753858483203e-05,0.00287368384128242,"prothymosin alpha-like","gonad"
"brix1",125.36536233558,0.903470533298063,0.216883476707186,4.16569554774261,3.10404722583343e-05,0.00345486080624845,"biogenesis of ribosomes BRX1","gonad"
"LOC115102020",346.262545900677,0.902108473491025,0.246655930002677,3.65735570793386,0.000254830627472858,0.00949717819979254,"40S ribosomal protein S23","gonad"
"LOC115107938",50.1132474421127,0.901278669006715,0.22904691845475,3.93490851170203,8.32283937894449e-05,0.00543559250950058,"SAYSvFN domain-containing protein 1-like","gonad"
"LOC115111524",56.2257779153444,0.899739648633673,0.271456121738052,3.31449385953395,0.000918091963199759,0.0196454781985307,"refilin-A-like, transcript variant X2","gonad"
"LOC115132993",319.419296697465,0.898872597070033,0.268733249286502,3.34485070030068,0.000823268742473293,0.0183853226178907,"NADH dehydrogenase [ubiquinone] 1 beta subcomplex subunit 2, mitochondrial-like, transcript variant X2","gonad"
"LOC115142712",111.059222078213,0.898427502824603,0.246238442107403,3.64860780930676,0.000263665254916977,0.00962391618763769,"ninjurin-1-like","gonad"
"pdrg1",168.730229779914,0.898004656395384,0.268151055747807,3.34887607990605,0.000811400777439022,0.018209879499608,"p53 and DNA damage regulated 1","gonad"
"LOC115119996",12.814287177734,0.89555382592512,0.308553148538212,2.90242971160028,0.00370280242422437,0.0444630164115196,"gastrula zinc finger protein XlCGF57.1-like","gonad"
"LOC115101315",338.784667789475,0.895389426690018,0.21862504234499,4.09554832825187,4.21170353080072e-05,0.00389177933144043,"calmodulin","gonad"
"LOC115115916",14.4298262158119,0.895059725440366,0.307023790539361,2.91527807622979,0.00355371747139316,0.0436732544528644,"tumor necrosis factor alpha-induced protein 3-like, transcript variant X2","gonad"
"LOC115129345",113.410581583502,0.894487899214563,0.268485711893547,3.33160335760892,0.000863472289643012,0.0189567144991034,"T-cell surface antigen CD2-like, transcript variant X1","gonad"
"LOC115130499",3561.81701811922,0.894006426635876,0.251480867189806,3.55496796486359,0.000378025144692066,0.0116635787335891,"C-X-C motif chemokine 14-like, transcript variant X2","gonad"
"LOC115133296",2953.758968086,0.892951523326223,0.254501066177806,3.50863568760992,0.000450411414682026,0.0128779668430222,"60S ribosomal protein L34, transcript variant X1","gonad"
"LOC115139406",1171.97105885635,0.891382171662672,0.256036453279389,3.48146586255821,0.000498677342307465,0.0135920554227591,"costars family protein ABRACL, transcript variant X2","gonad"
"LOC115114718",225.398911330271,0.891377500071681,0.267608937206601,3.33089585637984,0.000865669824588024,0.0189820064435026,"apoptosis-associated speck-like protein containing a CARD","gonad"
"LOC115129047",5630.64202242551,0.890850004533808,0.272626556763997,3.26765673567519,0.00108441802750688,0.0215753019183465,"60S ribosomal protein L14-like","gonad"
"LOC115138123",304.798129939859,0.890331212263139,0.273154705192509,3.25943941414323,0.00111632620639072,0.0217701596167883,"histone H2A.Z","gonad"
"LOC115142647",39.0205947384373,0.890249640536157,0.2710247800604,3.28475366842013,0.00102071568838817,0.020940241851272,"cathepsin L1-like, transcript variant X1","gonad"
"LOC115126776",28.9052399515359,0.890145173496109,0.273774966194751,3.25137533890846,0.00114848128418601,0.0221557836729457,"uncharacterized LOC115126776","gonad"
"LOC115118917",29.7256626698579,0.888924531994803,0.272428207729316,3.26296802891291,0.00110251956901313,0.0216893951726441,"CD209 antigen-like protein E","gonad"
"LOC115126505",376.878821681926,0.886801684354447,0.22703205116226,3.9060638346638,9.3811739286133e-05,0.00582936121877483,"transketolase-like protein 2","gonad"
"LOC115133990",86.3915943574619,0.885700437262078,0.223032213076122,3.97117719026437,7.15183602841508e-05,0.00500105264007145,"sorting nexin-20-like, transcript variant X1","gonad"
"LOC115123928",16.2322313789997,0.883131076890709,0.250311800714523,3.52812402119989,0.000418516021157036,0.0124262185623649,"translationally-controlled tumor protein homolog, transcript variant X1","gonad"
"LOC115105494",1693.51222108647,0.882945238012878,0.247837346161684,3.56259963111799,0.000367200479144098,0.0114551407205159,"cytochrome c oxidase subunit 7B, mitochondrial-like","gonad"
"LOC115132693",87.6375573172507,0.882520188435163,0.255776734749063,3.45035364260547,0.00055985264044511,0.0144384723578429,"tissue factor pathway inhibitor 2-like","gonad"
"LOC115109156",415.377590256517,0.881592216892153,0.20575161132182,4.28474028090715,1.82952785737072e-05,0.00252701981890167,"small integral membrane protein 7","gonad"
"LOC115141051",28.5273995667003,0.881296366997199,0.262331022929587,3.35948206641862,0.000780887193822835,0.0179238784968994,"tumor necrosis factor alpha-induced protein 8-like protein 2","gonad"
"LOC115134735",402.03663570607,0.880921787040508,0.269722612666576,3.26602867416786,0.00109067204723171,0.0215753019183465,"dynein light chain roadblock-type 2-like, transcript variant X2","gonad"
"LOC115129611",561.058034127747,0.880357468920574,0.237904340235064,3.70046829768102,0.000215201964214261,0.00876055350285677,"ATP synthase-coupling factor 6, mitochondrial-like","gonad"
"dnajc19",143.318276848219,0.879936023650233,0.218046061557642,4.03555110036975,5.44742813945028e-05,0.00443513476680984,"DnaJ heat shock protein family (Hsp40) member C19, transcript variant X3","gonad"
"LOC115118596",199.701090629986,0.879681441822205,0.202305307199993,4.34828652790893,1.37205277490944e-05,0.00228541194323448,"prostaglandin E synthase 3-like","gonad"
"LOC115132347",59.5442884497659,0.878930013519311,0.242394248533125,3.62603493621755,0.000287806433896986,0.0101389553880559,"syntaphilin-like","gonad"
"LOC115118407",583.791777693047,0.878234486067976,0.273072567022771,3.21612125173578,0.00129935920522254,0.0239092064159742,"c-Myc-binding protein-like","gonad"
"LOC115139698",194.631563648953,0.877797293559554,0.199903281897756,4.39110996691148,1.12773483875774e-05,0.00218255135740007,"AP-3 complex subunit sigma-1, transcript variant X3","gonad"
"LOC115106933",303.917028980614,0.877429084855714,0.258934073626305,3.38861963034662,0.000702453793718441,0.0168700411094603,"short transmembrane mitochondrial protein 1-like","gonad"
"LOC115133487",232.78018113051,0.876921897920685,0.238537725174713,3.67623987894743,0.000236696967651325,0.00911320380088197,"small ubiquitin-related modifier 1","gonad"
"LOC115141163",13.6255632592835,0.876665973798971,0.225350831075722,3.89022738285086,0.000100150333591226,0.00604096165010732,"sodium channel subunit beta-1-like","gonad"
"LOC115111594",3641.85671956126,0.876656126683049,0.266803955628895,3.28576885082774,0.00101704432942526,0.020930247386179,"60S ribosomal protein L31","gonad"
"LOC115121668",3139.80618481302,0.876554516870639,0.269562031892727,3.25177292482892,0.0011468760773698,0.0221557836729457,"60S ribosomal protein L27-like","gonad"
"LOC115139701",204.836011692,0.876481915327579,0.237791393321244,3.68592783399648,0.000227870921027379,0.00901931889388721,"transmembrane emp24 domain-containing protein 7-like, transcript variant X3","gonad"
"LOC115132470",176.2868741013,0.875789104637198,0.244219800652392,3.58606919790155,0.000335699914584095,0.0109863891092403,"SAP domain-containing ribonucleoprotein-like","gonad"
"ube2v2",73.973728971371,0.875126686441864,0.244328833935562,3.58175771703091,0.000341290235528402,0.011045393077101,"ubiquitin conjugating enzyme E2 V2, transcript variant X2","gonad"
"rps7",3038.83387117474,0.874898610663075,0.27753631519322,3.15237524881734,0.00161948005515993,0.0270748433531157,"ribosomal protein S7","gonad"
"tmed2",209.456215909933,0.872764129806613,0.22486460345492,3.88128730087829,0.000103905004261778,0.00618524346680929,"transmembrane p24 trafficking protein 2, transcript variant X1","gonad"
"LOC115128635",27.7489100797789,0.871962402760618,0.264353633178894,3.29846952461039,0.000972134318945937,0.020425509612949,"gamma-glutamylcyclotransferase-like, transcript variant X1","gonad"
"atp5me",712.873220709659,0.869448083682619,0.272028608318282,3.19616414265273,0.00139267858855919,0.0247183475118592,"ATP synthase membrane subunit e","gonad"
"LOC115113377",95.4098155073809,0.868672419182334,0.212597334461147,4.08599863861928,4.38876353967036e-05,0.00396429805105747,"thioredoxin-dependent peroxide reductase, mitochondrial-like","gonad"
"LOC115128209",1996.91816402808,0.867360764479484,0.259054849220809,3.3481742074636,0.000813458603714581,0.0182110411948729,"40S ribosomal protein S27","gonad"
"LOC115109348",269.094182601383,0.86667274286992,0.216331300670977,4.00622905784708,6.16958214426211e-05,0.00468681729754071,"heat shock factor-binding protein 1-like","gonad"
"LOC115139890",3676.75551651456,0.866305966539366,0.273562243431011,3.166759987322,0.0015414748604146,0.0262299325443514,"60S ribosomal protein L35-like","gonad"
"pop5",47.7638116387446,0.865209145975862,0.297576843814018,2.90751503002232,0.00364312836830935,0.0440670477381909,"POP5 homolog, ribonuclease P/MRP subunit","gonad"
"LOC115122032",18016.2033041015,0.864880919651205,0.2845756725795,3.03919485390863,0.00237211374082253,0.0340998393336293,"protein S100-A1-like","gonad"
"LOC115109891",54.0373961467115,0.862994883468729,0.254808954435822,3.3868310687099,0.000707049100614799,0.0169355982463882,"growth arrest and DNA damage-inducible proteins-interacting protein 1-like, transcript variant X3","gonad"
"LOC115124139",36.5446778937138,0.862575193153998,0.240491687783651,3.58671520460192,0.000334869712207887,0.0109863891092403,"post-GPI attachment to proteins factor 2-like","gonad"
"LOC115135642",188.466980454725,0.862492764873073,0.213119404162748,4.04699313167389,5.18797629374798e-05,0.00436078229580039,"barrier-to-autointegration factor","gonad"
"brk1",139.679395903546,0.861526487492663,0.229471203969497,3.75439912542221,0.000173757803166471,0.00780877889675854,"BRICK1 subunit of SCAR/WAVE actin nucleating complex","gonad"
"LOC115118918",24.5255214651697,0.8614596603053,0.302067400224002,2.85187895041462,0.00434616477841948,0.0486491786171296,"rab-like protein 2A","gonad"
"LOC115114153",62.0672214964782,0.860383354457668,0.26782392165538,3.21249628912819,0.00131586848399815,0.0239868556179422,"vesicle-trafficking protein SEC22b-B-like","gonad"
"LOC115103912",92.6931947238861,0.859975369490225,0.239614914589747,3.58898932047957,0.000331962438105919,0.0109571170980655,"U2 small nuclear ribonucleoprotein B''-like, transcript variant X3","gonad"
"LOC115101657",140.150026881116,0.859872427782365,0.21434811828614,4.01156975231523,6.03163501388673e-05,0.00462069051949905,"uncharacterized protein At5g50100, chloroplastic-like, transcript variant X1","gonad"
"LOC115141987",225.197710535289,0.859253123076282,0.220770911841217,3.89205768056198,9.93976050081156e-05,0.00603566192818511,"rho-related GTP-binding protein RhoG-like","gonad"
"lsm3",299.635356497019,0.858846471107893,0.270444591518211,3.17568366328398,0.00149483861635203,0.0257987546753684,"LSM3 homolog, U6 small nuclear RNA and mRNA degradation associated","gonad"
"manbal",365.316270442927,0.856175723230217,0.27047047003018,3.16550536232174,0.00154813808263407,0.0262691542320599,"mannosidase beta like, transcript variant X1","gonad"
"LOC115139992",200.315764636018,0.855703374003078,0.2554176427076,3.35021247918524,0.000807495924438636,0.0182077914698381,"transmembrane protein 230-like","gonad"
"LOC115130213",255.778520835908,0.855141638902993,0.21400278203989,3.99593701891033,6.44388650369065e-05,0.00476269422492933,"transmembrane protein 14C-like","gonad"
"LOC115129598",3171.70057017099,0.854870847097126,0.27809251458327,3.07405198726106,0.00211172630283775,0.0317122921188483,"60S ribosomal protein L36a-like","gonad"
"LOC115143769",89.155382073381,0.854433405052092,0.296862249632541,2.87821508497533,0.00399932360555417,0.0464269305514332,"epithelial membrane protein 3-like, transcript variant X1","gonad"
"LOC115144339",107.22806526887,0.854225065321298,0.251250012239041,3.39990059187971,0.000674103557941651,0.0163623318154928,"cytochrome c oxidase assembly protein COX20, mitochondrial","gonad"
"LOC115131488",158.159865711098,0.853512165798733,0.264688900003655,3.22458616808996,0.00126154884938651,0.0235887547986214,"thioredoxin-like protein 4A, transcript variant X1","gonad"
"LOC115140548",18.667223611334,0.853388358908602,0.291463396635421,2.92794350426126,0.00341212039016135,0.0426069173340918,"immediate early response 3-interacting protein 1-like","gonad"
"ptprc",312.836723131037,0.851651123247447,0.178306571820412,4.77633053315175,1.78522866415293e-06,0.00108049073580337,"protein tyrosine phosphatase receptor type C, transcript variant X2","gonad"
"LOC115138515",544.911834505674,0.851273714636173,0.206605521235483,4.12028540934256,3.78403360180411e-05,0.00381424428457894,"transmembrane emp24 domain-containing protein 10-like","gonad"
"LOC115112418",65.6289894724983,0.85116289180753,0.202129900019392,4.21096973642133,2.5427681234578e-05,0.00310508618751008,"transcription factor PU.1-like, transcript variant X1","gonad"
"LOC115133135",451.981734308679,0.85112991052716,0.276173003946251,3.08187222634116,0.00205703113968358,0.0313213834236536,"electron transfer flavoprotein regulatory factor 1-like, transcript variant X1","gonad"
"LOC115138378",710.315585808644,0.851103184725646,0.217934692472856,3.90531298651156,9.41035095479852e-05,0.00582936121877483,"cytochrome c oxidase subunit 7A2, mitochondrial-like","gonad"
"LOC115111849",94.3950577160073,0.849513566440268,0.283732859440951,2.99406127338967,0.00275290653266048,0.0374115052447483,"phospholipid phosphatase 1-like","gonad"
"nenf",271.017214873272,0.848501166858262,0.248336037786429,3.41674601246549,0.000633743750364263,0.015740426171838,"neudesin neurotrophic factor","gonad"
"LOC115144376",491.773487330609,0.847668326440941,0.222309953434244,3.81300213214101,0.00013728892773951,0.0071626947472372,"cytochrome c oxidase assembly protein COX14 homolog","gonad"
"LOC115113147",4141.10617531681,0.847508863355873,0.273984025575606,3.09327838210772,0.00197958344959125,0.0307716756085435,"ubiquitin-40S ribosomal protein S27a-like","gonad"
"LOC115111375",182.901988363316,0.84535334317115,0.242344115511302,3.48823548443753,0.000486219649471031,0.0133957571408134,"guanine deaminase-like","gonad"
"ost4",709.95011495189,0.844681208616734,0.22980834271312,3.67558983561874,0.000237300517205112,0.00911320380088197,"oligosaccharyltransferase complex subunit 4, non-catalytic","gonad"
"LOC115122305",25.1665836133529,0.843901024784707,0.241062652796654,3.50075391187441,0.000463944041040091,0.0130343743245688,"5-demethoxyubiquinone hydroxylase, mitochondrial-like","gonad"
"LOC115105435",48.5084305321558,0.843658193560433,0.248485297598969,3.39520366682625,0.00068577565857226,0.0166012571427173,"c-Myc-binding protein-like, transcript variant X1","gonad"
"LOC115114573",112.329088280768,0.843434343622128,0.254688530481745,3.31163064951047,0.000927539177964544,0.0197670015929701,"HIG1 domain family member 1A, mitochondrial-like","gonad"
"LOC115102334",696.707732904368,0.843332998665754,0.224410657322259,3.75798996682546,0.00017128374747542,0.0077745692979093,"PRA1 family protein 3-like","gonad"
"isoc2",70.7835884631234,0.843296265673975,0.26692491601235,3.15930141806229,0.00158147835412531,0.0266604651787364,"isochorismatase domain containing 2","gonad"
"smim8",37.6375049233641,0.842017901007633,0.220955084499201,3.81081025094347,0.000138512056823042,0.00718521401051186,"small integral membrane protein 8","gonad"
"LOC115104196",293.957513026731,0.840997083729491,0.242031471260754,3.47474268263006,0.000511343597771437,0.0137540064609455,"SUMO-conjugating enzyme UBC9-B, transcript variant X2","gonad"
"LOC115106364",31.0425862707173,0.84004117548498,0.204126725192222,4.11529247184036,3.86688778394637e-05,0.00383645981449892,"pantothenate kinase 1-like, transcript variant X3","gonad"
"LOC115144428",879.320797946895,0.838745086064829,0.246461525245617,3.40314815965274,0.000666141473177528,0.0162778796595036,"serglycin-like","gonad"
"LOC115125647",13.3155490524111,0.838539370209943,0.2509814954118,3.34104061669608,0.000834650118931317,0.0185709651462218,"protein LRATD2-like","gonad"
"LOC115120264",25.2826523053677,0.837230659951024,0.237457151282463,3.52581783883659,0.000422177246891909,0.0124634960887309,"tumor necrosis factor receptor superfamily member 11A-like","gonad"
"LOC115144273",8105.19265057101,0.837077982927828,0.270802200313474,3.09110480623439,0.00199413234193848,0.0308657005969608,"60S ribosomal protein L38-like, transcript variant X2","gonad"
"LOC115129393",2141.95345436741,0.836604361570378,0.258844446808926,3.23207382613058,0.00122895300778517,0.0231942524005691,"60S ribosomal protein L31","gonad"
"LOC115122125",195.869408550256,0.836564017604471,0.242314866064479,3.45238421064048,0.000555655902090744,0.0144384723578429,"peptidyl-prolyl cis-trans isomerase A-like","gonad"
"LOC115125161",1105.54239133002,0.835955755578097,0.254335506736739,3.28682285184581,0.00101324552047022,0.0209050973518834,"60S ribosomal protein L32-like","gonad"
"LOC115104143",86.6295411162407,0.835289292632817,0.232138283376047,3.59824015446736,0.000320377721725709,0.0106729870011963,"coiled-coil domain-containing protein 43-like","gonad"
"arpin",38.0865941700419,0.835121486821191,0.246763798977439,3.38429498282097,0.000713612903435048,0.0170478366773246,"actin related protein 2/3 complex inhibitor","gonad"
"LOC115131902",96.1874033839821,0.834168342711636,0.281611003600748,2.96212978912668,0.00305518969140313,0.0395649244201964,"proteasome subunit alpha type-7-like","gonad"
"LOC115131366",198.172617714955,0.833389207134396,0.226684096317977,3.67643438896294,0.000236516649961235,0.00911320380088197,"chromatin modification-related protein MEAF6-like, transcript variant X1","gonad"
"LOC115110325",214.517193475186,0.832812370474551,0.209667799500145,3.97205661746821,7.12547782149125e-05,0.00500105264007145,"stannin-like, transcript variant X2","gonad"
"LOC115113310",3582.91922308589,0.832574948996878,0.257477373548617,3.23358490698473,0.00122246991835214,0.0231199623308348,"60S ribosomal protein L24","gonad"
"LOC115112854",1235.48263450848,0.828914079061507,0.252523694534701,3.28252000505877,0.00102883685262395,0.0210110088258947,"proteasome subunit beta type-1-B-like","gonad"
"LOC115101899",21.0072284622084,0.828861770548916,0.229954309231914,3.60446287489656,0.000312799155332873,0.0105757569166176,"THAP domain-containing protein 3-like","gonad"
"LOC115127543",495.243971282821,0.828843510834749,0.269783310794901,3.0722564282891,0.0021244713539318,0.031798764964539,"phospholipase A and acyltransferase 4-like","gonad"
"LOC115109910",165.659094152342,0.828026006072869,0.231746531212986,3.57298122970339,0.000352940068772482,0.011202762043065,"growth arrest and DNA damage-inducible proteins-interacting protein 1-like","gonad"
"LOC115133511",88.5799947356771,0.827488908326779,0.239748642675183,3.45148526846044,0.000557510190486649,0.0144384723578429,"oocyte zinc finger protein XlCOF6-like","gonad"
"LOC115141662",637.17064651134,0.827150559614257,0.238177121522054,3.47283800529795,0.000514986091499066,0.0137607901637429,"eukaryotic translation initiation factor 3 subunit K","gonad"
"LOC115124271",97.4857813634827,0.825841021187923,0.214122780872974,3.85685734988583,0.000114854143389131,0.00648615570193903,"prosaposin-like, transcript variant X1","gonad"
"slc25a47",16.7505985549647,0.825822888791445,0.267755617842793,3.08424112795389,0.0020407212268713,0.0313198094632927,"solute carrier family 25 member 47, transcript variant X4","gonad"
"LOC115140224",141.848567286193,0.825465902995557,0.228470186343335,3.61301365489799,0.000302658758541952,0.0103876605294663,"ran-specific GTPase-activating protein-like, transcript variant X1","gonad"
"LOC115130225",294.529483792641,0.824982228954094,0.234878001555399,3.51238610466255,0.000444102307117249,0.0127870306457385,"programmed cell death protein 6-like, transcript variant X1","gonad"
"LOC115114434",22.7195778593873,0.824827340827178,0.237603239048074,3.47144821817976,0.00051765915850608,0.0137607901637429,"transmembrane protein 68-like","gonad"
"LOC115139656",24.5190403834213,0.824417906722009,0.284584405807968,2.89691876960507,0.003768473167571,0.0449397815513082,"NF-kappa-B inhibitor epsilon-like, transcript variant X1","gonad"
"rpl39",5428.80656130749,0.824332123905202,0.267375521462154,3.0830500840066,0.002048906687667,0.0313213834236536,"ribosomal protein L39","gonad"
"LOC115132292",376.997552434784,0.82421086870206,0.260314491809212,3.16621200369488,0.00154438190625202,0.0262299325443514,"transcription initiation factor TFIID subunit 11-like","gonad"
"chchd7",108.910979877115,0.823512213604227,0.274893546963809,2.99574952813514,0.00273771207105538,0.0373167420135747,"coiled-coil-helix-coiled-coil-helix domain containing 7, transcript variant X1","gonad"
"LOC115144554",25.5274181353394,0.823414950445993,0.230671060441117,3.56964999801605,0.000357458495508738,0.0112869851207942,"zinc finger protein 501-like, transcript variant X1","gonad"
"LOC115107556",444.946854461433,0.82047685421305,0.259372674206997,3.16331262235533,0.00155984728997714,0.0264035799327087,"apolipoprotein B-100-like","gonad"
"rpl29",11115.9573775917,0.816693191603603,0.270382375969899,3.02051192750271,0.00252347768840754,0.0355440348415262,"ribosomal protein L29","gonad"
"LOC115135976",47.0404158995611,0.81658671426942,0.254795281748213,3.2048737663689,0.00135121726869322,0.0243985094766311,"cell surface glycoprotein MUC18-like, transcript variant X1","gonad"
"LOC115128333",58.218045031877,0.815824350028679,0.256741583227523,3.1776089395916,0.00148494891486309,0.0257258897884106,"sialoadhesin-like, transcript variant X1","gonad"
"LOC115105710",523.422383278616,0.815462461058125,0.229793185685097,3.54867990809621,0.000387167412809926,0.0117943146761359,"succinate dehydrogenase assembly factor 1, mitochondrial-like, transcript variant X1","gonad"
"mrps18c",215.340130034999,0.814372323171807,0.234112816984024,3.47854651301462,0.000504140938250756,0.0136208078495249,"mitochondrial ribosomal protein S18C, transcript variant X3","gonad"
"LOC115131603",4126.25029579437,0.814097552996288,0.271444203320434,2.99913405052626,0.00270748155444855,0.0370437340637286,"40S ribosomal protein S18","gonad"
"tsr2",52.3665203356977,0.812707665636149,0.252695576979637,3.21615310940579,0.0012992149660396,0.0239092064159742,"TSR2 ribosome maturation factor","gonad"
"LOC115101820",81.4538901003908,0.811832915305322,0.253762623050489,3.19918239158412,0.00137817948091834,0.0246406683705182,"cytochrome b-c1 complex subunit 6, mitochondrial-like, transcript variant X2","gonad"
"slc66a3",60.1928624895152,0.811832874871391,0.252950884925878,3.20944864497818,0.00132989801295739,0.0241021932671025,"solute carrier family 66 member 3","gonad"
"LOC115144610",575.228644900092,0.811363754990142,0.255887411281007,3.1707841778083,0.0015202804912604,0.0259907839918303,"proteasome subunit beta type-1-B","gonad"
"LOC115139186",54.0908845562286,0.811133174016533,0.262600754340569,3.08884555969161,0.00200935863588334,0.0309693679058557,"platelet-activating factor acetylhydrolase-like, transcript variant X1","gonad"
"LOC115102474",284.491669753667,0.810922449572928,0.217997091800179,3.71987737486075,0.000199319527345871,0.00835761048150494,"pituitary tumor-transforming gene 1 protein-interacting protein-like","gonad"
"lyrm1",52.3509058129357,0.808924337585476,0.259493451487649,3.11732081464098,0.00182502851940853,0.0292713938148245,"LYR motif containing 1, transcript variant X2","gonad"
"LOC115107979",46.0323351545256,0.808827520242997,0.195216117554671,4.14324150267193,3.42431007826466e-05,0.00357826785582802,"rho GTPase-activating protein 6-like, transcript variant X1","gonad"
"LOC115139012",399.946482893736,0.807645213170656,0.265013031504828,3.04756791990413,0.00230701383819759,0.0335626147807015,"proteasome subunit alpha type-6-like","gonad"
"LOC115108296",78.4846194182187,0.807511204082896,0.235977819581072,3.42197925854413,0.000621670558317927,0.0155469017311574,"MICOS complex subunit MIC13-like","gonad"
"LOC115127575",86.5112490489544,0.806114216458234,0.249157501245558,3.23536001295729,0.00121489441918834,0.0230487179464823,"protein transport protein Sec61 subunit gamma, transcript variant X2","gonad"
"LOC115141710",60.1026101726999,0.805317924419666,0.240129526041668,3.35368139726359,0.000797441249721243,0.0180753349936815,"uncharacterized LOC115141710","gonad"
"LOC115101440",95.1720366240797,0.804953427689441,0.212470249447536,3.78854653666796,0.000151531211017902,0.00748838391380655,"RAS guanyl-releasing protein 2-like, transcript variant X2","gonad"
"LOC115121827",224.485461203491,0.804078585864,0.251880762363602,3.1922985237883,0.00141145374520136,0.0248558236642831,"small nuclear ribonucleoprotein Sm D3-like","gonad"
"brd3os",50.2660192681409,0.803518451061048,0.203686735327856,3.94487372860928,7.98420401581521e-05,0.0053188314993631,"BRD3 opposite strand","gonad"
"LOC115146608",106.455419494919,0.803482534971147,0.233151041892935,3.44618891019201,0.000568552757031394,0.0146213085788413,"gem-associated protein 2-like, transcript variant X2","gonad"
"LOC115109448",1183.14053379699,0.803022060316375,0.227971981112298,3.52245945487841,0.000427562436849094,0.0125586349794591,"small EDRK-rich factor 2-like","gonad"
"LOC115116310",477.639074753578,0.802638228091251,0.279586263726434,2.87080708970956,0.00409425299972567,0.0470646805592055,"60S ribosomal protein L32","gonad"
"LOC115115068",181.179961303755,0.802375592789281,0.255900772407853,3.13549500159562,0.0017156435199713,0.0282148765838758,"transcription and mRNA export factor ENY2-2, transcript variant X2","gonad"
"LOC115105239",129.331052825868,0.802133227716075,0.227786632082844,3.5214236251772,0.000429236294745356,0.0125697002699946,"vesicle transport protein SEC20-like","gonad"
"LOC115142982",365.700282152112,0.802020539196659,0.241524518070458,3.32065889460834,0.000898052227453721,0.0193876768628416,"translocator protein-like, transcript variant X1","gonad"
"pfdn6",386.014138842056,0.801927943706691,0.251932511918268,3.1831062120591,0.0014570415590759,0.0254342056082181,"prefoldin subunit 6","gonad"
"LOC115141172",83.3813796033158,0.801648851104367,0.228924276543017,3.50180794806937,0.000462112592579421,0.0130343743245688,"myeloid cell surface antigen CD33-like, transcript variant X1","gonad"
"LOC115137195",365.373156250157,0.801193596260361,0.217616857920306,3.68167063855765,0.000231710626285958,0.00905679553802459,"probable signal peptidase complex subunit 2","gonad"
"LOC115125168",84.9683638392545,0.801027654584905,0.28221227623408,2.83838699461995,0.00453421716239334,0.0498435875094597,"U6 snRNA-associated Sm-like protein LSm5","gonad"
"LOC115120086",76.005555016374,0.800534036865674,0.222393133526132,3.59963468373725,0.000318664549869666,0.0106729870011963,"complement component 1 Q subcomponent-binding protein, mitochondrial-like","gonad"
"atp5pf",258.564816628925,0.800463899572313,0.239936727135303,3.33614577947011,0.000849486061766742,0.0188141006378804,"ATP synthase peripheral stalk subunit F6, transcript variant X2","gonad"
"LOC115101930",413.940985950586,0.800283925400937,0.211977850815917,3.77531861145205,0.000159803275035393,0.00749762792646944,"ragulator complex protein LAMTOR5-like","gonad"
"LOC115141087",136.707802255484,0.800071478005746,0.191240179336873,4.18359510422967,2.8693497047433e-05,0.00331821103435155,"ragulator complex protein LAMTOR2","gonad"
"tomm34",153.398352318417,0.799309363266384,0.204870189207744,3.90154061143499,9.55824216886516e-05,0.00588269304467511,"translocase of outer mitochondrial membrane 34","gonad"
"LOC115120072",90.7248810750588,0.798424913076435,0.215917842446781,3.69781813317826,0.000217460595690855,0.00883269479947018,"vesicle transport protein SEC20-like, transcript variant X1","gonad"
"LOC115145804",231.675012209243,0.79838281477573,0.227677468379185,3.50663954786278,0.000453803416192872,0.0128939825107947,"mRNA turnover protein 4 homolog","gonad"
"LOC115108234",230.629357110497,0.79725934303168,0.236297927961196,3.37395824800717,0.00074095605245214,0.0174269934452069,"protein FAM32A-like","gonad"
"LOC115145447",115.343094970515,0.795977364797447,0.248015012906498,3.20939186490912,0.0013301606991428,0.0241021932671025,"MICOS complex subunit MIC13-like","gonad"
"lg14h17orf97",102.74794871297,0.795912618010414,0.200537245660716,3.96890171393397,7.22046536414026e-05,0.00500361714318055,"linkage group 14 C17orf97 homolog","gonad"
"LOC115123537",164.41792907105,0.795873042299282,0.249186939971612,3.19387943200374,0.00140374730957534,0.0247681595263848,"NADH dehydrogenase [ubiquinone] 1 beta subcomplex subunit 4-like","gonad"
"LOC115112918",63.3178405298362,0.794945573282418,0.25692352009399,3.09409419967313,0.00197414794580096,0.0307398199862455,"PHD finger-like domain-containing protein 5A, transcript variant X1","gonad"
"LOC115142567",13.0679641267846,0.79401261723714,0.267231489382082,2.97125394568257,0.00296586426909471,0.0389186321972191,"integrin alpha-X-like","gonad"
"LOC115134062",49.3353069985802,0.793730297389036,0.211311496936524,3.75620971360336,0.000172506154232902,0.00780877889675854,"BH3-interacting domain death agonist-like, transcript variant X2","gonad"
"LOC115140317",13.624102311213,0.793589649688441,0.23574789213883,3.3662640309891,0.000761937402269854,0.0175778087364822,"UDP-N-acetylglucosamine/UDP-glucose/GDP-mannose transporter-like","gonad"
"LOC115129573",83.0139026659001,0.79323106835415,0.266886254092562,2.9721690652492,0.0029570380298667,0.0388480336253689,"glutathione S-transferase P-like","gonad"
"med31",266.406353494954,0.791686822225473,0.226218532498249,3.49965501713083,0.000465860642878062,0.0130343743245688,"mediator complex subunit 31","gonad"
"LOC115144042",99.11423551184,0.789748524657432,0.220911504373072,3.57495426459871,0.000350289124195946,0.0111765146759685,"ribonuclease P protein subunit p30-like","gonad"
"hint1",505.47222869706,0.789604837636713,0.21446272890327,3.68178117323524,0.000231610168218039,0.00905679553802459,"histidine triad nucleotide binding protein 1","gonad"
"hs1bp3",225.246680550713,0.789208976869142,0.204579546803014,3.85771202059147,0.000114453385277498,0.00648615570193903,"HCLS1 binding protein 3, transcript variant X2","gonad"
"mcts1",436.930554377664,0.788814685616575,0.257485464896706,3.06353092953429,0.00218741591959001,0.0324466694739184,"MCTS1 re-initiation and release factor","gonad"
"LOC115139178",210.973822544958,0.787756830114111,0.233960963065285,3.36704388541217,0.000759785963664237,0.0175728330653349,"SAYSvFN domain-containing protein 1-like","gonad"
"mpc2",377.130967868947,0.786998315152318,0.246689777922629,3.19023480332108,0.00142157243817856,0.0249613821930077,"mitochondrial pyruvate carrier 2","gonad"
"gtf2h3",59.461067877328,0.786962240388403,0.224870833825029,3.49961899016542,0.000465923603031788,0.0130343743245688,"general transcription factor IIH subunit 3","gonad"
"znhit2",620.797528321548,0.78651318963101,0.207159130154246,3.79666196245075,0.000146657557694961,0.00737411634382322,"zinc finger HIT-type containing 2, transcript variant X2","gonad"
"LOC115119474",176.733186194222,0.786026868676341,0.24085387913906,3.26350097198359,0.00110044806759255,0.0216893951726441,"neuferricin, transcript variant X1","gonad"
"nudt12",135.904692818414,0.785307475255035,0.188619713948477,4.16344325211705,3.13483964096054e-05,0.00345486080624845,"nudix hydrolase 12, transcript variant X2","gonad"
"mrpl58",53.3162102750301,0.785262581871352,0.242567191947333,3.23729922240206,0.00120666816227678,0.0229165974417335,"mitochondrial ribosomal protein L58","gonad"
"med10",173.178611757115,0.785038989412539,0.218529826127542,3.59236541447831,0.000327689904441033,0.0108656511844716,"mediator complex subunit 10","gonad"
"LOC115121873",109.795865723897,0.78453101897383,0.268404020692873,2.92294808754578,0.00346734319879392,0.0430595643757198,"sarcoplasmic/endoplasmic reticulum calcium ATPase 2-like, transcript variant X2","gonad"
"LOC115105886",159.441313788042,0.782766301192772,0.178473860927225,4.38588764273978,1.15513740116095e-05,0.00218255135740007,"FYN-binding protein 1-like, transcript variant X2","gonad"
"pno1",403.920307857109,0.782447316673985,0.231933504224186,3.3735846801921,0.000741962212664956,0.0174269934452069,"partner of NOB1 homolog","gonad"
"LOC115141371",113.298852427099,0.780595828265662,0.223014258176243,3.50020592696264,0.000464898869773168,0.0130343743245688,"myelin basic protein-like, transcript variant X4","gonad"
"cdpf1",64.129634557105,0.780085558388268,0.234738084700659,3.32321684989056,0.000889857104052624,0.0192565501563521,"cysteine rich DPF motif domain containing 1, transcript variant X2","gonad"
"LOC115103849",155.28173177387,0.778803016889711,0.213461338199294,3.64844998845925,0.000263827246258976,0.00962391618763769,"COMM domain-containing protein 1-like","gonad"
"naaa",306.478202081728,0.778076296883066,0.206946587855656,3.75979282840734,0.000170054123262,0.00775754437674592,"N-acylethanolamine acid amidase","gonad"
"LOC115129593",254.870710243167,0.77807029261734,0.231941843506554,3.35459217213367,0.000794820689920992,0.0180384555577569,"ubiquitin-conjugating enzyme E2 A","gonad"
"LOC115113500",19911.6882513168,0.77702345751178,0.268727618941637,2.89149087307076,0.00383418729211837,0.0453212919763679,"synaptotagmin-13-like, transcript variant X2","gonad"
"LOC115139937",33.0410058269475,0.776726248912042,0.215276698365626,3.60803679547728,0.000308522742334727,0.0105094538645953,"phospholipase A2-like, transcript variant X4","gonad"
"LOC115101340",212.335036626413,0.776025923304119,0.21889719235399,3.54516161198253,0.000392372431402107,0.0119128994390245,"ubiquinol-cytochrome-c reductase complex assembly factor 3","gonad"
"ndufa7",290.019257790204,0.775375554390458,0.221769526290098,3.4963124436501,0.000471735989639352,0.0131362555642517,"NADH:ubiquinone oxidoreductase subunit A7","gonad"
"LOC115114749",344.874117220019,0.775314309770484,0.206196028575595,3.76008362103949,0.000169856570311024,0.00775754437674592,"cytochrome b-c1 complex subunit 10","gonad"
"LOC115106434",52.4731830405201,0.77511331894725,0.252187345930059,3.07356150677845,0.00211520080171432,0.0317122921188483,"uncharacterized LOC115106434, transcript variant X2","gonad"
"LOC115108063",72.1072666009884,0.774923914289904,0.222540814927649,3.48216534814902,0.000497376471211494,0.0135920554227591,"39S ribosomal protein L47, mitochondrial-like","gonad"
"rbp4",9470.12515236592,0.774642564551382,0.252353974765285,3.06966658746659,0.0021429785643112,0.0319178989447368,"retinol binding protein 4","gonad"
"LOC115138938",1325.61061647725,0.774340590023381,0.251448732434754,3.07951677674218,0.00207336692639522,0.0313700415963597,"60S ribosomal protein L22-like","gonad"
"LOC115114597",365.830700467104,0.773518413512333,0.207020334309305,3.73643688719309,0.000186646268063712,0.00815182347611437,"guanine nucleotide-binding protein G(I)/G(S)/G(O) subunit gamma-5-like","gonad"
"LOC115110327",294.210694757643,0.77283805786133,0.239729663969809,3.22378985171672,0.00126506199314636,0.0236058227621431,"ubiquitin domain-containing protein UBFD1-like, transcript variant X3","gonad"
"LOC115141178",58.3709065709929,0.772832092453799,0.225543177094476,3.42653722630711,0.000611329959156246,0.0154802046561239,"HIG1 domain family member 1A, mitochondrial-like","gonad"
"LOC115123406",157.144388771217,0.771378744034035,0.259918756471197,2.96776867705395,0.0029996998957929,0.0390973089074056,"14 kDa phosphohistidine phosphatase-like","gonad"
"slc52a2",54.385649148014,0.771374948956945,0.203282187916667,3.79460176448494,0.000147880619943873,0.00739647530496131,"solute carrier family 52 member 2, transcript variant X2","gonad"
"LOC115125783",41.5007718895431,0.771271436620782,0.208660802491404,3.69629287059103,0.00021877058902125,0.00884693467819137,"ubiquitin-conjugating enzyme E2 D3-like, transcript variant X1","gonad"
"LOC115141855",58.1610106290739,0.770238152577297,0.209654358889252,3.67384754916623,0.000238925317767612,0.00913248014608162,"protein turtle homolog B-like, transcript variant X2","gonad"
"meig1",81.2623592758142,0.770113776544955,0.225564440684906,3.41416304008989,0.000639782777326539,0.0158254715328892,"meiosis/spermiogenesis associated 1","gonad"
"LOC115119303",1905.19960023018,0.769307099823548,0.213571858149452,3.60209957664557,0.000315657398407375,0.0106327935537742,"macrophage colony-stimulating factor 1 receptor 1-like","gonad"
"LOC115115072",579.159271480737,0.76880632767027,0.255702757128358,3.00664074296369,0.00264151740928807,0.0365265727974365,"signal peptidase complex subunit 3","gonad"
"LOC115137289",138.390924712664,0.766302650210621,0.224248767528379,3.41719893784319,0.000632690284371606,0.0157357874014396,"transmembrane protein 134-like, transcript variant X1","gonad"
"LOC115102157",62.4471400534524,0.766152678390353,0.246859439739838,3.10359887066823,0.00191182343717693,0.0301835359351168,"NADH dehydrogenase [ubiquinone] 1 alpha subcomplex subunit 4-like 2","gonad"
"LOC115145202",1800.21866434021,0.765668757770179,0.244843389809365,3.12717757406614,0.00176493291018613,0.028754066215286,"proteasome subunit alpha type-7-like","gonad"
"LOC115137525",191.292241458462,0.765256163103523,0.212230822132186,3.60577297592944,0.000311225137601955,0.010570544812063,"catenin alpha-2-like","gonad"
"ppil3",38.4771274305947,0.762913036287704,0.242373339086927,3.14767721219571,0.00164573315803835,0.0273763209778132,"peptidylprolyl isomerase like 3, transcript variant X1","gonad"
"LOC115104186",231.544115481312,0.761846563044097,0.232977658539075,3.27004128988754,0.00107531787219489,0.021549085306369,"ubiquitin domain-containing protein UBFD1-like, transcript variant X1","gonad"
"LOC115107587",36.4363371721452,0.761501746403871,0.220969155546624,3.44619023646129,0.000568549966526381,0.0146213085788413,"ezrin-like, transcript variant X1","gonad"
"LOC115147174",202.000364428684,0.761428887585153,0.210555018735953,3.61629417411334,0.000298850737726685,0.0103154638672352,"tubulin-specific chaperone A-like, transcript variant X2","gonad"
"btf3",1433.49408794571,0.760890934407055,0.232070077264851,3.2787119450074,0.00104282022762122,0.0211075184533901,"basic transcription factor 3, transcript variant X1","gonad"
"LOC115131311",1349.14136362968,0.760560757367594,0.250282308675229,3.0388114980772,0.00237513417976975,0.0341108992905901,"26S proteasome complex subunit SEM1-like","gonad"
"LOC115107006",279.700915213813,0.759866958703304,0.217420955757029,3.49491131642557,0.000474219295570332,0.013185184579441,"calphotin-like","gonad"
"LOC115106857",300.34524438953,0.759409109893188,0.247228578786982,3.07168820699937,0.00212851931266722,0.031801660520743,"cysteine-rich with EGF-like domain protein 2, transcript variant X1","gonad"
"LOC115119004",1570.76050099733,0.75870947967741,0.262713663982948,2.88797114004187,0.00387735446062929,0.0455940722714931,"60S ribosomal protein L35","gonad"
"LOC115136198",212.076328685338,0.758542307213708,0.258052913168312,2.9394836039652,0.00328759664442031,0.0415956665874524,"prolyl 4-hydroxylase subunit alpha-2-like, transcript variant X2","gonad"
"LOC115144855",36.3645597220907,0.756359000421284,0.162993512312851,4.6404239634368,3.47695096023e-06,0.00153069213597835,"zinc finger and SCAN domain-containing protein 21-like, transcript variant X1","gonad"
"LOC115123845",342.031152308674,0.755187134677364,0.2352274490782,3.21045497724335,0.00132525027191276,0.0241021932671025,"histone deacetylase complex subunit SAP18-like","gonad"
"LOC115146864",45.8344280301131,0.754315014398723,0.211440804617699,3.56749973479613,0.000360403743911961,0.0113013650681616,"arachidonate 5-lipoxygenase-activating protein-like, transcript variant X1","gonad"
"LOC115114914",3788.56878937239,0.754026406926845,0.253248749225043,2.97741414018514,0.00290691052218196,0.038467833411615,"60S ribosomal protein L24-like","gonad"
"LOC115114472",24.533765306733,0.752851425365765,0.211774253406985,3.55497145311119,0.000378020129565793,0.0116635787335891,"cytochrome c oxidase assembly factor 1 homolog","gonad"
"LOC115113567",540.309477878357,0.752395327156426,0.209665802162811,3.5885457685282,0.000332527622881365,0.0109571170980655,"cytosolic iron-sulfur assembly component 2B-like","gonad"
"ska2",110.384531920403,0.750862970682845,0.223655909575201,3.35722392539947,0.000787293229397572,0.0179497325257739,"spindle and kinetochore associated complex subunit 2","gonad"
"LOC115129435",62.7991457875518,0.750201678825875,0.230847577306524,3.249770639047,0.00115498120056007,0.0222373686928617,"coiled-coil domain-containing protein 85B-like","gonad"
"LOC115108382",485.133554825981,0.750095504476113,0.233669248701152,3.2100736774116,0.00132700953708074,0.0241021932671025,"uncharacterized protein C7orf57 homolog, transcript variant X1","gonad"
"LOC115136202",132.836233708337,0.749621348030769,0.195183909869255,3.84058987512294,0.000122739024956439,0.00673247654715742,"serine/threonine-protein kinase 10-like","gonad"
"LOC115132503",1485.56196628864,0.747524683553223,0.227318558269784,3.28844547160137,0.00100742297351106,0.0208323137893699,"myosin light polypeptide 6-like","gonad"
"polr2h",82.6712592868521,0.747227138292186,0.248001026725527,3.01300018051607,0.00258678763730853,0.036099705106052,"RNA polymerase II subunit H","gonad"
"pigp",276.52999897714,0.744761491235836,0.233862344051835,3.18461483936363,0.00144946786424694,0.0253287185209505,"phosphatidylinositol glycan anchor biosynthesis class P","gonad"
"tmem216",51.5715678984777,0.744655831057962,0.191911156614558,3.88021126126376,0.000104365774569028,0.0061887265614353,"transmembrane protein 216","gonad"
"LOC115112431",153.562558419772,0.742782934758596,0.194168841156753,3.82544866794021,0.000130534132694708,0.0070325748166324,"DNA-directed RNA polymerases I, II, and III subunit RPABC5, transcript variant X1","gonad"
"LOC115130482",50.6600732875079,0.742185852748713,0.198674443896978,3.73568858777615,0.000187202221769251,0.00815182347611437,"mitogen-activated protein kinase kinase kinase kinase 4-like","gonad"
"marco",666.047948128335,0.741740388715557,0.209468074941714,3.54106652730709,0.000398513082256558,0.0120590058690835,"macrophage receptor with collagenous structure","gonad"
"LOC115143164",303.708030681256,0.739486769739401,0.220293375227302,3.356827090131,0.000788424023168798,0.0179497325257739,"peptidyl-prolyl cis-trans isomerase FKBP11-like","gonad"
"LOC115136166",79.1966260506069,0.73914066243651,0.229665689330247,3.21833298039423,0.00128938038287428,0.0238633947313613,"T-cell immunoglobulin and mucin domain-containing protein 4-like, transcript variant X2","gonad"
"LOC115146393",806.925970843833,0.738581426047381,0.221834531875586,3.32942495382824,0.000870255130699373,0.0190595321507573,"DNA-binding protein inhibitor ID-2-like","gonad"
"LOC115133392",31.7472976734682,0.738081504672317,0.209484591223774,3.52332121594513,0.000426174513147925,0.0125407203577208,"uncharacterized LOC115133392","gonad"
"LOC115130765",228.556864323333,0.736773056066836,0.209498638067761,3.51683935925412,0.000436717999347628,0.0127376184825847,"protocadherin-12-like","gonad"
"LOC115121326",368.997496818893,0.735703950146714,0.20268030318531,3.6298739373508,0.0002835596714803,0.0100758496288854,"splicing factor 3B subunit 6","gonad"
"LOC115142412",3465.95955880831,0.735293481234867,0.251036129616754,2.92903448741585,0.00340016694339546,0.0424868761350916,"40S ribosomal protein S15a","gonad"
"znrd1",89.2789683354215,0.734325893341958,0.192198040869561,3.82067314536428,0.000133087933916486,0.00710689567114037,"zinc ribbon domain containing 1","gonad"
"atp6v0b",668.510503869346,0.734245276721894,0.183542218189376,4.00041627460506,6.32311561320771e-05,0.00474234325361969,"ATPase H+ transporting V0 subunit b, transcript variant X1","gonad"
"lg24h1orf131",58.7949316664895,0.734086421293527,0.229203548005088,3.20277075849294,0.00136112282389007,0.0244971819826295,"linkage group 24 C1orf131 homolog, transcript variant X2","gonad"
"LOC115122704",297.874384822385,0.733925502561178,0.22146247758392,3.31399481559158,0.000919732125399375,0.0196454781985307,"small nuclear ribonucleoprotein G","gonad"
"LOC115114130",117.60509273899,0.733592265958204,0.256152031610287,2.8638939982108,0.00418468025048019,0.0475153562399739,"beta-1,3-galactosyltransferase 2-like, transcript variant X1","gonad"
"LOC115143420",990.450572826454,0.733244846692814,0.23787359596875,3.08249784389328,0.00205271217491809,0.0313213834236536,"prothymosin alpha-like, transcript variant X1","gonad"
"LOC115142103",342.58247203103,0.732725543405617,0.222755136248185,3.28937664803941,0.0010040955782428,0.0208098635099023,"tetranectin-like","gonad"
"LOC115128691",362.14690096755,0.731991882181331,0.247575729898546,2.95663828793434,0.0031101273130641,0.0400237516885935,"cytochrome c oxidase copper chaperone-like, transcript variant X2","gonad"
"LOC115110456",245.910295206374,0.73179365852343,0.182206838613331,4.01627987232905,5.91240371794093e-05,0.00458741888474084,"transmembrane protein 205-like, transcript variant X2","gonad"
"LOC115102776",759.8021211315,0.731136799333266,0.205923460806946,3.55052696020251,0.000384460756017165,0.0117711121184615,"NEDD8-like","gonad"
"LOC115104171",15.0229074174909,0.730741862508351,0.252570936891115,2.89321436386555,0.0038132094914165,0.0452500859648091,"transmembrane protein 184B-like, transcript variant X2","gonad"
"dnajc12",167.425235292149,0.730541001407374,0.189523100434532,3.85462774581259,0.000115905851405688,0.00649502048802988,"DnaJ heat shock protein family (Hsp40) member C12, transcript variant X1","gonad"
"lg9ah12orf73",102.486728211932,0.730273757441073,0.235689871842183,3.09845201125172,0.00194534472688165,0.030474223428397,"linkage group 9a C12orf73 homolog","gonad"
"prxl2c",54.7988029606785,0.729885347002894,0.22850978461042,3.19410982005543,0.00140262748404057,0.0247681595263848,"peroxiredoxin like 2C","gonad"
"LOC115110282",85.3326806669088,0.729884666893116,0.229938993924537,3.17425354628043,0.00150222403897138,0.025824802244446,"uncharacterized LOC115110282, transcript variant X2","gonad"
"LOC115143303",470.815245234047,0.72880401076911,0.203278992415581,3.58524017710178,0.000336768135386396,0.0109970544353874,"signal peptidase complex subunit 1-like","gonad"
"LOC115138665",258.895975046449,0.728393461087835,0.200065369491199,3.64077732663213,0.000271816148017727,0.00983086450878456,"gem-associated protein 2-like","gonad"
"mettl5",73.3631620191036,0.728152870304477,0.215424987493979,3.38007618695965,0.000724657394406625,0.0172210466660297,"methyltransferase like 5","gonad"
"LOC115106549",94.5527275892161,0.72813089131787,0.235541866221249,3.09130135970784,0.00199281268087323,0.0308657005969608,"phosphorylase b kinase gamma catalytic chain, liver/testis isoform-like, transcript variant X3","gonad"
"LOC115129347",48.0419400847096,0.727735124474195,0.247155095742009,2.94444717916654,0.00323532166299965,0.0410772728065886,"putative pregnancy-specific beta-1-glycoprotein 7, transcript variant X3","gonad"
"me2",273.063942560627,0.725708085779851,0.194958953627455,3.7223634630631,0.000197366639701289,0.00835761048150494,"malic enzyme 2","gonad"
"ap4s1",141.268771558796,0.724817983300627,0.207663110126877,3.49035504119043,0.00048237922733946,0.0133711103077485,"adaptor related protein complex 4 subunit sigma 1","gonad"
"LOC115102245",155.152615598662,0.723402726725564,0.224321186843514,3.22485243995347,0.00126037613715766,0.0235887547986214,"pre-mRNA-splicing factor SPF27","gonad"
"LOC115128593",64.6489720467403,0.722984592912444,0.182127833243547,3.96965461037274,7.19768902353582e-05,0.00500361714318055,"terminal nucleotidyltransferase 4A-like, transcript variant X3","gonad"
"LOC115131384",80.956769876049,0.722738132638623,0.202192123807621,3.57451180109412,0.000350881987513884,0.0111765146759685,"unconventional myosin-Ig-like, transcript variant X2","gonad"
"LOC115138705",1935.11347638737,0.722582651870326,0.242671033792528,2.97762217672876,0.00290493839011644,0.038467833411615,"proteasome subunit alpha type-3","gonad"
"lmtk2",28.788863867532,0.722492245861014,0.206236138151781,3.50322815552961,0.000459655567056333,0.013019510882176,"lemur tyrosine kinase 2","gonad"
"acp1",176.468767891195,0.722159117065463,0.227238856815307,3.177973728553,0.00148308188508381,0.0257180847235737,"acid phosphatase 1, transcript variant X1","gonad"
"LOC115126144",134.963070526943,0.722049999234828,0.250665762564525,2.88052900343325,0.00397008423060892,0.0462056726223946,"enhancer of rudimentary homolog","gonad"
"commd4",201.9519543578,0.721936315455845,0.191448375012767,3.77091900313964,0.000162647462290275,0.00757186493677497,"COMM domain containing 4, transcript variant X2","gonad"
"ndufc1",617.319977582854,0.721237244891432,0.204452895775325,3.52764504584961,0.000419273979577674,0.0124262185623649,"NADH:ubiquinone oxidoreductase subunit C1","gonad"
"LOC115143193",54.4477563110853,0.721234037417201,0.155047633500191,4.65169329666881,3.29220477705758e-06,0.00153069213597835,"RNA-binding protein 15-like","gonad"
"LOC115134145",27.4959208156278,0.719882882947675,0.242451350869764,2.9691848709656,0.00298590897683012,0.0390738907925679,"zinc finger and SCAN domain-containing protein 2-like","gonad"
"lypd6",27.5823261441289,0.719844719420899,0.236235906740086,3.047143549659,0.00231027351000006,0.0335831271797927,"LY6/PLAUR domain containing 6","gonad"
"LOC115102538",113.554979025916,0.719547529095379,0.213244807298411,3.37427925308614,0.000740092476160889,0.0174269934452069,"homeobox protein Hox-C3a-like, transcript variant X4","gonad"
"LOC115139912",50.3131876750984,0.719506471308966,0.229674748169195,3.13271910405634,0.00173195105678543,0.0284119823328264,"breakpoint cluster region protein-like, transcript variant X2","gonad"
"mrps17",141.564069875145,0.718895376390107,0.237819546848903,3.02286076109149,0.00250397425595197,0.0355004688286836,"mitochondrial ribosomal protein S17, transcript variant X1","gonad"
"LOC115103537",138.891987978018,0.718593370563373,0.228946633811105,3.13869375846014,0.00169702699965416,0.0279646378278676,"small ubiquitin-related modifier 2","gonad"
"LOC115123534",1162.69391395843,0.716684372040013,0.251211773418447,2.85290917016943,0.00433210018635405,0.0485516117181754,"proteasome maturation protein-like","gonad"
"LOC115122307",3306.03276441652,0.715291489301188,0.247153320151601,2.89412049517456,0.00380222221920158,0.0451787608716125,"40S ribosomal protein S15a","gonad"
"LOC115101699",76.868388931373,0.714971166605048,0.211725266956894,3.37688163950036,0.000733125898735312,0.0173768065501806,"uncharacterized LOC115101699, transcript variant X1","gonad"
"LOC115110805",50.3698277850629,0.714705646872632,0.245603914532613,2.90999289743702,0.00361436969790465,0.0439044045778176,"solute carrier family 35 member B1-like","gonad"
"rdm1",31.5735347633708,0.714299268709668,0.245889262341751,2.90496324201784,0.00367296232647371,0.0442804143422687,"RAD52 motif containing 1","gonad"
"LOC115105916",83.1974431126968,0.713966527423674,0.217335981955857,3.28508202368758,0.00101952686719955,0.0209395133494062,"density-regulated protein-like, transcript variant X3","gonad"
"mmab",99.6984132118718,0.713849306192513,0.231909273832322,3.07814040549602,0.00208296749525544,0.031462860103043,"metabolism of cobalamin associated B","gonad"
"zcrb1",114.629350483599,0.713430886486189,0.237690284723638,3.00151471195255,0.0026864005793652,0.0368943183955784,"zinc finger CCHC-type and RNA binding motif containing 1","gonad"
"LOC115124500",37.0729111806585,0.71337893680889,0.22455835413261,3.17680871666708,0.00148905213172174,0.0257723837021353,"sialoadhesin-like","gonad"
"LOC115102191",23.998542130997,0.713265578052567,0.202851450579886,3.51619658628801,0.000437776709249442,0.0127376184825847,"protein bassoon-like, transcript variant X1","gonad"
"LOC115107676",35.803985039152,0.713089258165956,0.188366641022619,3.78564513490651,0.000153310324430932,0.00748838391380655,"monocarboxylate transporter 10-like, transcript variant X1","gonad"
"rpl22l1",498.866126385632,0.712327448623835,0.233350162149269,3.05261175763904,0.00226859238567601,0.0332519456583308,"ribosomal protein L22 like 1","gonad"
"LOC115141948",88.3132562165307,0.711805418055038,0.219327588808957,3.2453984558917,0.00117286385640843,0.0224666468253504,"SAM domain-containing protein SAMSN-1-like, transcript variant X1","gonad"
"LOC115103907",82.0794768440562,0.711361266000252,0.202727105394086,3.50895981382175,0.000449862871430526,0.0128779668430222,"tumor necrosis factor alpha-induced protein 8-like protein 2, transcript variant X7","gonad"
"LOC115141387",95.575210423339,0.711346458692062,0.174430358819987,4.07811153691529,4.54029853180149e-05,0.00405644010041728,"receptor-binding cancer antigen expressed on SiSo cells-like","gonad"
"pnkd",72.7819719994597,0.708352996440693,0.167852450535914,4.22009326750421,2.44201267642119e-05,0.00303679329815775,"PNKD metallo-beta-lactamase domain containing","gonad"
"LOC115135106",43.6142618522253,0.707485690503333,0.240836541503861,2.93761771401284,0.00330744583385389,0.041759378692247,"pleckstrin-like","gonad"
"LOC115141885",454.540664828663,0.707016618737974,0.190028271995262,3.72058647544614,0.000198760667458664,0.00835761048150494,"high mobility group nucleosome-binding domain-containing protein 3-like","gonad"
"dusp23",81.6701516909503,0.706709339280414,0.188774222342143,3.74367501299803,0.000181348183620838,0.00803062834590226,"dual specificity phosphatase 23","gonad"
"LOC115143992",53.1864555308774,0.706325817024183,0.247709376462616,2.8514294739698,0.00435231400481098,0.0486621399706661,"cytochrome c oxidase assembly protein COX19","gonad"
"LOC115111267",633.415857582816,0.705490096829193,0.226440121267943,3.11557021290586,0.00183589636296009,0.0293937692821018,"transmembrane emp24 domain-containing protein 7-like","gonad"
"LOC115131673",419.850588424692,0.705481995023613,0.199486171294807,3.53649574025375,0.000405473040066345,0.0122024842556778,"NADH dehydrogenase [ubiquinone] iron-sulfur protein 5-like","gonad"
"LOC115104268",658.663350933957,0.704629322735186,0.192801939669889,3.65467963621963,0.000257503316115588,0.00952185378288109,"RING-box protein 1","gonad"
"LOC115142187",143.936131509649,0.704152356086341,0.235298057736465,2.99259740118636,0.00276614384448182,0.037491005888381,"small nuclear ribonucleoprotein Sm D2-like","gonad"
"LOC115121194",217.879672674046,0.702868365202196,0.225251865408692,3.12036645701881,0.00180626177615596,0.0291292593466683,"anaphase-promoting complex subunit CDC26-like, transcript variant X1","gonad"
"LOC115128961",29.8301445905075,0.702058484029323,0.24097627530637,2.91339254512399,0.00357524859331652,0.0437567522040874,"nucleoredoxin-like protein 2","gonad"
"LOC115104365",154.484257352886,0.701914734548426,0.181315751924414,3.87122865552816,0.000108288154040963,0.00626140039734944,"guanine nucleotide-binding protein G(I)/G(S)/G(O) subunit gamma-5-like","gonad"
"LOC115128587",601.261008252251,0.701789319098061,0.204994743619792,3.4234503124611,0.000618315545015911,0.0155462162527157,"NADH dehydrogenase [ubiquinone] iron-sulfur protein 6, mitochondrial-like","gonad"
"LOC115144063",79.2337717358898,0.701762276397086,0.149583688087217,4.69143584685458,2.71294341758794e-06,0.00140732001970648,"inositol polyphosphate multikinase-like, transcript variant X1","gonad"
"LOC115111015",677.715952300284,0.700110323269492,0.235504748675171,2.97280767036738,0.00295089295130821,0.0388234872637333,"cytochrome c oxidase subunit 6A, mitochondrial-like","gonad"
"LOC115102480",47.7853862803868,0.69968276907819,0.232476607143026,3.00969107247735,0.00261513531311769,0.0363277710366984,"pleckstrin homology domain-containing family G member 5-like, transcript variant X4","gonad"
"LOC115128180",185.032890746929,0.698965911098633,0.208674974139849,3.34954353764626,0.000809448333786566,0.0182077914698381,"density-regulated protein-like, transcript variant X4","gonad"
"LOC115113712",9815.36617351143,0.697908409881635,0.226515509067735,3.08106236413569,0.00206263442253921,0.0313262510720951,"ferritin, heavy subunit-like","gonad"
"LOC115135299",119.396703472744,0.697477114249871,0.209643153410129,3.32697301535711,0.000877948748549185,0.0190897328682127,"protein FAM204A-like","gonad"
"tmco1",218.409512122959,0.697432434795723,0.213888572296242,3.26072789821496,0.00111126624800609,0.0217181377812687,"transmembrane and coiled-coil domains 1","gonad"
"LOC115114467",191.387048848185,0.696746331137975,0.211644910181105,3.29205332904896,0.000994587498937795,0.0206846857167407,"C-C chemokine receptor type 8-like","gonad"
"LOC115143141",220.191206152719,0.696479458705182,0.155341545606177,4.48353630052647,7.34161066272217e-06,0.00203520483124677,"guanine nucleotide-binding protein G(i) subunit alpha-2-like","gonad"
"lzic",46.3441324651086,0.695435574249156,0.2243899484896,3.09922783498204,0.00194025751573904,0.0304471179392895,"leucine zipper and CTNNBIP1 domain containing, transcript variant X3","gonad"
"LOC115134118",191.247084301346,0.694795180108231,0.18283206985186,3.80018221459282,0.000144589730696332,0.00733593210398973,"class E basic helix-loop-helix protein 41-like, transcript variant X2","gonad"
"LOC115137560",14.525614323646,0.694438477593919,0.181840191721243,3.81894932589203,0.000134021287778667,0.00712122164227235,"gastrula zinc finger protein XlCGF71.1-like","gonad"
"LOC115105479",128.70360466706,0.694414675931448,0.215332749350032,3.22484470210636,0.00126041020191262,0.0235887547986214,"spindle and kinetochore-associated protein 2","gonad"
"ddx49",116.427202757873,0.692485675027001,0.207384116249643,3.33914519371102,0.00084036627843067,0.0186752633429464,"DEAD-box helicase 49","gonad"
"LOC115122703",139.097348309099,0.692402188613202,0.240715651303949,2.87643194309336,0.00402198916345211,0.0464909052797379,"pyridoxal phosphate homeostasis protein-like, transcript variant X1","gonad"
"LOC115145189",34.197895350337,0.692118112913922,0.182260767799865,3.79740588865464,0.000146218261995494,0.00737411634382322,"growth arrest and DNA damage-inducible protein GADD45 alpha-like","gonad"
"LOC115139674",726.774519868615,0.690403762868677,0.224362778209482,3.07717602883337,0.00208971856431812,0.031510734131549,"ADP-ribosylation factor-like protein 6-interacting protein 4","gonad"
"LOC115143093",118.808330632224,0.68989584717486,0.225736534924483,3.05619933169283,0.00224162176904155,0.0330348091223363,"coatomer subunit zeta-1","gonad"
"LOC115133189",451.954536080717,0.68972246896742,0.225650728790267,3.056593136947,0.0022386791905379,0.0330182448281122,"short transmembrane mitochondrial protein 1","gonad"
"LOC115136671",157.329369828374,0.688695351017855,0.194855338818516,3.53439302814941,0.000408712836626187,0.0122250251429737,"small nuclear ribonucleoprotein Sm D2","gonad"
"LOC115146573",59.3331697054982,0.687704644047393,0.180784334329807,3.80400573200555,0.000142374883047555,0.00728157289186311,"transmembrane protein 134-like","gonad"
"LOC115138225",753.200000520577,0.687366116526012,0.222112074755849,3.094681445309,0.00197024381971503,0.0307053620521425,"oligosaccharyltransferase complex subunit ostc-like","gonad"
"LOC115140116",329.06281339531,0.687136997183932,0.184912767117668,3.71600624388838,0.00020239658240334,0.00841978534267684,"ER membrane protein complex subunit 3","gonad"
"LOC115105741",89.6219156976979,0.686781695911714,0.184962987381321,3.71307635995217,0.000204755075205802,0.0084681848415411,"protein YIPF6-like","gonad"
"LOC115130323",1116.32980692107,0.685402958633455,0.200444598886201,3.41941345609706,0.000627562916875827,0.0156511432950515,"MOB-like protein phocein, transcript variant X5","gonad"
"LOC115111788",118.416020454865,0.68518915121737,0.214268591116601,3.19780490293373,0.00138477932399876,0.02466582139651,"caspase-3-like","gonad"
"LOC115130164",63.1211391475438,0.684918823342527,0.168072797369658,4.07513193129119,4.59882671834126e-05,0.0040729901413758,"neutrophil cytosol factor 2-like, transcript variant X2","gonad"
"LOC115131667",482.887744737117,0.683544518984166,0.200610681681438,3.40731865948,0.000656044858274584,0.0161693783552382,"zinc finger protein 706-like, transcript variant X1","gonad"
"psmg1",138.621314019358,0.683499132004965,0.230947389227179,2.95954474433403,0.00308093957906656,0.0397669437299898,"proteasome assembly chaperone 1, transcript variant X2","gonad"
"ociad1",236.008883782551,0.683389402813799,0.210746266716316,3.24271178541779,0.00118397915779929,0.0225593657587237,"OCIA domain containing 1, transcript variant X2","gonad"
"trappc4",103.263927223844,0.682823687964191,0.155964916003833,4.3780595371039,1.19740643928655e-05,0.00218255135740007,"trafficking protein particle complex 4","gonad"
"LOC115144421",440.004920306092,0.682231304333559,0.234243001319608,2.91249386530316,0.00358555243352489,0.0438379057125104,"mitochondrial pyruvate carrier 1-like","gonad"
"LOC115135898",35.3830075029077,0.681962594042925,0.194743195132155,3.50185583419302,0.000462029548096856,0.0130343743245688,"zinc finger and BTB domain-containing protein 21-like","gonad"
"LOC115105718",273.727829026409,0.68131666238617,0.199248545584428,3.41943104471733,0.000627522348380826,0.0156511432950515,"charged multivesicular body protein 1b-like","gonad"
"lg27h12orf49",31.6008303918863,0.681211619828528,0.209923526330493,3.24504657356061,0.00117431415715232,0.0224666468253504,"linkage group 27 C12orf49 homolog","gonad"
"utp11",123.73261633573,0.679641026812079,0.2211679426587,3.07296355268305,0.00211944372069961,0.031749686627906,"UTP11 small subunit processome component","gonad"
"LOC115133712",30.0928768735072,0.679608850771815,0.225591539717588,3.01256355456681,0.00259051186052668,0.0361239119352706,"pseudouridine-5'-phosphatase-like","gonad"
"commd1",79.9831023993373,0.677389418342286,0.21949555306482,3.08611909846868,0.00202787578933236,0.031181665077949,"copper metabolism domain containing 1, transcript variant X1","gonad"
"LOC115101612",93.0417972184648,0.677345289015798,0.211520537645049,3.20226724344114,0.00136350439017803,0.0244971819826295,"dolichol-phosphate mannosyltransferase subunit 1-like, transcript variant X2","gonad"
"LOC115144348",246.404214921749,0.676732229405323,0.210563451244087,3.21391117692523,0.001309401720044,0.0239169996268802,"translation machinery-associated protein 7-like","gonad"
"ppie",71.3729138827749,0.676499205876107,0.22683365676447,2.98235815410118,0.00286037161103704,0.0381402586135447,"peptidylprolyl isomerase E","gonad"
"LOC115131889",70.8237652548134,0.676416756422666,0.207372233703961,3.26184824429437,0.00110688382343848,0.0216956733049279,"dual specificity protein phosphatase 7-like","gonad"
"LOC115115108",221.200908845259,0.676291471742585,0.210231667857678,3.21688677369205,0.00129589730463642,0.0239092064159742,"thiosulfate sulfurtransferase/rhodanese-like domain-containing protein 3","gonad"
"LOC115103264",102.728863659586,0.674797991249855,0.224520624372777,3.0055055883395,0.00265139723917428,0.0365796111507965,"DET1- and DDB1-associated protein 1-like","gonad"
"LOC115128329",283.179038899983,0.673763146238824,0.211127360195546,3.19126401057061,0.00141651776959693,0.0249208300627924,"NADH dehydrogenase [ubiquinone] iron-sulfur protein 5-like, transcript variant X1","gonad"
"LOC115131303",499.936091045872,0.673018055199758,0.22789760345983,2.95315986207107,0.00314539028309306,0.0402734174752028,"cytochrome b-c1 complex subunit 7-like","gonad"
"LOC115108186",149.329842569566,0.672652702651448,0.199002734230982,3.38011789260494,0.000724547439270824,0.0172210466660297,"solute carrier family 35 member E1-like","gonad"
"LOC115106928",371.852098921355,0.671683350937612,0.198028618966103,3.39184989747662,0.000694224604881324,0.0167166338544102,"aldo-keto reductase family 1 member B1-like","gonad"
"LOC115130843",40.5067320457091,0.67150257568921,0.173388905032461,3.87281167479253,0.000107586960082511,0.00626140039734944,"SAM and SH3 domain-containing protein 3-like","gonad"
"LOC115121568",858.881019527912,0.671145163385203,0.208405000526857,3.22038896230186,0.00128016774160896,0.0237412926625662,"V-type proton ATPase subunit e 1-like","gonad"
"LOC115138930",868.720210953482,0.670653309000232,0.187322239226967,3.58021189458259,0.000343315692037129,0.0110702363010125,"ATPase inhibitor B, mitochondrial-like, transcript variant X2","gonad"
"LOC115112360",109.429487071276,0.66984342284018,0.190709586913037,3.51237414795317,0.000444122289468096,0.0127870306457385,"cytochrome b-245 light chain-like","gonad"
"LOC115129342",83.1938964079144,0.669172020471244,0.139310588817051,4.8034541103694,1.55951643713504e-06,0.00104868816417125,"SLAM family member 7-like, transcript variant X1","gonad"
"LOC115122809",346.092967747344,0.668799664508528,0.20370448454584,3.28318576785198,0.00102641003511567,0.020992161884297,"coatomer subunit zeta-1-like, transcript variant X3","gonad"
"LOC115132376",15.9246808488947,0.668291086776259,0.231385978140476,2.88820909610406,0.00387442223292251,0.0455891186396248,"solute carrier family 52, riboflavin transporter, member 3-A-like, transcript variant X1","gonad"
"LOC115126869",91.8927311892154,0.668041253523691,0.149183912876874,4.47797112061973,7.53557925076835e-06,0.00203520483124677,"extensin-like","gonad"
"LOC115117696",212.916986408852,0.667407468245759,0.200538653625277,3.32807394574845,0.000874486515361559,0.0190897328682127,"splicing factor U2AF 35 kDa subunit-like","gonad"
"atg12",256.207857556005,0.667052421527871,0.21117808045433,3.15871997743691,0.00158463668391524,0.0266747581851974,"autophagy related 12","gonad"
"LOC115124141",27.1212771831125,0.666927515740366,0.228121340601504,2.92356477470206,0.00346048217589592,0.0430037743912158,"rho-related GTP-binding protein RhoG-like","gonad"
"LOC115143686",38.2853358266324,0.666731348603046,0.202785456646278,3.28786570609961,0.00100949981642544,0.020851511566576,"guanine nucleotide exchange factor MSS4-like","gonad"
"LOC115135747",23.1646835998368,0.666473135809208,0.223700844064059,2.97930541387835,0.00288902659954596,0.0383626498917444,"adrenodoxin-like","gonad"
"LOC115113513",103.111134939692,0.666363796473495,0.199908606869022,3.33334220527128,0.000858093300791223,0.0188842932959581,"trafficking protein particle complex subunit 2, transcript variant X2","gonad"
"metrn",338.579918094741,0.666044383733172,0.18096402531863,3.68053475026565,0.000232745336145635,0.00906807794648099,"meteorin, glial cell differentiation regulator","gonad"
"LOC115143072",281.721044944546,0.665821765885751,0.171972833293178,3.87166829280914,0.000108092986686123,0.00626140039734944,"SAP domain-containing ribonucleoprotein-like, transcript variant X2","gonad"
"mrpl35",94.8991988368335,0.66568663235672,0.216858979044166,3.0696752114707,0.002142916691942,0.0319178989447368,"mitochondrial ribosomal protein L35","gonad"
"LOC115118661",22.1594651277217,0.664788104037159,0.221639434322993,2.99941256422975,0.00270500750626491,0.0370437340637286,"zinc finger protein OZF-like","gonad"
"LOC115106897",360.383176946654,0.664574955558851,0.190460491278045,3.48930610805087,0.000484276237997144,0.0133713160886435,"V-type proton ATPase subunit F-like","gonad"
"pxdc1",58.1816754400867,0.664478360152405,0.195047423626867,3.4067528183483,0.000657406343087646,0.0161693783552382,"PX domain containing 1, transcript variant X2","gonad"
"ap3s1",156.725893062292,0.664012349471831,0.208833633895832,3.17962359359722,0.00147466467871227,0.0256210640255502,"adaptor related protein complex 3 subunit sigma 1","gonad"
"LOC115104862",93.9744923020003,0.663666676781226,0.206634677692108,3.21178750921038,0.00131911904019251,0.0240219912675378,"programmed cell death protein 6, transcript variant X1","gonad"
"LOC115104137",65.0736915544693,0.662598830547104,0.224879743858761,2.9464584901131,0.00321435558619595,0.0408682353102056,"coiled-coil domain-containing protein 43-like","gonad"
"LOC115111393",13.4181481701815,0.662155080517442,0.232052855095414,2.85346663907747,0.00432450682118657,0.0484964458588409,"ras-related protein Rab-27B-like","gonad"
"LOC115132769",27216.8609390301,0.662072127904624,0.211769531220608,3.12638047640063,0.00176972426184971,0.028754066215286,"extracellular matrix protein 1-like","gonad"
"LOC115117859",136.424131940618,0.662018056028369,0.194601018698613,3.40192492544793,0.00066913016406939,0.0163275369929722,"protein kish-A-like","gonad"
"LOC115141799",114.02253307099,0.660964067393603,0.19312640724249,3.42244272459175,0.000620611714221576,0.0155462162527157,"ribosome maturation protein SBDS-like","gonad"
"LOC115113037",192.146814390729,0.660388909053458,0.189626281739975,3.48258112216226,0.000496604733911402,0.0135920554227591,"F-box only protein 9-like","gonad"
"LOC115106146",84.9295561746498,0.659266431370941,0.181868040358814,3.62497132574944,0.000288993514769154,0.0101389553880559,"C-factor-like","gonad"
"pold3",65.9278497565508,0.657712325331715,0.182664195851374,3.60066362357552,0.000317406004634554,0.0106718952224907,"DNA polymerase delta 3, accessory subunit","gonad"
"LOC115106660",260.935002167815,0.657260527152984,0.187759277077868,3.50054888036452,0.000464301080933426,0.0130343743245688,"endonuclease domain-containing 1 protein-like","gonad"
"cdkn2c",35.1142907614979,0.656703807872073,0.204105466341081,3.21747290577045,0.0012932524109388,0.0239092064159742,"cyclin dependent kinase inhibitor 2C, transcript variant X3","gonad"
"LOC115136381",195.956760705901,0.656620134378794,0.217789360177246,3.0149321061617,0.00257036786107485,0.0360089497574652,"mitochondrial fission 1 protein-like","gonad"
"LOC115115370",115.023092074993,0.65656524899164,0.210614085558247,3.11738527483272,0.00182462947736798,0.0292713938148245,"retinol dehydrogenase 7-like, transcript variant X1","gonad"
"LOC115109887",527.913823016278,0.656179825168846,0.190167670584296,3.45053301201362,0.000559480737925668,0.0144384723578429,"RING-box protein 1","gonad"
"LOC115140820",24.5499188534505,0.655390983278503,0.184371937772543,3.55472199943491,0.000378378931156862,0.0116635787335891,"zinc finger MYM-type protein 1-like, transcript variant X1","gonad"
"rpl7l1",201.64291008938,0.654685061392909,0.170619835425625,3.83709818826015,0.000124496703828415,0.00680831974309849,"ribosomal protein L7 like 1","gonad"
"LOC115101900",888.204695398302,0.654495500357584,0.201680059858535,3.24521671015305,0.00117361272382593,0.0224666468253504,"gamma-secretase subunit PEN-2","gonad"
"LOC115101471",139.405227141234,0.654060460141457,0.205194361625235,3.18751672785252,0.00143500157191313,0.0251728391687486,"protein CXorf40A-like","gonad"
"LOC115133106",61.2304114727794,0.653496684839441,0.181271314550612,3.6050750029563,0.000312062790221731,0.010570544812063,"death domain-containing protein CRADD-like","gonad"
"LOC115140061",379.492056389103,0.653003430641878,0.19287889563519,3.38556184952947,0.000710327001658343,0.0169916957076533,"transmembrane emp24 domain-containing protein 2-like, transcript variant X1","gonad"
"LOC115102506",168.513436236498,0.652721847196926,0.186241924646805,3.50469878591927,0.00045712415800267,0.0129680409573382,"adenosine deaminase-like","gonad"
"LOC115137909",100.401901027512,0.652691239292501,0.216780585322667,3.01083807076636,0.00260527748059552,0.0362185435970079,"ER membrane protein complex subunit 4-like, transcript variant X2","gonad"
"LOC115111831",695.918832556874,0.652623706706542,0.220567215001928,2.95884275775453,0.00308796622345752,0.0397907130965895,"small integral membrane protein 15, transcript variant X1","gonad"
"LOC115142016",596.267730742837,0.651850643010004,0.213432271142508,3.05413347063512,0.00225711637027189,0.0331823520798837,"cytochrome c oxidase subunit 6B1-like","gonad"
"nrm",26.1110985401794,0.650019403052329,0.226882270837566,2.86500748010277,0.00416999391906764,0.0474527240457833,"nurim","gonad"
"LOC115129756",224.870415882167,0.648451876041173,0.199974344875289,3.24267533640663,0.00118413062172636,0.0225593657587237,"grancalcin-like","gonad"
"LOC115103322",1446.11169425595,0.648106302159357,0.22199832189135,2.9194198255091,0.00350683588078505,0.0434015761769144,"profilin-2-like, transcript variant X2","gonad"
"LOC115139151",204.753865808168,0.647584852763353,0.224062948364785,2.89019160682049,0.00385007081998147,0.0454608458311761,"calmodulin","gonad"
"plp2",321.161522416891,0.647533935485321,0.219118402274359,2.95517824502271,0.00312488454997495,0.0400805317743154,"proteolipid protein 2","gonad"
"LOC115117582",125.151802524527,0.647287814433877,0.179398554682863,3.60809938284139,0.000308448342801584,0.0105094538645953,"NADH dehydrogenase [ubiquinone] 1 alpha subcomplex subunit 3-like","gonad"
"LOC115137492",784.327557314732,0.647190170949652,0.179579287549921,3.60392437112069,0.000313448298145994,0.0105780061359455,"high mobility group protein B2-like","gonad"
"LOC115135915",134.282607662441,0.645980370214211,0.182567789839713,3.53830415968422,0.000402705885629355,0.0121453954476521,"uncharacterized LOC115135915, transcript variant X4","gonad"
"mtres1",77.2181227276282,0.645677573831444,0.225996468070239,2.85702506479336,0.00427632067795642,0.0481493173304876,"mitochondrial transcription rescue factor 1, transcript variant X1","gonad"
"LOC115114358",112.983336098077,0.645351468821769,0.145948188838768,4.42178470289003,9.7888971257523e-06,0.00218255135740007,"la-related protein 4B-like, transcript variant X1","gonad"
"LOC115142238",14.067681512363,0.64529616173378,0.214700047649804,3.00557064983198,0.0026508300646292,0.0365796111507965,"PHD finger protein 1-like","gonad"
"LOC115139194",269.111851400571,0.64455283703076,0.200485365018618,3.21496203461487,0.00130461775510651,0.0239092064159742,"peptidyl-prolyl cis-trans isomerase FKBP3-like, transcript variant X1","gonad"
"tex15",56.4549312579967,0.644143494597086,0.15703114140877,4.1020111604507,4.09574512504418e-05,0.00389177933144043,"testis expressed 15, meiosis and synapsis associated, transcript variant X3","gonad"
"nudcd2",96.4524212683903,0.6441122902737,0.226525022920398,2.84344873678721,0.00446281879233228,0.0495274682112377,"NudC domain containing 2","gonad"
"LOC115139660",49.9486372975391,0.643151289967536,0.226310669565294,2.84189557303208,0.00448461783666521,0.0496480008795692,"H2.0-like homeobox protein, transcript variant X3","gonad"
"LOC115113733",328.644205595564,0.64304599864378,0.183209313749108,3.50989797125918,0.000448278668710344,0.0128779668430222,"transmembrane protein 9B-like","gonad"
"ripor2",47.2308406037081,0.643016424223545,0.172733423938878,3.72259409650258,0.000197186385257384,0.00835761048150494,"RHO family interacting cell polarization regulator 2, transcript variant X1","gonad"
"LOC115101984",94.6583348881715,0.641995706095299,0.190667039258698,3.36710376681434,0.000759620998087185,0.0175728330653349,"zinc-binding protein A33-like","gonad"
"LOC115129842",415.088011867572,0.641770771578064,0.225128470743395,2.8506868520844,0.00436249099694514,0.0487077958321743,"histone deacetylase complex subunit SAP18-like","gonad"
"LOC115132932",226.926716896936,0.641559336248406,0.198701858300192,3.22875357954206,0.00124330976860464,0.0233780372014191,"grancalcin-like","gonad"
"LOC115124462",114.743587320174,0.641346443122636,0.16323353107107,3.92901163697428,8.5295712311987e-05,0.0055483294816665,"EMILIN-1-like","gonad"
"LOC115111026",88.428837778894,0.64107274209405,0.216617810230449,2.95946460455881,0.00308174101278341,0.0397669437299898,"transmembrane protein 230-like","gonad"
"supt4h1",108.836601810475,0.640063461637199,0.187005621741068,3.42269636430205,0.000620032954380983,0.0155462162527157,"SPT4 homolog, DSIF elongation factor subunit","gonad"
"LOC115128481",469.426743734466,0.639714290054825,0.213299368532693,2.99913822743818,0.00270744443550923,0.0370437340637286,"cytosolic non-specific dipeptidase-like","gonad"
"LOC115131238",130.432729253297,0.639646431902451,0.192707879045141,3.31925417409953,0.000902582342846649,0.0194392467576794,"alpha-taxilin-like","gonad"
"LOC115112430",113.244712787178,0.639089726420689,0.180184995803211,3.54685318592603,0.000389861784392708,0.0118565000962044,"succinate dehydrogenase assembly factor 2, mitochondrial-like","gonad"
"LOC115146256",279.15431567147,0.638601696831239,0.220465358055455,2.89660789551622,0.00377220902644821,0.0449397815513082,"GTP cyclohydrolase 1 feedback regulatory protein","gonad"
"polr2c",263.364202037459,0.638215236898639,0.148562793622504,4.29592915787739,1.73963135231009e-05,0.00252701981890167,"RNA polymerase II subunit C","gonad"
"LOC115102029",2452.08136173695,0.638164692633909,0.219053460785469,2.91328285956138,0.00357650475164495,0.0437567522040874,"60S ribosomal protein L32-like","gonad"
"LOC115113789",277.118975205808,0.636568163941215,0.214617355670337,2.96606097840016,0.00301640676098896,0.039202491877248,"signal peptidase complex catalytic subunit SEC11A-like","gonad"
"LOC115109157",36.6785497353902,0.63536732465159,0.205196702997106,3.09638174186723,0.00195897984315374,0.0306086385820131,"solute carrier family 35 member E1-like","gonad"
"LOC115119282",35.4309157828928,0.634930950643569,0.186657589812491,3.40158121232249,0.000669972188795126,0.0163275369929722,"coiled-coil domain-containing protein 50-like, transcript variant X1","gonad"
"LOC115110442",109.357777645819,0.634573213458779,0.208757781395971,3.03975837075565,0.00236768020709145,0.0340986734823224,"trafficking protein particle complex subunit 5-like, transcript variant X1","gonad"
"plekhj1",183.174048747024,0.631159131887503,0.210664015768222,2.99604623782508,0.00273504958365228,0.0373084599855678,"pleckstrin homology domain containing J1","gonad"
"LOC115123974",114.868988850096,0.631122848593848,0.15163467709007,4.16212742827265,3.15296310334421e-05,0.00345486080624845,"cell growth regulator with RING finger domain protein 1-like, transcript variant X3","gonad"
"dpp7",381.130060202328,0.631004155304738,0.172550843279332,3.65691725008404,0.000255266741655583,0.00949717819979254,"dipeptidyl peptidase 7","gonad"
"LOC115137482",412.769482414688,0.630622523503908,0.216746717809391,2.90949053290156,0.00362018350907859,0.0439349762748374,"signal peptidase complex subunit 3","gonad"
"LOC115106983",110.678559738431,0.630545848971659,0.212902886450055,2.96165946589728,0.00305985997131044,0.0395689584324162,"electron transfer flavoprotein regulatory factor 1, transcript variant X2","gonad"
"LOC115145617",1888.46947619095,0.62833732424617,0.182901620723979,3.43538412485916,0.000591714452169717,0.0150118242428467,"high mobility group protein B2-like, transcript variant X2","gonad"
"LOC115146407",224.129220421053,0.628242310125059,0.188028559977321,3.34120683688071,0.000834150561093877,0.0185709651462218,"akirin-2-like, transcript variant X1","gonad"
"LOC115131912",789.073093555577,0.626965315258573,0.195159435404774,3.21258008334674,0.001315484681864,0.0239868556179422,"prostaglandin E synthase 3-like, transcript variant X1","gonad"
"LOC115134211",177.703194110791,0.626908078820929,0.167390860507982,3.74517507657494,0.000180268019297349,0.00802192685873205,"serine/threonine-protein kinase 17B-like","gonad"
"eif3j",404.539540964009,0.625541381613455,0.179282928735741,3.48912964566464,0.000484596055647028,0.0133713160886435,"eukaryotic translation initiation factor 3 subunit J","gonad"
"cope",425.985933408795,0.625055686752019,0.191379634643385,3.26605120715558,0.00109058526205466,0.0215753019183465,"coatomer protein complex subunit epsilon","gonad"
"lg18h15orf41",28.1819265475094,0.624681479958622,0.197086599653577,3.16957865758828,0.00152660132142967,0.0260601987098697,"linkage group 18 C15orf41 homolog, transcript variant X1","gonad"
"LOC115106194",32.3311491274017,0.624293550371983,0.190607087054412,3.27529033688956,0.00105553432094255,0.0212936457011476,"putative nuclease HARBI1","gonad"
"LOC115119110",53.7353019868793,0.623823214327708,0.209335143155923,2.98002143798213,0.0028822821115329,0.0383094538923801,"mitochondrial inner membrane protease ATP23 homolog","gonad"
"LOC115110339",214.471275469564,0.621896552718505,0.185634335556388,3.35011597318213,0.00080777732213941,0.0182077914698381,"SUMO-conjugating enzyme UBC9-B, transcript variant X3","gonad"
"LOC115145288",972.627559059077,0.620824020762567,0.211684412660636,2.93278098731741,0.00335940779449035,0.0421058997444737,"cytochrome c oxidase subunit 6C-1-like","gonad"
"LOC115111622",630.015290839336,0.620307656181145,0.190607647638975,3.25436919171289,0.00113644483307001,0.022078728948186,"26S proteasome non-ATPase regulatory subunit 9-like","gonad"
"LOC115113182",135.489553140344,0.619528624386387,0.21534313168135,2.87693700537022,0.00401555749692438,0.0464909052797379,"ubiquitin-conjugating enzyme E2 D4-like","gonad"
"lg22hxorf56",177.693746106978,0.61882235917642,0.185589461329861,3.33436152431385,0.000854954580911886,0.018860942127626,"linkage group 22 CXorf56 homolog","gonad"
"LOC115128415",67.0296881643906,0.618186421361775,0.205836749914797,3.00328498976817,0.00267082196604153,0.0367359421329167,"ectonucleotide pyrophosphatase/phosphodiesterase family member 2-like, transcript variant X2","gonad"
"LOC115107577",204.179746954913,0.618101618107799,0.203480091282495,3.03765156685368,0.00238429466984228,0.0341667356161456,"uncharacterized protein DDB_G0271670-like, transcript variant X1","gonad"
"LOC115139502",296.029662826431,0.618061569634939,0.118997861530089,5.19388803872464,2.05947023666281e-07,0.000311597846807082,"serine/arginine-rich splicing factor 3, transcript variant X1","gonad"
"LOC115113538",162.919160229971,0.618017826622648,0.186480582573168,3.31411355592565,0.000919341626402147,0.0196454781985307,"origin recognition complex subunit 6-like","gonad"
"LOC115107129",134.142464520553,0.617656318147666,0.173955946931895,3.55064790276749,0.000384284145976417,0.0117711121184615,"diphosphoinositol polyphosphate phosphohydrolase 3-beta-like","gonad"
"LOC115130773",319.107168278711,0.617351766163514,0.176399262567356,3.49974119607095,0.000465710070129765,0.0130343743245688,"nucleophosmin-like","gonad"
"LOC115109934",19.6294183409904,0.615921635789714,0.191140400219857,3.2223519207936,0.00127142866580547,0.0236759578013991,"rho GTPase-activating protein 15-like, transcript variant X3","gonad"
"ppt1",326.954015666644,0.615243898460499,0.162238058032673,3.79222918420655,0.000149301028682644,0.00740681895158368,"palmitoyl-protein thioesterase 1","gonad"
"LOC115146028",125.976235557051,0.613867532017275,0.196313019774086,3.12698328783136,0.00176609966374842,0.028754066215286,"EH domain-containing protein 4-like","gonad"
"LOC115133217",311.517590083572,0.613020633567,0.187404728244822,3.27110548014648,0.00107127945254274,0.0215156523676615,"V-type proton ATPase subunit F","gonad"
"LOC115117972",65.1473661101399,0.612567094414562,0.169689630085654,3.60992651174593,0.000306283767444389,0.0104922416636233,"uncharacterized LOC115117972","gonad"
"LOC115135950",143.900406937276,0.61201335566342,0.202856527256565,3.01697640169778,0.00255309686522243,0.0359055202827099,"membrane-associated progesterone receptor component 1-like","gonad"
"trappc6b",61.4953508771111,0.611830190813283,0.182271161613965,3.35670319646664,0.000788777370484892,0.0179497325257739,"trafficking protein particle complex 6B, transcript variant X1","gonad"
"LOC115105589",600.201604453797,0.611728751857691,0.20974708973644,2.91650650612776,0.00353975340534073,0.0436098257981119,"non-histone chromosomal protein HMG-14-like","gonad"
"LOC115147170",555.290132401046,0.611695100230201,0.187149218442738,3.26848867080554,0.00108123506044809,0.0215753019183465,"V-type proton ATPase subunit G 1-like","gonad"
"LOC115143180",46.5867127495416,0.611543649523945,0.209735572424284,2.9157841107031,0.00354795911120323,0.0436427815874023,"integrin beta-7-like, transcript variant X2","gonad"
"LOC115117362",44.6353383055691,0.611235040828182,0.19886680284438,3.07359012206022,0.00211499795092397,0.0317122921188483,"tyrosine-protein phosphatase non-receptor type 18-like, transcript variant X2","gonad"
"LOC115108013",190.103638599458,0.610485222560842,0.210601920383205,2.89876379783252,0.0037463700757623,0.0447788644473603,"peptidyl-prolyl cis-trans isomerase FKBP1B, transcript variant X1","gonad"
"LOC115141460",291.563516471009,0.61006308388544,0.175544801486462,3.4752557678701,0.00051036649070657,0.013751836184191,"probable signal peptidase complex subunit 2","gonad"
"LOC115107027",219.913528072987,0.609310098018627,0.139634432422623,4.36360922909377,1.27934016917517e-05,0.00218255135740007,"neuroepithelial cell-transforming gene 1 protein-like","gonad"
"LOC115141548",95.9151094586987,0.608931054683984,0.198845886980672,3.0623266285773,0.00219623658543661,0.0325509154654588,"flavin reductase (NADPH)-like, transcript variant X2","gonad"
"LOC115114693",56.4598973010929,0.608173881293334,0.148479974601168,4.09599936238505,4.20351085720438e-05,0.00389177933144043,"caspase-8-like, transcript variant X2","gonad"
"LOC115112349",34.4128484630244,0.607687788724552,0.191196196708274,3.17834663652729,0.00148117553721966,0.0257095822693691,"tyrosine-protein kinase Fes/Fps-like, transcript variant X1","gonad"
"LOC115135474",214.962198482666,0.607317146831595,0.184060723999999,3.29954774507786,0.000968407528527683,0.0203735887461745,"protein CXorf40A-like","gonad"
"cops6",233.626289442369,0.607200724436697,0.181151774551971,3.35188946361933,0.000802620578716259,0.0181474212044488,"COP9 signalosome subunit 6","gonad"
"LOC115118723",326.665635302896,0.604542287788528,0.159671583951677,3.78616077342532,0.000152992709588965,0.00748838391380655,"eukaryotic translation initiation factor 3 subunit J-A-like","gonad"
"tmem141",74.4585263063367,0.603969538395118,0.200869338837717,3.00677814687819,0.00264032379886871,0.0365265727974365,"transmembrane protein 141","gonad"
"LOC115102138",143.181263161796,0.603914089673422,0.194922685339217,3.098223732258,0.00194684392206518,0.030474223428397,"prostaglandin E synthase 3-like","gonad"
"LOC115144299",41.9868603791725,0.602442882273396,0.202686845655782,2.97228406867858,0.00295593052987258,0.0388480336253689,"rho GTPase-activating protein 27-like, transcript variant X2","gonad"
"LOC115133160",53.5157805224811,0.601404256440568,0.188319412514923,3.19353298955789,0.00140543278169854,0.024773822897591,"phosphatidylinositol 4,5-bisphosphate 3-kinase catalytic subunit gamma isoform-like, transcript variant X1","gonad"
"itprip",49.6366690445666,0.601214816751821,0.13598413209153,4.42121303055526,9.81483499543326e-06,0.00218255135740007,"inositol 1,4,5-trisphosphate receptor interacting protein, transcript variant X2","gonad"
"rai14",44.1524368066379,0.601184972524403,0.202213000345408,2.97302829935512,0.00294877262394551,0.0388234872637333,"retinoic acid induced 14, transcript variant X2","gonad"
"LOC115111903",42.9802955566912,0.601168262078918,0.162663552017688,3.69577729381902,0.000219215072382513,0.00884693467819137,"scavenger receptor class F member 2-like, transcript variant X2","gonad"
"LOC115106408",24.0432606279222,0.600673431184038,0.20832215436225,2.88338718953306,0.00393423534897265,0.0460028383683233,"rho GTPase-activating protein 22-like, transcript variant X1","gonad"
"LOC115102094",1795.7619289095,0.600290891423025,0.197657742276195,3.03702189709429,0.00238928098435383,0.0342111873437919,"phospholemman-like, transcript variant X2","gonad"
"mrpl28",153.052443528947,0.599606266553213,0.158785997025601,3.77619108602215,0.000159244841550434,0.00749762792646944,"mitochondrial ribosomal protein L28","gonad"
"LOC115143168",196.634761756021,0.599330012110519,0.16843078933532,3.55831623467219,0.000373239783086964,0.011564063996121,"5'-AMP-activated protein kinase subunit gamma-1-like","gonad"
"LOC115102897",23.1150440118192,0.597582036633926,0.208746010025242,2.86272315605776,0.00420017373547081,0.0476317016497239,"zinc finger protein 263-like, transcript variant X1","gonad"
"LOC115146198",83.3895624274876,0.597305120171278,0.17710771321471,3.3725528342583,0.000744747963211642,0.0174472826065427,"ADP-ribosylation factor 6-like","gonad"
"LOC115116375",497.929295796466,0.597107518224374,0.177191989039069,3.36983359949032,0.000752135879801905,0.0175497902621226,"NADH dehydrogenase [ubiquinone] 1 alpha subcomplex subunit 13-like","gonad"
"LOC115143330",22.4522464443781,0.596645559618516,0.191887237025329,3.10935510286054,0.00187496224255507,0.0298707784375453,"scm-like with four MBT domains protein 1, transcript variant X1","gonad"
"hypk",302.754237533168,0.595521419274044,0.202771206119933,2.93691313806069,0.00331496940452966,0.0417962392421115,"huntingtin interacting protein K","gonad"
"LOC115141601",35.4517647175917,0.595061104471254,0.181459662220612,3.27930239254938,0.00104064061845834,0.0210904820855749,"uncharacterized LOC115141601","gonad"
"LOC115126483",18.6705226937956,0.594981962799171,0.204364626539746,2.91137450190508,0.00359842430083386,0.043861985296749,"transcription factor 7-like 2, transcript variant X1","gonad"
"LOC115102521",123.797434216589,0.594952404839153,0.175102265642408,3.3977424715575,0.000679443472718583,0.0164699274908927,"probable Bax inhibitor 1, transcript variant X2","gonad"
"LOC115105320",12.6580881985852,0.594264930366891,0.20626558614957,2.88106679092832,0.00396331644486439,0.0462056726223946,"tripartite motif-containing protein 16-like","gonad"
"timm10",51.4493835813772,0.594113322641026,0.200632713640383,2.96119865928705,0.00306444206542608,0.0396000072169935,"translocase of inner mitochondrial membrane 10","gonad"
"LOC115112951",238.533567652192,0.593921775468773,0.168007426202565,3.53509239974122,0.000407632591417346,0.0122128338775138,"glycine N-acyltransferase-like, transcript variant X4","gonad"
"LOC115105473",48.4253341159984,0.593793796420497,0.16820418621937,3.53019630347413,0.00041525144219927,0.0123798114689162,"E3 ubiquitin-protein ligase CBL-like","gonad"
"LOC115139203",34.7833414889026,0.59330918256304,0.155743217205308,3.80953465075087,0.000139228593816211,0.00720180726304026,"CLOCK-interacting pacemaker-like","gonad"
"LOC115144978",469.323472485082,0.593100919469179,0.14936060640907,3.97093272268049,7.1591795819279e-05,0.00500105264007145,"inhibitor of growth protein 5-like","gonad"
"LOC115138312",65.5042075354281,0.592959924278062,0.178448431114096,3.32286431758505,0.000890982406232228,0.0192579482947052,"akirin-2-like","gonad"
"LOC115124087",69.6759231266077,0.592728409367797,0.178073189098313,3.32856626182258,0.000872942367318516,0.0190897328682127,"programmed cell death protein 10-B, transcript variant X2","gonad"
"LOC115145795",43.9234669935409,0.592685486155835,0.17949102185421,3.30203416323095,0.00095986378558134,0.0202561038259788,"melatonin receptor type 1A-A","gonad"
"LOC115130168",106.378157462284,0.592433877706491,0.191490099108789,3.09380944740083,0.00197604359111451,0.0307429712427378,"gamma-glutamyl hydrolase-like, transcript variant X1","gonad"
"LOC115133216",582.613670627003,0.591869468914461,0.158608757723393,3.73163170438959,0.000190243502735245,0.00822283478254195,"ADP-ribosylation factor 4","gonad"
"LOC115109576",34.272539322933,0.591505117970705,0.18370327717228,3.21989420698239,0.00128237912030772,0.0237580360288847,"thromboxane-A synthase-like","gonad"
"mrpl51",114.081287344241,0.590948318712746,0.19412463233155,3.0441696739621,0.00233323505655974,0.0337370995455248,"mitochondrial ribosomal protein L51","gonad"
"LOC115129375",222.152287009028,0.590849642659413,0.177284222266396,3.33278187481103,0.000859823236448516,0.018899456030217,"plastin-2-like","gonad"
"LOC115111930",820.151706543362,0.590013317910535,0.203531844290835,2.89887471892329,0.00374504502448396,0.0447788644473603,"histone H2A.V","gonad"
"LOC115132466",99.9502255381696,0.589438459838638,0.204511189899964,2.88218194870882,0.0039493161176403,0.0461117578340047,"fat storage-inducing transmembrane protein 2-like","gonad"
"LOC115144144",108.685120175687,0.588915864939668,0.164313434619926,3.58410051072142,0.000338241825300287,0.011005588853319,"growth arrest-specific protein 7-like, transcript variant X2","gonad"
"LOC115137038",102.617184087446,0.587775959850436,0.201746968607533,2.91343143298406,0.00357480333199938,0.0437567522040874,"phospholipase D3-like, transcript variant X2","gonad"
"LOC115141342",101.876960785865,0.586770747762954,0.186944377839631,3.13874508847927,0.00169672978344026,0.0279646378278676,"uncharacterized LOC115141342, transcript variant X1","gonad"
"LOC115113383",122.356973740666,0.586339480346016,0.150701199594419,3.89074195775499,9.99381674339786e-05,0.00604096165010732,"protein FAM204A-like, transcript variant X2","gonad"
"LOC115105495",742.238709191845,0.585893619724462,0.202207946395054,2.89748068841865,0.00376172896680807,0.044903320921346,"membrane-associated progesterone receptor component 1-like","gonad"
"LOC115117273",337.874395917104,0.585781622748833,0.175644244487092,3.33504593025183,0.000852853114087592,0.0188604155168993,"eukaryotic translation initiation factor 3 subunit J-A-like","gonad"
"LOC115103064",113.675077326726,0.585663354164083,0.156884971971179,3.73307491983156,0.000189156300113416,0.00821608082502197,"DENN domain-containing protein 4B-like, transcript variant X1","gonad"
"gnmt",613.060927899569,0.585121580696308,0.187519672856947,3.12032104035656,0.00180654031859157,0.0291292593466683,"glycine N-methyltransferase","gonad"
"ech1",89.6894869032581,0.585046899163875,0.181168745456683,3.22929265580061,0.00124096831799325,0.0233724281965616,"enoyl-CoA hydratase 1","gonad"
"LOC115146245",152.973995773056,0.584874121735497,0.189699303492329,3.08316430776536,0.0020481203799124,0.0313213834236536,"protein max-like, transcript variant X4","gonad"
"LOC115120482",46.6664341984897,0.584166363770929,0.195894207478539,2.98205021623688,0.00286325030239378,0.0381402586135447,"cleavage stimulation factor subunit 3-like","gonad"
"LOC115105106",81.7254215412378,0.583638081180716,0.177166828864614,3.29428530679813,0.000986722896656339,0.0205724020142701,"B-cell receptor CD22-like, transcript variant X2","gonad"
"LOC115128712",114.001970129582,0.583518754259729,0.144360205121336,4.04210255706741,5.29740525557553e-05,0.00436590695038226,"src-like-adapter","gonad"
"LOC115141104",321.776400214723,0.583279523485212,0.15291588778437,3.81438143502596,0.000136524462936883,0.0071626947472372,"RNA-binding protein 8A, transcript variant X2","gonad"
"LOC115101940",398.677729793049,0.583225595624875,0.197822184112566,2.94823150518349,0.003195976283232,0.0407201020339369,"transmembrane emp24 domain-containing protein 4-like, transcript variant X1","gonad"
"LOC115119134",577.403818269177,0.582947491438162,0.174415532582214,3.3422911526723,0.000830898560307076,0.0185329167824758,"glutathione-specific gamma-glutamylcyclotransferase 1-like","gonad"
"LOC115110565",132.763211909037,0.582944999200449,0.194423330989863,2.99832842196723,0.00271464962946645,0.0371138393618922,"transmembrane protein 205-like","gonad"
"LOC115108220",237.979122785712,0.582518307762589,0.198178752464964,2.9393580316617,0.00328892905930207,0.0415956665874524,"myeloid-derived growth factor-like","gonad"
"LOC115105370",105.990084410744,0.582456102349262,0.202577498723604,2.87522605432089,0.0040373832742035,0.0466302358310679,"zinc finger protein ZPR1-like","gonad"
"LOC115134815",1272.03507002505,0.582048279285728,0.178441962671068,3.26183522403109,0.00110693466250245,0.0216956733049279,"zinc finger CCCH domain-containing protein 15-like","gonad"
"LOC115102929",190.220671100234,0.581904426826822,0.15577042797067,3.73565402886604,0.000187227935092515,0.00815182347611437,"NPC intracellular cholesterol transporter 1-like","gonad"
"LOC115133349",472.915658566119,0.580112759613221,0.156625001483461,3.70383242853141,0.000212366570224489,0.00868407083107166,"ER membrane protein complex subunit 4, transcript variant X2","gonad"
"LOC115118597",814.963143705283,0.58003130954568,0.169848910319876,3.41498399049665,0.000637857604963926,0.0158209599395151,"nascent polypeptide-associated complex subunit alpha-like, transcript variant X1","gonad"
"LOC115130875",56.6246863632041,0.579768034076091,0.194149231814067,2.98619792959739,0.00282469750987077,0.0379048100437647,"multidrug resistance-associated protein 5-like","gonad"
"LOC115103209",1221.77140668235,0.579074603923629,0.185468030725793,3.12223406728121,0.00179484176463895,0.0290697119346876,"actin-related protein 2/3 complex subunit 5-like","gonad"
"LOC115129527",72.0355151340398,0.578187895887983,0.18219444143422,3.17346616799357,0.00150630455920182,0.025824802244446,"AP-1 complex-associated regulatory protein-like, transcript variant X3","gonad"
"LOC115143008",159.077408798814,0.576318896662283,0.161390061214313,3.57096894521266,0.000355663066929397,0.0112498582633626,"golgin subfamily A member 7-like, transcript variant X2","gonad"
"ndufb3",672.817894690584,0.575009869452607,0.190199414753457,3.02319473589314,0.00250121233662306,0.0355004688286836,"NADH:ubiquinone oxidoreductase subunit B3","gonad"
"LOC115103260",110.651783311825,0.574244785188814,0.175114425911067,3.27925459139755,0.00104081691719956,0.0210904820855749,"MARVEL domain-containing protein 2-like","gonad"
"LOC115135666",59.7110705878341,0.573801437456164,0.181091914148851,3.16856464935545,0.00153193674227574,0.0261162849697262,"FUN14 domain-containing protein 1A-like","gonad"
"LOC115135777",123.717411197848,0.573619563975959,0.189745253258749,3.02310363039087,0.00250196548830014,0.0355004688286836,"diablo homolog, mitochondrial-like","gonad"
"LOC115131583",858.430312221205,0.573079614967892,0.198069938487392,2.89331949787207,0.00381193321387135,0.0452500859648091,"tumor necrosis factor receptor superfamily member 11B-like","gonad"
"LOC115145306",373.989924813289,0.573048760597463,0.153588439566187,3.73106701400215,0.000190670491487671,0.00822283478254195,"influenza virus NS1A-binding protein homolog A-like, transcript variant X1","gonad"
"LOC115143118",137.489142373756,0.571829282519207,0.168580248595051,3.39203012977401,0.00069376810795245,0.0167166338544102,"la-related protein 4-like, transcript variant X1","gonad"
"LOC115140778",1177.16388030451,0.571770007979468,0.166134215009375,3.44161500957045,0.000578252597192945,0.0148078337865093,"retinol-binding protein 1-like, transcript variant X2","gonad"
"LOC115102380",1029.54807341676,0.571758474905967,0.180568879666512,3.16642865571261,0.0015432319672361,0.0262299325443514,"peptidyl-prolyl cis-trans isomerase FKBP1A-like","gonad"
"LOC115143250",77.6570024837749,0.571556174467891,0.194968810283145,2.93152619456335,0.00337300919147708,0.0422056201795023,"aflatoxin B1 aldehyde reductase member 4-like","gonad"
"LOC115112261",83.8605856112526,0.570868361179814,0.13044644338575,4.37626620061744,1.2072955774462e-05,0.00218255135740007,"myotubularin-related protein 10-like","gonad"
"LOC115139615",894.07975541194,0.570613685795493,0.163936133963056,3.48070722421747,0.000500091808657417,0.0135920554227591,"guanine nucleotide-binding protein G(k) subunit alpha-like","gonad"
"LOC115107806",50.8792664926671,0.569301244437009,0.194514499886885,2.92678049589142,0.00342490510473589,0.0427371663790961,"epoxide hydrolase 1-like","gonad"
"LOC115117581",68.4863331338907,0.568823044477498,0.193838387602133,2.93452216309727,0.00334061695057574,0.0419448418773535,"TCF3 fusion partner homolog, transcript variant X1","gonad"
"LOC115131613",4593.12712100703,0.568793231962639,0.177461823543157,3.2051582735163,0.00134988230618127,0.0243985094766311,"BOLA class I histocompatibility antigen, alpha chain BL3-7-like, transcript variant X2","gonad"
"LOC115120542",46.0392153272745,0.568097433869146,0.162415825482472,3.49779605639756,0.000469119716337691,0.0131024968924508,"MFS-type transporter SLC18B1-like, transcript variant X1","gonad"
"psmg4",106.087572566353,0.567574979058688,0.156265208050495,3.63212634558606,0.000281095426514003,0.0100266572962441,"proteasome assembly chaperone 4","gonad"
"LOC115145942",265.957215992264,0.567200979763192,0.153617253903474,3.69229995557398,0.000222235132526249,0.00892677227023579,"trifunctional enzyme subunit alpha, mitochondrial-like","gonad"
"LOC115141857",147.394200520972,0.567111858913271,0.177436033324426,3.1961482021882,0.00139275553561533,0.0247183475118592,"vacuolar protein sorting-associated protein 26B-like","gonad"
"LOC115101354",71.1844935408339,0.565182842353282,0.179987323440981,3.14012582413121,0.00168875285383712,0.0279646378278676,"fermitin family homolog 3-like, transcript variant X2","gonad"
"LOC115140025",169.733319004957,0.563265121652643,0.186613213268041,3.0183560520101,0.00254150110061851,0.0357701503742865,"ubiquitin-like protein 4A-B, transcript variant X3","gonad"
"LOC115113131",21.2370297231947,0.563234926525655,0.193675361878917,2.90813927523616,0.00363586369988598,0.0440378527919478,"heterogeneous nuclear ribonucleoprotein L-like, transcript variant X1","gonad"
"LOC115107437",123.018819719889,0.560599912282327,0.194806819742051,2.87772221231594,0.00400557689597827,0.0464698109414578,"membrane magnesium transporter 1-like","gonad"
"LOC115132384",61.5633005259821,0.560170825505434,0.18626281858513,3.00742160867395,0.00263474068531972,0.0365265727974365,"partner of Y14 and mago A","gonad"
"LOC115134268",50.5795463673371,0.559805250514575,0.171222857819433,3.26945395984998,0.00107755271507948,0.0215700629492647,"aminopeptidase N-like","gonad"
"LOC115112404",142.482011629431,0.558790193314597,0.169449303271252,3.29768362883201,0.000974859073997534,0.020425509612949,"toll-interacting protein-like","gonad"
"id2",1454.65927844656,0.556122929144149,0.177763063885689,3.12845040464518,0.00175730665010022,0.0287179653818359,"inhibitor of DNA binding 2, transcript variant X2","gonad"
"LOC115108938",594.31323758735,0.554820817009201,0.116321557294041,4.76971620665899,1.84485640063364e-06,0.00108049073580337,"eukaryotic translation initiation factor 4 gamma 2-like","gonad"
"LOC115113653",395.597415590791,0.553864660910292,0.161229773081137,3.43525051437965,0.000592006287611711,0.0150118242428467,"disintegrin and metalloproteinase domain-containing protein 10-like, transcript variant X1","gonad"
"LOC115103901",27.0767495002264,0.553488922605986,0.183239449106062,3.02057731185176,0.00252293289756449,0.0355440348415262,"SERTA domain-containing protein 2-like","gonad"
"LOC115125274",241.718890403228,0.553308814990384,0.17535306975401,3.15539850979844,0.00160279018173349,0.0268948785023597,"ER membrane protein complex subunit 3-like","gonad"
"LOC115135087",386.674049249718,0.552781665144846,0.184802908907343,2.99119569282322,0.00277887349368386,0.037595549293088,"survival of motor neuron-related-splicing factor 30-like","gonad"
"LOC115134057",644.006160369947,0.550868352867278,0.177569974482158,3.10226069736034,0.00192048749712371,0.0302676831577934,"V-type proton ATPase subunit E 1-like","gonad"
"LOC115143101",324.479353406777,0.548137560143429,0.132727534190219,4.12979539993461,3.63086210587833e-05,0.0037308121330766,"extended synaptotagmin-1-like","gonad"
"pdk3",85.8826386422678,0.547836702201823,0.168913718395666,3.24329312861707,0.00118156580351228,0.0225593657587237,"pyruvate dehydrogenase kinase 3, transcript variant X1","gonad"
"LOC115103252",1556.95210648733,0.54757095632207,0.177572328833004,3.08365025069321,0.00204477827877965,0.0313213834236536,"calponin-2-like","gonad"
"LOC115126333",378.040028408186,0.547452674795808,0.181805375329942,3.01120180743989,0.00260215846219705,0.0362029034786587,"transmembrane emp24 domain-containing protein 2, transcript variant X1","gonad"
"LOC115111778",37.7377054822008,0.54663018984285,0.192518662256925,2.83936208279563,0.0045203831184415,0.0498435875094597,"rho GTPase-activating protein 25-like","gonad"
"LOC115132348",1942.60175292731,0.546272485061293,0.184768549009212,2.95652310953666,0.00311128915444999,0.0400237516885935,"peptidyl-prolyl cis-trans isomerase FKBP1A-like","gonad"
"LOC115122468",188.067461429958,0.545574295815412,0.14943651560909,3.65087671906493,0.000261346670799998,0.00962391618763769,"muscleblind-like protein 3, transcript variant X1","gonad"
"LOC115141644",906.158041217224,0.545513524692297,0.17423012375642,3.13099430185186,0.0017421554077463,0.0284960122369745,"histone H3.3","gonad"
"LOC115109216",261.802984305667,0.543785311250564,0.188596124063845,2.88333237997234,0.00393492002566678,0.0460028383683233,"ras-related protein Rab-8A-like","gonad"
"olah",38.2039249101299,0.542554258930831,0.176074966286517,3.0813821542806,0.00206042018446065,0.0313262510720951,"oleoyl-ACP hydrolase, transcript variant X1","gonad"
"LOC115105533",77.3175874339331,0.542491328158493,0.178469732555724,3.0396825298604,0.00236827645192821,0.0340986734823224,"cytospin-B-like, transcript variant X3","gonad"
"hacd1",52.4718572908363,0.541745025094034,0.18999247678383,2.85140250953422,0.0043526831522561,0.0486621399706661,"3-hydroxyacyl-CoA dehydratase 1","gonad"
"LOC115118002",43.9438070991265,0.540310708464214,0.182307015143539,2.96374063301296,0.00303924333396245,0.0394428177065205,"RNA-binding protein 12B-A-like","gonad"
"nol7",166.359793590252,0.540087909528243,0.172214936017587,3.13612699349775,0.00171195055345444,0.0281796684030089,"nucleolar protein 7","gonad"
"LOC115138107",228.511518673002,0.539825775249235,0.176099647139575,3.06545631418202,0.00217338125364408,0.0322810772298834,"nuclear factor 1 B-type-like, transcript variant X3","gonad"
"LOC115106384",52.7300241946681,0.539094225431617,0.180552659654826,2.98580052192107,0.0028283707555689,0.037926070486048,"zinc finger protein 501-like","gonad"
"LOC115140758",275.544396443374,0.538728950927232,0.177293925803835,3.03862046307951,0.00237664064786277,0.0341108992905901,"tumor necrosis factor receptor superfamily member 1A-like, transcript variant X3","gonad"
"LOC115141006",119.865183072072,0.538154230119153,0.18247423811922,2.94920661494994,0.00318590903958241,0.0406384627373089,"protein DEK-like, transcript variant X2","gonad"
"LOC115101461",53.1523576365172,0.53762435694765,0.166532993973547,3.22833538339584,0.00124512899172573,0.0233780372014191,"phosphatidylinositol-binding clathrin assembly protein-like, transcript variant X1","gonad"
"LOC115110677",133.763088762722,0.536242659015959,0.135843700528668,3.94749743218892,7.89723648202292e-05,0.0053104527988003,"UNC93-like protein MFSD11","gonad"
"LOC115101848",36.324414103006,0.535384959478168,0.173485000415411,3.08605907252031,0.00202828522015079,0.031181665077949,"plexin A3-like","gonad"
"cop1",104.901165579781,0.535125282718037,0.154551277991893,3.46244488994848,0.000535291525609501,0.0141466563885969,"COP1 E3 ubiquitin ligase, transcript variant X2","gonad"
"LOC115125583",21.1296078421369,0.534509482929375,0.165917064621964,3.22154616312213,0.00127500920759994,0.0237183065299022,"zinc finger protein 501-like","gonad"
"LOC115105819",94.9012500354852,0.53449738724275,0.162848176055924,3.28218221528744,0.00103007018285086,0.0210110088258947,"transmembrane protein 120B, transcript variant X1","gonad"
"LOC115103317",53.9303490633662,0.532014468219883,0.1843004725371,2.88666904048652,0.0038934353857917,0.0456850290887169,"ephrin type-B receptor 3-like","gonad"
"LOC115132071",538.814357855917,0.531771075154034,0.179140297243508,2.96846149825905,0.00299294594807278,0.0390738907925679,"dynein light chain Tctex-type 3-like","gonad"
"LOC115114485",131.756467113628,0.531121670419402,0.151220370911288,3.51223626300307,0.00044435278688355,0.0127870306457385,"pre-B-cell leukemia transcription factor 1-like, transcript variant X1","gonad"
"LOC115102162",541.757260952146,0.530856100711398,0.162174214319103,3.27336933889414,0.00106273512228719,0.0214151152943909,"charged multivesicular body protein 4b-like","gonad"
"LOC115132157",59.6527951107141,0.530726632162184,0.178866597357741,2.96716457964876,0.00300560026615794,0.039146110783618,"ADP-ribosylation factor-like protein 8A","gonad"
"nit1",100.562583363683,0.530433377163016,0.186852176771451,2.83878618022105,0.00452854909471905,0.0498435875094597,"nitrilase 1","gonad"
"LOC115141831",86.2848773408588,0.530192661731903,0.17734211331749,2.98966022121726,0.00279287930857201,0.0377288070881202,"glyoxalase domain-containing protein 4-like","gonad"
"LOC115130449",535.054580825371,0.529163403868359,0.152584611623455,3.46799980835693,0.000524347662532016,0.0138978922057391,"zinc finger CCCH domain-containing protein 15-like","gonad"
"LOC115105469",203.605063461842,0.528460017764025,0.165811013770558,3.18712253032409,0.00143695885556975,0.0251828426464522,"derlin-2","gonad"
"srp19",235.498722124839,0.528198100682305,0.17608766428739,2.99963147799064,0.00270306433686336,0.0370437340637286,"signal recognition particle 19","gonad"
"tmlhe",80.7550571168327,0.527784372696018,0.16815513307884,3.13867535907194,0.00169713354929216,0.0279646378278676,"trimethyllysine hydroxylase, epsilon, transcript variant X1","gonad"
"nudt7",52.0279260364709,0.52713228421242,0.181248482899117,2.90834039425215,0.00363352598000644,0.0440378527919478,"nudix hydrolase 7, transcript variant X1","gonad"
"LOC115103125",92.6070982675694,0.526504567574297,0.136817833636377,3.84821593487291,0.00011898115699596,0.00655431940475721,"deubiquitinating protein VCIP135-like","gonad"
"LOC115144937",81.3936190599564,0.526044751822281,0.16971862018833,3.09951112752713,0.00193840296370203,0.0304443289004966,"AN1-type zinc finger protein 5-like","gonad"
"LOC115145368",571.415887918826,0.525169392972192,0.179047433976844,2.93312996063441,0.00335563396508445,0.0421042780028149,"non-specific lipid-transfer protein-like, transcript variant X2","gonad"
"LOC115127937",288.809654632536,0.52451399252148,0.182312588541931,2.87700370400283,0.00401470882798458,0.0464909052797379,"60S ribosomal protein L30-like","gonad"
"LOC115105673",112.291883565669,0.524369205136133,0.182021986474385,2.88080146411282,0.00396665413929164,0.0462056726223946,"sodium channel subunit beta-4-like, transcript variant X1","gonad"
"LOC115132318",133.4382676159,0.524268360619142,0.166494972330974,3.14885400609548,0.00163912060396738,0.0273026364088365,"cell division control protein 42 homolog, transcript variant X3","gonad"
"LOC115141909",85.8271155626937,0.523852998162722,0.149339285042141,3.50780437990513,0.000451821154384508,0.0128779668430222,"Friend leukemia integration 1 transcription factor-like, transcript variant X2","gonad"
"vamp8",108.339996459367,0.522355178972171,0.165111025760779,3.1636601890475,0.00155798586531922,0.0264035799327087,"vesicle associated membrane protein 8","gonad"
"LOC115111637",503.304058600701,0.521608792010954,0.145264409258728,3.59075422997745,0.000329722439595366,0.0109042634121921,"MOB kinase activator 1A","gonad"
"LOC115135940",240.274487741284,0.521522899045699,0.174614839722706,2.98670433666402,0.00282002309323085,0.0378700734324699,"nucleolar protein 16-like","gonad"
"LOC115101971",96.0368109259668,0.521149693527921,0.116265570246468,4.48240775341447,7.38055495357673e-06,0.00203520483124677,"ETS domain-containing protein Elk-3-like, transcript variant X2","gonad"
"LOC115112278",99.2504601930631,0.516077092015915,0.137834384216956,3.74418251982461,0.000180982059309474,0.00803062834590226,"transcription factor 12-like, transcript variant X6","gonad"
"LOC115135866",1216.42094196594,0.515514996437145,0.180140849521083,2.86173290404524,0.00421331810852024,0.0477394492458135,"non-histone chromosomal protein HMG-14-like","gonad"
"LOC115109490",43.0621353470655,0.515496758117913,0.165545361841459,3.11393054075171,0.00184612944963273,0.0294796185466419,"nuclear factor of activated T-cells 5-like, transcript variant X2","gonad"
"LOC115107474",265.788512249308,0.513477028090623,0.176088369464423,2.91601898326604,0.00354528929180114,0.0436395066996214,"protein FAM89A-like","gonad"
"LOC115139988",66.4916876644219,0.510510335705545,0.147084064444136,3.47087454806801,0.000518766301300794,0.0137700598924228,"U5 small nuclear ribonucleoprotein 200 kDa helicase-like","gonad"
"LOC115136712",99.2595681361377,0.510448246364769,0.177460582309895,2.87640353548139,0.00402235119507264,0.0464909052797379,"vacuolar protein sorting-associated protein 26B-like","gonad"
"naxe",91.2771325722268,0.509690746562176,0.138085587001375,3.69112198912622,0.000223267019673095,0.00894842386133489,"NAD(P)HX epimerase","gonad"
"LOC115138057",117.677903184256,0.509673477272235,0.178411572521643,2.85672879885865,0.00428031387929942,0.0481495531552419,"mitochondrial fission 1 protein-like","gonad"
"LOC115137643",112.050501586515,0.508308317668401,0.17589062883655,2.88991131040163,0.00385350527286738,0.0454608458311761,"transmembrane protein 199-like","gonad"
"LOC115144868",54.2077770737976,0.506819059207702,0.175223167144948,2.89242037720077,0.00382286066321035,0.0453053904707879,"NUAK family SNF1-like kinase 1","gonad"
"LOC115138465",263.79109677024,0.506759171375884,0.158491324256398,3.1973937611631,0.00138675483295374,0.02466582139651,"bcl-2-modifying factor-like","gonad"
"LOC115119017",137.712656709174,0.506402149951735,0.164555801852488,3.07738860769969,0.00208822869488807,0.031510734131549,"vesicular integral-membrane protein VIP36-like, transcript variant X2","gonad"
"LOC115128647",157.806537844071,0.506187401780259,0.134513475492546,3.76309808312333,0.000167821343155941,0.00769435430893752,"zinc finger and BTB domain-containing protein 10-like","gonad"
"LOC115106138",53.3962247969041,0.505647388099491,0.144086132026126,3.50934112109974,0.000449218354528381,0.0128779668430222,"SCY1-like protein 2","gonad"
"LOC115143302",35.9084337105263,0.504905339002184,0.175380750955089,2.87890966512898,0.00399052621026464,0.0463544426574311,"serine/threonine-protein kinase Nek4-like, transcript variant X3","gonad"
"LOC115128279",293.275602355455,0.504557944545681,0.14084455643037,3.5823744795925,0.000340485229738268,0.0110390175555857,"sialidase-1-like","gonad"
"LOC115147158",63.0173520550457,0.50450923023109,0.169965865950441,2.96829735435347,0.00299454484498716,0.0390738907925679,"microtubule-associated serine/threonine-protein kinase 3-like, transcript variant X1","gonad"
"LOC115142364",660.658910116742,0.500275754459922,0.157594922494994,3.17444081661839,0.0015012550268162,0.025824802244446,"rho guanine nucleotide exchange factor 3-like","gonad"
"LOC115103687",251.372954532041,0.499109346037467,0.156683970207989,3.1854525091171,0.00144527823143565,0.0252798377359785,"ras and Rab interactor 2-like, transcript variant X1","gonad"
"bcap29",189.588051643235,0.4988537270864,0.148048863013073,3.36952082531258,0.000752990009594265,0.0175497902621226,"B cell receptor associated protein 29","gonad"
"fosl2",189.558783604615,0.498532472980459,0.173319915759669,2.87637153985085,0.00402275898845937,0.0464909052797379,"FOS like 2, AP-1 transcription factor subunit, transcript variant X1","gonad"
"LOC115105209",83.7655376133424,0.497793749810259,0.123843331071804,4.01954425403528,5.83108286015039e-05,0.00456332501762459,"RING finger protein 145-like","gonad"
"LOC115102427",239.676587780315,0.496943635966499,0.152058644260087,3.26810513394099,0.00108270138963867,0.0215753019183465,"citrate synthase, mitochondrial-like","gonad"
"LOC115126126",56.4148754204787,0.496540854499708,0.163030625728831,3.04569066259739,0.00232146539224821,0.0336918670356982,"nck-associated protein 1-like","gonad"
"LOC115111291",102.44144916003,0.496025638833359,0.165097591116974,3.00443898349744,0.00266071121124838,0.0366246192201861,"nucleolar protein 6-like","gonad"
"LOC115104166",136.076166649077,0.494752194691577,0.130728292519309,3.78458392714414,0.000153965944515723,0.00748838391380655,"protein tweety homolog 3-like, transcript variant X1","gonad"
"LOC115101039",56.9071688948424,0.493452235304958,0.145545067074045,3.39037416537048,0.000697972890938367,0.0167846302091086,"centrin-3","gonad"
"LOC115144429",303.82694255905,0.49343011572252,0.149290425223746,3.30516920280052,0.000949190779666844,0.0201326025649897,"vacuolar protein sorting-associated protein 26A-like","gonad"
"LOC115129293",155.751193212928,0.492848528259976,0.164829204724331,2.99005585256715,0.00278926440203229,0.0377080301439301,"COMM domain-containing protein 5-like","gonad"
"isca2",242.07943140601,0.492207879680896,0.159311278893177,3.08959844588866,0.00200427271230236,0.030943516466464,"iron-sulfur cluster assembly 2, transcript variant X1","gonad"
"LOC115146682",512.051824492005,0.491546231152486,0.167229493125111,2.93935131875776,0.00328900030201992,0.0415956665874524,"ATPase inhibitor B, mitochondrial-like","gonad"
"wdr61",131.320061817123,0.488212068670816,0.158218825539806,3.08567622724509,0.00203089835358173,0.0311954234413113,"WD repeat domain 61, transcript variant X1","gonad"
"mrpl48",152.507550579698,0.487835383497639,0.14883199497172,3.2777588151683,0.00104634757645271,0.021155330287389,"mitochondrial ribosomal protein L48","gonad"
"LOC115110513",382.186540562373,0.487556162815746,0.151693658716835,3.21408400944342,0.00130861379993825,0.0239169996268802,"DNA-directed RNA polymerases I, II, and III subunit RPABC2","gonad"
"ldah",73.5124443664558,0.485936873026826,0.15635514259472,3.1079046391611,0.00188418854296967,0.0299556280088943,"lipid droplet associated hydrolase","gonad"
"znf319",70.1862378297674,0.485809793562156,0.155900226125933,3.11615836380974,0.00183223847033763,0.0293610959112533,"zinc finger protein 319, transcript variant X2","gonad"
"LOC115111647",375.49448911101,0.485642122133684,0.161250195974925,3.01173043044985,0.00259763164005345,0.0361676380803762,"transcobalamin-2-like","gonad"
"LOC115140753",212.411928725931,0.485117460172468,0.169877225044115,2.85569451729912,0.00429428089834325,0.0482468836573763,"zyxin-like, transcript variant X2","gonad"
"ubxn8",243.918130482829,0.484054235985655,0.169951950942879,2.84818287345431,0.00439696505795721,0.0489462278309449,"UBX domain protein 8","gonad"
"LOC115136948",493.563243594442,0.483997758908896,0.167370539947923,2.89177389915508,0.00383073520569773,0.0453141161004891,"histone H3.3","gonad"
"LOC115140452",171.602168497535,0.483446384299689,0.160050011124365,3.0205957556856,0.00252277924061337,0.0355440348415262,"glutaredoxin-related protein 5, mitochondrial-like","gonad"
"LOC115106515",225.753960437206,0.483322665380392,0.169949915956134,2.84391235300842,0.00445633045511744,0.0494857099346252,"pleckstrin homology domain-containing family M member 1-like","gonad"
"cops3",278.910106540116,0.483140317677461,0.144097007074579,3.35288239142542,0.000799746818583685,0.0181049915688346,"COP9 signalosome subunit 3","gonad"
"LOC115113214",86.0375906305604,0.482663439918352,0.152285579952932,3.16946253261491,0.00152721146878725,0.0260601987098697,"survival of motor neuron-related-splicing factor 30-like, transcript variant X1","gonad"
"LOC115102537",525.055393209571,0.480766237045049,0.11990094486925,4.00969514935279,6.07971888865123e-05,0.00463795698077108,"chromobox protein homolog 5-like","gonad"
"LOC115110101",103.515935544991,0.480270169368729,0.151223868701542,3.17588865760735,0.00149378272839043,0.0257987546753684,"protein PET100 homolog, mitochondrial","gonad"
"LOC115125732",595.073113889422,0.478498446440478,0.164683335913827,2.9055668795224,0.00366588497265507,0.0442244568528409,"actin-related protein 2/3 complex subunit 3-B-like","gonad"
"LOC115132474",249.226478471555,0.478210679525407,0.166432635413981,2.87329872735545,0.00406209819038737,0.0467966083405286,"probable Bax inhibitor 1","gonad"
"LOC115138487",39.4149459796505,0.477033115803451,0.166313608428879,2.86827470289327,0.00412717021051464,0.0472464705814021,"protein-arginine deiminase type-2-like, transcript variant X2","gonad"
"plcg2",100.450908207864,0.476716999899676,0.165382703825525,2.88250819990584,0.00394522867401668,0.0460936755504805,"phospholipase C gamma 2","gonad"
"LOC115105094",88.9458720220721,0.476196146698808,0.157915673707261,3.01550907214927,0.0025654826403108,0.035968264723925,"neuropilin-1a, transcript variant X3","gonad"
"LOC115109223",491.199910161169,0.475329935047221,0.153203388003854,3.10260720236333,0.00191824058307462,0.0302585369472657,"cystinosin-like","gonad"
"LOC115113497",176.795879028116,0.473470509338463,0.130640411724061,3.62422701436771,0.000289826956762604,0.0101389553880559,"autophagy-related protein 13-like, transcript variant X2","gonad"
"LOC115125262",285.075606052053,0.472929265704134,0.148061631134206,3.19413788758994,0.00140249111511746,0.0247681595263848,"zyxin-like, transcript variant X1","gonad"
"LOC115133836",304.75382870493,0.471522087018214,0.143006334771724,3.29721118837768,0.000976500459574782,0.020425509612949,"arrestin red cell-like","gonad"
"LOC115138553",121.928502955369,0.471229274887561,0.143113291144344,3.29270098618778,0.000992299456560502,0.0206607671253583,"charged multivesicular body protein 3, transcript variant X2","gonad"
"LOC115112389",31.3503400468831,0.471105438054661,0.15338000417963,3.07149188431975,0.00212991954137605,0.031801660520743,"forkhead box protein F1-like","gonad"
"LOC115133984",24.4519260798967,0.47035772385739,0.164034565270275,2.86743055088661,0.00413819616616786,0.0472796479595952,"transcription initiation factor TFIID subunit 4-like, transcript variant X2","gonad"
"LOC115118440",138.202784565337,0.469501944883344,0.150098042928286,3.12796846463656,0.00176019065881662,0.02873922805888,"activated RNA polymerase II transcriptional coactivator p15-like","gonad"
"LOC115144424",301.778137276992,0.469190150527353,0.146615107040778,3.20014874317731,0.00137356681088927,0.024618439307508,"membrane-spanning 4-domains subfamily A member 15-like","gonad"
"LOC115113376",336.025027557,0.468674664456148,0.126278466649784,3.71143772085823,0.00020608537625024,0.00850383202545307,"transmembrane 9 superfamily member 3-like","gonad"
"LOC115142908",373.982151745154,0.467395554272853,0.118616669330487,3.94038676782103,8.13503430076123e-05,0.00537167462330539,"synaptophysin-like protein 1","gonad"
"LOC115141877",44.5496130530497,0.467009349560672,0.160043876699639,2.91800823118731,0.00352275050663566,0.0435391818914071,"vacuole membrane protein 1-like, transcript variant X1","gonad"
"LOC115144303",87.0954989799047,0.466176642335894,0.156491609315833,2.97892420158484,0.00289262324861192,0.0383626498917444,"protein phosphatase 1G-like, transcript variant X1","gonad"
"LOC115136789",2181.14811408448,0.465946977734132,0.139737680984828,3.33444046337596,0.000854711953950804,0.018860942127626,"claudin-3-like","gonad"
"LOC115131525",50.6918979702724,0.465291517593294,0.163703742991516,2.84227781900752,0.00447924398658401,0.0496480008795692,"frizzled-1-like","gonad"
"srd5a3",72.97041876015,0.46430038346145,0.159200920828462,2.91644282611739,0.00354047605344883,0.0436098257981119,"steroid 5 alpha-reductase 3, transcript variant X1","gonad"
"LOC115109066",71.7531570509418,0.464005332833117,0.161696847337007,2.86960036930121,0.00410990871298015,0.0471380306966946,"cytochrome b reductase 1","gonad"
"LOC115134982",84.9807014607231,0.463634560781612,0.15949697142202,2.90685494933231,0.00365082442889484,0.0441307379034718,"GTP-binding protein SAR1b-like, transcript variant X1","gonad"
"LOC115102447",690.699366693635,0.463093206221758,0.151046622491417,3.06589580477427,0.00217018927759724,0.0322702346634361,"C4b-binding protein alpha chain-like, transcript variant X2","gonad"
"LOC115118033",497.539987639009,0.463000417570495,0.159099911501791,2.91012366506113,0.0036128577316807,0.0439044045778176,"small ubiquitin-related modifier 3-like","gonad"
"LOC115141755",300.597199536744,0.461461540391354,0.110707757458854,4.16828550215066,3.06899377928797e-05,0.00345486080624845,"tripartite motif-containing protein 3-like","gonad"
"LOC115107198",47.5760691457714,0.457664039676426,0.157644447622162,2.90314087542965,0.00369440411503977,0.0444209278891801,"kelch-like protein 10","gonad"
"pcyox1",223.45878117318,0.45629587893384,0.144887067474479,3.14932096347532,0.00163650349378626,0.0272840747779462,"prenylcysteine oxidase 1","gonad"
"LOC115110486",109.333923202641,0.456279226543067,0.127352640159835,3.58280147133511,0.000339928956065605,0.0110390175555857,"sterol regulatory element-binding protein 2-like, transcript variant X2","gonad"
"LOC115139828",286.368476342989,0.455606804708747,0.139482181775053,3.26641581677808,0.00108918186568447,0.0215753019183465,"mothers against decapentaplegic homolog 2-like, transcript variant X2","gonad"
"LOC115112141",255.289682746237,0.454052097549361,0.151729966221339,2.9925011443488,0.00276701629711559,0.037491005888381,"CKLF-like MARVEL transmembrane domain-containing protein 3","gonad"
"LOC115135971",161.394778642173,0.45243033719648,0.140488438735735,3.22040974522836,0.0012800749264724,0.0237412926625662,"3-methyl-2-oxobutanoate dehydrogenase [lipoamide] kinase, mitochondrial-like","gonad"
"LOC115144010",184.813339690795,0.451920693761124,0.130172960206782,3.47169406797878,0.000517185360241096,0.0137607901637429,"anthrax toxin receptor 1-like","gonad"
"LOC115118943",90.9517462847069,0.451743074050118,0.15844577549661,2.85108941929337,0.00435697148646004,0.0486801072665653,"cadherin-2-like","gonad"
"LOC115103371",110.545319681664,0.449561584303977,0.157358438331993,2.85692708360194,0.0042776409371049,0.0481493173304876,"nuclear receptor-binding protein 2-like, transcript variant X2","gonad"
"LOC115129370",222.940865748946,0.449311727636581,0.153319833990426,2.93055187931289,0.00338360489876888,0.0423090430730356,"V-type proton ATPase 116 kDa subunit a-like, transcript variant X2","gonad"
"LOC115139357",820.712402511421,0.449271656175885,0.137499172643258,3.26744988743693,0.00108521076885336,0.0215753019183465,"tumor necrosis factor receptor superfamily member 21-like","gonad"
"LOC115113146",237.648869091988,0.446748403435784,0.139500921880077,3.20247635223396,0.00136251486418478,0.0244971819826295,"bcl-2-like protein 11","gonad"
"LOC115102875",216.147030166015,0.446437178357366,0.133064449419667,3.3550447193402,0.000793521556537044,0.0180315111145013,"far upstream element-binding protein 3-like, transcript variant X3","gonad"
"LOC115127474",127.722305488615,0.443259191635352,0.145567858167777,3.04503478456395,0.00232653400207243,0.0337115333931581,"protein ABHD13","gonad"
"LOC115125845",55.2027311948211,0.441107958283681,0.151885354471039,2.90421653766353,0.0036817342572182,0.0443188133540538,"T-cell acute lymphocytic leukemia protein 1 homolog","gonad"
"LOC115140031",66.2379830662101,0.439568148572319,0.154797353200747,2.83963607570389,0.00451650273729402,0.0498435875094597,"glutamine--fructose-6-phosphate aminotransferase [isomerizing] 1","gonad"
"LOC115133353",81.0761928257226,0.439432255543083,0.139611759900646,3.14753037892942,0.00164655995306081,0.0273763209778132,"E3 ubiquitin/ISG15 ligase TRIM25-like, transcript variant X3","gonad"
"LOC115106900",311.572700781373,0.439131558865489,0.130446444638543,3.36637430082734,0.000761632850220909,0.0175778087364822,"ADP-ribosylation factor 4","gonad"
"LOC115109226",82.089922385711,0.437996080233305,0.153209503282708,2.85880490993497,0.00425240217847626,0.0480140634032431,"vimentin-type intermediate filament-associated coiled-coil protein-like","gonad"
"LOC115130820",86.954337279447,0.437929234364174,0.144051807642582,3.04008149242219,0.00236514143377815,0.0340986734823224,"peptidyl-prolyl cis-trans isomerase D-like","gonad"
"LOC115137894",222.338308025101,0.437569285467228,0.142350882747489,3.07387827192765,0.00211295628023571,0.0317122921188483,"ankyrin repeat domain-containing protein 46-like, transcript variant X2","gonad"
"LOC115129300",83.8682940075113,0.437442800799116,0.145139445474482,3.01394840919401,0.00257871652761077,0.0360506581735276,"stress-70 protein, mitochondrial-like","gonad"
"LOC115137949",132.260067763805,0.437198369007922,0.147398975935242,2.96608823931043,0.00301613939500351,0.039202491877248,"prefoldin subunit 2-like, transcript variant X1","gonad"
"LOC115106839",215.991709757643,0.437096824154693,0.131989115782847,3.31161263989237,0.000927598885063367,0.0197670015929701,"uncharacterized LOC115106839, transcript variant X2","gonad"
"LOC115104202",141.24565993039,0.434890122813738,0.149083261932571,2.91709556912186,0.00353307501001336,0.0436074166429657,"putative E3 ubiquitin-protein ligase UNKL, transcript variant X1","gonad"
"glis2",151.474209132527,0.432621042063437,0.150988823147404,2.8652520964488,0.00416677380957757,0.0474527240457833,"GLIS family zinc finger 2","gonad"
"LOC115129790",47.5161001120277,0.431193549017981,0.148111718180388,2.9112723443855,0.00359960112867129,0.043861985296749,"transcription factor Sp3-like","gonad"
"LOC115140940",299.321811843274,0.42888860359381,0.137706378525987,3.11451516033351,0.00184247488073362,0.0294471601536969,"epithelial discoidin domain-containing receptor 1-like","gonad"
"nfs1",455.579438872904,0.428347840944008,0.112238027564089,3.81642345504885,0.000135400053561366,0.00712557499263817,"NFS1 cysteine desulfurase, transcript variant X1","gonad"
"LOC115138675",30.6730828877168,0.428147288854592,0.13420511882441,3.19024559275392,0.00142151936270763,0.0249613821930077,"zinc finger MYM-type protein 4-like","gonad"
"LOC115122343",481.301995422675,0.427867022177541,0.145707362872519,2.93648182042719,0.00331958276918751,0.0417963555876341,"cell division control protein 42 homolog","gonad"
"LOC115141933",67.9977410212575,0.426581235992915,0.133384527223218,3.19813133407171,0.00138321269267322,0.02466582139651,"vascular endothelial zinc finger 1-like, transcript variant X7","gonad"
"LOC115110749",267.682954275382,0.426330768226481,0.100418866708854,4.245524593128,2.18082586276492e-05,0.00282821959745427,"signal transducing adapter molecule 2-like","gonad"
"LOC115141144",210.637488772134,0.426273898144467,0.145722868141952,2.92523681135088,0.00344194186663917,0.0428320058469505,"probable Bax inhibitor 1, transcript variant X2","gonad"
"LOC115130376",2894.42033822585,0.425769746163188,0.140307086451304,3.03455625037841,0.00240889829729923,0.0344377617998149,"myosin regulatory light polypeptide 9","gonad"
"LOC115105247",173.677457119164,0.425159100225465,0.139939485044991,3.03816396129209,0.00238024408343792,0.0341356331586879,"protein YIPF5, transcript variant X2","gonad"
"LOC115143034",178.273642094167,0.425129617885596,0.143199268597022,2.96879741112335,0.00298967630751284,0.0390738907925679,"protein SYS1 homolog, transcript variant X2","gonad"
"LOC115101426",213.743618165297,0.423942582605148,0.131319133133891,3.22833826638882,0.00124511644181462,0.0233780372014191,"zinc finger and BTB domain-containing protein 20-like","gonad"
"LOC115113685",203.535513664131,0.423516977403839,0.135968399693161,3.11481916650918,0.00184057710804887,0.0294427471134232,"toll-interacting protein","gonad"
"LOC115102419",1897.92854077549,0.422321375478624,0.138513996533005,3.04894368835855,0.00229647523186877,0.0334629248072306,"CD63 antigen-like","gonad"
"fuom",189.931286421535,0.421142316398157,0.12101796928545,3.47999820923117,0.000501417134074744,0.0135920554227591,"fucose mutarotase, transcript variant X1","gonad"
"LOC115105867",71.2557963965577,0.419980774203206,0.141421105570429,2.96971779784349,0.00298073432348105,0.0390738907925679,"rapamycin-insensitive companion of mTOR-like, transcript variant X3","gonad"
"LOC115138841",67.2015266538134,0.418560310717513,0.142036676963409,2.94684668541874,0.00321032328779126,0.0408455708571395,"putative Polycomb group protein ASXL2","gonad"
"hif1a",121.984211421872,0.416813027334477,0.134535675256736,3.09815984896993,0.00194726365789499,0.030474223428397,"hypoxia inducible factor 1 subunit alpha, transcript variant X1","gonad"
"LOC115117262",59.7651174051231,0.416555326656132,0.137611240314659,3.02704434393329,0.00246957727091732,0.0352220305819126,"beta-adrenergic receptor kinase 2-like","gonad"
"LOC115139948",133.461153967799,0.415512752755138,0.13933471370446,2.98211939945185,0.00286260332762129,0.0381402586135447,"E3 ubiquitin-protein ligase RNF34-like, transcript variant X1","gonad"
"pheta1",223.281122929798,0.412431478371116,0.132823409408444,3.10511136709984,0.00190207393768835,0.0301344279342667,"PH domain containing endocytic trafficking adaptor 1, transcript variant X2","gonad"
"LOC115135827",66.8973724462044,0.41145388657564,0.120821065662802,3.40548135640486,0.000660475230866621,0.0161779020461877,"NLR family CARD domain-containing protein 3-like","gonad"
"LOC115103203",141.94482122054,0.409755289895642,0.10960516957946,3.73846682111636,0.000185145921364378,0.0081195877978059,"cyclic AMP-dependent transcription factor ATF-6 alpha-like, transcript variant X7","gonad"
"LOC115140246",282.548476846785,0.405573502935684,0.126352533603135,3.20985651312354,0.00132801246622646,0.0241021932671025,"erlin-2, transcript variant X2","gonad"
"LOC115102702",198.385945618986,0.405159843242478,0.122089619910202,3.31854455391438,0.000904878856659926,0.0194656167316559,"protein RER1-like, transcript variant X2","gonad"
"LOC115105880",115.574287783334,0.403328863687389,0.137349416461578,2.93651676197849,0.00331920881750958,0.0417963555876341,"BRCA1-A complex subunit Abraxas 1","gonad"
"slc39a10",122.447765682169,0.403156718748132,0.121287147445974,3.32398549423972,0.0008874081160064,0.0192494405665618,"solute carrier family 39 member 10, transcript variant X2","gonad"
"LOC115143363",370.636523130317,0.400597263640921,0.136272207735693,2.93968425621972,0.00328546859636862,0.0415956665874524,"protein NDRG3-like, transcript variant X1","gonad"
"LOC115110121",298.289934318495,0.400531724887841,0.127307413429106,3.14617754064171,0.0016541955758366,0.0274781105900177,"SUMO-conjugating enzyme UBC9-like, transcript variant X1","gonad"
"wdr81",126.73344304799,0.399982754490208,0.127152876164602,3.14568389292605,0.0016569899015691,0.0274993680556568,"WD repeat domain 81, transcript variant X1","gonad"
"LOC115141932",96.721120871744,0.397249378168407,0.12901831068419,3.07901549835659,0.00207685877181435,0.0313967092931402,"CUE domain-containing protein 1-like, transcript variant X2","gonad"
"LOC115103091",103.9750402076,0.396991706977506,0.132917382091181,2.98675538693028,0.00281955226325009,0.0378700734324699,"translation initiation factor eIF-2B subunit gamma-like","gonad"
"LOC115107921",72.578301487969,0.395408949006235,0.132949040667012,2.97413916657427,0.0029381178802555,0.0387396283470726,"phospholipase DDHD1-like","gonad"
"znf622",83.7800952073769,0.393545432205877,0.132991524733388,2.95917678209066,0.00308462093432475,0.0397758364230115,"zinc finger protein 622, transcript variant X2","gonad"
"LOC115112254",231.283197781932,0.392180114398457,0.127292886490815,3.08092718462124,0.00206357106643675,0.0313262510720951,"ubiquitin carboxyl-terminal hydrolase 10-like, transcript variant X1","gonad"
"LOC115136594",333.236557029903,0.391586499272793,0.129125928448044,3.03259387157363,0.00242461672606061,0.0346079727031103,"integrin-linked protein kinase","gonad"
"LOC115103833",384.224962134711,0.390384621683888,0.113461199388473,3.44068830391324,0.000580236533026136,0.0148203224579194,"probable helicase with zinc finger domain, transcript variant X5","gonad"
"LOC115103167",35.9029851275154,0.390338600837837,0.131129263935519,2.97674667822264,0.00291324613988565,0.0385235957143218,"protein phosphatase 1 regulatory subunit 7-like, transcript variant X1","gonad"
"LOC115108370",319.463193147868,0.389555245800635,0.119367991833561,3.26348160689347,0.00110052327488461,0.0216893951726441,"neurogenic locus notch homolog protein 2-like","gonad"
"LOC115142911",119.30745262163,0.388940496933015,0.131593170841572,2.95562827801504,0.00312032909509373,0.0400655551983888,"cytochrome b561 domain-containing protein 1, transcript variant X1","gonad"
"LOC115136639",84.2295557802564,0.387238866298839,0.108974185446291,3.55349172570501,0.000380153155883646,0.0116984079630906,"vascular endothelial zinc finger 1-like, transcript variant X1","gonad"
"LOC115102279",187.130252494245,0.387217148554043,0.130041708577118,2.97763811926858,0.00290478730939478,0.038467833411615,"UPF0688 protein C1orf174 homolog, transcript variant X2","gonad"
"LOC115104167",48.8552163388325,0.384648927603806,0.134571295982963,2.85832818056908,0.00425879679412399,0.0480563794867093,"sorting nexin-8-like, transcript variant X1","gonad"
"LOC115102549",53.8267617784338,0.384407249003598,0.127835591029703,3.00704401573329,0.00263801562955169,0.0365265727974365,"molybdate-anion transporter-like","gonad"
"LOC115102233",227.559678452017,0.38350605751041,0.109145819512931,3.51370358683298,0.000441905631419883,0.0127870306457385,"rho-related GTP-binding protein RhoA-C, transcript variant X1","gonad"
"LOC115140816",98.7341738999156,0.382741420120593,0.123016901409136,3.11129134075367,0.00186271063852993,0.0297182551433651,"multiple epidermal growth factor-like domains protein 8, transcript variant X2","gonad"
"LOC115133612",75.2047414468893,0.382424150309827,0.124402678249133,3.07408293528834,0.00211150724674973,0.0317122921188483,"PHD finger protein 23B-like, transcript variant X1","gonad"
"LOC115143304",119.13548846892,0.381999687307478,0.116817160484694,3.2700648237168,0.00107522841328982,0.021549085306369,"calcium/calmodulin-dependent protein kinase type 1-like, transcript variant X2","gonad"
"LOC115136212",88.9335347089286,0.381841011378235,0.121060630437359,3.15413037251458,0.00160977154567524,0.0269621883609592,"RNA-binding protein 27-like, transcript variant X2","gonad"
"LOC115127881",163.39756020528,0.381041372997515,0.111899890451497,3.40519880278772,0.000661159028325142,0.0161779020461877,"docking protein 3-like","gonad"
"lg1h2orf69",52.2007269655882,0.379679921382088,0.122432586936763,3.10113451721962,0.00192780692274713,0.0303303834396854,"linkage group 1 C2orf69 homolog, transcript variant X3","gonad"
"LOC115115496",99.1733244596015,0.379216842246765,0.122330191282399,3.09994481551446,0.00193556701273666,0.0304261079508631,"transmembrane protein 109-like","gonad"
"LOC115143449",306.99424327023,0.377285282762157,0.123616987700611,3.05205044856704,0.00227283898226418,0.0332519456583308,"guanine nucleotide-binding protein G(I)/G(S)/G(T) subunit beta-1-like","gonad"
"LOC115116342",1116.20287622547,0.376060539596521,0.128545290128678,2.92551006124046,0.00343892055660664,0.0428237596884431,"high mobility group-T protein-like","gonad"
"oip5",666.831128810346,0.373296942625888,0.104236475264105,3.58125062920691,0.00034195342597154,0.0110471644162621,"Opa interacting protein 5, transcript variant X2","gonad"
"LOC115132953",49.4026765824281,0.372948259556324,0.127805495878192,2.91809250450208,0.0035217985493002,0.0435391818914071,"zinc finger protein 397-like, transcript variant X1","gonad"
"LOC115111553",252.474459845156,0.372350678096219,0.114530059451508,3.25111747849805,0.00114952347543043,0.0221557836729457,"transmembrane protein 127","gonad"
"LOC115114670",167.11763485915,0.370196914181136,0.123550574712072,2.99631883577928,0.00273260554516315,0.0373031475774302,"TOX high mobility group box family member 4-A-like, transcript variant X6","gonad"
"LOC115134396",277.983171101494,0.369770035244025,0.0992902071000753,3.72413399109271,0.0001959868199323,0.00835761048150494,"muscleblind-like protein 2a, transcript variant X2","gonad"
"LOC115143209",237.009146528916,0.366193656540955,0.125823625622445,2.910372791512,0.00360997886445055,0.0439044045778176,"RNA-binding motif, single-stranded-interacting protein 1-like, transcript variant X6","gonad"
"LOC115138711",90.8230812643537,0.3658306298623,0.126455516876652,2.89295903332665,0.00381631070117896,0.0452573070480765,"F-box only protein 34-like, transcript variant X1","gonad"
"ccpg1",177.527504857293,0.365766686941657,0.104017842888883,3.51638408164632,0.000437467638820579,0.0127376184825847,"cell cycle progression 1, transcript variant X6","gonad"
"LOC115143065",521.887422163617,0.365389505449488,0.114279701930597,3.19732637797211,0.00138707885249156,0.02466582139651,"carboxy-terminal domain RNA polymerase II polypeptide A small phosphatase 2-like","gonad"
"LOC115103860",494.089985876555,0.364684391415241,0.121377609601382,3.00454418745687,0.0026597912054035,0.0366246192201861,"actin-related protein 2-A","gonad"
"LOC115138595",117.695548697967,0.363712774721308,0.0915957040406739,3.97084970884441,7.16167485359428e-05,0.00500105264007145,"thioredoxin-related transmembrane protein 1-like, transcript variant X2","gonad"
"LOC115130589",132.704210614988,0.361107147451265,0.120987958820097,2.98465360497744,0.00283899619926401,0.0379564175212351,"solute carrier family 25 member 51-like, transcript variant X1","gonad"
"LOC115140086",184.151800373545,0.357855501109528,0.11998755197811,2.98243855474952,0.00285962043787808,0.0381402586135447,"MOB kinase activator 1A","gonad"
"LOC115112145",81.6023849355684,0.357445735837689,0.109842566899864,3.25416408161281,0.0011372657198381,0.022078728948186,"NEDD8-activating enzyme E1 regulatory subunit-like, transcript variant X2","gonad"
"LOC115126112",94.3748887817376,0.353917898235666,0.107188683471233,3.30182148687971,0.00096059183708789,0.0202561038259788,"GTP-binding protein 1-like, transcript variant X2","gonad"
"LOC115106403",337.115799783163,0.353768656223494,0.0973779523434145,3.63294408754755,0.000280205752559218,0.0100266572962441,"anthrax toxin receptor 1-like","gonad"
"gabpa",96.7641962888539,0.353382028757246,0.10990233077266,3.21541887485753,0.00130254305285572,0.0239092064159742,"GA binding protein transcription factor subunit alpha, transcript variant X2","gonad"
"LOC115117203",181.889594818819,0.348860745510147,0.0977681108930419,3.56824676598078,0.000359377961053465,0.0112886959530912,"mitotic-spindle organizing protein 2-like, transcript variant X1","gonad"
"LOC115101334",192.215152790343,0.347118667021931,0.112165620234803,3.0946975222469,0.00197013703676795,0.0307053620521425,"adenylosuccinate synthetase isozyme 2-like","gonad"
"LOC115102098",532.633481562341,0.346315253414723,0.106476630636025,3.25250011524643,0.00114394549474474,0.0221422968044621,"transcription cofactor vestigial-like protein 4, transcript variant X1","gonad"
"LOC115141881",132.783766408627,0.343557841631529,0.116972317287739,2.93708673639777,0.00331311424894722,0.0417962392421115,"beta-secretase 2-like","gonad"
"LOC115144704",279.551684947247,0.341747752007625,0.110634796744247,3.08897166230294,0.00200850595814372,0.0309693679058557,"apoptosis inhibitor 5-like, transcript variant X1","gonad"
"LOC115103136",177.081570125599,0.340143075334112,0.100429221267528,3.38689348618986,0.000706888263643946,0.0169355982463882,"la-related protein 4B-like, transcript variant X1","gonad"
"LOC115105622",119.039324881338,0.340091715447539,0.11472755120759,2.96434214683246,0.00303330821190021,0.0393939512841632,"misshapen-like kinase 1, transcript variant X5","gonad"
"LOC115110692",293.670221314493,0.339579712293155,0.119593166829294,2.83945748152875,0.00451903170641262,0.0498435875094597,"rho GDP-dissociation inhibitor 1-like, transcript variant X3","gonad"
"LOC115144952",198.803639464549,0.339119806959357,0.100674871598961,3.36846525427163,0.000755879237331064,0.0175728330653349,"long-chain-fatty-acid--CoA ligase ACSBG2-like, transcript variant X2","gonad"
"LOC115110639",166.327350221612,0.338560143490806,0.114046907091608,2.96860434118443,0.0029915551740975,0.0390738907925679,"growth factor receptor-bound protein 2","gonad"
"fam133b",945.221890972829,0.333155330946738,0.1035942440007,3.21596372617467,0.00130007263715187,0.0239092064159742,"family with sequence similarity 133 member B","gonad"
"LOC115106619",124.400555527967,0.332751116027357,0.115277201689787,2.88653013041379,0.00389515449599768,0.0456850290887169,"carnitine O-palmitoyltransferase 1, liver isoform-like, transcript variant X2","gonad"
"LOC115103911",113.573096822175,0.326896354863199,0.102323696251934,3.19472777897252,0.00139962789576278,0.0247676842840828,"kinesin-like protein KIF16B, transcript variant X1","gonad"
"LOC115145826",259.37847780461,0.326453903624432,0.102566376247947,3.18285500147976,0.001458306236955,0.0254342056082181,"succinate--CoA ligase [ADP/GDP-forming] subunit alpha, mitochondrial-like","gonad"
"LOC115132174",890.848516645078,0.32633910628242,0.098187857746152,3.32361978123725,0.000888572538901847,0.0192516981101455,"serine/threonine-protein kinase pim-1-like, transcript variant X2","gonad"
"LOC115141103",108.235904856892,0.324760289915167,0.105021399560886,3.09232490971411,0.00198595350669016,0.0308179246730483,"OTU domain-containing protein 7B-like, transcript variant X3","gonad"
"LOC115103923",209.954317739091,0.320436167575762,0.0870365917027069,3.68162586915494,0.000231751326034966,0.00905679553802459,"striatin-like, transcript variant X1","gonad"
"LOC115139983",213.10814456596,0.319888445644959,0.0946497691830126,3.37970655825299,0.000725632582283486,0.0172216799528614,"GTPase-activating protein and VPS9 domain-containing protein 1-like, transcript variant X4","gonad"
"LOC115129470",359.922190845513,0.319398646213718,0.0883087686981351,3.61683953838734,0.000298222046571275,0.0103133704334249,"GTP-binding nuclear protein Ran-like","gonad"
"sarnp",193.2012908428,0.318925559972602,0.109588408177452,2.91021254233548,0.00361183043997003,0.0439044045778176,"SAP domain containing ribonucleoprotein, transcript variant X1","gonad"
"LOC115138439",46.4874850803179,0.318220542780081,0.105893315841318,3.00510509328972,0.00265489100438494,0.0366000008167145,"kelch-like protein 28, transcript variant X2","gonad"
"LOC115105605",124.899593358044,0.317765468436333,0.109794434737507,2.89418556774792,0.00380143429160498,0.0451787608716125,"arrestin red cell, transcript variant X4","gonad"
"LOC115117022",111.47867915945,0.317247632627523,0.104206836591342,3.04440325610922,0.00233142401441787,0.0337370995455248,"phosphatidylinositide phosphatase SAC1-A-like","gonad"
"LOC115118184",502.879509204321,0.314620354839584,0.0892684824833376,3.5244281754012,0.00042439785331718,0.0125087133519914,"interleukin-6 receptor subunit beta-like","gonad"
"LOC115146143",153.21910907777,0.314553086538758,0.0815198104778447,3.85860914905152,0.000114034137581394,0.00648615570193903,"kinesin light chain 1-like, transcript variant X4","gonad"
"LOC115111809",145.989614168272,0.314063040290466,0.0964880686572056,3.2549417214085,0.0011341563657245,0.0220704640686967,"serine/threonine-protein kinase A-Raf-like","gonad"
"LOC115112080",173.773692204188,0.312202047347452,0.108383300483115,2.8805364475507,0.00396999047854767,0.0462056726223946,"rho GTPase-activating protein 1-like","gonad"
"LOC115137070",392.880734482902,0.302154061208099,0.105859688243206,2.85428822078069,0.00431333793331296,0.0484010899364834,"striatin-4-like","gonad"
"LOC115143445",166.095120963143,0.299031103188928,0.0803682112893606,3.72076345101529,0.00019862141834026,0.00835761048150494,"hyaluronidase-1-like","gonad"
"LOC115122674",174.731863230456,0.298686447512049,0.08344794894824,3.57931442625767,0.000344496778479406,0.0110702363010125,"far upstream element-binding protein 3-like, transcript variant X2","gonad"
"LOC115107644",103.849976633391,0.298448437764623,0.0979239247772703,3.04775812901136,0.00230555417206113,0.0335626147807015,"zinc finger protein 292-like","gonad"
"LOC115101926",462.528393247428,0.286810806456806,0.10023678432684,2.86133287677712,0.0042186385493833,0.0477516218844159,"para-nitrobenzyl esterase-like, transcript variant X2","gonad"
"gak",92.8137796406752,0.281495416383846,0.0870724067059276,3.23288889136314,0.00122545214589829,0.0231522467855664,"cyclin G associated kinase","gonad"
"LOC115140088",272.487546043463,0.275547458167747,0.0961194126529884,2.86672016154044,0.00414749567369498,0.047300208198245,"guanine nucleotide-binding protein G(i) subunit alpha-2-like","gonad"
"LOC115113644",288.821058377548,0.274639653219044,0.0919536139706969,2.98671951389061,0.00281988310814079,0.0378700734324699,"AP-1 complex subunit gamma-1, transcript variant X3","gonad"
"LOC115121826",238.745291264771,0.272511062320111,0.0863517286737153,3.15582636856997,0.00160044102376985,0.0268803027082011,"sin3 histone deacetylase corepressor complex component SDS3-like, transcript variant X1","gonad"
"LOC115129232",506.014878347316,0.224885277249175,0.0770066058124093,2.9203374811377,0.00349652514744667,0.0433330447624859,"neutral alpha-glucosidase AB-like, transcript variant X3","gonad"
"LOC115114687",370.617553927611,-0.276376843933063,0.0945891769801881,-2.92186540528787,0.00347941865805886,0.0431799898535315,"proteasome subunit beta type-5-like","gonad"
"LOC115141747",215.332345351357,-0.281625683516164,0.0873561397647479,-3.22387967548233,0.00126466526224177,0.0236058227621431,"calpain-5-like","gonad"
"LOC115123393",122.357899343145,-0.281909650076211,0.0941114226885661,-2.99548813547435,0.0027400596071355,0.0373207218508268,"COP9 signalosome complex subunit 1-like","gonad"
"LOC115105089",105.909667709615,-0.2858937217778,0.0811717253248808,-3.52208506882836,0.000428166724624653,0.0125586349794591,"ATP-dependent 6-phosphofructokinase, platelet type-like, transcript variant X3","gonad"
"LOC115132968",94.5269681846425,-0.287121826753055,0.0956357409955133,-3.0022439703429,0.00267997300551639,0.036833906047052,"protein SCAF11-like, transcript variant X1","gonad"
"LOC115124347",249.672318543415,-0.292823935199855,0.0970673611561301,-3.01670851779782,0.00255535399305765,0.0359094482182312,"caprin-1-like","gonad"
"LOC115129874",112.984837297578,-0.314090910784756,0.107665633285537,-2.91728104131207,0.00353097462680793,0.0436074166429657,"mitogen-activated protein kinase kinase kinase kinase 4-like","gonad"
"LOC115134523",215.424240012565,-0.314495511531837,0.108865422484843,-2.88884665446114,0.00386657580848832,0.0455262972625901,"apoptosis inhibitor 5-like, transcript variant X2","gonad"
"LOC115130751",267.490739359254,-0.315118177139718,0.110146948182263,-2.86088886110836,0.00422455118006379,0.0477887546574692,"polycomb group RING finger protein 3, transcript variant X1","gonad"
"LOC115124959",577.7124935654,-0.318857689022878,0.103628033460324,-3.0769443207176,0.00209134361249816,0.031510734131549,"eukaryotic translation initiation factor 5A-1-like, transcript variant X1","gonad"
"LOC115128846",228.300377171583,-0.319929331134151,0.10583985809777,-3.02276795230219,0.00250474226534169,0.0355004688286836,"M-phase phosphoprotein 8-like, transcript variant X4","gonad"
"LOC115118659",355.152792271341,-0.322661449088813,0.111562839350002,-2.89219466776512,0.00382560828504397,0.0453083783582899,"ubiquitin-conjugating enzyme E2 D2","gonad"
"LOC115129392",152.698041603513,-0.327524512289098,0.103189397647891,-3.17401321991137,0.00150346842862663,0.025824802244446,"MAP7 domain-containing protein 1-like, transcript variant X12","gonad"
"LOC115104955",96.192461121901,-0.331393640910758,0.113496197572979,-2.91986558137922,0.00350182393922217,0.0433691101231363,"cyclin-dependent kinase 8","gonad"
"LOC115112405",114.08456693124,-0.332592901070308,0.107131325822509,-3.10453453755754,0.00190578676173912,0.0301406484722434,"AP-2 complex subunit alpha-2, transcript variant X2","gonad"
"LOC115140123",166.996572313067,-0.336235069948197,0.0904451494330335,-3.71755779116876,0.000201157980052879,0.0083959178984829,"ubiquitin carboxyl-terminal hydrolase 4-like","gonad"
"LOC115130833",151.99611160462,-0.342676288405001,0.104425316266913,-3.28154417583104,0.00103240351165951,0.0210138095938228,"transmembrane protein 33-like","gonad"
"LOC115106399",202.600257342782,-0.343700531821838,0.0979733804433579,-3.50810118285695,0.00045131736108378,0.0128779668430222,"Golgi to ER traffic protein 4 homolog","gonad"
"cops7a",257.393356475037,-0.343819492956261,0.116089338083007,-2.96168019073741,0.00305965403790804,0.0395689584324162,"COP9 signalosome subunit 7A, transcript variant X2","gonad"
"LOC115107148",95.657111758286,-0.347246327281571,0.104946448596474,-3.30879540875897,0.000936982794053949,0.0199435634335797,"uncharacterized LOC115107148","gonad"
"LOC115108622",84.7417198122722,-0.350284086287838,0.108004739509746,-3.2432288423438,0.00118183245410158,0.0225593657587237,"terminal uridylyltransferase 4-like, transcript variant X2","gonad"
"LOC115108503",1152.23814545934,-0.352220423782108,0.121338612897531,-2.90278927186644,0.00369855412143907,0.044441395518761,"proteasome subunit beta type-5-like","gonad"
"LOC115102713",100.334383507781,-0.354801044547392,0.110852824378504,-3.20064956880065,0.00137118183420471,0.0245999776500205,"spindlin-1-like, transcript variant X1","gonad"
"LOC115134172",164.550856451664,-0.359912360597109,0.113095160580983,-3.1823851590837,0.00146067429624464,0.0254510580831264,"ELKS/Rab6-interacting/CAST family member 1-like, transcript variant X2","gonad"
"LOC115137103",59.3585199575914,-0.36102245288296,0.122418006512322,-2.94909599631997,0.00318704963504196,0.0406384627373089,"CLK4-associating serine/arginine rich protein-like, transcript variant X2","gonad"
"LOC115121012",229.312817697087,-0.363038367327733,0.11696539116531,-3.103810141708,0.0019104588394354,0.0301835359351168,"COP9 signalosome complex subunit 9-like","gonad"
"LOC115124648",757.364344575851,-0.363791424490844,0.121022019601843,-3.00599366700128,0.00264714510974337,0.0365765347127097,"receptor-type tyrosine-protein phosphatase F-like","gonad"
"LOC115110233",232.851822496622,-0.366677780282084,0.109876832808037,-3.3371710023959,0.000846358574666443,0.018785435552132,"glycylpeptide N-tetradecanoyltransferase 1-like, transcript variant X4","gonad"
"LOC115130705",571.062283383795,-0.369061577646889,0.116808347159951,-3.15954798282965,0.00158014078864202,0.0266604651787364,"GTP-binding nuclear protein Ran, transcript variant X1","gonad"
"psmf1",114.693218597887,-0.37308217971847,0.128451258206016,-2.90446496927344,0.00367881368764556,0.0443188133540538,"proteasome inhibitor subunit 1","gonad"
"LOC115102565",1376.72327818901,-0.374166709017827,0.13016349791056,-2.8745901502657,0.00404552260664321,0.0466743070151236,"40S ribosomal protein S26-like","gonad"
"LOC115134164",186.928458145979,-0.375458603674703,0.129287083640154,-2.90406893792825,0.00368347044234783,0.0443188133540538,"ras association domain-containing protein 7-like, transcript variant X4","gonad"
"LOC115146295",76.6083955742462,-0.375615641907499,0.123133676586786,-3.05047045064687,0.00228483162259359,0.033346786929107,"low density lipoprotein receptor adapter protein 1-B-like, transcript variant X1","gonad"
"LOC115123298",202.056484979334,-0.376054325263114,0.121590422240659,-3.09279561936881,0.00198280639316642,0.0307954087889903,"coiled-coil domain-containing protein 106-like, transcript variant X1","gonad"
"LOC115136211",143.413343148624,-0.377177686388509,0.126184114842557,-2.98910593349347,0.00279795106435693,0.037751012470156,"transcription elongation regulator 1-like","gonad"
"LOC115145223",59.7601587648989,-0.379170770079242,0.117932891366962,-3.21514011641933,0.00130380864885123,0.0239092064159742,"transmembrane protein 11, mitochondrial-like, transcript variant X1","gonad"
"tmem43",67.5429360189035,-0.382520008518559,0.133072362985746,-2.87452630986596,0.00404634056189715,0.0466743070151236,"transmembrane protein 43","gonad"
"ik",283.179663306565,-0.388333404812085,0.131771320792793,-2.9470252136482,0.00320847041063759,0.0408455708571395,"IK cytokine","gonad"
"LOC115135886",516.151608422679,-0.390835956644808,0.126017159708757,-3.10145029096103,0.00192575202241984,0.0303243310659623,"etoposide-induced protein 2.4 homolog, transcript variant X1","gonad"
"LOC115128561",113.20219279029,-0.391503402058972,0.132137518552716,-2.96284814749858,0.00304806898495601,0.0395008854324492,"DNA topoisomerase 2-beta-like, transcript variant X5","gonad"
"LOC115137299",95.990575805965,-0.39607397049339,0.120157402331157,-3.29629271945976,0.000979698794490159,0.0204688277477138,"E3 ubiquitin-protein ligase ZFP91-like","gonad"
"LOC115109369",154.62248870433,-0.39837423025928,0.136931866382706,-2.9092879603779,0.00362253026456442,0.0439349762748374,"UPF0183 protein C16orf70 homolog, transcript variant X3","gonad"
"CYTB",17596.2115921336,-0.398379123630821,0.120673076116908,-3.30130909437388,0.00096234800307389,0.0202695943663684,NA,"gonad"
"LOC115111817",36.7343621339041,-0.400282271646709,0.141034547165313,-2.83818596005078,0.00453707410054418,0.0498435875094597,"E3 SUMO-protein ligase RanBP2-like, transcript variant X2","gonad"
"LOC115103776",165.758750827144,-0.403193886459757,0.116832824987352,-3.45103258868735,0.00055844613378533,0.0144384723578429,"pre-mRNA-splicing factor CWC25 homolog","gonad"
"LOC115128505",63.7355372370121,-0.403320595909148,0.132396157403372,-3.04631647790463,0.00231663853685332,0.0336487114200871,"septin-10-like, transcript variant X2","gonad"
"ube4b",129.796716856005,-0.406328439095564,0.131160783566752,-3.09794153439753,0.00194869868915889,0.030474223428397,"ubiquitination factor E4B, transcript variant X1","gonad"
"LOC115138387",120.107097289402,-0.407760767884678,0.125325253050204,-3.25362014406891,0.0011394453086831,0.022078728948186,"probable palmitoyltransferase ZDHHC14, transcript variant X2","gonad"
"LOC115114694",73.1096541663482,-0.414345703321408,0.13748875316775,-3.01366980043718,0.00258108559058105,0.0360506581735276,"protein lifeguard 3-like, transcript variant X2","gonad"
"LOC115120267",997.908123145214,-0.415776203681863,0.145483207806543,-2.85789824097599,0.00426457127209333,0.0480916496994574,"transitional endoplasmic reticulum ATPase-like","gonad"
"LOC115120833",212.254005257947,-0.417138246890322,0.10807698405761,-3.85963996430517,0.000113554203556656,0.00648615570193903,"cell division cycle and apoptosis regulator protein 1-like, transcript variant X1","gonad"
"kdm1b",82.780002740552,-0.417196539216951,0.144655373163051,-2.8840721923734,0.0039256874688795,0.0459837301193395,"lysine demethylase 1B","gonad"
"LOC115135500",87.5561129732274,-0.421905746217955,0.131235605042514,-3.21487256511889,0.00130502443039383,0.0239092064159742,"protein ZNRD2-like","gonad"
"LOC115145261",94.9047432769596,-0.4231262664367,0.115648998481973,-3.65871103071122,0.000253486963156268,0.00946977222852923,"SAGA-associated factor 29-like","gonad"
"LOC115122811",981.462529441218,-0.430913448888053,0.122585538049797,-3.51520624490798,0.000439412588784719,0.0127647599391606,"heterogeneous nuclear ribonucleoprotein A1-like, transcript variant X5","gonad"
"LOC115143007",1052.92201290147,-0.431612315971374,0.150445554554608,-2.86889378186783,0.00411910101463916,0.0472136351147655,"60S acidic ribosomal protein P0-like","gonad"
"LOC115110903",64.7793775061908,-0.433046933816103,0.140504260674748,-3.08209111763919,0.00205551907145471,0.0313213834236536,"ubiquitin carboxyl-terminal hydrolase 43-like","gonad"
"LOC115112465",137.216365968254,-0.434571504674154,0.152547491143539,-2.84876205709109,0.00438896914409999,0.0488871925032389,"tyrosine-protein kinase CSK, transcript variant X1","gonad"
"LOC115144942",230.608338799887,-0.435521393742092,0.153398379058566,-2.83915251526755,0.00452335312354862,0.0498435875094597,"uncharacterized protein C1orf21 homolog","gonad"
"kif1bp",56.5631497552327,-0.4369323722987,0.143762798193011,-3.03925895844133,0.00237160900815977,0.0340998393336293,"KIF1 binding protein","gonad"
"LOC115116589",169.546902611412,-0.437871787570037,0.15022645010474,-2.91474495513105,0.00355979325681465,0.0436838968150013,"small integral membrane protein 13","gonad"
"LOC115136995",46.8555350188691,-0.440860207437836,0.154280728466319,-2.85751961259426,0.00426966247299345,0.0481191755801795,"phosphatidylinositol transfer protein alpha isoform-like","gonad"
"LOC115146992",106.542271042187,-0.441322027926469,0.135264447030113,-3.26266094022638,0.00110371483183042,0.0216893951726441,"E3 ubiquitin-protein ligase MARCH5","gonad"
"LOC115114723",3648.85191528516,-0.442128988354861,0.129155224588367,-3.4232373468745,0.000618800207648466,0.0155462162527157,"elongation factor 2-like","gonad"
"LOC115103904",156.148208829381,-0.44311322840533,0.133660340800511,-3.31521845411632,0.000915715328495234,0.019628958092278,"sprouty-related, EVH1 domain-containing protein 2-like, transcript variant X4","gonad"
"fam151a",243.446571212248,-0.444803882813742,0.15149956707896,-2.93600761632484,0.00332466159461785,0.0418312930782271,"family with sequence similarity 151 member A, transcript variant X4","gonad"
"psmb7",979.611840972642,-0.445630035463292,0.139053818480051,-3.2047306599295,0.00135188921202307,0.0243985094766311,"proteasome subunit beta 7, transcript variant X1","gonad"
"LOC115106750",404.860842448077,-0.446674827468175,0.118208035696206,-3.77871795971746,0.00015763784174538,0.00749762792646944,"eukaryotic translation initiation factor 3 subunit L-like","gonad"
"LOC115110511",59.2235851155052,-0.447459082754001,0.156069147380208,-2.86705662371515,0.00414308878077308,0.0472796479595952,"ADP-ribosylation factor-binding protein GGA1-like","gonad"
"LOC115128218",205.93661492046,-0.448088144972001,0.153419497802057,-2.92067273972001,0.0034927650842903,0.0433160128896002,"ceramide synthase 2-like, transcript variant X2","gonad"
"LOC115122733",38.758041055271,-0.453539453708655,0.134576317114885,-3.37012829175193,0.00075133195172568,0.0175497902621226,"FAS-associated factor 2-like","gonad"
"LOC115145599",1789.76850953939,-0.453994440607797,0.140850992497403,-3.22322500223892,0.00126755943760119,0.0236281408101511,"40S ribosomal protein S3a","gonad"
"LOC115102160",119.898403430149,-0.455650423691976,0.13736483442825,-3.31708202895244,0.000909629056400668,0.0195215427281448,"guanine nucleotide-binding protein G(s) subunit alpha-like","gonad"
"LOC115146853",36.5369018217939,-0.455880640160541,0.160623152261628,-2.83820005859422,0.00453687369047021,0.0498435875094597,"serine/threonine-protein kinase TAO1-like, transcript variant X1","gonad"
"LOC115118108",145.604895930026,-0.456266438107275,0.158410104171769,-2.88028620707509,0.00397314313784197,0.0462116507435354,"collagen alpha-5(IV) chain-like","gonad"
"mpnd",130.182036275315,-0.457278858813204,0.160888682690427,-2.842206494369,0.00448024626942503,0.0496480008795692,"MPN domain containing, transcript variant X1","gonad"
"LOC115141513",48.1191824733247,-0.459967218854604,0.144919667474998,-3.17394613766939,0.00150381594430663,0.025824802244446,"CLK4-associating serine/arginine rich protein-like, transcript variant X6","gonad"
"LOC115117370",117.7866747379,-0.460477444521756,0.136200985174845,-3.38086720834381,0.000722574539567164,0.0172210466660297,"macoilin-1-like","gonad"
"LOC115114255",47.272737985728,-0.461393209173723,0.160873708681158,-2.86804607761096,0.00413015378177498,0.047250833057282,"serine/threonine-protein kinase PRP4 homolog, transcript variant X1","gonad"
"LOC115117308",209.70303378073,-0.462332171052195,0.147303414806774,-3.13863851465128,0.00169734693138963,0.0279646378278676,"ubiquitin-conjugating enzyme E2 H-like","gonad"
"LOC115112875",46.3232201734952,-0.462358775568742,0.15473050701413,-2.98815524159382,0.00280666952409331,0.0378025904150135,"eukaryotic translation initiation factor 2-alpha kinase 1-like, transcript variant X1","gonad"
"LOC115102783",52.4737622722288,-0.462980025930008,0.141002580372554,-3.28348619370463,0.00102531666794753,0.020992161884297,"chromodomain-helicase-DNA-binding protein 8-like","gonad"
"ND6",1676.50089879746,-0.467654642281095,0.155271274830783,-3.01185549478325,0.00259656171510982,0.0361676380803762,NA,"gonad"
"LOC115109479",837.616423077651,-0.468011446481502,0.141922093020648,-3.29766448986496,0.000974925518246984,0.020425509612949,"MOB kinase activator 2-like, transcript variant X1","gonad"
"fyco1",49.7893389701787,-0.468309715349949,0.156890273838652,-2.9849505892989,0.00283624134031094,0.0379475296792082,"FYVE and coiled-coil domain containing 1, transcript variant X3","gonad"
"LOC115144835",87.460581404393,-0.468730222560227,0.152678210860147,-3.07005315244088,0.00214020678669646,0.0319178989447368,"protein MON2 homolog, transcript variant X2","gonad"
"LOC115139238",32.2730007385077,-0.472105192446574,0.165380942122044,-2.85465293877804,0.00430838820847613,0.0483754460810715,"protein EFR3 homolog B, transcript variant X2","gonad"
"LOC115113849",189.021889887049,-0.472551588276468,0.146407680656691,-3.22764206192532,0.00124815047243788,0.0234105578280807,"dystonin-like","gonad"
"LOC115104105",20.5319493444297,-0.474111457946557,0.162045843395066,-2.9257859875534,0.00343587210333483,0.0428151639726473,"serine/threonine-protein kinase tousled-like 2, transcript variant X2","gonad"
"LOC115146820",155.591834839003,-0.475352992043237,0.142856362187774,-3.32748912798453,0.000876324085453051,0.0190897328682127,"A disintegrin and metalloproteinase with thrombospondin motifs 2-like","gonad"
"gpbp1",53.173324471242,-0.475799107680981,0.143026869920239,-3.32664140623589,0.000878994088886639,0.0190897328682127,"GC-rich promoter binding protein 1, transcript variant X1","gonad"
"LOC115134645",60.583501507951,-0.478380353350635,0.166998861976501,-2.86457253473949,0.00417572508066588,0.0474730523259672,"ankyrin repeat domain-containing protein 26-like, transcript variant X10","gonad"
"LOC115120012",122.204014886104,-0.479214018298319,0.160119273544343,-2.99285656055394,0.00276379612489145,0.037491005888381,"glypican-4-like","gonad"
"LOC115136068",476.417257803798,-0.480975795276412,0.140923429759568,-3.41302930319688,0.000642450337460073,0.0158698344584015,"histone H3.3","gonad"
"sppl2b",32.6095252377434,-0.48530507306084,0.139439478261656,-3.48039937549231,0.000500666852820895,0.0135920554227591,"signal peptide peptidase like 2B, transcript variant X1","gonad"
"ranbp9",227.796405435447,-0.486516996137964,0.116648715477728,-4.17078742912395,3.03548918940155e-05,0.00345067711429853,"RAN binding protein 9","gonad"
"LOC115135520",46.6390655921648,-0.487669723328118,0.171134910726129,-2.84962151357034,0.00437712821449616,0.0487852301181045,"dnaJ homolog subfamily C member 18-like, transcript variant X2","gonad"
"LOC115141668",91.5425805672284,-0.488318102163363,0.137118679330493,-3.56128066976481,0.000369050321697247,0.0114913259541396,"SUMO-activating enzyme subunit 1-like","gonad"
"LOC115105361",70.7376983854961,-0.492005726898783,0.166642216910152,-2.95246748405932,0.0031524526946526,0.0403353989599103,"heterogeneous nuclear ribonucleoprotein L-like, transcript variant X1","gonad"
"LOC115122570",1126.67379777541,-0.492569875889412,0.171602869443965,-2.8704058241302,0.00409945291057679,0.047077588263398,"neuroblast differentiation-associated protein AHNAK-like","gonad"
"bri3",39.7033421493672,-0.494249508954223,0.160450214393336,-3.08039170170627,0.00206728520373869,0.0313564161729988,"brain protein I3","gonad"
"LOC115110004",222.208846421935,-0.497262469803514,0.174446385162242,-2.85051747756791,0.00436481514755164,0.0487077958321743,"mitogen-activated protein kinase 1-like","gonad"
"LOC115118242",54.6601795429693,-0.498026188165389,0.167894307089845,-2.9663077730139,0.00301398706898926,0.039202491877248,"enoyl-CoA hydratase domain-containing protein 3, mitochondrial-like, transcript variant X2","gonad"
"LOC115133453",36.7718816445137,-0.499723612353663,0.159520743054987,-3.13265599685308,0.00173232344362408,0.0284119823328264,"tetratricopeptide repeat protein 5-like","gonad"
"LOC115136930",16.5367839430728,-0.503507237937539,0.177329254011081,-2.83939184623241,0.00451996145231154,0.0498435875094597,"serine/threonine-protein kinase PAK 4-like, transcript variant X1","gonad"
"LOC115109252",175.695415504865,-0.506801142735741,0.145939055258357,-3.47269030787233,0.000515269555250017,0.0137607901637429,"transcriptional repressor p66-alpha-like, transcript variant X1","gonad"
"rpap1",56.1022240331158,-0.509726483835264,0.17884218498581,-2.85014681449853,0.00436990528838063,0.0487346439900729,"RNA polymerase II associated protein 1","gonad"
"LOC115108346",68.9360317801243,-0.510899024373425,0.161955376121916,-3.15456662574038,0.00160736672735249,0.0269467685150617,"chromatin assembly factor 1 subunit A-like, transcript variant X2","gonad"
"LOC115109073",44.5526380312842,-0.510942426600462,0.15988028855304,-3.19578123872949,0.0013945280085813,0.0247256352771505,"SUN domain-containing protein 2-like","gonad"
"LOC115108614",23.1925982935191,-0.515909038950245,0.16694841249837,-3.09023027670467,0.00200001366681327,0.030930364680291,"cordon-bleu protein-like 1, transcript variant X1","gonad"
"LOC115105403",51.5756268958531,-0.516559337659527,0.169930025875598,-3.03983557348299,0.00236707339698835,0.0340986734823224,"akirin-1-like","gonad"
"LOC115136668",88.5958021606068,-0.516704006909923,0.181814992054987,-2.84192189582283,0.00448424758741367,0.0496480008795692,"CXADR-like membrane protein","gonad"
"LOC115111472",37.9218220982727,-0.517229688563509,0.164750505218205,-3.13947254898223,0.00169252271336718,0.0279646378278676,"SWI/SNF-related matrix-associated actin-dependent regulator of chromatin subfamily B member 1","gonad"
"ttf2",17.4967757154784,-0.523826855590143,0.182536429715648,-2.86971130314179,0.00410846721860681,0.0471380306966946,"transcription termination factor 2, transcript variant X2","gonad"
"LOC115115946",231.208980694395,-0.527504068184624,0.175799346850039,-3.00060311734035,0.00269445504767578,0.0369769658696912,"rab GTPase-activating protein 1-like","gonad"
"LOC115101604",324.778521115404,-0.531299112509512,0.178968179894101,-2.9686791966253,0.00299082658803833,0.0390738907925679,"E3 ubiquitin-protein ligase rnf213-alpha-like","gonad"
"LOC115119204",64.6433834614275,-0.53281532501114,0.170386242164109,-3.12710297641257,0.00176538081011348,0.028754066215286,"cyclin-Y-like protein 1","gonad"
"LOC115118153",167.980470766045,-0.533361438099261,0.144727527714365,-3.68527982563141,0.00022845150239336,0.00901931889388721,"protein Tob1-like","gonad"
"LOC115133232",83.2644632701776,-0.53499712200201,0.168721506901886,-3.17088871374956,0.00151973352178604,0.0259907839918303,"phosphate carrier protein, mitochondrial-like, transcript variant X3","gonad"
"LOC115117991",102.486098105862,-0.538038463855377,0.139410592587846,-3.85938007914531,0.000113675022731145,0.00648615570193903,"TNF receptor-associated factor 6-like","gonad"
"LOC115132969",39.4987039695799,-0.541294018575836,0.170954982293882,-3.1662956604875,0.00154393778176853,0.0262299325443514,"AT-rich interactive domain-containing protein 2-like, transcript variant X2","gonad"
"LOC115126510",2007.65712856135,-0.542624465540059,0.183875135360532,-2.95104862588469,0.00316697054878616,0.0404926178054659,"40S ribosomal protein S9-like","gonad"
"LOC115103754",104.730482225521,-0.542849852423727,0.156704389511824,-3.46416494212351,0.00053188027341744,0.0140769945250248,"junction plakoglobin-like","gonad"
"LOC115102256",21.9742464471896,-0.542875677619402,0.183226832042405,-2.96286123363068,0.00304793940954723,0.0395008854324492,"ephrin type-A receptor 2-like","gonad"
"LOC115144075",137.479363382194,-0.543367401484335,0.154649740631295,-3.51353580850675,0.000442184808386884,0.0127870306457385,"protein phosphatase 1B-like, transcript variant X2","gonad"
"LOC115110075",23.1194019142438,-0.545955891845762,0.182467823711655,-2.99206665997458,0.00277095750488083,0.0375164089922568,"uncharacterized LOC115110075","gonad"
"LOC115121458",164.038978808875,-0.550312927634749,0.180124464254333,-3.05518148194303,0.00224924373753483,0.0330934111010392,"ankyrin repeat domain-containing protein 12-like","gonad"
"LOC115109041",36.8285299653325,-0.552330947919777,0.175910560865909,-3.13983961622862,0.00169040352408284,0.0279646378278676,"ankyrin repeat and SOCS box protein 3-like, transcript variant X1","gonad"
"LOC115107659",107.113245259047,-0.555518068309315,0.1543671525255,-3.59868054324283,0.000319835777279111,0.0106729870011963,"transcription regulator protein BACH2-like","gonad"
"LOC115132494",1272.72134355451,-0.556717580118198,0.162040825892736,-3.4356624452576,0.000591106967583417,0.0150118242428467,"40S ribosomal protein S26","gonad"
"LOC115135426",176.912840426012,-0.557088525694369,0.189185496420023,-2.9446682554224,0.00323301106519978,0.0410766612314676,"G protein pathway suppressor 2-like, transcript variant X2","gonad"
"LOC115107050",101.637067700651,-0.559616722365433,0.185208654193187,-3.02154737208829,0.00251486285870122,0.0355440348415262,"protein mono-ADP-ribosyltransferase PARP12-like, transcript variant X1","gonad"
"LOC115124872",295.456572720848,-0.560972316206938,0.141954586691683,-3.95177309363971,7.75742783316303e-05,0.00525856336781094,"ankyrin repeat and sterile alpha motif domain-containing protein 1B-like, transcript variant X3","gonad"
"LOC115104864",52.4888741648114,-0.56144360044836,0.172241037429853,-3.2596389851461,0.00111554108674394,0.0217701596167883,"thioredoxin domain-containing protein 5-like","gonad"
"aldh7a1",428.373852062094,-0.562933250260192,0.142714455767656,-3.94447252895436,7.9975820628229e-05,0.0053188314993631,"aldehyde dehydrogenase 7 family member A1","gonad"
"LOC115106878",113.854416120634,-0.563081908824682,0.142638507232113,-3.94761498666267,7.8933609588696e-05,0.0053104527988003,"mediator of DNA damage checkpoint protein 1-like","gonad"
"nkrf",53.5939699453273,-0.564462520621489,0.186608563729983,-3.02484789196626,0.00248758199059371,0.0354509722301565,"NFKB repressing factor, transcript variant X1","gonad"
"LOC115105150",323.496841594778,-0.564785564672271,0.18248294211043,-3.0950047064152,0.00196809774120572,0.0307053620521425,"sickle tail protein-like, transcript variant X4","gonad"
"LOC115128576",121.60906616583,-0.565941407003131,0.172252928660791,-3.28552560123729,0.00101792291484887,0.020930247386179,"mannosyl-oligosaccharide 1,2-alpha-mannosidase IB-like, transcript variant X1","gonad"
"LOC115137090",258.013359006187,-0.566355010297767,0.190292382730321,-2.97623584387188,0.00291810354316322,0.0385317003124883,"protein phosphatase 1 regulatory subunit 37-like","gonad"
"LOC115121109",289.987261933766,-0.567615861295641,0.158708261165085,-3.57647331732291,0.000348260845632734,0.0111517176601551,"torsin-1A-interacting protein 2-like, transcript variant X1","gonad"
"ski",363.32758779153,-0.568119291286509,0.164254684833337,-3.45877070028754,0.000542646666813055,0.014258021537855,"SKI proto-oncogene","gonad"
"LOC115110792",53.2084837726799,-0.568244677924953,0.161132692497154,-3.52656353666397,0.000420990140206104,0.0124486921589284,"STE20-related kinase adapter protein alpha-like, transcript variant X1","gonad"
"LOC115143188",31.8141526127865,-0.568486185237444,0.172048648805836,-3.30421766856771,0.000952418529774804,0.0201774922130587,"AMP deaminase 2-like, transcript variant X1","gonad"
"LOC115144880",369.81205118906,-0.57207159091205,0.193503633738591,-2.95638681227494,0.00311266453978266,0.0400237516885935,"elongation factor 2-like, transcript variant X1","gonad"
"LOC115112385",415.651442298943,-0.573210610146794,0.201968228365991,-2.83812268288092,0.00453797368104962,0.0498435875094597,"dysbindin domain-containing protein 1-like, transcript variant X1","gonad"
"LOC115140604",25.6455248130505,-0.57395878580473,0.197939641526233,-2.89966568282717,0.0037356085983143,0.0447091033032264,"uncharacterized LOC115140604","gonad"
"LOC115101943",54.7946561740521,-0.576937787144574,0.183089485327138,-3.15112463238247,0.00162643071949046,0.0271660314103669,"SRSF protein kinase 1-like, transcript variant X1","gonad"
"LOC115119807",20.277264109508,-0.578525136826841,0.199386581438502,-2.90152493037892,0.00371351229570932,0.044503319630956,"hyccin-like, transcript variant X1","gonad"
"LOC115141125",80.972762233171,-0.579723508030614,0.192193001724086,-3.01636117252007,0.00255828336127416,0.0359228095184019,"nuclear receptor subfamily 1 group D member 2-like","gonad"
"LOC115133082",26.9618074758227,-0.581079795509975,0.204197209278959,-2.84567941727424,0.0044316785891084,0.0492420786192485,"DNA/RNA-binding protein KIN17-like","gonad"
"LOC115131726",57.9404257060377,-0.583057926318061,0.195080993215819,-2.98879925054012,0.00280076083924323,0.037751012470156,"zinc finger and BTB domain-containing protein 12-like, transcript variant X2","gonad"
"dkk3",459.492998620849,-0.583641529083683,0.20044747415639,-2.91169310833183,0.00359475628563171,0.043861985296749,"dickkopf WNT signaling pathway inhibitor 3, transcript variant X1","gonad"
"LOC115102877",77.0981885208614,-0.584118262060744,0.202305790041413,-2.88730372937508,0.00388558942761982,0.0456317992547642,"serine/threonine-protein kinase OSR1-like, transcript variant X2","gonad"
"LOC115134994",14.1464761435797,-0.589245315530642,0.202247514170005,-2.91348607150412,0.00357417781274841,0.0437567522040874,"mitogen-activated protein kinase kinase kinase kinase 3-like, transcript variant X3","gonad"
"LOC115119639",57.7233389337833,-0.590745830044462,0.202870351002446,-2.91193773326364,0.00359194230439568,0.043861985296749,"protein FAM214B-like, transcript variant X1","gonad"
"stk25",41.4539812365986,-0.590786096512117,0.195398634755449,-3.02349142434652,0.00249876110746261,0.0355004688286836,"serine/threonine kinase 25, transcript variant X1","gonad"
"LOC115128571",45.2502877495529,-0.591203896159611,0.193497883933911,-3.05535070534176,0.00224797489774227,0.0330934111010392,"asparagine synthetase [glutamine-hydrolyzing]-like","gonad"
"mvb12b",53.1359736049774,-0.594292232879971,0.191339689182252,-3.10595379045434,0.00189666352545558,0.0301012438532968,"multivesicular body subunit 12B, transcript variant X2","gonad"
"LOC115117577",47.2515022093744,-0.600698439790841,0.173774170647136,-3.45677632961123,0.000546678396359986,0.0143431979253062,"cytohesin-2, transcript variant X2","gonad"
"LOC115130204",44.0675270445173,-0.60244576107078,0.202968507491885,-2.96817357783876,0.0029957510455637,0.0390738907925679,"serine/threonine-protein phosphatase 4 regulatory subunit 1-like, transcript variant X1","gonad"
"LOC115133242",113.606477945929,-0.603722670906346,0.161117110796531,-3.74710462421812,0.000178887486302766,0.00798005209167819,"kinesin-like protein KIF21A, transcript variant X1","gonad"
"LOC115134860",63.0811729868987,-0.60657787152909,0.206879835833325,-2.93202993460313,0.00336754285983883,0.0421662814918854,"round spermatid basic protein 1-like","gonad"
"LOC115129807",41.3322880373338,-0.608603008703764,0.184912268295517,-3.29130681438145,0.000997230844289456,0.0207159304449878,"inositol-3-phosphate synthase 1-A-like, transcript variant X1","gonad"
"LOC115117837",42.3926327156188,-0.609787534550774,0.178142420333401,-3.42303384791522,0.00061926365656965,0.0155462162527157,"uncharacterized LOC115117837","gonad"
"LOC115115300",49.0118015336005,-0.612091483143409,0.210626122781098,-2.90605683217912,0.00366014963733166,0.0442045270150343,"receptor-type tyrosine-protein phosphatase S-like","gonad"
"ddo",38.338100820817,-0.613661686254319,0.205999432048085,-2.97894843763975,0.0028923944654817,0.0383626498917444,"D-aspartate oxidase, transcript variant X4","gonad"
"LOC115146279",35.7953522580772,-0.614345321515029,0.199321171906399,-3.08218798655029,0.00205485024109646,0.0313213834236536,"uncharacterized protein C14orf28 homolog","gonad"
"LOC115134088",25.4457165381632,-0.614947199353536,0.210985233579074,-2.91464567885536,0.00356092571525677,0.0436838968150013,"adhesion G protein-coupled receptor G3-like, transcript variant X1","gonad"
"LOC115108213",279.857947011176,-0.617182029306829,0.201344349284207,-3.06530593732057,0.00217447441353533,0.0322810772298834,"cystathionine gamma-lyase-like, transcript variant X2","gonad"
"LOC115112532",150.330530277989,-0.617903956933092,0.205457514921817,-3.00745366830813,0.00263446279650441,0.0365265727974365,"protein MRVI1-like","gonad"
"LOC115109617",45.1447608362507,-0.620256977650388,0.167351729825227,-3.70630753741327,0.000210302912973028,0.00862296451807823,"protein-methionine sulfoxide oxidase mical2b-like, transcript variant X3","gonad"
"LOC115108233",52.1505573715017,-0.621321817558485,0.214113554973916,-2.90183317741923,0.00370986042502986,0.044503319630956,"formin-like protein 2, transcript variant X7","gonad"
"LOC115106603",127.011028194223,-0.622680924209503,0.1958004062433,-3.18018198305352,0.00147182589819847,0.0255962365974055,"heparan sulfate glucosamine 3-O-sulfotransferase 2-like, transcript variant X3","gonad"
"LOC115132911",67.5111376813133,-0.626240312330824,0.216074916804403,-2.89825548283198,0.00375244780408305,0.0448220015335077,"palmitoyltransferase ZDHHC17-like","gonad"
"LOC115117173",65.3751314752698,-0.632398857197863,0.220851949806469,-2.86345154639581,0.0041905290088751,0.0475520279282102,"chloride channel protein 2-like, transcript variant X1","gonad"
"LOC115127885",12.6927215199479,-0.633006338065496,0.209412568164497,-3.02277147744188,0.00250471309024143,0.0355004688286836,"kelch-like protein 8","gonad"
"LOC115126382",14.7494436286652,-0.635109882848198,0.194462679308242,-3.26597311683384,0.00109088605205123,0.0215753019183465,"uncharacterized LOC115126382","gonad"
"LOC115101288",42.8272458887801,-0.637254461505693,0.208772053538302,-3.05239351103466,0.00227024267089623,0.0332519456583308,"lysine-specific demethylase 6B-like","gonad"
"LOC115128542",103.874974507454,-0.637479596958463,0.221202709828378,-2.88187969059266,0.00395310639498355,0.046126349426299,"cAMP-dependent protein kinase inhibitor alpha-like","gonad"
"kctd3",23.9687828899906,-0.638480320956859,0.211346475103337,-3.02101239514251,0.00251931046628806,0.0355440348415262,"potassium channel tetramerization domain containing 3, transcript variant X2","gonad"
"LOC115131585",38.1815023357846,-0.640817098000093,0.204585794022391,-3.13226585972025,0.00173462722366422,0.0284240901379491,"collagen alpha-1(XIV) chain-like, transcript variant X3","gonad"
"LOC115103276",27.7165653227019,-0.642168740413515,0.174980494947107,-3.66994470216596,0.000242602944214779,0.00921485157984003,"metal-response element-binding transcription factor 2-like, transcript variant X4","gonad"
"LOC115105085",21.9989539821998,-0.644722394201412,0.211794965322648,-3.04408744192405,0.00233387293617422,0.0337370995455248,"sorting nexin-16-like","gonad"
"LOC115130272",168.805188233825,-0.645960364351699,0.187010511314464,-3.45413934121326,0.000552052061395169,0.0144079001861783,"protein adenylyltransferase SelO-like, transcript variant X2","gonad"
"LOC115145610",778.245791068724,-0.648678908914839,0.202576632248445,-3.20214084771279,0.00136410283016294,0.0244971819826295,"40S ribosomal protein S3a","gonad"
"mthfd1",15.7830268979535,-0.651362043031646,0.211363066910705,-3.08172119449245,0.00205807503989969,0.0313213834236536,"methylenetetrahydrofolate dehydrogenase, cyclohydrolase and formyltetrahydrofolate synthetase 1","gonad"
"LOC115103345",134.192720150622,-0.65152979400138,0.222161217278704,-2.93268916142113,0.00336040145019511,0.0421058997444737,"gastrula zinc finger protein xFG20-1-like","gonad"
"LOC115144073",30.7440149971406,-0.668135741267265,0.22651365043238,-2.94964890633256,0.00318135226267957,0.0406384627373089,"metastasis-associated protein MTA3-like","gonad"
"LOC115128459",108.429185937825,-0.668230492939946,0.201447153124085,-3.31715034229518,0.000909406664946495,0.0195215427281448,"synaptotagmin-11-like","gonad"
"LOC115112071",58.2666210571598,-0.668658657395994,0.205282174507058,-3.25726604855797,0.00112490944656682,0.0219140084891279,"lysosomal acid phosphatase-like","gonad"
"six3",16.6619728431728,-0.676862182184451,0.235783585478178,-2.87069254974535,0.00409573668669006,0.0470646805592055,"SIX homeobox 3","gonad"
"LOC115137871",85.4507835124458,-0.679252679453633,0.199763296551564,-3.40028769638521,0.000673149868014734,0.0163623318154928,"opioid growth factor receptor-like protein 1","gonad"
"LOC115130252",49.8160849578428,-0.681298403542226,0.220389089047919,-3.09134361635341,0.00199252907423614,0.0308657005969608,"TGF-beta receptor type-1-like, transcript variant X2","gonad"
"LOC115144777",87.0051557652983,-0.681869268091912,0.210051353401732,-3.24620268829122,0.00116955538421789,0.0224666468253504,"serine/threonine-protein kinase pim-3-like","gonad"
"LOC115142626",148.662996283924,-0.68518583672567,0.237522596222554,-2.88471853887815,0.0039176374357476,0.0459190608672907,"nidogen-1-like","gonad"
"LOC115128772",35.6095363512352,-0.685512559294238,0.224489121438981,-3.05365602974472,0.00226071125712161,0.0332083119614078,"protein capicua homolog","gonad"
"LOC115124248",54.8297397078676,-0.686489378309018,0.203337439882366,-3.37610908599106,0.000735187637552464,0.017385716693179,"filamin-A-like","gonad"
"LOC115144070",131.763843585811,-0.686606330330624,0.211164537369979,-3.25152290664994,0.00114788525444273,0.0221557836729457,"E3 ubiquitin-protein ligase rnf213-alpha-like","gonad"
"LOC115117122",192.40125039428,-0.687762733208661,0.235822332228479,-2.91644445506677,0.00354045756627053,0.0436098257981119,"gamma-adducin-like","gonad"
"LOC115120938",28.6308336552087,-0.689235797854521,0.236432867124214,-2.91514376253121,0.00355524730564736,0.0436732544528644,"BTB/POZ domain-containing protein KCTD9-like, transcript variant X2","gonad"
"LOC115108102",43.9076212409526,-0.689745885828996,0.198125952972398,-3.48135050194605,0.000498892189157063,0.0135920554227591,"RANBP2-like and GRIP domain-containing protein 5/6","gonad"
"LOC115140096",126.43035921092,-0.69026232517686,0.221333967102961,-3.118646153646,0.00181684008811278,0.0292433941841983,"ankyrin-1-like, transcript variant X2","gonad"
"LOC115104276",838.797192141147,-0.692680990340876,0.210271081841951,-3.29422849910253,0.000986922348228091,0.0205724020142701,"CD9 antigen-like","gonad"
"LOC115134283",403.227465380474,-0.69362292663273,0.191958224315599,-3.61340562044554,0.000302201387025159,0.0103876605294663,"1-acyl-sn-glycerol-3-phosphate acyltransferase gamma-like, transcript variant X2","gonad"
"fbxl8",65.4206565444766,-0.694181711991746,0.235043702286098,-2.95341549354417,0.00314278643219587,0.0402684759794976,"F-box and leucine rich repeat protein 8, transcript variant X2","gonad"
"LOC115146963",18.8806472009276,-0.694882255443918,0.19473859173642,-3.56828222515056,0.000359329338374892,0.0112886959530912,"splicing factor, arginine/serine-rich 15-like","gonad"
"LOC115141928",48.3099220655962,-0.698183305626314,0.233872418679046,-2.98531699278513,0.00283284590503401,0.0379475296792082,"kinase suppressor of Ras 1-like","gonad"
"LOC115125883",33.2754461303097,-0.701818094435048,0.202866956084743,-3.45949930920183,0.000541180665471294,0.0142401103801403,"sushi-repeat-containing protein SRPX-like, transcript variant X2","gonad"
"LOC115142960",162.540645589816,-0.702485396790019,0.134085516404486,-5.2390848439654,1.61374839631654e-07,0.000292992158835232,"double-stranded RNA-binding protein Staufen homolog 1-like, transcript variant X1","gonad"
"LOC115136720",34.8703111399708,-0.705181491096903,0.240264855856249,-2.93501722748339,0.00333529169891888,0.041906959228769,"dixin-A-like, transcript variant X3","gonad"
"LOC115138720",13.72195925279,-0.710866767259392,0.223998089521468,-3.17353942070681,0.00150592450296874,0.025824802244446,"coiled-coil domain-containing protein 85C-A-like, transcript variant X2","gonad"
"LOC115143294",234.529765791313,-0.713106715237106,0.22179265027152,-3.21519542854155,0.00130355743511448,0.0239092064159742,"rho-related BTB domain-containing protein 3-like, transcript variant X2","gonad"
"LOC115129673",374.806817096577,-0.713900176215075,0.174643860279103,-4.08774849040883,4.35580008735293e-05,0.00396429805105747,"signal transducer and activator of transcription 1-alpha/beta-like, transcript variant X1","gonad"
"LOC115114294",554.774675273848,-0.715999012187487,0.200973074294728,-3.56266138984106,0.000367114075393815,0.0114551407205159,"receptor-type tyrosine-protein phosphatase U-like","gonad"
"LOC115130555",243.513847546747,-0.717809026802434,0.252790403316001,-2.83954223493657,0.00451783140238292,0.0498435875094597,"serine/threonine-protein phosphatase 2A 55 kDa regulatory subunit B gamma isoform, transcript variant X2","gonad"
"LOC115104856",20.2424462815314,-0.718442964567068,0.250841164156526,-2.86413502737037,0.0041814972095084,0.0475089257420742,"diacylglycerol kinase beta-like","gonad"
"LOC115122161",16.5395134662983,-0.719915813744545,0.242300646746048,-2.97116752849232,0.00296669899542582,0.0389186321972191,"CREB-binding protein-like","gonad"
"tc2n",43.5286704210855,-0.722847373544287,0.231865243158644,-3.11753225147983,0.00182371991544968,0.0292713938148245,"tandem C2 domains, nuclear","gonad"
"LOC115130421",32.4967138380567,-0.729920846618291,0.244365523408035,-2.98700420762503,0.00281725844969189,0.0378700734324699,"leucine-rich repeat-containing protein 14-like","gonad"
"LOC115110918",13.1913229404919,-0.738140597834481,0.252248828496862,-2.9262399442369,0.00343086211014048,0.0427820964778232,"TBC1 domain family member 17-like","gonad"
"LOC115131709",1207.37636569008,-0.739692455957288,0.229684438267205,-3.22047266910073,0.00127979395061075,0.0237412926625662,"syndecan-2-A-like","gonad"
"LOC115143333",261.970968068796,-0.74549634123089,0.233308146504324,-3.19532923475123,0.00139671409532734,0.0247402352339154,"GATA-binding factor 2-like, transcript variant X2","gonad"
"LOC115104573",23.4716744042605,-0.747751025298152,0.260454005477685,-2.87095229703509,0.00409237276598496,0.0470646805592055,"claudin-11-like, transcript variant X2","gonad"
"LOC115103635",35.8697635242579,-0.749729026953068,0.217249577134103,-3.45100338902054,0.000558506556109704,0.0144384723578429,"thyrotroph embryonic factor-like","gonad"
"LOC115138295",39.6718886674016,-0.750131326881185,0.180665744313984,-4.15203961176785,3.29525205480218e-05,0.00353926596456607,"leucine zipper protein 1-like, transcript variant X1","gonad"
"LOC115113086",35.875771490782,-0.750201882178806,0.239580721741679,-3.13131155430648,0.00174027432564227,0.0284909113222372,"transmembrane protein 150A-like","gonad"
"LOC115116421",63.8231520654891,-0.750960833689001,0.215220400965293,-3.48926416975732,0.00048435222846229,0.0133713160886435,"lysine-specific demethylase 4B-like, transcript variant X1","gonad"
"LOC115102129",17.0095246423485,-0.753760397868519,0.206234762223403,-3.65486589041673,0.000257316449633889,0.00952185378288109,"translocating chain-associated membrane protein 1-like 1, transcript variant X1","gonad"
"LOC115146927",99.8143316780301,-0.75788156549744,0.263758494279649,-2.87339206863192,0.00406089807923707,0.0467966083405286,"protein mono-ADP-ribosyltransferase PARP14-like","gonad"
"nalcn",130.896772296967,-0.758433517655554,0.201197671332401,-3.76959391544118,0.000163513373117581,0.00758974167730425,"sodium leak channel, non-selective, transcript variant X3","gonad"
"LOC115103793",100.729215659839,-0.759825953188529,0.171840936256174,-4.42168187477639,9.79355779983348e-06,0.00218255135740007,"platelet endothelial cell adhesion molecule-like, transcript variant X5","gonad"
"znf276",13.9483641151196,-0.759875253020942,0.247356569107784,-3.07198331445902,0.00212641611104126,0.0318016564349795,"zinc finger protein 276","gonad"
"LOC115127399",32.4854594420095,-0.759995940667317,0.246786230880354,-3.0795718948995,0.00207298330870243,0.0313700415963597,"ephrin type-A receptor 4-like","gonad"
"LOC115142771",51.52068444169,-0.766465099771875,0.218544356869141,-3.50713745599396,0.000452955106184399,0.0128900515797554,"chromodomain-helicase-DNA-binding protein 6-like, transcript variant X5","gonad"
"LOC115145120",81.8000333600796,-0.766508454988203,0.212936956602488,-3.59969667651034,0.000318588591513949,0.0106729870011963,"ras-like protein family member 11B","gonad"
"ccdc80",27.4504426740634,-0.767987918522585,0.257559944312286,-2.98178321389686,0.00286574845735899,0.0381455491142301,"coiled-coil domain containing 80, transcript variant X3","gonad"
"LOC115123349",125.646293974585,-0.777934095829668,0.235504260197149,-3.30326973778917,0.000955644162973292,0.0202006143877935,"gamma-secretase subunit Aph-1b-like","gonad"
"LOC115114512",13.4941175825494,-0.778159249454479,0.260755089021741,-2.98425335579778,0.0028427128194909,0.0379781412440594,"Golgi-associated plant pathogenesis-related protein 1-like","gonad"
"LOC115113209",24.1794716340508,-0.781001446191789,0.207489090540138,-3.76406028942861,0.000167176550261904,0.00768419606722816,"receptor-type tyrosine-protein phosphatase epsilon-like, transcript variant X1","gonad"
"LOC115130649",39.0069625168855,-0.78104676974066,0.204240600548822,-3.82415037774997,0.00013122380918158,0.00704049338379731,"vascular endothelial growth factor receptor kdr-like","gonad"
"LOC115129786",150.60650475285,-0.781055673522511,0.188331872662312,-4.14723043147868,3.36521326775238e-05,0.00355225651682047,"unconventional myosin-Ib-like, transcript variant X2","gonad"
"LOC115121135",62.0219405730761,-0.785027154282708,0.245464495259176,-3.19812913657362,0.00138322323359407,0.02466582139651,"peptidase inhibitor 15-A-like","gonad"
"LOC115117947",13.5350375306912,-0.78507148074174,0.273757766717705,-2.86775966269222,0.00413389427230296,0.0472638440855999,"plexin-B2-like","gonad"
"LOC115114860",1619.3789878466,-0.785551400304058,0.232844626319749,-3.37371496486809,0.000741611162461587,0.0174269934452069,"alanine aminotransferase 2-like","gonad"
"LOC115125008",103.908490755388,-0.786308647129738,0.225956508553785,-3.4799114757191,0.000501579485197652,0.0135920554227591,"immunoglobulin superfamily member 8-like","gonad"
"LOC115138007",30.5057176281451,-0.786417283838302,0.227707985336597,-3.45362189505925,0.000553112273064898,0.0144079001861783,"probable G-protein coupled receptor 132","gonad"
"LOC115125756",12.5403217617984,-0.788734961799151,0.258997265040078,-3.0453408906735,0.00232416716143472,0.0337041365678984,"protein diaphanous homolog 1-like","gonad"
"LOC115144066",569.679312008219,-0.790573037119194,0.190526866144921,-4.14940450717253,3.33341308625688e-05,0.00353926596456607,"lutropin-choriogonadotropic hormone receptor-like","gonad"
"LOC115138273",495.330667477679,-0.791155030189344,0.19547201167951,-4.04740823707539,5.17878740764553e-05,0.00436078229580039,"WD repeat-containing protein 25-like, transcript variant X1","gonad"
"LOC115101924",28396.6443811035,-0.798276840130967,0.23180153140859,-3.44379450506678,0.000573611496866041,0.0147097321145478,"apolipoprotein C-I-like","gonad"
"LOC115117674",16.7474011337174,-0.801685147918271,0.239646958346074,-3.34527570661071,0.000822008141182013,0.0183797780927348,"macrosialin-like","gonad"
"LOC115144825",157.606580475019,-0.804333127622664,0.281261800126264,-2.85973113754368,0.00424000310078341,0.0479336838716211,"solute carrier family 41 member 2-like","gonad"
"LOC115133918",1427.49689219717,-0.807012398144371,0.220064358082982,-3.66716539277143,0.000245254170668277,0.00927673900552758,"protein regulator of cytokinesis 1-like, transcript variant X2","gonad"
"LOC115128356",22.406240136592,-0.807750320150032,0.262252706950991,-3.08004569158168,0.00206968840838639,0.0313666633912047,"MORC family CW-type zinc finger protein 3-like, transcript variant X3","gonad"
"LOC115137301",1216.2112734426,-0.809998443399317,0.233234018728725,-3.47290008470603,0.000514866990892739,0.0137607901637429,"mucin-5AC-like, transcript variant X2","gonad"
"LOC115103873",2173.95558991246,-0.812611366337392,0.232346718942299,-3.49740839912267,0.000469802020102747,0.0131024968924508,"voltage-dependent calcium channel gamma-1 subunit-like","gonad"
"LOC115136422",63.4465304183941,-0.814481293446398,0.240956299658742,-3.38020335886599,0.000724322159581918,0.0172210466660297,"protein ABHD14B-like","gonad"
"LOC115132492",120.382861025851,-0.816337764758886,0.24238115423444,-3.36799190241208,0.000757178199828591,0.0175728330653349,"limb region 1 homolog-like protein, transcript variant X2","gonad"
"LOC115108209",74.6070750477559,-0.817115736936317,0.214713826111025,-3.80560372723179,0.000141458713920677,0.00727570654375019,"ankyrin repeat domain-containing protein 13C-like, transcript variant X1","gonad"
"LOC115134531",363.94402327427,-0.823108041639961,0.283252531200499,-2.90591592651056,0.00366179822816764,0.0442045270150343,"protein disulfide-isomerase A3-like","gonad"
"LOC115136222",65.8998065925158,-0.832209639166675,0.204692499981983,-4.06565770235806,4.78971927189779e-05,0.00414461878342813,"semaphorin-3F-like, transcript variant X1","gonad"
"LOC115143468",27.689705949468,-0.833600450701538,0.259326410075021,-3.21448343984859,0.00130679452447753,0.0239169996268802,"ubiquitin-like modifier-activating enzyme 1","gonad"
"cacna2d4",43.7362681366901,-0.834714366957791,0.24504329127171,-3.40639550924183,0.000658267426577019,0.0161693783552382,"calcium voltage-gated channel auxiliary subunit alpha2delta 4, transcript variant X2","gonad"
"LOC115127433",43.5883531010923,-0.835746271470794,0.276684608416195,-3.02057377262434,0.0025229623841103,0.0355440348415262,"gamma-adducin-like, transcript variant X1","gonad"
"LOC115130104",268.596734022632,-0.838035682148698,0.286548733102834,-2.92458344894497,0.00344917585922349,0.0428926280137409,"lipase member H-like","gonad"
"LOC115102444",28.9887279359442,-0.840929603514718,0.250490340708822,-3.35713385647968,0.000787549751294615,0.0179497325257739,"plexin-A2-like","gonad"
"LOC115112547",166.00819423742,-0.850531286692835,0.228626531535586,-3.72017753573997,0.000199082783098031,0.00835761048150494,"tubulin beta-3 chain-like","gonad"
"LOC115130275",35.5049507792968,-0.853929668553917,0.238253314266857,-3.58412503591648,0.000338210048619906,0.011005588853319,"uncharacterized LOC115130275, transcript variant X2","gonad"
"LOC115119565",61.8181129814339,-0.854301387061598,0.27326847396303,-3.12623470491212,0.00177060178611422,0.028754066215286,"ephrin type-B receptor 3-like","gonad"
"LOC115126859",32.4129877234847,-0.858525670288621,0.276443185925803,-3.10561342799402,0.00189884777843657,0.0301095897513488,"NUAK family SNF1-like kinase 1","gonad"
"LOC115139225",98.3171322872015,-0.85879149794351,0.22522048622395,-3.8131144832427,0.000137226507728764,0.0071626947472372,"tribbles homolog 2-like, transcript variant X1","gonad"
"LOC115130419",75.2306711645706,-0.877308661217984,0.291732656484591,-3.00723502054808,0.00263635853921558,0.0365265727974365,"extended synaptotagmin-2-A-like, transcript variant X3","gonad"
"LOC115130107",45.3453873047927,-0.878986119919592,0.214651660556338,-4.09494209195224,4.222739195273e-05,0.00389177933144043,"ribosomal protein S6 kinase alpha-3-like, transcript variant X2","gonad"
"LOC115130756",13.0453316756404,-0.884984923756321,0.304985518375627,-2.90172769012053,0.00371110978870538,0.044503319630956,"protein transport protein Sec24B-like, transcript variant X1","gonad"
"LOC115133950",235.958965203185,-0.885459723381481,0.306501161930435,-2.88892778678095,0.00386557834989109,0.0455262972625901,"proton myo-inositol cotransporter-like, transcript variant X2","gonad"
"LOC115109663",80.8612990376616,-0.887513557804331,0.307173855987413,-2.88928741982749,0.00386115975604265,0.045521569175786,"caveolin-1-like","gonad"
"LOC115121176",32.3858746565466,-0.891333482801978,0.249006149153739,-3.57956414261746,0.000344167765607462,0.0110702363010125,"programmed cell death protein 4-like, transcript variant X2","gonad"
"LOC115145152",79.8177607409702,-0.898152371565487,0.305989636491719,-2.9352378788482,0.00333292071338155,0.0419061693020466,"nucleoprotein TPR-like, transcript variant X10","gonad"
"LOC115107184",16.7055776591439,-0.899884516151467,0.270401046218255,-3.32796240523834,0.000874836713564276,0.0190897328682127,"monocarboxylate transporter 12-B-like","gonad"
"LOC115118739",23.3609642198371,-0.904570019036636,0.306730730674847,-2.94906877131765,0.00318733041076933,0.0406384627373089,"uncharacterized LOC115118739","gonad"
"LOC115138279",61.0253203943934,-0.905763503766301,0.2946590993638,-3.07393698589978,0.00211254048721233,0.0317122921188483,"calcipressin-2-like","gonad"
"LOC115112305",36.5670884283954,-0.909456435972932,0.312758284816639,-2.90785721793467,0.00363914451538115,0.0440482052141735,"rho family-interacting cell polarization regulator 1-like, transcript variant X2","gonad"
"LOC115123203",123.701672331111,-0.926078016399149,0.225776700553399,-4.10174306794833,4.10049450004099e-05,0.00389177933144043,"sodium-dependent lysophosphatidylcholine symporter 1-B-like, transcript variant X1","gonad"
"epsti1",167.954028013821,-0.92647764184419,0.272477686193164,-3.40019637860326,0.000673374729930447,0.0163623318154928,"epithelial stromal interaction 1, transcript variant X2","gonad"
"LOC115112550",311.316637079777,-0.929121968416791,0.208882918281545,-4.44805145418576,8.66527751166144e-06,0.00218255135740007,"tubulin beta-3 chain-like","gonad"
"LOC115109045",44.1668050804488,-0.932575599389611,0.311195524411047,-2.99675132267585,0.00272873207999776,0.0372782992057482,"thromboxane A2 receptor-like","gonad"
"LOC115127705",16.7341869643174,-0.942329971500454,0.259419527136747,-3.63245582127566,0.000280736650852203,0.0100266572962441,"voltage-dependent L-type calcium channel subunit alpha-1D-like","gonad"
"LOC115122444",52.4185891928752,-0.968593665256986,0.223737830409744,-4.32914569468714,1.49688883561327e-05,0.00238399242977144,"traf2 and NCK-interacting protein kinase-like","gonad"
"LOC115129860",28.359375104866,-0.968667913387566,0.271165659646568,-3.57223667130311,0.000353945315341575,0.0112150630808755,"low-density lipoprotein receptor-related protein 1B-like","gonad"
"LOC115125685",252.760305556352,-0.968968474602089,0.311818435633418,-3.10747654362949,0.00188691958896126,0.0299728014498519,"amyloid-like protein 2","gonad"
"LOC115144036",15.6240711698841,-0.97281003272989,0.325898178743975,-2.98501217920008,0.0028356703313456,0.0379475296792082,"protein phosphatase 1 regulatory subunit 3C-B-like","gonad"
"LOC115112978",147.215549047435,-0.975263609892923,0.268458657946275,-3.63282606474214,0.000280333994009467,0.0100266572962441,"E3 ubiquitin-protein ligase rnf213-beta-like, transcript variant X1","gonad"
"LOC115119677",42.1951229730956,-0.98925605843468,0.27539358421253,-3.59215361266818,0.000327956424823223,0.0108656511844716,"uncharacterized LOC115119677","gonad"
"LOC115132668",19.9279444841658,-0.992238282899817,0.329039098741893,-3.01556345946034,0.00256502257644592,0.035968264723925,"receptor-transporting protein 3-like, transcript variant X2","gonad"
"LOC115112979",47.4610558471281,-0.992368603126075,0.246417300641532,-4.02718721673562,5.64480853134047e-05,0.0044941026365217,"E3 ubiquitin-protein ligase rnf213-beta-like","gonad"
"LOC115137881",71.223531078766,-1.00668991877056,0.283659214558139,-3.54894136028225,0.000386783203714972,0.0117943146761359,"ras-like protein family member 11A-like","gonad"
"LOC115143423",88.4086663742239,-1.00764148910656,0.305584914607329,-3.29741895276918,0.000975778315035851,0.020425509612949,"tumor necrosis factor receptor superfamily member 8-like","gonad"
"LOC115138513",92.2978919500054,-1.00914827494497,0.24600356170621,-4.10216936675959,4.09294488115062e-05,0.00389177933144043,"signal transducer and activator of transcription 1-alpha/beta-like, transcript variant X1","gonad"
"LOC115128402",99.3133968726009,-1.02080792727918,0.269633533840986,-3.78590864696077,0.000153147932986446,0.00748838391380655,"uncharacterized LOC115128402","gonad"
"LOC115127439",3245.82677121426,-1.02380801524042,0.303392847837614,-3.37452917080101,0.00073942078827054,0.0174269934452069,"extracellular matrix protein 1-like","gonad"
"LOC115125272",12.8608302573205,-1.02404144919238,0.360732955323116,-2.83877986217013,0.00452863875520582,0.0498435875094597,"uncharacterized protein KIAA1522 homolog","gonad"
"LOC115125018",15.4805427313337,-1.03354439030213,0.355179240164452,-2.90992342295566,0.00361517321237262,0.0439044045778176,"guanylate cyclase soluble subunit alpha-2-like","gonad"
"LOC115128745",41.0506063405233,-1.03595582169818,0.279520140090735,-3.70619384120908,0.000210397294641367,0.00862296451807823,"exportin-4, transcript variant X2","gonad"
"LOC115101055",163.318422509473,-1.03650223609543,0.339502634519632,-3.05300204094732,0.00226564397395746,0.0332519456583308,"tubulin alpha chain, testis-specific-like","gonad"
"LOC115116225",45.6032017243979,-1.03996067311511,0.279926995773816,-3.71511390046642,0.00020311218292949,0.00841978534267684,"nicotinamide phosphoribosyltransferase-like","gonad"
"LOC115106629",34.5329889941892,-1.0434263728295,0.283093747044737,-3.68579802175782,0.000227987114917464,0.00901931889388721,"uncharacterized LOC115106629","gonad"
"LOC115107051",120.010039198622,-1.05834325295624,0.320395212048419,-3.30324303596739,0.000955735170693691,0.0202006143877935,"ubl carboxyl-terminal hydrolase 18-like","gonad"
"LOC115125109",60.6948763818821,-1.05961520745706,0.282228788897672,-3.75445471596183,0.000173719246993633,0.00780877889675854,"E3 ubiquitin/ISG15 ligase TRIM25-like","gonad"
"LOC115118973",28.5379183649306,-1.06870880549222,0.296982477721788,-3.59855845264169,0.000319985936497883,0.0106729870011963,"extracellular matrix protein 1-like, transcript variant X2","gonad"
"LOC115133054",180.44106495931,-1.07354882931959,0.318953740497613,-3.36584492674299,0.000763095949731224,0.0175821955118276,"ubl carboxyl-terminal hydrolase 18-like, transcript variant X2","gonad"
"LOC115140861",78.8392790818436,-1.0818511077781,0.380171002437798,-2.84569601795209,0.00443144758438406,0.0492420786192485,"trypsin-3","gonad"
"LOC115102861",174.256236871383,-1.08714920306938,0.312262976975098,-3.48151808965838,0.000498580103269284,0.0135920554227591,"protein piccolo-like","gonad"
"LOC115106960",144.533896588854,-1.09062395868532,0.334411130780366,-3.26132672719445,0.00110892183448849,0.0216956733049279,"synaptophysin-like protein 1","gonad"
"serpini1",23.2739112807844,-1.10853499519883,0.342706301946544,-3.23465016225975,0.00121791858276727,0.0230819726395852,"serpin family I member 1","gonad"
"LOC115138443",66.7505231569315,-1.10981521708986,0.269510323112238,-4.11789501891428,3.82348788165547e-05,0.00381424428457894,"interferon alpha-inducible protein 27-like protein 2B","gonad"
"LOC115110310",129.897828510596,-1.11086915615658,0.22348921130483,-4.9705717321692,6.67557576823722e-07,0.000616922529311954,"protein tweety homolog 3-like, transcript variant X1","gonad"
"LOC115112364",98.9109235585578,-1.11283323704422,0.303847589861255,-3.66247182527387,0.000249793233526475,0.00940922395831263,"dysbindin domain-containing protein 1-like, transcript variant X2","gonad"
"LOC115110468",557.907931189884,-1.11345096892839,0.365856599536032,-3.04340818326206,0.00233914810367953,0.0337864542326217,"CD9 antigen-like, transcript variant X2","gonad"
"LOC115104701",13.8818912866666,-1.11793362078414,0.368582576545111,-3.03306149537245,0.00242086261708396,0.0345815748825935,"tubulin polymerization-promoting protein family member 3-like","gonad"
"LOC115103771",58.4397177740076,-1.12771788951788,0.331089701142592,-3.4060796383159,0.000659029520977982,0.0161693783552382,"insulin-like growth factor-binding protein 4","gonad"
"lhfpl3",18.5512313557985,-1.13126306719453,0.291192102756103,-3.8849373196843,0.000102356292514979,0.00611309489112487,"LHFPL tetraspan subfamily member 3","gonad"
"LOC115106696",176.898524759731,-1.13888789544596,0.30142259980083,-3.77837592867455,0.000157854464414499,0.00749762792646944,"transforming growth factor beta-2 proprotein-like","gonad"
"LOC115145981",48.8991009556067,-1.16104070029414,0.394957666409007,-2.93965859898463,0.0032857406380996,0.0415956665874524,"HHIP-like protein 1","gonad"
"LOC115146928",64.5338094283408,-1.17769868360461,0.376692879282685,-3.1264161028136,0.00176950985656148,0.028754066215286,"protein mono-ADP-ribosyltransferase PARP14-like","gonad"
"LOC115127896",13.469719376834,-1.18219439013894,0.397552290686965,-2.97368275276726,0.00294249125685044,0.0387691373435243,"lysosome membrane protein 2-like","gonad"
"LOC115131711",146.069226035326,-1.20233867124477,0.39335581487431,-3.05661852648335,0.00223848959719922,0.0330182448281122,"angiopoietin-1-like, transcript variant X2","gonad"
"LOC115116544",267.947091439063,-1.20604867096216,0.369103116710157,-3.26751147947966,0.00108497466267667,0.0215753019183465,"alpha-tubulin N-acetyltransferase 1-like, transcript variant X2","gonad"
"LOC115129753",57.8678812455561,-1.20783953747291,0.42442511122628,-2.84582487116073,0.00442965491418919,0.0492420786192485,"sodium-driven chloride bicarbonate exchanger-like, transcript variant X3","gonad"
"LOC115109133",43.6348625807954,-1.20806407501725,0.37720300406299,-3.20268943249325,0.00136150722619046,0.0244971819826295,"interferon-induced protein 44-like, transcript variant X1","gonad"
"LOC115131461",709.088144855303,-1.20818895081038,0.408760339264651,-2.9557391819957,0.00311920740082382,0.0400655551983888,"terminal nucleotidyltransferase 5A-like","gonad"
"LOC115121673",105.726299040307,-1.21575708855624,0.317325352604882,-3.83126364967767,0.000127486803988357,0.00693274971668765,"pollen-specific leucine-rich repeat extensin-like protein 1","gonad"
"LOC115108506",126.820958624827,-1.22478228503514,0.284378487422712,-4.306873899412,1.65577937865418e-05,0.00252269191143423,"protein NDNF-like","gonad"
"LOC115106977",14.8966013125345,-1.23497226577158,0.328028990917074,-3.76482658535441,0.000166664708523192,0.00768011281204842,"solute carrier organic anion transporter family member 1C1-like, transcript variant X2","gonad"
"LOC115101191",2142.55281658378,-1.23829417543039,0.37882377416096,-3.26878686052117,0.00108009629791533,0.0215753019183465,"CD209 antigen-like protein E","gonad"
"amh",86.9246762737259,-1.23891730877529,0.40198262210754,-3.08201708392221,0.00205603037110212,0.0313213834236536,"anti-Mullerian hormone","gonad"
"LOC115128193",31.7402590458484,-1.24507294703303,0.342479325379804,-3.63546893130632,0.000277475435134096,0.00997592871345476,"tuftelin-like, transcript variant X3","gonad"
"LOC115128805",133.50958580138,-1.24541633605301,0.357174357022148,-3.48685820123358,0.000488730411198309,0.0134445293116917,"rho GTPase-activating protein 4-like","gonad"
"LOC115121570",86.6877441917425,-1.24687101071034,0.350991382949413,-3.55242627392377,0.000381695964551952,0.0117260100379107,"filamin A-interacting protein 1-like","gonad"
"LOC115139421",63.450192390327,-1.25502637469184,0.40720968862748,-3.08201501521728,0.00205604465989105,0.0313213834236536,"uncharacterized LOC115139421, transcript variant X2","gonad"
"LOC115106914",59.6939222236692,-1.26340961109187,0.342740071489112,-3.68620338323063,0.000227624463308817,0.00901931889388721,"synapsin-3-like","gonad"
"LOC115108300",14.0557247852126,-1.27256485439311,0.296052682955477,-4.29844054000516,1.72004029623613e-05,0.00252701981890167,"cyclic AMP-responsive element-binding protein 3-like protein 3-B","gonad"
"LOC115111177",49.7787768528068,-1.30992922065153,0.419641439775479,-3.12154400516875,0.00179905358462595,0.0291119580057655,"cAMP-specific 3',5'-cyclic phosphodiesterase 4D-like","gonad"
"dpep1",600.282082494527,-1.31221606972276,0.300085309761335,-4.37281008779267,1.22657417696984e-05,0.00218255135740007,"dipeptidase 1, transcript variant X1","gonad"
"LOC115122287",14.7112696657637,-1.32055119004787,0.443666901268896,-2.9764473894065,0.00291609111059852,0.0385317003124883,"putative N-acetylated-alpha-linked acidic dipeptidase","gonad"
"LOC115113734",15.8818103774829,-1.35328400627552,0.414539759658123,-3.26454573957294,0.00109639759084346,0.0216607123605591,"signal peptide, CUB and EGF-like domain-containing protein 2","gonad"
"LOC115143798",771.560027058957,-1.35579615672514,0.394354153808093,-3.43801667519628,0.000585991611431824,0.0149218284672597,"acidic mammalian chitinase-like","gonad"
"LOC115120595",199.220476913224,-1.42827320926521,0.451527208543541,-3.16320518949962,0.0015604230704889,0.0264035799327087,"uncharacterized LOC115120595","gonad"
"LOC115129462",13.7607333927294,-1.43185505155911,0.475099343748696,-3.01380136680738,0.00257996660895433,0.0360506581735276,"neuronal acetylcholine receptor subunit alpha-7-like","gonad"
"LOC115135188",17.1463471363375,-1.43851990824722,0.407804593725389,-3.52747352624454,0.000419545713743649,0.0124262185623649,"uncharacterized LOC115135188","gonad"
"LOC115110363",19.9798831006178,-1.45603587028018,0.41940193265312,-3.47169566212858,0.000517182289337453,0.0137607901637429,"hemoglobin subunit alpha-1","gonad"
"LOC115122635",17.0848755367023,-1.4660409009249,0.363744064272808,-4.03041876121273,5.56775702074316e-05,0.0044941026365217,"uncharacterized LOC115122635","gonad"
"LOC115129184",16.9504155775469,-1.49784962534323,0.461503861142929,-3.24558416831824,0.00117209910074011,0.0224666468253504,"solute carrier family 25 member 48-like","gonad"
"LOC115137998",40.1522650996938,-1.51491832456752,0.36697673843043,-4.12810449797682,3.65765895399666e-05,0.0037308121330766,"interferon-induced very large GTPase 1-like","gonad"
"LOC115143312",679.605906525176,-1.52385637951525,0.304403782856108,-5.00603627595383,5.55622902537318e-07,0.000560438301025975,"interferon-induced GTP-binding protein Mx3, transcript variant X2","gonad"
"LOC115123231",82.0180210833608,-1.54957962499223,0.334343245392835,-4.63469696590268,3.57460735102691e-06,0.00153069213597835,"uncharacterized LOC115123231","gonad"
"LOC115146230",33.8265653658612,-1.55719039954286,0.383930431196058,-4.05591813780363,4.99377486638355e-05,0.00427674417330471,"transforming growth factor beta-3 proprotein-like","gonad"
"LOC115138574",374.691561741808,-1.58219552243258,0.369699441668572,-4.27968058402151,1.87161726417994e-05,0.00253590172003365,"sacsin-like, transcript variant X3","gonad"
"lg2h3orf18",56.6624149646219,-1.68194966361283,0.323424803228231,-5.20043499083751,1.98822653192535e-07,0.000311597846807082,"linkage group 2 C3orf18 homolog","gonad"
"LOC115126544",86231.5610489874,-1.76846345507874,0.450900937568928,-3.92206648452223,8.77927581180499e-05,0.00557330530206753,"galactose-specific lectin nattectin-like","gonad"
"cmpk2",89.8061283347141,-1.78070665183223,0.385800540983385,-4.61561470933478,3.91933484739811e-06,0.0015792623458439,"cytidine/uridine monophosphate kinase 2","gonad"
"LOC115136413",101.072726101476,-1.91019333660621,0.435109573782069,-4.39014320002748,1.13276039449565e-05,0.00218255135740007,"hepatocyte growth factor-like protein","gonad"
"LOC115140801",175.097155302637,-1.91066540390213,0.666920676066103,-2.86490653607019,0.00417132339596113,0.0474527240457833,"CD209 antigen-like protein E, transcript variant X2","gonad"
"LOC115143311",146.857433286201,-1.93603435769704,0.380022711296183,-5.09452277495102,3.49620806013511e-07,0.000392528549023692,"interferon-induced GTP-binding protein Mx2","gonad"
"LOC115126437",55.1911737008112,-1.9422309128479,0.622652990965255,-3.11928303730943,0.00181291720948603,0.0292061445034857,"uncharacterized LOC115126437, transcript variant X1","gonad"
"LOC115143313",87.2682781501327,-1.9434392194727,0.426405335778682,-4.55772725245964,5.17101275082144e-06,0.00177141334913045,"interferon-induced GTP-binding protein Mx1","gonad"
"tnr",27.5501347918239,-1.94899935265017,0.52963811509818,-3.67986989057402,0.000233352984060067,0.00907228432247232,"tenascin R, transcript variant X1","gonad"
"LOC115125592",16.7173034708451,-2.02899194828515,0.513457269536666,-3.95162765952476,7.76214464955569e-05,0.00525856336781094,"inward rectifier potassium channel 2-like","gonad"
"LOC115113101",37.7720924042238,-2.06827732099501,0.511715202790799,-4.04185240093517,5.30306100799667e-05,0.00436590695038226,"interferon-induced protein with tetratricopeptide repeats 5-like, transcript variant X2","gonad"
"LOC115132283",147.488493748639,-2.23111108392839,0.745107446927342,-2.99434812137364,0.00275031945171356,0.0374115052447483,"complement receptor type 2-like, transcript variant X1","gonad"
"LOC115133047",35.9722819486497,-2.31940989201082,0.733496928623452,-3.16212624961312,0.00156621645177667,0.0264769328663476,"probable polypeptide N-acetylgalactosaminyltransferase 8","gonad"
"LOC115129489",92.8207712894022,-2.42874393660561,0.659535496241325,-3.68250678007014,0.000230951723617511,0.00905679553802459,"insulin-like growth factor-binding protein 7, transcript variant X1","gonad"
"LOC115133045",25.5912992736799,-2.65895184236059,0.6797535431507,-3.91164101923792,9.16711035086592e-05,0.00571952080860212,"probable polypeptide N-acetylgalactosaminyltransferase 8","gonad"
"LOC115101206",2051.16807100273,-2.66983119620171,0.57897340663905,-4.61131921706064,4.0012154609396e-06,0.0015792623458439,"vasotocin-neurophysin VT 1","gonad"
"LOC115123433",321.369625248854,-3.00514844521411,0.677265365034046,-4.43718016654084,9.11450032296755e-06,0.00218255135740007,"dentin sialophosphoprotein-like","gonad"
"LOC115139220",6899.7408333544,-3.10173113386532,0.821690527154819,-3.77481671184084,0.000160125353843877,0.00749762792646944,"trichohyalin-like","gonad"
