"gene","baseMean","log2FoldChange","lfcSE","stat","pvalue","padj","description","tissue"
"LOC115112427",278.917581430526,2.29817716366603,0.214988045592982,5.42161251408902,5.90638026018146e-08,0.000164779347356489,"serum amyloid A-5 protein-like","gonad"
"LOC115112426",197.66563369121,2.28275177859082,0.21491995929345,5.48562487931061,4.12010373149096e-08,0.0001496092066979,"serum amyloid A-5 protein-like","gonad"
"LOC115141356",1129.64019049195,1.40196066226711,0.191763042533281,3.47518272516004,0.000510505485136855,0.013751836184191,"C-type lectin domain family 4 member E-like","gonad"
"LOC115142066",427.480512982859,1.3989352268956,0.214493213579734,3.67754651468834,0.000235488142759766,0.00911320380088197,"hepcidin-like","gonad"
"LOC115141350",862.435645005746,1.37819841909051,0.198213336656764,3.26140417909207,0.00110861894479628,0.0216956733049279,"CD209 antigen-like protein E","gonad"
"LOC115105764",862.14369134894,1.35465149968543,0.204835841796732,4.10800126128158,3.9909792540962e-05,0.00389177933144043,"neurofibromin-like","gonad"
"LOC115137859",2236.16054301084,1.27753897846853,0.203520244221446,3.56087128079323,0.000369626258934651,0.0114913259541396,"saxiphilin-like","gonad"
"hspb11",72.8560011859613,1.21890586475932,0.203843847382433,6.00287786692586,1.93850436986714e-09,1.75977426696539e-05,"heat shock protein family B (small) member 11","gonad"
"lg27h9orf116",41.7679479335698,1.21593360125359,0.211031276334131,4.3408464478736,1.41934888072463e-05,0.00234269984349422,"linkage group 27 C9orf116 homolog","gonad"
"LOC115110674",19.2734322056685,1.16183532051608,0.215092203426574,3.30701938856795,0.000942943652869535,0.0200234911830401,"forkhead box protein J1-A-like, transcript variant X2","gonad"
"riiad1",44.6951816537096,1.12683043681689,0.213205728939255,3.68848042943372,0.000225597374744836,0.00900207897992799,"regulatory subunit of type II PKA R-subunit (RIIa) domain containing 1","gonad"
"ccdc173",30.5465850858778,1.10700576401795,0.210235610728735,4.24268565164177,2.20860699092508e-05,0.00284393393810182,"coiled-coil domain containing 173","gonad"
"LOC115132668",19.9279444841658,1.09437722157357,0.20383013821818,-3.01556345946034,0.00256502257644592,0.035968264723925,"receptor-transporting protein 3-like, transcript variant X2","gonad"
"LOC115125542",81.0734740618532,1.08624239452016,0.199311343580046,4.3346349854086,1.46002177411193e-05,0.00238108734315331,"calcyphosin-like protein, transcript variant X1","gonad"
"lg2h20orf96",32.4028851393845,1.08062114174908,0.211342394864205,3.19965057913564,0.00137594290793752,0.0246367055586919,"linkage group 2 C20orf96 homolog, transcript variant X2","gonad"
"LOC115139472",348.294552828116,1.07445286591918,0.209755669408809,5.15936975825651,2.47782522185202e-07,0.000336519162150198,"enoyl-[acyl-carrier-protein] reductase, mitochondrial-like, transcript variant X7","gonad"
"LOC115145189",34.197895350337,1.06954422474125,0.15218253050771,3.79740588865464,0.000146218261995494,0.00737411634382322,"growth arrest and DNA damage-inducible protein GADD45 alpha-like","gonad"
"pih1d3",70.0588804692576,1.06404523736946,0.215008958015077,5.08504645750976,3.67536094591472e-07,0.000392528549023692,"PIH1 domain containing 3","gonad"
"gpr84",92.7277085063442,1.0380015380581,0.214835984673907,4.90862486719111,9.17172249097119e-07,0.000756917243391241,"G protein-coupled receptor 84","gonad"
"nadk",239.100974710118,1.03142279697671,0.191317340042696,5.39827911018679,6.72831391640834e-08,0.000164779347356489,"NAD kinase, transcript variant X3","gonad"
"cfap126",53.5246461024238,1.02907848297144,0.214840321108026,3.05994804951581,0.00221375387330892,0.0327303870714958,"cilia and flagella associated protein 126","gonad"
"LOC115141572",126.135492726733,1.02433590118278,0.213952529903102,4.84627021242667,1.25804144704745e-06,0.000913640020503739,"cytochrome c oxidase subunit 7A2, mitochondrial-like","gonad"
"LOC115130780",189.171693993668,0.995633197800865,0.185062062932413,5.38459979203273,7.26060133758488e-08,0.000164779347356489,"caltractin-like","gonad"
"LOC115109525",571.104595396265,0.984484164284665,0.186772056977632,5.27663290497095,1.31579094271489e-07,0.000265438892843683,"calcium and integrin-binding protein 1-like","gonad"
"LOC115112246",43.2790688590586,0.982649973156243,0.2050038938531,4.80493663878678,1.54800520059109e-06,0.00104868816417125,"bolA-like protein 3","gonad"
"b3gnt7",18.5988671979385,0.981908064528661,0.215123615658737,4.62394791888079,3.76504436882283e-06,0.00155359421728062,"UDP-GlcNAc:betaGal beta-1,3-N-acetylglucosaminyltransferase 7","gonad"
"LOC115143451",21.0548421149284,0.980466357655651,0.206516210845753,5.1405210411308,2.73977639153068e-07,0.000336519162150198,"centromere protein S-like","gonad"
"lsm6",485.47610329288,0.973102438002624,0.204019610868569,4.78619959700949,1.69969028882675e-06,0.00108049073580337,"LSM6 homolog, U6 small nuclear RNA and mRNA degradation associated","gonad"
"LOC115135546",913.339769842022,0.967425853958117,0.206743091523628,4.70008709025963,2.60050563542025e-06,0.00140732001970648,"diamine acetyltransferase 1-like","gonad"
"LOC115109003",96.0454705679456,0.964839651848719,0.208870133474232,4.64201673465347,3.45024908983759e-06,0.00153069213597835,"small nuclear ribonucleoprotein F-like","gonad"
"snapc5",110.800055554932,0.963370358995675,0.187601679229388,5.13776645322174,2.78023101578154e-07,0.000336519162150198,"small nuclear RNA activating complex polypeptide 5, transcript variant X2","gonad"
"LOC115139209",32.6667886820096,0.96292563614573,0.197077915879922,4.40344478297004,1.06545411104159e-05,0.00218255135740007,"sterile alpha motif domain-containing protein 15-like, transcript variant X2","gonad"
"LOC115103388",197.443874726661,0.961735812820404,0.203848572341747,4.73322974234796,2.20975127873679e-06,0.00125375763177328,"LYR motif-containing protein 4A","gonad"
"srp9",255.369570837301,0.955930266023544,0.195794300123693,4.89092383778222,1.00363796602369e-06,0.000792263083092442,"signal recognition particle 9","gonad"
"LOC115142005",33.7289282061508,0.954863281554077,0.211666260813137,4.53631990049662,5.72443295525621e-06,0.00180899967550706,"ubiquinol-cytochrome-c reductase complex assembly factor 2-like, transcript variant X2","gonad"
"LOC115107282",313.573402595412,0.949296595859483,0.204391301526471,4.66019346868583,3.15912304517739e-06,0.00153069213597835,"small integral membrane protein 8-like","gonad"
"LOC115137242",21.0563186007368,0.946813038302704,0.21498890540917,3.12067769542389,0.00180435399882598,0.0291292593466683,"TNFAIP3-interacting protein 2-like","gonad"
"LOC115136646",58.0516347191519,0.944859845500885,0.190468563463551,4.96270825082337,6.95169652656991e-07,0.000616922529311954,"dehydrogenase/reductase SDR family member 13-like","gonad"
"LOC115124990",48.4226546071914,0.939024246630635,0.207717061219337,4.53432076579954,5.77891502420189e-06,0.00180899967550706,"chemokine-like receptor 1","gonad"
"LOC115114450",25.8583991510283,0.934112407986792,0.214987042546235,4.40141375022357,1.07547818858955e-05,0.00218255135740007,"protein canopy-1-like, transcript variant X5","gonad"
"LOC115135550",460.628492050863,0.927436394755142,0.190914018501424,4.86390556643482,1.15091840350094e-06,0.000870669772248459,"eukaryotic translation initiation factor 1A, X-chromosomal-like","gonad"
"enkur",20.2393321615977,0.920880456320002,0.211648382976867,3.11813766766992,0.00181997770112372,0.0292679496382659,"enkurin, TRPC channel interacting protein","gonad"
"LOC115101414",581.385694472651,0.919693201678317,0.198914644388558,4.6332858625857,3.599070175165e-06,0.00153069213597835,"eukaryotic translation initiation factor 1A, X-chromosomal-like, transcript variant X1","gonad"
"LOC115126007",217.637879207154,0.91859629076495,0.211726623150259,4.36852339509338,1.25089419001283e-05,0.00218255135740007,"glutathione S-transferase Mu 3-like","gonad"
"LOC115139187",916.68873194104,0.913292901113496,0.194785607189185,4.69604653670902,2.6524513564741e-06,0.00140732001970648,"splicing factor 3B subunit 6","gonad"
"LOC115113332",1219.49072922631,0.908339449986999,0.195908445988291,4.64434483372064,3.41157336900228e-06,0.00153069213597835,"calmodulin","gonad"
"efcab10",39.7071216023837,0.908315810251422,0.208565737844219,4.36984489604756,1.24334818295548e-05,0.00218255135740007,"EF-hand calcium binding domain 10, transcript variant X1","gonad"
"LOC115122634",205.07395412173,0.908071462931198,0.201366134193409,4.5201811738657,6.1786731728041e-06,0.0018673823657563,"tyrosine-protein kinase HCK-like","gonad"
"LOC115126357",155.389959575037,0.906756754867428,0.163885383287389,5.53319369014452,3.14451895105445e-08,0.0001496092066979,"tumor necrosis factor receptor superfamily member 14-like, transcript variant X2","gonad"
"pigbos1",111.950728225627,0.905449739299735,0.207478558563253,4.38112833999852,1.18066298719239e-05,0.00218255135740007,"PIGB opposite strand 1","gonad"
"LOC115110561",54.1719802965229,0.899473173838297,0.197626905664661,4.55774560393647,5.17056108228531e-06,0.00177141334913045,"tissue factor pathway inhibitor-like, transcript variant X2","gonad"
"LOC115124540",831.267299174987,0.897346111553771,0.196655045029429,4.57092920592125,4.85566312485451e-06,0.00172871696890229,"crustapain-like","gonad"
"LOC115104627",117.763089018725,0.897138032902458,0.197437124975096,4.55169571886597,5.32152614562085e-06,0.0017770213641824,"CDKN2AIP N-terminal-like protein","gonad"
"efcab6",14.0108976991386,0.896958953873554,0.213980771154768,2.86713370897667,0.00414207973671612,0.0472796479595952,"EF-hand calcium binding domain 6, transcript variant X1","gonad"
"LOC115142018",210.238041483908,0.896937033981031,0.203993787264362,4.40970653660059,1.03510795188394e-05,0.00218255135740007,"mitochondrial import receptor subunit TOM6 homolog","gonad"
"mdh1b",34.9954783027648,0.895847634144717,0.2093099234503,4.51070531422957,6.461242909008e-06,0.00189210203638628,"malate dehydrogenase 1B, transcript variant X1","gonad"
"LOC115144342",85.4102136511582,0.895634367668214,0.197208725527785,4.54634848289664,5.45846320731624e-06,0.0017770213641824,"zinc finger and BTB domain-containing protein 18-like, transcript variant X3","gonad"
"LOC115129520",302.433754992331,0.894621955356566,0.187568893029887,4.77425782477884,1.80371186034166e-06,0.00108049073580337,"caltractin","gonad"
"mrpl55",147.945821900911,0.894583166510487,0.20316699933948,4.41476974643605,1.01117558591814e-05,0.00218255135740007,"mitochondrial ribosomal protein L55","gonad"
"timm8a",54.7514799742038,0.892562188946529,0.200860745777644,4.45071723682246,8.55839695362651e-06,0.00218255135740007,"translocase of inner mitochondrial membrane 8A","gonad"
"LOC115140478",133.177965753821,0.891385718474195,0.197403708189095,4.52227227781583,6.11792911116861e-06,0.0018673823657563,"signal recognition particle 9 kDa protein-like","gonad"
"LOC115141228",215.630706115407,0.88989127075359,0.202621302344967,4.40314209079868,1.06694235773446e-05,0.00218255135740007,"PLAC8-like protein 1","gonad"
"LOC115134326",316.57611167799,0.884448858636949,0.197900926089824,4.47729686454307,7.55940986761016e-06,0.00203520483124677,"heat shock factor-binding protein 1-like","gonad"
"LOC115134679",363.180930212749,0.882652115253959,0.202626564211163,4.36727155879419,1.25808269068873e-05,0.00218255135740007,"small nuclear ribonucleoprotein F-like","gonad"
"LOC115101778",1657.99673609753,0.882010159005342,0.19431855815935,4.54548043602641,5.48100883422638e-06,0.0017770213641824,"protein transport protein Sec61 subunit gamma-like","gonad"
"LOC115108468",155.17895953044,0.881329906520257,0.207425595254225,4.26540524860481,1.99539684162568e-05,0.00264336382547859,"dolichyl-diphosphooligosaccharide--protein glycosyltransferase subunit DAD1-like","gonad"
"cby1",76.9834525641943,0.880973844540918,0.205638147719724,4.29568637056047,1.74153654380108e-05,0.00252701981890167,"chibby family member 1, beta catenin antagonist","gonad"
"LOC115127689",305.905176202937,0.87953118941511,0.197969132524861,4.45084320477602,8.55337776049718e-06,0.00218255135740007,"DNA-directed RNA polymerases I, II, and III subunit RPABC4","gonad"
"LOC115126080",885.627957257588,0.876956455628918,0.209896614092536,4.19881283292955,2.68317980213812e-05,0.0031985122762421,"glutathione S-transferase A-like","gonad"
"LOC115120705",88.9813406400006,0.876741017257283,0.198700948980455,4.41840338289135,9.94327117175658e-06,0.00218255135740007,"rho GTPase-activating protein gacJ-like","gonad"
"LOC115113961",1189.97716830361,0.876126815575363,0.196337936272425,4.46956304794972,7.83795532729851e-06,0.00206240459307872,"protein transport protein Sec61 subunit gamma-like, transcript variant X1","gonad"
"llph",577.797538583747,0.875934105969105,0.201207384490161,4.36308425562554,1.28241524441152e-05,0.00218255135740007,"LLP homolog, long-term synaptic facilitation factor","gonad"
"LOC115136251",39.1490833100559,0.873798543590027,0.200307415401835,4.37032671141867,1.24060775242603e-05,0.00218255135740007,"pterin-4-alpha-carbinolamine dehydratase 2-like","gonad"
"LOC115136182",264.240988860473,0.871840570625804,0.203094374349202,4.30440747295606,1.67433249964922e-05,0.00252269191143423,"CDKN2AIP N-terminal-like protein","gonad"
"LOC115142640",215.724873844864,0.870801971013527,0.190264534556908,4.58181744660749,4.60952209172393e-06,0.00171847581871482,"protein dpy-30 homolog, transcript variant X1","gonad"
"mrpl33",175.780073275888,0.869606807132841,0.190448851868049,4.57091697620096,4.85594654186037e-06,0.00172871696890229,"mitochondrial ribosomal protein L33","gonad"
"LOC115135462",429.825015563902,0.8692273586003,0.206133727534221,4.23103506245896,2.32618404392772e-05,0.00291270327596908,"NADH dehydrogenase [ubiquinone] 1 alpha subcomplex subunit 2-like","gonad"
"LOC115125102",619.785299983689,0.86911021635795,0.203512491229903,4.28212809328174,1.85114362146905e-05,0.00252701981890167,"translation machinery-associated protein 7","gonad"
"LOC115107774",33.8217001976675,0.86890213700499,0.213212771917612,4.0989023541921,4.1511410749076e-05,0.00389177933144043,"putative deoxyribonuclease tatdn3","gonad"
"LOC115115971",36.1221945064996,0.868781983829309,0.188785975640348,4.60083361000357,4.20803475001308e-06,0.00162555487066463,"homeobox protein Hox-A10-like","gonad"
"LOC115128326",113.453263757364,0.867070340888424,0.210966452911938,4.13247167034747,3.58883011765475e-05,0.00372335997806512,"C-type lectin domain family 4 member D-like, transcript variant X5","gonad"
"LOC115112262",75.4604258055194,0.867056204395692,0.197878561826887,4.38610646698592,1.15397653935476e-05,0.00218255135740007,"uncharacterized LOC115112262, transcript variant X2","gonad"
"gtf2h5",313.391136867418,0.866455131734707,0.202054980472019,4.29864346607357,1.71846650280204e-05,0.00252701981890167,"general transcription factor IIH subunit 5","gonad"
"efcab1",33.124463673213,0.862838740760023,0.209562890934002,4.32554423575013,1.52155729529515e-05,0.00239803489459276,"EF-hand calcium binding domain 1","gonad"
"LOC115138859",889.329682897914,0.862601598015637,0.186917373706636,3.27286060092633,0.0010646497075667,0.0214299114086264,"ladderlectin-like","gonad"
"znf593",289.310636755417,0.861761369539745,0.197855187393243,4.36299789008231,1.28292181273466e-05,0.00218255135740007,"zinc finger protein 593","gonad"
"LOC115142762",120.774415087468,0.856794279724603,0.172864791158221,4.95763658159299,7.13558774815544e-07,0.000616922529311954,"transmembrane protein 128-like","gonad"
"LOC115146137",157.610157598868,0.856129578647138,0.184910273166383,4.63178673852141,3.62523473491238e-06,0.00153069213597835,"tumor necrosis factor alpha-induced protein 2-like","gonad"
"LOC115133149",429.835363050627,0.85445464498342,0.195528688236077,4.37644727478132,1.20629353896842e-05,0.00218255135740007,"NADH dehydrogenase [ubiquinone] 1 alpha subcomplex subunit 5-like","gonad"
"LOC115109493",151.043422246838,0.853359230616745,0.192292166385986,4.44278205702604,8.88031057750741e-06,0.00218255135740007,"dynein light chain roadblock-type 2","gonad"
"LOC115131920",17.4986242156709,0.853040637521442,0.210047418266238,4.2332444092767,2.3034393679727e-05,0.00291270327596908,"testis-expressed protein 49-like, transcript variant X1","gonad"
"LOC115132445",107.888099525833,0.850982902185644,0.198703284597688,4.29085115689022,1.77989588497691e-05,0.00252701981890167,"prefoldin subunit 4-like","gonad"
"LOC115105616",137.039613066838,0.848446472503194,0.211302848599327,4.03670142840376,5.42079850978674e-05,0.00443333413259856,"PLAC8-like protein 1","gonad"
"LOC115101638",1333.80473976525,0.844976607092036,0.195277132969246,4.33314202345049,1.46996213192675e-05,0.00238108734315331,"ATP synthase subunit epsilon, mitochondrial-like","gonad"
"LOC115139738",46.2791963745591,0.84346733957872,0.192798097637116,4.37930605186332,1.19057827922829e-05,0.00218255135740007,"prefoldin subunit 5-like, transcript variant X2","gonad"
"LOC115103583",27.3753499464769,0.842735793156206,0.215033409198328,3.97591919509504,7.01079295127439e-05,0.00499793861090995,"dynein light chain 4, axonemal-like, transcript variant X3","gonad"
"LOC115137856",837.722347044338,0.841552578721918,0.18203747287882,5.52470080494725,3.30047561922545e-08,0.0001496092066979,"equistatin-like","gonad"
"LOC115143251",72.4602369441099,0.840153456518926,0.194122917470331,4.33135427239685,1.48195015298702e-05,0.00238108734315331,"mRNA turnover protein 4 homolog","gonad"
"lg23h12orf56",16.7312901880922,0.84005977482522,0.21502183071998,3.93623959764244,8.2768339818531e-05,0.00543559250950058,"linkage group 23 C12orf56 homolog, transcript variant X4","gonad"
"mmp9",73.4510475607318,0.839115812023288,0.213028764763712,4.05646845572196,4.98202874439553e-05,0.00427674417330471,"matrix metallopeptidase 9","gonad"
"arl2bp",114.266847762055,0.835112486983242,0.188922155033262,4.42449120883468,9.66698400491457e-06,0.00218255135740007,"ADP ribosylation factor like GTPase 2 binding protein","gonad"
"LOC115109112",18.4098607075139,0.835108101616975,0.215137442051997,3.91202059536672,9.15271041192553e-05,0.00571952080860212,"excitatory amino acid transporter 5-like","gonad"
"smkr1",58.3460579357473,0.834972833474865,0.214356879486106,3.92825129264482,8.55657774216027e-05,0.0055483294816665,"small lysine rich protein 1, transcript variant X2","gonad"
"LOC115142983",358.598657553992,0.834531270991765,0.195057918790244,4.28433961998154,1.83282762863933e-05,0.00252701981890167,"ubiquinol-cytochrome-c reductase complex assembly factor 2","gonad"
"pigx",248.311888909842,0.833676734139108,0.182109640856781,4.580535080374,4.63787811836451e-06,0.00171847581871482,"phosphatidylinositol glycan anchor biosynthesis class X, transcript variant X3","gonad"
"LOC115129731",140.303859532969,0.83102846017398,0.207036381298532,4.02777723259197,5.63066550123278e-05,0.0044941026365217,"acyl-CoA-binding protein-like","gonad"
"bbip1",528.715382570964,0.830029244020159,0.194573697313286,4.27143023869507,1.94223286827546e-05,0.00259288087914775,"BBSome interacting protein 1","gonad"
"LOC115110163",252.736596014499,0.828168079106765,0.196918009416015,4.21138250346927,2.53812559018696e-05,0.00310508618751008,"coatomer subunit zeta-1-like, transcript variant X1","gonad"
"acss1",118.057036418834,0.827709581557196,0.197452666602921,4.19696147651509,2.7051992657475e-05,0.0031985122762421,"acyl-CoA synthetase short chain family member 1, transcript variant X1","gonad"
"LOC115128699",125.997423544519,0.825361782154001,0.193812214097103,4.26386972196056,2.00916615948472e-05,0.00264336382547859,"chromatin accessibility complex protein 1-like","gonad"
"LOC115129313",4349.79303025042,0.823017138740615,0.204973938511838,4.02620733062162,5.66837135802748e-05,0.0044941026365217,"C-X-C motif chemokine 14-like","gonad"
"bola2b",863.424440034669,0.822657852740245,0.214594412049384,3.87134070991127,0.000108238378401188,0.00626140039734944,"bolA family member 2B","gonad"
"cep170",90.5935834022847,0.821132137947944,0.135740399222731,6.04651839242235,1.48009343071469e-09,1.75977426696539e-05,"centrosomal protein 170, transcript variant X3","gonad"
"gng10",215.249240371972,0.819188339976785,0.197739476634665,4.14954193264673,3.33141258733754e-05,0.00353926596456607,"G protein subunit gamma 10","gonad"
"imp3",142.321982374762,0.819167127610743,0.186470518723532,4.39625618320239,1.10133941711036e-05,0.00218255135740007,"IMP U3 small nucleolar ribonucleoprotein 3, transcript variant X2","gonad"
"upk1b",48.4239423871623,0.818532655247369,0.204973427445176,4.27705452206637,1.89382431834765e-05,0.00254698328325333,"uroplakin 1B","gonad"
"ttc32",134.295570550287,0.818235496149828,0.185040651567385,4.42528780683682,9.6313788295722e-06,0.00218255135740007,"tetratricopeptide repeat domain 32","gonad"
"LOC115116028",222.039627323974,0.816057173255787,0.194686399479043,4.19630968008044,2.71299234710995e-05,0.0031985122762421,"putative protein PTGES3L","gonad"
"LOC115122568",79.6503269815575,0.812251779352645,0.190899923482454,4.25937433637295,2.04999908886301e-05,0.00267768226312207,"DNA-directed RNA polymerase II subunit RPB7","gonad"
"ciao2a",444.130205442237,0.811018497614043,0.198128628162305,4.09993429922535,4.13267445250275e-05,0.00389177933144043,"cytosolic iron-sulfur assembly component 2A","gonad"
"LOC115119891",45.2987764668706,0.810518775456089,0.211541584293425,3.85117752700954,0.000117551244108357,0.00652679017746586,"allograft inflammatory factor 1-like","gonad"
"bbof1",17.8558342358352,0.809272384412977,0.212977766652469,3.89596968514631,9.78066227457162e-05,0.00597904728138459,"basal body orientation factor 1, transcript variant X1","gonad"
"LOC115129809",12.4538997634804,0.808259307205924,0.209259506950363,3.85861662924679,0.000114030648019803,0.00648615570193903,"uncharacterized LOC115129809, transcript variant X3","gonad"
"LOC115112160",179.874321643501,0.808027985410242,0.192237914399499,4.20766573895643,2.5802215011003e-05,0.00312310010493181,"trafficking protein particle complex subunit 2-like protein","gonad"
"LOC115129910",208.942561842984,0.806761051511352,0.198040425271469,4.0800444965229,4.50270807846459e-05,0.0040470875184457,"mitochondrial import receptor subunit TOM5 homolog","gonad"
"LOC115138318",18.1247394338162,0.806570329695977,0.191949680712266,4.19967164297588,2.67302334756356e-05,0.0031985122762421,"transcription factor SOX-11-like","gonad"
"LOC115129502",12.8717526368965,0.806457379903425,0.214416236043373,3.77804256012022,0.000158065870336924,0.00749762792646944,"secreted frizzled-related protein 3-like","gonad"
"LOC115124398",61.8896860679976,0.805722737949041,0.206640289135487,4.12926310983849,3.63927749210134e-05,0.0037308121330766,"thymosin beta-a-like, transcript variant X1","gonad"
"cmc4",36.1079085309169,0.804665109679595,0.207261693372659,3.89305074742825,9.89914343738228e-05,0.00603116940433264,"C-X9-C motif containing 4","gonad"
"LOC115133049",128.935026962266,0.802966787037138,0.185970306391979,4.3209748678237,1.553413679642e-05,0.00240093482705924,"V-type proton ATPase subunit E 1-like","gonad"
"cenpv",154.324390609135,0.802943397849129,0.194028976931682,4.14290956994008,3.42927190413128e-05,0.00357826785582802,"centromere protein V, transcript variant X1","gonad"
"LOC115133295",561.242847617173,0.802316862012351,0.187465096045627,4.28316730613693,1.84251518953389e-05,0.00252701981890167,"oligosaccharyltransferase complex subunit ostc, transcript variant X2","gonad"
"LOC115128574",148.025601274155,0.801854281320931,0.194915054821219,4.11875047553292,3.80932359775117e-05,0.00381424428457894,"replication protein A 14 kDa subunit-like","gonad"
"LOC115113577",354.090024688644,0.801666966080406,0.186927772150894,4.29216881286076,1.76936343700268e-05,0.00252701981890167,"trafficking protein particle complex subunit 2-like protein","gonad"
"LOC115109380",296.704228723269,0.800628290775209,0.187036894392493,4.28337941510374,1.84075879409649e-05,0.00252701981890167,"cytochrome c","gonad"
"LOC115105703",63.6306973269115,0.800072620952926,0.209769324099763,3.82886127465501,0.000128737544546295,0.00695642517494802,"uncharacterized LOC115105703, transcript variant X3","gonad"
"LOC115105959",36.4313086552328,0.799747001136354,0.204138643585167,3.92310444591859,8.74152318770664e-05,0.0055688103507369,"C3a anaphylatoxin chemotactic receptor","gonad"
"LOC115132180",68.5997587092106,0.79865050625015,0.198815545311637,4.02110900094656,5.79247921691877e-05,0.00455273821049252,"tyrosine-protein phosphatase non-receptor type 18-like, transcript variant X1","gonad"
"LOC115135792",171.433189570947,0.797406888175452,0.213820256094708,3.81784176293814,0.000134624222959935,0.00712122164227235,"ependymin-1","gonad"
"LOC115121172",172.696300924745,0.797372763263375,0.195317815643583,4.08646470735661,4.37996076072387e-05,0.00396429805105747,"high affinity copper uptake protein 1-like, transcript variant X1","gonad"
"ndufa1",1160.96794406506,0.797186824708068,0.197127993570336,4.0497740482931,5.12671091999951e-05,0.00434955904035098,"NADH:ubiquinone oxidoreductase subunit A1","gonad"
"lg3h2orf76",326.834014917366,0.794479637058573,0.187895226654711,4.23164903942306,2.31984195161034e-05,0.00291270327596908,"linkage group 3 C2orf76 homolog","gonad"
"LOC115138524",28.1157931786009,0.794099785496155,0.214395674346551,3.7679310200446,0.00016460617013036,0.00760455375289267,"protein FAM161B-like, transcript variant X1","gonad"
"LOC115131493",346.586412676585,0.794017691745492,0.198786344237768,4.00069651843881,6.31563127049127e-05,0.00474234325361969,"nuclear transport factor 2-like","gonad"
"LOC115113672",804.378113531563,0.792830857980522,0.188453355586211,4.21048445097095,2.54823662667439e-05,0.00310508618751008,"probable ribosome biogenesis protein RLP24","gonad"
"lg7h1orf109",74.634095845225,0.792813026968084,0.198474328884703,3.99951827319702,6.3471547181625e-05,0.00474234325361969,"linkage group 7 C1orf109 homolog, transcript variant X1","gonad"
"LOC115141814",21.6863473392673,0.788219759995065,0.205404045004703,4.07065543103889,4.68810490667314e-05,0.00409219864630985,"14-3-3 protein gamma-2-like","gonad"
"LOC115136181",549.125570763375,0.786421576259961,0.18912670242062,4.16170710424117,3.15877337429634e-05,0.00345486080624845,"ubiquitin-conjugating enzyme E2 B-like","gonad"
"LOC115104665",323.799248456907,0.786113565931322,0.180279351186092,4.36242991707555,1.28625796013333e-05,0.00218255135740007,"nucleolar protein 16-like","gonad"
"LOC115135115",190.5871940006,0.785989054168577,0.198128126799308,3.97308219607067,7.09485523498336e-05,0.00500105264007145,"polymeric immunoglobulin receptor-like, transcript variant X1","gonad"
"LOC115145291",43.4568959390159,0.785271278481582,0.193007657485391,4.07065406501822,4.6881323993856e-05,0.00409219864630985,"retinal rod rhodopsin-sensitive cGMP 3',5'-cyclic phosphodiesterase subunit delta-like","gonad"
"LOC115105627",455.114912540158,0.785091297976805,0.204230085683598,3.85296099447285,0.00011669798631024,0.00651928812138066,"asialoglycoprotein receptor 1-like","gonad"
"LOC115105604",70.9437804320057,0.784722684879595,0.20304160520047,3.87161031144257,0.000108118707233424,0.00626140039734944,"ribonuclease kappa-B","gonad"
"dnali1",24.7839021223326,0.784372711760969,0.205567257687925,4.02946084102989,5.59049272295832e-05,0.0044941026365217,"dynein axonemal light intermediate chain 1","gonad"
"LOC115133109",48.6032352964014,0.784175595345067,0.209569657147675,3.75487407093694,0.000173428652318929,0.00780877889675854,"secretin receptor-like","gonad"
"LOC115111377",163.286523284183,0.783958038416389,0.203969654334852,3.85187253932729,0.000117218034671096,0.00652679017746586,"uncharacterized protein C9orf85 homolog","gonad"
"LOC115143646",693.036962775241,0.783851752459934,0.196497148450943,3.99448686210413,6.48345162247543e-05,0.00476269422492933,"cytochrome c oxidase subunit 6C-1","gonad"
"LOC115114264",297.103395471901,0.783224623524379,0.18761018562513,4.17797173953235,2.94120188809886e-05,0.00337977604305841,"stress-associated endoplasmic reticulum protein 1-like","gonad"
"tex9",26.2845569954628,0.782689217663038,0.215134692176437,3.68139982494556,0.000231956924718078,0.00905679553802459,"testis expressed 9","gonad"
"LOC115103239",700.852707337494,0.782377723978028,0.205493698897478,3.8172908000726,0.000134925107123909,0.00712122164227235,"ubiquitin-60S ribosomal protein L40-like","gonad"
"LOC115132544",337.65563439094,0.781874128443118,0.196944689067532,3.97562125307343,7.01957670071622e-05,0.00499793861090995,"ragulator complex protein LAMTOR5-like","gonad"
"LOC115101417",905.183103489148,0.781702084142077,0.187583545084302,4.17038056397223,3.04091395840364e-05,0.00345067711429853,"diamine acetyltransferase 1-like","gonad"
"LOC115135730",2496.02933198886,0.780461202942243,0.199152794372248,3.92505729758614,8.67090965876869e-05,0.00556286345457966,"60S ribosomal protein L36a","gonad"
"LOC115131938",675.952329427201,0.780302190908333,0.206311702418725,3.79279099270939,0.000148963530958717,0.00740681895158368,"ATP synthase subunit epsilon, mitochondrial-like","gonad"
"LOC115110416",438.884600028338,0.780224624606687,0.195603714963809,3.9936804425758,6.50555280779067e-05,0.00476269422492933,"MOB-like protein phocein, transcript variant X4","gonad"
"LOC115143241",578.439889369386,0.779688174362024,0.186350469974889,4.18693738190187,2.82743789890073e-05,0.00329070272387447,"small nuclear ribonucleoprotein E","gonad"
"LOC115117293",462.623860927643,0.779512281936526,0.190501826867499,4.09562169515889,4.21036984882677e-05,0.00389177933144043,"ATP synthase membrane subunit DAPIT, mitochondrial-like","gonad"
"LOC115138026",587.082725216968,0.778549578364764,0.180133676969848,4.32401886294649,1.53212187581383e-05,0.00239803489459276,"actin-related protein 2/3 complex subunit 4-like","gonad"
"LOC115146361",1348.57032164599,0.776090730319964,0.195873750871907,3.96714033368211,7.27401657087893e-05,0.00502156064109801,"cytochrome c oxidase subunit 7A2, mitochondrial-like","gonad"
"LOC115137310",598.761957507537,0.775458545465015,0.207865393592676,3.74237674606194,0.000182287947828211,0.00805260335953528,"endonuclease domain-containing 1 protein-like","gonad"
"LOC115114431",33.6819705291592,0.774707255891383,0.174835356526983,4.4284105322142,9.49300815725845e-06,0.00218255135740007,"tyrosine-protein kinase Lyn-like","gonad"
"LOC115141466",23.9290478884367,0.774510494900195,0.195758195217086,3.95983597857142,7.50012584371246e-05,0.0051580410916077,"transmembrane protein 120A-like","gonad"
"LOC115103048",14.5008597560186,0.774324177068674,0.206083219266486,3.75841893531101,0.000170990417804006,0.0077745692979093,"protein N-lysine methyltransferase FAM173B-like","gonad"
"dnaaf4",100.197190006162,0.773545692367809,0.201371846158116,3.84811220481745,0.00011903153589827,0.00655431940475721,"dynein axonemal assembly factor 4","gonad"
"cenpw",56.35852609515,0.773522912129291,0.215123982475539,3.6408870411717,0.000271700330441471,0.00983086450878456,"centromere protein W","gonad"
"LOC115146146",306.414957259686,0.772404159404418,0.189599016540438,4.07721686584745,4.5577978656374e-05,0.00405644010041728,"apoptogenic protein 1, mitochondrial","gonad"
"LOC115125278",34.7860650505235,0.770931622471623,0.201382007221851,3.83116929057736,0.000127535713008024,0.00693274971668765,"TP53-regulated inhibitor of apoptosis 1-B-like","gonad"
"LOC115136856",939.139088114762,0.770731567063647,0.213819908147138,3.62956316904792,0.000283901251925421,0.0100758496288854,"high affinity immunoglobulin gamma Fc receptor I-like","gonad"
"LOC115134015",91.9554716324303,0.769740483424119,0.187835023544097,4.09950233705228,4.1403948961858e-05,0.00389177933144043,"dnaJ homolog subfamily C member 24-like","gonad"
"LOC115139447",24.5584384827779,0.76946418468694,0.204275670219579,3.77985926279131,0.000156917029006405,0.00749762792646944,"gap junction alpha-1 protein-like","gonad"
"LOC115103223",3351.94967700281,0.768180136729713,0.193310295205679,3.97789495821099,6.9528072595608e-05,0.00498953235591249,"stress-associated endoplasmic reticulum protein 1","gonad"
"LOC115120139",12.8001076404656,0.768029062957496,0.208701705408966,3.67537584124291,0.000237499521545591,0.00911320380088197,"myomegalin-like","gonad"
"LOC115145480",743.546101598736,0.76800390010645,0.201214688567827,3.82371348212218,0.000131456667608905,0.00704049338379731,"dolichyl-diphosphooligosaccharide--protein glycosyltransferase subunit DAD1-like","gonad"
"mrpl21",103.683341645149,0.767059593018302,0.200656465672938,3.82974326414049,0.000128277019810786,0.00695223155726755,"mitochondrial ribosomal protein L21, transcript variant X1","gonad"
"LOC115101304",303.391409970762,0.766549841967729,0.170643827740074,4.49338805896854,7.00988768238719e-06,0.00202018286922892,"FUN14 domain-containing protein 1A-like","gonad"
"LOC115131149",106.225673113687,0.766453464047757,0.194753223203215,3.94035206452978,8.13621128777805e-05,0.00537167462330539,"mitochondrial import receptor subunit TOM5 homolog","gonad"
"LOC115103618",82.3228795992978,0.766037178959822,0.19774094798492,3.8795607963318,0.000104645244236651,0.0061887265614353,"proteasome assembly chaperone 3-like, transcript variant X1","gonad"
"LOC115102671",26.8809340606571,0.765338703592086,0.214141540016687,3.63812989837417,0.000274624913070688,0.0098969553737254,"rho-related GTP-binding protein Rho6-like","gonad"
"tfec",29.1188210406686,0.764802262276493,0.202675517764971,3.7740169206589,0.000160639858085295,0.00749762792646944,"transcription factor EC, transcript variant X3","gonad"
"LOC115108626",378.164499154187,0.764648020596702,0.170901479982468,4.47552185710547,7.62249000466954e-06,0.00203520483124677,"protein mago nashi homolog","gonad"
"LOC115109873",111.568056269915,0.76433514697976,0.193491886179921,3.95482699287822,7.65900543577645e-05,0.00523103388146368,"proteasome assembly chaperone 3-like, transcript variant X1","gonad"
"LOC115125896",199.1920922153,0.764227837032995,0.189142788314697,4.0436114262134,5.26341242282837e-05,0.00436590695038226,"glucosamine-6-phosphate isomerase 1-like, transcript variant X2","gonad"
"ass1",63.0771968906027,0.763629064716676,0.210099970752137,3.6493067316581,0.000262948983444358,0.00962391618763769,"argininosuccinate synthase 1","gonad"
"LOC115125898",176.004079104769,0.763379779496425,0.174091355297511,4.38562394570311,1.15653779400298e-05,0.00218255135740007,"FYN-binding protein 1-like, transcript variant X1","gonad"
"thoc7",596.57739589886,0.763253154911503,0.188866147062705,4.04443086907302,5.24503816945583e-05,0.00436590695038226,"THO complex 7, transcript variant X2","gonad"
"ndufb1",819.01030556725,0.762391682715483,0.185684837960596,4.10854043272396,3.98167503517488e-05,0.00389177933144043,"NADH:ubiquinone oxidoreductase subunit B1","gonad"
"LOC115124638",94.3105675747406,0.761596807466837,0.176330473596298,4.31998154451412,1.5604225027153e-05,0.00240093482705924,"calcineurin subunit B type 1-like","gonad"
"LOC115105695",34.0992085190658,0.761325661560513,0.210305452158114,3.62934670705656,0.000284139403502385,0.0100758496288854,"ATP-sensitive inward rectifier potassium channel 15-like, transcript variant X2","gonad"
"LOC115108107",228.43528273821,0.760402701802452,0.190486286734005,3.99551510701491,6.45537403338757e-05,0.00476269422492933,"cytochrome b-c1 complex subunit 6, mitochondrial-like","gonad"
"prr19",20.894352703404,0.760066138972388,0.206232718984811,3.68877522920764,0.00022533617831375,0.00900207897992799,"proline rich 19, transcript variant X1","gonad"
"LOC115101326",299.080177842421,0.758569657212314,0.17136134594312,4.42804720573493,9.50900930402641e-06,0.00218255135740007,"barrier-to-autointegration factor-like","gonad"
"LOC115101480",500.832713433224,0.758438083740809,0.192901088150901,3.93570884568127,8.2951491076058e-05,0.00543559250950058,"NADH dehydrogenase [ubiquinone] 1 alpha subcomplex subunit 2-like","gonad"
"LOC115109022",112.503271291042,0.758201942369449,0.193818254112186,3.91670627054346,8.97670113706557e-05,0.00565365835440342,"tctex1 domain-containing protein 2-like, transcript variant X1","gonad"
"LOC115139938",561.189997456658,0.757761319841919,0.193161351121058,3.92705332786903,8.59929199849791e-05,0.00555618311475901,"cytochrome c oxidase subunit 6A, mitochondrial-like","gonad"
"LOC115112294",1112.34752492582,0.757565120764653,0.184957685598152,4.0983943160768,4.16026113497672e-05,0.00389177933144043,"probable ribosome biogenesis protein RLP24","gonad"
"LOC115110483",816.991489560464,0.757346185258773,0.182315257603449,4.15622920459315,3.23543246399472e-05,0.00351751567762204,"NADH dehydrogenase [ubiquinone] 1 alpha subcomplex subunit 6-like","gonad"
"LOC115143105",56.7753724889643,0.755973885841065,0.207796426025279,3.64672676368461,0.000265602089976545,0.0096638708328941,"uncharacterized LOC115143105, transcript variant X2","gonad"
"LOC115138857",272.587001677974,0.755108760117254,0.180225122022053,3.4794752615901,0.000502396750924325,0.0135939126822385,"ladderlectin-like","gonad"
"lg22h18orf32",580.120509758476,0.754958585347543,0.189418669742225,3.9889503524578,6.63663086269115e-05,0.00483914337120564,"linkage group 22 C18orf32 homolog","gonad"
"gpr18",36.2002217270093,0.754705746150151,0.198060792737874,3.81206849595574,0.000137808672838215,0.00716920992564652,"G protein-coupled receptor 18, transcript variant X5","gonad"
"LOC115104711",340.613767314877,0.754645458409248,0.18900644790144,3.99589445728429,6.44504446456516e-05,0.00476269422492933,"vacuolar ATPase assembly integral membrane protein vma21-like","gonad"
"pfdn1",229.523735973216,0.754030292630804,0.198940780801872,3.79603721762569,0.000147027435363737,0.00737411634382322,"prefoldin subunit 1","gonad"
"LOC115106514",63.2568459497554,0.753314177197716,0.202919709101596,3.71817670669617,0.000200665888644906,0.00839467712957814,"transmembrane protein 180-like, transcript variant X2","gonad"
"LOC115143064",128.344647447572,0.752398307289544,0.204040073036213,3.69571017210902,0.000219273000946581,0.00884693467819137,"HIG1 domain family member 1A, mitochondrial-like, transcript variant X1","gonad"
"LOC115119078",200.613835179337,0.752192243266896,0.209304246628689,3.60545453919187,0.000311607039025524,0.010570544812063,"cytochrome b-245 heavy chain, transcript variant X1","gonad"
"LOC115108243",350.062766544679,0.752078657562723,0.202452073538463,3.72201315953935,0.000197640719984817,0.00835761048150494,"40S ribosomal protein S27-like, transcript variant X1","gonad"
"LOC115101941",921.906082387709,0.752070848857085,0.187535764991387,4.01309709745283,5.99272479751886e-05,0.00461033522982002,"small nuclear ribonucleoprotein G-like","gonad"
"LOC115139646",161.840627531238,0.751753296252949,0.166434325940719,4.51693967703445,6.27397688428808e-06,0.0018673823657563,"membrane-bound O-acyltransferase domain-containing protein 2-like, transcript variant X1","gonad"
"ccdc25",470.366590455364,0.750991373802673,0.195387991919144,3.84790945960846,0.000119130061884219,0.00655431940475721,"coiled-coil domain containing 25, transcript variant X1","gonad"
"LOC115129029",377.8213181404,0.750808007021729,0.204714507895401,3.67593501141623,0.000236979850225937,0.00911320380088197,"thioredoxin-like protein 4A","gonad"
"LOC115142376",56.3056882321742,0.749318333888567,0.197061950712859,3.80479411328074,0.00014192218890558,0.007278924468276,"uncharacterized LOC115142376","gonad"
"LOC115118436",46.5980159508636,0.749131802882202,0.203167124255336,3.69409300601634,0.000220673028224247,0.00888367960186127,"proline-serine-threonine phosphatase-interacting protein 2-like, transcript variant X2","gonad"
"LOC115129714",30.4644403326424,0.748255401708668,0.201056133124316,3.7246485164047,0.00019558753961728,0.00835761048150494,"DPH3 homolog","gonad"
"LOC115142386",571.573210925323,0.746894451834668,0.193928509442343,3.85540741443336,0.00011553705195946,0.00649439849961595,"ATP synthase membrane subunit DAPIT, mitochondrial-like","gonad"
"LOC115138496",96.4529968139162,0.746771484126307,0.188990435255141,3.95467470650884,7.66388528568704e-05,0.00523103388146368,"rRNA-processing protein FCF1 homolog","gonad"
"LOC115145049",214.748088335979,0.746319760645745,0.197896578304871,3.77600372859239,0.00015936460593043,0.00749762792646944,"polymeric immunoglobulin receptor-like, transcript variant X3","gonad"
"LOC115101109",199.225064946527,0.746138241382601,0.211956093658355,3.53618977512357,0.000405942965985316,0.0122024842556778,"electrogenic sodium bicarbonate cotransporter 1-like, transcript variant X5","gonad"
"LOC115106253",658.226534160732,0.744576679835097,0.19985724286274,3.73129059886906,0.000190501320938941,0.00822283478254195,"NADH dehydrogenase [ubiquinone] 1 alpha subcomplex subunit 5-like","gonad"
"uxt",102.388888522875,0.743238620647774,0.19957649007419,3.73012098358841,0.000191387848279523,0.0082342127330877,"ubiquitously expressed prefoldin like chaperone, transcript variant X2","gonad"
"LOC115105588",100.190359719508,0.743221395933837,0.18488823343548,4.0223644128255,5.7616822641754e-05,0.00454822187775516,"tail-anchored protein insertion receptor WRB-like, transcript variant X2","gonad"
"LOC115120964",1785.62843636267,0.742604978691154,0.185519666857419,4.00524051134083,6.19544116623433e-05,0.00468685124225627,"cytochrome c oxidase subunit 4 isoform 1, mitochondrial-like","gonad"
"LOC115128402",99.3133968726009,0.742583038328218,0.192211441322557,-3.78590864696077,0.000153147932986446,0.00748838391380655,"uncharacterized LOC115128402","gonad"
"cacybp",370.824770630191,0.742393549969913,0.180365286433548,4.11800869392764,3.82160282342242e-05,0.00381424428457894,"calcyclin binding protein","gonad"
"LOC115101650",180.939963971457,0.74153797594656,0.196339873726579,3.7818048093609,0.000155695426494902,0.00749762792646944,"MICOS complex subunit MIC10-like","gonad"
"LOC115103037",126.500048105714,0.741169753064932,0.181232859190819,4.09177155389328,4.28090263533756e-05,0.00392545799228226,"C-C chemokine receptor type 3-like","gonad"
"LOC115142092",179.519382565858,0.739985006651491,0.188664938485261,3.92539126353188,8.65888781747914e-05,0.00556286345457966,"transcription and mRNA export factor ENY2-2","gonad"
"LOC115101740",397.74548988918,0.739980913718643,0.186063594150991,3.97965376538854,6.9015709141214e-05,0.00497241752050746,"succinate dehydrogenase cytochrome b560 subunit, mitochondrial-like, transcript variant X1","gonad"
"LOC115108527",78.2027287803727,0.739931392070632,0.17774797229306,4.16445650563091,3.12095112972153e-05,0.00345486080624845,"OCIA domain-containing protein 2-like","gonad"
"exosc6",96.0249829868731,0.739494680491966,0.203009820497533,3.64908059401595,0.000263180534550052,0.00962391618763769,"exosome component 6","gonad"
"smim4",139.350794444349,0.7390115561183,0.171771496630503,4.30349600291744,1.68123882619267e-05,0.00252269191143423,"small integral membrane protein 4","gonad"
"LOC115137665",228.153766079901,0.738189669988519,0.188271812442666,3.92389487252483,8.71287680355163e-05,0.0055688103507369,"stress-associated endoplasmic reticulum protein 1-like","gonad"
"dpm3",325.197865141163,0.738025223609601,0.182314529560309,4.05026625797506,5.1159388984336e-05,0.00434955904035098,"dolichyl-phosphate mannosyltransferase subunit 3, regulatory","gonad"
"ccdc189",65.1572357481033,0.737103136491914,0.214813313939557,3.46119077799677,0.000537791551285626,0.0141920689028224,"coiled-coil domain containing 189, transcript variant X4","gonad"
"LOC115124646",208.696456807822,0.737065870206556,0.189204185987044,3.89874240526765,9.66935713690875e-05,0.00593097460059849,"39S ribosomal protein L53, mitochondrial-like","gonad"
"LOC115110500",493.185116186721,0.736194860853096,0.195091418446913,3.77766810514845,0.000158303648965041,0.00749762792646944,"NADH dehydrogenase [ubiquinone] 1 alpha subcomplex subunit 6-like","gonad"
"LOC115103926",256.529449643206,0.735873511734804,0.183385344572541,4.01513851898749,5.94108915175527e-05,0.00459006019741569,"protein dpy-30 homolog, transcript variant X2","gonad"
"dtd2",85.286580506814,0.735793914647148,0.198021865198672,3.72091474734063,0.000198502447018456,0.00835761048150494,"D-aminoacyl-tRNA deacylase 2","gonad"
"LOC115104858",90.5310001408448,0.735431013167374,0.175448831406401,4.19175918383797,2.76799724913536e-05,0.00324230697130978,"B-cell receptor CD22-like, transcript variant X5","gonad"
"LOC115114233",759.804126965235,0.734891612013292,0.18977976064705,3.87543764652551,0.000106433232565513,0.00625372741249015,"ubiquitin-60S ribosomal protein L40-like","gonad"
"LOC115124647",2096.29849818565,0.734051847231805,0.200137316530154,3.67321422361819,0.000239518519263728,0.00913592066334505,"myelin P2 protein-like","gonad"
"lg19h9orf16",129.707452727486,0.733270010205832,0.18734632955679,3.91698460006314,8.96634742062195e-05,0.00565365835440342,"linkage group 19 C9orf16 homolog, transcript variant X3","gonad"
"LOC115102668",74.0805900175614,0.7329922036421,0.182597862316291,4.01648255144794,5.90732355227272e-05,0.00458741888474084,"prostaglandin E synthase 3-like, transcript variant X2","gonad"
"tmem18",178.807409664178,0.73282068032541,0.17092746866056,4.28864485568097,1.79766543137474e-05,0.00252701981890167,"transmembrane protein 18, transcript variant X1","gonad"
"LOC115144178",128.324573761773,0.732557989568589,0.180022310434787,4.07148435811151,4.67144997420447e-05,0.00409219864630985,"PHD finger-like domain-containing protein 5A","gonad"
"LOC115137969",258.736212745524,0.731340348162937,0.176145377724801,4.15362539208301,3.27248752717451e-05,0.00353662402043931,"NEDD8","gonad"
"ina",20.0007873524379,0.731317131065459,0.203387883316264,3.59471150744488,0.000324751229731901,0.0107988705622938,"internexin neuronal intermediate filament protein alpha","gonad"
"tmem107",24.4182681983267,0.730584321862269,0.21485380898652,3.42370519121596,0.000617735961595463,0.0155462162527157,"transmembrane protein 107, transcript variant X2","gonad"
"LOC115145367",345.357112027141,0.730513532036344,0.183506238948675,3.98308918347164,6.80252132373001e-05,0.00492058076309331,"protein mago nashi homolog","gonad"
"LOC115106830",19.7378365093813,0.73038258918942,0.190931091550218,3.81840932269733,0.000134314936214737,0.00712122164227235,"ras-related protein Rab-39B-like","gonad"
"rbis",208.877729703434,0.730309562378325,0.192391794950452,3.79938781323481,0.000145053956010813,0.00733593210398973,"ribosomal biogenesis factor","gonad"
"LOC115105069",471.736497704419,0.728726707581176,0.184803602384573,3.94548172852772,7.96397050561922e-05,0.0053188314993631,"eukaryotic translation initiation factor 1b","gonad"
"LOC115118247",298.231878944694,0.728270539067747,0.18083829724715,4.02898468331867,5.60182675708898e-05,0.0044941026365217,"protein CutA homolog","gonad"
"rps27a",5800.73259977613,0.726911961425284,0.204068565959451,3.56913572084959,0.000358160853840379,0.0112886959530912,"ribosomal protein S27a","gonad"
"ptprc",312.836723131037,0.726749074478284,0.152155570298181,4.77633053315175,1.78522866415293e-06,0.00108049073580337,"protein tyrosine phosphatase receptor type C, transcript variant X2","gonad"
"LOC115113374",515.48479291587,0.726657949269753,0.204311130026298,3.56354135831061,0.000365885015699926,0.0114534626638756,"serum amyloid P-component-like","gonad"
"pop4",237.789732337583,0.725748200208041,0.195572117366847,3.71510284843556,0.000203121060811437,0.00841978534267684,"POP4 homolog, ribonuclease P/MRP subunit","gonad"
"LOC115131425",99.5228037885293,0.725663496712734,0.199737086484086,3.63802784819988,0.000274733724848954,0.0098969553737254,"uncharacterized protein KIAA0895-like, transcript variant X1","gonad"
"LOC115136811",522.761001923788,0.725594382903611,0.17123264955589,4.23876391548616,2.24753858483203e-05,0.00287368384128242,"prothymosin alpha-like","gonad"
"LOC115106444",240.717390338734,0.725248030481131,0.191393782741447,3.7922121257734,0.000149311287523663,0.00740681895158368,"putative protein PTGES3L, transcript variant X2","gonad"
"LOC115140186",840.916592549827,0.725239659791572,0.192219464917108,3.77628023217628,0.00015918788644929,0.00749762792646944,"dynein light chain 1, cytoplasmic-like","gonad"
"LOC115106174",26.4073464231263,0.725098787232308,0.211307413028985,3.44062474304611,0.000580372839148529,0.0148203224579194,"DPY30 domain-containing protein 1-like, transcript variant X1","gonad"
"LOC115112425",17201.4722329703,0.724575346941464,0.186947940799999,3.87817265506093,0.000105244017159345,0.00620392979073071,"ferritin, heavy subunit","gonad"
"LOC115111612",15.5134198066744,0.723938447307168,0.208186611775054,3.48054288977043,0.000500398699526048,0.0135920554227591,"dual specificity protein phosphatase 18-like","gonad"
"LOC115127157",542.204508589462,0.723371249240709,0.179068754116537,4.04135577126376,5.31430621301211e-05,0.00436590695038226,"activated RNA polymerase II transcriptional coactivator p15-like","gonad"
"LOC115142442",36.0072216348606,0.722831079211011,0.192880058586508,3.74757473498608,0.000178552645550405,0.00798005209167819,"phosphoinositide 3-kinase regulatory subunit 6-like, transcript variant X4","gonad"
"LOC115115989",66.8154238252447,0.722483991968032,0.214679947297616,3.414386171181,0.000639258988888627,0.0158254715328892,"extracellular serine/threonine protein kinase FAM20C-like","gonad"
"LOC115139698",194.631563648953,0.721665769813935,0.16438440330474,4.39110996691148,1.12773483875774e-05,0.00218255135740007,"AP-3 complex subunit sigma-1, transcript variant X3","gonad"
"LOC115135018",91.3066544539149,0.721378858951474,0.199766026980884,3.61769069358085,0.000297243317063973,0.0102991405813235,"prolyl-tRNA synthetase associated domain-containing protein 1-like","gonad"
"LOC115115309",232.688333138474,0.720727131290395,0.177369402752226,4.06545706428764,4.7938419504291e-05,0.00414461878342813,"death-associated protein-like 1-A","gonad"
"LOC115142984",91.5246525949087,0.720570989521109,0.199615941932624,3.61530231980997,0.00029999732149589,0.010335391592181,"mitochondrial import receptor subunit TOM6 homolog","gonad"
"LOC115143541",33.5251986290499,0.720523584914762,0.184548543163155,3.90456553341502,9.43948115399758e-05,0.00582936121877483,"xylosyltransferase 1-like","gonad"
"LOC115118596",199.701090629986,0.720194327559718,0.165649880995878,4.34828652790893,1.37205277490944e-05,0.00228541194323448,"prostaglandin E synthase 3-like","gonad"
"brix1",125.36536233558,0.720154770300656,0.172895419407606,4.16569554774261,3.10404722583343e-05,0.00345486080624845,"biogenesis of ribosomes BRX1","gonad"
"LOC115134774",24.077142047379,0.719611255703217,0.203788897041257,3.52889960379773,0.000417291407251744,0.0124202340820699,"C-C motif chemokine 4-like","gonad"
"LOC115135294",100.929452462978,0.719007483837747,0.180476786315419,3.98605846787098,6.71799641471542e-05,0.00487887771622293,"thioredoxin-dependent peroxide reductase, mitochondrial-like","gonad"
"LOC115115131",53.1990835009709,0.718141453272985,0.207382477711141,3.47148504900713,0.000517588152900364,0.0137607901637429,"SLAM family member 8-like","gonad"
"LOC115141444",313.993064198347,0.717772584001747,0.174946653976937,4.10386932282203,4.06297015538092e-05,0.00389177933144043,"neutral amino acid transporter B(0)-like","gonad"
"LOC115107585",14.9500676743334,0.717603513915448,0.189593715658548,3.77433725734809,0.000160433599586681,0.00749762792646944,"T-cell activation Rho GTPase-activating protein-like","gonad"
"LOC115116435",114.555547909507,0.717373860185462,0.185484933415256,3.86999570822589,0.000108837269234337,0.00627317288958293,"peptidyl-prolyl cis-trans isomerase FKBP1A-like","gonad"
"LOC115109156",415.377590256517,0.717295722378594,0.167446134885633,4.28474028090715,1.82952785737072e-05,0.00252701981890167,"small integral membrane protein 7","gonad"
"LOC115101422",5093.07133567657,0.717197324835882,0.184573376916005,3.88773842658322,0.000101182579588877,0.00608301627488626,"cystatin-B-like","gonad"
"mak16",138.803362087125,0.71606845279161,0.189426647457585,3.78279040891884,0.000155079992927476,0.00748838391380655,"MAK16 homolog","gonad"
"LOC115138589",28.518206484577,0.715769037604591,0.213403498348523,3.36763144291064,0.000758168755293561,0.0175728330653349,"tumor necrosis factor alpha-induced protein 2-like, transcript variant X1","gonad"
"ss18l2",197.731180610029,0.715757579089688,0.202663301781814,3.53850669083313,0.0004023970833604,0.0121453954476521,"SS18 like 2","gonad"
"LOC115143672",102.532597855495,0.714605349228516,0.189746906128682,3.76905386860663,0.000163867522444551,0.00758974167730425,"peptidyl-prolyl cis-trans isomerase-like 1","gonad"
"ndufb5",500.065776296252,0.714177734304143,0.19815705525058,3.60871535676631,0.00030771701127907,0.0105094538645953,"NADH:ubiquinone oxidoreductase subunit B5","gonad"
"hacd4",75.9747164611263,0.714101320804863,0.193135472915199,3.70114304110093,0.000214630435134112,0.00875692175347176,"3-hydroxyacyl-CoA dehydratase 4, transcript variant X2","gonad"
"LOC115106712",182.446480510377,0.713964570849907,0.188818567817328,3.78325792226322,0.000154788866968778,0.00748838391380655,"vascular endothelial growth factor A-A, transcript variant X2","gonad"
"smim20",180.497108584369,0.713924784691463,0.187904216752806,3.80233350597833,0.000143339592420389,0.00731031921343986,"small integral membrane protein 20","gonad"
"timm8b",40.1013385066317,0.71280334470663,0.197206151697342,3.61824848224916,0.000296603557596563,0.0102966236935434,"translocase of inner mitochondrial membrane 8 homolog B","gonad"
"tmem126a",34.3483514424287,0.712020923272486,0.199394980918867,3.57586685396115,0.00034906929025604,0.0111579261160012,"transmembrane protein 126A","gonad"
"LOC115129238",218.423083377696,0.711680107173372,0.183188503115939,3.88630485925651,0.00010178167313661,0.00609883847349273,"hypoxanthine-guanine phosphoribosyltransferase","gonad"
"LOC115101315",338.784667789475,0.71140783728149,0.173747513666312,4.09554832825187,4.21170353080072e-05,0.00389177933144043,"calmodulin","gonad"
"LOC115105848",21.3759258703154,0.71138645827073,0.200530690607571,3.54872051454321,0.000387107717456859,0.0117943146761359,"TP53-regulated inhibitor of apoptosis 1-like","gonad"
"LOC115102262",27.0270096829232,0.710795031796378,0.206334571875665,3.45065926249563,0.000559219109580074,0.0144384723578429,"E3 ubiquitin-protein ligase TRIM16-like, transcript variant X1","gonad"
"polr2i",88.760345560215,0.710707456512264,0.181583203882346,3.91610065088217,8.99926891618522e-05,0.00565365835440342,"RNA polymerase II subunit I","gonad"
"LOC115128224",2334.87127474854,0.709776455973391,0.202109097471009,3.51749479034817,0.000435640901858905,0.0127367088794691,"ATPase inhibitor A, mitochondrial-like","gonad"
"stard9",105.19841303201,0.708689062045393,0.199208487155397,3.5603994041393,0.000370291147621656,0.0114923180790065,"StAR related lipid transfer domain containing 9","gonad"
"mcur1",28.1340421929037,0.707150760285731,0.195118448264607,3.62864146082973,0.000284916614717564,0.010083715510355,"mitochondrial calcium uniporter regulator 1, transcript variant X1","gonad"
"LOC115133707",74.1950370755115,0.706914273278802,0.193881208187475,3.65083560336419,0.000261388516064404,0.00962391618763769,"V-type proton ATPase subunit E 1-like","gonad"
"LOC115136130",261.350387299924,0.706089693210136,0.194861286073007,3.62746904223128,0.000286213079240842,0.010109892347659,"small nuclear ribonucleoprotein Sm D2-like","gonad"
"LOC115128083",8034.44216454377,0.705727927147522,0.197710267520138,3.57362605278538,0.000352071635578434,0.0111947681533486,"60S ribosomal protein L30","gonad"
"LOC115111257",198.038625624796,0.705647287321297,0.199979330361806,3.53344427612816,0.000410182547970969,0.0122488064818436,"tetraspanin-36-like","gonad"
"LOC115136485",615.099212273083,0.70540659641924,0.183006268938712,3.85647647155755,0.000115033164575037,0.00648615570193903,"cytochrome c oxidase subunit 7B, mitochondrial-like","gonad"
"LOC115121080",586.445399819671,0.705058593865383,0.192357641897701,3.66847437505996,0.00024400214418996,0.00924864912299149,"tubulin-specific chaperone A-like","gonad"
"LOC115123317",184.165073414805,0.704535156545305,0.186250055531538,3.78474054601277,0.000153869018779137,0.00748838391380655,"cytochrome c, transcript variant X1","gonad"
"LOC115142885",354.525015330715,0.703973872972114,0.188363951373492,3.73999030994728,0.000184027349179175,0.00809007397505353,"dynein light chain roadblock-type 1","gonad"
"nfkb2",45.8340305079154,0.703673589857573,0.207694666096452,3.3948251672609,0.000686724382139515,0.0166020877258656,"nuclear factor kappa B subunit 2","gonad"
"LOC115145844",156.920731128396,0.703657108666223,0.211912907679048,3.33354751282461,0.000857460253110093,0.0188842932959581,"small nuclear ribonucleoprotein E","gonad"
"LOC115123727",569.092739720543,0.703497903469815,0.192055189545905,3.66610241594121,0.000246275327078325,0.00929599758510201,"probable protein BRICK1-A","gonad"
"LOC115105844",23.1013430586346,0.702844735012963,0.211186551358535,3.33606840029284,0.000849722544781997,0.0188141006378804,"calcineurin B homologous protein 3-like, transcript variant X1","gonad"
"LOC115109240",218.774827628458,0.702757561124259,0.192400821306609,3.65591220710531,0.000256269054745352,0.00951497128416486,"DNA-directed RNA polymerases I, II, and III subunit RPABC1","gonad"
"LOC115112206",312.270689169939,0.702590119507164,0.194177713288336,3.62162592709001,0.000292757239101416,0.0102021121557108,"cytochrome c oxidase copper chaperone-like","gonad"
"atp5mpl",1745.5784719512,0.701926667045927,0.184819509909176,3.79988215941689,0.000144764909649876,0.00733593210398973,"ATP synthase membrane subunit 6.8PL","gonad"
"LOC115135327",209.151728717836,0.701783595245683,0.195824618056896,3.58651266336465,0.000335129796999006,0.0109863891092403,"DNA damage-inducible transcript 3 protein-like","gonad"
"LOC115107938",50.1132474421127,0.701637023261672,0.178354728641262,3.93490851170203,8.32283937894449e-05,0.00543559250950058,"SAYSvFN domain-containing protein 1-like","gonad"
"LOC115129028",41.7707333088827,0.700199834972789,0.206877449183182,3.39305006639871,0.000691190038831461,0.0166878275864681,"nuclear transport factor 2-like","gonad"
"dynlt1",36.4075967444661,0.70002438083572,0.203589199601755,3.44475788083446,0.000571571122381752,0.0146781404497356,"dynein light chain Tctex-type 1","gonad"
"dnajc19",143.318276848219,0.6997188381168,0.173453428043531,4.03555110036975,5.44742813945028e-05,0.00443513476680984,"DnaJ heat shock protein family (Hsp40) member C19, transcript variant X3","gonad"
"LOC115104866",157.428984672926,0.699602015202962,0.2028842505119,3.4547580827494,0.00055078678764162,0.0144079001861783,"transmembrane protein 14C-like, transcript variant X1","gonad"
"LOC115130553",358.014011953189,0.699198698410868,0.197584231981536,3.54307256838295,0.000395493855712638,0.0119876234462749,"macrophage migration inhibitory factor-like","gonad"
"nme5",62.2972649946412,0.698733597693497,0.204399814846525,3.42481436341265,0.000615219632998526,0.0155462162527157,"NME/NM23 family member 5, transcript variant X3","gonad"
"LOC115139652",545.469352545068,0.698539910505413,0.183625270040976,3.80617332727759,0.000141133492967198,0.00727570654375019,"proteasome subunit alpha type-6","gonad"
"LOC115125554",6328.47602545151,0.698370189334117,0.197759658693742,3.53541980164955,0.000407127805394369,0.0122128338775138,"60S ribosomal protein L30","gonad"
"pigy",63.4285201149689,0.698261425878466,0.19293406070589,3.62336616689312,0.000290793697911967,0.0101531738063263,"phosphatidylinositol glycan anchor biosynthesis class Y","gonad"
"LOC115113377",95.4098155073809,0.697742994750552,0.170821121245687,4.08599863861928,4.38876353967036e-05,0.00396429805105747,"thioredoxin-dependent peroxide reductase, mitochondrial-like","gonad"
"LOC115133990",86.3915943574619,0.697610905115679,0.175732706386258,3.97117719026437,7.15183602841508e-05,0.00500105264007145,"sorting nexin-20-like, transcript variant X1","gonad"
"LOC115139617",114.009377755243,0.697192579733339,0.191198693891899,3.64830718154278,0.000263973907327802,0.00962391618763769,"cytochrome c oxidase subunit 7A2, mitochondrial","gonad"
"LOC115128702",622.374957742666,0.6971744557531,0.194601813985413,3.58596312552506,0.000335836415269243,0.0109863891092403,"26S proteasome complex subunit SEM1","gonad"
"LOC115112418",65.6289894724983,0.696956592928961,0.165499441273284,4.21096973642133,2.5427681234578e-05,0.00310508618751008,"transcription factor PU.1-like, transcript variant X1","gonad"
"LOC115112142",40.0339733014603,0.696660868947112,0.206844836987352,3.37321019618366,0.000742972114033307,0.0174281675741456,"chemokine-like factor","gonad"
"LOC115140607",61.8289729894474,0.696506935060975,0.210327840689726,3.31993871618982,0.000900372108172959,0.0194146745795585,"gamma-glutamyl hydrolase-like","gonad"
"LOC115146226",249.068790998055,0.695490260585821,0.185520162291032,3.75124910923908,0.000175955769410302,0.00788803197386037,"transmembrane emp24 domain-containing protein 10-like","gonad"
"LOC115105256",114.292897188463,0.695483876763083,0.189623900985285,3.67063356133234,0.000241950001196009,0.00920931702665563,"zinc finger CCHC domain-containing protein 10-like, transcript variant X2","gonad"
"dimt1",56.4081451961373,0.695435203834205,0.188728011200835,3.68521099017867,0.000228513256840059,0.00901931889388721,"DIMT1 rRNA methyltransferase and ribosome maturation factor","gonad"
"LOC115109394",191.805198251396,0.694809123270302,0.183753490103261,3.7833278767485,0.000154745349772896,0.00748838391380655,"peptidyl-prolyl cis-trans isomerase FKBP7-like","gonad"
"efcab2",25.7627401310724,0.69450315648955,0.206284234397824,3.36966530853396,0.000752595340134928,0.0175497902621226,"EF-hand calcium binding domain 2, transcript variant X2","gonad"
"LOC115126505",376.878821681926,0.693398588848444,0.177575623442418,3.9060638346638,9.3811739286133e-05,0.00582936121877483,"transketolase-like protein 2","gonad"
"LOC115115419",329.275274038751,0.693373084276251,0.206965630693171,3.3577827606399,0.000785703364374134,0.0179497325257739,"phospholipase A and acyltransferase 2-like","gonad"
"LOC115136733",119.255216308406,0.692348717214112,0.191217843386673,3.62422605063007,0.000289828037365114,0.0101389553880559,"glia maturation factor gamma-like","gonad"
"LOC115135642",188.466980454725,0.692280820364782,0.171106123384285,4.04699313167389,5.18797629374798e-05,0.00436078229580039,"barrier-to-autointegration factor","gonad"
"LOC115138515",544.911834505674,0.69157271977741,0.167885419918695,4.12028540934256,3.78403360180411e-05,0.00381424428457894,"transmembrane emp24 domain-containing protein 10-like","gonad"
"LOC115109348",269.094182601383,0.691463202473436,0.172660945513633,4.00622905784708,6.16958214426211e-05,0.00468681729754071,"heat shock factor-binding protein 1-like","gonad"
"LOC115103547",73.8022089582265,0.691163632708493,0.190868721608734,3.62469576940171,0.000289301806643295,0.0101389553880559,"CDGSH iron-sulfur domain-containing protein 3, mitochondrial-like","gonad"
"LOC115113675",1760.41305247578,0.690794508456952,0.182678118733096,3.78317922561291,0.000154837836247294,0.00748838391380655,"cytochrome c oxidase subunit 4 isoform 1, mitochondrial","gonad"
"LOC115128841",20.1643111373253,0.689207102820482,0.184048143149916,3.7399920095638,0.000184026104846184,0.00809007397505353,"CD209 antigen-like protein C","gonad"
"LOC115140107",449.185865993067,0.68883671724952,0.189246981113474,3.64242356052973,0.000270083192039574,0.00980726086934099,"probable protein BRICK1","gonad"
"LOC115101657",140.150026881116,0.688524048597245,0.171691689224699,4.01156975231523,6.03163501388673e-05,0.00462069051949905,"uncharacterized protein At5g50100, chloroplastic-like, transcript variant X1","gonad"
"LOC115141163",13.6255632592835,0.688481325052973,0.176328866138053,3.89022738285086,0.000100150333591226,0.00604096165010732,"sodium channel subunit beta-1-like","gonad"
"LOC115125694",508.535075891074,0.688009647393063,0.188102216880776,3.66007676787196,0.000252139697145721,0.00943886255954168,"cytochrome b-c1 complex subunit 8-like, transcript variant X1","gonad"
"LOC115111634",185.174144429194,0.687833743037171,0.201562130824974,3.41842373821585,0.000629849655979771,0.0156866259999571,"cyclin-dependent kinase 2-associated protein 1-like","gonad"
"LOC115135272",35.9166595436267,0.686748893799546,0.210876084931784,3.2626332954729,0.00110382249061044,0.0216893951726441,"B-cell linker protein-like, transcript variant X1","gonad"
"LOC115109419",91.6894092169405,0.686140856839344,0.18429981793446,3.72445640119734,0.000195736534754207,0.00835761048150494,"proline-serine-threonine phosphatase-interacting protein 1-like, transcript variant X1","gonad"
"LOC115112090",95.3368998018642,0.685970947824997,0.197901669854586,3.47164149950087,0.000517286635484051,0.0137607901637429,"FAS-associated death domain protein-like","gonad"
"LOC115106364",31.0425862707173,0.68573768198662,0.166430096510139,4.11529247184036,3.86688778394637e-05,0.00383645981449892,"pantothenate kinase 1-like, transcript variant X3","gonad"
"lg15h1orf159",50.3054945097076,0.685623222821142,0.210176025809904,3.27170298221941,0.00106901818905393,0.0214940135553301,"linkage group 15 C1orf159 homolog","gonad"
"LOC115130213",255.778520835908,0.685312197966306,0.171542893215839,3.99593701891033,6.44388650369065e-05,0.00476269422492933,"transmembrane protein 14C-like","gonad"
"tmed2",209.456215909933,0.685276812717057,0.176600250333692,3.88128730087829,0.000103905004261778,0.00618524346680929,"transmembrane p24 trafficking protein 2, transcript variant X1","gonad"
"LOC115111965",230.84782578015,0.684748619798519,0.184659454967309,3.7100697531672,0.000207202150588562,0.00853052663511551,"endothelial differentiation-related factor 1 homolog","gonad"
"LOC115119277",291.016745528304,0.684587849984101,0.201203597219616,3.40667624644645,0.000657590786400559,0.0161693783552382,"tumor necrosis factor receptor superfamily member 9-like","gonad"
"LOC115136026",15.5028522119068,0.684109514637721,0.212657130671771,3.23030969331242,0.00123656195108144,0.0233136228284887,"cytotoxic and regulatory T-cell molecule-like, transcript variant X2","gonad"
"LOC115109231",98.1394996892177,0.684043282090318,0.186931001959002,3.66187385761387,0.00025037714292027,0.00941023241411935,"mitochondrial import inner membrane translocase subunit Tim13","gonad"
"LOC115104729",1238.10762839645,0.68357083455228,0.188897975012172,3.62104010622635,0.000293421019745912,0.0102056552385187,"cytochrome b-c1 complex subunit 9-like","gonad"
"LOC115106093",35.3254861266651,0.683360042310113,0.186548519672886,3.66138383086241,0.000250856603240458,0.00941023241411935,"epithelial discoidin domain-containing receptor 1-like","gonad"
"arl2",162.099558242431,0.683137535312984,0.186014493857322,3.67492524288949,0.000237919068165788,0.00911320380088197,"ADP ribosylation factor like GTPase 2","gonad"
"LOC115105136",42.8219840906459,0.681530899179272,0.208097663775918,3.28103503988215,0.00103426894443722,0.0210282048770462,"sialoadhesin-like, transcript variant X2","gonad"
"LOC115119248",11751.6164724651,0.680576187876839,0.201883814250467,3.37602327910102,0.000735416965210478,0.017385716693179,"40S ribosomal protein S29-like","gonad"
"LOC115141987",225.197710535289,0.679908441926617,0.174739531003538,3.89205768056198,9.93976050081156e-05,0.00603566192818511,"rho-related GTP-binding protein RhoG-like","gonad"
"LOC115128325",54.5463957526607,0.679594274112811,0.202715946667002,3.3575715839674,0.000786303803366886,0.0179497325257739,"C-type lectin domain family 17, member A-like, transcript variant X3","gonad"
"LOC115137857",204.858418933411,0.679244028487382,0.173199879566701,4.35576221632406,1.32604667337214e-05,0.00222923179645783,"ladderlectin-like","gonad"
"LOC115146236",216.664561332254,0.678775961220112,0.194500894253784,3.49328596094739,0.000477115291472019,0.0132454208439847,"rRNA-processing protein FCF1 homolog","gonad"
"LOC115102020",346.262545900677,0.67855984593157,0.185634306064098,3.65735570793386,0.000254830627472858,0.00949717819979254,"40S ribosomal protein S23","gonad"
"LOC115130871",3994.57358692696,0.677882015158845,0.197253296196914,3.44017320984098,0.000581342009476991,0.0148242212416633,"60S ribosomal protein L36a-like, transcript variant X2","gonad"
"LOC115145151",12.8094964643324,0.677845536481518,0.20233931602268,3.3484676806568,0.00081259757858463,0.0182110411948729,"DPH3 homolog","gonad"
"LOC115138378",710.315585808644,0.677116399082686,0.173432946486799,3.90531298651156,9.41035095479852e-05,0.00582936121877483,"cytochrome c oxidase subunit 7A2, mitochondrial-like","gonad"
"LOC115142712",111.059222078213,0.676388702316045,0.185443888952329,3.64860780930676,0.000263665254916977,0.00962391618763769,"ninjurin-1-like","gonad"
"pfdn4",211.750284848318,0.676054626403754,0.192667444587618,3.51220506582512,0.000444404953594459,0.0127870306457385,"prefoldin subunit 4","gonad"
"LOC115129611",561.058034127747,0.673900961192519,0.182194143237054,3.70046829768102,0.000215201964214261,0.00876055350285677,"ATP synthase-coupling factor 6, mitochondrial-like","gonad"
"lg12h20orf27",13.0189143736484,0.673702008712631,0.214776752912475,3.15823333712567,0.00158728453025663,0.026684016603092,"linkage group 12 C20orf27 homolog, transcript variant X1","gonad"
"LOC115128708",974.461925489798,0.67354668490675,0.188417825201436,3.5769686972313,0.000347601780460762,0.011150279021282,"BPTI/Kunitz domain-containing protein-like, transcript variant X1","gonad"
"LOC115106787",48.3977310034625,0.672934791535571,0.210594081922352,3.20486925641882,0.00135123844005289,0.0243985094766311,"stress-associated endoplasmic reticulum protein 1-like","gonad"
"LOC115109420",72.8748294767621,0.672784483463911,0.199974961089164,3.36826367961044,0.00075643214122304,0.0175728330653349,"tetraspanin-3-like, transcript variant X1","gonad"
"LOC115110325",214.517193475186,0.67275606140872,0.169412092380024,3.97205661746821,7.12547782149125e-05,0.00500105264007145,"stannin-like, transcript variant X2","gonad"
"LOC115119181",296.464245543894,0.671903886594882,0.204636512458984,3.28978236184199,0.00100264901575137,0.0208046806056936,"D-dopachrome decarboxylase-A-like","gonad"
"LOC115131424",12.3799791349076,0.671310270072613,0.209517573596612,3.19903619612512,0.00137887855609421,0.0246406683705182,"asparagine synthetase [glutamine-hydrolyzing]-like, transcript variant X1","gonad"
"LOC115139701",204.836011692,0.671056948279639,0.182132726173456,3.68592783399648,0.000227870921027379,0.00901931889388721,"transmembrane emp24 domain-containing protein 7-like, transcript variant X3","gonad"
"rps21",3995.61910480874,0.670851647443978,0.200556780643741,3.34925053507001,0.000810304885857523,0.0182077914698381,"ribosomal protein S21","gonad"
"LOC115116915",124.752316144137,0.670475355610395,0.199532918509496,3.3650802587305,0.0007652139691941,0.017608649967919,"28S ribosomal protein S16, mitochondrial-like","gonad"
"LOC115133487",232.78018113051,0.670292563035785,0.182439031487174,3.67623987894743,0.000236696967651325,0.00911320380088197,"small ubiquitin-related modifier 1","gonad"
"brk1",139.679395903546,0.670274747757779,0.178621221793953,3.75439912542221,0.000173757803166471,0.00780877889675854,"BRICK1 subunit of SCAR/WAVE actin nucleating complex","gonad"
"wdyhv1",33.0021450875166,0.670263116032167,0.201805932253388,3.32689136163496,0.00087820604075864,0.0190897328682127,"WDYHV motif containing 1, transcript variant X2","gonad"
"LOC115107979",46.0323351545256,0.670152330743594,0.161772282965666,4.14324150267193,3.42431007826466e-05,0.00357826785582802,"rho GTPase-activating protein 6-like, transcript variant X1","gonad"
"LOC115136795",34.6658339329249,0.669491014281107,0.203656046437287,3.28906973907187,0.00100519113781584,0.0208098635099023,"phosphoserine phosphatase-like, transcript variant X1","gonad"
"LOC115141593",23.4601232325196,0.668956614326335,0.207192682840681,3.23397235483577,0.00122081272097017,0.023112696310672,"NLR family CARD domain-containing protein 3-like","gonad"
"LOC115144376",491.773487330609,0.668810427519421,0.175459164811033,3.81300213214101,0.00013728892773951,0.0071626947472372,"cytochrome c oxidase assembly protein COX14 homolog","gonad"
"LOC115147101",107.448480751539,0.668647971338651,0.193386051555108,3.46041737977528,0.000539338710623542,0.0142122403919899,"dolichol phosphate-mannose biosynthesis regulatory protein-like, transcript variant X2","gonad"
"LOC115135308",18.7749812143968,0.668603735898538,0.214671917787338,3.15241136833601,0.0016192797172394,0.0270748433531157,"proto-oncogene tyrosine-protein kinase receptor Ret-like, transcript variant X1","gonad"
"dapl1",3141.5183620506,0.668272986301385,0.19363502532603,3.45393218631742,0.000552476280135718,0.0144079001861783,"death associated protein like 1","gonad"
"mak",12.781621373658,0.668100896300044,0.215062478467112,3.12555455050727,0.00177470151170748,0.0287691791487153,"male germ cell associated kinase, transcript variant X4","gonad"
"LOC115128226",15.4070802549174,0.667859173723319,0.214100213289709,3.13290624770593,0.00173084718088701,0.0284119823328264,"probable C-mannosyltransferase DPY19L1","gonad"
"LOC115141087",136.707802255484,0.667748394739434,0.159657180661648,4.18359510422967,2.8693497047433e-05,0.00331821103435155,"ragulator complex protein LAMTOR2","gonad"
"LOC115105886",159.441313788042,0.667746378864746,0.152244452186406,4.38588764273978,1.15513740116095e-05,0.00218255135740007,"FYN-binding protein 1-like, transcript variant X2","gonad"
"LOC115132347",59.5442884497659,0.66646679776735,0.183915216900866,3.62603493621755,0.000287806433896986,0.0101389553880559,"syntaphilin-like","gonad"
"LOC115130499",3561.81701811922,0.666005054207586,0.187447412282442,3.55496796486359,0.000378025144692066,0.0116635787335891,"C-X-C motif chemokine 14-like, transcript variant X2","gonad"
"smim8",37.6375049233641,0.665419278266692,0.174702901056066,3.81081025094347,0.000138512056823042,0.00718521401051186,"small integral membrane protein 8","gonad"
"LOC115108696",4657.13065445599,0.665247285068917,0.203152207076928,3.27967206279694,0.00103927814488708,0.0210904820855749,"60S ribosomal protein L36","gonad"
"LOC115132837",34.1795527476992,0.665095328439717,0.209129908145011,3.18602514758551,0.00144242058773737,0.0252541834049757,"pancreatic progenitor cell differentiation and proliferation factor-like","gonad"
"igsf6",33.4847874009273,0.66483475060565,0.203386994634436,3.27567670513935,0.00105409149523267,0.0212881926445432,"immunoglobulin superfamily member 6","gonad"
"LOC115120114",30.9567436763732,0.663525616687509,0.210366388162546,3.15860450676742,0.00158526460023287,0.0266747581851974,"C-X-C chemokine receptor type 1-like, transcript variant X2","gonad"
"LOC115121509",98.3320266586433,0.663458331540955,0.19401887101285,3.42236599753333,0.000620786890461492,0.0155462162527157,"adseverin-like","gonad"
"LOC115140355",30.2625596884937,0.663256076690167,0.215136811397213,3.10926075717205,0.00187556110480291,0.0298707784375453,"electroneutral sodium bicarbonate exchanger 1-like, transcript variant X1","gonad"
"LOC115135113",44.2777261474291,0.663007293612803,0.197399007236003,3.36224763511615,0.000773107575907947,0.0177677736052971,"polymeric immunoglobulin receptor-like, transcript variant X7","gonad"
"LOC115102334",696.707732904368,0.66276205678653,0.176414531543912,3.75798996682546,0.00017128374747542,0.0077745692979093,"PRA1 family protein 3-like","gonad"
"LOC115105494",1693.51222108647,0.662641259772106,0.186093229514941,3.56259963111799,0.000367200479144098,0.0114551407205159,"cytochrome c oxidase subunit 7B, mitochondrial-like","gonad"
"LOC115132470",176.2868741013,0.661924808626511,0.184686019860272,3.58606919790155,0.000335699914584095,0.0109863891092403,"SAP domain-containing ribonucleoprotein-like","gonad"
"LOC115124271",97.4857813634827,0.661718330815419,0.171570399254969,3.85685734988583,0.000114854143389131,0.00648615570193903,"prosaposin-like, transcript variant X1","gonad"
"LOC115144855",36.3645597220907,0.661456481577429,0.142387765559775,4.6404239634368,3.47695096023e-06,0.00153069213597835,"zinc finger and SCAN domain-containing protein 21-like, transcript variant X1","gonad"
"LOC115115324",24.3866452350432,0.661248329465578,0.214419169220193,3.10468836614925,0.00190479597754677,0.0301406484722434,"cyclin-dependent kinase 4 inhibitor B-like","gonad"
"LOC115135604",4182.44837994559,0.66122783257406,0.201486530437149,3.28614290401964,0.001015694668085,0.020930247386179,"40S ribosomal protein S23","gonad"
"LOC115133296",2953.758968086,0.661129471797836,0.188538371084084,3.50863568760992,0.000450411414682026,0.0128779668430222,"60S ribosomal protein L34, transcript variant X1","gonad"
"ube2v2",73.973728971371,0.660977066803573,0.184689007635632,3.58175771703091,0.000341290235528402,0.011045393077101,"ubiquitin conjugating enzyme E2 V2, transcript variant X2","gonad"
"haus2",64.7344933183407,0.660560877121423,0.191442015035256,3.45394969983685,0.000552440403616198,0.0144079001861783,"HAUS augmin like complex subunit 2, transcript variant X1","gonad"
"lrrc6",20.6802871271686,0.660401087160693,0.214605901124757,3.08987240943404,0.00200242495761571,0.0309413000259327,"leucine rich repeat containing 6, transcript variant X1","gonad"
"ttll6",18.9313879048368,0.660171157088247,0.214842481730775,3.08783967607676,0.00201617209949478,0.0310480242904387,"tubulin tyrosine ligase like 6, transcript variant X2","gonad"
"tprkb",51.337676165253,0.659504089218398,0.197117266714616,3.34986139476033,0.000808520073088206,0.0182077914698381,"TP53RK binding protein","gonad"
"LOC115134527",25.9880289627031,0.659256420029369,0.196519357951838,3.35664827772211,0.00078893404690282,0.0179497325257739,"microtubule-associated protein 1B-like, transcript variant X4","gonad"
"LOC115123928",16.2322313789997,0.659103053035771,0.186670857240279,3.52812402119989,0.000418516021157036,0.0124262185623649,"translationally-controlled tumor protein homolog, transcript variant X1","gonad"
"nudt12",135.904692818414,0.65854887415435,0.158180597092739,4.16344325211705,3.13483964096054e-05,0.00345486080624845,"nudix hydrolase 12, transcript variant X2","gonad"
"LOC115113373",49.6526509520369,0.658146630689291,0.200682583373946,3.28310199162997,0.00102671512190217,0.020992161884297,"molybdenum cofactor sulfurase-like, transcript variant X1","gonad"
"LOC115139406",1171.97105885635,0.657880127807306,0.189080398303643,3.48146586255821,0.000498677342307465,0.0135920554227591,"costars family protein ABRACL, transcript variant X2","gonad"
"ost4",709.95011495189,0.656931636503159,0.178796726395437,3.67558983561874,0.000237300517205112,0.00911320380088197,"oligosaccharyltransferase complex subunit 4, non-catalytic","gonad"
"LOC115124139",36.5446778937138,0.656667211048279,0.183106336874601,3.58671520460192,0.000334869712207887,0.0109863891092403,"post-GPI attachment to proteins factor 2-like","gonad"
"LOC115111853",1598.72428055346,0.656663877275245,0.198763908490888,3.30739918974877,0.000941665980484492,0.0200197746389654,"60S ribosomal protein L37","gonad"
"LOC115103073",21.7264868345942,0.656644321884222,0.208096617105203,3.16045661367158,0.00157522063090086,0.0266043774647777,"tyrosine-protein kinase Lyn-like","gonad"
"LOC115103912",92.6931947238861,0.655922821006285,0.182843265836382,3.58898932047957,0.000331962438105919,0.0109571170980655,"U2 small nuclear ribonucleoprotein B''-like, transcript variant X3","gonad"
"brd3os",50.2660192681409,0.655892734596755,0.166295419440732,3.94487372860928,7.98420401581521e-05,0.0053188314993631,"BRD3 opposite strand","gonad"
"znhit3",23.6903689787457,0.65514468578917,0.199632427932402,3.28189808235661,0.00103110866181274,0.0210110088258947,"zinc finger HIT-type containing 3, transcript variant X2","gonad"
"LOC115105669",82.6267981239991,0.653843375275785,0.215130423341003,3.06863427460222,0.00215039667128865,0.0320021327573088,"ependymin-2","gonad"
"lg14h17orf97",102.74794871297,0.653506211473912,0.164703067534907,3.96890171393397,7.22046536414026e-05,0.00500361714318055,"linkage group 14 C17orf97 homolog","gonad"
"polr2j",173.891550835044,0.652706689824906,0.200110046390474,3.26645831544827,0.00108901839541112,0.0215753019183465,"RNA polymerase II subunit J","gonad"
"LOC115131366",198.172617714955,0.651991963757026,0.177412315162255,3.67643438896294,0.000236516649961235,0.00911320380088197,"chromatin modification-related protein MEAF6-like, transcript variant X1","gonad"
"LOC115132693",87.6375573172507,0.651343618144186,0.188939923862226,3.45035364260547,0.00055985264044511,0.0144384723578429,"tissue factor pathway inhibitor 2-like","gonad"
"tomm34",153.398352318417,0.651295887481514,0.166977631020383,3.90154061143499,9.55824216886516e-05,0.00588269304467511,"translocase of outer mitochondrial membrane 34","gonad"
"mns1",19.5296683017025,0.649103698152688,0.214392571931194,3.06162606460542,0.00220138271519981,0.0326005746958954,"meiosis specific nuclear structural 1","gonad"
"LOC115107347",3148.0608061028,0.647810876715618,0.20018270448563,3.23989433599332,0.00119574000900244,0.0227328330926161,"40S ribosomal protein S29","gonad"
"LOC115131257",5100.79181564403,0.647392565232226,0.199189096319443,3.25365607209453,0.00113930122401401,0.022078728948186,"60S ribosomal protein L14-like","gonad"
"LOC115101440",95.1720366240797,0.646905484771768,0.170768463627019,3.78854653666796,0.000151531211017902,0.00748838391380655,"RAS guanyl-releasing protein 2-like, transcript variant X2","gonad"
"LOC115104143",86.6295411162407,0.646450239480193,0.179748719618224,3.59824015446736,0.000320377721725709,0.0106729870011963,"coiled-coil domain-containing protein 43-like","gonad"
"pdrg1",168.730229779914,0.646169260424748,0.193112931193754,3.34887607990605,0.000811400777439022,0.018209879499608,"p53 and DNA damage regulated 1","gonad"
"LOC115132993",319.419296697465,0.646047277187259,0.193309370646016,3.34485070030068,0.000823268742473293,0.0183853226178907,"NADH dehydrogenase [ubiquinone] 1 beta subcomplex subunit 2, mitochondrial-like, transcript variant X2","gonad"
"LOC115134708",243.596689385669,0.645089616954913,0.203724858072259,3.17176480425438,0.00151515662307042,0.0259520600457231,"ATP synthase F(0) complex subunit C3, mitochondrial-like, transcript variant X1","gonad"
"LOC115102474",284.491669753667,0.64502720059393,0.17345342854414,3.71987737486075,0.000199319527345871,0.00835761048150494,"pituitary tumor-transforming gene 1 protein-interacting protein-like","gonad"
"LOC115101899",21.0072284622084,0.644246891950319,0.178608354333361,3.60446287489656,0.000312799155332873,0.0105757569166176,"THAP domain-containing protein 3-like","gonad"
"LOC115115036",20.5857660144939,0.643872349065105,0.214806578359265,3.01364606756493,0.00258128748763967,0.0360506581735276,"PHD finger protein 20-like protein 1","gonad"
"LOC115101930",413.940985950586,0.643778736943514,0.170566283187591,3.77531861145205,0.000159803275035393,0.00749762792646944,"ragulator complex protein LAMTOR5-like","gonad"
"LOC115146150",22.8018890324697,0.643680331866753,0.211239821038366,3.05159943104782,0.0022762564408464,0.0332751303864793,"protein jagged-2-like","gonad"
"LOC115106933",303.917028980614,0.643625966105979,0.190078407992364,3.38861963034662,0.000702453793718441,0.0168700411094603,"short transmembrane mitochondrial protein 1-like","gonad"
"LOC115140224",141.848567286193,0.643541835078442,0.178189119331817,3.61301365489799,0.000302658758541952,0.0103876605294663,"ran-specific GTPase-activating protein-like, transcript variant X1","gonad"
"hs1bp3",225.246680550713,0.643451317507136,0.166838692267837,3.85771202059147,0.000114453385277498,0.00648615570193903,"HCLS1 binding protein 3, transcript variant X2","gonad"
"LOC115129345",113.410581583502,0.643346358097694,0.193206643129842,3.33160335760892,0.000863472289643012,0.0189567144991034,"T-cell surface antigen CD2-like, transcript variant X1","gonad"
"LOC115111524",56.2257779153444,0.643303049332204,0.194094226615918,3.31449385953395,0.000918091963199759,0.0196454781985307,"refilin-A-like, transcript variant X2","gonad"
"LOC115129780",12.3552128660082,0.64318703725453,0.213680145696415,3.02223789704227,0.00250913269916449,0.0355349557613342,"toll-like receptor 13","gonad"
"LOC115114718",225.398911330271,0.642138989921079,0.192947205992423,3.33089585637984,0.000865669824588024,0.0189820064435026,"apoptosis-associated speck-like protein containing a CARD","gonad"
"LOC115122305",25.1665836133529,0.642137689026663,0.183276234281075,3.50075391187441,0.000463944041040091,0.0130343743245688,"5-demethoxyubiquinone hydroxylase, mitochondrial-like","gonad"
"LOC115120264",25.2826523053677,0.641950900316274,0.181820904801703,3.52581783883659,0.000422177246891909,0.0124634960887309,"tumor necrosis factor receptor superfamily member 11A-like","gonad"
"LOC115109910",165.659094152342,0.641564499558203,0.179608725923458,3.57298122970339,0.000352940068772482,0.011202762043065,"growth arrest and DNA damage-inducible proteins-interacting protein 1-like","gonad"
"LOC115141051",28.5273995667003,0.641557002074074,0.191077871999514,3.35948206641862,0.000780887193822835,0.0179238784968994,"tumor necrosis factor alpha-induced protein 8-like protein 2","gonad"
"LOC115111375",182.901988363316,0.641446998458113,0.183956056503008,3.48823548443753,0.000486219649471031,0.0133957571408134,"guanine deaminase-like","gonad"
"selenok",62.1103552786179,0.641182588406501,0.211839874993135,3.0365279597984,0.00239319912151023,0.034240286249125,"selenoprotein K","gonad"
"LOC115113673",218.467938961665,0.640369949827991,0.197730601750405,3.24072950438391,0.00119224256777491,0.0226901006923704,"interferon regulatory factor 8-like, transcript variant X2","gonad"
"LOC115111039",17.7187151672025,0.640038235573942,0.215111510270408,2.99288567323383,0.00276353250744664,0.037491005888381,"E3 ubiquitin-protein ligase NEURL3-like","gonad"
"LOC115144590",16.7749586364682,0.639618923825947,0.215137040673699,2.98893290915482,0.00279953596604214,0.037751012470156,"forkhead box protein J1-B-like","gonad"
"LOC115134062",49.3353069985802,0.639094071911035,0.170152006734562,3.75620971360336,0.000172506154232902,0.00780877889675854,"BH3-interacting domain death agonist-like, transcript variant X2","gonad"
"LOC115144554",25.5274181353394,0.638806522859575,0.178977383432457,3.56964999801605,0.000357458495508738,0.0112869851207942,"zinc finger protein 501-like, transcript variant X1","gonad"
"LOC115124886",70.4901681298274,0.638633105146327,0.212741383983817,3.05109313351041,0.00228009837599266,0.0333044779682404,"carbonic anhydrase 4-like","gonad"
"gabarapl2",22.9875515991244,0.638565729604338,0.203691403760766,3.14203755704616,0.00167776513368867,0.0278187249015995,"GABA type A receptor associated protein like 2","gonad"
"LOC115104196",293.957513026731,0.63846737468273,0.183842401053123,3.47474268263006,0.000511343597771437,0.0137540064609455,"SUMO-conjugating enzyme UBC9-B, transcript variant X2","gonad"
"znhit2",620.797528321548,0.638366949095887,0.168168855123527,3.79666196245075,0.000146657557694961,0.00737411634382322,"zinc finger HIT-type containing 2, transcript variant X2","gonad"
"LOC115109891",54.0373961467115,0.638342502720429,0.18856607635034,3.3868310687099,0.000707049100614799,0.0169355982463882,"growth arrest and DNA damage-inducible proteins-interacting protein 1-like, transcript variant X3","gonad"
"LOC115143193",54.4477563110853,0.638177723764705,0.137143018200731,4.65169329666881,3.29220477705758e-06,0.00153069213597835,"RNA-binding protein 15-like","gonad"
"LOC115139959",116.723037786462,0.637870416214689,0.196562863113987,3.245734566692,0.00117148010451825,0.0224666468253504,"refilin-A-like, transcript variant X2","gonad"
"LOC115137195",365.373156250157,0.637815739625048,0.173278136738195,3.68167063855765,0.000231710626285958,0.00905679553802459,"probable signal peptidase complex subunit 2","gonad"
"LOC115120072",90.7248810750588,0.637378350635044,0.172433150393998,3.69781813317826,0.000217460595690855,0.00883269479947018,"vesicle transport protein SEC20-like, transcript variant X1","gonad"
"LOC115142647",39.0205947384373,0.63698042093145,0.193926750065418,3.28475366842013,0.00102071568838817,0.020940241851272,"cathepsin L1-like, transcript variant X1","gonad"
"LOC115140260",33.5556518720136,0.636744020416392,0.208373932954665,3.06015961099328,0.00221219063490304,0.0327303870714958,"zinc metalloproteinase-disintegrin-like brevilysin H2a, transcript variant X1","gonad"
"LOC115144339",107.22806526887,0.636487074107976,0.187323371859528,3.39990059187971,0.000674103557941651,0.0163623318154928,"cytochrome c oxidase assembly protein COX20, mitochondrial","gonad"
"LOC115128209",1996.91816402808,0.636214985184444,0.190132115470522,3.3481742074636,0.000813458603714581,0.0182110411948729,"40S ribosomal protein S27","gonad"
"nenf",271.017214873272,0.636031945228715,0.186267581854332,3.41674601246549,0.000633743750364263,0.015740426171838,"neudesin neurotrophic factor","gonad"
"LOC115130225",294.529483792641,0.635247631805588,0.180941439909724,3.51238610466255,0.000444102307117249,0.0127870306457385,"programmed cell death protein 6-like, transcript variant X1","gonad"
"LOC115129047",5630.64202242551,0.635173387941085,0.194529725082041,3.26765673567519,0.00108441802750688,0.0215753019183465,"60S ribosomal protein L14-like","gonad"
"LOC115131524",195.320464652139,0.634948312265619,0.210601671368944,3.023604841932,0.00249782463630062,0.0355004688286836,"interferon-induced protein 44-like","gonad"
"LOC115122125",195.869408550256,0.63475530449051,0.183946792702433,3.45238421064048,0.000555655902090744,0.0144384723578429,"peptidyl-prolyl cis-trans isomerase A-like","gonad"
"LOC115105710",523.422383278616,0.634241326277733,0.178788501141695,3.54867990809621,0.000387167412809926,0.0117943146761359,"succinate dehydrogenase assembly factor 1, mitochondrial-like, transcript variant X1","gonad"
"LOC115138123",304.798129939859,0.63403115120209,0.194677694133986,3.25943941414323,0.00111632620639072,0.0217701596167883,"histone H2A.Z","gonad"
"LOC115145280",1272.44611127715,0.633568143294737,0.199331933129422,3.18190736951345,0.0014630860440532,0.0254686387495971,"60S ribosomal protein L36","gonad"
"LOC115118917",29.7256626698579,0.633389790672061,0.1943213965286,3.26296802891291,0.00110251956901313,0.0216893951726441,"CD209 antigen-like protein E","gonad"
"LOC115126776",28.9052399515359,0.633205951105087,0.194727614325364,3.25137533890846,0.00114848128418601,0.0221557836729457,"uncharacterized LOC115126776","gonad"
"LOC115141662",637.17064651134,0.63285692432376,0.182307234443473,3.47283800529795,0.000514986091499066,0.0137607901637429,"eukaryotic translation initiation factor 3 subunit K","gonad"
"LOC115111594",3641.85671956126,0.63276244233954,0.192707462085279,3.28576885082774,0.00101704432942526,0.020930247386179,"60S ribosomal protein L31","gonad"
"LOC115128635",27.7489100797789,0.632372378733595,0.191750449429422,3.29846952461039,0.000972134318945937,0.020425509612949,"gamma-glutamylcyclotransferase-like, transcript variant X1","gonad"
"LOC115105435",48.5084305321558,0.632285502114831,0.18624690230717,3.39520366682625,0.00068577565857226,0.0166012571427173,"c-Myc-binding protein-like, transcript variant X1","gonad"
"hint1",505.47222869706,0.632279383510226,0.171777003585048,3.68178117323524,0.000231610168218039,0.00905679553802459,"histidine triad nucleotide binding protein 1","gonad"
"LOC115139992",200.315764636018,0.632221516533721,0.188844651182983,3.35021247918524,0.000807495924438636,0.0182077914698381,"transmembrane protein 230-like","gonad"
"LOC115112862",3905.26641168663,0.632196731138255,0.199314300460918,3.17518514893155,0.00149740924193786,0.025818577584638,"60S ribosomal protein L38","gonad"
"LOC115134735",402.03663570607,0.631861932826855,0.193623632803602,3.26602867416786,0.00109067204723171,0.0215753019183465,"dynein light chain roadblock-type 2-like, transcript variant X2","gonad"
"naaa",306.478202081728,0.631745007658846,0.168054145549157,3.75979282840734,0.000170054123262,0.00775754437674592,"N-acylethanolamine acid amidase","gonad"
"LOC115120086",76.005555016374,0.631486790673645,0.175448129298604,3.59963468373725,0.000318664549869666,0.0106729870011963,"complement component 1 Q subcomponent-binding protein, mitochondrial-like","gonad"
"LOC115114434",22.7195778593873,0.631303036625404,0.181860762265331,3.47144821817976,0.00051765915850608,0.0137607901637429,"transmembrane protein 68-like","gonad"
"LOC115144428",879.320797946895,0.631232622352012,0.185569989639327,3.40314815965274,0.000666141473177528,0.0162778796595036,"serglycin-like","gonad"
"LOC115133511",88.5799947356771,0.63108974032666,0.182899015084556,3.45148526846044,0.000557510190486649,0.0144384723578429,"oocyte zinc finger protein XlCOF6-like","gonad"
"LOC115128199",26.6197157257752,0.630442875990205,0.212734778455575,2.97488674813114,0.00293096733531778,0.0386734323692076,"cyclin-dependent kinases regulatory subunit 1, transcript variant X2","gonad"
"LOC115114749",344.874117220019,0.630319402500528,0.167674358848587,3.76008362103949,0.000169856570311024,0.00775754437674592,"cytochrome b-c1 complex subunit 10","gonad"
"slc52a2",54.385649148014,0.630092313016132,0.166101717291393,3.79460176448494,0.000147880619943873,0.00739647530496131,"solute carrier family 52 member 2, transcript variant X2","gonad"
"LOC115131699",12.7250385870851,0.629432738092882,0.201393447802643,3.12587128268875,0.00177279127984449,0.0287638949748495,"claudin-9-like","gonad"
"LOC115121668",3139.80618481302,0.629038645672128,0.193582177984507,3.25177292482892,0.0011468760773698,0.0221557836729457,"60S ribosomal protein L27-like","gonad"
"mrps18c",215.340130034999,0.628013210765016,0.180616676451739,3.47854651301462,0.000504140938250756,0.0136208078495249,"mitochondrial ribosomal protein S18C, transcript variant X3","gonad"
"LOC115114597",365.830700467104,0.627912817548978,0.168094010129087,3.73643688719309,0.000186646268063712,0.00815182347611437,"guanine nucleotide-binding protein G(I)/G(S)/G(O) subunit gamma-5-like","gonad"
"LOC115143721",127.740477207988,0.627613860398606,0.199457035783652,3.1495624924536,0.00163515132943898,0.0272840747779462,"MICOS complex subunit MIC10-like","gonad"
"arpin",38.0865941700419,0.627483224888292,0.185571511987986,3.38429498282097,0.000713612903435048,0.0170478366773246,"actin related protein 2/3 complex inhibitor","gonad"
"LOC115109448",1183.14053379699,0.626804945545841,0.177999870092163,3.52245945487841,0.000427562436849094,0.0125586349794591,"small EDRK-rich factor 2-like","gonad"
"LOC115138660",236.731611330891,0.626717623947714,0.201076952459264,3.12035544488908,0.00180632931041846,0.0291292593466683,"NF-kappa-B inhibitor alpha-like","gonad"
"LOC115105239",129.331052825868,0.626104450531377,0.177888672977712,3.5214236251772,0.000429236294745356,0.0125697002699946,"vesicle transport protein SEC20-like","gonad"
"LOC115144063",79.2337717358898,0.62595664429822,0.133401920751114,4.69143584685458,2.71294341758794e-06,0.00140732001970648,"inositol polyphosphate multikinase-like, transcript variant X1","gonad"
"LOC115136526",169.237650608734,0.625939120731346,0.205521612938189,3.05016113142235,0.00228718621891802,0.0333543397515466,"nuclear factor NF-kappa-B p100 subunit-like","gonad"
"LOC115118407",583.791777693047,0.625533443444969,0.19465936474442,3.21612125173578,0.00129935920522254,0.0239092064159742,"c-Myc-binding protein-like","gonad"
"LOC115125647",13.3155490524111,0.625035020859179,0.186872731032424,3.34104061669608,0.000834650118931317,0.0185709651462218,"protein LRATD2-like","gonad"
"LOC115103849",155.28173177387,0.624670704068656,0.171273411975214,3.64844998845925,0.000263827246258976,0.00962391618763769,"COMM domain-containing protein 1-like","gonad"
"LOC115141172",83.3813796033158,0.624615985314881,0.178367340344594,3.50180794806937,0.000462112592579421,0.0130343743245688,"myeloid cell surface antigen CD33-like, transcript variant X1","gonad"
"LOC115144042",99.11423551184,0.624515143024598,0.174783514068607,3.57495426459871,0.000350289124195946,0.0111765146759685,"ribonuclease P protein subunit p30-like","gonad"
"LOC115114573",112.329088280768,0.624033640669747,0.188569749946906,3.31163064951047,0.000927539177964544,0.0197670015929701,"HIG1 domain family member 1A, mitochondrial-like","gonad"
"med10",173.178611757115,0.623714920325971,0.173695115432619,3.59236541447831,0.000327689904441033,0.0108656511844716,"mediator complex subunit 10","gonad"
"LOC115125783",41.5007718895431,0.623656855748991,0.168819345102552,3.69629287059103,0.00021877058902125,0.00884693467819137,"ubiquitin-conjugating enzyme E2 D3-like, transcript variant X1","gonad"
"LOC115145804",231.675012209243,0.62345291224837,0.177855956126053,3.50663954786278,0.000453803416192872,0.0128939825107947,"mRNA turnover protein 4 homolog","gonad"
"LOC115121679",104.649753439049,0.622151111076435,0.204196285522004,3.0520785784248,0.00227262599197048,0.0332519456583308,"uncharacterized protein C1orf189-like, transcript variant X1","gonad"
"LOC115141855",58.1610106290739,0.621922823561592,0.169352375151719,3.67384754916623,0.000238925317767612,0.00913248014608162,"protein turtle homolog B-like, transcript variant X2","gonad"
"LOC115137201",93.0496660733994,0.621749672964783,0.203568654437609,3.05731967460825,0.00223325966691875,0.0329919141680852,"endothelin-converting enzyme 2-like, transcript variant X2","gonad"
"LOC115136202",132.836233708337,0.621636357482863,0.16184240786259,3.84058987512294,0.000122739024956439,0.00673247654715742,"serine/threonine-protein kinase 10-like","gonad"
"atp6v0b",668.510503869346,0.621120708657386,0.155280243173307,4.00041627460506,6.32311561320771e-05,0.00474234325361969,"ATPase H+ transporting V0 subunit b, transcript variant X1","gonad"
"LOC115139937",33.0410058269475,0.620875617440044,0.172035752797401,3.60803679547728,0.000308522742334727,0.0105094538645953,"phospholipase A2-like, transcript variant X4","gonad"
"LOC115146608",106.455419494919,0.620693179022773,0.180192253703344,3.44618891019201,0.000568552757031394,0.0146213085788413,"gem-associated protein 2-like, transcript variant X2","gonad"
"atp5me",712.873220709659,0.620669453690594,0.194342315515127,3.19616414265273,0.00139267858855919,0.0247183475118592,"ATP synthase membrane subunit e","gonad"
"tmem216",51.5715678984777,0.620661099235623,0.159980037042091,3.88021126126376,0.000104365774569028,0.0061887265614353,"transmembrane protein 216","gonad"
"LOC115110456",245.910295206374,0.620418524492897,0.154484808746757,4.01627987232905,5.91240371794093e-05,0.00458741888474084,"transmembrane protein 205-like, transcript variant X2","gonad"
"nkx3-1",133.100642736506,0.620309951700164,0.211688113259629,2.93918305112737,0.00329078655231247,0.0415956665874524,"NK3 homeobox 1","gonad"
"LOC115108296",78.4846194182187,0.620223100673251,0.181358231165793,3.42197925854413,0.000621670558317927,0.0155469017311574,"MICOS complex subunit MIC13-like","gonad"
"med31",266.406353494954,0.619939842164016,0.177213992892218,3.49965501713083,0.000465860642878062,0.0130343743245688,"mediator complex subunit 31","gonad"
"LOC115114153",62.0672214964782,0.619667470698694,0.192969908632376,3.21249628912819,0.00131586848399815,0.0239868556179422,"vesicle-trafficking protein SEC22b-B-like","gonad"
"LOC115105999",42.8906136495307,0.619428804356685,0.214684651726577,2.9009535304197,0.00372029044182764,0.0445551406740255,"programmed cell death 1 ligand 1-like","gonad"
"LOC115125161",1105.54239133002,0.619157715580364,0.188477222560037,3.28682285184581,0.00101324552047022,0.0209050973518834,"60S ribosomal protein L32-like","gonad"
"LOC115131488",158.159865711098,0.61856841353275,0.191998093567362,3.22458616808996,0.00126154884938651,0.0235887547986214,"thioredoxin-like protein 4A, transcript variant X1","gonad"
"ltc4s",12.3387426721875,0.618566457073659,0.215137995667424,2.89007533714017,0.0038514951267709,0.0454608458311761,"leukotriene C4 synthase","gonad"
"LOC115103043",21.1910051760001,0.618330716560681,0.21451392756683,2.89553899804024,0.00378507995663281,0.0450635486509018,"contactin-associated protein-like 2","gonad"
"gtf2h3",59.461067877328,0.617601523535134,0.176555369350324,3.49961899016542,0.000465923603031788,0.0130343743245688,"general transcription factor IIH subunit 3","gonad"
"rps7",3038.83387117474,0.617345866035175,0.195992120095098,3.15237524881734,0.00161948005515993,0.0270748433531157,"ribosomal protein S7","gonad"
"LOC115119303",1905.19960023018,0.617119487045326,0.171352529469597,3.60209957664557,0.000315657398407375,0.0106327935537742,"macrophage colony-stimulating factor 1 receptor 1-like","gonad"
"LOC115112431",153.562558419772,0.616932758105851,0.161291076872112,3.82544866794021,0.000130534132694708,0.0070325748166324,"DNA-directed RNA polymerases I, II, and III subunit RPABC5, transcript variant X1","gonad"
"LOC115139890",3676.75551651456,0.616472114115875,0.194813346394324,3.166759987322,0.0015414748604146,0.0262299325443514,"60S ribosomal protein L35-like","gonad"
"LOC115112854",1235.48263450848,0.616234189188281,0.187825389394553,3.28252000505877,0.00102883685262395,0.0210110088258947,"proteasome subunit beta type-1-B-like","gonad"
"LOC115101340",212.335036626413,0.616197487000623,0.173872379156546,3.54516161198253,0.000392372431402107,0.0119128994390245,"ubiquinol-cytochrome-c reductase complex assembly factor 3","gonad"
"LOC115143141",220.191206152719,0.616091656218637,0.137411769443942,4.48353630052647,7.34161066272217e-06,0.00203520483124677,"guanine nucleotide-binding protein G(i) subunit alpha-2-like","gonad"
"LOC115135297",12.6423603763023,0.615770844697954,0.208619102357921,2.95507696340983,0.00312591060764654,0.0400805317743154,"homeobox protein EMX2-like, transcript variant X2","gonad"
"LOC115137525",191.292241458462,0.615398202276206,0.170679623862897,3.60577297592944,0.000311225137601955,0.010570544812063,"catenin alpha-2-like","gonad"
"lsm3",299.635356497019,0.615071972543793,0.193846150546309,3.17568366328398,0.00149483861635203,0.0257987546753684,"LSM3 homolog, U6 small nuclear RNA and mRNA degradation associated","gonad"
"LOC115141371",113.298852427099,0.615005012072013,0.175753209364253,3.50020592696264,0.000464898869773168,0.0130343743245688,"myelin basic protein-like, transcript variant X4","gonad"
"pnkd",72.7819719994597,0.614598387340957,0.14562473133956,4.22009326750421,2.44201267642119e-05,0.00303679329815775,"PNKD metallo-beta-lactamase domain containing","gonad"
"LOC115147174",202.000364428684,0.614044029198477,0.16985592121815,3.61629417411334,0.000298850737726685,0.0103154638672352,"tubulin-specific chaperone A-like, transcript variant X2","gonad"
"LOC115129393",2141.95345436741,0.61394588617034,0.190060091519472,3.23207382613058,0.00122895300778517,0.0231942524005691,"60S ribosomal protein L31","gonad"
"LOC115138735",2573.01399738318,0.613773142474008,0.206223418849046,2.98126891082455,0.00287056604171063,0.0381816828229291,"cysteine-rich protein 1-like","gonad"
"LOC115141710",60.1026101726999,0.613534220044663,0.183031300739648,3.35368139726359,0.000797441249721243,0.0180753349936815,"uncharacterized LOC115141710","gonad"
"LOC115132723",22.2376196972471,0.613505230473675,0.214479938498456,2.89174525992913,0.00383108439161989,0.0453141161004891,"type-4 ice-structuring protein-like","gonad"
"manbal",365.316270442927,0.61317851943425,0.193856570179236,3.16550536232174,0.00154813808263407,0.0262691542320599,"mannosidase beta like, transcript variant X1","gonad"
"LOC115128593",64.6489720467403,0.612842518058476,0.15438901232697,3.96965461037274,7.19768902353582e-05,0.00500361714318055,"terminal nucleotidyltransferase 4A-like, transcript variant X3","gonad"
"LOC115113310",3582.91922308589,0.612724949015782,0.189587764303257,3.23358490698473,0.00122246991835214,0.0231199623308348,"60S ribosomal protein L24","gonad"
"ndufa7",290.019257790204,0.612373701510744,0.175207991218795,3.4963124436501,0.000471735989639352,0.0131362555642517,"NADH:ubiquinone oxidoreductase subunit A7","gonad"
"LOC115108234",230.629357110497,0.612146791273094,0.181527342082811,3.37395824800717,0.00074095605245214,0.0174269934452069,"protein FAM32A-like","gonad"
"LOC115113594",23.2067889800232,0.611964971184231,0.214262024705129,2.86859171391083,0.004123036437011,0.0472289271611178,"methylmalonyl-CoA epimerase, mitochondrial-like","gonad"
"LOC115141484",29.5747307015762,0.611958372858476,0.212953871727607,2.87988393174572,0.00397821597595274,0.0462410302556965,"eukaryotic translation initiation factor 5B-like, transcript variant X3","gonad"
"znrd1",89.2789683354215,0.611798657113284,0.16018140758695,3.82067314536428,0.000133087933916486,0.00710689567114037,"zinc ribbon domain containing 1","gonad"
"dnajc12",167.425235292149,0.611624931026203,0.158703900274512,3.85462774581259,0.000115905851405688,0.00649502048802988,"DnaJ heat shock protein family (Hsp40) member C12, transcript variant X1","gonad"
"LOC115130482",50.6600732875079,0.611504783787232,0.163673886816174,3.73568858777615,0.000187202221769251,0.00815182347611437,"mitogen-activated protein kinase kinase kinase kinase 4-like","gonad"
"LOC115108063",72.1072666009884,0.610862776441145,0.175516549079329,3.48216534814902,0.000497376471211494,0.0135920554227591,"39S ribosomal protein L47, mitochondrial-like","gonad"
"LOC115141387",95.575210423339,0.610811559981115,0.149767846268187,4.07811153691529,4.54029853180149e-05,0.00405644010041728,"receptor-binding cancer antigen expressed on SiSo cells-like","gonad"
"LOC115106396",56.69976475906,0.61078237194004,0.201506829590723,3.17610934210524,0.00149264679133206,0.0257987546753684,"arginase-1-like, transcript variant X1","gonad"
"LOC115140317",13.624102311213,0.610553836696869,0.180948910017416,3.3662640309891,0.000761937402269854,0.0175778087364822,"UDP-N-acetylglucosamine/UDP-glucose/GDP-mannose transporter-like","gonad"
"LOC115106728",42.2960532941108,0.610460094621601,0.208121986778995,2.93905105156176,0.00329218841629044,0.0415956665874524,"proline-rich transmembrane protein 2-like","gonad"
"atp5pf",258.564816628925,0.610269230376094,0.183008928780711,3.33614577947011,0.000849486061766742,0.0188141006378804,"ATP synthase peripheral stalk subunit F6, transcript variant X2","gonad"
"LOC115129344",34.9051013188248,0.609650202061814,0.202096256745958,3.02079068215304,0.00252115581694265,0.0355440348415262,"uncharacterized LOC115129344","gonad"
"LOC115142982",365.700282152112,0.609536114187117,0.183646187135795,3.32065889460834,0.000898052227453721,0.0193876768628416,"translocator protein-like, transcript variant X1","gonad"
"isoc2",70.7835884631234,0.608338629816918,0.192692959369405,3.15930141806229,0.00158147835412531,0.0266604651787364,"isochorismatase domain containing 2","gonad"
"LOC115113567",540.309477878357,0.607860888737703,0.169427346978803,3.5885457685282,0.000332527622881365,0.0109571170980655,"cytosolic iron-sulfur assembly component 2B-like","gonad"
"dync2li1",22.3119407758673,0.607713549513876,0.203019924189213,2.99418749937155,0.00275176782721892,0.0374115052447483,"dynein cytoplasmic 2 light intermediate chain 1, transcript variant X2","gonad"
"LOC115147133",23.8090068712344,0.607697240405417,0.211622767556805,2.87639166527666,0.00402250247981995,0.0464909052797379,"transmembrane channel-like protein 7","gonad"
"LOC115110111",63.3021029835888,0.607674800155629,0.212266294967413,2.87216121896566,0.00407674929621103,0.046935612062148,"cytokine receptor common subunit beta-like, transcript variant X2","gonad"
"LOC115139178",210.973822544958,0.607632056261203,0.180554085550003,3.36704388541217,0.000759785963664237,0.0175728330653349,"SAYSvFN domain-containing protein 1-like","gonad"
"LOC115146864",45.8344280301131,0.607330340272991,0.170218825280238,3.56749973479613,0.000360403743911961,0.0113013650681616,"arachidonate 5-lipoxygenase-activating protein-like, transcript variant X1","gonad"
"LOC115102348",124.57667131529,0.607040832165369,0.214947849898058,2.84089031248055,0.00449877830354934,0.0497744173548091,"tumor necrosis factor receptor superfamily member 9-like, transcript variant X2","gonad"
"pno1",403.920307857109,0.606037706507961,0.179706040547452,3.3735846801921,0.000741962212664956,0.0174269934452069,"partner of NOB1 homolog","gonad"
"LOC115141178",58.3709065709929,0.605901342365315,0.176857972131907,3.42653722630711,0.000611329959156246,0.0154802046561239,"HIG1 domain family member 1A, mitochondrial-like","gonad"
"LOC115129342",83.1938964079144,0.605662955601029,0.12604691019865,4.8034541103694,1.55951643713504e-06,0.00104868816417125,"SLAM family member 7-like, transcript variant X1","gonad"
"LOC115114472",24.533765306733,0.605606123849309,0.170287519607572,3.55497145311119,0.000378020129565793,0.0116635787335891,"cytochrome c oxidase assembly factor 1 homolog","gonad"
"LOC115129963",845.093876435256,0.605343265858733,0.203091170289487,3.10865658115101,0.00187940029845042,0.0299056895869113,"protein S100-B-like","gonad"
"LOC115107006",279.700915213813,0.605067079471245,0.173183702065631,3.49491131642557,0.000474219295570332,0.013185184579441,"calphotin-like","gonad"
"LOC115119756",16.5303887125021,0.60498559997129,0.210024104026265,2.88760319522306,0.00388189245117969,0.0456178895427952,"charged multivesicular body protein 5-like","gonad"
"LOC115135976",47.0404158995611,0.603906299851196,0.188559651448724,3.2048737663689,0.00135121726869322,0.0243985094766311,"cell surface glycoprotein MUC18-like, transcript variant X1","gonad"
"tsr2",52.3665203356977,0.603766751753341,0.187815280298478,3.21615310940579,0.0012992149660396,0.0239092064159742,"TSR2 ribosome maturation factor","gonad"
"meig1",81.2623592758142,0.603667529287418,0.176888349775456,3.41416304008989,0.000639782777326539,0.0158254715328892,"meiosis/spermiogenesis associated 1","gonad"
"trappc4",103.263927223844,0.603327641098683,0.137815829654594,4.3780595371039,1.19740643928655e-05,0.00218255135740007,"trafficking protein particle complex 4","gonad"
"LOC115134596",12.583708316198,0.603226826236648,0.211277146558774,2.85885531164869,0.0042517266236603,0.0480140634032431,"diamine acetyltransferase 2-like, transcript variant X1","gonad"
"LOC115127575",86.5112490489544,0.603174209630034,0.186545508699768,3.23536001295729,0.00121489441918834,0.0230487179464823,"protein transport protein Sec61 subunit gamma, transcript variant X2","gonad"
"LOC115132292",376.997552434784,0.602945819297683,0.190554627961288,3.16621200369488,0.00154438190625202,0.0262299325443514,"transcription initiation factor TFIID subunit 11-like","gonad"
"slc66a3",60.1928624895152,0.602758963817756,0.187918397261406,3.20944864497818,0.00132989801295739,0.0241021932671025,"solute carrier family 66 member 3","gonad"
"LOC115113147",4141.10617531681,0.602579273434636,0.19494070246628,3.09327838210772,0.00197958344959125,0.0307716756085435,"ubiquitin-40S ribosomal protein S27a-like","gonad"
"LOC115129593",254.870710243167,0.602543586909142,0.179704042513962,3.35459217213367,0.000794820689920992,0.0180384555577569,"ubiquitin-conjugating enzyme E2 A","gonad"
"LOC115129598",3171.70057017099,0.60252229683517,0.196153792045636,3.07405198726106,0.00211172630283775,0.0317122921188483,"60S ribosomal protein L36a-like","gonad"
"commd4",201.9519543578,0.602418642228177,0.159790990421075,3.77091900313964,0.000162647462290275,0.00757186493677497,"COMM domain containing 4, transcript variant X2","gonad"
"LOC115107587",36.4363371721452,0.602360993505975,0.174735236786171,3.44619023646129,0.000568549966526381,0.0146213085788413,"ezrin-like, transcript variant X1","gonad"
"LOC115137289",138.390924712664,0.602334191710587,0.176320046795985,3.41719893784319,0.000632690284371606,0.0157357874014396,"transmembrane protein 134-like, transcript variant X1","gonad"
"LOC115133135",451.981734308679,0.602251123808941,0.195585905858004,3.08187222634116,0.00205703113968358,0.0313213834236536,"electron transfer flavoprotein regulatory factor 1-like, transcript variant X1","gonad"
"me2",273.063942560627,0.601967361924303,0.161737181461062,3.7223634630631,0.000197366639701289,0.00835761048150494,"malic enzyme 2","gonad"
"LOC115121326",368.997496818893,0.601947521043274,0.165864662947328,3.6298739373508,0.0002835596714803,0.0100758496288854,"splicing factor 3B subunit 6","gonad"
"LOC115101820",81.4538901003908,0.601842146855486,0.188228401741357,3.19918239158412,0.00137817948091834,0.0246406683705182,"cytochrome b-c1 complex subunit 6, mitochondrial-like, transcript variant X2","gonad"
"LOC115107556",444.946854461433,0.601521198782395,0.190234906519119,3.16331262235533,0.00155984728997714,0.0264035799327087,"apolipoprotein B-100-like","gonad"
"LOC115128333",58.218045031877,0.601377754342412,0.189265504911267,3.1776089395916,0.00148494891486309,0.0257258897884106,"sialoadhesin-like, transcript variant X1","gonad"
"LOC115122032",18016.2033041015,0.60117687363098,0.197976175326706,3.03919485390863,0.00237211374082253,0.0340998393336293,"protein S100-A1-like","gonad"
"cdpf1",64.129634557105,0.600751899553156,0.180835572531321,3.32321684989056,0.000889857104052624,0.0192565501563521,"cysteine rich DPF motif domain containing 1, transcript variant X2","gonad"
"marco",666.047948128335,0.599511142253383,0.169330387525105,3.54106652730709,0.000398513082256558,0.0120590058690835,"macrophage receptor with collagenous structure","gonad"
"LOC115144273",8105.19265057101,0.59918950947238,0.193969410561092,3.09110480623439,0.00199413234193848,0.0308657005969608,"60S ribosomal protein L38-like, transcript variant X2","gonad"
"LOC115144610",575.228644900092,0.599016125213132,0.189025350654018,3.1707841778083,0.0015202804912604,0.0259907839918303,"proteasome subunit beta type-1-B","gonad"
"LOC115138665",258.895975046449,0.598702594461105,0.164486085215375,3.64077732663213,0.000271816148017727,0.00983086450878456,"gem-associated protein 2-like","gonad"
"LOC115121827",224.485461203491,0.598536440660655,0.187578161431213,3.1922985237883,0.00141145374520136,0.0248558236642831,"small nuclear ribonucleoprotein Sm D3-like","gonad"
"LOC115119474",176.733186194222,0.598359668081717,0.183369235179337,3.26350097198359,0.00110044806759255,0.0216893951726441,"neuferricin, transcript variant X1","gonad"
"LOC115107676",35.803985039152,0.598354681351506,0.15795008531818,3.78564513490651,0.000153310324430932,0.00748838391380655,"monocarboxylate transporter 10-like, transcript variant X1","gonad"
"LOC115145447",115.343094970515,0.596954552738086,0.186130057821435,3.20939186490912,0.0013301606991428,0.0241021932671025,"MICOS complex subunit MIC13-like","gonad"
"pfdn6",386.014138842056,0.596841726905612,0.187604092812526,3.1831062120591,0.0014570415590759,0.0254342056082181,"prefoldin subunit 6","gonad"
"LOC115133392",31.7472976734682,0.596450524838475,0.169207849494903,3.52332121594513,0.000426174513147925,0.0125407203577208,"uncharacterized LOC115133392","gonad"
"LOC115126869",91.8927311892154,0.59631880372652,0.133134322849136,4.47797112061973,7.53557925076835e-06,0.00203520483124677,"extensin-like","gonad"
"LOC115104365",154.484257352886,0.595893317798062,0.153949925676159,3.87122865552816,0.000108288154040963,0.00626140039734944,"guanine nucleotide-binding protein G(I)/G(S)/G(O) subunit gamma-5-like","gonad"
"LOC115145802",31.5121171122541,0.595887042315216,0.204927444157854,2.91140356056313,0.00359808961664755,0.043861985296749,"TNFAIP3-interacting protein 2-like, transcript variant X1","gonad"
"LOC115143303",470.815245234047,0.595676688826974,0.166178547104333,3.58524017710178,0.000336768135386396,0.0109970544353874,"signal peptidase complex subunit 1-like","gonad"
"LOC115130765",228.556864323333,0.595558774153667,0.169334795241112,3.51683935925412,0.000436717999347628,0.0127376184825847,"protocadherin-12-like","gonad"
"LOC115123537",164.41792907105,0.595523920615413,0.18657908815663,3.19387943200374,0.00140374730957534,0.0247681595263848,"NADH dehydrogenase [ubiquinone] 1 beta subcomplex subunit 4-like","gonad"
"mrpl58",53.3162102750301,0.595240246190382,0.183994663616769,3.23729922240206,0.00120666816227678,0.0229165974417335,"mitochondrial ribosomal protein L58","gonad"
"LOC115102776",759.8021211315,0.594759637700049,0.167542907518569,3.55052696020251,0.000384460756017165,0.0117711121184615,"NEDD8-like","gonad"
"LOC115127543",495.243971282821,0.594506410385585,0.193645607146071,3.0722564282891,0.0021244713539318,0.031798764964539,"phospholipase A and acyltransferase 4-like","gonad"
"slc25a47",16.7505985549647,0.594416574921861,0.192762839276738,3.08424112795389,0.0020407212268713,0.0313198094632927,"solute carrier family 25 member 47, transcript variant X4","gonad"
"rpl39",5428.80656130749,0.59433451087934,0.192891003003305,3.0830500840066,0.002048906687667,0.0313213834236536,"ribosomal protein L39","gonad"
"LOC115130164",63.1211391475438,0.593977250977983,0.145760378538021,4.07513193129119,4.59882671834126e-05,0.0040729901413758,"neutrophil cytosol factor 2-like, transcript variant X2","gonad"
"LOC115110462",28.517230938962,0.593101827619672,0.20626064346302,2.88358094777795,0.00393181580351928,0.0460028383683233,"myosin-10-like, transcript variant X2","gonad"
"LOC115115916",14.4298262158119,0.592609370551235,0.203199298650574,2.91527807622979,0.00355371747139316,0.0436732544528644,"tumor necrosis factor alpha-induced protein 3-like, transcript variant X2","gonad"
"lyrm1",52.3509058129357,0.59234368105235,0.190213131612606,3.11732081464098,0.00182502851940853,0.0292713938148245,"LYR motif containing 1, transcript variant X2","gonad"
"LOC115126445",266.902823306166,0.592342744553344,0.211465212917276,2.85235860341849,0.00433961139878837,0.0486057893623699,"protein S100-A1-like","gonad"
"dusp23",81.6701516909503,0.592333501447574,0.15825609491756,3.74367501299803,0.000181348183620838,0.00803062834590226,"dual specificity phosphatase 23","gonad"
"LOC115115068",181.179961303755,0.592215862182718,0.189016446127499,3.13549500159562,0.0017156435199713,0.0282148765838758,"transcription and mRNA export factor ENY2-2, transcript variant X2","gonad"
"LOC115107078",68.8016988132715,0.592155169679897,0.204758847573293,2.89672072094176,0.00377085278353719,0.0449397815513082,"small nuclear ribonucleoprotein F","gonad"
"LOC115131384",80.956769876049,0.591982377842587,0.165572216045783,3.57451180109412,0.000350881987513884,0.0111765146759685,"unconventional myosin-Ig-like, transcript variant X2","gonad"
"mpc2",377.130967868947,0.591977375379957,0.185651987235396,3.19023480332108,0.00142157243817856,0.0249613821930077,"mitochondrial pyruvate carrier 2","gonad"
"LOC115141885",454.540664828663,0.591553043037181,0.159005090073586,3.72058647544614,0.000198760667458664,0.00835761048150494,"high mobility group nucleosome-binding domain-containing protein 3-like","gonad"
"LOC115111849",94.3950577160073,0.591368284671501,0.19770980812034,2.99406127338967,0.00275290653266048,0.0374115052447483,"phospholipid phosphatase 1-like","gonad"
"LOC115104214",107.848962572051,0.591222865682071,0.207488165593158,2.85629459703652,0.00428617235011934,0.0481856007360784,"hemoglobin subunit beta-1-like","gonad"
"LOC115110380",58.6025097069905,0.591015503891345,0.206937972033068,2.86161138070616,0.00421493374868027,0.0477394492458135,"transmembrane protein 106B-like, transcript variant X3","gonad"
"LOC115119996",12.814287177734,0.59085963910768,0.203501784454739,2.90242971160028,0.00370280242422437,0.0444630164115196,"gastrula zinc finger protein XlCGF57.1-like","gonad"
"ska2",110.384531920403,0.590772541841816,0.176046625568981,3.35722392539947,0.000787293229397572,0.0179497325257739,"spindle and kinetochore associated complex subunit 2","gonad"
"LOC115139186",54.0908845562286,0.590606130133888,0.19126579904959,3.08884555969161,0.00200935863588334,0.0309693679058557,"platelet-activating factor acetylhydrolase-like, transcript variant X1","gonad"
"LOC115110327",294.210694757643,0.589454383039508,0.18292873609237,3.22378985171672,0.00126506199314636,0.0236058227621431,"ubiquitin domain-containing protein UBFD1-like, transcript variant X3","gonad"
"LOC115137560",14.525614323646,0.589330266187073,0.153916981464336,3.81894932589203,0.000134021287778667,0.00712122164227235,"gastrula zinc finger protein XlCGF71.1-like","gonad"
"btf3",1433.49408794571,0.589246094065517,0.1797713197272,3.2787119450074,0.00104282022762122,0.0211075184533901,"basic transcription factor 3, transcript variant X1","gonad"
"LOC115104186",231.544115481312,0.588829157313851,0.180142872784949,3.27004128988754,0.00107531787219489,0.021549085306369,"ubiquitin domain-containing protein UBFD1-like, transcript variant X1","gonad"
"LOC115134118",191.247084301346,0.588446500312316,0.154850634812467,3.80018221459282,0.000144589730696332,0.00733593210398973,"class E basic helix-loop-helix protein 41-like, transcript variant X2","gonad"
"ndufc1",617.319977582854,0.588251507069224,0.166787785813927,3.52764504584961,0.000419273979577674,0.0124262185623649,"NADH:ubiquinone oxidoreductase subunit C1","gonad"
"ap4s1",141.268771558796,0.58756058096327,0.168404342374321,3.49035504119043,0.00048237922733946,0.0133711103077485,"adaptor related protein complex 4 subunit sigma 1","gonad"
"lmtk2",28.788863867532,0.587274315336748,0.167559902674581,3.50322815552961,0.000459655567056333,0.013019510882176,"lemur tyrosine kinase 2","gonad"
"LOC115104268",658.663350933957,0.58670267244656,0.160558034317127,3.65467963621963,0.000257503316115588,0.00952185378288109,"RING-box protein 1","gonad"
"LOC115143164",303.708030681256,0.58572658970226,0.174529668536715,3.356827090131,0.000788424023168798,0.0179497325257739,"peptidyl-prolyl cis-trans isomerase FKBP11-like","gonad"
"LOC115112918",63.3178405298362,0.585269727340312,0.189338198136077,3.09409419967313,0.00197414794580096,0.0307398199862455,"PHD finger-like domain-containing protein 5A, transcript variant X1","gonad"
"rpl29",11115.9573775917,0.585135207803741,0.193839224462209,3.02051192750271,0.00252347768840754,0.0355440348415262,"ribosomal protein L29","gonad"
"LOC115139012",399.946482893736,0.585102226377485,0.192120359036068,3.04756791990413,0.00230701383819759,0.0335626147807015,"proteasome subunit alpha type-6-like","gonad"
"pop5",47.7638116387446,0.58464369316435,0.201229708728948,2.90751503002232,0.00364312836830935,0.0440670477381909,"POP5 homolog, ribonuclease P/MRP subunit","gonad"
"LOC115132503",1485.56196628864,0.584252530445747,0.177713800580379,3.28844547160137,0.00100742297351106,0.0208323137893699,"myosin light polypeptide 6-like","gonad"
"LOC115146573",59.3331697054982,0.584143530120601,0.15359384814375,3.80400573200555,0.000142374883047555,0.00728157289186311,"transmembrane protein 134-like","gonad"
"chchd7",108.910979877115,0.584142368279735,0.195183101492064,2.99574952813514,0.00273771207105538,0.0373167420135747,"coiled-coil-helix-coiled-coil-helix domain containing 7, transcript variant X1","gonad"
"LOC115146393",806.925970843833,0.583333751721009,0.17524726373896,3.32942495382824,0.000870255130699373,0.0190595321507573,"DNA-binding protein inhibitor ID-2-like","gonad"
"LOC115140548",18.667223611334,0.583230628362456,0.199601462471404,2.92794350426126,0.00341212039016135,0.0426069173340918,"immediate early response 3-interacting protein 1-like","gonad"
"LOC115131902",96.1874033839821,0.583158054795677,0.19712295626123,2.96212978912668,0.00305518969140313,0.0395649244201964,"proteasome subunit alpha type-7-like","gonad"
"LOC115102191",23.998542130997,0.583087572409951,0.165781748380653,3.51619658628801,0.000437776709249442,0.0127376184825847,"protein bassoon-like, transcript variant X1","gonad"
"LOC115112239",22.9234760724145,0.582234836592387,0.20801454623406,2.86595644104623,0.00415751447111959,0.0473847035390128,"glycine cleavage system H protein, mitochondrial-like","gonad"
"LOC115131603",4126.25029579437,0.581967973256803,0.194167381775957,2.99913405052626,0.00270748155444855,0.0370437340637286,"40S ribosomal protein S18","gonad"
"LOC115129435",62.7991457875518,0.581941516728815,0.179191506068271,3.249770639047,0.00115498120056007,0.0222373686928617,"coiled-coil domain-containing protein 85B-like","gonad"
"LOC115103907",82.0794768440562,0.581875830066186,0.165854115608813,3.50895981382175,0.000449862871430526,0.0128779668430222,"tumor necrosis factor alpha-induced protein 8-like protein 2, transcript variant X7","gonad"
"mettl5",73.3631620191036,0.581784254148043,0.172196320749027,3.38007618695965,0.000724657394406625,0.0172210466660297,"methyltransferase like 5","gonad"
"LOC115123845",342.031152308674,0.581168851287133,0.181091348725893,3.21045497724335,0.00132525027191276,0.0241021932671025,"histone deacetylase complex subunit SAP18-like","gonad"
"LOC115131673",419.850588424692,0.580542229045165,0.164184963871235,3.53649574025375,0.000405473040066345,0.0122024842556778,"NADH dehydrogenase [ubiquinone] iron-sulfur protein 5-like","gonad"
"mcts1",436.930554377664,0.580490394598497,0.189583834482936,3.06353092953429,0.00218741591959001,0.0324466694739184,"MCTS1 re-initiation and release factor","gonad"
"LOC115122704",297.874384822385,0.580003931795174,0.175069058688514,3.31399481559158,0.000919732125399375,0.0196454781985307,"small nuclear ribonucleoprotein G","gonad"
"LOC115140116",329.06281339531,0.579876568347959,0.156075095520957,3.71600624388838,0.00020239658240334,0.00841978534267684,"ER membrane protein complex subunit 3","gonad"
"LOC115142205",54.8970645872301,0.579834402222256,0.20614953250002,2.89447205668088,0.00379796712075995,0.0451787608716125,"glutamine amidotransferase-like class 1 domain-containing protein 3A, mitochondrial, transcript variant X1","gonad"
"LOC115105741",89.6219156976979,0.579513216237264,0.156074315307156,3.71307635995217,0.000204755075205802,0.0084681848415411,"protein YIPF6-like","gonad"
"LOC115108382",485.133554825981,0.57901138374912,0.180443084069808,3.2100736774116,0.00132700953708074,0.0241021932671025,"uncharacterized protein C7orf57 homolog, transcript variant X1","gonad"
"LOC115114358",112.983336098077,0.578628594517782,0.130859483817907,4.42178470289003,9.7888971257523e-06,0.00218255135740007,"la-related protein 4B-like, transcript variant X1","gonad"
"ppil3",38.4771274305947,0.578355752678463,0.183894635275915,3.14767721219571,0.00164573315803835,0.0273763209778132,"peptidylprolyl isomerase like 3, transcript variant X1","gonad"
"LOC115145202",1800.21866434021,0.578171485590975,0.18495249643115,3.12717757406614,0.00176493291018613,0.028754066215286,"proteasome subunit alpha type-7-like","gonad"
"LOC115143769",89.155382073381,0.57810630778012,0.201090678347314,2.87821508497533,0.00399932360555417,0.0464269305514332,"epithelial membrane protein 3-like, transcript variant X1","gonad"
"LOC115142103",342.58247203103,0.577757536842979,0.175661927339092,3.28937664803941,0.0010040955782428,0.0208098635099023,"tetranectin-like","gonad"
"LOC115102538",113.554979025916,0.577519409867023,0.171163828763786,3.37427925308614,0.000740092476160889,0.0174269934452069,"homeobox protein Hox-C3a-like, transcript variant X4","gonad"
"LOC115130843",40.5067320457091,0.577345909579806,0.149068944895654,3.87281167479253,0.000107586960082511,0.00626140039734944,"SAM and SH3 domain-containing protein 3-like","gonad"
"LOC115138938",1325.61061647725,0.576955872222896,0.187434424591161,3.07951677674218,0.00207336692639522,0.0313700415963597,"60S ribosomal protein L22-like","gonad"
"LOC115106434",52.4731830405201,0.576266426484369,0.187638031896528,3.07356150677845,0.00211520080171432,0.0317122921188483,"uncharacterized LOC115106434, transcript variant X2","gonad"
"rbp4",9470.12515236592,0.576149048668333,0.187766629122082,3.06966658746659,0.0021429785643112,0.0319178989447368,"retinol binding protein 4","gonad"
"LOC115102157",62.4471400534524,0.575907138674961,0.185668647728693,3.10359887066823,0.00191182343717693,0.0301835359351168,"NADH dehydrogenase [ubiquinone] 1 alpha subcomplex subunit 4-like 2","gonad"
"LOC115118918",24.5255214651697,0.57588136862959,0.202215133699573,2.85187895041462,0.00434616477841948,0.0486491786171296,"rab-like protein 2A","gonad"
"LOC115101699",76.868388931373,0.575283893254506,0.170405752329087,3.37688163950036,0.000733125898735312,0.0173768065501806,"uncharacterized LOC115101699, transcript variant X1","gonad"
"LOC115136166",79.1966260506069,0.574821253215685,0.178695987609723,3.21833298039423,0.00128938038287428,0.0238633947313613,"T-cell immunoglobulin and mucin domain-containing protein 4-like, transcript variant X2","gonad"
"pigp",276.52999897714,0.574626259495626,0.180518904098811,3.18461483936363,0.00144946786424694,0.0253287185209505,"phosphatidylinositol glycan anchor biosynthesis class P","gonad"
"LOC115139502",296.029662826431,0.574112325073127,0.110533664453385,5.19388803872464,2.05947023666281e-07,0.000311597846807082,"serine/arginine-rich splicing factor 3, transcript variant X1","gonad"
"LOC115143072",281.721044944546,0.574045841960003,0.148273450327853,3.87166829280914,0.000108092986686123,0.00626140039734944,"SAP domain-containing ribonucleoprotein-like, transcript variant X2","gonad"
"LOC115142567",13.0679641267846,0.572873257566915,0.192544854815689,2.97125394568257,0.00296586426909471,0.0389186321972191,"integrin alpha-X-like","gonad"
"LOC115139656",24.5190403834213,0.572869886076044,0.197841822122179,2.89691876960507,0.003768473167571,0.0449397815513082,"NF-kappa-B inhibitor epsilon-like, transcript variant X1","gonad"
"LOC115129573",83.0139026659001,0.572313984503016,0.192694894710237,2.9721690652492,0.0029570380298667,0.0388480336253689,"glutathione S-transferase P-like","gonad"
"LOC115128587",601.261008252251,0.571834672756489,0.167066722671352,3.4234503124611,0.000618315545015911,0.0155462162527157,"NADH dehydrogenase [ubiquinone] iron-sulfur protein 6, mitochondrial-like","gonad"
"lg24h1orf131",58.7949316664895,0.571562711238216,0.17847976633229,3.20277075849294,0.00136112282389007,0.0244971819826295,"linkage group 24 C1orf131 homolog, transcript variant X2","gonad"
"LOC115136671",157.329369828374,0.57132342484212,0.161672635096324,3.53439302814941,0.000408712836626187,0.0122250251429737,"small nuclear ribonucleoprotein Sm D2","gonad"
"LOC115106857",300.34524438953,0.570724356525361,0.185854940253444,3.07168820699937,0.00212851931266722,0.031801660520743,"cysteine-rich with EGF-like domain protein 2, transcript variant X1","gonad"
"polr2c",263.364202037459,0.570154113230543,0.132726995916878,4.29592915787739,1.73963135231009e-05,0.00252701981890167,"RNA polymerase II subunit C","gonad"
"prxl2c",54.7988029606785,0.568872482134506,0.178173586674567,3.19410982005543,0.00140262748404057,0.0247681595263848,"peroxiredoxin like 2C","gonad"
"LOC115105916",83.1974431126968,0.568601086085047,0.173115493062808,3.28508202368758,0.00101952686719955,0.0209395133494062,"density-regulated protein-like, transcript variant X3","gonad"
"LOC115102245",155.152615598662,0.568551427766475,0.176359031990864,3.22485243995347,0.00126037613715766,0.0235887547986214,"pre-mRNA-splicing factor SPF27","gonad"
"tex15",56.4549312579967,0.568422607816181,0.138511105403297,4.1020111604507,4.09574512504418e-05,0.00389177933144043,"testis expressed 15, meiosis and synapsis associated, transcript variant X3","gonad"
"LOC115131311",1349.14136362968,0.568039633543742,0.187005725298311,3.0388114980772,0.00237513417976975,0.0341108992905901,"26S proteasome complex subunit SEM1-like","gonad"
"LOC115115072",579.159271480737,0.567856604246355,0.188960958677118,3.00664074296369,0.00264151740928807,0.0365265727974365,"signal peptidase complex subunit 3","gonad"
"LOC115110282",85.3326806669088,0.567598047402767,0.178819012046135,3.17425354628043,0.00150222403897138,0.025824802244446,"uncharacterized LOC115110282, transcript variant X2","gonad"
"metrn",338.579918094741,0.565898283393656,0.153755714989495,3.68053475026565,0.000232745336145635,0.00906807794648099,"meteorin, glial cell differentiation regulator","gonad"
"LOC115135898",35.3830075029077,0.565891995347195,0.161525589302754,3.50185583419302,0.000462029548096856,0.0130343743245688,"zinc finger and BTB domain-containing protein 21-like","gonad"
"LOC115128180",185.032890746929,0.565675158837749,0.168921347873206,3.34954353764626,0.000809448333786566,0.0182077914698381,"density-regulated protein-like, transcript variant X4","gonad"
"rpl7l1",201.64291008938,0.565666452009881,0.147420851085673,3.83709818826015,0.000124496703828415,0.00680831974309849,"ribosomal protein L7 like 1","gonad"
"LOC115141948",88.3132562165307,0.564971280243547,0.174053626784145,3.2453984558917,0.00117286385640843,0.0224666468253504,"SAM domain-containing protein SAMSN-1-like, transcript variant X1","gonad"
"LOC115123406",157.144388771217,0.564613235645732,0.190409243104639,2.96776867705395,0.0029996998957929,0.0390973089074056,"14 kDa phosphohistidine phosphatase-like","gonad"
"LOC115121873",109.795865723897,0.564575114122753,0.193189743294914,2.92294808754578,0.00346734319879392,0.0430595643757198,"sarcoplasmic/endoplasmic reticulum calcium ATPase 2-like, transcript variant X2","gonad"
"acp1",176.468767891195,0.564334076668943,0.177662067818194,3.177973728553,0.00148308188508381,0.0257180847235737,"acid phosphatase 1, transcript variant X1","gonad"
"LOC115116310",477.639074753578,0.563915500753853,0.196578284661327,2.87080708970956,0.00409425299972567,0.0470646805592055,"60S ribosomal protein L32","gonad"
"LOC115138930",868.720210953482,0.563730627224217,0.157471798027201,3.58021189458259,0.000343315692037129,0.0110702363010125,"ATPase inhibitor B, mitochondrial-like, transcript variant X2","gonad"
"LOC115135299",119.396703472744,0.563341116772176,0.169394830611826,3.32697301535711,0.000877948748549185,0.0190897328682127,"protein FAM204A-like","gonad"
"LOC115130323",1116.32980692107,0.563104142490707,0.164698622459816,3.41941345609706,0.000627562916875827,0.0156511432950515,"MOB-like protein phocein, transcript variant X5","gonad"
"ddx49",116.427202757873,0.561854329121768,0.168260828573014,3.33914519371102,0.00084036627843067,0.0186752633429464,"DEAD-box helicase 49","gonad"
"LOC115123974",114.868988850096,0.561407472481778,0.134855725617294,4.16212742827265,3.15296310334421e-05,0.00345486080624845,"cell growth regulator with RING finger domain protein 1-like, transcript variant X3","gonad"
"LOC115143420",990.450572826454,0.561406450240613,0.182187199845764,3.08249784389328,0.00205271217491809,0.0313213834236536,"prothymosin alpha-like, transcript variant X1","gonad"
"LOC115131667",482.887744737117,0.561366627439823,0.164782563118146,3.40731865948,0.000656044858274584,0.0161693783552382,"zinc finger protein 706-like, transcript variant X1","gonad"
"lg9ah12orf73",102.486728211932,0.561315764197564,0.181260907252651,3.09845201125172,0.00194534472688165,0.030474223428397,"linkage group 9a C12orf73 homolog","gonad"
"LOC115114467",191.387048848185,0.560890892540045,0.170396487785706,3.29205332904896,0.000994587498937795,0.0206846857167407,"C-C chemokine receptor type 8-like","gonad"
"LOC115105718",273.727829026409,0.560842621272646,0.164054936919871,3.41943104471733,0.000627522348380826,0.0156511432950515,"charged multivesicular body protein 1b-like","gonad"
"LOC115124462",114.743587320174,0.560683150295463,0.142668564501545,3.92901163697428,8.5295712311987e-05,0.0055483294816665,"EMILIN-1-like","gonad"
"LOC115124500",37.0729111806585,0.560424657260245,0.17639026904278,3.17680871666708,0.00148905213172174,0.0257723837021353,"sialoadhesin-like","gonad"
"polr2h",82.6712592868521,0.560339835499879,0.186117698504905,3.01300018051607,0.00258678763730853,0.036099705106052,"RNA polymerase II subunit H","gonad"
"LOC115106549",94.5527275892161,0.559864526403931,0.181196845979608,3.09130135970784,0.00199281268087323,0.0308657005969608,"phosphorylase b kinase gamma catalytic chain, liver/testis isoform-like, transcript variant X3","gonad"
"LOC115139912",50.3131876750984,0.559834133783111,0.178675904812942,3.13271910405634,0.00173195105678543,0.0284119823328264,"breakpoint cluster region protein-like, transcript variant X2","gonad"
"LOC115114914",3788.56878937239,0.559794779531873,0.18808993839002,2.97741414018514,0.00290691052218196,0.038467833411615,"60S ribosomal protein L24-like","gonad"
"LOC115112360",109.429487071276,0.559639531806333,0.159365715382052,3.51237414795317,0.000444122289468096,0.0127870306457385,"cytochrome b-245 light chain-like","gonad"
"LOC115103537",138.891987978018,0.559627517555071,0.178405453153831,3.13869375846014,0.00169702699965416,0.0279646378278676,"small ubiquitin-related modifier 2","gonad"
"LOC115125168",84.9683638392545,0.559317730178705,0.197290031302813,2.83838699461995,0.00453421716239334,0.0498435875094597,"U6 snRNA-associated Sm-like protein LSm5","gonad"
"tmco1",218.409512122959,0.559020238480226,0.171493136730099,3.26072789821496,0.00111126624800609,0.0217181377812687,"transmembrane and coiled-coil domains 1","gonad"
"LOC115106146",84.9295561746498,0.559015386863887,0.154261783529237,3.62497132574944,0.000288993514769154,0.0101389553880559,"C-factor-like","gonad"
"LOC115113500",19911.6882513168,0.558685859017571,0.193320886117322,2.89149087307076,0.00383418729211837,0.0453212919763679,"synaptotagmin-13-like, transcript variant X2","gonad"
"LOC115136198",212.076328685338,0.557733744439538,0.189773896227172,2.9394836039652,0.00328759664442031,0.0415956665874524,"prolyl 4-hydroxylase subunit alpha-2-like, transcript variant X2","gonad"
"pold3",65.9278497565508,0.557089344132409,0.154719482302316,3.60066362357552,0.000317406004634554,0.0106718952224907,"DNA polymerase delta 3, accessory subunit","gonad"
"LOC115106897",360.383176946654,0.5555751582092,0.159247649562168,3.48930610805087,0.000484276237997144,0.0133713160886435,"V-type proton ATPase subunit F-like","gonad"
"LOC115105479",128.70360466706,0.555106530572245,0.172178583383508,3.22484470210636,0.00126041020191262,0.0235887547986214,"spindle and kinetochore-associated protein 2","gonad"
"LOC115133106",61.2304114727794,0.554807706702001,0.153892864504908,3.6050750029563,0.000312062790221731,0.010570544812063,"death domain-containing protein CRADD-like","gonad"
"LOC115106928",371.852098921355,0.554140942869408,0.163406113422152,3.39184989747662,0.000694224604881324,0.0167166338544102,"aldo-keto reductase family 1 member B1-like","gonad"
"LOC115108186",149.329842569566,0.554010195783994,0.163914299484536,3.38011789260494,0.000724547439270824,0.0172210466660297,"solute carrier family 35 member E1-like","gonad"
"LOC115140820",24.5499188534505,0.553989343493881,0.155610718255428,3.55472199943491,0.000378378931156862,0.0116635787335891,"zinc finger MYM-type protein 1-like, transcript variant X1","gonad"
"ripor2",47.2308406037081,0.553448886089153,0.148684490120177,3.72259409650258,0.000197186385257384,0.00835761048150494,"RHO family interacting cell polarization regulator 2, transcript variant X1","gonad"
"lypd6",27.5823261441289,0.553225403770497,0.181389107043782,3.047143549659,0.00231027351000006,0.0335831271797927,"LY6/PLAUR domain containing 6","gonad"
"LOC115113037",192.146814390729,0.552859918320305,0.158769881355755,3.48258112216226,0.000496604733911402,0.0135920554227591,"F-box only protein 9-like","gonad"
"mmab",99.6984132118718,0.552722106525344,0.179672846616498,3.07814040549602,0.00208296749525544,0.031462860103043,"metabolism of cobalamin associated B","gonad"
"LOC115119004",1570.76050099733,0.552389807844143,0.191369371563321,2.88797114004187,0.00387735446062929,0.0455940722714931,"60S ribosomal protein L35","gonad"
"LOC115111267",633.415857582816,0.552311554900593,0.177322963418493,3.11557021290586,0.00183589636296009,0.0293937692821018,"transmembrane emp24 domain-containing protein 7-like","gonad"
"LOC115106660",260.935002167815,0.552103623713659,0.157713607138243,3.50054888036452,0.000464301080933426,0.0130343743245688,"endonuclease domain-containing 1 protein-like","gonad"
"LOC115121194",217.879672674046,0.551399249346078,0.176784220929463,3.12036645701881,0.00180626177615596,0.0291292593466683,"anaphase-promoting complex subunit CDC26-like, transcript variant X1","gonad"
"LOC115117582",125.151802524527,0.551259046642389,0.152805726676269,3.60809938284139,0.000308448342801584,0.0105094538645953,"NADH dehydrogenase [ubiquinone] 1 alpha subcomplex subunit 3-like","gonad"
"LOC115107027",219.913528072987,0.551258403970542,0.126317447141243,4.36360922909377,1.27934016917517e-05,0.00218255135740007,"neuroepithelial cell-transforming gene 1 protein-like","gonad"
"LOC115137492",784.327557314732,0.551117868034972,0.152935320588833,3.60392437112069,0.000313448298145994,0.0105780061359455,"high mobility group protein B2-like","gonad"
"ociad1",236.008883782551,0.550987006295647,0.169957391362325,3.24271178541779,0.00118397915779929,0.0225593657587237,"OCIA domain containing 1, transcript variant X2","gonad"
"pxdc1",58.1816754400867,0.550854859121937,0.161741403142568,3.4067528183483,0.000657406343087646,0.0161693783552382,"PX domain containing 1, transcript variant X2","gonad"
"mrps17",141.564069875145,0.550334596907915,0.182146159142725,3.02286076109149,0.00250397425595197,0.0355004688286836,"mitochondrial ribosomal protein S17, transcript variant X1","gonad"
"rpl22l1",498.866126385632,0.550240388828476,0.180309742760025,3.05261175763904,0.00226859238567601,0.0332519456583308,"ribosomal protein L22 like 1","gonad"
"LOC115141799",114.02253307099,0.549964635025679,0.160715094890308,3.42244272459175,0.000620611714221576,0.0155462162527157,"ribosome maturation protein SBDS-like","gonad"
"LOC115102506",168.513436236498,0.549665369166343,0.156836378970702,3.50469878591927,0.00045712415800267,0.0129680409573382,"adenosine deaminase-like","gonad"
"LOC115128691",362.14690096755,0.549659520178307,0.185988877696759,2.95663828793434,0.0031101273130641,0.0400237516885935,"cytochrome c oxidase copper chaperone-like, transcript variant X2","gonad"
"lg27h12orf49",31.6008303918863,0.549560948173258,0.169449833368812,3.24504657356061,0.00117431415715232,0.0224666468253504,"linkage group 27 C12orf49 homolog","gonad"
"LOC115117859",136.424131940618,0.549345676263163,0.161532019396854,3.40192492544793,0.00066913016406939,0.0163275369929722,"protein kish-A-like","gonad"
"LOC115109887",527.913823016278,0.548856992747746,0.159085851808288,3.45053301201362,0.000559480737925668,0.0144384723578429,"RING-box protein 1","gonad"
"LOC115111788",118.416020454865,0.548683781661075,0.17166486636693,3.19780490293373,0.00138477932399876,0.02466582139651,"caspase-3-like","gonad"
"LOC115131889",70.8237652548134,0.548681546475326,0.168237335343977,3.26184824429437,0.00110688382343848,0.0216956733049279,"dual specificity protein phosphatase 7-like","gonad"
"LOC115142412",3465.95955880831,0.548359149416417,0.187284889122413,2.92903448741585,0.00340016694339546,0.0424868761350916,"40S ribosomal protein S15a","gonad"
"LOC115117696",212.916986408852,0.548128420587911,0.164736647422772,3.32807394574845,0.000874486515361559,0.0190897328682127,"splicing factor U2AF 35 kDa subunit-like","gonad"
"LOC115138705",1935.11347638737,0.548027156355971,0.184107403224793,2.97762217672876,0.00290493839011644,0.038467833411615,"proteasome subunit alpha type-3","gonad"
"LOC115113513",103.111134939692,0.547758372938898,0.164386760885496,3.33334220527128,0.000858093300791223,0.0188842932959581,"trafficking protein particle complex subunit 2, transcript variant X2","gonad"
"LOC115135915",134.282607662441,0.547386234033366,0.154691092121107,3.53830415968422,0.000402705885629355,0.0121453954476521,"uncharacterized LOC115135915, transcript variant X4","gonad"
"LOC115129347",48.0419400847096,0.546664862102962,0.185772230014311,2.94444717916654,0.00323532166299965,0.0410772728065886,"putative pregnancy-specific beta-1-glycoprotein 7, transcript variant X3","gonad"
"itprip",49.6366690445666,0.546437913030748,0.123569196709219,4.42121303055526,9.81483499543326e-06,0.00218255135740007,"inositol 1,4,5-trisphosphate receptor interacting protein, transcript variant X2","gonad"
"LOC115113712",9815.36617351143,0.546348640025856,0.177361030382804,3.08106236413569,0.00206263442253921,0.0313262510720951,"ferritin, heavy subunit-like","gonad"
"zcrb1",114.629350483599,0.546258409849279,0.18208850770197,3.00151471195255,0.0026864005793652,0.0368943183955784,"zinc finger CCHC-type and RNA binding motif containing 1","gonad"
"LOC115122809",346.092967747344,0.546194565292577,0.166398242438687,3.28318576785198,0.00102641003511567,0.020992161884297,"coatomer subunit zeta-1-like, transcript variant X3","gonad"
"lzic",46.3441324651086,0.545927611854017,0.176340327726591,3.09922783498204,0.00194025751573904,0.0304471179392895,"leucine zipper and CTNNBIP1 domain containing, transcript variant X3","gonad"
"LOC115134145",27.4959208156278,0.545872253038004,0.183899249550002,2.9691848709656,0.00298590897683012,0.0390738907925679,"zinc finger and SCAN domain-containing protein 2-like","gonad"
"LOC115144348",246.404214921749,0.54581227801741,0.169867800712316,3.21391117692523,0.001309401720044,0.0239169996268802,"translation machinery-associated protein 7-like","gonad"
"LOC115115108",221.200908845259,0.545786807418588,0.169701934876427,3.21688677369205,0.00129589730463642,0.0239092064159742,"thiosulfate sulfurtransferase/rhodanese-like domain-containing protein 3","gonad"
"LOC115101612",93.0417972184648,0.545306867589282,0.170318447144654,3.20226724344114,0.00136350439017803,0.0244971819826295,"dolichol-phosphate mannosyltransferase subunit 1-like, transcript variant X2","gonad"
"LOC115143686",38.2853358266324,0.545186006864817,0.165840646301131,3.28786570609961,0.00100949981642544,0.020851511566576,"guanine nucleotide exchange factor MSS4-like","gonad"
"LOC115134211",177.703194110791,0.544408464345555,0.145370702313724,3.74517507657494,0.000180268019297349,0.00802192685873205,"serine/threonine-protein kinase 17B-like","gonad"
"LOC115113733",328.644205595564,0.544230915408373,0.15508209956165,3.50989797125918,0.000448278668710344,0.0128779668430222,"transmembrane protein 9B-like","gonad"
"LOC115104171",15.0229074174909,0.543743307478904,0.187610938228207,2.89321436386555,0.0038132094914165,0.0452500859648091,"transmembrane protein 184B-like, transcript variant X2","gonad"
"LOC115140061",379.492056389103,0.54362981207632,0.16059819022384,3.38556184952947,0.000710327001658343,0.0169916957076533,"transmembrane emp24 domain-containing protein 2-like, transcript variant X1","gonad"
"LOC115112430",113.244712787178,0.543566973297112,0.15327439503896,3.54685318592603,0.000389861784392708,0.0118565000962044,"succinate dehydrogenase assembly factor 2, mitochondrial-like","gonad"
"dpp7",381.130060202328,0.543522406509815,0.148638102140272,3.65691725008404,0.000255266741655583,0.00949717819979254,"dipeptidyl peptidase 7","gonad"
"LOC115121568",858.881019527912,0.543508146575036,0.168800617474618,3.22038896230186,0.00128016774160896,0.0237412926625662,"V-type proton ATPase subunit e 1-like","gonad"
"LOC115114693",56.4598973010929,0.54327269108567,0.132623948021053,4.09599936238505,4.20351085720438e-05,0.00389177933144043,"caspase-8-like, transcript variant X2","gonad"
"LOC115128329",283.179038899983,0.54287978722446,0.170148194347851,3.19126401057061,0.00141651776959693,0.0249208300627924,"NADH dehydrogenase [ubiquinone] iron-sulfur protein 5-like, transcript variant X1","gonad"
"LOC115139674",726.774519868615,0.542660234310299,0.17639573456388,3.07717602883337,0.00208971856431812,0.031510734131549,"ADP-ribosylation factor-like protein 6-interacting protein 4","gonad"
"LOC115138225",753.200000520577,0.542593558894921,0.175374740240124,3.094681445309,0.00197024381971503,0.0307053620521425,"oligosaccharyltransferase complex subunit ostc-like","gonad"
"LOC115142187",143.936131509649,0.541767169779917,0.181109903526836,2.99259740118636,0.00276614384448182,0.037491005888381,"small nuclear ribonucleoprotein Sm D2-like","gonad"
"LOC115102480",47.7853862803868,0.541450630378323,0.179879168009433,3.00969107247735,0.00261513531311769,0.0363277710366984,"pleckstrin homology domain-containing family G member 5-like, transcript variant X4","gonad"
"LOC115114130",117.60509273899,0.541207805273528,0.189099828760186,2.8638939982108,0.00418468025048019,0.0475153562399739,"beta-1,3-galactosyltransferase 2-like, transcript variant X1","gonad"
"LOC115133189",451.954536080717,0.54079039326491,0.176970263269958,3.056593136947,0.0022386791905379,0.0330182448281122,"short transmembrane mitochondrial protein 1","gonad"
"LOC115143093",118.808330632224,0.540705730600552,0.176989343631284,3.05619933169283,0.00224162176904155,0.0330348091223363,"coatomer subunit zeta-1","gonad"
"LOC115104862",93.9744923020003,0.538993378840205,0.167876818167675,3.21178750921038,0.00131911904019251,0.0240219912675378,"programmed cell death protein 6, transcript variant X1","gonad"
"LOC115110805",50.3698277850629,0.538751295657762,0.185185480769218,2.90999289743702,0.00361436969790465,0.0439044045778176,"solute carrier family 35 member B1-like","gonad"
"LOC115126144",134.963070526943,0.538651036302493,0.187127680632383,2.88052900343325,0.00397008423060892,0.0462056726223946,"enhancer of rudimentary homolog","gonad"
"ppt1",326.954015666644,0.5385915011127,0.14203513906522,3.79222918420655,0.000149301028682644,0.00740681895158368,"palmitoyl-protein thioesterase 1","gonad"
"LOC115111015",677.715952300284,0.538534107184555,0.18121246413295,2.97280767036738,0.00295089295130821,0.0388234872637333,"cytochrome c oxidase subunit 6A, mitochondrial-like","gonad"
"rdm1",31.5735347633708,0.538459688835316,0.185255927959727,2.90496324201784,0.00367296232647371,0.0442804143422687,"RAD52 motif containing 1","gonad"
"LOC115135106",43.6142618522253,0.538248985808033,0.183311846654335,2.93761771401284,0.00330744583385389,0.041759378692247,"pleckstrin-like","gonad"
"supt4h1",108.836601810475,0.538140138256134,0.157266118893017,3.42269636430205,0.000620032954380983,0.0155462162527157,"SPT4 homolog, DSIF elongation factor subunit","gonad"
"LOC115122307",3306.03276441652,0.537655229299481,0.185836708691509,2.89412049517456,0.00380222221920158,0.0451787608716125,"40S ribosomal protein S15a","gonad"
"atg12",256.207857556005,0.537380916015489,0.170172328392255,3.15871997743691,0.00158463668391524,0.0266747581851974,"autophagy related 12","gonad"
"utp11",123.73261633573,0.537378188655638,0.174921099947094,3.07296355268305,0.00211944372069961,0.031749686627906,"UTP11 small subunit processome component","gonad"
"commd1",79.9831023993373,0.537197906635717,0.174132665020382,3.08611909846868,0.00202787578933236,0.031181665077949,"copper metabolism domain containing 1, transcript variant X1","gonad"
"ap3s1",156.725893062292,0.537177453575771,0.16899989775017,3.17962359359722,0.00147466467871227,0.0256210640255502,"adaptor related protein complex 3 subunit sigma 1","gonad"
"LOC115101900",888.204695398302,0.536510435008517,0.165348821013098,3.24521671015305,0.00117361272382593,0.0224666468253504,"gamma-secretase subunit PEN-2","gonad"
"LOC115101984",94.6583348881715,0.53634010614791,0.159340207286355,3.36710376681434,0.000759620998087185,0.0175728330653349,"zinc-binding protein A33-like","gonad"
"cdkn2c",35.1142907614979,0.535629306149697,0.166519832529319,3.21747290577045,0.0012932524109388,0.0239092064159742,"cyclin dependent kinase inhibitor 2C, transcript variant X3","gonad"
"LOC115119282",35.4309157828928,0.534531942140332,0.157001043811792,3.40158121232249,0.000669972188795126,0.0163275369929722,"coiled-coil domain-containing protein 50-like, transcript variant X1","gonad"
"LOC115123534",1162.69391395843,0.534275036348518,0.187347756788925,2.85290917016943,0.00433210018635405,0.0485516117181754,"proteasome maturation protein-like","gonad"
"LOC115128961",29.8301445905075,0.53386982288639,0.183332129736193,2.91339254512399,0.00357524859331652,0.0437567522040874,"nucleoredoxin-like protein 2","gonad"
"LOC115129756",224.870415882167,0.533080025351499,0.164439643493579,3.24267533640663,0.00118413062172636,0.0225593657587237,"grancalcin-like","gonad"
"eif3j",404.539540964009,0.532934454160347,0.152754585293878,3.48912964566464,0.000484596055647028,0.0133713160886435,"eukaryotic translation initiation factor 3 subunit J","gonad"
"LOC115132769",27216.8609390301,0.532899071385214,0.170474847851871,3.12638047640063,0.00176972426184971,0.028754066215286,"extracellular matrix protein 1-like","gonad"
"LOC115133712",30.0928768735072,0.532733124490371,0.17684204844583,3.01256355456681,0.00259051186052668,0.0361239119352706,"pseudouridine-5'-phosphatase-like","gonad"
"LOC115101471",139.405227141234,0.532720884362467,0.167153638424949,3.18751672785252,0.00143500157191313,0.0251728391687486,"protein CXorf40A-like","gonad"
"LOC115131238",130.432729253297,0.532580281342313,0.160488794576536,3.31925417409953,0.000902582342846649,0.0194392467576794,"alpha-taxilin-like","gonad"
"LOC115145617",1888.46947619095,0.53213304593848,0.154908974104598,3.43538412485916,0.000591714452169717,0.0150118242428467,"high mobility group protein B2-like, transcript variant X2","gonad"
"LOC115118723",326.665635302896,0.531291215080984,0.14033677957174,3.78616077342532,0.000152992709588965,0.00748838391380655,"eukaryotic translation initiation factor 3 subunit J-A-like","gonad"
"LOC115107129",134.142464520553,0.530719544296731,0.149496116082697,3.55064790276749,0.000384284145976417,0.0117711121184615,"diphosphoinositol polyphosphate phosphohydrolase 3-beta-like","gonad"
"mrpl35",94.8991988368335,0.530550804642269,0.17290042882103,3.0696752114707,0.002142916691942,0.0319178989447368,"mitochondrial ribosomal protein L35","gonad"
"psmg1",138.621314019358,0.530276421288322,0.179273115801641,2.95954474433403,0.00308093957906656,0.0397669437299898,"proteasome assembly chaperone 1, transcript variant X2","gonad"
"LOC115103264",102.728863659586,0.530057348651973,0.176442161300511,3.0055055883395,0.00265139723917428,0.0365796111507965,"DET1- and DDB1-associated protein 1-like","gonad"
"LOC115117972",65.1473661101399,0.529969593240402,0.146804229647155,3.60992651174593,0.000306283767444389,0.0104922416636233,"uncharacterized LOC115117972","gonad"
"LOC115143992",53.1864555308774,0.529908521906562,0.185992205481275,2.8514294739698,0.00435231400481098,0.0486621399706661,"cytochrome c oxidase assembly protein COX19","gonad"
"LOC115115370",115.023092074993,0.529506808483469,0.169879935392378,3.11738527483272,0.00182462947736798,0.0292713938148245,"retinol dehydrogenase 7-like, transcript variant X1","gonad"
"LOC115139194",269.111851400571,0.529464637400647,0.164712508533781,3.21496203461487,0.00130461775510651,0.0239092064159742,"peptidyl-prolyl cis-trans isomerase FKBP3-like, transcript variant X1","gonad"
"LOC115144978",469.323472485082,0.52927616233104,0.13329311851633,3.97093272268049,7.1591795819279e-05,0.00500105264007145,"inhibitor of growth protein 5-like","gonad"
"ppie",71.3729138827749,0.529061335655391,0.177460676577421,2.98235815410118,0.00286037161103704,0.0381402586135447,"peptidylprolyl isomerase E","gonad"
"LOC115132932",226.926716896936,0.528608996933523,0.163762633721049,3.22875357954206,0.00124330976860464,0.0233780372014191,"grancalcin-like","gonad"
"LOC115130773",319.107168278711,0.528431086549992,0.151008709725445,3.49974119607095,0.000465710070129765,0.0130343743245688,"nucleophosmin-like","gonad"
"mrpl28",153.052443528947,0.527632969964218,0.139736113308041,3.77619108602215,0.000159244841550434,0.00749762792646944,"mitochondrial ribosomal protein L28","gonad"
"LOC115146407",224.129220421053,0.527352504228419,0.157866706250242,3.34120683688071,0.000834150561093877,0.0185709651462218,"akirin-2-like, transcript variant X1","gonad"
"LOC115122703",139.097348309099,0.527098259935877,0.183315169459791,2.87643194309336,0.00402198916345211,0.0464909052797379,"pyridoxal phosphate homeostasis protein-like, transcript variant X1","gonad"
"LOC115144421",440.004920306092,0.52605940169423,0.18068467665041,2.91249386530316,0.00358555243352489,0.0438379057125104,"mitochondrial pyruvate carrier 1-like","gonad"
"LOC115111903",42.9802955566912,0.526020405030682,0.142251349841996,3.69577729381902,0.000219215072382513,0.00884693467819137,"scavenger receptor class F member 2-like, transcript variant X2","gonad"
"LOC115131303",499.936091045872,0.525395838232506,0.177965202353535,2.95315986207107,0.00314539028309306,0.0402734174752028,"cytochrome b-c1 complex subunit 7-like","gonad"
"cmpk2",89.8061283347141,0.525073311651847,0.213583446289736,-4.61561470933478,3.91933484739811e-06,0.0015792623458439,"cytidine/uridine monophosphate kinase 2","gonad"
"LOC115118661",22.1594651277217,0.525021444539814,0.175012364957106,2.99941256422975,0.00270500750626491,0.0370437340637286,"zinc finger protein OZF-like","gonad"
"LOC115139203",34.7833414889026,0.524572322049641,0.137609400376091,3.80953465075087,0.000139228593816211,0.00720180726304026,"CLOCK-interacting pacemaker-like","gonad"
"LOC115128712",114.001970129582,0.524400259734009,0.129731491710944,4.04210255706741,5.29740525557553e-05,0.00436590695038226,"src-like-adapter","gonad"
"LOC115135747",23.1646835998368,0.524281746574658,0.175955330967228,2.97930541387835,0.00288902659954596,0.0383626498917444,"adrenodoxin-like","gonad"
"LOC115110339",214.471275469564,0.52415045986883,0.156491069365649,3.35011597318213,0.00080777732213941,0.0182077914698381,"SUMO-conjugating enzyme UBC9-B, transcript variant X3","gonad"
"LOC115142016",596.267730742837,0.523005875293808,0.171282269226506,3.05413347063512,0.00225711637027189,0.0331823520798837,"cytochrome c oxidase subunit 6B1-like","gonad"
"LOC115141460",291.563516471009,0.522949572530819,0.150485912722746,3.4752557678701,0.00051036649070657,0.013751836184191,"probable signal peptidase complex subunit 2","gonad"
"LOC115112261",83.8605856112526,0.522843963256462,0.1194350681717,4.37626620061744,1.2072955774462e-05,0.00218255135740007,"myotubularin-related protein 10-like","gonad"
"LOC115136381",195.956760705901,0.522470158082094,0.173357256216141,3.0149321061617,0.00257036786107485,0.0360089497574652,"mitochondrial fission 1 protein-like","gonad"
"LOC115113383",122.356973740666,0.522180872703387,0.134213173468326,3.89074195775499,9.99381674339786e-05,0.00604096165010732,"protein FAM204A-like, transcript variant X2","gonad"
"LOC115106194",32.3311491274017,0.521850451751768,0.159239709511343,3.27529033688956,0.00105553432094255,0.0212936457011476,"putative nuclease HARBI1","gonad"
"cope",425.985933408795,0.521731384619748,0.159765312109408,3.26605120715558,0.00109058526205466,0.0215753019183465,"coatomer protein complex subunit epsilon","gonad"
"lg22hxorf56",177.693746106978,0.52164236965716,0.156462546038007,3.33436152431385,0.000854954580911886,0.018860942127626,"linkage group 22 CXorf56 homolog","gonad"
"LOC115133216",582.613670627003,0.521024001959541,0.139630693987453,3.73163170438959,0.000190243502735245,0.00822283478254195,"ADP-ribosylation factor 4","gonad"
"LOC115137909",100.401901027512,0.520357330286473,0.172866197882966,3.01083807076636,0.00260527748059552,0.0362185435970079,"ER membrane protein complex subunit 4-like, transcript variant X2","gonad"
"LOC115104137",65.0736915544693,0.520174990340897,0.176587828078918,2.9464584901131,0.00321435558619595,0.0408682353102056,"coiled-coil domain-containing protein 43-like","gonad"
"LOC115124141",27.1212771831125,0.520106216878892,0.177953302685727,2.92356477470206,0.00346048217589592,0.0430037743912158,"rho-related GTP-binding protein RhoG-like","gonad"
"LOC115113538",162.919160229971,0.520092246720935,0.156975484676961,3.31411355592565,0.000919341626402147,0.0196454781985307,"origin recognition complex subunit 6-like","gonad"
"LOC115131912",789.073093555577,0.519927193470568,0.161857416781127,3.21258008334674,0.001315484681864,0.0239868556179422,"prostaglandin E synthase 3-like, transcript variant X1","gonad"
"LOC115143168",196.634761756021,0.519559938000944,0.146037787704694,3.55831623467219,0.000373239783086964,0.011564063996121,"5'-AMP-activated protein kinase subunit gamma-1-like","gonad"
"LOC115111622",630.015290839336,0.518459790378426,0.159334845145597,3.25436919171289,0.00113644483307001,0.022078728948186,"26S proteasome non-ATPase regulatory subunit 9-like","gonad"
"trappc6b",61.4953508771111,0.518371837334029,0.154492302262179,3.35670319646664,0.000788777370484892,0.0179497325257739,"trafficking protein particle complex 6B, transcript variant X1","gonad"
"LOC115132376",15.9246808488947,0.517853177235567,0.179269703225097,2.88820909610406,0.00387442223292251,0.0455891186396248,"solute carrier family 52, riboflavin transporter, member 3-A-like, transcript variant X1","gonad"
"LOC115141104",321.776400214723,0.517793328550359,0.135760489369377,3.81438143502596,0.000136524462936883,0.0071626947472372,"RNA-binding protein 8A, transcript variant X2","gonad"
"LOC115109157",36.6785497353902,0.517305772138418,0.167093024526489,3.09638174186723,0.00195897984315374,0.0306086385820131,"solute carrier family 35 member E1-like","gonad"
"LOC115108938",594.31323758735,0.517023624754662,0.108395839202781,4.76971620665899,1.84485640063364e-06,0.00108049073580337,"eukaryotic translation initiation factor 4 gamma 2-like","gonad"
"LOC115103064",113.675077326726,0.516983737658852,0.138452466953143,3.73307491983156,0.000189156300113416,0.00821608082502197,"DENN domain-containing protein 4B-like, transcript variant X1","gonad"
"LOC115111831",695.918832556874,0.516692608292948,0.174664517765295,2.95884275775453,0.00308796622345752,0.0397907130965895,"small integral membrane protein 15, transcript variant X1","gonad"
"LOC115142238",14.067681512363,0.516575613815432,0.171642357530796,3.00557064983198,0.0026508300646292,0.0365796111507965,"PHD finger protein 1-like","gonad"
"lg18h15orf41",28.1819265475094,0.516478159710216,0.162795968997823,3.16957865758828,0.00152660132142967,0.0260601987098697,"linkage group 18 C15orf41 homolog, transcript variant X1","gonad"
"cops6",233.626289442369,0.515635384643141,0.153865630030214,3.35188946361933,0.000802620578716259,0.0181474212044488,"COP9 signalosome subunit 6","gonad"
"LOC115112951",238.533567652192,0.515311048707991,0.145770652999273,3.53509239974122,0.000407632591417346,0.0122128338775138,"glycine N-acyltransferase-like, transcript variant X4","gonad"
"LOC115133217",311.517590083572,0.515167626665851,0.157514307087117,3.27110548014648,0.00107127945254274,0.0215156523676615,"V-type proton ATPase subunit F","gonad"
"LOC115105473",48.4253341159984,0.515051519224772,0.14584672025634,3.53019630347413,0.00041525144219927,0.0123798114689162,"E3 ubiquitin-protein ligase CBL-like","gonad"
"LOC115102929",190.220671100234,0.514505310950598,0.137707563998566,3.73565402886604,0.000187227935092515,0.00815182347611437,"NPC intracellular cholesterol transporter 1-like","gonad"
"LOC115147170",555.290132401046,0.514309224959856,0.157371668307215,3.26848867080554,0.00108123506044809,0.0215753019183465,"V-type proton ATPase subunit G 1-like","gonad"
"LOC115109934",19.6294183409904,0.514226546881359,0.159459916691846,3.2223519207936,0.00127142866580547,0.0236759578013991,"rho GTPase-activating protein 15-like, transcript variant X3","gonad"
"plp2",321.161522416891,0.514013212110247,0.173986834626066,2.95517824502271,0.00312488454997495,0.0400805317743154,"proteolipid protein 2","gonad"
"LOC115144144",108.685120175687,0.513937601638049,0.143377049422135,3.58410051072142,0.000338241825300287,0.011005588853319,"growth arrest-specific protein 7-like, transcript variant X2","gonad"
"LOC115128481",469.426743734466,0.513417946375623,0.171216706330483,2.99913822743818,0.00270744443550923,0.0370437340637286,"cytosolic non-specific dipeptidase-like","gonad"
"LOC115110442",109.357777645819,0.513302751364455,0.168956020995439,3.03975837075565,0.00236768020709145,0.0340986734823224,"trafficking protein particle complex subunit 5-like, transcript variant X1","gonad"
"LOC115135474",214.962198482666,0.513271127818693,0.155577242828682,3.29954774507786,0.000968407528527683,0.0203735887461745,"protein CXorf40A-like","gonad"
"LOC115111393",13.4181481701815,0.513172711809323,0.179513706720587,2.85346663907747,0.00432450682118657,0.0484964458588409,"ras-related protein Rab-27B-like","gonad"
"LOC115133349",472.915658566119,0.512188413570414,0.1382947313563,3.70383242853141,0.000212366570224489,0.00868407083107166,"ER membrane protein complex subunit 4, transcript variant X2","gonad"
"LOC115103322",1446.11169425595,0.511743495791742,0.175324886090842,2.9194198255091,0.00350683588078505,0.0434015761769144,"profilin-2-like, transcript variant X2","gonad"
"LOC115111026",88.428837778894,0.511076978389772,0.172786211245389,2.95946460455881,0.00308174101278341,0.0397669437299898,"transmembrane protein 230-like","gonad"
"LOC115146198",83.3895624274876,0.510626883584375,0.151415970434831,3.3725528342583,0.000744747963211642,0.0174472826065427,"ADP-ribosylation factor 6-like","gonad"
"LOC115116375",497.929295796466,0.510472303176176,0.151494552362466,3.36983359949032,0.000752135879801905,0.0175497902621226,"NADH dehydrogenase [ubiquinone] 1 alpha subcomplex subunit 13-like","gonad"
"LOC115102521",123.797434216589,0.510347996275214,0.150202585385751,3.3977424715575,0.000679443472718583,0.0164699274908927,"probable Bax inhibitor 1, transcript variant X2","gonad"
"LOC115113789",277.118975205808,0.509609431346687,0.171850622062675,2.96606097840016,0.00301640676098896,0.039202491877248,"signal peptidase complex catalytic subunit SEC11A-like","gonad"
"LOC115139151",204.753865808168,0.509224073248816,0.176251967698989,2.89019160682049,0.00385007081998147,0.0454608458311761,"calmodulin","gonad"
"plekhj1",183.174048747024,0.508886363144061,0.16991562797039,2.99604623782508,0.00273504958365228,0.0373084599855678,"pleckstrin homology domain containing J1","gonad"
"nrm",26.1110985401794,0.508379730045282,0.177410669691342,2.86500748010277,0.00416999391906764,0.0474527240457833,"nurim","gonad"
"LOC115145306",373.989924813289,0.508305620628617,0.136224314467072,3.73106701400215,0.000190670491487671,0.00822283478254195,"influenza virus NS1A-binding protein homolog A-like, transcript variant X1","gonad"
"LOC115146028",125.976235557051,0.50797195249789,0.162467851563472,3.12698328783136,0.00176609966374842,0.028754066215286,"EH domain-containing protein 4-like","gonad"
"LOC115112349",34.4128484630244,0.507554282858933,0.159583343155482,3.17834663652729,0.00148117553721966,0.0257095822693691,"tyrosine-protein kinase Fes/Fps-like, transcript variant X1","gonad"
"LOC115102029",2452.08136173695,0.506724008693902,0.173963776437534,2.91328285956138,0.00357650475164495,0.0437567522040874,"60S ribosomal protein L32-like","gonad"
"LOC115106983",110.678559738431,0.506219521687012,0.171005372412033,2.96165946589728,0.00305985997131044,0.0395689584324162,"electron transfer flavoprotein regulatory factor 1, transcript variant X2","gonad"
"LOC115124087",69.6759231266077,0.505757696347185,0.151994540751575,3.32856626182258,0.000872942367318516,0.0190897328682127,"programmed cell death protein 10-B, transcript variant X2","gonad"
"mtres1",77.2181227276282,0.505678262386762,0.177096352682452,2.85702506479336,0.00427632067795642,0.0481493173304876,"mitochondrial transcription rescue factor 1, transcript variant X1","gonad"
"LOC115146256",279.15431567147,0.505667581556133,0.174612061859346,2.89660789551622,0.00377220902644821,0.0449397815513082,"GTP cyclohydrolase 1 feedback regulatory protein","gonad"
"LOC115138312",65.5042075354281,0.505627425118695,0.152218400879614,3.32286431758505,0.000890982406232228,0.0192579482947052,"akirin-2-like","gonad"
"LOC115143008",159.077408798814,0.505096656401507,0.141469490778851,3.57096894521266,0.000355663066929397,0.0112498582633626,"golgin subfamily A member 7-like, transcript variant X2","gonad"
"LOC115129375",222.152287009028,0.50503457032035,0.151544357522383,3.33278187481103,0.000859823236448516,0.018899456030217,"plastin-2-like","gonad"
"LOC115141601",35.4517647175917,0.505005472627919,0.153976151061937,3.27930239254938,0.00104064061845834,0.0210904820855749,"uncharacterized LOC115141601","gonad"
"LOC115107577",204.179746954913,0.50493537146033,0.166278217611101,3.03765156685368,0.00238429466984228,0.0341667356161456,"uncharacterized protein DDB_G0271670-like, transcript variant X1","gonad"
"LOC115133160",53.5157805224811,0.50491666112568,0.157994215429079,3.19353298955789,0.00140543278169854,0.024773822897591,"phosphatidylinositol 4,5-bisphosphate 3-kinase catalytic subunit gamma isoform-like, transcript variant X1","gonad"
"LOC115145795",43.9234669935409,0.504600097510828,0.152821504469291,3.30203416323095,0.00095986378558134,0.0202561038259788,"melatonin receptor type 1A-A","gonad"
"nudcd2",96.4524212683903,0.504011484772819,0.177338407591174,2.84344873678721,0.00446281879233228,0.0495274682112377,"NudC domain containing 2","gonad"
"LOC115119110",53.7353019868793,0.503888051738155,0.169218514848941,2.98002143798213,0.0028822821115329,0.0383094538923801,"mitochondrial inner membrane protease ATP23 homolog","gonad"
"LOC115129842",415.088011867572,0.503691159376444,0.176737452707721,2.8506868520844,0.00436249099694514,0.0487077958321743,"histone deacetylase complex subunit SAP18-like","gonad"
"LOC115139660",49.9486372975391,0.503351762571909,0.177215613198848,2.84189557303208,0.00448461783666521,0.0496480008795692,"H2.0-like homeobox protein, transcript variant X3","gonad"
"LOC115117362",44.6353383055691,0.503309587403892,0.163800428620153,3.07359012206022,0.00211499795092397,0.0317122921188483,"tyrosine-protein phosphatase non-receptor type 18-like, transcript variant X2","gonad"
"LOC115128415",67.0296881643906,0.503174306429063,0.16746375777712,3.00328498976817,0.00267082196604153,0.0367359421329167,"ectonucleotide pyrophosphatase/phosphodiesterase family member 2-like, transcript variant X2","gonad"
"LOC115145942",265.957215992264,0.503000495837878,0.136241662225875,3.69229995557398,0.000222235132526249,0.00892677227023579,"trifunctional enzyme subunit alpha, mitochondrial-like","gonad"
"LOC115137482",412.769482414688,0.502852177625729,0.172872246991632,2.90949053290156,0.00362018350907859,0.0439349762748374,"signal peptidase complex subunit 3","gonad"
"LOC115113101",37.7720924042238,0.502548056830522,0.212617843225894,-4.04185240093517,5.30306100799667e-05,0.00436590695038226,"interferon-induced protein with tetratricopeptide repeats 5-like, transcript variant X2","gonad"
"LOC115117273",337.874395917104,0.502003429449343,0.150548796605197,3.33504593025183,0.000852853114087592,0.0188604155168993,"eukaryotic translation initiation factor 3 subunit J-A-like","gonad"
"LOC115118597",814.963143705283,0.501796597212711,0.146947773528753,3.41498399049665,0.000637857604963926,0.0158209599395151,"nascent polypeptide-associated complex subunit alpha-like, transcript variant X1","gonad"
"LOC115141548",95.9151094586987,0.50172981269643,0.163825096866421,3.0623266285773,0.00219623658543661,0.0325509154654588,"flavin reductase (NADPH)-like, transcript variant X2","gonad"
"psmg4",106.087572566353,0.501270503768391,0.138033224023215,3.63212634558606,0.000281095426514003,0.0100266572962441,"proteasome assembly chaperone 4","gonad"
"LOC115102138",143.181263161796,0.500924168322279,0.161713765061115,3.098223732258,0.00194684392206518,0.030474223428397,"prostaglandin E synthase 3-like","gonad"
"LOC115119134",577.403818269177,0.500664192291263,0.149796964720153,3.3422911526723,0.000830898560307076,0.0185329167824758,"glutathione-specific gamma-glutamylcyclotransferase 1-like","gonad"
"LOC115143101",324.479353406777,0.500533421824506,0.121188888468144,4.12979539993461,3.63086210587833e-05,0.0037308121330766,"extended synaptotagmin-1-like","gonad"
"LOC115135950",143.900406937276,0.500507604751589,0.165949264096566,3.01697640169778,0.00255309686522243,0.0359055202827099,"membrane-associated progesterone receptor component 1-like","gonad"
"LOC115109576",34.272539322933,0.500101364892591,0.155295507477135,3.21989420698239,0.00128237912030772,0.0237580360288847,"thromboxane-A synthase-like","gonad"
"LOC115145288",972.627559059077,0.499749269241313,0.17043060238403,2.93278098731741,0.00335940779449035,0.0421058997444737,"cytochrome c oxidase subunit 6C-1-like","gonad"
"LOC115105106",81.7254215412378,0.499009441458407,0.151453107030754,3.29428530679813,0.000986722896656339,0.0205724020142701,"B-cell receptor CD22-like, transcript variant X2","gonad"
"LOC115139615",894.07975541194,0.498239276526602,0.143152795215697,3.48070722421747,0.000500091808657417,0.0135920554227591,"guanine nucleotide-binding protein G(k) subunit alpha-like","gonad"
"LOC115140778",1177.16388030451,0.497565994803943,0.144578091279062,3.44161500957045,0.000578252597192945,0.0148078337865093,"retinol-binding protein 1-like, transcript variant X2","gonad"
"LOC115143330",22.4522464443781,0.497507696892135,0.159915453713047,3.10935510286054,0.00187496224255507,0.0298707784375453,"scm-like with four MBT domains protein 1, transcript variant X1","gonad"
"LOC115118739",23.3609642198371,0.497464807727906,0.200833997014164,-2.94906877131765,0.00318733041076933,0.0406384627373089,"uncharacterized LOC115118739","gonad"
"LOC115120542",46.0392153272745,0.497001151373543,0.142101371608442,3.49779605639756,0.000469119716337691,0.0131024968924508,"MFS-type transporter SLC18B1-like, transcript variant X1","gonad"
"ech1",89.6894869032581,0.496719869840005,0.153859093402459,3.22929265580061,0.00124096831799325,0.0233724281965616,"enoyl-CoA hydratase 1","gonad"
"LOC115134815",1272.03507002505,0.496598804918188,0.15225389678036,3.26183522403109,0.00110693466250245,0.0216956733049279,"zinc finger CCCH domain-containing protein 15-like","gonad"
"LOC115143118",137.489142373756,0.495639742507774,0.146129111051988,3.39203012977401,0.00069376810795245,0.0167166338544102,"la-related protein 4-like, transcript variant X1","gonad"
"LOC115102094",1795.7619289095,0.49563517237179,0.163213964807972,3.03702189709429,0.00238928098435383,0.0342111873437919,"phospholemman-like, transcript variant X2","gonad"
"tmem141",74.4585263063367,0.495559753423844,0.164891118420775,3.00677814687819,0.00264032379886871,0.0365265727974365,"transmembrane protein 141","gonad"
"LOC115113182",135.489553140344,0.495146093803087,0.172190359708253,2.87693700537022,0.00401555749692438,0.0464909052797379,"ubiquitin-conjugating enzyme E2 D4-like","gonad"
"LOC115130168",106.378157462284,0.494341412689524,0.159810111957361,3.09380944740083,0.00197604359111451,0.0307429712427378,"gamma-glutamyl hydrolase-like, transcript variant X1","gonad"
"LOC115105589",600.201604453797,0.494173046410818,0.169471070598751,2.91650650612776,0.00353975340534073,0.0436098257981119,"non-histone chromosomal protein HMG-14-like","gonad"
"LOC115143180",46.5867127495416,0.494011333225406,0.169412360541135,2.9157841107031,0.00354795911120323,0.0436427815874023,"integrin beta-7-like, transcript variant X2","gonad"
"LOC115141342",101.876960785865,0.493732835634434,0.15723464718853,3.13874508847927,0.00169672978344026,0.0279646378278676,"uncharacterized LOC115141342, transcript variant X1","gonad"
"LOC115144299",41.9868603791725,0.492840276516765,0.165815298263116,2.97228406867858,0.00295593052987258,0.0388480336253689,"rho GTPase-activating protein 27-like, transcript variant X2","gonad"
"LOC115103260",110.651783311825,0.492533645877454,0.150209320863523,3.27925459139755,0.00104081691719956,0.0210904820855749,"MARVEL domain-containing protein 2-like","gonad"
"LOC115108013",190.103638599458,0.492335375921866,0.169886616315341,2.89876379783252,0.0037463700757623,0.0447788644473603,"peptidyl-prolyl cis-trans isomerase FKBP1B, transcript variant X1","gonad"
"rai14",44.1524368066379,0.491997141619635,0.165570055258251,2.97302829935512,0.00294877262394551,0.0388234872637333,"retinoic acid induced 14, transcript variant X2","gonad"
"gnmt",613.060927899569,0.491670802698193,0.15758471764247,3.12032104035656,0.00180654031859157,0.0291292593466683,"glycine N-methyltransferase","gonad"
"mrpl51",114.081287344241,0.490801647418919,0.161272319627971,3.0441696739621,0.00233323505655974,0.0337370995455248,"mitochondrial ribosomal protein L51","gonad"
"LOC115129527",72.0355151340398,0.490054642613694,0.154459356556959,3.17346616799357,0.00150630455920182,0.025824802244446,"AP-1 complex-associated regulatory protein-like, transcript variant X3","gonad"
"LOC115146245",152.973995773056,0.489501139915537,0.158811815169739,3.08316430776536,0.0020481203799124,0.0313213834236536,"protein max-like, transcript variant X4","gonad"
"LOC115103209",1221.77140668235,0.488292991033119,0.156405779350587,3.12223406728121,0.00179484176463895,0.0290697119346876,"actin-related protein 2/3 complex subunit 5-like","gonad"
"LOC115143313",87.2682781501327,0.48797799583256,0.215095833095282,-4.55772725245964,5.17101275082144e-06,0.00177141334913045,"interferon-induced GTP-binding protein Mx1","gonad"
"timm10",51.4493835813772,0.487893849008445,0.164751421692063,2.96119865928705,0.00306444206542608,0.0396000072169935,"translocase of inner mitochondrial membrane 10","gonad"
"LOC115110677",133.763088762722,0.487509714894146,0.123514914082673,3.94749743218892,7.89723648202292e-05,0.0053104527988003,"UNC93-like protein MFSD11","gonad"
"LOC115135666",59.7110705878341,0.487193686635006,0.153799621668444,3.16856464935545,0.00153193674227574,0.0261162849697262,"FUN14 domain-containing protein 1A-like","gonad"
"hypk",302.754237533168,0.48717411213667,0.165914697943156,2.93691313806069,0.00331496940452966,0.0417962392421115,"huntingtin interacting protein K","gonad"
"LOC115122468",188.067461429958,0.486806330152459,0.133340412578274,3.65087671906493,0.000261346670799998,0.00962391618763769,"muscleblind-like protein 3, transcript variant X1","gonad"
"LOC115102380",1029.54807341676,0.486092844218883,0.153528061413668,3.16642865571261,0.0015432319672361,0.0262299325443514,"peptidyl-prolyl cis-trans isomerase FKBP1A-like","gonad"
"LOC115131613",4593.12712100703,0.486080214397395,0.151662770139492,3.2051582735163,0.00134988230618127,0.0243985094766311,"BOLA class I histocompatibility antigen, alpha chain BL3-7-like, transcript variant X2","gonad"
"LOC115106408",24.0432606279222,0.485905567367191,0.16864566210166,2.88338718953306,0.00393423534897265,0.0460028383683233,"rho GTPase-activating protein 22-like, transcript variant X1","gonad"
"LOC115126483",18.6705226937956,0.485888532504156,0.166589208587755,2.91137450190508,0.00359842430083386,0.043861985296749,"transcription factor 7-like 2, transcript variant X1","gonad"
"LOC115113653",395.597415590791,0.485642550305607,0.141373455936627,3.43525051437965,0.000592006287611711,0.0150118242428467,"disintegrin and metalloproteinase domain-containing protein 10-like, transcript variant X1","gonad"
"LOC115101971",96.0368109259668,0.48562984395105,0.108332958930577,4.48240775341447,7.38055495357673e-06,0.00203520483124677,"ETS domain-containing protein Elk-3-like, transcript variant X2","gonad"
"LOC115141857",147.394200520972,0.484544018926352,0.151632117071185,3.1961482021882,0.00139275553561533,0.0247183475118592,"vacuolar protein sorting-associated protein 26B-like","gonad"
"LOC115110565",132.763211909037,0.483932137434222,0.161440160369797,2.99832842196723,0.00271464962946645,0.0371138393618922,"transmembrane protein 205-like","gonad"
"LOC115120482",46.6664341984897,0.483624480655006,0.162207919162073,2.98205021623688,0.00286325030239378,0.0381402586135447,"cleavage stimulation factor subunit 3-like","gonad"
"LOC115112404",142.482011629431,0.483581473653563,0.146682003060498,3.29768362883201,0.000974859073997534,0.020425509612949,"toll-interacting protein-like","gonad"
"LOC115105320",12.6580881985852,0.483421720785078,0.167464216423963,2.88106679092832,0.00396331644486439,0.0462056726223946,"tripartite motif-containing protein 16-like","gonad"
"LOC115102897",23.1150440118192,0.483310990060338,0.168854926149151,2.86272315605776,0.00420017373547081,0.0476317016497239,"zinc finger protein 263-like, transcript variant X1","gonad"
"LOC115134268",50.5795463673371,0.482938205771637,0.147767282314086,3.26945395984998,0.00107755271507948,0.0215700629492647,"aminopeptidase N-like","gonad"
"LOC115111930",820.151706543362,0.482056051729517,0.166314902471756,2.89887471892329,0.00374504502448396,0.0447788644473603,"histone H2A.V","gonad"
"LOC115137038",102.617184087446,0.481731160590022,0.16536435770468,2.91343143298406,0.00357480333199938,0.0437567522040874,"phospholipase D3-like, transcript variant X2","gonad"
"LOC115130875",56.6246863632041,0.481643826997841,0.16126386662869,2.98619792959739,0.00282469750987077,0.0379048100437647,"multidrug resistance-associated protein 5-like","gonad"
"LOC115101940",398.677729793049,0.481342548380132,0.163298057811876,2.94823150518349,0.003195976283232,0.0407201020339369,"transmembrane emp24 domain-containing protein 4-like, transcript variant X1","gonad"
"ndufb3",672.817894690584,0.480946805888694,0.15910618811346,3.02319473589314,0.00250121233662306,0.0355004688286836,"NADH:ubiquinone oxidoreductase subunit B3","gonad"
"LOC115101354",71.1844935408339,0.480808696568473,0.153149757379015,3.14012582413121,0.00168875285383712,0.0279646378278676,"fermitin family homolog 3-like, transcript variant X2","gonad"
"LOC115132466",99.9502255381696,0.48053166908068,0.166800149652518,2.88218194870882,0.0039493161176403,0.0461117578340047,"fat storage-inducing transmembrane protein 2-like","gonad"
"LOC115108220",237.979122785712,0.480486452478264,0.163485637691101,2.9393580316617,0.00328892905930207,0.0415956665874524,"myeloid-derived growth factor-like","gonad"
"LOC115135777",123.717411197848,0.479972672677669,0.158834882659469,3.02310363039087,0.00250196548830014,0.0355004688286836,"diablo homolog, mitochondrial-like","gonad"
"LOC115105495",742.238709191845,0.479835960859239,0.165625507854536,2.89748068841865,0.00376172896680807,0.044903320921346,"membrane-associated progesterone receptor component 1-like","gonad"
"LOC115103125",92.6070982675694,0.478023923634716,0.124231721894791,3.84821593487291,0.00011898115699596,0.00655431940475721,"deubiquitinating protein VCIP135-like","gonad"
"LOC115105370",105.990084410744,0.476629974907102,0.165799897654972,2.87522605432089,0.0040373832742035,0.0466302358310679,"zinc finger protein ZPR1-like","gonad"
"id2",1454.65927844656,0.475004988676925,0.151844254946538,3.12845040464518,0.00175730665010022,0.0287179653818359,"inhibitor of DNA binding 2, transcript variant X2","gonad"
"pdk3",85.8826386422678,0.47447081586007,0.146332435053788,3.24329312861707,0.00118156580351228,0.0225593657587237,"pyruvate dehydrogenase kinase 3, transcript variant X1","gonad"
"LOC115125274",241.718890403228,0.474384457440515,0.150368739568661,3.15539850979844,0.00160279018173349,0.0268948785023597,"ER membrane protein complex subunit 3-like","gonad"
"LOC115140025",169.733319004957,0.473937644241227,0.157055666673057,3.0183560520101,0.00254150110061851,0.0357701503742865,"ubiquitin-like protein 4A-B, transcript variant X3","gonad"
"LOC115143250",77.6570024837749,0.473878625254549,0.161726993253636,2.93152619456335,0.00337300919147708,0.0422056201795023,"aflatoxin B1 aldehyde reductase member 4-like","gonad"
"cop1",104.901165579781,0.47382733541385,0.136869727803899,3.46244488994848,0.000535291525609501,0.0141466563885969,"COP1 E3 ubiquitin ligase, transcript variant X2","gonad"
"LOC115131583",858.430312221205,0.472850589518589,0.163434265454218,2.89331949787207,0.00381193321387135,0.0452500859648091,"tumor necrosis factor receptor superfamily member 11B-like","gonad"
"LOC115114485",131.756467113628,0.472592960568768,0.134580049224748,3.51223626300307,0.00044435278688355,0.0127870306457385,"pre-B-cell leukemia transcription factor 1-like, transcript variant X1","gonad"
"LOC115117581",68.4863331338907,0.47252200022861,0.161102549833574,2.93452216309727,0.00334061695057574,0.0419448418773535,"TCF3 fusion partner homolog, transcript variant X1","gonad"
"LOC115107806",50.8792664926671,0.472351072735296,0.16146158408221,2.92678049589142,0.00342490510473589,0.0427371663790961,"epoxide hydrolase 1-like","gonad"
"LOC115132384",61.5633005259821,0.471384978453648,0.156829204405825,3.00742160867395,0.00263474068531972,0.0365265727974365,"partner of Y14 and mago A","gonad"
"LOC115134057",644.006160369947,0.470643636844845,0.151725595845335,3.10226069736034,0.00192048749712371,0.0302676831577934,"V-type proton ATPase subunit E 1-like","gonad"
"LOC115130449",535.054580825371,0.470013543411848,0.135536175837456,3.46799980835693,0.000524347662532016,0.0138978922057391,"zinc finger CCCH domain-containing protein 15-like","gonad"
"LOC115141644",906.158041217224,0.468624671233975,0.149684482795384,3.13099430185186,0.0017421554077463,0.0284960122369745,"histone H3.3","gonad"
"LOC115103901",27.0767495002264,0.468493992507551,0.155013590787732,3.02057731185176,0.00252293289756449,0.0355440348415262,"SERTA domain-containing protein 2-like","gonad"
"LOC115113131",21.2370297231947,0.468294056027717,0.160919267232744,2.90813927523616,0.00363586369988598,0.0440378527919478,"heterogeneous nuclear ribonucleoprotein L-like, transcript variant X1","gonad"
"LOC115111637",503.304058600701,0.468208168147988,0.130397754162986,3.59075422997745,0.000329722439595366,0.0109042634121921,"MOB kinase activator 1A","gonad"
"LOC115112278",99.2504601930631,0.46807384406748,0.124986800452388,3.74418251982461,0.000180982059309474,0.00803062834590226,"transcription factor 12-like, transcript variant X6","gonad"
"LOC115103252",1556.95210648733,0.467852990138101,0.151728919050011,3.08365025069321,0.00204477827877965,0.0313213834236536,"calponin-2-like","gonad"
"LOC115141909",85.8271155626937,0.467480382902847,0.133259536999558,3.50780437990513,0.000451821154384508,0.0128779668430222,"Friend leukemia integration 1 transcription factor-like, transcript variant X2","gonad"
"LOC115101461",53.1523576365172,0.467436782111867,0.144794347401133,3.22833538339584,0.00124512899172573,0.0233780372014191,"phosphatidylinositol-binding clathrin assembly protein-like, transcript variant X1","gonad"
"LOC115105819",94.9012500354852,0.467377116115727,0.142422170688996,3.28218221528744,0.00103007018285086,0.0210110088258947,"transmembrane protein 120B, transcript variant X1","gonad"
"LOC115135087",386.674049249718,0.466610054544991,0.156016441417645,2.99119569282322,0.00277887349368386,0.037595549293088,"survival of motor neuron-related-splicing factor 30-like","gonad"
"nol7",166.359793590252,0.465436863435858,0.148424029849361,3.13612699349775,0.00171195055345444,0.0281796684030089,"nucleolar protein 7","gonad"
"LOC115125583",21.1296078421369,0.465220134209581,0.144306560937467,3.22154616312213,0.00127500920759994,0.0237183065299022,"zinc finger protein 501-like","gonad"
"LOC115107437",123.018819719889,0.465032509999785,0.161650584704415,2.87772221231594,0.00400557689597827,0.0464698109414578,"membrane magnesium transporter 1-like","gonad"
"LOC115102162",541.757260952146,0.464775831892891,0.141998057719296,3.27336933889414,0.00106273512228719,0.0214151152943909,"charged multivesicular body protein 4b-like","gonad"
"LOC115126333",378.040028408186,0.464458287012353,0.154258771373152,3.01120180743989,0.00260215846219705,0.0362029034786587,"transmembrane emp24 domain-containing protein 2, transcript variant X1","gonad"
"olah",38.2039249101299,0.46443820078186,0.150757978275652,3.0813821542806,0.00206042018446065,0.0313262510720951,"oleoyl-ACP hydrolase, transcript variant X1","gonad"
"LOC115105533",77.3175874339331,0.462813345357831,0.15224496606953,3.0396825298604,0.00236827645192821,0.0340986734823224,"cytospin-B-like, transcript variant X3","gonad"
"LOC115138107",228.511518673002,0.462389294471924,0.150825708227838,3.06545631418202,0.00217338125364408,0.0322810772298834,"nuclear factor 1 B-type-like, transcript variant X3","gonad"
"naxe",91.2771325722268,0.462009987653638,0.125170625673522,3.69112198912622,0.000223267019673095,0.00894842386133489,"NAD(P)HX epimerase","gonad"
"LOC115132348",1942.60175292731,0.461186086155011,0.156000763752196,2.95652310953666,0.00311128915444999,0.0400237516885935,"peptidyl-prolyl cis-trans isomerase FKBP1A-like","gonad"
"LOC115128647",157.806537844071,0.461029244286931,0.122526220783748,3.76309808312333,0.000167821343155941,0.00769435430893752,"zinc finger and BTB domain-containing protein 10-like","gonad"
"LOC115101848",36.324414103006,0.460495702429053,0.149162437161595,3.08605907252031,0.00202828522015079,0.031181665077949,"plexin A3-like","gonad"
"LOC115140758",275.544396443374,0.460468142182552,0.151554280178465,3.03862046307951,0.00237664064786277,0.0341108992905901,"tumor necrosis factor receptor superfamily member 1A-like, transcript variant X3","gonad"
"LOC115105469",203.605063461842,0.460059912459674,0.144362042612622,3.18712253032409,0.00143695885556975,0.0251828426464522,"derlin-2","gonad"
"LOC115105209",83.7655376133424,0.45970896485219,0.114346390650831,4.01954425403528,5.83108286015039e-05,0.00456332501762459,"RING finger protein 145-like","gonad"
"LOC115106384",52.7300241946681,0.458109361194401,0.153478851376737,2.98580052192107,0.0028283707555689,0.037926070486048,"zinc finger protein 501-like","gonad"
"LOC115118002",43.9438070991265,0.457943370766865,0.154509796647502,2.96374063301296,0.00303924333396245,0.0394428177065205,"RNA-binding protein 12B-A-like","gonad"
"tmlhe",80.7550571168327,0.457733313133626,0.145850501210447,3.13867535907194,0.00169713354929216,0.0279646378278676,"trimethyllysine hydroxylase, epsilon, transcript variant X1","gonad"
"LOC115146928",64.5338094283408,0.457208497987141,0.212930982707778,-3.1264161028136,0.00176950985656148,0.028754066215286,"protein mono-ADP-ribosyltransferase PARP14-like","gonad"
"LOC115139988",66.4916876644219,0.457023906478675,0.13166454928709,3.47087454806801,0.000518766301300794,0.0137700598924228,"U5 small nuclear ribonucleoprotein 200 kDa helicase-like","gonad"
"LOC115109216",261.802984305667,0.456037801375762,0.158194882603518,2.88333237997234,0.00393492002566678,0.0460028383683233,"ras-related protein Rab-8A-like","gonad"
"LOC115141006",119.865183072072,0.456002344157446,0.154642287487732,2.94920661494994,0.00318590903958241,0.0406384627373089,"protein DEK-like, transcript variant X2","gonad"
"LOC115132318",133.4382676159,0.455808695979861,0.144797703604391,3.14885400609548,0.00163912060396738,0.0273026364088365,"cell division control protein 42 homolog, transcript variant X3","gonad"
"LOC115128279",293.275602355455,0.455683861587088,0.127207914886449,3.5823744795925,0.000340485229738268,0.0110390175555857,"sialidase-1-like","gonad"
"LOC115111778",37.7377054822008,0.45552005911632,0.160346416950314,2.83936208279563,0.0045203831184415,0.0498435875094597,"rho GTPase-activating protein 25-like","gonad"
"vamp8",108.339996459367,0.455254793749525,0.143900840833551,3.1636601890475,0.00155798586531922,0.0264035799327087,"vesicle associated membrane protein 8","gonad"
"LOC115144937",81.3936190599564,0.455086910433163,0.146843162270062,3.09951112752713,0.00193840296370203,0.0304443289004966,"AN1-type zinc finger protein 5-like","gonad"
"LOC115106138",53.3962247969041,0.454663358838074,0.129518538835822,3.50934112109974,0.000449218354528381,0.0128779668430222,"SCY1-like protein 2","gonad"
"hacd1",52.4718572908363,0.453504156960308,0.158952985168264,2.85140250953422,0.0043526831522561,0.0486621399706661,"3-hydroxyacyl-CoA dehydratase 1","gonad"
"LOC115132071",538.814357855917,0.453149166358442,0.152672383110549,2.96846149825905,0.00299294594807278,0.0390738907925679,"dynein light chain Tctex-type 3-like","gonad"
"LOC115141831",86.2848773408588,0.452965298301556,0.151567344415337,2.98966022121726,0.00279287930857201,0.0377288070881202,"glyoxalase domain-containing protein 4-like","gonad"
"LOC115104166",136.076166649077,0.452880661315215,0.11966807019013,3.78458392714414,0.000153965944515723,0.00748838391380655,"protein tweety homolog 3-like, transcript variant X1","gonad"
"srp19",235.498722124839,0.45231824510755,0.150819081505655,2.99963147799064,0.00270306433686336,0.0370437340637286,"signal recognition particle 19","gonad"
"LOC115132157",59.6527951107141,0.452215275935001,0.152476700912202,2.96716457964876,0.00300560026615794,0.039146110783618,"ADP-ribosylation factor-like protein 8A","gonad"
"LOC115103317",53.9303490633662,0.449432939295741,0.155691021455193,2.88666904048652,0.0038934353857917,0.0456850290887169,"ephrin type-B receptor 3-like","gonad"
"LOC115109490",43.0621353470655,0.448878245044433,0.14415076495915,3.11393054075171,0.00184612944963273,0.0294796185466419,"nuclear factor of activated T-cells 5-like, transcript variant X2","gonad"
"LOC115135940",240.274487741284,0.447705825002756,0.149916223584113,2.98670433666402,0.00282002309323085,0.0378700734324699,"nucleolar protein 16-like","gonad"
"LOC115145368",571.415887918826,0.447606523868672,0.152616902125846,2.93312996063441,0.00335563396508445,0.0421042780028149,"non-specific lipid-transfer protein-like, transcript variant X2","gonad"
"nudt7",52.0279260364709,0.447425973899173,0.153894379400914,2.90834039425215,0.00363352598000644,0.0440378527919478,"nudix hydrolase 7, transcript variant X1","gonad"
"LOC115138465",263.79109677024,0.446224680841793,0.139549694216715,3.1973937611631,0.00138675483295374,0.02466582139651,"bcl-2-modifying factor-like","gonad"
"LOC115102537",525.055393209571,0.446109898931575,0.11125857007124,4.00969514935279,6.07971888865123e-05,0.00463795698077108,"chromobox protein homolog 5-like","gonad"
"nit1",100.562583363683,0.446028491772272,0.157186587744714,2.83878618022105,0.00452854909471905,0.0498435875094597,"nitrilase 1","gonad"
"bcap29",189.588051643235,0.445987787705629,0.132367701904338,3.36952082531258,0.000752990009594265,0.0175497902621226,"B cell receptor associated protein 29","gonad"
"LOC115105673",112.291883565669,0.444693056879713,0.154375416095574,2.88080146411282,0.00396665413929164,0.0462056726223946,"sodium channel subunit beta-4-like, transcript variant X1","gonad"
"LOC115127937",288.809654632536,0.44458395170917,0.154557338945057,2.87700370400283,0.00401470882798458,0.0464909052797379,"60S ribosomal protein L30-like","gonad"
"LOC115101039",56.9071688948424,0.442691274307872,0.130567836254393,3.39037416537048,0.000697972890938367,0.0167846302091086,"centrin-3","gonad"
"LOC115102427",239.676587780315,0.441743047817646,0.135169444270102,3.26810513394099,0.00108270138963867,0.0215753019183465,"citrate synthase, mitochondrial-like","gonad"
"LOC115119017",137.712656709174,0.441715252934714,0.143545717391657,3.07738860769969,0.00208822869488807,0.031510734131549,"vesicular integral-membrane protein VIP36-like, transcript variant X2","gonad"
"LOC115142364",660.658910116742,0.441073490399952,0.138951735125949,3.17444081661839,0.0015012550268162,0.025824802244446,"rho guanine nucleotide exchange factor 3-like","gonad"
"LOC115103687",251.372954532041,0.440644822832318,0.138332939240132,3.1854525091171,0.00144527823143565,0.0252798377359785,"ras and Rab interactor 2-like, transcript variant X1","gonad"
"LOC115144429",303.82694255905,0.440358793620721,0.133243937195617,3.30516920280052,0.000949190779666844,0.0201326025649897,"vacuolar protein sorting-associated protein 26A-like","gonad"
"LOC115107474",265.788512249308,0.4397733842885,0.150820950379492,2.91601898326604,0.00354528929180114,0.0436395066996214,"protein FAM89A-like","gonad"
"LOC115135866",1216.42094196594,0.438593503951204,0.153273545208916,2.86173290404524,0.00421331810852024,0.0477394492458135,"non-histone chromosomal protein HMG-14-like","gonad"
"LOC115147158",63.0173520550457,0.436330287972891,0.146994736855492,2.96829735435347,0.00299454484498716,0.0390738907925679,"microtubule-associated serine/threonine-protein kinase 3-like, transcript variant X1","gonad"
"LOC115136712",99.2595681361377,0.436101553630774,0.151644383156308,2.87640353548139,0.00402235119507264,0.0464909052797379,"vacuolar protein sorting-associated protein 26B-like","gonad"
"mrpl48",152.507550579698,0.435616376751977,0.132916949162012,3.2777588151683,0.00104634757645271,0.021155330287389,"mitochondrial ribosomal protein L48","gonad"
"LOC115137643",112.050501586515,0.435316031116048,0.150690760325713,2.88991131040163,0.00385350527286738,0.0454608458311761,"transmembrane protein 199-like","gonad"
"LOC115138057",117.677903184256,0.434739868869904,0.152222337187016,2.85672879885865,0.00428031387929942,0.0481495531552419,"mitochondrial fission 1 protein-like","gonad"
"LOC115144868",54.2077770737976,0.43459815948702,0.15026213728672,2.89242037720077,0.00382286066321035,0.0453053904707879,"NUAK family SNF1-like kinase 1","gonad"
"cops3",278.910106540116,0.434348377184288,0.129560115856412,3.35288239142542,0.000799746818583685,0.0181049915688346,"COP9 signalosome subunit 3","gonad"
"LOC115142908",373.982151745154,0.434343429690782,0.110235183156804,3.94038676782103,8.13503430076123e-05,0.00537167462330539,"synaptophysin-like protein 1","gonad"
"LOC115126126",56.4148754204787,0.434199551536657,0.1425299271165,3.04569066259739,0.00232146539224821,0.0336918670356982,"nck-associated protein 1-like","gonad"
"LOC115110513",382.186540562373,0.433597871086178,0.134919709153016,3.21408400944342,0.00130861379993825,0.0239169996268802,"DNA-directed RNA polymerases I, II, and III subunit RPABC2","gonad"
"LOC115113497",176.795879028116,0.43346648545332,0.119605255941413,3.62422701436771,0.000289826956762604,0.0101389553880559,"autophagy-related protein 13-like, transcript variant X2","gonad"
"LOC115143302",35.9084337105263,0.432840250846064,0.150339435281014,2.87890966512898,0.00399052621026464,0.0463544426574311,"serine/threonine-protein kinase Nek4-like, transcript variant X3","gonad"
"LOC115141755",300.597199536744,0.432821874999895,0.103829527705389,4.16828550215066,3.06899377928797e-05,0.00345486080624845,"tripartite motif-containing protein 3-like","gonad"
"isca2",242.07943140601,0.432763423039259,0.140097920086618,3.08959844588866,0.00200427271230236,0.030943516466464,"iron-sulfur cluster assembly 2, transcript variant X1","gonad"
"LOC115111291",102.44144916003,0.432319543092273,0.143893345765104,3.00443898349744,0.00266071121124838,0.0366246192201861,"nucleolar protein 6-like","gonad"
"LOC115113376",336.025027557,0.431477590439587,0.116260208619042,3.71143772085823,0.00020608537625024,0.00850383202545307,"transmembrane 9 superfamily member 3-like","gonad"
"wdr61",131.320061817123,0.429969353534271,0.139361040958123,3.08567622724509,0.00203089835358173,0.0311954234413113,"WD repeat domain 61, transcript variant X1","gonad"
"LOC115129293",155.751193212928,0.429659763315799,0.143725548294423,2.99005585256715,0.00278926440203229,0.0377080301439301,"COMM domain-containing protein 5-like","gonad"
"znf319",70.1862378297674,0.429307844438083,0.137783760408241,3.11615836380974,0.00183223847033763,0.0293610959112533,"zinc finger protein 319, transcript variant X2","gonad"
"ldah",73.5124443664558,0.429210861902834,0.138093881456159,3.1079046391611,0.00188418854296967,0.0299556280088943,"lipid droplet associated hydrolase","gonad"
"fosl2",189.558783604615,0.428844275788581,0.14911482239047,2.87637153985085,0.00402275898845937,0.0464909052797379,"FOS like 2, AP-1 transcription factor subunit, transcript variant X1","gonad"
"LOC115113214",86.0375906305604,0.428759128913401,0.135313908753672,3.16946253261491,0.00152721146878725,0.0260601987098697,"survival of motor neuron-related-splicing factor 30-like, transcript variant X1","gonad"
"LOC115110101",103.515935544991,0.427317371242791,0.134582180760633,3.17588865760735,0.00149378272839043,0.0257987546753684,"protein PET100 homolog, mitochondrial","gonad"
"LOC115146682",512.051824492005,0.426993468362712,0.14528075106876,2.93935131875776,0.00328900030201992,0.0415956665874524,"ATPase inhibitor B, mitochondrial-like","gonad"
"LOC115111647",375.49448911101,0.425832909557561,0.141388221099038,3.01173043044985,0.00259763164005345,0.0361676380803762,"transcobalamin-2-like","gonad"
"LOC115140452",171.602168497535,0.424614521034431,0.140587527636131,3.0205957556856,0.00252277924061337,0.0355440348415262,"glutaredoxin-related protein 5, mitochondrial-like","gonad"
"LOC115133836",304.75382870493,0.424557582676456,0.128776059551604,3.29721118837768,0.000976500459574782,0.020425509612949,"arrestin red cell-like","gonad"
"LOC115138553",121.928502955369,0.424168160723572,0.128845296704932,3.29270098618778,0.000992299456560502,0.0206607671253583,"charged multivesicular body protein 3, transcript variant X2","gonad"
"LOC115125262",285.075606052053,0.422832885323385,0.1323805937036,3.19413788758994,0.00140249111511746,0.0247681595263848,"zyxin-like, transcript variant X1","gonad"
"LOC115109223",491.199910161169,0.421812806902951,0.135962965299163,3.10260720236333,0.00191824058307462,0.0302585369472657,"cystinosin-like","gonad"
"LOC115136789",2181.14811408448,0.42148655437029,0.126404949284547,3.33444046337596,0.000854711953950804,0.018860942127626,"claudin-3-like","gonad"
"LOC115144424",301.778137276992,0.420399514688841,0.131358032722837,3.20014874317731,0.00137356681088927,0.024618439307508,"membrane-spanning 4-domains subfamily A member 15-like","gonad"
"LOC115136948",493.563243594442,0.420340908636115,0.145371100387386,2.89177389915508,0.00383073520569773,0.0453141161004891,"histone H3.3","gonad"
"LOC115105094",88.9458720220721,0.419643854303459,0.139151802173144,3.01550907214927,0.0025654826403108,0.035968264723925,"neuropilin-1a, transcript variant X3","gonad"
"LOC115140753",212.411928725931,0.419619855065761,0.146961203617881,2.85569451729912,0.00429428089834325,0.0482468836573763,"zyxin-like, transcript variant X2","gonad"
"LOC115110486",109.333923202641,0.419539037897777,0.117081497975939,3.58280147133511,0.000339928956065605,0.0110390175555857,"sterol regulatory element-binding protein 2-like, transcript variant X2","gonad"
"ubxn8",243.918130482829,0.418682145260049,0.147009409963232,2.84818287345431,0.00439696505795721,0.0489462278309449,"UBX domain protein 8","gonad"
"LOC115118440",138.202784565337,0.418447933252759,0.133803361719223,3.12796846463656,0.00176019065881662,0.02873922805888,"activated RNA polymerase II transcriptional coactivator p15-like","gonad"
"LOC115112389",31.3503400468831,0.418088908538656,0.136025925541991,3.07149188431975,0.00212991954137605,0.031801660520743,"forkhead box protein F1-like","gonad"
"LOC115106515",225.753960437206,0.418050112229975,0.147007600661728,2.84391235300842,0.00445633045511744,0.0494857099346252,"pleckstrin homology domain-containing family M member 1-like","gonad"
"LOC115125732",595.073113889422,0.417317878331411,0.143638971030448,2.9055668795224,0.00366588497265507,0.0442244568528409,"actin-related protein 2/3 complex subunit 3-B-like","gonad"
"LOC115132474",249.226478471555,0.415909405093248,0.144766148654645,2.87329872735545,0.00406209819038737,0.0467966083405286,"probable Bax inhibitor 1","gonad"
"plcg2",100.450908207864,0.41522566214177,0.144078942569554,2.88250819990584,0.00394522867401668,0.0460936755504805,"phospholipase C gamma 2","gonad"
"LOC115138487",39.4149459796505,0.415013656928755,0.144649836766035,2.86827470289327,0.00412717021051464,0.0472464705814021,"protein-arginine deiminase type-2-like, transcript variant X2","gonad"
"LOC115144010",184.813339690795,0.414072011921401,0.119250446410413,3.47169406797878,0.000517185360241096,0.0137607901637429,"anthrax toxin receptor 1-like","gonad"
"LOC115102447",690.699366693635,0.412267491334924,0.134472879994989,3.06589580477427,0.00217018927759724,0.0322702346634361,"C4b-binding protein alpha chain-like, transcript variant X2","gonad"
"LOC115139828",286.368476342989,0.412226792011905,0.126213751299745,3.26641581677808,0.00108918186568447,0.0215753019183465,"mothers against decapentaplegic homolog 2-like, transcript variant X2","gonad"
"LOC115144303",87.0954989799047,0.411712692685145,0.138192026078672,2.97892420158484,0.00289262324861192,0.0383626498917444,"protein phosphatase 1G-like, transcript variant X1","gonad"
"LOC115133984",24.4519260798967,0.41059738138671,0.143139034429683,2.86743055088661,0.00413819616616786,0.0472796479595952,"transcription initiation factor TFIID subunit 4-like, transcript variant X2","gonad"
"LOC115141877",44.5496130530497,0.410158227693025,0.140555101578683,2.91800823118731,0.00352275050663566,0.0435391818914071,"vacuole membrane protein 1-like, transcript variant X1","gonad"
"pcyox1",223.45878117318,0.409790651600843,0.130125661543965,3.14932096347532,0.00163650349378626,0.0272840747779462,"prenylcysteine oxidase 1","gonad"
"LOC115135971",161.394778642173,0.408844776911875,0.126945799024384,3.22040974522836,0.0012800749264724,0.0237412926625662,"3-methyl-2-oxobutanoate dehydrogenase [lipoamide] kinase, mitochondrial-like","gonad"
"srd5a3",72.97041876015,0.408225716517944,0.140009986861986,2.91644282611739,0.00354047605344883,0.0436098257981119,"steroid 5 alpha-reductase 3, transcript variant X1","gonad"
"LOC115139357",820.712402511421,0.407644898066957,0.124757417064731,3.26744988743693,0.00108521076885336,0.0215753019183465,"tumor necrosis factor receptor superfamily member 21-like","gonad"
"LOC115134982",84.9807014607231,0.407463831595802,0.140210720448584,2.90685494933231,0.00365082442889484,0.0441307379034718,"GTP-binding protein SAR1b-like, transcript variant X1","gonad"
"LOC115102875",216.147030166015,0.407448653102268,0.121443409768863,3.3550447193402,0.000793521556537044,0.0180315111145013,"far upstream element-binding protein 3-like, transcript variant X3","gonad"
"LOC115118033",497.539987639009,0.40726519344617,0.139960755144154,2.91012366506113,0.0036128577316807,0.0439044045778176,"small ubiquitin-related modifier 3-like","gonad"
"LOC115109066",71.7531570509418,0.406444008491466,0.141665763883838,2.86960036930121,0.00410990871298015,0.0471380306966946,"cytochrome b reductase 1","gonad"
"LOC115131525",50.6918979702724,0.406368499787092,0.142972123843187,2.84227781900752,0.00447924398658401,0.0496480008795692,"frizzled-1-like","gonad"
"LOC115110749",267.682954275382,0.404295022136313,0.095227918933246,4.245524593128,2.18082586276492e-05,0.00282821959745427,"signal transducing adapter molecule 2-like","gonad"
"LOC115113146",237.648869091988,0.404209868460643,0.126226742181686,3.20247635223396,0.00136251486418478,0.0244971819826295,"bcl-2-like protein 11","gonad"
"LOC115112141",255.289682746237,0.403769619422779,0.134943745089179,2.9925011443488,0.00276701629711559,0.037491005888381,"CKLF-like MARVEL transmembrane domain-containing protein 3","gonad"
"LOC115107198",47.5760691457714,0.403191332511882,0.138953619596667,2.90314087542965,0.00369440411503977,0.0444209278891801,"kelch-like protein 10","gonad"
"LOC115138513",92.2978919500054,0.402248610470306,0.183593366903631,-4.10216936675959,4.09294488115062e-05,0.00389177933144043,"signal transducer and activator of transcription 1-alpha/beta-like, transcript variant X1","gonad"
"LOC115106900",311.572700781373,0.402143811990203,0.119462255299199,3.36637430082734,0.000761632850220909,0.0175778087364822,"ADP-ribosylation factor 4","gonad"
"nfs1",455.579438872904,0.401066476948579,0.105085178643344,3.81642345504885,0.000135400053561366,0.00712557499263817,"NFS1 cysteine desulfurase, transcript variant X1","gonad"
"LOC115106839",215.991709757643,0.399453182515433,0.120631698003889,3.31161263989237,0.000927598885063367,0.0197670015929701,"uncharacterized LOC115106839, transcript variant X2","gonad"
"LOC115129370",222.940865748946,0.39864666592105,0.13604011258852,2.93055187931289,0.00338360489876888,0.0423090430730356,"V-type proton ATPase 116 kDa subunit a-like, transcript variant X2","gonad"
"LOC115118943",90.9517462847069,0.397801105879177,0.139510394152248,2.85108941929337,0.00435697148646004,0.0486801072665653,"cadherin-2-like","gonad"
"LOC115127474",127.722305488615,0.397650327803459,0.130607627067257,3.04503478456395,0.00232653400207243,0.0337115333931581,"protein ABHD13","gonad"
"LOC115133353",81.0761928257226,0.397473068142995,0.126296498776219,3.14753037892942,0.00164655995306081,0.0273763209778132,"E3 ubiquitin/ISG15 ligase TRIM25-like, transcript variant X3","gonad"
"LOC115103371",110.545319681664,0.396429388867885,0.138782644518956,2.85692708360194,0.0042776409371049,0.0481493173304876,"nuclear receptor-binding protein 2-like, transcript variant X2","gonad"
"LOC115137894",222.338308025101,0.394342590162566,0.128301809314425,3.07387827192765,0.00211295628023571,0.0317122921188483,"ankyrin repeat domain-containing protein 46-like, transcript variant X2","gonad"
"LOC115130820",86.954337279447,0.393653689820804,0.12951764270034,3.04008149242219,0.00236514143377815,0.0340986734823224,"peptidyl-prolyl cis-trans isomerase D-like","gonad"
"LOC115129300",83.8682940075113,0.392816158443367,0.1302963252493,3.01394840919401,0.00257871652761077,0.0360506581735276,"stress-70 protein, mitochondrial-like","gonad"
"LOC115125845",55.2027311948211,0.392176725485124,0.135030622422702,2.90421653766353,0.0036817342572182,0.0443188133540538,"T-cell acute lymphocytic leukemia protein 1 homolog","gonad"
"LOC115137949",132.260067763805,0.391158782506507,0.131908449420298,2.96608823931043,0.00301613939500351,0.039202491877248,"prefoldin subunit 2-like, transcript variant X1","gonad"
"LOC115138675",30.6730828877168,0.390261614132623,0.122252942797046,3.19024559275392,0.00142151936270763,0.0249613821930077,"zinc finger MYM-type protein 4-like","gonad"
"fuom",189.931286421535,0.390246985703013,0.112140790086084,3.47999820923117,0.000501417134074744,0.0135920554227591,"fucose mutarotase, transcript variant X1","gonad"
"LOC115141933",67.9977410212575,0.389138717161529,0.121671358780206,3.19813133407171,0.00138321269267322,0.02466582139651,"vascular endothelial zinc finger 1-like, transcript variant X7","gonad"
"LOC115140031",66.2379830662101,0.389119887518647,0.137037389682383,2.83963607570389,0.00451650273729402,0.0498435875094597,"glutamine--fructose-6-phosphate aminotransferase [isomerizing] 1","gonad"
"LOC115140940",299.321811843274,0.389000603908414,0.124908232855046,3.11451516033351,0.00184247488073362,0.0294471601536969,"epithelial discoidin domain-containing receptor 1-like","gonad"
"LOC115109226",82.089922385711,0.388542883500676,0.135954020651778,2.85880490993497,0.00425240217847626,0.0480140634032431,"vimentin-type intermediate filament-associated coiled-coil protein-like","gonad"
"LOC115104202",141.24565993039,0.388167289487,0.133095265467336,2.91709556912186,0.00353307501001336,0.0436074166429657,"putative E3 ubiquitin-protein ligase UNKL, transcript variant X1","gonad"
"LOC115101426",213.743618165297,0.387747554168163,0.120124373155739,3.22833826638882,0.00124511644181462,0.0233780372014191,"zinc finger and BTB domain-containing protein 20-like","gonad"
"LOC115129790",47.5161001120277,0.385509941079357,0.132391395848567,2.9112723443855,0.00359960112867129,0.043861985296749,"transcription factor Sp3-like","gonad"
"glis2",151.474209132527,0.385136420822641,0.134426661569565,2.8652520964488,0.00416677380957757,0.0474527240457833,"GLIS family zinc finger 2","gonad"
"LOC115113685",203.535513664131,0.384990739449701,0.123618063418678,3.11481916650918,0.00184057710804887,0.0294427471134232,"toll-interacting protein","gonad"
"LOC115130376",2894.42033822585,0.384839659946017,0.126821469888028,3.03455625037841,0.00240889829729923,0.0344377617998149,"myosin regulatory light polypeptide 9","gonad"
"LOC115103203",141.94482122054,0.3848019143865,0.102919159422253,3.73846682111636,0.000185145921364378,0.0081195877978059,"cyclic AMP-dependent transcription factor ATF-6 alpha-like, transcript variant X7","gonad"
"LOC115105247",173.677457119164,0.384446829466989,0.126546593469831,3.03816396129209,0.00238024408343792,0.0341356331586879,"protein YIPF5, transcript variant X2","gonad"
"LOC115122343",481.301995422675,0.383802689578683,0.130715021318868,2.93648182042719,0.00331958276918751,0.0417963555876341,"cell division control protein 42 homolog","gonad"
"LOC115143034",178.273642094167,0.382714606243827,0.128913434988666,2.96879741112335,0.00298967630751284,0.0390738907925679,"protein SYS1 homolog, transcript variant X2","gonad"
"LOC115102419",1897.92854077549,0.382657957966838,0.125506882986714,3.04894368835855,0.00229647523186877,0.0334629248072306,"CD63 antigen-like","gonad"
"LOC115141144",210.637488772134,0.382351399712484,0.130722977994819,2.92523681135088,0.00344194186663917,0.0428320058469505,"probable Bax inhibitor 1, transcript variant X2","gonad"
"LOC115135827",66.8973724462044,0.381370621950521,0.111972377678945,3.40548135640486,0.000660475230866621,0.0161779020461877,"NLR family CARD domain-containing protein 3-like","gonad"
"hif1a",121.984211421872,0.379733641463787,0.122544935277326,3.09815984896993,0.00194726365789499,0.030474223428397,"hypoxia inducible factor 1 subunit alpha, transcript variant X1","gonad"
"LOC115146927",99.8143316780301,0.379729894168583,0.190914709847095,-2.87339206863192,0.00406089807923707,0.0467966083405286,"protein mono-ADP-ribosyltransferase PARP14-like","gonad"
"LOC115105867",71.2557963965577,0.379018404081832,0.127615772459234,2.96971779784349,0.00298073432348105,0.0390738907925679,"rapamycin-insensitive companion of mTOR-like, transcript variant X3","gonad"
"LOC115117262",59.7651174051231,0.377875462041933,0.124819785937772,3.02704434393329,0.00246957727091732,0.0352220305819126,"beta-adrenergic receptor kinase 2-like","gonad"
"LOC115138841",67.2015266538134,0.377340497369411,0.128061380396862,2.94684668541874,0.00321032328779126,0.0408455708571395,"putative Polycomb group protein ASXL2","gonad"
"pheta1",223.281122929798,0.376527166271423,0.12126294640328,3.10511136709984,0.00190207393768835,0.0301344279342667,"PH domain containing endocytic trafficking adaptor 1, transcript variant X2","gonad"
"LOC115139948",133.461153967799,0.375975710470988,0.126102040051947,2.98211939945185,0.00286260332762129,0.0381402586135447,"E3 ubiquitin-protein ligase RNF34-like, transcript variant X1","gonad"
"LOC115102702",198.385945618986,0.374927378342788,0.112987300692702,3.31854455391438,0.000904878856659926,0.0194656167316559,"protein RER1-like, transcript variant X2","gonad"
"slc39a10",122.447765682169,0.373515889105254,0.11235098981985,3.32398549423972,0.0008874081160064,0.0192494405665618,"solute carrier family 39 member 10, transcript variant X2","gonad"
"LOC115140246",282.548476846785,0.373340374515832,0.116318315745238,3.20985651312354,0.00132801246622646,0.0241021932671025,"erlin-2, transcript variant X2","gonad"
"LOC115110121",298.289934318495,0.368247496205416,0.117056665328508,3.14617754064171,0.0016541955758366,0.0274781105900177,"SUMO-conjugating enzyme UBC9-like, transcript variant X1","gonad"
"wdr81",126.73344304799,0.367816919682635,0.116932569238725,3.14568389292605,0.0016569899015691,0.0274993680556568,"WD repeat domain 81, transcript variant X1","gonad"
"LOC115105880",115.574287783334,0.365916616924117,0.124639288802626,2.93651676197849,0.00331920881750958,0.0417963555876341,"BRCA1-A complex subunit Abraxas 1","gonad"
"LOC115103833",384.224962134711,0.365000941736193,0.106082463840458,3.44068830391324,0.000580236533026136,0.0148203224579194,"probable helicase with zinc finger domain, transcript variant X5","gonad"
"LOC115141932",96.721120871744,0.364472343455081,0.118364325591172,3.07901549835659,0.00207685877181435,0.0313967092931402,"CUE domain-containing protein 1-like, transcript variant X2","gonad"
"LOC115143363",370.636523130317,0.364051287087549,0.123846992571834,2.93968425621972,0.00328546859636862,0.0415956665874524,"protein NDRG3-like, transcript variant X1","gonad"
"LOC115136639",84.2295557802564,0.363867797164357,0.102393418530042,3.55349172570501,0.000380153155883646,0.0116984079630906,"vascular endothelial zinc finger 1-like, transcript variant X1","gonad"
"LOC115103091",103.9750402076,0.362430529721705,0.121328530431369,2.98675538693028,0.00281955226325009,0.0378700734324699,"translation initiation factor eIF-2B subunit gamma-like","gonad"
"LOC115108370",319.463193147868,0.361693891253245,0.110834895852772,3.26348160689347,0.00110052327488461,0.0216893951726441,"neurogenic locus notch homolog protein 2-like","gonad"
"LOC115107921",72.578301487969,0.360963185811083,0.121347461511738,2.97413916657427,0.0029381178802555,0.0387396283470726,"phospholipase DDHD1-like","gonad"
"LOC115112254",231.283197781932,0.360596325715368,0.117044691987406,3.08092718462124,0.00206357106643675,0.0313262510720951,"ubiquitin carboxyl-terminal hydrolase 10-like, transcript variant X1","gonad"
"LOC115102233",227.559678452017,0.360290165316424,0.102543688777353,3.51370358683298,0.000441905631419883,0.0127870306457385,"rho-related GTP-binding protein RhoA-C, transcript variant X1","gonad"
"LOC115136594",333.236557029903,0.359206342186122,0.118454951888867,3.03259387157363,0.00242461672606061,0.0346079727031103,"integrin-linked protein kinase","gonad"
"znf622",83.7800952073769,0.359174646130799,0.121382063953811,2.95917678209066,0.00308462093432475,0.0397758364230115,"zinc finger protein 622, transcript variant X2","gonad"
"LOC115103167",35.9029851275154,0.357243331374611,0.1199504278256,2.97674667822264,0.00291324613988565,0.0385235957143218,"protein phosphatase 1 regulatory subunit 7-like, transcript variant X1","gonad"
"LOC115127881",163.39756020528,0.356927059889679,0.104805851408033,3.40519880278772,0.000661159028325142,0.0161779020461877,"docking protein 3-like","gonad"
"LOC115143304",119.13548846892,0.355772012555834,0.108790116691494,3.2700648237168,0.00107522841328982,0.021549085306369,"calcium/calmodulin-dependent protein kinase type 1-like, transcript variant X2","gonad"
"LOC115142911",119.30745262163,0.35559657775468,0.120329422075755,2.95562827801504,0.00312032909509373,0.0400655551983888,"cytochrome b561 domain-containing protein 1, transcript variant X1","gonad"
"LOC115102279",187.130252494245,0.354777779713433,0.119152782016173,2.97763811926858,0.00290478730939478,0.038467833411615,"UPF0688 protein C1orf174 homolog, transcript variant X2","gonad"
"LOC115140816",98.7341738999156,0.353805067079345,0.113711912661292,3.11129134075367,0.00186271063852993,0.0297182551433651,"multiple epidermal growth factor-like domains protein 8, transcript variant X2","gonad"
"LOC115136212",88.9335347089286,0.353784304314011,0.11216970877679,3.15413037251458,0.00160977154567524,0.0269621883609592,"RNA-binding protein 27-like, transcript variant X2","gonad"
"LOC115102549",53.8267617784338,0.353264934301149,0.117446705177131,3.00704401573329,0.00263801562955169,0.0365265727974365,"molybdate-anion transporter-like","gonad"
"LOC115133612",75.2047414468893,0.352857648523791,0.114792816147977,3.07408293528834,0.00211150724674973,0.0317122921188483,"PHD finger protein 23B-like, transcript variant X1","gonad"
"oip5",666.831128810346,0.352598270728971,0.0984571540691409,3.58125062920691,0.00034195342597154,0.0110471644162621,"Opa interacting protein 5, transcript variant X2","gonad"
"lg1h2orf69",52.2007269655882,0.351171848365047,0.113241832707302,3.10113451721962,0.00192780692274713,0.0303303834396854,"linkage group 1 C2orf69 homolog, transcript variant X3","gonad"
"LOC115134396",277.983171101494,0.351061035389467,0.0942677613823729,3.72413399109271,0.0001959868199323,0.00835761048150494,"muscleblind-like protein 2a, transcript variant X2","gonad"
"LOC115115496",99.1733244596015,0.350811825802587,0.11317223706457,3.09994481551446,0.00193556701273666,0.0304261079508631,"transmembrane protein 109-like","gonad"
"LOC115104167",48.8552163388325,0.350219144167368,0.122558183136294,2.85832818056908,0.00425879679412399,0.0480563794867093,"sorting nexin-8-like, transcript variant X1","gonad"
"LOC115143449",306.99424327023,0.348472150037914,0.114189048662974,3.05205044856704,0.00227283898226418,0.0332519456583308,"guanine nucleotide-binding protein G(I)/G(S)/G(T) subunit beta-1-like","gonad"
"LOC115138595",117.695548697967,0.347955159334715,0.0876182282202702,3.97084970884441,7.16167485359428e-05,0.00500105264007145,"thioredoxin-related transmembrane protein 1-like, transcript variant X2","gonad"
"LOC115111553",252.474459845156,0.347666925487063,0.106949319591655,3.25111747849805,0.00114952347543043,0.0221557836729457,"transmembrane protein 127","gonad"
"ccpg1",177.527504857293,0.345522233267055,0.0982703360400667,3.51638408164632,0.000437467638820579,0.0127376184825847,"cell cycle progression 1, transcript variant X6","gonad"
"LOC115116342",1116.20287622547,0.345236896991607,0.118011753054546,2.92551006124046,0.00343892055660664,0.0428237596884431,"high mobility group-T protein-like","gonad"
"LOC115132953",49.4026765824281,0.342656816819526,0.117422930220678,2.91809250450208,0.0035217985493002,0.0435391818914071,"zinc finger protein 397-like, transcript variant X1","gonad"
"LOC115114670",167.11763485915,0.341991773285584,0.114134874679131,2.99631883577928,0.00273260554516315,0.0373031475774302,"TOX high mobility group box family member 4-A-like, transcript variant X6","gonad"
"LOC115143065",521.887422163617,0.34128583062355,0.106748108492588,3.19732637797211,0.00138707885249156,0.02466582139651,"carboxy-terminal domain RNA polymerase II polypeptide A small phosphatase 2-like","gonad"
"LOC115103860",494.089985876555,0.337789156609516,0.112429361771819,3.00454418745687,0.0026597912054035,0.0366246192201861,"actin-related protein 2-A","gonad"
"LOC115143209",237.009146528916,0.337313478012707,0.115908519749225,2.910372791512,0.00360997886445055,0.0439044045778176,"RNA-binding motif, single-stranded-interacting protein 1-like, transcript variant X6","gonad"
"LOC115138711",90.8230812643537,0.336795021886031,0.116392170836341,2.89295903332665,0.00381631070117896,0.0452573070480765,"F-box only protein 34-like, transcript variant X1","gonad"
"LOC115106403",337.115799783163,0.336539758709292,0.092631566693445,3.63294408754755,0.000280205752559218,0.0100266572962441,"anthrax toxin receptor 1-like","gonad"
"LOC115112145",81.6023849355684,0.335515517180065,0.103112151186386,3.25416408161281,0.0011372657198381,0.022078728948186,"NEDD8-activating enzyme E1 regulatory subunit-like, transcript variant X2","gonad"
"LOC115130589",132.704210614988,0.33459102339827,0.112117082007517,2.98465360497744,0.00283899619926401,0.0379564175212351,"solute carrier family 25 member 51-like, transcript variant X1","gonad"
"LOC115126112",94.3748887817376,0.333226895289424,0.100917299995163,3.30182148687971,0.00096059183708789,0.0202561038259788,"GTP-binding protein 1-like, transcript variant X2","gonad"
"LOC115140086",184.151800373545,0.331999715188242,0.111326183746494,2.98243855474952,0.00285962043787808,0.0381402586135447,"MOB kinase activator 1A","gonad"
"gabpa",96.7641962888539,0.331758885787769,0.103163256552221,3.21541887485753,0.00130254305285572,0.0239092064159742,"GA binding protein transcription factor subunit alpha, transcript variant X2","gonad"
"LOC115117203",181.889594818819,0.331730800436804,0.0929646587459791,3.56824676598078,0.000359377961053465,0.0112886959530912,"mitotic-spindle organizing protein 2-like, transcript variant X1","gonad"
"LOC115123231",82.0180210833608,0.327575513661258,0.207777755990351,-4.63469696590268,3.57460735102691e-06,0.00153069213597835,"uncharacterized LOC115123231","gonad"
"LOC115102098",532.633481562341,0.326327826611863,0.100331458789536,3.25250011524643,0.00114394549474474,0.0221422968044621,"transcription cofactor vestigial-like protein 4, transcript variant X1","gonad"
"LOC115101334",192.215152790343,0.325040156260253,0.105025011190032,3.0946975222469,0.00197013703676795,0.0307053620521425,"adenylosuccinate synthetase isozyme 2-like","gonad"
"LOC115103136",177.081570125599,0.322538454670835,0.095237266398014,3.38689348618986,0.000706888263643946,0.0169355982463882,"la-related protein 4B-like, transcript variant X1","gonad"
"LOC115144952",198.803639464549,0.321498689523895,0.0954464681126532,3.36846525427163,0.000755879237331064,0.0175728330653349,"long-chain-fatty-acid--CoA ligase ACSBG2-like, transcript variant X2","gonad"
"LOC115144704",279.551684947247,0.320542632200077,0.103771815316871,3.08897166230294,0.00200850595814372,0.0309693679058557,"apoptosis inhibitor 5-like, transcript variant X1","gonad"
"LOC115141881",132.783766408627,0.319872145971365,0.108917474857669,2.93708673639777,0.00331311424894722,0.0417962392421115,"beta-secretase 2-like","gonad"
"LOC115105622",119.039324881338,0.317525547945902,0.10710683318791,2.96434214683246,0.00303330821190021,0.0393939512841632,"misshapen-like kinase 1, transcript variant X5","gonad"
"LOC115110639",166.327350221612,0.316300135639039,0.106556846406953,2.96860434118443,0.0029915551740975,0.0390738907925679,"growth factor receptor-bound protein 2","gonad"
"LOC115110692",293.670221314493,0.315210026805939,0.11101471325604,2.83945748152875,0.00451903170641262,0.0498435875094597,"rho GDP-dissociation inhibitor 1-like, transcript variant X3","gonad"
"fam133b",945.221890972829,0.314894083427191,0.0979177279093991,3.21596372617467,0.00130007263715187,0.0239092064159742,"family with sequence similarity 133 member B","gonad"
"LOC115143468",27.689705949468,0.311658618149099,0.187023508132921,-3.21448343984859,0.00130679452447753,0.0239169996268802,"ubiquitin-like modifier-activating enzyme 1","gonad"
"LOC115106619",124.400555527967,0.31046760025925,0.107551950281485,2.88653013041379,0.00389515449599768,0.0456850290887169,"carnitine O-palmitoyltransferase 1, liver isoform-like, transcript variant X2","gonad"
"LOC115132174",890.848516645078,0.310181520045286,0.0933273699845447,3.32361978123725,0.000888572538901847,0.0192516981101455,"serine/threonine-protein kinase pim-1-like, transcript variant X2","gonad"
"LOC115103911",113.573096822175,0.309377968655347,0.0968414950700231,3.19472777897252,0.00139962789576278,0.0247676842840828,"kinesin-like protein KIF16B, transcript variant X1","gonad"
"LOC115145826",259.37847780461,0.308876139427242,0.0970497311645992,3.18285500147976,0.001458306236955,0.0254342056082181,"succinate--CoA ligase [ADP/GDP-forming] subunit alpha, mitochondrial-like","gonad"
"LOC115103923",209.954317739091,0.307830648951078,0.0836129608845445,3.68162586915494,0.000231751326034966,0.00905679553802459,"striatin-like, transcript variant X1","gonad"
"LOC115129470",359.922190845513,0.306480496364337,0.0847381172351144,3.61683953838734,0.000298222046571275,0.0103133704334249,"GTP-binding nuclear protein Ran-like","gonad"
"LOC115141103",108.235904856892,0.306457820051549,0.0991110382358413,3.09232490971411,0.00198595350669016,0.0308179246730483,"OTU domain-containing protein 7B-like, transcript variant X3","gonad"
"LOC115139983",213.10814456596,0.305113530385084,0.0902788537495944,3.37970655825299,0.000725632582283486,0.0172216799528614,"GTPase-activating protein and VPS9 domain-containing protein 1-like, transcript variant X4","gonad"
"LOC115146143",153.21910907777,0.303654522513221,0.0786918950414685,3.85860914905152,0.000114034137581394,0.00648615570193903,"kinesin light chain 1-like, transcript variant X4","gonad"
"LOC115118184",502.879509204321,0.301633338220496,0.0855838408427005,3.5244281754012,0.00042439785331718,0.0125087133519914,"interleukin-6 receptor subunit beta-like","gonad"
"LOC115138439",46.4874850803179,0.300024373817621,0.0998299171048228,3.00510509328972,0.00265489100438494,0.0366000008167145,"kelch-like protein 28, transcript variant X2","gonad"
"LOC115117022",111.47867915945,0.299649464124882,0.09842841304035,3.04440325610922,0.00233142401441787,0.0337370995455248,"phosphatidylinositide phosphatase SAC1-A-like","gonad"
"sarnp",193.2012908428,0.299467692479349,0.102909962779128,2.91021254233548,0.00361183043997003,0.0439044045778176,"SAP domain containing ribonucleoprotein, transcript variant X1","gonad"
"LOC115111809",145.989614168272,0.299013910176647,0.0918648844021203,3.2549417214085,0.0011341563657245,0.0220704640686967,"serine/threonine-protein kinase A-Raf-like","gonad"
"LOC115105605",124.899593358044,0.298328839503681,0.103078095650202,2.89418556774792,0.00380143429160498,0.0451787608716125,"arrestin red cell, transcript variant X4","gonad"
"LOC115112080",173.773692204188,0.293565604031828,0.101913873875056,2.8805364475507,0.00396999047854767,0.0462056726223946,"rho GTPase-activating protein 1-like","gonad"
"LOC115143445",166.095120963143,0.288925837082901,0.0776563880687858,3.72076345101529,0.00019862141834026,0.00835761048150494,"hyaluronidase-1-like","gonad"
"LOC115122674",174.731863230456,0.287855472733422,0.0804207010988397,3.57931442625767,0.000344496778479406,0.0110702363010125,"far upstream element-binding protein 3-like, transcript variant X2","gonad"
"LOC115137070",392.880734482902,0.284911019450691,0.0998167370749301,2.85428822078069,0.00431333793331296,0.0484010899364834,"striatin-4-like","gonad"
"LOC115107644",103.849976633391,0.283770389429091,0.0930971255147197,3.04775812901136,0.00230555417206113,0.0335626147807015,"zinc finger protein 292-like","gonad"
"LOC115126437",55.1911737008112,0.273715180010305,0.201794573459341,-3.11928303730943,0.00181291720948603,0.0292061445034857,"uncharacterized LOC115126437, transcript variant X1","gonad"
"LOC115101926",462.528393247428,0.272049078299375,0.0950762263761538,2.86133287677712,0.0042186385493833,0.0477516218844159,"para-nitrobenzyl esterase-like, transcript variant X2","gonad"
"gak",92.8137796406752,0.270429070690898,0.0836424064461115,3.23288889136314,0.00122545214589829,0.0231522467855664,"cyclin G associated kinase","gonad"
"LOC115138574",374.691561741808,0.270321641853226,0.212608738282736,-4.27968058402151,1.87161726417994e-05,0.00253590172003365,"sacsin-like, transcript variant X3","gonad"
"LOC115113644",288.821058377548,0.262636692520493,0.0879363724027765,2.98671951389061,0.00281988310814079,0.0378700734324699,"AP-1 complex subunit gamma-1, transcript variant X3","gonad"
"LOC115140088",272.487546043463,0.26242965242516,0.0915496077970229,2.86672016154044,0.00414749567369498,0.047300208198245,"guanine nucleotide-binding protein G(i) subunit alpha-2-like","gonad"
"LOC115109133",43.6348625807954,0.262042061266487,0.212852601304284,-3.20268943249325,0.00136150722619046,0.0244971819826295,"interferon-induced protein 44-like, transcript variant X1","gonad"
"LOC115121826",238.745291264771,0.261938288139406,0.0830072375892257,3.15582636856997,0.00160044102376985,0.0268803027082011,"sin3 histone deacetylase corepressor complex component SDS3-like, transcript variant X1","gonad"
"LOC115116225",45.6032017243979,0.223915966601083,0.194986637433466,-3.71511390046642,0.00020311218292949,0.00841978534267684,"nicotinamide phosphoribosyltransferase-like","gonad"
"LOC115119677",42.1951229730956,0.220560485394427,0.193509193451081,-3.59215361266818,0.000327956424823223,0.0108656511844716,"uncharacterized LOC115119677","gonad"
"LOC115129232",506.014878347316,0.217906285146713,0.0746163552106195,2.9203374811377,0.00349652514744667,0.0433330447624859,"neutral alpha-glucosidase AB-like, transcript variant X3","gonad"
"LOC115107050",101.637067700651,0.182687902320671,0.154994814782437,-3.02154737208829,0.00251486285870122,0.0355440348415262,"protein mono-ADP-ribosyltransferase PARP12-like, transcript variant X1","gonad"
"LOC115101604",324.778521115404,0.18148288086371,0.152167986891897,-2.9686791966253,0.00299082658803833,0.0390738907925679,"E3 ubiquitin-protein ligase rnf213-alpha-like","gonad"
"LOC115112978",147.215549047435,0.170863811450355,0.192696187700165,-3.63282606474214,0.000280333994009467,0.0100266572962441,"E3 ubiquitin-protein ligase rnf213-beta-like, transcript variant X1","gonad"
"LOC115106629",34.5329889941892,0.157983760849792,0.195488830044087,-3.68579802175782,0.000227987114917464,0.00901931889388721,"uncharacterized LOC115106629","gonad"
"LOC115137871",85.4507835124458,0.116335103246988,0.162939947218512,-3.40028769638521,0.000673149868014734,0.0163623318154928,"opioid growth factor receptor-like protein 1","gonad"
"psmf1",114.693218597887,0.103955828492587,0.116589981447906,-2.90446496927344,0.00367881368764556,0.0443188133540538,"proteasome inhibitor subunit 1","gonad"
"LOC115144070",131.763843585811,0.0833621820503856,0.169402335948163,-3.25152290664994,0.00114788525444273,0.0221557836729457,"E3 ubiquitin-protein ligase rnf213-alpha-like","gonad"
"LOC115143311",146.857433286201,0.0713886578865792,0.213302708114466,-5.09452277495102,3.49620806013511e-07,0.000392528549023692,"interferon-induced GTP-binding protein Mx2","gonad"
"LOC115107051",120.010039198622,0.0687335236012198,0.205784024755114,-3.30324303596739,0.000955735170693691,0.0202006143877935,"ubl carboxyl-terminal hydrolase 18-like","gonad"
"LOC115112979",47.4610558471281,0.059394232015399,0.183494793350975,-4.02718721673562,5.64480853134047e-05,0.0044941026365217,"E3 ubiquitin-protein ligase rnf213-beta-like","gonad"
"LOC115143312",679.605906525176,0.0484403392170519,0.202757490870264,-5.00603627595383,5.55622902537318e-07,0.000560438301025975,"interferon-induced GTP-binding protein Mx3, transcript variant X2","gonad"
"LOC115133054",180.44106495931,0.0398865389409477,0.205624109011448,-3.36584492674299,0.000763095949731224,0.0175821955118276,"ubl carboxyl-terminal hydrolase 18-like, transcript variant X2","gonad"
"LOC115128356",22.406240136592,0.0365172614247795,0.188367142765166,-3.08004569158168,0.00206968840838639,0.0313666633912047,"MORC family CW-type zinc finger protein 3-like, transcript variant X3","gonad"
"epsti1",167.954028013821,0.0351504385860964,0.194106180310127,-3.40019637860326,0.000673374729930447,0.0163623318154928,"epithelial stromal interaction 1, transcript variant X2","gonad"
"LOC115137998",40.1522650996938,-0.00234699707489918,0.211784181273741,-4.12810449797682,3.65765895399666e-05,0.0037308121330766,"interferon-induced very large GTPase 1-like","gonad"
"LOC115107184",16.7055776591439,-0.0107371665688633,0.190105132905806,-3.32796240523834,0.000874836713564276,0.0190897328682127,"monocarboxylate transporter 12-B-like","gonad"
"LOC115108622",84.7417198122722,-0.0176518629006325,0.0999548199619423,-3.2432288423438,0.00118183245410158,0.0225593657587237,"terminal uridylyltransferase 4-like, transcript variant X2","gonad"
"LOC115110468",557.907931189884,-0.0243021774208361,0.212309067525445,-3.04340818326206,0.00233914810367953,0.0337864542326217,"CD9 antigen-like, transcript variant X2","gonad"
"LOC115115300",49.0118015336005,-0.0395967092542902,0.168356196048846,-2.90605683217912,0.00366014963733166,0.0442045270150343,"receptor-type tyrosine-protein phosphatase S-like","gonad"
"LOC115117674",16.7474011337174,-0.0431199292126396,0.178350208788886,-3.34527570661071,0.000822008141182013,0.0183797780927348,"macrosialin-like","gonad"
"LOC115138443",66.7505231569315,-0.125523408528733,0.192508607570458,-4.11789501891428,3.82348788165547e-05,0.00381424428457894,"interferon alpha-inducible protein 27-like protein 2B","gonad"
"LOC115104276",838.797192141147,-0.130642075396041,0.169645272594259,-3.29422849910253,0.000986922348228091,0.0205724020142701,"CD9 antigen-like","gonad"
"LOC115129673",374.806817096577,-0.131109715355512,0.149623636760892,-4.08774849040883,4.35580008735293e-05,0.00396429805105747,"signal transducer and activator of transcription 1-alpha/beta-like, transcript variant X1","gonad"
"LOC115125109",60.6948763818821,-0.203948916209933,0.196488084846764,-3.75445471596183,0.000173719246993633,0.00780877889675854,"E3 ubiquitin/ISG15 ligase TRIM25-like","gonad"
"LOC115108102",43.9076212409526,-0.210661155810904,0.161786091737639,-3.48135050194605,0.000498892189157063,0.0135920554227591,"RANBP2-like and GRIP domain-containing protein 5/6","gonad"
"LOC115114687",370.617553927611,-0.26363948934194,0.0902261323500969,-2.92186540528787,0.00347941865805886,0.0431799898535315,"proteasome subunit beta type-5-like","gonad"
"LOC115123393",122.357899343145,-0.269052726170959,0.0898057276873561,-2.99548813547435,0.0027400596071355,0.0373207218508268,"COP9 signalosome complex subunit 1-like","gonad"
"LOC115141747",215.332345351357,-0.270484442306531,0.0838933773700747,-3.22387967548233,0.00126466526224177,0.0236058227621431,"calpain-5-like","gonad"
"LOC115132968",94.5269681846425,-0.273614747336964,0.0911208088591653,-3.0022439703429,0.00267997300551639,0.036833906047052,"protein SCAF11-like, transcript variant X1","gonad"
"LOC115105089",105.909667709615,-0.276083871601805,0.0783716260362263,-3.52208506882836,0.000428166724624653,0.0125586349794591,"ATP-dependent 6-phosphofructokinase, platelet type-like, transcript variant X3","gonad"
"LOC115124347",249.672318543415,-0.27864042028815,0.0923622281706153,-3.01670851779782,0.00255535399305765,0.0359094482182312,"caprin-1-like","gonad"
"LOC115134523",215.424240012565,-0.295592491639592,0.102309590608035,-2.88884665446114,0.00386657580848832,0.0455262972625901,"apoptosis inhibitor 5-like, transcript variant X2","gonad"
"LOC115129874",112.984837297578,-0.295597512064611,0.101309470683574,-2.91728104131207,0.00353097462680793,0.0436074166429657,"mitogen-activated protein kinase kinase kinase kinase 4-like","gonad"
"LOC115130751",267.490739359254,-0.295755519673601,0.1033679434611,-2.86088886110836,0.00422455118006379,0.0477887546574692,"polycomb group RING finger protein 3, transcript variant X1","gonad"
"LOC115124959",577.7124935654,-0.30137405577063,0.0979445425081256,-3.0769443207176,0.00209134361249816,0.031510734131549,"eukaryotic translation initiation factor 5A-1-like, transcript variant X1","gonad"
"LOC115128846",228.300377171583,-0.301703010414784,0.0997954372991317,-3.02276795230219,0.00250474226534169,0.0355004688286836,"M-phase phosphoprotein 8-like, transcript variant X4","gonad"
"LOC115118659",355.152792271341,-0.302351587857035,0.104531473339985,-2.89219466776512,0.00382560828504397,0.0453083783582899,"ubiquitin-conjugating enzyme E2 D2","gonad"
"LOC115129392",152.698041603513,-0.309719586246992,0.0975680126419378,-3.17401321991137,0.00150346842862663,0.025824802244446,"MAP7 domain-containing protein 1-like, transcript variant X12","gonad"
"LOC115104955",96.192461121901,-0.30987730502163,0.10609691753228,-2.91986558137922,0.00350182393922217,0.0433691101231363,"cyclin-dependent kinase 8","gonad"
"LOC115112405",114.08456693124,-0.313214037549547,0.100864267848128,-3.10453453755754,0.00190578676173912,0.0301406484722434,"AP-2 complex subunit alpha-2, transcript variant X2","gonad"
"cops7a",257.393356475037,-0.320512750975416,0.108206266413174,-2.96168019073741,0.00305965403790804,0.0395689584324162,"COP9 signalosome subunit 7A, transcript variant X2","gonad"
"LOC115140123",166.996572313067,-0.322034361247748,0.0866095112709917,-3.71755779116876,0.000201157980052879,0.0083959178984829,"ubiquitin carboxyl-terminal hydrolase 4-like","gonad"
"LOC115130833",151.99611160462,-0.323641627271318,0.0986066827308771,-3.28154417583104,0.00103240351165951,0.0210138095938228,"transmembrane protein 33-like","gonad"
"LOC115108503",1152.23814545934,-0.326269602811692,0.112398644445184,-2.90278927186644,0.00369855412143907,0.044441395518761,"proteasome subunit beta type-5-like","gonad"
"LOC115106399",202.600257342782,-0.326750982611903,0.0931368426844579,-3.50810118285695,0.00045131736108378,0.0128779668430222,"Golgi to ER traffic protein 4 homolog","gonad"
"LOC115107148",95.657111758286,-0.327768330656635,0.0990361911932008,-3.30879540875897,0.000936982794053949,0.0199435634335797,"uncharacterized LOC115107148","gonad"
"LOC115102713",100.334383507781,-0.332669415223964,0.103935377472779,-3.20064956880065,0.00137118183420471,0.0245999776500205,"spindlin-1-like, transcript variant X1","gonad"
"LOC115137103",59.3585199575914,-0.334151264832968,0.113218065543478,-2.94909599631997,0.00318704963504196,0.0406384627373089,"CLK4-associating serine/arginine rich protein-like, transcript variant X2","gonad"
"LOC115134172",164.550856451664,-0.336695598177437,0.105776460070991,-3.1823851590837,0.00146067429624464,0.0254510580831264,"ELKS/Rab6-interacting/CAST family member 1-like, transcript variant X2","gonad"
"LOC115124648",757.364344575851,-0.337136145346787,0.112147597716261,-3.00599366700128,0.00264714510974337,0.0365765347127097,"receptor-type tyrosine-protein phosphatase F-like","gonad"
"LOC115121012",229.312817697087,-0.338051965639454,0.10890942168258,-3.103810141708,0.0019104588394354,0.0301835359351168,"COP9 signalosome complex subunit 9-like","gonad"
"LOC115102565",1376.72327818901,-0.342795357171116,0.119249209082479,-2.8745901502657,0.00404552260664321,0.0466743070151236,"40S ribosomal protein S26-like","gonad"
"LOC115130705",571.062283383795,-0.343731957910093,0.108787764260129,-3.15954798282965,0.00158014078864202,0.0266604651787364,"GTP-binding nuclear protein Ran, transcript variant X1","gonad"
"LOC115110233",232.851822496622,-0.344269733168032,0.103143085785181,-3.3371710023959,0.000846358574666443,0.018785435552132,"glycylpeptide N-tetradecanoyltransferase 1-like, transcript variant X4","gonad"
"LOC115134164",186.928458145979,-0.34441079297572,0.118570995373359,-2.90406893792825,0.00368347044234783,0.0443188133540538,"ras association domain-containing protein 7-like, transcript variant X4","gonad"
"LOC115146295",76.6083955742462,-0.347206001417751,0.113786087012263,-3.05047045064687,0.00228483162259359,0.033346786929107,"low density lipoprotein receptor adapter protein 1-B-like, transcript variant X1","gonad"
"LOC115136211",143.413343148624,-0.347378811602356,0.116178038193981,-2.98910593349347,0.00279795106435693,0.037751012470156,"transcription elongation regulator 1-like","gonad"
"LOC115123298",202.056484979334,-0.348284705052333,0.112589687828447,-3.09279561936881,0.00198280639316642,0.0307954087889903,"coiled-coil domain-containing protein 106-like, transcript variant X1","gonad"
"tmem43",67.5429360189035,-0.349166880751466,0.121423776676815,-2.87452630986596,0.00404634056189715,0.0466743070151236,"transmembrane protein 43","gonad"
"LOC115145223",59.7601587648989,-0.352587048099943,0.109655062933952,-3.21514011641933,0.00130380864885123,0.0239092064159742,"transmembrane protein 11, mitochondrial-like, transcript variant X1","gonad"
"ik",283.179663306565,-0.355033738576502,0.120465548145002,-2.9470252136482,0.00320847041063759,0.0408455708571395,"IK cytokine","gonad"
"LOC115128561",113.20219279029,-0.357845413345435,0.12073129320362,-2.96284814749858,0.00304806898495601,0.0395008854324492,"DNA topoisomerase 2-beta-like, transcript variant X5","gonad"
"LOC115135886",516.151608422679,-0.359963490475946,0.116058131027162,-3.10145029096103,0.00192575202241984,0.0303243310659623,"etoposide-induced protein 2.4 homolog, transcript variant X1","gonad"
"LOC115111817",36.7343621339041,-0.3615669213708,0.127282434433726,-2.83818596005078,0.00453707410054418,0.0498435875094597,"E3 SUMO-protein ligase RanBP2-like, transcript variant X2","gonad"
"LOC115109369",154.62248870433,-0.361717281110431,0.124325364281399,-2.9092879603779,0.00362253026456442,0.0439349762748374,"UPF0183 protein C16orf70 homolog, transcript variant X3","gonad"
"LOC115137299",95.990575805965,-0.367524494430016,0.111442672706883,-3.29629271945976,0.000979698794490159,0.0204688277477138,"E3 ubiquitin-protein ligase ZFP91-like","gonad"
"LOC115128505",63.7355372370121,-0.368500346579569,0.120907954919318,-3.04631647790463,0.00231663853685332,0.0336487114200871,"septin-10-like, transcript variant X2","gonad"
"CYTB",17596.2115921336,-0.369328441041146,0.11187354640646,-3.30130909437388,0.00096234800307389,0.0202695943663684,NA,"gonad"
"ube4b",129.796716856005,-0.371881433808138,0.119992527305936,-3.09794153439753,0.00194869868915889,0.030474223428397,"ubiquitination factor E4B, transcript variant X1","gonad"
"LOC115120267",997.908123145214,-0.373130581117822,0.130555366636005,-2.85789824097599,0.00426457127209333,0.0480916496994574,"transitional endoplasmic reticulum ATPase-like","gonad"
"kdm1b",82.780002740552,-0.374938291384384,0.129937069489869,-2.8840721923734,0.0039256874688795,0.0459837301193395,"lysine demethylase 1B","gonad"
"LOC115103776",165.758750827144,-0.37556781756702,0.10879788614804,-3.45103258868735,0.00055844613378533,0.0144384723578429,"pre-mRNA-splicing factor CWC25 homolog","gonad"
"LOC115138387",120.107097289402,-0.3759032226788,0.115505936455627,-3.25362014406891,0.0011394453086831,0.022078728948186,"probable palmitoyltransferase ZDHHC14, transcript variant X2","gonad"
"LOC115114694",73.1096541663482,-0.376046346460607,0.124717807313841,-3.01366980043718,0.00258108559058105,0.0360506581735276,"protein lifeguard 3-like, transcript variant X2","gonad"
"LOC115143007",1052.92201290147,-0.384578034362529,0.134054331877993,-2.86889378186783,0.00411910101463916,0.0472136351147655,"60S acidic ribosomal protein P0-like","gonad"
"LOC115135500",87.5561129732274,-0.38602578622929,0.12003783495407,-3.21487256511889,0.00130502443039383,0.0239092064159742,"protein ZNRD2-like","gonad"
"LOC115112465",137.216365968254,-0.386033835106963,0.135495976237751,-2.84876205709109,0.00438896914409999,0.0488871925032389,"tyrosine-protein kinase CSK, transcript variant X1","gonad"
"LOC115144942",230.608338799887,-0.38645749211923,0.136089465661756,-2.83915251526755,0.00452335312354862,0.0498435875094597,"uncharacterized protein C1orf21 homolog","gonad"
"LOC115116589",169.546902611412,-0.390355139428454,0.133889054717418,-2.91474495513105,0.00355979325681465,0.0436838968150013,"small integral membrane protein 13","gonad"
"LOC115136995",46.8555350188691,-0.390647097070943,0.136643995983927,-2.85751961259426,0.00426966247299345,0.0481191755801795,"phosphatidylinositol transfer protein alpha isoform-like","gonad"
"LOC115110903",64.7793775061908,-0.391499420535251,0.126924615850727,-3.08209111763919,0.00205551907145471,0.0313213834236536,"ubiquitin carboxyl-terminal hydrolase 43-like","gonad"
"LOC115120833",212.254005257947,-0.392419012185731,0.101652897989333,-3.85963996430517,0.000113554203556656,0.00648615570193903,"cell division cycle and apoptosis regulator protein 1-like, transcript variant X1","gonad"
"kif1bp",56.5631497552327,-0.393153469004069,0.129277029912181,-3.03925895844133,0.00237160900815977,0.0340998393336293,"KIF1 binding protein","gonad"
"LOC115145261",94.9047432769596,-0.394672971103581,0.10783173343465,-3.65871103071122,0.000253486963156268,0.00946977222852923,"SAGA-associated factor 29-like","gonad"
"LOC115110511",59.2235851155052,-0.395554116599604,0.137875674531238,-2.86705662371515,0.00414308878077308,0.0472796479595952,"ADP-ribosylation factor-binding protein GGA1-like","gonad"
"fam151a",243.446571212248,-0.395788679838063,0.134778943935531,-2.93600761632484,0.00332466159461785,0.0418312930782271,"family with sequence similarity 151 member A, transcript variant X4","gonad"
"LOC115128218",205.93661492046,-0.397563844196372,0.136101904366972,-2.92067273972001,0.0034927650842903,0.0433160128896002,"ceramide synthase 2-like, transcript variant X2","gonad"
"LOC115122811",981.462529441218,-0.39856518837813,0.113380238887725,-3.51520624490798,0.000439412588784719,0.0127647599391606,"heterogeneous nuclear ribonucleoprotein A1-like, transcript variant X5","gonad"
"LOC115146853",36.5369018217939,-0.400357385201182,0.140893626371425,-2.83820005859422,0.00453687369047021,0.0498435875094597,"serine/threonine-protein kinase TAO1-like, transcript variant X1","gonad"
"mpnd",130.182036275315,-0.401262159986481,0.141132437259726,-2.842206494369,0.00448024626942503,0.0496480008795692,"MPN domain containing, transcript variant X1","gonad"
"LOC115146992",106.542271042187,-0.401677752778614,0.123074515525823,-3.26266094022638,0.00110371483183042,0.0216893951726441,"E3 ubiquitin-protein ligase MARCH5","gonad"
"LOC115118108",145.604895930026,-0.401865326207726,0.139483340231555,-2.88028620707509,0.00397314313784197,0.0462116507435354,"collagen alpha-5(IV) chain-like","gonad"
"psmb7",979.611840972642,-0.403495683707487,0.125901733280013,-3.2047306599295,0.00135188921202307,0.0243985094766311,"proteasome subunit beta 7, transcript variant X1","gonad"
"LOC115103904",156.148208829381,-0.404135697050859,0.121881261290195,-3.31521845411632,0.000915715328495234,0.019628958092278,"sprouty-related, EVH1 domain-containing protein 2-like, transcript variant X4","gonad"
"LOC115114255",47.272737985728,-0.405032571407185,0.141079699756768,-2.86804607761096,0.00413015378177498,0.047250833057282,"serine/threonine-protein kinase PRP4 homolog, transcript variant X1","gonad"
"LOC115114723",3648.85191528516,-0.405585848413998,0.11847940869531,-3.4232373468745,0.000618800207648466,0.0155462162527157,"elongation factor 2-like","gonad"
"LOC115112875",46.3232201734952,-0.409629765134449,0.136946374511834,-2.98815524159382,0.00280666952409331,0.0378025904150135,"eukaryotic translation initiation factor 2-alpha kinase 1-like, transcript variant X1","gonad"
"LOC115145599",1789.76850953939,-0.410048808785198,0.127217072306233,-3.22322500223892,0.00126755943760119,0.0236281408101511,"40S ribosomal protein S3a","gonad"
"LOC115139238",32.2730007385077,-0.411589047741143,0.143992672860793,-2.85465293877804,0.00430838820847613,0.0483754460810715,"protein EFR3 homolog B, transcript variant X2","gonad"
"LOC115122733",38.758041055271,-0.413309738232338,0.122502477035693,-3.37012829175193,0.00075133195172568,0.0175497902621226,"FAS-associated factor 2-like","gonad"
"LOC115141513",48.1191824733247,-0.413393866514878,0.130091634981741,-3.17394613766939,0.00150381594430663,0.025824802244446,"CLK4-associating serine/arginine rich protein-like, transcript variant X6","gonad"
"LOC115102160",119.898403430149,-0.413620597470959,0.124636970210721,-3.31708202895244,0.000909629056400668,0.0195215427281448,"guanine nucleotide-binding protein G(s) subunit alpha-like","gonad"
"fyco1",49.7893389701787,-0.413621114439024,0.138417746577991,-2.9849505892989,0.00283624134031094,0.0379475296792082,"FYVE and coiled-coil domain containing 1, transcript variant X3","gonad"
"ND6",1676.50089879746,-0.413775104779791,0.137379484743216,-3.01185549478325,0.00259656171510982,0.0361676380803762,NA,"gonad"
"LOC115117308",209.70303378073,-0.413853218459773,0.131837446833614,-3.13863851465128,0.00169734693138963,0.0279646378278676,"ubiquitin-conjugating enzyme E2 H-like","gonad"
"LOC115104105",20.5319493444297,-0.415212913443289,0.141730422286797,-2.9257859875534,0.00343587210333483,0.0428151639726473,"serine/threonine-protein kinase tousled-like 2, transcript variant X2","gonad"
"LOC115106750",404.860842448077,-0.415354775103305,0.109906534701915,-3.77871795971746,0.00015763784174538,0.00749762792646944,"eukaryotic translation initiation factor 3 subunit L-like","gonad"
"LOC115134645",60.583501507951,-0.416052517551629,0.145085637805353,-2.86457253473949,0.00417572508066588,0.0474730523259672,"ankyrin repeat domain-containing protein 26-like, transcript variant X10","gonad"
"LOC115144835",87.460581404393,-0.416496544867695,0.135570828666215,-3.07005315244088,0.00214020678669646,0.0319178989447368,"protein MON2 homolog, transcript variant X2","gonad"
"LOC115102783",52.4737622722288,-0.418248281908787,0.127269516784313,-3.28348619370463,0.00102531666794753,0.020992161884297,"chromodomain-helicase-DNA-binding protein 8-like","gonad"
"LOC115117370",117.7866747379,-0.418605174714619,0.123773069921071,-3.38086720834381,0.000722574539567164,0.0172210466660297,"macoilin-1-like","gonad"
"LOC115120012",122.204014886104,-0.421045801395391,0.140618711568654,-2.99285656055394,0.00276379612489145,0.037491005888381,"glypican-4-like","gonad"
"LOC115135520",46.6390655921648,-0.421090958485301,0.14769033659461,-2.84962151357034,0.00437712821449616,0.0487852301181045,"dnaJ homolog subfamily C member 18-like, transcript variant X2","gonad"
"LOC115109479",837.616423077651,-0.422082326707453,0.127993568466355,-3.29766448986496,0.000974925518246984,0.020425509612949,"MOB kinase activator 2-like, transcript variant X1","gonad"
"LOC115113849",189.021889887049,-0.423594234383063,0.131200526633847,-3.22764206192532,0.00124815047243788,0.0234105578280807,"dystonin-like","gonad"
"LOC115122570",1126.67379777541,-0.424976960803538,0.148051173309455,-2.8704058241302,0.00409945291057679,0.047077588263398,"neuroblast differentiation-associated protein AHNAK-like","gonad"
"LOC115110004",222.208846421935,-0.427151823900904,0.149806455809858,-2.85051747756791,0.00436481514755164,0.0487077958321743,"mitogen-activated protein kinase 1-like","gonad"
"LOC115105361",70.7376983854961,-0.427962931061267,0.144861530928191,-2.95246748405932,0.0031524526946526,0.0403353989599103,"heterogeneous nuclear ribonucleoprotein L-like, transcript variant X1","gonad"
"LOC115146820",155.591834839003,-0.428235845801363,0.12865391835041,-3.32748912798453,0.000876324085453051,0.0190897328682127,"A disintegrin and metalloproteinase with thrombospondin motifs 2-like","gonad"
"gpbp1",53.173324471242,-0.428519729194017,0.12873395019761,-3.32664140623589,0.000878994088886639,0.0190897328682127,"GC-rich promoter binding protein 1, transcript variant X1","gonad"
"LOC115136930",16.5367839430728,-0.430941226516255,0.151333526612785,-2.83939184623241,0.00451996145231154,0.0498435875094597,"serine/threonine-protein kinase PAK 4-like, transcript variant X1","gonad"
"LOC115118242",54.6601795429693,-0.432414931340556,0.145647714164035,-2.9663077730139,0.00301398706898926,0.039202491877248,"enoyl-CoA hydratase domain-containing protein 3, mitochondrial-like, transcript variant X2","gonad"
"bri3",39.7033421493672,-0.433754590581858,0.140772346233186,-3.08039170170627,0.00206728520373869,0.0313564161729988,"brain protein I3","gonad"
"LOC115136068",476.417257803798,-0.434356514545924,0.127265234108685,-3.41302930319688,0.000642450337460073,0.0158698344584015,"histone H3.3","gonad"
"rpap1",56.1022240331158,-0.434993512389373,0.152437134098185,-2.85014681449853,0.00436990528838063,0.0487346439900729,"RNA polymerase II associated protein 1","gonad"
"LOC115136668",88.5958021606068,-0.438653060268812,0.154232566417854,-2.84192189582283,0.00448424758741367,0.0496480008795692,"CXADR-like membrane protein","gonad"
"sppl2b",32.6095252377434,-0.439319980677287,0.126072140669954,-3.48039937549231,0.000500666852820895,0.0135920554227591,"signal peptide peptidase like 2B, transcript variant X1","gonad"
"LOC115133453",36.7718816445137,-0.43962975443767,0.140146548289747,-3.13265599685308,0.00173232344362408,0.0284119823328264,"tetratricopeptide repeat protein 5-like","gonad"
"LOC115141668",91.5425805672284,-0.443322622411177,0.124442690119677,-3.56128066976481,0.000369050321697247,0.0114913259541396,"SUMO-activating enzyme subunit 1-like","gonad"
"ttf2",17.4967757154784,-0.443861525229136,0.154441384640675,-2.86971130314179,0.00410846721860681,0.0471380306966946,"transcription termination factor 2, transcript variant X2","gonad"
"LOC115105403",51.5756268958531,-0.447001254503944,0.146932489421585,-3.03983557348299,0.00236707339698835,0.0340986734823224,"akirin-1-like","gonad"
"LOC115108346",68.9360317801243,-0.447674684168294,0.141807462086937,-3.15456662574038,0.00160736672735249,0.0269467685150617,"chromatin assembly factor 1 subunit A-like, transcript variant X2","gonad"
"LOC115108614",23.1925982935191,-0.448334051345601,0.144917364631774,-3.09023027670467,0.00200001366681327,0.030930364680291,"cordon-bleu protein-like 1, transcript variant X1","gonad"
"LOC115109073",44.5526380312842,-0.44916138524533,0.140401083209627,-3.19578123872949,0.0013945280085813,0.0247256352771505,"SUN domain-containing protein 2-like","gonad"
"LOC115111472",37.9218220982727,-0.451280078015112,0.143585183159356,-3.13947254898223,0.00169252271336718,0.0279646378278676,"SWI/SNF-related matrix-associated actin-dependent regulator of chromatin subfamily B member 1","gonad"
"LOC115115946",231.208980694395,-0.452066587412899,0.150636265526656,-3.00060311734035,0.00269445504767578,0.0369769658696912,"rab GTPase-activating protein 1-like","gonad"
"ranbp9",227.796405435447,-0.453261501549586,0.108649940357918,-4.17078742912395,3.03548918940155e-05,0.00345067711429853,"RAN binding protein 9","gonad"
"LOC115109252",175.695415504865,-0.454588713438961,0.130863961661883,-3.47269030787233,0.000515269555250017,0.0137607901637429,"transcriptional repressor p66-alpha-like, transcript variant X1","gonad"
"LOC115126510",2007.65712856135,-0.458815995869248,0.155479281891138,-2.95104862588469,0.00316697054878616,0.0404926178054659,"40S ribosomal protein S9-like","gonad"
"LOC115102256",21.9742464471896,-0.459991712912471,0.154905440128188,-2.96286123363068,0.00304793940954723,0.0395008854324492,"ephrin type-A receptor 2-like","gonad"
"LOC115119204",64.6433834614275,-0.460796789596025,0.14723290791092,-3.12710297641257,0.00176538081011348,0.028754066215286,"cyclin-Y-like protein 1","gonad"
"LOC115110075",23.1194019142438,-0.462259343291149,0.154458936830029,-2.99206665997458,0.00277095750488083,0.0375164089922568,"uncharacterized LOC115110075","gonad"
"LOC115133232",83.2644632701776,-0.463951066437991,0.146192294746033,-3.17088871374956,0.00151973352178604,0.0259907839918303,"phosphate carrier protein, mitochondrial-like, transcript variant X3","gonad"
"LOC115135426",176.912840426012,-0.466810536733192,0.158516295735923,-2.9446682554224,0.00323301106519978,0.0410766612314676,"G protein pathway suppressor 2-like, transcript variant X2","gonad"
"LOC115132969",39.4987039695799,-0.467728252913358,0.147546337381874,-3.1662956604875,0.00154393778176853,0.0262299325443514,"AT-rich interactive domain-containing protein 2-like, transcript variant X2","gonad"
"LOC115121458",164.038978808875,-0.468392964442946,0.15324305787114,-3.05518148194303,0.00224924373753483,0.0330934111010392,"ankyrin repeat domain-containing protein 12-like","gonad"
"LOC115112385",415.651442298943,-0.46966556049591,0.165494323438719,-2.83812268288092,0.00453797368104962,0.0498435875094597,"dysbindin domain-containing protein 1-like, transcript variant X1","gonad"
"LOC115109041",36.8285299653325,-0.473477336122966,0.150604209784164,-3.13983961622862,0.00169040352408284,0.0279646378278676,"ankyrin repeat and SOCS box protein 3-like, transcript variant X1","gonad"
"LOC115137090",258.013359006187,-0.473743210448525,0.159147454089147,-2.97623584387188,0.00291810354316322,0.0385317003124883,"protein phosphatase 1 regulatory subunit 37-like","gonad"
"LOC115140604",25.6455248130505,-0.474371893668731,0.163198791295742,-2.89966568282717,0.0037356085983143,0.0447091033032264,"uncharacterized LOC115140604","gonad"
"LOC115133082",26.9618074758227,-0.474909397200688,0.166505422682353,-2.84567941727424,0.0044316785891084,0.0492420786192485,"DNA/RNA-binding protein KIN17-like","gonad"
"nkrf",53.5939699453273,-0.475483917068124,0.156992523061486,-3.02484789196626,0.00248758199059371,0.0354509722301565,"NFKB repressing factor, transcript variant X1","gonad"
"LOC115144880",369.81205118906,-0.475819857792772,0.16094144404756,-2.95638681227494,0.00311266453978266,0.0400237516885935,"elongation factor 2-like, transcript variant X1","gonad"
"LOC115119807",20.277264109508,-0.476872558315944,0.163919642880947,-2.90152493037892,0.00371351229570932,0.044503319630956,"hyccin-like, transcript variant X1","gonad"
"LOC115102877",77.0981885208614,-0.47829625154,0.165628512936589,-2.88730372937508,0.00388558942761982,0.0456317992547642,"serine/threonine-protein kinase OSR1-like, transcript variant X2","gonad"
"LOC115105150",323.496841594778,-0.47870887019265,0.154652507661327,-3.0950047064152,0.00196809774120572,0.0307053620521425,"sickle tail protein-like, transcript variant X4","gonad"
"LOC115118153",167.980470766045,-0.479129320319394,0.129996206273007,-3.68527982563141,0.00022845150239336,0.00901931889388721,"protein Tob1-like","gonad"
"LOC115103754",104.730482225521,-0.479336265315416,0.13831743263612,-3.46416494212351,0.00053188027341744,0.0140769945250248,"junction plakoglobin-like","gonad"
"dkk3",459.492998620849,-0.479477949828538,0.164694790471868,-2.91169310833183,0.00359475628563171,0.043861985296749,"dickkopf WNT signaling pathway inhibitor 3, transcript variant X1","gonad"
"LOC115144075",137.479363382194,-0.481302914125642,0.13693022439208,-3.51353580850675,0.000442184808386884,0.0127870306457385,"protein phosphatase 1B-like, transcript variant X2","gonad"
"LOC115134994",14.1464761435797,-0.482961184534103,0.165288371865324,-2.91348607150412,0.00357417781274841,0.0437567522040874,"mitogen-activated protein kinase kinase kinase kinase 3-like, transcript variant X3","gonad"
"LOC115141125",80.972762233171,-0.48359793648659,0.160176052850993,-3.01636117252007,0.00255828336127416,0.0359228095184019,"nuclear receptor subfamily 1 group D member 2-like","gonad"
"LOC115119639",57.7233389337833,-0.48363070849516,0.165904311337658,-2.91193773326364,0.00359194230439568,0.043861985296749,"protein FAM214B-like, transcript variant X1","gonad"
"LOC115104864",52.4888741648114,-0.483783256972353,0.148372756274906,-3.2596389851461,0.00111554108674394,0.0217701596167883,"thioredoxin domain-containing protein 5-like","gonad"
"LOC115131726",57.9404257060377,-0.483887762937628,0.161747761441573,-2.98879925054012,0.00280076083924323,0.037751012470156,"zinc finger and BTB domain-containing protein 12-like, transcript variant X2","gonad"
"LOC115117991",102.486098105862,-0.486938368115782,0.126128893113006,-3.85938007914531,0.000113675022731145,0.00648615570193903,"TNF receptor-associated factor 6-like","gonad"
"LOC115132494",1272.72134355451,-0.487560339921175,0.141910912019488,-3.4356624452576,0.000591106967583417,0.0150118242428467,"40S ribosomal protein S26","gonad"
"LOC115128576",121.60906616583,-0.487912069842833,0.14842776632637,-3.28552560123729,0.00101792291484887,0.020930247386179,"mannosyl-oligosaccharide 1,2-alpha-mannosidase IB-like, transcript variant X1","gonad"
"LOC115101943",54.7946561740521,-0.488725610240877,0.154943953237989,-3.15112463238247,0.00162643071949046,0.0271660314103669,"SRSF protein kinase 1-like, transcript variant X1","gonad"
"stk25",41.4539812365986,-0.4902748181857,0.16188826204711,-3.02349142434652,0.00249876110746261,0.0355004688286836,"serine/threonine kinase 25, transcript variant X1","gonad"
"LOC115143188",31.8141526127865,-0.49045680730087,0.148189353883838,-3.30421766856771,0.000952418529774804,0.0201774922130587,"AMP deaminase 2-like, transcript variant X1","gonad"
"LOC115128571",45.2502877495529,-0.491455152695922,0.160850665532966,-3.05535070534176,0.00224797489774227,0.0330934111010392,"asparagine synthetase [glutamine-hydrolyzing]-like","gonad"
"LOC115107659",107.113245259047,-0.492234136985805,0.136727481459124,-3.59868054324283,0.000319835777279111,0.0106729870011963,"transcription regulator protein BACH2-like","gonad"
"LOC115134860",63.0811729868987,-0.493026460189175,0.167968605740142,-2.93202993460313,0.00336754285983883,0.0421662814918854,"round spermatid basic protein 1-like","gonad"
"LOC115130204",44.0675270445173,-0.493374101662233,0.165928368102438,-2.96817357783876,0.0029957510455637,0.0390738907925679,"serine/threonine-protein phosphatase 4 regulatory subunit 1-like, transcript variant X1","gonad"
"LOC115134088",25.4457165381632,-0.495869863366194,0.169904313346134,-2.91464567885536,0.00356092571525677,0.0436838968150013,"adhesion G protein-coupled receptor G3-like, transcript variant X1","gonad"
"ski",363.32758779153,-0.495887562149358,0.143352104429433,-3.45877070028754,0.000542646666813055,0.014258021537855,"SKI proto-oncogene","gonad"
"mvb12b",53.1359736049774,-0.496647550669185,0.159669051804325,-3.10595379045434,0.00189666352545558,0.0301012438532968,"multivesicular body subunit 12B, transcript variant X2","gonad"
"LOC115108233",52.1505573715017,-0.498154553074778,0.171533780987335,-2.90183317741923,0.00370986042502986,0.044503319630956,"formin-like protein 2, transcript variant X7","gonad"
"LOC115110792",53.2084837726799,-0.498399457735303,0.141232549319891,-3.52656353666397,0.000420990140206104,0.0124486921589284,"STE20-related kinase adapter protein alpha-like, transcript variant X1","gonad"
"ddo",38.338100820817,-0.499417229442044,0.167468710516521,-2.97894843763975,0.0028923944654817,0.0383626498917444,"D-aspartate oxidase, transcript variant X4","gonad"
"LOC115121109",289.987261933766,-0.499701801770221,0.139688127254744,-3.57647331732291,0.000348260845632734,0.0111517176601551,"torsin-1A-interacting protein 2-like, transcript variant X1","gonad"
"LOC115132911",67.5111376813133,-0.500483343772435,0.172496429995643,-2.89825548283198,0.00375244780408305,0.0448220015335077,"palmitoyltransferase ZDHHC17-like","gonad"
"LOC115117173",65.3751314752698,-0.500902512452324,0.174735248523741,-2.86345154639581,0.0041905290088751,0.0475520279282102,"chloride channel protein 2-like, transcript variant X1","gonad"
"LOC115112532",150.330530277989,-0.503280608234571,0.167281803087786,-3.00745366830813,0.00263446279650441,0.0365265727974365,"protein MRVI1-like","gonad"
"LOC115128542",103.874974507454,-0.504149830567151,0.174920828507937,-2.88187969059266,0.00395310639498355,0.046126349426299,"cAMP-dependent protein kinase inhibitor alpha-like","gonad"
"LOC115124872",295.456572720848,-0.505918121089408,0.128007381124748,-3.95177309363971,7.75742783316303e-05,0.00525856336781094,"ankyrin repeat and sterile alpha motif domain-containing protein 1B-like, transcript variant X3","gonad"
"LOC115146279",35.7953522580772,-0.506103947553065,0.163975037424952,-3.08218798655029,0.00205485024109646,0.0313213834236536,"uncharacterized protein C14orf28 homolog","gonad"
"LOC115108213",279.857947011176,-0.506191815193291,0.165160715658402,-3.06530593732057,0.00217447441353533,0.0322810772298834,"cystathionine gamma-lyase-like, transcript variant X2","gonad"
"aldh7a1",428.373852062094,-0.507106612563352,0.128561197879596,-3.94447252895436,7.9975820628229e-05,0.0053188314993631,"aldehyde dehydrogenase 7 family member A1","gonad"
"LOC115106878",113.854416120634,-0.507522582486999,0.128480015437398,-3.94761498666267,7.8933609588696e-05,0.0053104527988003,"mediator of DNA damage checkpoint protein 1-like","gonad"
"LOC115127885",12.6927215199479,-0.512870622762799,0.168868609536738,-3.02277147744188,0.00250471309024143,0.0355004688286836,"kelch-like protein 8","gonad"
"LOC115129807",41.3322880373338,-0.513939464116015,0.155970217469564,-3.29130681438145,0.000997230844289456,0.0207159304449878,"inositol-3-phosphate synthase 1-A-like, transcript variant X1","gonad"
"LOC115103345",134.192720150622,-0.514219747963027,0.175368676959944,-2.93268916142113,0.00336040145019511,0.0421058997444737,"gastrula zinc finger protein xFG20-1-like","gonad"
"LOC115132283",147.488493748639,-0.514237877536276,0.186444668296517,-2.99434812137364,0.00275031945171356,0.0374115052447483,"complement receptor type 2-like, transcript variant X1","gonad"
"kctd3",23.9687828899906,-0.515002214630577,0.170061475268208,-3.02101239514251,0.00251931046628806,0.0355440348415262,"potassium channel tetramerization domain containing 3, transcript variant X2","gonad"
"LOC115106603",127.011028194223,-0.515822184035875,0.162175174528158,-3.18018198305352,0.00147182589819847,0.0255962365974055,"heparan sulfate glucosamine 3-O-sulfotransferase 2-like, transcript variant X3","gonad"
"LOC115101288",42.8272458887801,-0.516155006811188,0.168879179980951,-3.05239351103466,0.00227024267089623,0.0332519456583308,"lysine-specific demethylase 6B-like","gonad"
"LOC115117577",47.2515022093744,-0.516416613376648,0.149304128402304,-3.45677632961123,0.000546678396359986,0.0143431979253062,"cytohesin-2, transcript variant X2","gonad"
"LOC115105085",21.9989539821998,-0.519497703367206,0.170256833215899,-3.04408744192405,0.00233387293617422,0.0337370995455248,"sorting nexin-16-like","gonad"
"LOC115117837",42.3926327156188,-0.520716354391474,0.151959555237521,-3.42303384791522,0.00061926365656965,0.0155462162527157,"uncharacterized LOC115117837","gonad"
"six3",16.6619728431728,-0.520757170236994,0.181023940251145,-2.87069254974535,0.00409573668669006,0.0470646805592055,"SIX homeobox 3","gonad"
"LOC115131585",38.1815023357846,-0.522484977067236,0.166732805898854,-3.13226585972025,0.00173462722366422,0.0284240901379491,"collagen alpha-1(XIV) chain-like, transcript variant X3","gonad"
"LOC115144073",30.7440149971406,-0.523969046845604,0.177206554502316,-2.94964890633256,0.00318135226267957,0.0406384627373089,"metastasis-associated protein MTA3-like","gonad"
"mthfd1",15.7830268979535,-0.525069016617464,0.169911685055633,-3.08172119449245,0.00205807503989969,0.0313213834236536,"methylenetetrahydrofolate dehydrogenase, cyclohydrolase and formyltetrahydrofolate synthetase 1","gonad"
"LOC115126382",14.7494436286652,-0.528263516988744,0.161074627562972,-3.26597311683384,0.00109088605205123,0.0215753019183465,"uncharacterized LOC115126382","gonad"
"LOC115117122",192.40125039428,-0.528957027604694,0.181325270288304,-2.91644445506677,0.00354045756627053,0.0436098257981119,"gamma-adducin-like","gonad"
"LOC115133242",113.606477945929,-0.529509321136341,0.14126407956482,-3.74710462421812,0.000178887486302766,0.00798005209167819,"kinesin-like protein KIF21A, transcript variant X1","gonad"
"LOC115120938",28.6308336552087,-0.530098996837744,0.181432059710549,-2.91514376253121,0.00355524730564736,0.0436732544528644,"BTB/POZ domain-containing protein KCTD9-like, transcript variant X2","gonad"
"LOC115145610",778.245791068724,-0.530936122859261,0.165815152427588,-3.20214084771279,0.00136410283016294,0.0244971819826295,"40S ribosomal protein S3a","gonad"
"LOC115130555",243.513847546747,-0.533409968059428,0.187907241445896,-2.83954223493657,0.00451783140238292,0.0498435875094597,"serine/threonine-protein phosphatase 2A 55 kDa regulatory subunit B gamma isoform, transcript variant X2","gonad"
"fbxl8",65.4206565444766,-0.535065623778815,0.18095404411369,-2.95341549354417,0.00314278643219587,0.0402684759794976,"F-box and leucine rich repeat protein 8, transcript variant X2","gonad"
"LOC115104856",20.2424462815314,-0.536271330073409,0.186969519683533,-2.86413502737037,0.0041814972095084,0.0475089257420742,"diacylglycerol kinase beta-like","gonad"
"LOC115136720",34.8703111399708,-0.537396993948202,0.183016064302812,-2.93501722748339,0.00333529169891888,0.041906959228769,"dixin-A-like, transcript variant X3","gonad"
"LOC115109617",45.1447608362507,-0.538958502178799,0.145247958430254,-3.70630753741327,0.000210302912973028,0.00862296451807823,"protein-methionine sulfoxide oxidase mical2b-like, transcript variant X3","gonad"
"LOC115141928",48.3099220655962,-0.53903658135921,0.180436167558421,-2.98531699278513,0.00283284590503401,0.0379475296792082,"kinase suppressor of Ras 1-like","gonad"
"LOC115128772",35.6095363512352,-0.539055062523327,0.176313771969049,-3.05365602974472,0.00226071125712161,0.0332083119614078,"protein capicua homolog","gonad"
"LOC115130252",49.8160849578428,-0.540219756915409,0.174487208978154,-3.09134361635341,0.00199252907423614,0.0308657005969608,"TGF-beta receptor type-1-like, transcript variant X2","gonad"
"LOC115130272",168.805188233825,-0.543280067601131,0.157268107380114,-3.45413934121326,0.000552052061395169,0.0144079001861783,"protein adenylyltransferase SelO-like, transcript variant X2","gonad"
"LOC115112071",58.2666210571598,-0.544701728940561,0.167131857654555,-3.25726604855797,0.00112490944656682,0.0219140084891279,"lysosomal acid phosphatase-like","gonad"
"LOC115140096",126.43035921092,-0.545753752463104,0.174983428951587,-3.118646153646,0.00181684008811278,0.0292433941841983,"ankyrin-1-like, transcript variant X2","gonad"
"LOC115104573",23.4716744042605,-0.547677032090509,0.190403065474041,-2.87095229703509,0.00409237276598496,0.0470646805592055,"claudin-11-like, transcript variant X2","gonad"
"LOC115122161",16.5395134662983,-0.548039148507299,0.183640130410546,-2.97116752849232,0.00296669899542582,0.0389186321972191,"CREB-binding protein-like","gonad"
"LOC115128459",108.429185937825,-0.548079536547116,0.16518354427985,-3.31715034229518,0.000909406664946495,0.0195215427281448,"synaptotagmin-11-like","gonad"
"LOC115110918",13.1913229404919,-0.549342291031793,0.18730597060243,-2.9262399442369,0.00343086211014048,0.0427820964778232,"TBC1 domain family member 17-like","gonad"
"LOC115144777",87.0051557652983,-0.550514337112982,0.169568093263171,-3.24620268829122,0.00116955538421789,0.0224666468253504,"serine/threonine-protein kinase pim-3-like","gonad"
"LOC115103276",27.7165653227019,-0.551232982410965,0.149936496503081,-3.66994470216596,0.000242602944214779,0.00921485157984003,"metal-response element-binding transcription factor 2-like, transcript variant X4","gonad"
"LOC115130421",32.4967138380567,-0.551541801525636,0.184612391041861,-2.98700420762503,0.00281725844969189,0.0378700734324699,"leucine-rich repeat-containing protein 14-like","gonad"
"LOC115139220",6899.7408333544,-0.559400853537466,0.176831179923483,-3.77481671184084,0.000160125353843877,0.00749762792646944,"trichohyalin-like","gonad"
"LOC115117947",13.5350375306912,-0.5599013675211,0.194494892132029,-2.86775966269222,0.00413389427230296,0.0472638440855999,"plexin-B2-like","gonad"
"LOC115138720",13.72195925279,-0.560410997949351,0.175781774536132,-3.17353942070681,0.00150592450296874,0.025824802244446,"coiled-coil domain-containing protein 85C-A-like, transcript variant X2","gonad"
"tc2n",43.5286704210855,-0.560541403490302,0.17956570550022,-3.11753225147983,0.00182371991544968,0.0292713938148245,"tandem C2 domains, nuclear","gonad"
"LOC115124248",54.8297397078676,-0.561427253616083,0.166118186371877,-3.37610908599106,0.000735187637552464,0.017385716693179,"filamin-A-like","gonad"
"LOC115144825",157.606580475019,-0.562964254025803,0.197031188917369,-2.85973113754368,0.00424000310078341,0.0479336838716211,"solute carrier family 41 member 2-like","gonad"
"LOC115143294",234.529765791313,-0.563397668769248,0.175210754769756,-3.21519542854155,0.00130355743511448,0.0239092064159742,"rho-related BTB domain-containing protein 3-like, transcript variant X2","gonad"
"ccdc80",27.4504426740634,-0.565620128646379,0.189430534761435,-2.98178321389686,0.00286574845735899,0.0381455491142301,"coiled-coil domain containing 80, transcript variant X3","gonad"
"LOC115114512",13.4941175825494,-0.569160939991816,0.190285724054585,-2.98425335579778,0.0028427128194909,0.0379781412440594,"Golgi-associated plant pathogenesis-related protein 1-like","gonad"
"LOC115113086",35.875771490782,-0.572198950185276,0.182726671986964,-3.13131155430648,0.00174027432564227,0.0284909113222372,"transmembrane protein 150A-like","gonad"
"LOC115127399",32.4854594420095,-0.57225185702297,0.185531505762183,-3.0795718948995,0.00207298330870243,0.0313700415963597,"ephrin type-A receptor 4-like","gonad"
"znf276",13.9483641151196,-0.572933815173011,0.185494905679687,-3.07198331445902,0.00212641611104126,0.0318016564349795,"zinc finger protein 276","gonad"
"LOC115134531",363.94402327427,-0.573865026580202,0.197601329040342,-2.90591592651056,0.00366179822816764,0.0442045270150343,"protein disulfide-isomerase A3-like","gonad"
"LOC115125883",33.2754461303097,-0.574167054821911,0.16579177308527,-3.45949930920183,0.000541180665471294,0.0142401103801403,"sushi-repeat-containing protein SRPX-like, transcript variant X2","gonad"
"LOC115131709",1207.37636569008,-0.575522112450908,0.178745382552265,-3.22047266910073,0.00127979395061075,0.0237412926625662,"syndecan-2-A-like","gonad"
"LOC115143333",261.970968068796,-0.575980347673962,0.180278199325899,-3.19532923475123,0.00139671409532734,0.0247402352339154,"GATA-binding factor 2-like, transcript variant X2","gonad"
"LOC115146963",18.8806472009276,-0.577178307775932,0.161269711212225,-3.56828222515056,0.000359329338374892,0.0112886959530912,"splicing factor, arginine/serine-rich 15-like","gonad"
"LOC115134283",403.227465380474,-0.578436258024382,0.160081230500658,-3.61340562044554,0.000302201387025159,0.0103876605294663,"1-acyl-sn-glycerol-3-phosphate acyltransferase gamma-like, transcript variant X2","gonad"
"LOC115125756",12.5403217617984,-0.579657934133181,0.189630902256024,-3.0453408906735,0.00232416716143472,0.0337041365678984,"protein diaphanous homolog 1-like","gonad"
"LOC115130104",268.596734022632,-0.580014903272006,0.19849136173887,-2.92458344894497,0.00344917585922349,0.0428926280137409,"lipase member H-like","gonad"
"LOC115133950",235.958965203185,-0.586587660232052,0.2033099881136,-2.88892778678095,0.00386557834989109,0.0455262972625901,"proton myo-inositol cotransporter-like, transcript variant X2","gonad"
"LOC115109663",80.8612990376616,-0.587508430077264,0.203420385889391,-2.88928741982749,0.00386115975604265,0.045521569175786,"caveolin-1-like","gonad"
"LOC115114294",554.774675273848,-0.587747028847691,0.164970449644989,-3.56266138984106,0.000367114075393815,0.0114551407205159,"receptor-type tyrosine-protein phosphatase U-like","gonad"
"LOC115127433",43.5883531010923,-0.59175286481415,0.195627779703324,-3.02057377262434,0.0025229623841103,0.0355440348415262,"gamma-adducin-like, transcript variant X1","gonad"
"LOC115130756",13.0453316756404,-0.591959700497465,0.202638970453865,-2.90172769012053,0.00371110978870538,0.044503319630956,"protein transport protein Sec24B-like, transcript variant X1","gonad"
"LOC115121135",62.0219405730761,-0.592508123919645,0.18510337028148,-3.19812913657362,0.00138322323359407,0.02466582139651,"peptidase inhibitor 15-A-like","gonad"
"LOC115112305",36.5670884283954,-0.595657696258265,0.204520249876642,-2.90785721793467,0.00363914451538115,0.0440482052141735,"rho family-interacting cell polarization regulator 1-like, transcript variant X2","gonad"
"LOC115145152",79.8177607409702,-0.596112139582702,0.203161102034267,-2.9352378788482,0.00333292071338155,0.0419061693020466,"nucleoprotein TPR-like, transcript variant X10","gonad"
"LOC115103635",35.8697635242579,-0.598016861733657,0.172942754366693,-3.45100338902054,0.000558506556109704,0.0144384723578429,"thyrotroph embryonic factor-like","gonad"
"LOC115123349",125.646293974585,-0.59851873145326,0.181171311281594,-3.30326973778917,0.000955644162973292,0.0202006143877935,"gamma-secretase subunit Aph-1b-like","gonad"
"LOC115130419",75.2306711645706,-0.600722890719151,0.199793109783944,-3.00723502054808,0.00263635853921558,0.0365265727974365,"extended synaptotagmin-2-A-like, transcript variant X3","gonad"
"LOC115116421",63.8231520654891,-0.600972007801526,0.172055320795608,-3.48926416975732,0.00048435222846229,0.0133713160886435,"lysine-specific demethylase 4B-like, transcript variant X1","gonad"
"LOC115125272",12.8608302573205,-0.602048192426875,0.211602508385659,-2.83877986217013,0.00452863875520582,0.0498435875094597,"uncharacterized protein KIAA1522 homolog","gonad"
"LOC115140861",78.8392790818436,-0.60459899025951,0.213472353438105,-2.84569601795209,0.00443144758438406,0.0492420786192485,"trypsin-3","gonad"
"LOC115126859",32.4129877234847,-0.607374335903648,0.195503986019445,-3.10561342799402,0.00189884777843657,0.0301095897513488,"NUAK family SNF1-like kinase 1","gonad"
"LOC115114860",1619.3789878466,-0.607456760828682,0.180098929622497,-3.37371496486809,0.000741611162461587,0.0174269934452069,"alanine aminotransferase 2-like","gonad"
"LOC115129753",57.8678812455561,-0.608228359504111,0.215112928125441,-2.84582487116073,0.00442965491418919,0.0492420786192485,"sodium-driven chloride bicarbonate exchanger-like, transcript variant X3","gonad"
"LOC115119565",61.8181129814339,-0.609016992515027,0.194638128728452,-3.12623470491212,0.00177060178611422,0.028754066215286,"ephrin type-B receptor 3-like","gonad"
"LOC115142771",51.52068444169,-0.609783224199654,0.173604784231318,-3.50713745599396,0.000452955106184399,0.0128900515797554,"chromodomain-helicase-DNA-binding protein 6-like, transcript variant X5","gonad"
"LOC115109045",44.1668050804488,-0.611006253253537,0.204214295832,-2.99675132267585,0.00272873207999776,0.0372782992057482,"thromboxane A2 receptor-like","gonad"
"LOC115102129",17.0095246423485,-0.613381879375229,0.167257722632959,-3.65486589041673,0.000257316449633889,0.00952185378288109,"translocating chain-associated membrane protein 1-like 1, transcript variant X1","gonad"
"LOC115125018",15.4805427313337,-0.615140741948233,0.211024294549688,-2.90992342295566,0.00361517321237262,0.0439044045778176,"guanylate cyclase soluble subunit alpha-2-like","gonad"
"LOC115138007",30.5057176281451,-0.61518560140847,0.177673069693442,-3.45362189505925,0.000553112273064898,0.0144079001861783,"probable G-protein coupled receptor 132","gonad"
"LOC115145120",81.8000333600796,-0.61566408059397,0.170969130034216,-3.59969667651034,0.000318588591513949,0.0106729870011963,"ras-like protein family member 11B","gonad"
"LOC115125008",103.908490755388,-0.616365937526291,0.177053965681957,-3.4799114757191,0.000501579485197652,0.0135920554227591,"immunoglobulin superfamily member 8-like","gonad"
"LOC115138279",61.0253203943934,-0.616373741606539,0.200505565079686,-3.07393698589978,0.00211254048721233,0.0317122921188483,"calcipressin-2-like","gonad"
"LOC115144036",15.6240711698841,-0.616720395794703,0.206801605010348,-2.98501217920008,0.0028356703313456,0.0379475296792082,"protein phosphatase 1 regulatory subunit 3C-B-like","gonad"
"LOC115101924",28396.6443811035,-0.618529993453776,0.179659256832722,-3.44379450506678,0.000573611496866041,0.0147097321145478,"apolipoprotein C-I-like","gonad"
"LOC115136422",63.4465304183941,-0.619341868625572,0.183332980083736,-3.38020335886599,0.000724322159581918,0.0172210466660297,"protein ABHD14B-like","gonad"
"LOC115132492",120.382861025851,-0.619825009631195,0.183945174518686,-3.36799190241208,0.000757178199828591,0.0175728330653349,"limb region 1 homolog-like protein, transcript variant X2","gonad"
"nalcn",130.896772296967,-0.62251378657539,0.165050389947345,-3.76959391544118,0.000163513373117581,0.00758974167730425,"sodium leak channel, non-selective, transcript variant X3","gonad"
"LOC115137301",1216.2112734426,-0.625879313901597,0.180261967829588,-3.47290008470603,0.000514866990892739,0.0137607901637429,"mucin-5AC-like, transcript variant X2","gonad"
"LOC115145981",48.8991009556067,-0.627111778095667,0.214316846270859,-2.93965859898463,0.0032857406380996,0.0415956665874524,"HHIP-like protein 1","gonad"
"LOC115103873",2173.95558991246,-0.628977532597519,0.179888607277472,-3.49740839912267,0.000469802020102747,0.0131024968924508,"voltage-dependent calcium channel gamma-1 subunit-like","gonad"
"LOC115102444",28.9887279359442,-0.629091747078098,0.186862750396377,-3.35713385647968,0.000787549751294615,0.0179497325257739,"plexin-A2-like","gonad"
"cacna2d4",43.7362681366901,-0.63029374037781,0.184883957161436,-3.40639550924183,0.000658267426577019,0.0161693783552382,"calcium voltage-gated channel auxiliary subunit alpha2delta 4, transcript variant X2","gonad"
"LOC115131461",709.088144855303,-0.631042800801124,0.214853818228772,-2.9557391819957,0.00311920740082382,0.0400655551983888,"terminal nucleotidyltransferase 5A-like","gonad"
"LOC115113209",24.1794716340508,-0.634168268153273,0.168028796520317,-3.76406028942861,0.000167176550261904,0.00768419606722816,"receptor-type tyrosine-protein phosphatase epsilon-like, transcript variant X1","gonad"
"LOC115125685",252.760305556352,-0.634500825210308,0.204427843020752,-3.10747654362949,0.00188691958896126,0.0299728014498519,"amyloid-like protein 2","gonad"
"LOC115122287",14.7112696657637,-0.635042484270407,0.215080263769375,-2.9764473894065,0.00291609111059852,0.0385317003124883,"putative N-acetylated-alpha-linked acidic dipeptidase","gonad"
"LOC115127896",13.469719376834,-0.636291696295266,0.214336561184231,-2.97368275276726,0.00294249125685044,0.0387691373435243,"lysosome membrane protein 2-like","gonad"
"LOC115101055",163.318422509473,-0.637597623226724,0.209212708061891,-3.05300204094732,0.00226564397395746,0.0332519456583308,"tubulin alpha chain, testis-specific-like","gonad"
"LOC115130649",39.0069625168855,-0.637858181625136,0.166499787286013,-3.82415037774997,0.00013122380918158,0.00704049338379731,"vascular endothelial growth factor receptor kdr-like","gonad"
"LOC115138295",39.6718886674016,-0.638210249060707,0.153405173960384,-4.15203961176785,3.29525205480218e-05,0.00353926596456607,"leucine zipper protein 1-like, transcript variant X1","gonad"
"LOC115129462",13.7607333927294,-0.639166824615016,0.214261937503483,-3.01380136680738,0.00257996660895433,0.0360506581735276,"neuronal acetylcholine receptor subunit alpha-7-like","gonad"
"LOC115133918",1427.49689219717,-0.6395510221515,0.174430953219939,-3.66716539277143,0.000245254170668277,0.00927673900552758,"protein regulator of cytokinesis 1-like, transcript variant X2","gonad"
"LOC115142960",162.540645589816,-0.640455071716569,0.122180234938925,-5.2390848439654,1.61374839631654e-07,0.000292992158835232,"double-stranded RNA-binding protein Staufen homolog 1-like, transcript variant X1","gonad"
"LOC115104701",13.8818912866666,-0.642013709587965,0.212356916952179,-3.03306149537245,0.00242086261708396,0.0345815748825935,"tubulin polymerization-promoting protein family member 3-like","gonad"
"LOC115131711",146.069226035326,-0.651855500840949,0.214262382240153,-3.05661852648335,0.00223848959719922,0.0330182448281122,"angiopoietin-1-like, transcript variant X2","gonad"
"LOC115130275",35.5049507792968,-0.653753704266311,0.182142874257837,-3.58412503591648,0.000338210048619906,0.011005588853319,"uncharacterized LOC115130275, transcript variant X2","gonad"
"LOC115108209",74.6070750477559,-0.654372094232755,0.171811365446259,-3.80560372723179,0.000141458713920677,0.00727570654375019,"ankyrin repeat domain-containing protein 13C-like, transcript variant X1","gonad"
"LOC115129786",150.60650475285,-0.655263872599863,0.158005618954871,-4.14723043147868,3.36521326775238e-05,0.00355225651682047,"unconventional myosin-Ib-like, transcript variant X2","gonad"
"LOC115103793",100.729215659839,-0.655422560208941,0.14813338999546,-4.42168187477639,9.79355779983348e-06,0.00218255135740007,"platelet endothelial cell adhesion molecule-like, transcript variant X5","gonad"
"LOC115138273",495.330667477679,-0.655778366424527,0.162017616343065,-4.04740823707539,5.17878740764553e-05,0.00436078229580039,"WD repeat-containing protein 25-like, transcript variant X1","gonad"
"LOC115139421",63.450192390327,-0.657484475902845,0.214792235512593,-3.08201501521728,0.00205604465989105,0.0313213834236536,"uncharacterized LOC115139421, transcript variant X2","gonad"
"amh",86.9246762737259,-0.657594716587814,0.214624095213951,-3.08201708392221,0.00205603037110212,0.0313213834236536,"anti-Mullerian hormone","gonad"
"LOC115144066",569.679312008219,-0.660942370650212,0.159281543921372,-4.14940450717253,3.33341308625688e-05,0.00353926596456607,"lutropin-choriogonadotropic hormone receptor-like","gonad"
"LOC115112547",166.00819423742,-0.663297838817908,0.178247651796883,-3.72017753573997,0.000199082783098031,0.00835761048150494,"tubulin beta-3 chain-like","gonad"
"LOC115111177",49.7787768528068,-0.667449232590247,0.215058295841181,-3.12154400516875,0.00179905358462595,0.0291119580057655,"cAMP-specific 3',5'-cyclic phosphodiesterase 4D-like","gonad"
"LOC115121176",32.3858746565466,-0.668194587440771,0.186309637097863,-3.57956414261746,0.000344167765607462,0.0110702363010125,"programmed cell death protein 4-like, transcript variant X2","gonad"
"LOC115143423",88.4086663742239,-0.668852732043856,0.203065024862049,-3.29741895276918,0.000975778315035851,0.020425509612949,"tumor necrosis factor receptor superfamily member 8-like","gonad"
"LOC115129489",92.8207712894022,-0.67058541782777,0.197128491349083,-3.68250678007014,0.000230951723617511,0.00905679553802459,"insulin-like growth factor-binding protein 7, transcript variant X1","gonad"
"LOC115120595",199.220476913224,-0.671987664937214,0.214894608080831,-3.16320518949962,0.0015604230704889,0.0264035799327087,"uncharacterized LOC115120595","gonad"
"LOC115139225",98.3171322872015,-0.673671350105065,0.176709440255015,-3.8131144832427,0.000137226507728764,0.0071626947472372,"tribbles homolog 2-like, transcript variant X1","gonad"
"serpini1",23.2739112807844,-0.677822307569574,0.209491421971825,-3.23465016225975,0.00121791858276727,0.0230819726395852,"serpin family I member 1","gonad"
"LOC115106960",144.533896588854,-0.678028683700268,0.208447661487668,-3.26132672719445,0.00110892183448849,0.0216956733049279,"synaptophysin-like protein 1","gonad"
"LOC115136222",65.8998065925158,-0.678907804174697,0.166799656422277,-4.06565770235806,4.78971927189779e-05,0.00414461878342813,"semaphorin-3F-like, transcript variant X1","gonad"
"LOC115127439",3245.82677121426,-0.682767416010346,0.202640678060692,-3.37452917080101,0.00073942078827054,0.0174269934452069,"extracellular matrix protein 1-like","gonad"
"LOC115129184",16.9504155775469,-0.690385966680013,0.214724504543325,-3.24558416831824,0.00117209910074011,0.0224666468253504,"solute carrier family 25 member 48-like","gonad"
"LOC115127705",16.7341869643174,-0.69114486578432,0.189762519028349,-3.63245582127566,0.000280736650852203,0.0100266572962441,"voltage-dependent L-type calcium channel subunit alpha-1D-like","gonad"
"LOC115116544",267.947091439063,-0.691977562209502,0.212620435003324,-3.26751147947966,0.00108497466267667,0.0215753019183465,"alpha-tubulin N-acetyltransferase 1-like, transcript variant X2","gonad"
"LOC115129860",28.359375104866,-0.693288252964608,0.193823041063099,-3.57223667130311,0.000353945315341575,0.0112150630808755,"low-density lipoprotein receptor-related protein 1B-like","gonad"
"LOC115101191",2142.55281658378,-0.693988248107022,0.213403694008929,-3.26878686052117,0.00108009629791533,0.0215753019183465,"CD209 antigen-like protein E","gonad"
"LOC115133045",25.5912992736799,-0.696784646334637,0.195486403013062,-3.91164101923792,9.16711035086592e-05,0.00571952080860212,"probable polypeptide N-acetylgalactosaminyltransferase 8","gonad"
"LOC115137881",71.223531078766,-0.700723552685643,0.197628074187936,-3.54894136028225,0.000386783203714972,0.0117943146761359,"ras-like protein family member 11A-like","gonad"
"LOC115130107",45.3453873047927,-0.703886883010041,0.171689449951695,-4.09494209195224,4.222739195273e-05,0.00389177933144043,"ribosomal protein S6 kinase alpha-3-like, transcript variant X2","gonad"
"LOC115140801",175.097155302637,-0.706039525522569,0.196128910732421,-2.86490653607019,0.00417132339596113,0.0474527240457833,"CD209 antigen-like protein E, transcript variant X2","gonad"
"LOC115103771",58.4397177740076,-0.706388935545789,0.207865667938518,-3.4060796383159,0.000659029520977982,0.0161693783552382,"insulin-like growth factor-binding protein 4","gonad"
"LOC115102861",174.256236871383,-0.711065578276206,0.204502589919896,-3.48151808965838,0.000498580103269284,0.0135920554227591,"protein piccolo-like","gonad"
"LOC115133047",35.9722819486497,-0.713857007904704,0.188606994703354,-3.16212624961312,0.00156621645177667,0.0264769328663476,"probable polypeptide N-acetylgalactosaminyltransferase 8","gonad"
"LOC115118973",28.5379183649306,-0.723242494047087,0.200902338672798,-3.59855845264169,0.000319985936497883,0.0106729870011963,"extracellular matrix protein 1-like, transcript variant X2","gonad"
"LOC115123203",123.701672331111,-0.725980951481649,0.176964498385873,-4.10174306794833,4.10049450004099e-05,0.00389177933144043,"sodium-dependent lysophosphatidylcholine symporter 1-B-like, transcript variant X1","gonad"
"LOC115128745",41.0506063405233,-0.728344215092219,0.196376725330458,-3.70619384120908,0.000210397294641367,0.00862296451807823,"exportin-4, transcript variant X2","gonad"
"LOC115143798",771.560027058957,-0.731676473081005,0.214320081349808,-3.43801667519628,0.000585991611431824,0.0149218284672597,"acidic mammalian chitinase-like","gonad"
"LOC115128805",133.50958580138,-0.734581156949543,0.21142820444398,-3.48685820123358,0.000488730411198309,0.0134445293116917,"rho GTPase-activating protein 4-like","gonad"
"LOC115110363",19.9798831006178,-0.740432637625556,0.215022655453006,-3.47169566212858,0.000517182289337453,0.0137607901637429,"hemoglobin subunit alpha-1","gonad"
"LOC115112364",98.9109235585578,-0.741268105383749,0.202673472727594,-3.66247182527387,0.000249793233526475,0.00940922395831263,"dysbindin domain-containing protein 1-like, transcript variant X2","gonad"
"LOC115121570",86.6877441917425,-0.745764514157445,0.210694647798709,-3.55242627392377,0.000381695964551952,0.0117260100379107,"filamin A-interacting protein 1-like","gonad"
"LOC115112550",311.316637079777,-0.751867752496217,0.169014756705661,-4.44805145418576,8.66527751166144e-06,0.00218255135740007,"tubulin beta-3 chain-like","gonad"
"tnr",27.5501347918239,-0.752629273913405,0.210899428867591,-3.67986989057402,0.000233352984060067,0.00907228432247232,"tenascin R, transcript variant X1","gonad"
"LOC115135188",17.1463471363375,-0.754649677337649,0.214724718381177,-3.52747352624454,0.000419545713743649,0.0124262185623649,"uncharacterized LOC115135188","gonad"
"LOC115123433",321.369625248854,-0.760428030690529,0.194869395498207,-4.43718016654084,9.11450032296755e-06,0.00218255135740007,"dentin sialophosphoprotein-like","gonad"
"LOC115128193",31.7402590458484,-0.761495742168962,0.209474226618338,-3.63546893130632,0.000277475435134096,0.00997592871345476,"tuftelin-like, transcript variant X3","gonad"
"LOC115122444",52.4185891928752,-0.762356560975835,0.175930893349836,-4.32914569468714,1.49688883561327e-05,0.00238399242977144,"traf2 and NCK-interacting protein kinase-like","gonad"
"LOC115106696",176.898524759731,-0.762839156040493,0.202153681301881,-3.77837592867455,0.000157854464414499,0.00749762792646944,"transforming growth factor beta-2 proprotein-like","gonad"
"LOC115106914",59.6939222236692,-0.770831838701701,0.20959346052501,-3.68620338323063,0.000227624463308817,0.00901931889388721,"synapsin-3-like","gonad"
"lhfpl3",18.5512313557985,-0.777693720759612,0.199246158792354,-3.8849373196843,0.000102356292514979,0.00611309489112487,"LHFPL tetraspan subfamily member 3","gonad"
"LOC115106977",14.8966013125345,-0.781860538902035,0.206963463839034,-3.76482658535441,0.000166664708523192,0.00768011281204842,"solute carrier organic anion transporter family member 1C1-like, transcript variant X2","gonad"
"LOC115121673",105.726299040307,-0.785181131318452,0.205466409482617,-3.83126364967767,0.000127486803988357,0.00693274971668765,"pollen-specific leucine-rich repeat extensin-like protein 1","gonad"
"LOC115125592",16.7173034708451,-0.818452429019662,0.212337433926352,-3.95162765952476,7.76214464955569e-05,0.00525856336781094,"inward rectifier potassium channel 2-like","gonad"
"LOC115126544",86231.5610489874,-0.82761808809318,0.214902469537659,-3.92206648452223,8.77927581180499e-05,0.00557330530206753,"galactose-specific lectin nattectin-like","gonad"
"LOC115108506",126.820958624827,-0.851021186048866,0.197842097825645,-4.306873899412,1.65577937865418e-05,0.00252269191143423,"protein NDNF-like","gonad"
"LOC115122635",17.0848755367023,-0.853704195146956,0.211780529048465,-4.03041876121273,5.56775702074316e-05,0.0044941026365217,"uncharacterized LOC115122635","gonad"
"LOC115146230",33.8265653658612,-0.861911562461292,0.213617675083431,-4.05591813780363,4.99377486638355e-05,0.00427674417330471,"transforming growth factor beta-3 proprotein-like","gonad"
"LOC115108300",14.0557247852126,-0.863397775090827,0.200111565926141,-4.29844054000516,1.72004029623613e-05,0.00252701981890167,"cyclic AMP-responsive element-binding protein 3-like protein 3-B","gonad"
"LOC115110310",129.897828510596,-0.874888635458307,0.175910321145018,-4.9705717321692,6.67557576823722e-07,0.000616922529311954,"protein tweety homolog 3-like, transcript variant X1","gonad"
"LOC115101206",2051.16807100273,-0.879207433926084,0.206008186407756,-4.61131921706064,4.0012154609396e-06,0.0015792623458439,"vasotocin-neurophysin VT 1","gonad"
"dpep1",600.282082494527,-0.880629525400877,0.201870206076135,-4.37281008779267,1.22657417696984e-05,0.00218255135740007,"dipeptidase 1, transcript variant X1","gonad"
"LOC115136413",101.072726101476,-0.927311203427412,0.215129907743391,-4.39014320002748,1.13276039449565e-05,0.00218255135740007,"hepatocyte growth factor-like protein","gonad"
"LOC115142626",148.662996283924,-1.02368724942007,0.181718990920261,-2.88471853887815,0.0039176374357476,0.0459190608672907,"nidogen-1-like","gonad"
"lg2h3orf18",56.6624149646219,-1.06971384171813,0.206408506961604,-5.20043499083751,1.98822653192535e-07,0.000311597846807082,"linkage group 2 C3orf18 homolog","gonad"
"LOC115113734",15.8818103774829,-1.2130578112637,0.214702917335661,-3.26454573957294,0.00109639759084346,0.0216607123605591,"signal peptide, CUB and EGF-like domain-containing protein 2","gonad"
