"gene","baseMean","log2FoldChange","lfcSE","pvalue","padj","description","tissue"
"LOC115137856",837.722347044338,3.44513189076828,1.14261420838838,3.30047561922545e-08,0.0001496092066979,"equistatin-like","gonad"
"LOC115143451",21.0548421149284,1.83343470053743,0.912171103893368,2.73977639153068e-07,0.000336519162150198,"centromere protein S-like","gonad"
"LOC115112426",197.66563369121,1.62598224724378,0.568725382189517,4.12010373149096e-08,0.0001496092066979,"serum amyloid A-5 protein-like","gonad"
"LOC115112427",278.917581430526,1.56664065908183,0.542301811742709,5.90638026018146e-08,0.000164779347356489,"serum amyloid A-5 protein-like","gonad"
"hspb11",72.8560011859613,1.39579345711087,0.297961880639894,1.93850436986714e-09,1.75977426696539e-05,"heat shock protein family B (small) member 11","gonad"
"pih1d3",70.0588804692576,1.36797723351564,0.483337951142974,3.67536094591472e-07,0.000392528549023692,"PIH1 domain containing 3","gonad"
"gpr84",92.7277085063442,1.23325018400403,0.403397926625038,9.17172249097119e-07,0.000756917243391241,"G protein-coupled receptor 84","gonad"
"LOC115139472",348.294552828116,1.22482199200225,0.325248226810922,2.47782522185202e-07,0.000336519162150198,"enoyl-[acyl-carrier-protein] reductase, mitochondrial-like, transcript variant X7","gonad"
"LOC115141572",126.135492726733,1.18482832678432,0.375903039888895,1.25804144704745e-06,0.000913640020503739,"cytochrome c oxidase subunit 7A2, mitochondrial-like","gonad"
"b3gnt7",18.5988671979385,1.14291429285052,0.442222651167534,3.76504436882283e-06,0.00155359421728062,"UDP-GlcNAc:betaGal beta-1,3-N-acetylglucosaminyltransferase 7","gonad"
"mdh1b",34.9954783027648,1.12984688509408,0.609321894337288,6.461242909008e-06,0.00189210203638628,"malate dehydrogenase 1B, transcript variant X1","gonad"
"nadk",239.100974710118,1.11270347125746,0.250021464206722,6.72831391640834e-08,0.000164779347356489,"NAD kinase, transcript variant X3","gonad"
"LOC115112246",43.2790688590586,1.07157531128002,0.305862741934293,1.54800520059109e-06,0.00104868816417125,"bolA-like protein 3","gonad"
"LOC115139209",32.6667886820096,1.06877279212277,0.810192004151956,1.06545411104159e-05,0.00218255135740007,"sterile alpha motif domain-containing protein 15-like, transcript variant X2","gonad"
"LOC115130780",189.171693993668,1.06052597020288,0.235810150106218,7.26060133758488e-08,0.000164779347356489,"caltractin-like","gonad"
"lsm6",485.47610329288,1.05593571180461,0.301294593644353,1.69969028882675e-06,0.00108049073580337,"LSM6 homolog, U6 small nuclear RNA and mRNA degradation associated","gonad"
"LOC115109003",96.0454705679456,1.05401286582491,0.330292184193144,3.45024908983759e-06,0.00153069213597835,"small nuclear ribonucleoprotein F-like","gonad"
"LOC115135546",913.339769842022,1.05295048372356,0.31623509471667,2.60050563542025e-06,0.00140732001970648,"diamine acetyltransferase 1-like","gonad"
"LOC115109525",571.104595396265,1.04834939556864,0.240819925553532,1.31579094271489e-07,0.000265438892843683,"calcium and integrin-binding protein 1-like","gonad"
"LOC115142005",33.7289282061508,1.04599704365283,0.355531060083404,5.72443295525621e-06,0.00180899967550706,"ubiquinol-cytochrome-c reductase complex assembly factor 2-like, transcript variant X2","gonad"
"LOC115103388",197.443874726661,1.03917594961214,0.302333306232937,2.20975127873679e-06,0.00125375763177328,"LYR motif-containing protein 4A","gonad"
"LOC115114450",25.8583991510283,1.03580870060295,0.415971818305863,1.07547818858955e-05,0.00218255135740007,"protein canopy-1-like, transcript variant X5","gonad"
"lg27h9orf116",41.7679479335698,1.02248714872706,0.551642428095406,1.41934888072463e-05,0.00234269984349422,"linkage group 27 C9orf116 homolog","gonad"
"snapc5",110.800055554932,1.02248649329941,0.245050668860858,2.78023101578154e-07,0.000336519162150198,"small nuclear RNA activating complex polypeptide 5, transcript variant X2","gonad"
"LOC115107282",313.573402595412,1.02153947196054,0.306912451718232,3.15912304517739e-06,0.00153069213597835,"small integral membrane protein 8-like","gonad"
"srp9",255.369570837301,1.02078412891414,0.270728371113776,1.00363796602369e-06,0.000792263083092442,"signal recognition particle 9","gonad"
"LOC115137857",204.858418933411,1.01502479360414,1.09828933163679,1.32604667337214e-05,0.00222923179645783,"ladderlectin-like","gonad"
"efcab1",33.124463673213,1.01200342884582,0.572060898562903,1.52155729529515e-05,0.00239803489459276,"EF-hand calcium binding domain 1","gonad"
"LOC115124990",48.4226546071914,1.009909894258,0.328064643992037,5.77891502420189e-06,0.00180899967550706,"chemokine-like receptor 1","gonad"
"LOC115125542",81.0734740618532,1.00648496124289,0.731622924920697,1.46002177411193e-05,0.00238108734315331,"calcyphosin-like protein, transcript variant X1","gonad"
"LOC115136646",58.0516347191519,1.00126627335991,0.255458608742809,6.95169652656991e-07,0.000616922529311954,"dehydrogenase/reductase SDR family member 13-like","gonad"
"LOC115126007",217.637879207154,0.985256895998525,0.361033038660696,1.25089419001283e-05,0.00218255135740007,"glutathione S-transferase Mu 3-like","gonad"
"LOC115135550",460.628492050863,0.978238540102562,0.258501361199365,1.15091840350094e-06,0.000870669772248459,"eukaryotic translation initiation factor 1A, X-chromosomal-like","gonad"
"upk1b",48.4239423871623,0.972748925570473,0.629701435935899,1.89382431834765e-05,0.00254698328325333,"uroplakin 1B","gonad"
"LOC115101414",581.385694472651,0.972473958582285,0.287690737852985,3.599070175165e-06,0.00153069213597835,"eukaryotic translation initiation factor 1A, X-chromosomal-like, transcript variant X1","gonad"
"ccdc173",30.5465850858778,0.964553415962587,0.554834420723206,2.20860699092508e-05,0.00284393393810182,"coiled-coil domain containing 173","gonad"
"efcab10",39.7071216023837,0.961743117384087,0.33955243687562,1.24334818295548e-05,0.00218255135740007,"EF-hand calcium binding domain 10, transcript variant X1","gonad"
"LOC115139187",916.68873194104,0.960928035656666,0.273295571138443,2.6524513564741e-06,0.00140732001970648,"splicing factor 3B subunit 6","gonad"
"LOC115131920",17.4986242156709,0.958500704286883,0.556874851406315,2.3034393679727e-05,0.00291270327596908,"testis-expressed protein 49-like, transcript variant X1","gonad"
"LOC115122634",205.07395412173,0.956751815092715,0.300172206274473,6.1786731728041e-06,0.0018673823657563,"tyrosine-protein kinase HCK-like","gonad"
"pigbos1",111.950728225627,0.956607941851411,0.332322959184401,1.18066298719239e-05,0.00218255135740007,"PIGB opposite strand 1","gonad"
"LOC115113332",1219.49072922631,0.954428170353145,0.278108185866353,3.41157336900228e-06,0.00153069213597835,"calmodulin","gonad"
"LOC115110561",54.1719802965229,0.942777485887638,0.286683665624526,5.17056108228531e-06,0.00177141334913045,"tissue factor pathway inhibitor-like, transcript variant X2","gonad"
"LOC115142018",210.238041483908,0.940842524440864,0.314636690151264,1.03510795188394e-05,0.00218255135740007,"mitochondrial import receptor subunit TOM6 homolog","gonad"
"LOC115126357",155.389959575037,0.93917329782835,0.196021158948424,3.14451895105445e-08,0.0001496092066979,"tumor necrosis factor receptor superfamily member 14-like, transcript variant X2","gonad"
"LOC115104627",117.763089018725,0.939084023670996,0.286009923105262,5.32152614562085e-06,0.0017770213641824,"CDKN2AIP N-terminal-like protein","gonad"
"LOC115124540",831.267299174987,0.938845044893543,0.282763378091144,4.85566312485451e-06,0.00172871696890229,"crustapain-like","gonad"
"mrpl55",147.945821900911,0.936829097840509,0.311113165680725,1.01117558591814e-05,0.00218255135740007,"mitochondrial ribosomal protein L55","gonad"
"LOC115144342",85.4102136511582,0.936185825823599,0.285582644794841,5.45846320731624e-06,0.0017770213641824,"zinc finger and BTB domain-containing protein 18-like, transcript variant X3","gonad"
"timm8a",54.7514799742038,0.93290539112731,0.30136261013971,8.55839695362651e-06,0.00218255135740007,"translocase of inner mitochondrial membrane 8A","gonad"
"LOC115129520",302.433754992331,0.932526364189874,0.252947307484267,1.80371186034166e-06,0.00108049073580337,"caltractin","gonad"
"LOC115140478",133.177965753821,0.930251869345609,0.286908947858107,6.11792911116861e-06,0.0018673823657563,"signal recognition particle 9 kDa protein-like","gonad"
"LOC115141228",215.630706115407,0.929294596508206,0.309337272800735,1.06694235773446e-05,0.00218255135740007,"PLAC8-like protein 1","gonad"
"LOC115134326",316.57611167799,0.920119203807372,0.289954949399098,7.55940986761016e-06,0.00203520483124677,"heat shock factor-binding protein 1-like","gonad"
"LOC115134679",363.180930212749,0.917862094236935,0.310696461208829,1.25808269068873e-05,0.00218255135740007,"small nuclear ribonucleoprotein F-like","gonad"
"LOC115108468",155.17895953044,0.916648977908175,0.336632428769813,1.99539684162568e-05,0.00264336382547859,"dolichyl-diphosphooligosaccharide--protein glycosyltransferase subunit DAD1-like","gonad"
"LOC115101778",1657.99673609753,0.915968777671177,0.276856005805209,5.48100883422638e-06,0.0017770213641824,"protein transport protein Sec61 subunit gamma-like","gonad"
"cby1",76.9834525641943,0.915200056245689,0.326746521552434,1.74153654380108e-05,0.00252701981890167,"chibby family member 1, beta catenin antagonist","gonad"
"LOC115127689",305.905176202937,0.912725230465505,0.291135795003022,8.55337776049718e-06,0.00218255135740007,"DNA-directed RNA polymerases I, II, and III subunit RPABC4","gonad"
"LOC115126080",885.627957257588,0.909657745862171,0.353745826847472,2.68317980213812e-05,0.0031985122762421,"glutathione S-transferase A-like","gonad"
"LOC115120705",88.9813406400006,0.908236089039806,0.29492417374903,9.94327117175658e-06,0.00218255135740007,"rho GTPase-activating protein gacJ-like","gonad"
"LOC115113961",1189.97716830361,0.907428848076977,0.285346901827264,7.83795532729851e-06,0.00206240459307872,"protein transport protein Sec61 subunit gamma-like, transcript variant X1","gonad"
"llph",577.797538583747,0.907085299841991,0.305449183328275,1.28241524441152e-05,0.00218255135740007,"LLP homolog, long-term synaptic facilitation factor","gonad"
"LOC115136251",39.1490833100559,0.904786094772949,0.302653204008725,1.24060775242603e-05,0.00218255135740007,"pterin-4-alpha-carbinolamine dehydratase 2-like","gonad"
"LOC115136182",264.240988860473,0.900789485916266,0.315048780193983,1.67433249964922e-05,0.00252269191143423,"CDKN2AIP N-terminal-like protein","gonad"
"LOC115142640",215.724873844864,0.899846690987344,0.265070850081258,4.60952209172393e-06,0.00171847581871482,"protein dpy-30 homolog, transcript variant X1","gonad"
"mrpl33",175.780073275888,0.898135701511372,0.265901872628108,4.85594654186037e-06,0.00172871696890229,"mitochondrial ribosomal protein L33","gonad"
"LOC115115971",36.1221945064996,0.896885387886021,0.261395027890089,4.20803475001308e-06,0.00162555487066463,"homeobox protein Hox-A10-like","gonad"
"LOC115125102",619.785299983689,0.896123607043872,0.317561512528385,1.85114362146905e-05,0.00252701981890167,"translation machinery-associated protein 7","gonad"
"LOC115135462",429.825015563902,0.896044720546372,0.331301042097433,2.32618404392772e-05,0.00291270327596908,"NADH dehydrogenase [ubiquinone] 1 alpha subcomplex subunit 2-like","gonad"
"LOC115107774",33.8217001976675,0.895258091180719,0.387251421168781,4.1511410749076e-05,0.00389177933144043,"putative deoxyribonuclease tatdn3","gonad"
"LOC115112262",75.4604258055194,0.89324140885137,0.293490728357687,1.15397653935476e-05,0.00218255135740007,"uncharacterized LOC115112262, transcript variant X2","gonad"
"LOC115128326",113.453263757364,0.892615675646135,0.364190482317646,3.58883011765475e-05,0.00372335997806512,"C-type lectin domain family 4 member D-like, transcript variant X5","gonad"
"gtf2h5",313.391136867418,0.892176224839238,0.311159769727122,1.71846650280204e-05,0.00252701981890167,"general transcription factor IIH subunit 5","gonad"
"LOC115124398",61.8896860679976,0.887219086921738,0.577367716764292,3.63927749210134e-05,0.0037308121330766,"thymosin beta-a-like, transcript variant X1","gonad"
"znf593",289.310636755417,0.88555611316241,0.294002611072455,1.28292181273466e-05,0.00218255135740007,"zinc finger protein 593","gonad"
"mmp9",73.4510475607318,0.880882778796887,0.493158712468301,4.98202874439553e-05,0.00427674417330471,"matrix metallopeptidase 9","gonad"
"LOC115142762",120.774415087468,0.880283427106482,0.219494332373257,7.13558774815544e-07,0.000616922529311954,"transmembrane protein 128-like","gonad"
"LOC115146137",157.610157598868,0.879000354929289,0.251047248735318,3.62523473491238e-06,0.00153069213597835,"tumor necrosis factor alpha-induced protein 2-like","gonad"
"LOC115133149",429.835363050627,0.874916207733443,0.286292878296524,1.20629353896842e-05,0.00218255135740007,"NADH dehydrogenase [ubiquinone] 1 alpha subcomplex subunit 5-like","gonad"
"LOC115109493",151.043422246838,0.874222550002905,0.27493849712914,8.88031057750741e-06,0.00218255135740007,"dynein light chain roadblock-type 2","gonad"
"LOC115132445",107.888099525833,0.86891519833896,0.299606790654484,1.77989588497691e-05,0.00252701981890167,"prefoldin subunit 4-like","gonad"
"LOC115105764",862.14369134894,0.867382388535975,0.59007471501926,3.9909792540962e-05,0.00389177933144043,"neurofibromin-like","gonad"
"LOC115101638",1333.80473976525,0.860367488073467,0.287050809717201,1.46996213192675e-05,0.00238108734315331,"ATP synthase subunit epsilon, mitochondrial-like","gonad"
"LOC115139738",46.2791963745591,0.859888916603035,0.278840247783069,1.19057827922829e-05,0.00218255135740007,"prefoldin subunit 5-like, transcript variant X2","gonad"
"LOC115105616",137.039613066838,0.858268564997549,0.369955159144582,5.42079850978674e-05,0.00443333413259856,"PLAC8-like protein 1","gonad"
"LOC115103583",27.3753499464769,0.854775416646783,0.448650814403643,7.01079295127439e-05,0.00499793861090995,"dynein light chain 4, axonemal-like, transcript variant X3","gonad"
"LOC115143251",72.4602369441099,0.853446555872449,0.284044449190383,1.48195015298702e-05,0.00238108734315331,"mRNA turnover protein 4 homolog","gonad"
"arl2bp",114.266847762055,0.848448777354699,0.26689162475734,9.66698400491457e-06,0.00218255135740007,"ADP ribosylation factor like GTPase 2 binding protein","gonad"
"pigx",248.311888909842,0.848319387218599,0.246444023232915,4.63787811836451e-06,0.00171847581871482,"phosphatidylinositol glycan anchor biosynthesis class X, transcript variant X3","gonad"
"LOC115141814",21.6863473392673,0.844927314321119,0.584099309218024,4.68810490667314e-05,0.00409219864630985,"14-3-3 protein gamma-2-like","gonad"
"LOC115142983",358.598657553992,0.844443585735486,0.288167011138602,1.83282762863933e-05,0.00252701981890167,"ubiquinol-cytochrome-c reductase complex assembly factor 2","gonad"
"lg23h12orf56",16.7312901880922,0.838501679048394,0.42694522996955,8.2768339818531e-05,0.00543559250950058,"linkage group 23 C12orf56 homolog, transcript variant X4","gonad"
"bbip1",528.715382570964,0.837613365226089,0.287161579000965,1.94223286827546e-05,0.00259288087914775,"BBSome interacting protein 1","gonad"
"cep170",90.5935834022847,0.833693517385672,0.153215350090336,1.48009343071469e-09,1.75977426696539e-05,"centrosomal protein 170, transcript variant X3","gonad"
"LOC115110163",252.736596014499,0.833063524791046,0.296479798635908,2.53812559018696e-05,0.00310508618751008,"coatomer subunit zeta-1-like, transcript variant X1","gonad"
"smkr1",58.3460579357473,0.832105893636756,0.406946147332823,8.55657774216027e-05,0.0055483294816665,"small lysine rich protein 1, transcript variant X2","gonad"
"acss1",118.057036418834,0.831860887208121,0.29881612342572,2.7051992657475e-05,0.0031985122762421,"acyl-CoA synthetase short chain family member 1, transcript variant X1","gonad"
"LOC115128699",125.997423544519,0.831110451561007,0.285336156900866,2.00916615948472e-05,0.00264336382547859,"chromatin accessibility complex protein 1-like","gonad"
"LOC115129731",140.303859532969,0.830117566851222,0.343341953014532,5.63066550123278e-05,0.0044941026365217,"acyl-CoA-binding protein-like","gonad"
"LOC115109112",18.4098607075139,0.827634795173355,0.437219876562867,9.15271041192553e-05,0.00571952080860212,"excitatory amino acid transporter 5-like","gonad"
"imp3",142.321982374762,0.82585213201285,0.261807668080224,1.10133941711036e-05,0.00218255135740007,"IMP U3 small nucleolar ribonucleoprotein 3, transcript variant X2","gonad"
"ttc32",134.295570550287,0.82532742002231,0.25758025627243,9.6313788295722e-06,0.00218255135740007,"tetratricopeptide repeat domain 32","gonad"
"dnali1",24.7839021223326,0.823073306762646,0.573782340813173,5.59049272295832e-05,0.0044941026365217,"dynein axonemal light intermediate chain 1","gonad"
"gng10",215.249240371972,0.81828282487465,0.301285363068204,3.33141258733754e-05,0.00353926596456607,"G protein subunit gamma 10","gonad"
"LOC115129313",4349.79303025042,0.817690158229666,0.333150133596811,5.66837135802748e-05,0.0044941026365217,"C-X-C motif chemokine 14-like","gonad"
"LOC115116028",222.039627323974,0.815457048604766,0.290105290690131,2.71299234710995e-05,0.0031985122762421,"putative protein PTGES3L","gonad"
"LOC115122568",79.6503269815575,0.813019861578328,0.277473904701253,2.04999908886301e-05,0.00267768226312207,"DNA-directed RNA polymerase II subunit RPB7","gonad"
"bola2b",863.424440034669,0.809042034246753,0.411437719374431,0.000108238378401188,0.00626140039734944,"bolA family member 2B","gonad"
"LOC115112160",179.874321643501,0.804974092864341,0.282666487265077,2.5802215011003e-05,0.00312310010493181,"trafficking protein particle complex subunit 2-like protein","gonad"
"ciao2a",444.130205442237,0.804405004724359,0.304160973027905,4.13267445250275e-05,0.00389177933144043,"cytosolic iron-sulfur assembly component 2A","gonad"
"LOC115138318",18.1247394338162,0.803356825584588,0.283315362619508,2.67302334756356e-05,0.0031985122762421,"transcription factor SOX-11-like","gonad"
"LOC115133049",128.935026962266,0.802081298355518,0.26296416031234,1.553413679642e-05,0.00240093482705924,"V-type proton ATPase subunit E 1-like","gonad"
"bbof1",17.8558342358352,0.801353397203567,0.489067463403017,9.78066227457162e-05,0.00597904728138459,"basal body orientation factor 1, transcript variant X1","gonad"
"LOC115133295",561.242847617173,0.799723214763769,0.267650746424196,1.84251518953389e-05,0.00252701981890167,"oligosaccharyltransferase complex subunit ostc, transcript variant X2","gonad"
"LOC115113577",354.090024688644,0.79925392226929,0.266070078284634,1.76936343700268e-05,0.00252701981890167,"trafficking protein particle complex subunit 2-like protein","gonad"
"LOC115129910",208.942561842984,0.797547980971884,0.304551536378592,4.50270807846459e-05,0.0040470875184457,"mitochondrial import receptor subunit TOM5 homolog","gonad"
"LOC115109380",296.704228723269,0.797407701592415,0.266617197776426,1.84075879409649e-05,0.00252701981890167,"cytochrome c","gonad"
"cenpv",154.324390609135,0.795311517371911,0.289912991480386,3.42927190413128e-05,0.00357826785582802,"centromere protein V, transcript variant X1","gonad"
"LOC115128574",148.025601274155,0.79270738665772,0.293344395680744,3.80932359775117e-05,0.00381424428457894,"replication protein A 14 kDa subunit-like","gonad"
"LOC115119891",45.2987764668706,0.787440817525643,0.376739823297435,0.000117551244108357,0.00652679017746586,"allograft inflammatory factor 1-like","gonad"
"lg3h2orf76",326.834014917366,0.787425293616801,0.270325968405602,2.31984195161034e-05,0.00291270327596908,"linkage group 3 C2orf76 homolog","gonad"
"LOC115121172",172.696300924745,0.784691307449717,0.29555155590876,4.37996076072387e-05,0.00396429805105747,"high affinity copper uptake protein 1-like, transcript variant X1","gonad"
"LOC115113672",804.378113531563,0.784326840504741,0.272352797203144,2.54823662667439e-05,0.00310508618751008,"probable ribosome biogenesis protein RLP24","gonad"
"LOC115132180",68.5997587092106,0.782758011055725,0.309225742842539,5.79247921691877e-05,0.00455273821049252,"tyrosine-protein phosphatase non-receptor type 18-like, transcript variant X1","gonad"
"ndufa1",1160.96794406506,0.782569476568466,0.30233172823961,5.12671091999951e-05,0.00434955904035098,"NADH:ubiquinone oxidoreductase subunit A1","gonad"
"cmc4",36.1079085309169,0.782552913706503,0.348812385431423,9.89914343738228e-05,0.00603116940433264,"C-X9-C motif containing 4","gonad"
"LOC115129809",12.4538997634804,0.780996741205089,0.362821779745188,0.000114030648019803,0.00648615570193903,"uncharacterized LOC115129809, transcript variant X3","gonad"
"LOC115104665",323.799248456907,0.780661520972137,0.248813215231871,1.28625796013333e-05,0.00218255135740007,"nucleolar protein 16-like","gonad"
"LOC115105959",36.4313086552328,0.777535101734709,0.333065251381511,8.74152318770664e-05,0.0055688103507369,"C3a anaphylatoxin chemotactic receptor","gonad"
"LOC115131493",346.586412676585,0.775390275273296,0.309420516411377,6.31563127049127e-05,0.00474234325361969,"nuclear transport factor 2-like","gonad"
"LOC115136181",549.125570763375,0.773727748705013,0.275560305861612,3.15877337429634e-05,0.00345486080624845,"ubiquitin-conjugating enzyme E2 B-like","gonad"
"lg7h1orf109",74.634095845225,0.773720533504007,0.308610754452689,6.3471547181625e-05,0.00474234325361969,"linkage group 7 C1orf109 homolog, transcript variant X1","gonad"
"LOC115135792",171.433189570947,0.773255349989761,0.470871640605901,0.000134624222959935,0.00712122164227235,"ependymin-1","gonad"
"LOC115114264",297.103395471901,0.770260078998114,0.271192993014277,2.94120188809886e-05,0.00337977604305841,"stress-associated endoplasmic reticulum protein 1-like","gonad"
"LOC115105703",63.6306973269115,0.77020824792011,0.364199434546482,0.000128737544546295,0.00695642517494802,"uncharacterized LOC115105703, transcript variant X3","gonad"
"LOC115129502",12.8717526368965,0.769594851886791,0.411391041789717,0.000158065870336924,0.00749762792646944,"secreted frizzled-related protein 3-like","gonad"
"LOC115138026",587.082725216968,0.769552168161763,0.249545525722387,1.53212187581383e-05,0.00239803489459276,"actin-related protein 2/3 complex subunit 4-like","gonad"
"LOC115114431",33.6819705291592,0.768040402925488,0.23631144869632,9.49300815725845e-06,0.00218255135740007,"tyrosine-protein kinase Lyn-like","gonad"
"LOC115145291",43.4568959390159,0.767890531755378,0.289401506141888,4.6881323993856e-05,0.00409219864630985,"retinal rod rhodopsin-sensitive cGMP 3',5'-cyclic phosphodiesterase subunit delta-like","gonad"
"LOC115101417",905.183103489148,0.767810877113465,0.27130249799102,3.04091395840364e-05,0.00345067711429853,"diamine acetyltransferase 1-like","gonad"
"LOC115143241",578.439889369386,0.765903764165116,0.26774671169298,2.82743789890073e-05,0.00329070272387447,"small nuclear ribonucleoprotein E","gonad"
"LOC115135115",190.5871940006,0.762827877412798,0.307925916751242,7.09485523498336e-05,0.00500105264007145,"polymeric immunoglobulin receptor-like, transcript variant X1","gonad"
"LOC115117293",462.623860927643,0.761357142530631,0.28115020457113,4.21036984882677e-05,0.00389177933144043,"ATP synthase membrane subunit DAPIT, mitochondrial-like","gonad"
"LOC115143646",693.036962775241,0.761241951456837,0.301816646101345,6.48345162247543e-05,0.00476269422492933,"cytochrome c oxidase subunit 6C-1","gonad"
"LOC115101304",303.391409970762,0.759066646776547,0.226334737717094,7.00988768238719e-06,0.00202018286922892,"FUN14 domain-containing protein 1A-like","gonad"
"LOC115132544",337.65563439094,0.757446147039725,0.303809797729327,7.01957670071622e-05,0.00499793861090995,"ragulator complex protein LAMTOR5-like","gonad"
"LOC115110416",438.884600028338,0.756348854180979,0.298975793877128,6.50555280779067e-05,0.00476269422492933,"MOB-like protein phocein, transcript variant X4","gonad"
"LOC115108626",378.164499154187,0.756177469101725,0.227234076632961,7.62249000466954e-06,0.00203520483124677,"protein mago nashi homolog","gonad"
"LOC115138524",28.1157931786009,0.754595185907769,0.461304629803004,0.00016460617013036,0.00760455375289267,"protein FAM161B-like, transcript variant X1","gonad"
"LOC115105604",70.9437804320057,0.753237071346409,0.329121012060875,0.000108118707233424,0.00626140039734944,"ribonuclease kappa-B","gonad"
"LOC115105627",455.114912540158,0.752071070005444,0.334292026262164,0.00011669798631024,0.00651928812138066,"asialoglycoprotein receptor 1-like","gonad"
"LOC115125898",176.004079104769,0.751953058228686,0.235563730251175,1.15653779400298e-05,0.00218255135740007,"FYN-binding protein 1-like, transcript variant X1","gonad"
"LOC115135730",2496.02933198886,0.751827413685369,0.312594253765385,8.67090965876869e-05,0.00556286345457966,"60S ribosomal protein L36a","gonad"
"LOC115146146",306.414957259686,0.75101042525608,0.279203865745682,4.5577978656374e-05,0.00405644010041728,"apoptogenic protein 1, mitochondrial","gonad"
"LOC115111377",163.286523284183,0.750519589606189,0.333268939991527,0.000117218034671096,0.00652679017746586,"uncharacterized protein C9orf85 homolog","gonad"
"LOC115146361",1348.57032164599,0.749075336803496,0.300474637508828,7.27401657087893e-05,0.00502156064109801,"cytochrome c oxidase subunit 7A2, mitochondrial-like","gonad"
"LOC115134015",91.9554716324303,0.748632459773975,0.274070015351855,4.1403948961858e-05,0.00389177933144043,"dnaJ homolog subfamily C member 24-like","gonad"
"LOC115124638",94.3105675747406,0.747707691779269,0.241781698574432,1.5604225027153e-05,0.00240093482705924,"calcineurin subunit B type 1-like","gonad"
"LOC115141466",23.9290478884367,0.747593141158429,0.301219470798023,7.50012584371246e-05,0.0051580410916077,"transmembrane protein 120A-like","gonad"
"LOC115101326",299.080177842421,0.747188681504859,0.229248452363115,9.50900930402641e-06,0.00218255135740007,"barrier-to-autointegration factor-like","gonad"
"LOC115103239",700.852707337494,0.745202752115325,0.340657686364563,0.000134925107123909,0.00712122164227235,"ubiquitin-60S ribosomal protein L40-like","gonad"
"LOC115139646",161.840627531238,0.740911029672969,0.218282901227533,6.27397688428808e-06,0.0018673823657563,"membrane-bound O-acyltransferase domain-containing protein 2-like, transcript variant X1","gonad"
"LOC115133109",48.6032352964014,0.740819046042248,0.363890774188723,0.000173428652318929,0.00780877889675854,"secretin receptor-like","gonad"
"LOC115131938",675.952329427201,0.740029820858315,0.344959315879194,0.000148963530958717,0.00740681895158368,"ATP synthase subunit epsilon, mitochondrial-like","gonad"
"ndufb1",819.01030556725,0.739573549484237,0.268189950408899,3.98167503517488e-05,0.00389177933144043,"NADH:ubiquinone oxidoreductase subunit B1","gonad"
"LOC115103223",3351.94967700281,0.739397563533481,0.292238666101948,6.9528072595608e-05,0.00498953235591249,"stress-associated endoplasmic reticulum protein 1","gonad"
"LOC115125896",199.1920922153,0.738494381952914,0.278859728802582,5.26341242282837e-05,0.00436590695038226,"glucosamine-6-phosphate isomerase 1-like, transcript variant X2","gonad"
"thoc7",596.57739589886,0.737192359861624,0.278034321223915,5.24503816945583e-05,0.00436590695038226,"THO complex 7, transcript variant X2","gonad"
"dnaaf4",100.197190006162,0.736671026141859,0.322714136626644,0.00011903153589827,0.00655431940475721,"dynein axonemal assembly factor 4","gonad"
"LOC115110483",816.991489560464,0.73540230041752,0.258870368484247,3.23543246399472e-05,0.00351751567762204,"NADH dehydrogenase [ubiquinone] 1 alpha subcomplex subunit 6-like","gonad"
"LOC115131149",106.225673113687,0.734961613780594,0.297714587341718,8.13621128777805e-05,0.00537167462330539,"mitochondrial import receptor subunit TOM5 homolog","gonad"
"LOC115109873",111.568056269915,0.733249896223326,0.293488636106407,7.65900543577645e-05,0.00523103388146368,"proteasome assembly chaperone 3-like, transcript variant X1","gonad"
"LOC115112294",1112.34752492582,0.732790386992097,0.266633390571539,4.16026113497672e-05,0.00389177933144043,"probable ribosome biogenesis protein RLP24","gonad"
"LOC115125278",34.7860650505235,0.731354002961125,0.323507416203841,0.000127535713008024,0.00693274971668765,"TP53-regulated inhibitor of apoptosis 1-B-like","gonad"
"LOC115108107",228.43528273821,0.730646674868496,0.283701531691939,6.45537403338757e-05,0.00476269422492933,"cytochrome b-c1 complex subunit 6, mitochondrial-like","gonad"
"LOC115103618",82.3228795992978,0.729822446104964,0.308864376062651,0.000104645244236651,0.0061887265614353,"proteasome assembly chaperone 3-like, transcript variant X1","gonad"
"LOC115137310",598.761957507537,0.728193137505957,0.353524973973151,0.000182287947828211,0.00805260335953528,"endonuclease domain-containing 1 protein-like","gonad"
"LOC115103048",14.5008597560186,0.728038843955045,0.346176917375043,0.000170990417804006,0.0077745692979093,"protein N-lysine methyltransferase FAM173B-like","gonad"
"LOC115145480",743.546101598736,0.72714140312908,0.32231499315115,0.000131456667608905,0.00704049338379731,"dolichyl-diphosphooligosaccharide--protein glycosyltransferase subunit DAD1-like","gonad"
"LOC115139447",24.5584384827779,0.726973541828142,0.33667876633973,0.000156917029006405,0.00749762792646944,"gap junction alpha-1 protein-like","gonad"
"mrpl21",103.683341645149,0.726819875860679,0.320259254883877,0.000128277019810786,0.00695223155726755,"mitochondrial ribosomal protein L21, transcript variant X1","gonad"
"tex9",26.2845569954628,0.726107144113157,0.434635725023023,0.000231956924718078,0.00905679553802459,"testis expressed 9","gonad"
"LOC115101480",500.832713433224,0.723957336350621,0.291985910955405,8.2951491076058e-05,0.00543559250950058,"NADH dehydrogenase [ubiquinone] 1 alpha subcomplex subunit 2-like","gonad"
"LOC115104711",340.613767314877,0.723193369419074,0.279573458781898,6.44504446456516e-05,0.00476269422492933,"vacuolar ATPase assembly integral membrane protein vma21-like","gonad"
"lg22h18orf32",580.120509758476,0.723115438413145,0.280834893463274,6.63663086269115e-05,0.00483914337120564,"linkage group 22 C18orf32 homolog","gonad"
"LOC115109022",112.503271291042,0.722635768689974,0.295297839744625,8.97670113706557e-05,0.00565365835440342,"tctex1 domain-containing protein 2-like, transcript variant X1","gonad"
"LOC115139938",561.189997456658,0.722480299664542,0.292944985228197,8.59929199849791e-05,0.00555618311475901,"cytochrome c oxidase subunit 6A, mitochondrial-like","gonad"
"LOC115101941",921.906082387709,0.720884464940738,0.275216677652876,5.99272479751886e-05,0.00461033522982002,"small nuclear ribonucleoprotein G-like","gonad"
"smim4",139.350794444349,0.718488418447027,0.232994340491971,1.68123882619267e-05,0.00252269191143423,"small integral membrane protein 4","gonad"
"tfec",29.1188210406686,0.717329892264353,0.329670354962495,0.000160639858085295,0.00749762792646944,"transcription factor EC, transcript variant X3","gonad"
"LOC115142066",427.480512982859,0.715842647096738,0.454068722810941,0.000235488142759766,0.00911320380088197,"hepcidin-like","gonad"
"ptprc",312.836723131037,0.715649125727593,0.190182926075362,1.78522866415293e-06,0.00108049073580337,"protein tyrosine phosphatase receptor type C, transcript variant X2","gonad"
"cacybp",370.824770630191,0.714508684602541,0.255295054168933,3.82160282342242e-05,0.00381424428457894,"calcyclin binding protein","gonad"
"LOC115108527",78.2027287803727,0.714003021099028,0.248552596861081,3.12095112972153e-05,0.00345486080624845,"OCIA domain-containing protein 2-like","gonad"
"LOC115103037",126.500048105714,0.711796791684994,0.25795921481322,4.28090263533756e-05,0.00392545799228226,"C-C chemokine receptor type 3-like","gonad"
"LOC115138496",96.4529968139162,0.710715382199452,0.280530388012476,7.66388528568704e-05,0.00523103388146368,"rRNA-processing protein FCF1 homolog","gonad"
"LOC115105588",100.190359719508,0.710509507690255,0.268345120947327,5.7616822641754e-05,0.00454822187775516,"tail-anchored protein insertion receptor WRB-like, transcript variant X2","gonad"
"tmem18",178.807409664178,0.710147082230837,0.231652403298446,1.79766543137474e-05,0.00252701981890167,"transmembrane protein 18, transcript variant X1","gonad"
"LOC115104858",90.5310001408448,0.709218085299289,0.242991998408645,2.76799724913536e-05,0.00324230697130978,"B-cell receptor CD22-like, transcript variant X5","gonad"
"gpr18",36.2002217270093,0.709009033000199,0.311452877012998,0.000137808672838215,0.00716920992564652,"G protein-coupled receptor 18, transcript variant X5","gonad"
"LOC115120964",1785.62843636267,0.708333683092393,0.270149748490796,6.19544116623433e-05,0.00468685124225627,"cytochrome c oxidase subunit 4 isoform 1, mitochondrial-like","gonad"
"cenpw",56.35852609515,0.708297798324565,0.434048316078633,0.000271700330441471,0.00983086450878456,"centromere protein W","gonad"
"LOC115120139",12.8001076404656,0.707808996852083,0.360693164454296,0.000237499521545591,0.00911320380088197,"myomegalin-like","gonad"
"ccdc25",470.366590455364,0.707616557620515,0.301367902690376,0.000119130061884219,0.00655431940475721,"coiled-coil domain containing 25, transcript variant X1","gonad"
"riiad1",44.6951816537096,0.707435058318145,0.472845024295062,0.000225597374744836,0.00900207897992799,"regulatory subunit of type II PKA R-subunit (RIIa) domain containing 1","gonad"
"pfdn1",229.523735973216,0.706963100351854,0.314283981642283,0.000147027435363737,0.00737411634382322,"prefoldin subunit 1","gonad"
"LOC115136856",939.139088114762,0.705915912591112,0.39788732901392,0.000283901251925421,0.0100758496288854,"high affinity immunoglobulin gamma Fc receptor I-like","gonad"
"dpm3",325.197865141163,0.705353331680632,0.261332195076715,5.1159388984336e-05,0.00434955904035098,"dolichyl-phosphate mannosyltransferase subunit 3, regulatory","gonad"
"LOC115101740",397.74548988918,0.70349915591375,0.272093912245504,6.9015709141214e-05,0.00497241752050746,"succinate dehydrogenase cytochrome b560 subunit, mitochondrial-like, transcript variant X1","gonad"
"LOC115142386",571.573210925323,0.703103647947324,0.296611421220134,0.00011553705195946,0.00649439849961595,"ATP synthase membrane subunit DAPIT, mitochondrial-like","gonad"
"LOC115137969",258.736212745524,0.702422457797097,0.245190650765707,3.27248752717451e-05,0.00353662402043931,"NEDD8","gonad"
"prr19",20.894352703404,0.702133860023591,0.346616555312208,0.00022533617831375,0.00900207897992799,"proline rich 19, transcript variant X1","gonad"
"ass1",63.0771968906027,0.701877010581749,0.367189167025623,0.000262948983444358,0.00962391618763769,"argininosuccinate synthase 1","gonad"
"LOC115142376",56.3056882321742,0.701584627038301,0.307873395556182,0.00014192218890558,0.007278924468276,"uncharacterized LOC115142376","gonad"
"LOC115103926",256.529449643206,0.70063364647467,0.264658326588837,5.94108915175527e-05,0.00459006019741569,"protein dpy-30 homolog, transcript variant X2","gonad"
"LOC115142092",179.519382565858,0.699950421360312,0.280106180862643,8.65888781747914e-05,0.00556286345457966,"transcription and mRNA export factor ENY2-2","gonad"
"LOC115139698",194.631563648953,0.699938837856573,0.217324445721421,1.12773483875774e-05,0.00218255135740007,"AP-3 complex subunit sigma-1, transcript variant X3","gonad"
"LOC115144178",128.324573761773,0.699888526993564,0.255574459156944,4.67144997420447e-05,0.00409219864630985,"PHD finger-like domain-containing protein 5A","gonad"
"LOC115136811",522.761001923788,0.69899086149372,0.233259544411934,2.24753858483203e-05,0.00287368384128242,"prothymosin alpha-like","gonad"
"LOC115106514",63.2568459497554,0.697920439858382,0.330705671934677,0.000200665888644906,0.00839467712957814,"transmembrane protein 180-like, transcript variant X2","gonad"
"LOC115137665",228.153766079901,0.697538671902716,0.279036354138406,8.71287680355163e-05,0.0055688103507369,"stress-associated endoplasmic reticulum protein 1-like","gonad"
"LOC115102668",74.0805900175614,0.697387874535255,0.262856375038894,5.90732355227272e-05,0.00458741888474084,"prostaglandin E synthase 3-like, transcript variant X2","gonad"
"LOC115108243",350.062766544679,0.696925970830872,0.328449827537241,0.000197640719984817,0.00835761048150494,"40S ribosomal protein S27-like, transcript variant X1","gonad"
"LOC115118596",199.701090629986,0.696547365404544,0.22045705236174,1.37205277490944e-05,0.00228541194323448,"prostaglandin E synthase 3-like","gonad"
"LOC115145049",214.748088335979,0.695327171665845,0.310828248101247,0.00015936460593043,0.00749762792646944,"polymeric immunoglobulin receptor-like, transcript variant X3","gonad"
"LOC115105695",34.0992085190658,0.695066372441554,0.368759806464979,0.000284139403502385,0.0100758496288854,"ATP-sensitive inward rectifier potassium channel 15-like, transcript variant X2","gonad"
"LOC115143064",128.344647447572,0.694466167813643,0.335411666407445,0.000219273000946581,0.00884693467819137,"HIG1 domain family member 1A, mitochondrial-like, transcript variant X1","gonad"
"LOC115124646",208.696456807822,0.694305858027155,0.282047506737394,9.66935713690875e-05,0.00593097460059849,"39S ribosomal protein L53, mitochondrial-like","gonad"
"LOC115102671",26.8809340606571,0.694130658360915,0.458286005791756,0.000274624913070688,0.0098969553737254,"rho-related GTP-binding protein Rho6-like","gonad"
"LOC115129714",30.4644403326424,0.692489390284093,0.323556057036445,0.00019558753961728,0.00835761048150494,"DPH3 homolog","gonad"
"LOC115143105",56.7753724889643,0.692021103411689,0.353757195191697,0.000265602089976545,0.0096638708328941,"uncharacterized LOC115143105, transcript variant X2","gonad"
"LOC115145367",345.357112027141,0.691857543598104,0.26555213285706,6.80252132373001e-05,0.00492058076309331,"protein mago nashi homolog","gonad"
"LOC115118247",298.231878944694,0.691853524705246,0.258247873763836,5.60182675708898e-05,0.0044941026365217,"protein CutA homolog","gonad"
"lg19h9orf16",129.707452727486,0.691034147485521,0.276704527117924,8.96634742062195e-05,0.00565365835440342,"linkage group 19 C9orf16 homolog, transcript variant X3","gonad"
"LOC115109156",415.377590256517,0.690569661684266,0.225013276130797,1.82952785737072e-05,0.00252701981890167,"small integral membrane protein 7","gonad"
"LOC115118436",46.5980159508636,0.690473726813126,0.331994467953426,0.000220673028224247,0.00888367960186127,"proline-serine-threonine phosphatase-interacting protein 2-like, transcript variant X2","gonad"
"LOC115101650",180.939963971457,0.690192854137027,0.305463109091488,0.000155695426494902,0.00749762792646944,"MICOS complex subunit MIC10-like","gonad"
"LOC115129029",377.8213181404,0.690004273666143,0.338334979683408,0.000236979850225937,0.00911320380088197,"thioredoxin-like protein 4A","gonad"
"LOC115114233",759.804126965235,0.689705318278418,0.283979997596645,0.000106433232565513,0.00625372741249015,"ubiquitin-60S ribosomal protein L40-like","gonad"
"brix1",125.36536233558,0.688962686915521,0.238159922690225,3.10404722583343e-05,0.00345486080624845,"biogenesis of ribosomes BRX1","gonad"
"LOC115106253",658.226534160732,0.68870949140645,0.318244629350875,0.000190501320938941,0.00822283478254195,"NADH dehydrogenase [ubiquinone] 1 alpha subcomplex subunit 5-like","gonad"
"uxt",102.388888522875,0.68726755448901,0.317384935277912,0.000191387848279523,0.0082342127330877,"ubiquitously expressed prefoldin like chaperone, transcript variant X2","gonad"
"LOC115105069",471.736497704419,0.687108340215899,0.269471371683235,7.96397050561922e-05,0.0053188314993631,"eukaryotic translation initiation factor 1b","gonad"
"LOC115127157",542.204508589462,0.686457865357494,0.253876313629391,5.31430621301211e-05,0.00436590695038226,"activated RNA polymerase II transcriptional coactivator p15-like","gonad"
"LOC115115309",232.688333138474,0.684709891435903,0.249617097531176,4.7938419504291e-05,0.00414461878342813,"death-associated protein-like 1-A","gonad"
"LOC115110500",493.185116186721,0.683031300647388,0.301335028206304,0.000158303648965041,0.00749762792646944,"NADH dehydrogenase [ubiquinone] 1 alpha subcomplex subunit 6-like","gonad"
"LOC115141444",313.993064198347,0.682904703791767,0.243587757958214,4.06297015538092e-05,0.00389177933144043,"neutral amino acid transporter B(0)-like","gonad"
"LOC115119078",200.613835179337,0.681781790191278,0.361625987996963,0.000311607039025524,0.010570544812063,"cytochrome b-245 heavy chain, transcript variant X1","gonad"
"LOC115106830",19.7378365093813,0.67864496146872,0.289030747669667,0.000134314936214737,0.00712122164227235,"ras-related protein Rab-39B-like","gonad"
"LOC115135294",100.929452462978,0.678037914451283,0.258246441625138,6.71799641471542e-05,0.00487887771622293,"thioredoxin-dependent peroxide reductase, mitochondrial-like","gonad"
"rbis",208.877729703434,0.677870312328892,0.292702950631164,0.000145053956010813,0.00733593210398973,"ribosomal biogenesis factor","gonad"
"dtd2",85.286580506814,0.677302577990787,0.311879347496042,0.000198502447018456,0.00835761048150494,"D-aminoacyl-tRNA deacylase 2","gonad"
"LOC115112425",17201.4722329703,0.67708056435542,0.276106800469133,0.000105244017159345,0.00620392979073071,"ferritin, heavy subunit","gonad"
"LOC115101315",338.784667789475,0.674632252633914,0.241168948088307,4.21170353080072e-05,0.00389177933144043,"calmodulin","gonad"
"LOC115143541",33.5251986290499,0.674550454222877,0.269912085835548,9.43948115399758e-05,0.00582936121877483,"xylosyltransferase 1-like","gonad"
"exosc6",96.0249829868731,0.673361514415099,0.33112286880244,0.000263180534550052,0.00962391618763769,"exosome component 6","gonad"
"LOC115106444",240.717390338734,0.670993368299324,0.289772126412343,0.000149311287523663,0.00740681895158368,"putative protein PTGES3L, transcript variant X2","gonad"
"LOC115124647",2096.29849818565,0.669688790543134,0.31953312054497,0.000239518519263728,0.00913592066334505,"myelin P2 protein-like","gonad"
"LOC115140186",840.916592549827,0.669546755530001,0.292349104879217,0.00015918788644929,0.00749762792646944,"dynein light chain 1, cytoplasmic-like","gonad"
"LOC115101422",5093.07133567657,0.668760029524875,0.269725462555133,0.000101182579588877,0.00608301627488626,"cystatin-B-like","gonad"
"LOC115116435",114.555547909507,0.667957702176907,0.272460312116724,0.000108837269234337,0.00627317288958293,"peptidyl-prolyl cis-trans isomerase FKBP1A-like","gonad"
"pop4",237.789732337583,0.664444164467152,0.303421022436917,0.000203121060811437,0.00841978534267684,"POP4 homolog, ribonuclease P/MRP subunit","gonad"
"LOC115142442",36.0072216348606,0.663923029196609,0.295087119239703,0.000178552645550405,0.00798005209167819,"phosphoinositide 3-kinase regulatory subunit 6-like, transcript variant X4","gonad"
"LOC115101109",199.225064946527,0.663459675459302,0.37827420581441,0.000405942965985316,0.0122024842556778,"electrogenic sodium bicarbonate cotransporter 1-like, transcript variant X5","gonad"
"polr2i",88.760345560215,0.663271994951371,0.261983537090986,8.99926891618522e-05,0.00565365835440342,"RNA polymerase II subunit I","gonad"
"LOC115112418",65.6289894724983,0.662703669029973,0.222771181334785,2.5427681234578e-05,0.00310508618751008,"transcription factor PU.1-like, transcript variant X1","gonad"
"LOC115129238",218.423083377696,0.661939203967121,0.266269199404321,0.00010178167313661,0.00609883847349273,"hypoxanthine-guanine phosphoribosyltransferase","gonad"
"mak16",138.803362087125,0.659186106636824,0.284173161564546,0.000155079992927476,0.00748838391380655,"MAK16 homolog","gonad"
"LOC115107585",14.9500676743334,0.659110210478419,0.285900969811095,0.000160433599586681,0.00749762792646944,"T-cell activation Rho GTPase-activating protein-like","gonad"
"smim20",180.497108584369,0.658357897395827,0.27968455938701,0.000143339592420389,0.00731031921343986,"small integral membrane protein 20","gonad"
"LOC115113377",95.4098155073809,0.65774301761994,0.235264902511,4.38876353967036e-05,0.00396429805105747,"thioredoxin-dependent peroxide reductase, mitochondrial-like","gonad"
"dnajc19",143.318276848219,0.657276453435188,0.241540298924745,5.44742813945028e-05,0.00443513476680984,"DnaJ heat shock protein family (Hsp40) member C19, transcript variant X3","gonad"
"LOC115106712",182.446480510377,0.656553520868018,0.282409940831374,0.000154788866968778,0.00748838391380655,"vascular endothelial growth factor A-A, transcript variant X2","gonad"
"LOC115143672",102.532597855495,0.656363894874736,0.285243539278237,0.000163867522444551,0.00758974167730425,"peptidyl-prolyl cis-trans isomerase-like 1","gonad"
"ina",20.0007873524379,0.656159971563755,0.333394308376698,0.000324751229731901,0.0107988705622938,"internexin neuronal intermediate filament protein alpha","gonad"
"LOC115131425",99.5228037885293,0.655986303794538,0.318218721979236,0.000274733724848954,0.0098969553737254,"uncharacterized protein KIAA0895-like, transcript variant X1","gonad"
"LOC115107938",50.1132474421127,0.653601907394463,0.25411762617541,8.32283937894449e-05,0.00543559250950058,"SAYSvFN domain-containing protein 1-like","gonad"
"LOC115136485",615.099212273083,0.652212047724443,0.266102838975578,0.000115033164575037,0.00648615570193903,"cytochrome c oxidase subunit 7B, mitochondrial-like","gonad"
"LOC115138515",544.911834505674,0.651732526428438,0.228675164658095,3.78403360180411e-05,0.00381424428457894,"transmembrane emp24 domain-containing protein 10-like","gonad"
"LOC115133990",86.3915943574619,0.650967727199332,0.247507682571113,7.15183602841508e-05,0.00500105264007145,"sorting nexin-20-like, transcript variant X1","gonad"
"hacd4",75.9747164611263,0.649517161780693,0.295824095741274,0.000214630435134112,0.00875692175347176,"3-hydroxyacyl-CoA dehydratase 4, transcript variant X2","gonad"
"LOC115135018",91.3066544539149,0.64905555037848,0.318277854813198,0.000297243317063973,0.0102991405813235,"prolyl-tRNA synthetase associated domain-containing protein 1-like","gonad"
"LOC115135642",188.466980454725,0.648803137980134,0.236352252489668,5.18797629374798e-05,0.00436078229580039,"barrier-to-autointegration factor","gonad"
"rps27a",5800.73259977613,0.648508599752143,0.334943810513422,0.000358160853840379,0.0112886959530912,"ribosomal protein S27a","gonad"
"LOC115142984",91.5246525949087,0.647619229158335,0.317708193168017,0.00029999732149589,0.010335391592181,"mitochondrial import receptor subunit TOM6 homolog","gonad"
"LOC115113374",515.48479291587,0.647431180179068,0.335976820490153,0.000365885015699926,0.0114534626638756,"serum amyloid P-component-like","gonad"
"LOC115109348",269.094182601383,0.645509681944507,0.24018196725451,6.16958214426211e-05,0.00468681729754071,"heat shock factor-binding protein 1-like","gonad"
"LOC115123317",184.165073414805,0.645501489088574,0.275287663939544,0.000153869018779137,0.00748838391380655,"cytochrome c, transcript variant X1","gonad"
"LOC115106364",31.0425862707173,0.644180403474455,0.226211833208572,3.86688778394637e-05,0.00383645981449892,"pantothenate kinase 1-like, transcript variant X3","gonad"
"atp5mpl",1745.5784719512,0.643566211571619,0.271283537499682,0.000144764909649876,0.00733593210398973,"ATP synthase membrane subunit 6.8PL","gonad"
"LOC115101657",140.150026881116,0.642358389087615,0.238070686946183,6.03163501388673e-05,0.00462069051949905,"uncharacterized protein At5g50100, chloroplastic-like, transcript variant X1","gonad"
"LOC115126505",376.878821681926,0.641342665978704,0.25237412237271,9.3811739286133e-05,0.00582936121877483,"transketolase-like protein 2","gonad"
"LOC115142885",354.525015330715,0.640972510290438,0.281350186178231,0.000184027349179175,0.00809007397505353,"dynein light chain roadblock-type 1","gonad"
"LOC115139652",545.469352545068,0.640119575344348,0.268133075674161,0.000141133492967198,0.00727570654375019,"proteasome subunit alpha type-6","gonad"
"ndufb5",500.065776296252,0.639293283280742,0.312218243028868,0.00030771701127907,0.0105094538645953,"NADH:ubiquinone oxidoreductase subunit B5","gonad"
"timm8b",40.1013385066317,0.639210210630348,0.309369185839468,0.000296603557596563,0.0102966236935434,"translocase of inner mitochondrial membrane 8 homolog B","gonad"
"LOC115130213",255.778520835908,0.637425816571631,0.237896370837496,6.44388650369065e-05,0.00476269422492933,"transmembrane protein 14C-like","gonad"
"ccdc189",65.1572357481033,0.637126827487191,0.408012040182053,0.000537791551285626,0.0141920689028224,"coiled-coil domain containing 189, transcript variant X4","gonad"
"LOC115133707",74.1950370755115,0.636198929729123,0.298210208686687,0.000261388516064404,0.00962391618763769,"V-type proton ATPase subunit E 1-like","gonad"
"LOC115121080",586.445399819671,0.635330000296405,0.293255523926424,0.00024400214418996,0.00924864912299149,"tubulin-specific chaperone A-like","gonad"
"mcur1",28.1340421929037,0.634479828440967,0.302578067547775,0.000284916614717564,0.010083715510355,"mitochondrial calcium uniporter regulator 1, transcript variant X1","gonad"
"LOC115144855",36.3645597220907,0.634371731236286,0.177847180720504,3.47695096023e-06,0.00153069213597835,"zinc finger and SCAN domain-containing protein 21-like, transcript variant X1","gonad"
"LOC115105886",159.441313788042,0.634267780493826,0.196466244841697,1.15513740116095e-05,0.00218255135740007,"FYN-binding protein 1-like, transcript variant X2","gonad"
"LOC115109394",191.805198251396,0.633961897736213,0.268658479288561,0.000154745349772896,0.00748838391380655,"peptidyl-prolyl cis-trans isomerase FKBP7-like","gonad"
"LOC115134774",24.077142047379,0.633710902895446,0.334119868477802,0.000417291407251744,0.0124202340820699,"C-C motif chemokine 4-like","gonad"
"tmem126a",34.3483514424287,0.633469916941918,0.316991180607877,0.00034906929025604,0.0111579261160012,"transmembrane protein 126A","gonad"
"LOC115141163",13.6255632592835,0.633454144618044,0.250779733686565,0.000100150333591226,0.00604096165010732,"sodium channel subunit beta-1-like","gonad"
"LOC115123727",569.092739720543,0.633298259496983,0.292327318572788,0.000246275327078325,0.00929599758510201,"probable protein BRICK1-A","gonad"
"ss18l2",197.731180610029,0.632321720627192,0.328756934643925,0.0004023970833604,0.0121453954476521,"SS18 like 2","gonad"
"LOC115136130",261.350387299924,0.632301898822741,0.301136573244988,0.000286213079240842,0.010109892347659,"small nuclear ribonucleoprotein Sm D2-like","gonad"
"LOC115146226",249.068790998055,0.632047077999985,0.273476432838329,0.000175955769410302,0.00788803197386037,"transmembrane emp24 domain-containing protein 10-like","gonad"
"LOC115109240",218.774827628458,0.631506902398212,0.293423212386483,0.000256269054745352,0.00951497128416486,"DNA-directed RNA polymerases I, II, and III subunit RPABC1","gonad"
"LOC115111612",15.5134198066744,0.631337983029826,0.354619388830682,0.000500398699526048,0.0135920554227591,"dual specificity protein phosphatase 18-like","gonad"
"tmed2",209.456215909933,0.629961164903431,0.250347758754021,0.000103905004261778,0.00618524346680929,"transmembrane p24 trafficking protein 2, transcript variant X1","gonad"
"LOC115113675",1760.41305247578,0.629050797555192,0.265811577053263,0.000154837836247294,0.00748838391380655,"cytochrome c oxidase subunit 4 isoform 1, mitochondrial","gonad"
"LOC115105848",21.3759258703154,0.628763996789496,0.321341417836167,0.000387107717456859,0.0117943146761359,"TP53-regulated inhibitor of apoptosis 1-like","gonad"
"LOC115107979",46.0323351545256,0.62769612995667,0.216649509834889,3.42431007826466e-05,0.00357826785582802,"rho GTPase-activating protein 6-like, transcript variant X1","gonad"
"LOC115112206",312.270689169939,0.627579876840675,0.298890337136943,0.000292757239101416,0.0102021121557108,"cytochrome c oxidase copper chaperone-like","gonad"
"stard9",105.19841303201,0.626995054132185,0.315765542778996,0.000370291147621656,0.0114923180790065,"StAR related lipid transfer domain containing 9","gonad"
"LOC115141087",136.707802255484,0.626423207354667,0.212045527306455,2.8693497047433e-05,0.00331821103435155,"ragulator complex protein LAMTOR2","gonad"
"dimt1",56.4081451961373,0.625770062152862,0.282738347986275,0.000228513256840059,0.00901931889388721,"DIMT1 rRNA methyltransferase and ribosome maturation factor","gonad"
"LOC115128083",8034.44216454377,0.625532107409848,0.310361600442482,0.000352071635578434,0.0111947681533486,"60S ribosomal protein L30","gonad"
"LOC115105256",114.292897188463,0.624735989855616,0.28517907266627,0.000241950001196009,0.00920931702665563,"zinc finger CCHC domain-containing protein 10-like, transcript variant X2","gonad"
"LOC115115131",53.1990835009709,0.624693458046439,0.349098249267996,0.000517588152900364,0.0137607901637429,"SLAM family member 8-like","gonad"
"LOC115106174",26.4073464231263,0.624683075127537,0.371488192963045,0.000580372839148529,0.0148203224579194,"DPY30 domain-containing protein 1-like, transcript variant X1","gonad"
"LOC115141987",225.197710535289,0.624408199471234,0.245968375062822,9.93976050081156e-05,0.00603566192818511,"rho-related GTP-binding protein RhoG-like","gonad"
"LOC115139617",114.009377755243,0.624175362202795,0.289810439499657,0.000263973907327802,0.00962391618763769,"cytochrome c oxidase subunit 7A2, mitochondrial","gonad"
"LOC115128841",20.1643111373253,0.623482774253486,0.270334899863402,0.000184026104846184,0.00809007397505353,"CD209 antigen-like protein C","gonad"
"pigy",63.4285201149689,0.623378491976866,0.295169563440119,0.000290793697911967,0.0101531738063263,"phosphatidylinositol glycan anchor biosynthesis class Y","gonad"
"LOC115128224",2334.87127474854,0.622743930195679,0.326114899936639,0.000435640901858905,0.0127367088794691,"ATPase inhibitor A, mitochondrial-like","gonad"
"LOC115135327",209.151728717836,0.622564899042354,0.304099592469233,0.000335129796999006,0.0109863891092403,"DNA damage-inducible transcript 3 protein-like","gonad"
"LOC115138378",710.315585808644,0.621956780719553,0.242877009613312,9.41035095479852e-05,0.00582936121877483,"cytochrome c oxidase subunit 7A2, mitochondrial-like","gonad"
"tmem107",24.4182681983267,0.621624940843383,0.407609999349972,0.000617735961595463,0.0155462162527157,"transmembrane protein 107, transcript variant X2","gonad"
"LOC115110325",214.517193475186,0.621107465447427,0.23359072547272,7.12547782149125e-05,0.00500105264007145,"stannin-like, transcript variant X2","gonad"
"LOC115111257",198.038625624796,0.620520890629518,0.31820747216653,0.000410182547970969,0.0122488064818436,"tetraspanin-36-like","gonad"
"LOC115109419",91.6894092169405,0.618839242196816,0.270379261927758,0.000195736534754207,0.00835761048150494,"proline-serine-threonine phosphatase-interacting protein 1-like, transcript variant X1","gonad"
"LOC115128702",622.374957742666,0.61749360441577,0.300014453482921,0.000335836415269243,0.0109863891092403,"26S proteasome complex subunit SEM1","gonad"
"LOC115136733",119.255216308406,0.616534370846272,0.289771427209296,0.000289828037365114,0.0101389553880559,"glia maturation factor gamma-like","gonad"
"LOC115111965",230.84782578015,0.615890251047198,0.2712553960609,0.000207202150588562,0.00853052663511551,"endothelial differentiation-related factor 1 homolog","gonad"
"LOC115103547",73.8022089582265,0.615382627371329,0.288805346625906,0.000289301806643295,0.0101389553880559,"CDGSH iron-sulfur domain-containing protein 3, mitochondrial-like","gonad"
"LOC115125694",508.535075891074,0.614953981126455,0.280669601670303,0.000252139697145721,0.00943886255954168,"cytochrome b-c1 complex subunit 8-like, transcript variant X1","gonad"
"LOC115130553",358.014011953189,0.614736258354923,0.309644399672147,0.000395493855712638,0.0119876234462749,"macrophage migration inhibitory factor-like","gonad"
"nudt12",135.904692818414,0.614417012634261,0.209506936652416,3.13483964096054e-05,0.00345486080624845,"nudix hydrolase 12, transcript variant X2","gonad"
"LOC115140107",449.185865993067,0.614149235381038,0.283911426410914,0.000270083192039574,0.00980726086934099,"probable protein BRICK1","gonad"
"LOC115102262",27.0270096829232,0.613892913374638,0.34383299863068,0.000559219109580074,0.0144384723578429,"E3 ubiquitin-protein ligase TRIM16-like, transcript variant X1","gonad"
"LOC115125554",6328.47602545151,0.612759012929467,0.310116324586623,0.000407127805394369,0.0122128338775138,"60S ribosomal protein L30","gonad"
"arl2",162.099558242431,0.610962525708508,0.274926774962897,0.000237919068165788,0.00911320380088197,"ADP ribosylation factor like GTPase 2","gonad"
"LOC115109231",98.1394996892177,0.610848651060381,0.277493541737693,0.00025037714292027,0.00941023241411935,"mitochondrial import inner membrane translocase subunit Tim13","gonad"
"LOC115106093",35.3254861266651,0.609538448820975,0.27670896765334,0.000250856603240458,0.00941023241411935,"epithelial discoidin domain-containing receptor 1-like","gonad"
"LOC115143193",54.4477563110853,0.607602506203264,0.169732958023139,3.29220477705758e-06,0.00153069213597835,"RNA-binding protein 15-like","gonad"
"LOC115104729",1238.10762839645,0.605997509696947,0.282775744402964,0.000293421019745912,0.0102056552385187,"cytochrome b-c1 complex subunit 9-like","gonad"
"LOC115144376",491.773487330609,0.605803871395367,0.248028331687716,0.00013728892773951,0.0071626947472372,"cytochrome c oxidase assembly protein COX14 homolog","gonad"
"LOC115115989",66.8154238252447,0.605410993429467,0.43396900616182,0.000639258988888627,0.0158254715328892,"extracellular serine/threonine protein kinase FAM20C-like","gonad"
"LOC115102020",346.262545900677,0.603970366560419,0.273786203928952,0.000254830627472858,0.00949717819979254,"40S ribosomal protein S23","gonad"
"LOC115104866",157.428984672926,0.60340511709518,0.328124812919282,0.00055078678764162,0.0144079001861783,"transmembrane protein 14C-like, transcript variant X1","gonad"
"brk1",139.679395903546,0.60318407623365,0.255792533756316,0.000173757803166471,0.00780877889675854,"BRICK1 subunit of SCAR/WAVE actin nucleating complex","gonad"
"LOC115129611",561.058034127747,0.602582161704374,0.264719750137412,0.000215201964214261,0.00876055350285677,"ATP synthase-coupling factor 6, mitochondrial-like","gonad"
"dynlt1",36.4075967444661,0.602576442850688,0.331216522785946,0.000571571122381752,0.0146781404497356,"dynein light chain Tctex-type 1","gonad"
"smim8",37.6375049233641,0.602471278654675,0.246581750869924,0.000138512056823042,0.00718521401051186,"small integral membrane protein 8","gonad"
"LOC115124271",97.4857813634827,0.600712737547084,0.239076248624622,0.000114854143389131,0.00648615570193903,"prosaposin-like, transcript variant X1","gonad"
"LOC115142712",111.059222078213,0.600663576229957,0.273315184729587,0.000263665254916977,0.00962391618763769,"ninjurin-1-like","gonad"
"LOC115138589",28.518206484577,0.600136145828374,0.384913771646164,0.000758168755293561,0.0175728330653349,"tumor necrosis factor alpha-induced protein 2-like, transcript variant X1","gonad"
"brd3os",50.2660192681409,0.60006499550287,0.227375428881358,7.98420401581521e-05,0.0053188314993631,"BRD3 opposite strand","gonad"
"lg14h17orf97",102.74794871297,0.598559937332743,0.223825114109901,7.22046536414026e-05,0.00500361714318055,"linkage group 14 C17orf97 homolog","gonad"
"LOC115139701",204.836011692,0.598108774297178,0.264568721780616,0.000227870921027379,0.00901931889388721,"transmembrane emp24 domain-containing protein 7-like, transcript variant X3","gonad"
"nme5",62.2972649946412,0.597952099411614,0.333904154266779,0.000615219632998526,0.0155462162527157,"NME/NM23 family member 5, transcript variant X3","gonad"
"nfkb2",45.8340305079154,0.597331759379427,0.348414722611815,0.000686724382139515,0.0166020877258656,"nuclear factor kappa B subunit 2","gonad"
"LOC115133487",232.78018113051,0.596507714114577,0.265328881333746,0.000236696967651325,0.00911320380088197,"small ubiquitin-related modifier 1","gonad"
"LOC115102334",696.707732904368,0.594632508781095,0.25036681062987,0.00017128374747542,0.0077745692979093,"PRA1 family protein 3-like","gonad"
"LOC115144063",79.2337717358898,0.594421118141943,0.163752201914571,2.71294341758794e-06,0.00140732001970648,"inositol polyphosphate multikinase-like, transcript variant X1","gonad"
"LOC115129028",41.7707333088827,0.594304384510657,0.344360808270701,0.000691190038831461,0.0166878275864681,"nuclear transport factor 2-like","gonad"
"LOC115112090",95.3368998018642,0.59189594361236,0.309737658208469,0.000517286635484051,0.0137607901637429,"FAS-associated death domain protein-like","gonad"
"tomm34",153.398352318417,0.591789968144539,0.228855720075695,9.55824216886516e-05,0.00588269304467511,"translocase of outer mitochondrial membrane 34","gonad"
"LOC115128708",974.461925489798,0.590355165288232,0.28104407775507,0.000347601780460762,0.011150279021282,"BPTI/Kunitz domain-containing protein-like, transcript variant X1","gonad"
"LOC115132347",59.5442884497659,0.587851252340093,0.269149272784217,0.000287806433896986,0.0101389553880559,"syntaphilin-like","gonad"
"LOC115112142",40.0339733014603,0.587000503032419,0.343513786236012,0.000742972114033307,0.0174281675741456,"chemokine-like factor","gonad"
"LOC115146236",216.664561332254,0.586711652899797,0.298564506362733,0.000477115291472019,0.0132454208439847,"rRNA-processing protein FCF1 homolog","gonad"
"LOC115111634",185.174144429194,0.586216526467722,0.321913523596337,0.000629849655979771,0.0156866259999571,"cyclin-dependent kinase 2-associated protein 1-like","gonad"
"pfdn4",211.750284848318,0.586102779907681,0.293037526501487,0.000444404953594459,0.0127870306457385,"prefoldin subunit 4","gonad"
"LOC115137859",2236.16054301084,0.586075607943877,0.502483391787031,0.000369626258934651,0.0114913259541396,"saxiphilin-like","gonad"
"LOC115145844",156.920731128396,0.584720054788974,0.370298320614953,0.000857460253110093,0.0188842932959581,"small nuclear ribonucleoprotein E","gonad"
"LOC115105844",23.1013430586346,0.584494689337854,0.366284719170599,0.000849722544781997,0.0188141006378804,"calcineurin B homologous protein 3-like, transcript variant X1","gonad"
"efcab2",25.7627401310724,0.58426612615689,0.341024438657673,0.000752595340134928,0.0175497902621226,"EF-hand calcium binding domain 2, transcript variant X2","gonad"
"LOC115115419",329.275274038751,0.581492445614518,0.343070295982457,0.000785703364374134,0.0179497325257739,"phospholipase A and acyltransferase 2-like","gonad"
"ost4",709.95011495189,0.581316848083841,0.25598838838957,0.000237300517205112,0.00911320380088197,"oligosaccharyltransferase complex subunit 4, non-catalytic","gonad"
"LOC115119277",291.016745528304,0.580939156927374,0.32016750039394,0.000657590786400559,0.0161693783552382,"tumor necrosis factor receptor superfamily member 9-like","gonad"
"hs1bp3",225.246680550713,0.57992518713334,0.228629857230838,0.000114453385277498,0.00648615570193903,"HCLS1 binding protein 3, transcript variant X2","gonad"
"LOC115130499",3561.81701811922,0.579799023609568,0.278009247991262,0.000378025144692066,0.0116635787335891,"C-X-C motif chemokine 14-like, transcript variant X2","gonad"
"LOC115101440",95.1720366240797,0.579034584151237,0.237358048509964,0.000151531211017902,0.00748838391380655,"RAS guanyl-releasing protein 2-like, transcript variant X2","gonad"
"LOC115130871",3994.57358692696,0.57889240835032,0.306626518171068,0.000581342009476991,0.0148242212416633,"60S ribosomal protein L36a-like, transcript variant X2","gonad"
"LOC115132470",176.2868741013,0.578694026688728,0.270737762068924,0.000335699914584095,0.0109863891092403,"SAP domain-containing ribonucleoprotein-like","gonad"
"ube2v2",73.973728971371,0.577564159067548,0.270808548397284,0.000341290235528402,0.011045393077101,"ubiquitin conjugating enzyme E2 V2, transcript variant X2","gonad"
"LOC115143141",220.191206152719,0.577135225266001,0.171323725773315,7.34161066272217e-06,0.00203520483124677,"guanine nucleotide-binding protein G(i) subunit alpha-2-like","gonad"
"LOC115105494",1693.51222108647,0.576951851238482,0.274291367600787,0.000367200479144098,0.0114551407205159,"cytochrome c oxidase subunit 7B, mitochondrial-like","gonad"
"LOC115140607",61.8289729894474,0.576411413644225,0.359526409294059,0.000900372108172959,0.0194146745795585,"gamma-glutamyl hydrolase-like","gonad"
"LOC115131366",198.172617714955,0.575986530295516,0.25260200302953,0.000236516649961235,0.00911320380088197,"chromatin modification-related protein MEAF6-like, transcript variant X1","gonad"
"LOC115101930",413.940985950586,0.574507112704665,0.236792406114411,0.000159803275035393,0.00749762792646944,"ragulator complex protein LAMTOR5-like","gonad"
"LOC115129342",83.1938964079144,0.573700493739351,0.152178127344042,1.55951643713504e-06,0.00104868816417125,"SLAM family member 7-like, transcript variant X1","gonad"
"LOC115124139",36.5446778937138,0.573185642333985,0.266786116405968,0.000334869712207887,0.0109863891092403,"post-GPI attachment to proteins factor 2-like","gonad"
"LOC115119248",11751.6164724651,0.572511049953686,0.321814331822245,0.000735416965210478,0.017385716693179,"40S ribosomal protein S29-like","gonad"
"LOC115103912",92.6931947238861,0.5724940690721,0.265873853784556,0.000331962438105919,0.0109571170980655,"U2 small nuclear ribonucleoprotein B''-like, transcript variant X3","gonad"
"LOC115147101",107.448480751539,0.572107908593603,0.294430865286133,0.000539338710623542,0.0142122403919899,"dolichol phosphate-mannose biosynthesis regulatory protein-like, transcript variant X2","gonad"
"LOC115102474",284.491669753667,0.571739846112598,0.243282542898215,0.000199319527345871,0.00835761048150494,"pituitary tumor-transforming gene 1 protein-interacting protein-like","gonad"
"LOC115141356",1129.64019049195,0.571050645702509,0.289670719018998,0.000510505485136855,0.013751836184191,"C-type lectin domain family 4 member E-like","gonad"
"dapl1",3141.5183620506,0.570748141319586,0.294950916966701,0.000552476280135718,0.0144079001861783,"death associated protein like 1","gonad"
"LOC115123928",16.2322313789997,0.569951964260098,0.276427848017829,0.000418516021157036,0.0124262185623649,"translationally-controlled tumor protein homolog, transcript variant X1","gonad"
"znhit2",620.797528321548,0.569909691989229,0.231469614726735,0.000146657557694961,0.00737411634382322,"zinc finger HIT-type containing 2, transcript variant X2","gonad"
"LOC115133296",2953.758968086,0.5696145643308,0.280488278014693,0.000450411414682026,0.0128779668430222,"60S ribosomal protein L34, transcript variant X1","gonad"
"LOC115128325",54.5463957526607,0.568972393541202,0.324804670880816,0.000786303803366886,0.0179497325257739,"C-type lectin domain family 17, member A-like, transcript variant X3","gonad"
"LOC115134062",49.3353069985802,0.568084689678229,0.235998558364916,0.000172506154232902,0.00780877889675854,"BH3-interacting domain death agonist-like, transcript variant X2","gonad"
"LOC115110674",19.2734322056685,0.566606793557978,0.419193233759456,0.000942943652869535,0.0200234911830401,"forkhead box protein J1-A-like, transcript variant X2","gonad"
"pnkd",72.7819719994597,0.566038524112645,0.186500207504501,2.44201267642119e-05,0.00303679329815775,"PNKD metallo-beta-lactamase domain containing","gonad"
"LOC115145151",12.8094964643324,0.565580279440875,0.324170541101351,0.00081259757858463,0.0182110411948729,"DPH3 homolog","gonad"
"LOC115109420",72.8748294767621,0.56398791857877,0.314557666463579,0.00075643214122304,0.0175728330653349,"tetraspanin-3-like, transcript variant X1","gonad"
"haus2",64.7344933183407,0.563266449956934,0.288330845989042,0.000552440403616198,0.0144079001861783,"HAUS augmin like complex subunit 2, transcript variant X1","gonad"
"LOC115139406",1171.97105885635,0.563193906455822,0.281601148615287,0.000498677342307465,0.0135920554227591,"costars family protein ABRACL, transcript variant X2","gonad"
"LOC115104143",86.6295411162407,0.563179594893223,0.257910540410855,0.000320377721725709,0.0106729870011963,"coiled-coil domain-containing protein 43-like","gonad"
"LOC115110456",245.910295206374,0.563020316854307,0.203302007518179,5.91240371794093e-05,0.00458741888474084,"transmembrane protein 205-like, transcript variant X2","gonad"
"atp6v0b",668.510503869346,0.562958941384744,0.204841269240696,6.32311561320771e-05,0.00474234325361969,"ATPase H+ transporting V0 subunit b, transcript variant X1","gonad"
"LOC115121509",98.3320266586433,0.562063717826102,0.295597820614044,0.000620786890461492,0.0155462162527157,"adseverin-like","gonad"
"LOC115120072",90.7248810750588,0.561746020493174,0.240857958867743,0.000217460595690855,0.00883269479947018,"vesicle transport protein SEC20-like, transcript variant X1","gonad"
"LOC115116915",124.752316144137,0.561423426528977,0.312741750761444,0.0007652139691941,0.017608649967919,"28S ribosomal protein S16, mitochondrial-like","gonad"
"LOC115101899",21.0072284622084,0.561318840764452,0.255595347779803,0.000312799155332873,0.0105757569166176,"THAP domain-containing protein 3-like","gonad"
"LOC115140224",141.848567286193,0.561229167009132,0.254059314172037,0.000302658758541952,0.0103876605294663,"ran-specific GTPase-activating protein-like, transcript variant X1","gonad"
"slc52a2",54.385649148014,0.560972291377268,0.227104836728016,0.000147880619943873,0.00739647530496131,"solute carrier family 52 member 2, transcript variant X2","gonad"
"LOC115137195",365.373156250157,0.5606531575552,0.242645415228014,0.000231710626285958,0.00905679553802459,"probable signal peptidase complex subunit 2","gonad"
"naaa",306.478202081728,0.559930813174135,0.231114619890187,0.000170054123262,0.00775754437674592,"N-acylethanolamine acid amidase","gonad"
"trappc4",103.263927223844,0.559240992762355,0.172529045350876,1.19740643928655e-05,0.00218255135740007,"trafficking protein particle complex 4","gonad"
"rps21",3995.61910480874,0.559193371470778,0.315859345208244,0.000810304885857523,0.0182077914698381,"ribosomal protein S21","gonad"
"LOC115114749",344.874117220019,0.558421796243368,0.230268122228026,0.000169856570311024,0.00775754437674592,"cytochrome b-c1 complex subunit 10","gonad"
"lg15h1orf159",50.3054945097076,0.558325759309937,0.35619054636439,0.00106901818905393,0.0214940135553301,"linkage group 15 C1orf159 homolog","gonad"
"LOC115105136",42.8219840906459,0.557008625812511,0.345597977432972,0.00103426894443722,0.0210282048770462,"sialoadhesin-like, transcript variant X2","gonad"
"LOC115135272",35.9166595436267,0.556437730548513,0.360009790656783,0.00110382249061044,0.0216893951726441,"B-cell linker protein-like, transcript variant X1","gonad"
"tmem216",51.5715678984777,0.555957448583073,0.214370570159764,0.000104365774569028,0.0061887265614353,"transmembrane protein 216","gonad"
"wdyhv1",33.0021450875166,0.555808095635822,0.320307177576501,0.00087820604075864,0.0190897328682127,"WDYHV motif containing 1, transcript variant X2","gonad"
"LOC115141387",95.575210423339,0.555333571489459,0.194339761262398,4.54029853180149e-05,0.00405644010041728,"receptor-binding cancer antigen expressed on SiSo cells-like","gonad"
"LOC115109910",165.659094152342,0.555314419173062,0.257187580805037,0.000352940068772482,0.011202762043065,"growth arrest and DNA damage-inducible proteins-interacting protein 1-like","gonad"
"hint1",505.47222869706,0.554637738835894,0.239117383026073,0.000231610168218039,0.00905679553802459,"histidine triad nucleotide binding protein 1","gonad"
"LOC115126869",91.8927311892154,0.554416865052167,0.164534323701693,7.53557925076835e-06,0.00203520483124677,"extensin-like","gonad"
"LOC115136202",132.836233708337,0.554134110825647,0.218026960063839,0.000122739024956439,0.00673247654715742,"serine/threonine-protein kinase 10-like","gonad"
"LOC115114597",365.830700467104,0.554058559405601,0.231080498691446,0.000186646268063712,0.00815182347611437,"guanine nucleotide-binding protein G(I)/G(S)/G(O) subunit gamma-5-like","gonad"
"LOC115135113",44.2777261474291,0.553878718564827,0.305340849095227,0.000773107575907947,0.0177677736052971,"polymeric immunoglobulin receptor-like, transcript variant X7","gonad"
"LOC115132693",87.6375573172507,0.553256900541257,0.280702774230295,0.00055985264044511,0.0144384723578429,"tissue factor pathway inhibitor 2-like","gonad"
"LOC115144554",25.5274181353394,0.552615607707634,0.25596792690893,0.000357458495508738,0.0112869851207942,"zinc finger protein 501-like, transcript variant X1","gonad"
"LOC115128593",64.6489720467403,0.5522353279632,0.203232292421243,7.19768902353582e-05,0.00500361714318055,"terminal nucleotidyltransferase 4A-like, transcript variant X3","gonad"
"LOC115119181",296.464245543894,0.550834276979179,0.329764314379189,0.00100264901575137,0.0208046806056936,"D-dopachrome decarboxylase-A-like","gonad"
"LOC115120264",25.2826523053677,0.550676316092124,0.262719083252748,0.000422177246891909,0.0124634960887309,"tumor necrosis factor receptor superfamily member 11A-like","gonad"
"LOC115134527",25.9880289627031,0.549471608874832,0.302422215177159,0.00078893404690282,0.0179497325257739,"microtubule-associated protein 1B-like, transcript variant X4","gonad"
"tprkb",51.337676165253,0.548855258604543,0.303914946124622,0.000808520073088206,0.0182077914698381,"TP53RK binding protein","gonad"
"LOC115122305",25.1665836133529,0.548677640721954,0.266180961647645,0.000463944041040091,0.0130343743245688,"5-demethoxyubiquinone hydroxylase, mitochondrial-like","gonad"
"LOC115136795",34.6658339329249,0.548159284324428,0.326091311808078,0.00100519113781584,0.0208098635099023,"phosphoserine phosphatase-like, transcript variant X1","gonad"
"LOC115112431",153.562558419772,0.548102457612266,0.216809361636555,0.000130534132694708,0.0070325748166324,"DNA-directed RNA polymerases I, II, and III subunit RPABC5, transcript variant X1","gonad"
"LOC115136026",15.5028522119068,0.547268661160727,0.370885533326753,0.00123656195108144,0.0233136228284887,"cytotoxic and regulatory T-cell molecule-like, transcript variant X2","gonad"
"LOC115125783",41.5007718895431,0.54702286757062,0.232669962513254,0.00021877058902125,0.00884693467819137,"ubiquitin-conjugating enzyme E2 D3-like, transcript variant X1","gonad"
"LOC115120086",76.005555016374,0.546998250772729,0.247194200005399,0.000318664549869666,0.0106729870011963,"complement component 1 Q subcomponent-binding protein, mitochondrial-like","gonad"
"LOC115111375",182.901988363316,0.546826446890089,0.267325715504902,0.000486219649471031,0.0133957571408134,"guanine deaminase-like","gonad"
"LOC115139502",296.029662826431,0.545756469422305,0.128639289027511,2.05947023666281e-07,0.000311597846807082,"serine/arginine-rich splicing factor 3, transcript variant X1","gonad"
"LOC115105710",523.422383278616,0.54525251988949,0.254709470452601,0.000387167412809926,0.0117943146761359,"succinate dehydrogenase assembly factor 1, mitochondrial-like, transcript variant X1","gonad"
"dnajc12",167.425235292149,0.544136863644106,0.211547506002701,0.000115905851405688,0.00649502048802988,"DnaJ heat shock protein family (Hsp40) member C12, transcript variant X1","gonad"
"LOC115103849",155.28173177387,0.543864160631911,0.237691461743518,0.000263827246258976,0.00962391618763769,"COMM domain-containing protein 1-like","gonad"
"LOC115108696",4657.13065445599,0.543190912166397,0.323154038855785,0.00103927814488708,0.0210904820855749,"60S ribosomal protein L36","gonad"
"LOC115141855",58.1610106290739,0.543165752359026,0.233609717395771,0.000238925317767612,0.00913248014608162,"protein turtle homolog B-like, transcript variant X2","gonad"
"LOC115130225",294.529483792641,0.542887206630217,0.259695317006714,0.000444102307117249,0.0127870306457385,"programmed cell death protein 6-like, transcript variant X1","gonad"
"igsf6",33.4847874009273,0.542824048308572,0.324423308914317,0.00105409149523267,0.0212881926445432,"immunoglobulin superfamily member 6","gonad"
"LOC115104196",293.957513026731,0.542412596013723,0.266729168880546,0.000511343597771437,0.0137540064609455,"SUMO-conjugating enzyme UBC9-B, transcript variant X2","gonad"
"znrd1",89.2789683354215,0.542379238583102,0.214508660391273,0.000133087933916486,0.00710689567114037,"zinc ribbon domain containing 1","gonad"
"LOC115135604",4182.44837994559,0.540659960729472,0.31694291800383,0.001015694668085,0.020930247386179,"40S ribosomal protein S23","gonad"
"LOC115111853",1598.72428055346,0.539724912123764,0.30783543427263,0.000941665980484492,0.0200197746389654,"60S ribosomal protein L37","gonad"
"LOC115141593",23.4601232325196,0.538296612336484,0.33911750538318,0.00122081272097017,0.023112696310672,"NLR family CARD domain-containing protein 3-like","gonad"
"med10",173.178611757115,0.538200521151867,0.242770666337125,0.000327689904441033,0.0108656511844716,"mediator complex subunit 10","gonad"
"LOC115106933",303.917028980614,0.538000295539883,0.282434984547922,0.000702453793718441,0.0168700411094603,"short transmembrane mitochondrial protein 1-like","gonad"
"LOC115144042",99.11423551184,0.537666839061809,0.245213966421987,0.000350289124195946,0.0111765146759685,"ribonuclease P protein subunit p30-like","gonad"
"LOC115113373",49.6526509520369,0.537566562331864,0.314112482292984,0.00102671512190217,0.020992161884297,"molybdenum cofactor sulfurase-like, transcript variant X1","gonad"
"LOC115130164",63.1211391475438,0.536581804544994,0.186956242684678,4.59882671834126e-05,0.0040729901413758,"neutrophil cytosol factor 2-like, transcript variant X2","gonad"
"LOC115139937",33.0410058269475,0.536526628393983,0.239292265163878,0.000308522742334727,0.0105094538645953,"phospholipase A2-like, transcript variant X4","gonad"
"LOC115141662",637.17064651134,0.536371000611209,0.262536451532167,0.000514986091499066,0.0137607901637429,"eukaryotic translation initiation factor 3 subunit K","gonad"
"LOC115122125",195.869408550256,0.536242345797068,0.266565151654706,0.000555655902090744,0.0144384723578429,"peptidyl-prolyl cis-trans isomerase A-like","gonad"
"LOC115130482",50.6600732875079,0.53621599943185,0.221500190490513,0.000187202221769251,0.00815182347611437,"mitogen-activated protein kinase kinase kinase kinase 4-like","gonad"
"pdrg1",168.730229779914,0.535571300849728,0.290573573933583,0.000811400777439022,0.018209879499608,"p53 and DNA damage regulated 1","gonad"
"LOC115114434",22.7195778593873,0.535141120559171,0.261885843074279,0.00051765915850608,0.0137607901637429,"transmembrane protein 68-like","gonad"
"LOC115109448",1183.14053379699,0.534963231230864,0.252276704772521,0.000427562436849094,0.0125586349794591,"small EDRK-rich factor 2-like","gonad"
"LOC115106787",48.3977310034625,0.534893936858054,0.35465877125748,0.00135123844005289,0.0243985094766311,"stress-associated endoplasmic reticulum protein 1-like","gonad"
"LOC115132993",319.419296697465,0.534891830465755,0.291023906711494,0.000823268742473293,0.0183853226178907,"NADH dehydrogenase [ubiquinone] 1 beta subcomplex subunit 2, mitochondrial-like, transcript variant X2","gonad"
"lg2h20orf96",32.4028851393845,0.53472850934092,0.361020362994425,0.00137594290793752,0.0246367055586919,"linkage group 2 C20orf96 homolog, transcript variant X2","gonad"
"znhit3",23.6903689787457,0.534419746683678,0.310586588056313,0.00103110866181274,0.0210110088258947,"zinc finger HIT-type containing 3, transcript variant X2","gonad"
"LOC115105239",129.331052825868,0.534377523719698,0.252053299473174,0.000429236294745356,0.0125697002699946,"vesicle transport protein SEC20-like","gonad"
"nenf",271.017214873272,0.533693301088662,0.272141826572992,0.000633743750364263,0.015740426171838,"neudesin neurotrophic factor","gonad"
"LOC115114358",112.983336098077,0.532951194905858,0.16095152154227,9.7888971257523e-06,0.00218255135740007,"la-related protein 4B-like, transcript variant X1","gonad"
"LOC115141051",28.5273995667003,0.532780181886947,0.285053499081938,0.000780887193822835,0.0179238784968994,"tumor necrosis factor alpha-induced protein 8-like protein 2","gonad"
"LOC115109891",54.0373961467115,0.532653020523839,0.278132191228208,0.000707049100614799,0.0169355982463882,"growth arrest and DNA damage-inducible proteins-interacting protein 1-like, transcript variant X3","gonad"
"LOC115133511",88.5799947356771,0.532415793801297,0.263783616227512,0.000557510190486649,0.0144384723578429,"oocyte zinc finger protein XlCOF6-like","gonad"
"LOC115144339",107.22806526887,0.532305703915778,0.274775360175391,0.000674103557941651,0.0163623318154928,"cytochrome c oxidase assembly protein COX20, mitochondrial","gonad"
"mrps18c",215.340130034999,0.532058375005276,0.258225767176321,0.000504140938250756,0.0136208078495249,"mitochondrial ribosomal protein S18C, transcript variant X3","gonad"
"LOC115119303",1905.19960023018,0.531826486450123,0.237275827251175,0.000315657398407375,0.0106327935537742,"macrophage colony-stimulating factor 1 receptor 1-like","gonad"
"LOC115131424",12.3799791349076,0.531235799749725,0.349452921407515,0.00137887855609421,0.0246406683705182,"asparagine synthetase [glutamine-hydrolyzing]-like, transcript variant X1","gonad"
"LOC115141172",83.3813796033158,0.530701676775025,0.25296221928831,0.000462112592579421,0.0130343743245688,"myeloid cell surface antigen CD33-like, transcript variant X1","gonad"
"LOC115129345",113.410581583502,0.530476809842707,0.290341346996676,0.000863472289643012,0.0189567144991034,"T-cell surface antigen CD2-like, transcript variant X1","gonad"
"LOC115137525",191.292241458462,0.530314095243659,0.235792165335021,0.000311225137601955,0.010570544812063,"catenin alpha-2-like","gonad"
"polr2j",173.891550835044,0.530218014841337,0.311071918744104,0.00108901839541112,0.0215753019183465,"RNA polymerase II subunit J","gonad"
"LOC115145804",231.675012209243,0.530085609069597,0.251668383410423,0.000453803416192872,0.0128939825107947,"mRNA turnover protein 4 homolog","gonad"
"LOC115147174",202.000364428684,0.529925002406273,0.234008442269035,0.000298850737726685,0.0103154638672352,"tubulin-specific chaperone A-like, transcript variant X2","gonad"
"LOC115114718",225.398911330271,0.529378769416672,0.289444916719435,0.000865669824588024,0.0189820064435026,"apoptosis-associated speck-like protein containing a CARD","gonad"
"commd4",201.9519543578,0.528787554718327,0.213325322544938,0.000162647462290275,0.00757186493677497,"COMM domain containing 4, transcript variant X2","gonad"
"LOC115111524",56.2257779153444,0.527982235333266,0.29268760991338,0.000918091963199759,0.0196454781985307,"refilin-A-like, transcript variant X2","gonad"
"LOC115104365",154.484257352886,0.527918728708896,0.201992841502294,0.000108288154040963,0.00626140039734944,"guanine nucleotide-binding protein G(I)/G(S)/G(O) subunit gamma-5-like","gonad"
"LOC115105435",48.5084305321558,0.527468747340035,0.27174328259617,0.00068577565857226,0.0166012571427173,"c-Myc-binding protein-like, transcript variant X1","gonad"
"LOC115144428",879.320797946895,0.527259176559161,0.269810903546596,0.000666141473177528,0.0162778796595036,"serglycin-like","gonad"
"LOC115101340",212.335036626413,0.526135772615886,0.242486529985374,0.000392372431402107,0.0119128994390245,"ubiquinol-cytochrome-c reductase complex assembly factor 3","gonad"
"med31",266.406353494954,0.525835559237909,0.249912756960145,0.000465860642878062,0.0130343743245688,"mediator complex subunit 31","gonad"
"LOC115128209",1996.91816402808,0.52572477141808,0.281366825065882,0.000813458603714581,0.0182110411948729,"40S ribosomal protein S27","gonad"
"LOC115132837",34.1795527476992,0.525517276810041,0.345582545680579,0.00144242058773737,0.0252541834049757,"pancreatic progenitor cell differentiation and proliferation factor-like","gonad"
"LOC115107676",35.803985039152,0.525206722958191,0.209800327140581,0.000153310324430932,0.00748838391380655,"monocarboxylate transporter 10-like, transcript variant X1","gonad"
"me2",273.063942560627,0.524931207089333,0.21704369311723,0.000197366639701289,0.00835761048150494,"malic enzyme 2","gonad"
"gtf2h3",59.461067877328,0.523675695692246,0.248405289499977,0.000465923603031788,0.0130343743245688,"general transcription factor IIH subunit 3","gonad"
"LOC115131257",5100.79181564403,0.52333502996671,0.307126519548345,0.00113930122401401,0.022078728948186,"60S ribosomal protein L14-like","gonad"
"LOC115141350",862.435645005746,0.523217479456433,0.304222545566873,0.00110861894479628,0.0216956733049279,"CD209 antigen-like protein E","gonad"
"LOC115139992",200.315764636018,0.522272207922057,0.277689410384438,0.000807495924438636,0.0182077914698381,"transmembrane protein 230-like","gonad"
"arpin",38.0865941700419,0.522081111015759,0.269624785082878,0.000713612903435048,0.0170478366773246,"actin related protein 2/3 complex inhibitor","gonad"
"LOC115107347",3148.0608061028,0.521612100137782,0.310068542059943,0.00119574000900244,0.0227328330926161,"40S ribosomal protein S29","gonad"
"LOC115146608",106.455419494919,0.521468779021465,0.256476293294878,0.000568552757031394,0.0146213085788413,"gem-associated protein 2-like, transcript variant X2","gonad"
"LOC115113567",540.309477878357,0.521072077182787,0.232602385887407,0.000332527622881365,0.0109571170980655,"cytosolic iron-sulfur assembly component 2B-like","gonad"
"LOC115141371",113.298852427099,0.520845749985195,0.246332168124327,0.000464898869773168,0.0130343743245688,"myelin basic protein-like, transcript variant X4","gonad"
"polr2c",263.364202037459,0.519256690826837,0.164042305516203,1.73963135231009e-05,0.00252701981890167,"RNA polymerase II subunit C","gonad"
"lg12h20orf27",13.0189143736484,0.519110188590011,0.387285094565914,0.00158728453025663,0.026684016603092,"linkage group 12 C20orf27 homolog, transcript variant X1","gonad"
"LOC115146864",45.8344280301131,0.518881010119089,0.234327614402194,0.000360403743911961,0.0113013650681616,"arachidonate 5-lipoxygenase-activating protein-like, transcript variant X1","gonad"
"LOC115108296",78.4846194182187,0.518654227665209,0.25899980391285,0.000621670558317927,0.0155469017311574,"MICOS complex subunit MIC13-like","gonad"
"LOC115142647",39.0205947384373,0.518232690034621,0.291164868123456,0.00102071568838817,0.020940241851272,"cathepsin L1-like, transcript variant X1","gonad"
"LOC115121326",368.997496818893,0.518186477910141,0.225060980783373,0.0002835596714803,0.0100758496288854,"splicing factor 3B subunit 6","gonad"
"LOC115120114",30.9567436763732,0.518108670799222,0.350499735737547,0.00158526460023287,0.0266747581851974,"C-X-C chemokine receptor type 1-like, transcript variant X2","gonad"
"ndufa7",290.019257790204,0.517769573116017,0.244852835638293,0.000471735989639352,0.0131362555642517,"NADH:ubiquinone oxidoreductase subunit A7","gonad"
"LOC115137560",14.525614323646,0.517437867082866,0.202280707337238,0.000134021287778667,0.00712122164227235,"gastrula zinc finger protein XlCGF71.1-like","gonad"
"dusp23",81.6701516909503,0.516333026062019,0.20992283829956,0.000181348183620838,0.00803062834590226,"dual specificity phosphatase 23","gonad"
"LOC115114472",24.533765306733,0.516228861233065,0.234507907369703,0.000378020129565793,0.0116635787335891,"cytochrome c oxidase assembly factor 1 homolog","gonad"
"LOC115128635",27.7489100797789,0.51605625291039,0.285054823018507,0.000972134318945937,0.020425509612949,"gamma-glutamylcyclotransferase-like, transcript variant X1","gonad"
"LOC115138665",258.895975046449,0.515681166696323,0.222137472043975,0.000271816148017727,0.00983086450878456,"gem-associated protein 2-like","gonad"
"LOC115134118",191.247084301346,0.515577876756271,0.203321111439984,0.000144589730696332,0.00733593210398973,"class E basic helix-loop-helix protein 41-like, transcript variant X2","gonad"
"LOC115108063",72.1072666009884,0.515187182818132,0.245437895938029,0.000497376471211494,0.0135920554227591,"39S ribosomal protein L47, mitochondrial-like","gonad"
"LOC115113673",218.467938961665,0.515087388632453,0.301548386488208,0.00119224256777491,0.0226901006923704,"interferon regulatory factor 8-like, transcript variant X2","gonad"
"LOC115103073",21.7264868345942,0.514664431871345,0.339100834852884,0.00157522063090086,0.0266043774647777,"tyrosine-protein kinase Lyn-like","gonad"
"LOC115111594",3641.85671956126,0.514553413199432,0.28703213125434,0.00101704432942526,0.020930247386179,"60S ribosomal protein L31","gonad"
"LOC115125647",13.3155490524111,0.514410823764162,0.272787452751055,0.000834650118931317,0.0185709651462218,"protein LRATD2-like","gonad"
"LOC115129047",5630.64202242551,0.514343760556427,0.292060523759722,0.00108441802750688,0.0215753019183465,"60S ribosomal protein L14-like","gonad"
"LOC115141885",454.540664828663,0.513722205608408,0.21118495954356,0.000198760667458664,0.00835761048150494,"high mobility group nucleosome-binding domain-containing protein 3-like","gonad"
"LOC115145189",34.197895350337,0.513594136849291,0.202611839173281,0.000146218261995494,0.00737411634382322,"growth arrest and DNA damage-inducible protein GADD45 alpha-like","gonad"
"LOC115139959",116.723037786462,0.513422071272706,0.297889260741784,0.00117148010451825,0.0224666468253504,"refilin-A-like, transcript variant X2","gonad"
"LOC115118917",29.7256626698579,0.512700675557427,0.291677765560359,0.00110251956901313,0.0216893951726441,"CD209 antigen-like protein E","gonad"
"LOC115138123",304.798129939859,0.512243574062939,0.292240966148467,0.00111632620639072,0.0217701596167883,"histone H2A.Z","gonad"
"LOC115128226",15.4070802549174,0.511685656099653,0.376060420482405,0.00173084718088701,0.0284119823328264,"probable C-mannosyltransferase DPY19L1","gonad"
"LOC115146573",59.3331697054982,0.511551315319121,0.200890688672897,0.000142374883047555,0.00728157289186311,"transmembrane protein 134-like","gonad"
"LOC115134735",402.03663570607,0.51119898368911,0.28915173336889,0.00109067204723171,0.0215753019183465,"dynein light chain roadblock-type 2-like, transcript variant X2","gonad"
"LOC115126776",28.9052399515359,0.51026680985619,0.292508692345548,0.00114848128418601,0.0221557836729457,"uncharacterized LOC115126776","gonad"
"LOC115107006",279.700915213813,0.510240418927998,0.239885091556521,0.000474219295570332,0.013185184579441,"calphotin-like","gonad"
"LOC115114573",112.329088280768,0.509874181710515,0.275674215738422,0.000927539177964544,0.0197670015929701,"HIG1 domain family member 1A, mitochondrial-like","gonad"
"tex15",56.4549312579967,0.509631419640885,0.173811795727707,4.09574512504418e-05,0.00389177933144043,"testis expressed 15, meiosis and synapsis associated, transcript variant X3","gonad"
"marco",666.047948128335,0.508504810938208,0.231598414425708,0.000398513082256558,0.0120590058690835,"macrophage receptor with collagenous structure","gonad"
"LOC115134708",243.596689385669,0.508343372930499,0.320075169184218,0.00151515662307042,0.0259520600457231,"ATP synthase F(0) complex subunit C3, mitochondrial-like, transcript variant X1","gonad"
"LOC115130843",40.5067320457091,0.508301783929531,0.192484654013971,0.000107586960082511,0.00626140039734944,"SAM and SH3 domain-containing protein 3-like","gonad"
"LOC115143303",470.815245234047,0.508207231671891,0.225112051549349,0.000336768135386396,0.0109970544353874,"signal peptidase complex subunit 1-like","gonad"
"LOC115121668",3139.80618481302,0.506643029050342,0.28841467527963,0.0011468760773698,0.0221557836729457,"60S ribosomal protein L27-like","gonad"
"LOC115108234",230.629357110497,0.505498870137849,0.258074824874392,0.00074095605245214,0.0174269934452069,"protein FAM32A-like","gonad"
"mak",12.781621373658,0.504856641443794,0.390731801336499,0.00177470151170748,0.0287691791487153,"male germ cell associated kinase, transcript variant X4","gonad"
"LOC115141710",60.1026101726999,0.50477972970657,0.261640091922095,0.000797441249721243,0.0180753349936815,"uncharacterized LOC115141710","gonad"
"LOC115141178",58.3709065709929,0.504758467651687,0.247559190293558,0.000611329959156246,0.0154802046561239,"HIG1 domain family member 1A, mitochondrial-like","gonad"
"LOC115123974",114.868988850096,0.504584278219458,0.167449492248679,3.15296310334421e-05,0.00345486080624845,"cell growth regulator with RING finger domain protein 1-like, transcript variant X3","gonad"
"LOC115102776",759.8021211315,0.504466420106688,0.227631813115185,0.000384460756017165,0.0117711121184615,"NEDD8-like","gonad"
"LOC115143072",281.721044944546,0.504445839885353,0.19075095739654,0.000108092986686123,0.00626140039734944,"SAP domain-containing ribonucleoprotein-like, transcript variant X2","gonad"
"LOC115104268",658.663350933957,0.504139492597098,0.213705412859349,0.000257503316115588,0.00952185378288109,"RING-box protein 1","gonad"
"LOC115133392",31.7472976734682,0.503996432836665,0.231290250709554,0.000426174513147925,0.0125407203577208,"uncharacterized LOC115133392","gonad"
"LOC115131384",80.956769876049,0.503471886991748,0.223657666686001,0.000350881987513884,0.0111765146759685,"unconventional myosin-Ig-like, transcript variant X2","gonad"
"LOC115135308",18.7749812143968,0.503221609206712,0.409936872240682,0.0016192797172394,0.0270748433531157,"proto-oncogene tyrosine-protein kinase receptor Ret-like, transcript variant X1","gonad"
"LOC115107587",36.4363371721452,0.503024368035188,0.242866619809247,0.000568549966526381,0.0146213085788413,"ezrin-like, transcript variant X1","gonad"
"LOC115140317",13.624102311213,0.502597620741955,0.257252960044294,0.000761937402269854,0.0175778087364822,"UDP-N-acetylglucosamine/UDP-glucose/GDP-mannose transporter-like","gonad"
"LOC115130765",228.556864323333,0.50236683233435,0.231181979008151,0.000436717999347628,0.0127376184825847,"protocadherin-12-like","gonad"
"LOC115125161",1105.54239133002,0.502114443340943,0.274430022031581,0.00101324552047022,0.0209050973518834,"60S ribosomal protein L32-like","gonad"
"meig1",81.2623592758142,0.50143191841509,0.247273282545476,0.000639782777326539,0.0158254715328892,"meiosis/spermiogenesis associated 1","gonad"
"LOC115140116",329.06281339531,0.501293739471755,0.204984777118152,0.00020239658240334,0.00841978534267684,"ER membrane protein complex subunit 3","gonad"
"LOC115115324",24.3866452350432,0.501094255956418,0.376712872532277,0.00190479597754677,0.0301406484722434,"cyclin-dependent kinase 4 inhibitor B-like","gonad"
"LOC115107027",219.913528072987,0.501026316399707,0.153370242226029,1.27934016917517e-05,0.00218255135740007,"neuroepithelial cell-transforming gene 1 protein-like","gonad"
"LOC115105741",89.6219156976979,0.500740276035118,0.20501066757941,0.000204755075205802,0.0084681848415411,"protein YIPF6-like","gonad"
"LOC115145280",1272.44611127715,0.500557902721525,0.304221000220399,0.0014630860440532,0.0254686387495971,"60S ribosomal protein L36","gonad"
"LOC115139178",210.973822544958,0.500410148159229,0.255317986154371,0.000759785963664237,0.0175728330653349,"SAYSvFN domain-containing protein 1-like","gonad"
"LOC115137289",138.390924712664,0.500285011098186,0.24587064779361,0.000632690284371606,0.0157357874014396,"transmembrane protein 134-like, transcript variant X1","gonad"
"atp5pf",258.564816628925,0.499547336589481,0.260891317516586,0.000849486061766742,0.0188141006378804,"ATP synthase peripheral stalk subunit F6, transcript variant X2","gonad"
"pno1",403.920307857109,0.499452903043338,0.253273025315609,0.000741962212664956,0.0174269934452069,"partner of NOB1 homolog","gonad"
"LOC115112854",1235.48263450848,0.498877841842159,0.272396336970583,0.00102883685262395,0.0210110088258947,"proteasome subunit beta type-1-B-like","gonad"
"gabarapl2",22.9875515991244,0.498800093098749,0.318834759435481,0.00167776513368867,0.0278187249015995,"GABA type A receptor associated protein like 2","gonad"
"LOC115118407",583.791777693047,0.498715304369359,0.290296251664035,0.00129935920522254,0.0239092064159742,"c-Myc-binding protein-like","gonad"
"LOC115112862",3905.26641168663,0.498362008334201,0.303806017856298,0.00149740924193786,0.025818577584638,"60S ribosomal protein L38","gonad"
"itprip",49.6366690445666,0.497893118403559,0.149043179628961,9.81483499543326e-06,0.00218255135740007,"inositol 1,4,5-trisphosphate receptor interacting protein, transcript variant X2","gonad"
"LOC115142982",365.700282152112,0.497130333485791,0.262102790878465,0.000898052227453721,0.0193876768628416,"translocator protein-like, transcript variant X1","gonad"
"LOC115140355",30.2625596884937,0.49646334450798,0.39402256691665,0.00187556110480291,0.0298707784375453,"electroneutral sodium bicarbonate exchanger 1-like, transcript variant X1","gonad"
"ndufc1",617.319977582854,0.496052948735532,0.225481391151952,0.000419273979577674,0.0124262185623649,"NADH:ubiquinone oxidoreductase subunit C1","gonad"
"lrrc6",20.6802871271686,0.495289764968469,0.377884974069982,0.00200242495761571,0.0309413000259327,"leucine rich repeat containing 6, transcript variant X1","gonad"
"LOC115137242",21.0563186007368,0.495076362690092,0.402905662914957,0.00180435399882598,0.0291292593466683,"TNFAIP3-interacting protein 2-like","gonad"
"LOC115129593",254.870710243167,0.494222736550319,0.252728465108161,0.000794820689920992,0.0180384555577569,"ubiquitin-conjugating enzyme E2 A","gonad"
"LOC115131488",158.159865711098,0.493883315589378,0.282452777933289,0.00126154884938651,0.0235887547986214,"thioredoxin-like protein 4A, transcript variant X1","gonad"
"rpl7l1",201.64291008938,0.493749718521503,0.188790693836129,0.000124496703828415,0.00680831974309849,"ribosomal protein L7 like 1","gonad"
"ttll6",18.9313879048368,0.493519066792259,0.381443317707949,0.00201617209949478,0.0310480242904387,"tubulin tyrosine ligase like 6, transcript variant X2","gonad"
"LOC115124462",114.743587320174,0.493306250345394,0.180447487020478,8.5295712311987e-05,0.0055483294816665,"EMILIN-1-like","gonad"
"lmtk2",28.788863867532,0.493164897643722,0.227093560505348,0.000459655567056333,0.013019510882176,"lemur tyrosine kinase 2","gonad"
"LOC115114153",62.0672214964782,0.49306591023259,0.285020636322526,0.00131586848399815,0.0239868556179422,"vesicle-trafficking protein SEC22b-B-like","gonad"
"ap4s1",141.268771558796,0.492443097193303,0.228498864734045,0.00048237922733946,0.0133711103077485,"adaptor related protein complex 4 subunit sigma 1","gonad"
"atp5me",712.873220709659,0.491709120245946,0.288372219464391,0.00139267858855919,0.0247183475118592,"ATP synthase membrane subunit e","gonad"
"LOC115143721",127.740477207988,0.490660710981416,0.303044785081227,0.00163515132943898,0.0272840747779462,"MICOS complex subunit MIC10-like","gonad"
"LOC115129393",2141.95345436741,0.490545872907441,0.276904855971289,0.00122895300778517,0.0231942524005691,"60S ribosomal protein L31","gonad"
"LOC115102191",23.998542130997,0.490310728476936,0.223364608034665,0.000437776709249442,0.0127376184825847,"protein bassoon-like, transcript variant X1","gonad"
"LOC115113310",3582.91922308589,0.489639466808262,0.275579461674769,0.00122246991835214,0.0231199623308348,"60S ribosomal protein L24","gonad"
"cdpf1",64.129634557105,0.489270896856573,0.254827302534408,0.000889857104052624,0.0192565501563521,"cysteine rich DPF motif domain containing 1, transcript variant X2","gonad"
"LOC115131673",419.850588424692,0.489060400373615,0.219764978212134,0.000405473040066345,0.0122024842556778,"NADH dehydrogenase [ubiquinone] iron-sulfur protein 5-like","gonad"
"LOC115131699",12.7250385870851,0.488543519468008,0.30971368573889,0.00177279127984449,0.0287638949748495,"claudin-9-like","gonad"
"LOC115103907",82.0794768440562,0.488307368950684,0.223070383230152,0.000449862871430526,0.0128779668430222,"tumor necrosis factor alpha-induced protein 8-like protein 2, transcript variant X7","gonad"
"LOC115138660",236.731611330891,0.485301839659039,0.307100986246925,0.00180632931041846,0.0291292593466683,"NF-kappa-B inhibitor alpha-like","gonad"
"metrn",338.579918094741,0.484563224940034,0.199701929379134,0.000232745336145635,0.00906807794648099,"meteorin, glial cell differentiation regulator","gonad"
"lsm3",299.635356497019,0.484166710036673,0.285868894396408,0.00149483861635203,0.0257987546753684,"LSM3 homolog, U6 small nuclear RNA and mRNA degradation associated","gonad"
"LOC115139890",3676.75551651456,0.483992457097351,0.288432562555413,0.0015414748604146,0.0262299325443514,"60S ribosomal protein L35-like","gonad"
"ska2",110.384531920403,0.483374702138466,0.24355693890726,0.000787293229397572,0.0179497325257739,"spindle and kinetochore associated complex subunit 2","gonad"
"LOC115114693",56.4598973010929,0.482916114492866,0.163209516856175,4.20351085720438e-05,0.00389177933144043,"caspase-8-like, transcript variant X2","gonad"
"rps7",3038.83387117474,0.482670637280538,0.291475622630161,0.00161948005515993,0.0270748433531157,"ribosomal protein S7","gonad"
"LOC115146150",22.8018890324697,0.482291845585703,0.34762247954759,0.0022762564408464,0.0332751303864793,"protein jagged-2-like","gonad"
"LOC115105669",82.6267981239991,0.481713938704623,0.390398231455276,0.00215039667128865,0.0320021327573088,"ependymin-2","gonad"
"LOC115127575",86.5112490489544,0.481558428915621,0.26707689017983,0.00121489441918834,0.0230487179464823,"protein transport protein Sec61 subunit gamma, transcript variant X2","gonad"
"manbal",365.316270442927,0.481117612992125,0.285399111927692,0.00154813808263407,0.0262691542320599,"mannosidase beta like, transcript variant X1","gonad"
"LOC115140260",33.5556518720136,0.481067397875865,0.333195788010798,0.00221219063490304,0.0327303870714958,"zinc metalloproteinase-disintegrin-like brevilysin H2a, transcript variant X1","gonad"
"LOC115119474",176.733186194222,0.480209725720056,0.259380428185724,0.00110044806759255,0.0216893951726441,"neuferricin, transcript variant X1","gonad"
"LOC115136671",157.329369828374,0.47981979897806,0.214171050148721,0.000408712836626187,0.0122250251429737,"small nuclear ribonucleoprotein Sm D2","gonad"
"tsr2",52.3665203356977,0.47973495686279,0.269955129353013,0.0012992149660396,0.0239092064159742,"TSR2 ribosome maturation factor","gonad"
"LOC115135976",47.0404158995611,0.478584303687141,0.271627944781685,0.00135121726869322,0.0243985094766311,"cell surface glycoprotein MUC18-like, transcript variant X1","gonad"
"LOC115143164",303.708030681256,0.47840833492773,0.239733645096323,0.000788424023168798,0.0179497325257739,"peptidyl-prolyl cis-trans isomerase FKBP11-like","gonad"
"slc66a3",60.1928624895152,0.478061596004568,0.269933474001469,0.00132989801295739,0.0241021932671025,"solute carrier family 66 member 3","gonad"
"selenok",62.1103552786179,0.477681801832606,0.349522301261753,0.00239319912151023,0.034240286249125,"selenoprotein K","gonad"
"mettl5",73.3631620191036,0.477140408872852,0.234822564105448,0.000724657394406625,0.0172210466660297,"methyltransferase like 5","gonad"
"isoc2",70.7835884631234,0.476314786593134,0.281651804693107,0.00158147835412531,0.0266604651787364,"isochorismatase domain containing 2","gonad"
"LOC115101820",81.4538901003908,0.475917456825303,0.270323644288409,0.00137817948091834,0.0246406683705182,"cytochrome b-c1 complex subunit 6, mitochondrial-like, transcript variant X2","gonad"
"LOC115108938",594.31323758735,0.475697396595067,0.125680208446047,1.84485640063364e-06,0.00108049073580337,"eukaryotic translation initiation factor 4 gamma 2-like","gonad"
"LOC115138930",868.720210953482,0.475613892810811,0.205886082521733,0.000343315692037129,0.0110702363010125,"ATPase inhibitor B, mitochondrial-like, transcript variant X2","gonad"
"ripor2",47.2308406037081,0.474916250169681,0.190089509686529,0.000197186385257384,0.00835761048150494,"RHO family interacting cell polarization regulator 2, transcript variant X1","gonad"
"mrpl58",53.3162102750301,0.474863560619278,0.260208146789251,0.00120666816227678,0.0229165974417335,"mitochondrial ribosomal protein L58","gonad"
"LOC115106146",84.9295561746498,0.474292002979573,0.199959153611405,0.000288993514769154,0.0101389553880559,"C-factor-like","gonad"
"btf3",1433.49408794571,0.473687591177516,0.250392722006321,0.00104282022762122,0.0211075184533901,"basic transcription factor 3, transcript variant X1","gonad"
"LOC115146393",806.925970843833,0.473469251791661,0.240651122601905,0.000870255130699373,0.0190595321507573,"DNA-binding protein inhibitor ID-2-like","gonad"
"LOC115129780",12.3552128660082,0.473231533670532,0.362432039752422,0.00250913269916449,0.0355349557613342,"toll-like receptor 13","gonad"
"LOC115145447",115.343094970515,0.472957931462473,0.264815927300454,0.0013301606991428,0.0241021932671025,"MICOS complex subunit MIC13-like","gonad"
"LOC115128333",58.218045031877,0.472579289145535,0.272393252693795,0.00148494891486309,0.0257258897884106,"sialoadhesin-like, transcript variant X1","gonad"
"LOC115132292",376.997552434784,0.472574942516925,0.275455660905741,0.00154438190625202,0.0262299325443514,"transcription initiation factor TFIID subunit 11-like","gonad"
"LOC115104186",231.544115481312,0.472482489803229,0.251079861132756,0.00107531787219489,0.021549085306369,"ubiquitin domain-containing protein UBFD1-like, transcript variant X1","gonad"
"LOC115136526",169.237650608734,0.472456428564464,0.319656824301205,0.00228718621891802,0.0333543397515466,"nuclear factor NF-kappa-B p100 subunit-like","gonad"
"cfap126",53.5246461024238,0.472386946884259,0.397665670662319,0.00221375387330892,0.0327303870714958,"cilia and flagella associated protein 126","gonad"
"LOC115102538",113.554979025916,0.472320340584681,0.232139261834815,0.000740092476160889,0.0174269934452069,"homeobox protein Hox-C3a-like, transcript variant X4","gonad"
"LOC115121827",224.485461203491,0.472068707597187,0.26808955097643,0.00141145374520136,0.0248558236642831,"small nuclear ribonucleoprotein Sm D3-like","gonad"
"LOC115131524",195.320464652139,0.472046446784809,0.341161658083223,0.00249782463630062,0.0355004688286836,"interferon-induced protein 44-like","gonad"
"LOC115135898",35.3830075029077,0.471975977740216,0.213364856850225,0.000462029548096856,0.0130343743245688,"zinc finger and BTB domain-containing protein 21-like","gonad"
"LOC115112261",83.8605856112526,0.471417713616734,0.142009325821742,1.2072955774462e-05,0.00218255135740007,"myotubularin-related protein 10-like","gonad"
"LOC115128587",601.261008252251,0.471303142861381,0.223794315933854,0.000618315545015911,0.0155462162527157,"NADH dehydrogenase [ubiquinone] iron-sulfur protein 6, mitochondrial-like","gonad"
"LOC115107556",444.946854461433,0.470877781968155,0.274376796248767,0.00155984728997714,0.0264035799327087,"apolipoprotein B-100-like","gonad"
"LOC115137201",93.0496660733994,0.470859038776509,0.312495322015395,0.00223325966691875,0.0329919141680852,"endothelin-converting enzyme 2-like, transcript variant X2","gonad"
"LOC115101699",76.868388931373,0.470624675219218,0.230447774001823,0.000733125898735312,0.0173768065501806,"uncharacterized LOC115101699, transcript variant X1","gonad"
"pold3",65.9278497565508,0.470618879225729,0.20052593585483,0.000317406004634554,0.0106718952224907,"DNA polymerase delta 3, accessory subunit","gonad"
"LOC115121679",104.649753439049,0.470469716485748,0.314549020979587,0.00227262599197048,0.0332519456583308,"uncharacterized protein C1orf189-like, transcript variant X1","gonad"
"LOC115132503",1485.56196628864,0.470164045145086,0.245470563289123,0.00100742297351106,0.0208323137893699,"myosin light polypeptide 6-like","gonad"
"LOC115144610",575.228644900092,0.469804806096242,0.271214561869414,0.0015202804912604,0.0259907839918303,"proteasome subunit beta type-1-B","gonad"
"LOC115123537",164.41792907105,0.469789297876609,0.265373401475558,0.00140374730957534,0.0247681595263848,"NADH dehydrogenase [ubiquinone] 1 beta subcomplex subunit 4-like","gonad"
"pfdn6",386.014138842056,0.469501003475553,0.26773615130404,0.0014570415590759,0.0254342056082181,"prefoldin subunit 6","gonad"
"LOC115122704",297.874384822385,0.468930736547331,0.239738532440849,0.000919732125399375,0.0196454781985307,"small nuclear ribonucleoprotein G","gonad"
"LOC115133106",61.2304114727794,0.468674557747969,0.198881227475551,0.000312062790221731,0.010570544812063,"death domain-containing protein CRADD-like","gonad"
"mns1",19.5296683017025,0.468237858660576,0.402392339500611,0.00220138271519981,0.0326005746958954,"meiosis specific nuclear structural 1","gonad"
"LOC115115036",20.5857660144939,0.467928666280635,0.373435203996389,0.00258128748763967,0.0360506581735276,"PHD finger protein 20-like protein 1","gonad"
"LOC115110327",294.210694757643,0.467909765944756,0.256642680794035,0.00126506199314636,0.0236058227621431,"ubiquitin domain-containing protein UBFD1-like, transcript variant X3","gonad"
"LOC115134211",177.703194110791,0.466964753199269,0.183694674670616,0.000180268019297349,0.00802192685873205,"serine/threonine-protein kinase 17B-like","gonad"
"LOC115112360",109.429487071276,0.466831204317297,0.208692494832585,0.000444122289468096,0.0127870306457385,"cytochrome b-245 light chain-like","gonad"
"mpc2",377.130967868947,0.466184906775846,0.262613798452027,0.00142157243817856,0.0249613821930077,"mitochondrial pyruvate carrier 2","gonad"
"enkur",20.2393321615977,0.465405616979237,0.422776202245246,0.00181997770112372,0.0292679496382659,"enkurin, TRPC channel interacting protein","gonad"
"LOC115117582",125.151802524527,0.465387502876025,0.196610895696971,0.000308448342801584,0.0105094538645953,"NADH dehydrogenase [ubiquinone] 1 alpha subcomplex subunit 3-like","gonad"
"LOC115137492",784.327557314732,0.464868897061407,0.196761705702164,0.000313448298145994,0.0105780061359455,"high mobility group protein B2-like","gonad"
"LOC115129435",62.7991457875518,0.464392349149446,0.247996874666459,0.00115498120056007,0.0222373686928617,"coiled-coil domain-containing protein 85B-like","gonad"
"LOC115142103",342.58247203103,0.464319113799325,0.24038475191764,0.0010040955782428,0.0208098635099023,"tetranectin-like","gonad"
"LOC115140820",24.5499188534505,0.463977101907558,0.201780013445856,0.000378378931156862,0.0116635787335891,"zinc finger MYM-type protein 1-like, transcript variant X1","gonad"
"ppt1",326.954015666644,0.463745596249527,0.177794862940867,0.000149301028682644,0.00740681895158368,"palmitoyl-protein thioesterase 1","gonad"
"LOC115144978",469.323472485082,0.463076164327331,0.163344982920069,7.1591795819279e-05,0.00500105264007145,"inhibitor of growth protein 5-like","gonad"
"LOC115130323",1116.32980692107,0.462666664055698,0.218281225026863,0.000627562916875827,0.0156511432950515,"MOB-like protein phocein, transcript variant X5","gonad"
"LOC115113147",4141.10617531681,0.462244955503521,0.284967912232567,0.00197958344959125,0.0307716756085435,"ubiquitin-40S ribosomal protein S27a-like","gonad"
"LOC115128712",114.001970129582,0.461226474614296,0.157586472375251,5.29740525557553e-05,0.00436590695038226,"src-like-adapter","gonad"
"LOC115106897",360.383176946654,0.461110780912715,0.20788734339788,0.000484276237997144,0.0133713160886435,"V-type proton ATPase subunit F-like","gonad"
"dpp7",381.130060202328,0.460840133768908,0.188876685064669,0.000255266741655583,0.00949717819979254,"dipeptidyl peptidase 7","gonad"
"LOC115105718",273.727829026409,0.460634958035534,0.216850077775873,0.000627522348380826,0.0156511432950515,"charged multivesicular body protein 1b-like","gonad"
"LOC115133135",451.981734308679,0.460420624463898,0.286373217444777,0.00205703113968358,0.0313213834236536,"electron transfer flavoprotein regulatory factor 1-like, transcript variant X1","gonad"
"LOC115131667",482.887744737117,0.460074833389267,0.218165937858403,0.000656044858274584,0.0161693783552382,"zinc finger protein 706-like, transcript variant X1","gonad"
"LOC115115068",181.179961303755,0.45973467948613,0.269553063431277,0.0017156435199713,0.0282148765838758,"transcription and mRNA export factor ENY2-2, transcript variant X2","gonad"
"LOC115129598",3171.70057017099,0.4594169524904,0.287701569834878,0.00211172630283775,0.0317122921188483,"60S ribosomal protein L36a-like","gonad"
"LOC115144273",8105.19265057101,0.459257637150798,0.281840513109906,0.00199413234193848,0.0308657005969608,"60S ribosomal protein L38-like, transcript variant X2","gonad"
"LOC115128180",185.032890746929,0.459125534739011,0.226097646863755,0.000809448333786566,0.0182077914698381,"density-regulated protein-like, transcript variant X4","gonad"
"LOC115123845",342.031152308674,0.459125313086945,0.251256692714529,0.00132525027191276,0.0241021932671025,"histone deacetylase complex subunit SAP18-like","gonad"
"LOC115106660",260.935002167815,0.458553255749312,0.204828434095678,0.000464301080933426,0.0130343743245688,"endonuclease domain-containing 1 protein-like","gonad"
"LOC115113037",192.146814390729,0.458034424138046,0.206716818447933,0.000496604733911402,0.0135920554227591,"F-box only protein 9-like","gonad"
"lyrm1",52.3509058129357,0.457741081907748,0.272241342949315,0.00182502851940853,0.0292713938148245,"LYR motif containing 1, transcript variant X2","gonad"
"LOC115128199",26.6197157257752,0.457559045318826,0.350160634269952,0.00293096733531778,0.0386734323692076,"cyclin-dependent kinases regulatory subunit 1, transcript variant X2","gonad"
"LOC115108382",485.133554825981,0.457210909893369,0.249549673189736,0.00132700953708074,0.0241021932671025,"uncharacterized protein C7orf57 homolog, transcript variant X1","gonad"
"LOC115135915",134.282607662441,0.456778771654156,0.199220836986194,0.000402705885629355,0.0121453954476521,"uncharacterized LOC115135915, transcript variant X4","gonad"
"LOC115102506",168.513436236498,0.456580096169062,0.203053224647591,0.00045712415800267,0.0129680409573382,"adenosine deaminase-like","gonad"
"LOC115129344",34.9051013188248,0.456543519885293,0.30478997911148,0.00252115581694265,0.0355440348415262,"uncharacterized LOC115129344","gonad"
"LOC115118723",326.665635302896,0.456205227290986,0.174450815904125,0.000152992709588965,0.00748838391380655,"eukaryotic translation initiation factor 3 subunit J-A-like","gonad"
"LOC115105916",83.1974431126968,0.455787391521051,0.234084154970894,0.00101952686719955,0.0209395133494062,"density-regulated protein-like, transcript variant X3","gonad"
"LOC115135299",119.396703472744,0.455071485638746,0.226547611496415,0.000877948748549185,0.0190897328682127,"protein FAM204A-like","gonad"
"slc25a47",16.7505985549647,0.454948123172086,0.278555541356991,0.0020407212268713,0.0313198094632927,"solute carrier family 25 member 47, transcript variant X4","gonad"
"LOC115136166",79.1966260506069,0.454631665921159,0.24549524448577,0.00128938038287428,0.0238633947313613,"T-cell immunoglobulin and mucin domain-containing protein 4-like, transcript variant X2","gonad"
"ddx49",116.427202757873,0.454604883975367,0.224273163794988,0.00084036627843067,0.0186752633429464,"DEAD-box helicase 49","gonad"
"LOC115144590",16.7749586364682,0.454508773833933,0.3815719208496,0.00279953596604214,0.037751012470156,"forkhead box protein J1-B-like","gonad"
"LOC115111039",17.7187151672025,0.454457228146623,0.384074140548296,0.00276353250744664,0.037491005888381,"E3 ubiquitin-protein ligase NEURL3-like","gonad"
"rpl39",5428.80656130749,0.454311600326241,0.278125588143769,0.002048906687667,0.0313213834236536,"ribosomal protein L39","gonad"
"LOC115112430",113.244712787178,0.453852850798389,0.196433829232084,0.000389861784392708,0.0118565000962044,"succinate dehydrogenase assembly factor 2, mitochondrial-like","gonad"
"LOC115122032",18016.2033041015,0.453165357666175,0.291487235478131,0.00237211374082253,0.0340998393336293,"protein S100-A1-like","gonad"
"LOC115127543",495.243971282821,0.452999439128185,0.279824134979725,0.0021244713539318,0.031798764964539,"phospholipase A and acyltransferase 4-like","gonad"
"LOC115124886",70.4901681298274,0.452677492008734,0.409372290315167,0.00228009837599266,0.0333044779682404,"carbonic anhydrase 4-like","gonad"
"LOC115113383",122.356973740666,0.452406867371863,0.164234504962084,9.99381674339786e-05,0.00604096165010732,"protein FAM204A-like, transcript variant X2","gonad"
"LOC115139186",54.0908845562286,0.452208058633362,0.273816992176426,0.00200935863588334,0.0309693679058557,"platelet-activating factor acetylhydrolase-like, transcript variant X1","gonad"
"mrpl28",153.052443528947,0.452121327028136,0.173185871438636,0.000159244841550434,0.00749762792646944,"mitochondrial ribosomal protein L28","gonad"
"LOC115106928",371.852098921355,0.452108385679742,0.2146601073234,0.000694224604881324,0.0167166338544102,"aldo-keto reductase family 1 member B1-like","gonad"
"LOC115113733",328.644205595564,0.451868852487945,0.199420028209871,0.000448278668710344,0.0128779668430222,"transmembrane protein 9B-like","gonad"
"LOC115109887",527.913823016278,0.451820094702472,0.206629966144181,0.000559480737925668,0.0144384723578429,"RING-box protein 1","gonad"
"LOC115138735",2573.01399738318,0.451788648332126,0.317405791975727,0.00287056604171063,0.0381816828229291,"cysteine-rich protein 1-like","gonad"
"LOC115108186",149.329842569566,0.450995061553633,0.215508619245365,0.000724547439270824,0.0172210466660297,"solute carrier family 35 member E1-like","gonad"
"LOC115139203",34.7833414889026,0.450747593304849,0.169729183095441,0.000139228593816211,0.00720180726304026,"CLOCK-interacting pacemaker-like","gonad"
"LOC115141799",114.02253307099,0.450745141680397,0.209539618557349,0.000620611714221576,0.0155462162527157,"ribosome maturation protein SBDS-like","gonad"
"pigp",276.52999897714,0.450673834407477,0.248715899708938,0.00144946786424694,0.0253287185209505,"phosphatidylinositol glycan anchor biosynthesis class P","gonad"
"pxdc1",58.1816754400867,0.450494471836445,0.211462917684988,0.000657406343087646,0.0161693783552382,"PX domain containing 1, transcript variant X2","gonad"
"dync2li1",22.3119407758673,0.450286664407917,0.306517829713338,0.00275176782721892,0.0374115052447483,"dynein cytoplasmic 2 light intermediate chain 1, transcript variant X2","gonad"
"lg24h1orf131",58.7949316664895,0.450006527657356,0.244370697565321,0.00136112282389007,0.0244971819826295,"linkage group 24 C1orf131 homolog, transcript variant X2","gonad"
"ppil3",38.4771274305947,0.450003379716302,0.256194776768721,0.00164573315803835,0.0273763209778132,"peptidylprolyl isomerase like 3, transcript variant X1","gonad"
"LOC115102245",155.152615598662,0.449721183312396,0.239818887056417,0.00126037613715766,0.0235887547986214,"pre-mRNA-splicing factor SPF27","gonad"
"LOC115114467",191.387048848185,0.449463807232295,0.227762859031497,0.000994587498937795,0.0206846857167407,"C-C chemokine receptor type 8-like","gonad"
"LOC115112918",63.3178405298362,0.448952456738332,0.268493783806384,0.00197414794580096,0.0307398199862455,"PHD finger-like domain-containing protein 5A, transcript variant X1","gonad"
"LOC115117859",136.424131940618,0.448624465424405,0.210795750034811,0.00066913016406939,0.0163275369929722,"protein kish-A-like","gonad"
"LOC115141948",88.3132562165307,0.448491376664581,0.234961329841152,0.00117286385640843,0.0224666468253504,"SAM domain-containing protein SAMSN-1-like, transcript variant X1","gonad"
"LOC115135297",12.6423603763023,0.447551819788172,0.326772816434535,0.00312591060764654,0.0400805317743154,"homeobox protein EMX2-like, transcript variant X2","gonad"
"LOC115145202",1800.21866434021,0.446935031052747,0.257828241664771,0.00176493291018613,0.028754066215286,"proteasome subunit alpha type-7-like","gonad"
"prxl2c",54.7988029606785,0.446929383150161,0.243258538833643,0.00140262748404057,0.0247681595263848,"peroxiredoxin like 2C","gonad"
"LOC115111903",42.9802955566912,0.446082676840479,0.176966979892398,0.000219215072382513,0.00884693467819137,"scavenger receptor class F member 2-like, transcript variant X2","gonad"
"nkx3-1",133.100642736506,0.445434614878505,0.339936230217412,0.00329078655231247,0.0415956665874524,"NK3 homeobox 1","gonad"
"LOC115117972",65.1473661101399,0.444990544757806,0.18445484200349,0.000306283767444389,0.0104922416636233,"uncharacterized LOC115117972","gonad"
"tmco1",218.409512122959,0.444943137914862,0.22929311117993,0.00111126624800609,0.0217181377812687,"transmembrane and coiled-coil domains 1","gonad"
"LOC115141104",321.776400214723,0.444456941572403,0.166156774097399,0.000136524462936883,0.0071626947472372,"RNA-binding protein 8A, transcript variant X2","gonad"
"LOC115110282",85.3326806669088,0.443463516758753,0.244010093840078,0.00150222403897138,0.025824802244446,"uncharacterized LOC115110282, transcript variant X2","gonad"
"LOC115133216",582.613670627003,0.443309813957559,0.172323919009742,0.000190243502735245,0.00822283478254195,"ADP-ribosylation factor 4","gonad"
"LOC115102157",62.4471400534524,0.442485433370908,0.258778105894384,0.00191182343717693,0.0301835359351168,"NADH dehydrogenase [ubiquinone] 1 alpha subcomplex subunit 4-like 2","gonad"
"LOC115139012",399.946482893736,0.442359260225331,0.273875953117558,0.00230701383819759,0.0335626147807015,"proteasome subunit alpha type-6-like","gonad"
"LOC115140061",379.492056389103,0.441978177217445,0.208269991330773,0.000710327001658343,0.0169916957076533,"transmembrane emp24 domain-containing protein 2-like, transcript variant X1","gonad"
"LOC115107129",134.142464520553,0.4419749094828,0.188709264525466,0.000384284145976417,0.0117711121184615,"diphosphoinositol polyphosphate phosphohydrolase 3-beta-like","gonad"
"LOC115106728",42.2960532941108,0.441592287092011,0.322394285626086,0.00329218841629044,0.0415956665874524,"proline-rich transmembrane protein 2-like","gonad"
"LOC115113513",103.111134939692,0.441579225414982,0.215245998619165,0.000858093300791223,0.0188842932959581,"trafficking protein particle complex subunit 2, transcript variant X2","gonad"
"LOC115117696",212.916986408852,0.441348472450502,0.215838972489477,0.000874486515361559,0.0190897328682127,"splicing factor U2AF 35 kDa subunit-like","gonad"
"acp1",176.468767891195,0.44126825803158,0.241199298549355,0.00148308188508381,0.0257180847235737,"acid phosphatase 1, transcript variant X1","gonad"
"mcts1",436.930554377664,0.440893081082576,0.26743246841638,0.00218741591959001,0.0324466694739184,"MCTS1 re-initiation and release factor","gonad"
"LOC115143101",324.479353406777,0.440688598957951,0.143343748407304,3.63086210587833e-05,0.0037308121330766,"extended synaptotagmin-1-like","gonad"
"LOC115138938",1325.61061647725,0.440132063090436,0.26224605350397,0.00207336692639522,0.0313700415963597,"60S ribosomal protein L22-like","gonad"
"supt4h1",108.836601810475,0.439961935273162,0.202065914326489,0.000620032954380983,0.0155462162527157,"SPT4 homolog, DSIF elongation factor subunit","gonad"
"eif3j",404.539540964009,0.439826726034826,0.194080041112981,0.000484596055647028,0.0133713160886435,"eukaryotic translation initiation factor 3 subunit J","gonad"
"LOC115103064",113.675077326726,0.43943864881165,0.170130416995307,0.000189156300113416,0.00821608082502197,"DENN domain-containing protein 4B-like, transcript variant X1","gonad"
"LOC115111849",94.3950577160073,0.439342099514735,0.287863689917241,0.00275290653266048,0.0374115052447483,"phospholipid phosphatase 1-like","gonad"
"LOC115106434",52.4731830405201,0.439153683569638,0.262681744053121,0.00211520080171432,0.0317122921188483,"uncharacterized LOC115106434, transcript variant X2","gonad"
"rpl29",11115.9573775917,0.438554740456672,0.277382212385129,0.00252347768840754,0.0355440348415262,"ribosomal protein L29","gonad"
"rbp4",9470.12515236592,0.438233888852575,0.262645500305361,0.0021429785643112,0.0319178989447368,"retinol binding protein 4","gonad"
"LOC115105479",128.70360466706,0.438094241764843,0.229661028789574,0.00126041020191262,0.0235887547986214,"spindle and kinetochore-associated protein 2","gonad"
"LOC115124500",37.0729111806585,0.437783839582822,0.238186353444635,0.00148905213172174,0.0257723837021353,"sialoadhesin-like","gonad"
"LOC115102929",190.220671100234,0.437228204721401,0.168734030975726,0.000187227935092515,0.00815182347611437,"NPC intracellular cholesterol transporter 1-like","gonad"
"LOC115101971",96.0368109259668,0.436780444035265,0.124496628531378,7.38055495357673e-06,0.00203520483124677,"ETS domain-containing protein Elk-3-like, transcript variant X2","gonad"
"LOC115130773",319.107168278711,0.436420469735951,0.190707932307937,0.000465710070129765,0.0130343743245688,"nucleophosmin-like","gonad"
"ociad1",236.008883782551,0.436219192358949,0.225033674135436,0.00118397915779929,0.0225593657587237,"OCIA domain containing 1, transcript variant X2","gonad"
"LOC115131889",70.8237652548134,0.436043007800458,0.22177600769743,0.00110688382343848,0.0216956733049279,"dual specificity protein phosphatase 7-like","gonad"
"LOC115122809",346.092967747344,0.435720459690642,0.218182028683642,0.00102641003511567,0.020992161884297,"coatomer subunit zeta-1-like, transcript variant X3","gonad"
"lg27h12orf49",31.6008303918863,0.435638600108902,0.224163175160814,0.00117431415715232,0.0224666468253504,"linkage group 27 C12orf49 homolog","gonad"
"LOC115143686",38.2853358266324,0.435441739314715,0.21724858902419,0.00100949981642544,0.020851511566576,"guanine nucleotide exchange factor MSS4-like","gonad"
"LOC115145617",1888.46947619095,0.435267494288188,0.197317286404858,0.000591714452169717,0.0150118242428467,"high mobility group protein B2-like, transcript variant X2","gonad"
"LOC115119282",35.4309157828928,0.434751778342902,0.201095744077434,0.000669972188795126,0.0163275369929722,"coiled-coil domain-containing protein 50-like, transcript variant X1","gonad"
"chchd7",108.910979877115,0.434489736491203,0.280032883199336,0.00273771207105538,0.0373167420135747,"coiled-coil-helix-coiled-coil-helix domain containing 7, transcript variant X1","gonad"
"LOC115106857",300.34524438953,0.434218625809208,0.257554242877704,0.00212851931266722,0.031801660520743,"cysteine-rich with EGF-like domain protein 2, transcript variant X1","gonad"
"LOC115101984",94.6583348881715,0.434122494533949,0.205073450069417,0.000759620998087185,0.0175728330653349,"zinc-binding protein A33-like","gonad"
"LOC115138857",272.587001677974,0.433836467292529,0.51728925099706,0.000502396750924325,0.0135939126822385,"ladderlectin-like","gonad"
"LOC115133349",472.915658566119,0.433444722003201,0.169346312821688,0.000212366570224489,0.00868407083107166,"ER membrane protein complex subunit 4, transcript variant X2","gonad"
"LOC115131603",4126.25029579437,0.43320864886016,0.27707128703686,0.00270748155444855,0.0370437340637286,"40S ribosomal protein S18","gonad"
"LOC115103537",138.891987978018,0.433204354141894,0.241404377404336,0.00169702699965416,0.0279646378278676,"small ubiquitin-related modifier 2","gonad"
"LOC115106396",56.69976475906,0.432953665429239,0.443671388785677,0.00149264679133206,0.0257987546753684,"arginase-1-like, transcript variant X1","gonad"
"LOC115139912",50.3131876750984,0.43249386359406,0.241934976766291,0.00173195105678543,0.0284119823328264,"breakpoint cluster region protein-like, transcript variant X2","gonad"
"LOC115143168",196.634761756021,0.432070901676744,0.181874597205541,0.000373239783086964,0.011564063996121,"5'-AMP-activated protein kinase subunit gamma-1-like","gonad"
"LOC115105999",42.8906136495307,0.431339519484338,0.3595472844415,0.00372029044182764,0.0445551406740255,"programmed cell death 1 ligand 1-like","gonad"
"LOC115145306",373.989924813289,0.431139047866367,0.16584971534993,0.000190670491487671,0.00822283478254195,"influenza virus NS1A-binding protein homolog A-like, transcript variant X1","gonad"
"LOC115111788",118.416020454865,0.430122301925587,0.227430170648648,0.00138477932399876,0.02466582139651,"caspase-3-like","gonad"
"lg9ah12orf73",102.486728211932,0.430109194069185,0.246838653177226,0.00194534472688165,0.030474223428397,"linkage group 9a C12orf73 homolog","gonad"
"LOC115103043",21.1910051760001,0.430106417589643,0.357213173455729,0.00378507995663281,0.0450635486509018,"contactin-associated protein-like 2","gonad"
"LOC115141460",291.563516471009,0.429740344724527,0.189087119010017,0.00051036649070657,0.013751836184191,"probable signal peptidase complex subunit 2","gonad"
"LOC115115108",221.200908845259,0.429344837203076,0.223508122500253,0.00129589730463642,0.0239092064159742,"thiosulfate sulfurtransferase/rhodanese-like domain-containing protein 3","gonad"
"LOC115144348",246.404214921749,0.429084702817214,0.223781821344666,0.001309401720044,0.0239169996268802,"translation machinery-associated protein 7-like","gonad"
"LOC115131902",96.1874033839821,0.428906376411701,0.283886762784191,0.00305518969140313,0.0395649244201964,"proteasome subunit alpha type-7-like","gonad"
"LOC115145802",31.5121171122541,0.428385320572429,0.307214498693524,0.00359808961664755,0.043861985296749,"TNFAIP3-interacting protein 2-like, transcript variant X1","gonad"
"LOC115144144",108.685120175687,0.428351271723643,0.177132727800881,0.000338241825300287,0.011005588853319,"growth arrest-specific protein 7-like, transcript variant X2","gonad"
"LOC115143420",990.450572826454,0.428178189716747,0.248385302362888,0.00205271217491809,0.0313213834236536,"prothymosin alpha-like, transcript variant X1","gonad"
"LOC115106549",94.5527275892161,0.428112666613802,0.2463423517736,0.00199281268087323,0.0308657005969608,"phosphorylase b kinase gamma catalytic chain, liver/testis isoform-like, transcript variant X3","gonad"
"LOC115131311",1349.14136362968,0.428097974181177,0.258921806962119,0.00237513417976975,0.0341108992905901,"26S proteasome complex subunit SEM1-like","gonad"
"LOC115119756",16.5303887125021,0.427937247122612,0.327178044223434,0.00388189245117969,0.0456178895427952,"charged multivesicular body protein 5-like","gonad"
"LOC115121568",858.881019527912,0.427689792643328,0.22152126912982,0.00128016774160896,0.0237412926625662,"V-type proton ATPase subunit e 1-like","gonad"
"LOC115101612",93.0417972184648,0.427590153410804,0.224451167712104,0.00136350439017803,0.0244971819826295,"dolichol-phosphate mannosyltransferase subunit 1-like, transcript variant X2","gonad"
"LOC115141484",29.5747307015762,0.426956561734061,0.342445788690576,0.00397821597595274,0.0462410302556965,"eukaryotic translation initiation factor 5B-like, transcript variant X3","gonad"
"LOC115115916",14.4298262158119,0.426945315908276,0.301636504424716,0.00355371747139316,0.0436732544528644,"tumor necrosis factor alpha-induced protein 3-like, transcript variant X2","gonad"
"LOC115131238",130.432729253297,0.426924862915821,0.206170405745768,0.000902582342846649,0.0194392467576794,"alpha-taxilin-like","gonad"
"LOC115112951",238.533567652192,0.426652695501433,0.180866530199701,0.000407632591417346,0.0122128338775138,"glycine N-acyltransferase-like, transcript variant X4","gonad"
"LOC115105473",48.4253341159984,0.426102330282957,0.181015139104045,0.00041525144219927,0.0123798114689162,"E3 ubiquitin-protein ligase CBL-like","gonad"
"LOC115147133",23.8090068712344,0.425597817080008,0.334152573018678,0.00402250247981995,0.0464909052797379,"transmembrane channel-like protein 7","gonad"
"LOC115111267",633.415857582816,0.424581405992575,0.237647268253532,0.00183589636296009,0.0293937692821018,"transmembrane emp24 domain-containing protein 7-like","gonad"
"LOC115110111",63.3021029835888,0.42450315839027,0.337115430422729,0.00407674929621103,0.046935612062148,"cytokine receptor common subunit beta-like, transcript variant X2","gonad"
"LOC115128329",283.179038899983,0.424459274110939,0.223584098050179,0.00141651776959693,0.0249208300627924,"NADH dehydrogenase [ubiquinone] iron-sulfur protein 5-like, transcript variant X1","gonad"
"LOC115121194",217.879672674046,0.42444701618302,0.236557246945825,0.00180626177615596,0.0291292593466683,"anaphase-promoting complex subunit CDC26-like, transcript variant X1","gonad"
"LOC115145942",265.957215992264,0.424288919134733,0.165281380940845,0.000222235132526249,0.00892677227023579,"trifunctional enzyme subunit alpha, mitochondrial-like","gonad"
"LOC115140548",18.667223611334,0.424167634485467,0.289993101628579,0.00341212039016135,0.0426069173340918,"immediate early response 3-interacting protein 1-like","gonad"
"LOC115146407",224.129220421053,0.424062146663305,0.201124830740519,0.000834150561093877,0.0185709651462218,"akirin-2-like, transcript variant X1","gonad"
"LOC115101900",888.204695398302,0.423985857958757,0.214524733406959,0.00117361272382593,0.0224666468253504,"gamma-secretase subunit PEN-2","gonad"
"LOC115115072",579.159271480737,0.42389045760197,0.262516925656169,0.00264151740928807,0.0365265727974365,"signal peptidase complex subunit 3","gonad"
"LOC115119996",12.814287177734,0.423687063186889,0.301825435531711,0.00370280242422437,0.0444630164115196,"gastrula zinc finger protein XlCGF57.1-like","gonad"
"LOC115107078",68.8016988132715,0.423650595004752,0.305196819104601,0.00377085278353719,0.0449397815513082,"small nuclear ribonucleoprotein F","gonad"
"LOC115104862",93.9744923020003,0.423255536912322,0.219152928566658,0.00131911904019251,0.0240219912675378,"programmed cell death protein 6, transcript variant X1","gonad"
"LOC115129573",83.0139026659001,0.422633272689316,0.271167059191408,0.0029570380298667,0.0388480336253689,"glutathione S-transferase P-like","gonad"
"LOC115142567",13.0679641267846,0.422612880771793,0.271432417782335,0.00296586426909471,0.0389186321972191,"integrin alpha-X-like","gonad"
"ltc4s",12.3387426721875,0.422378684407162,0.370262205890272,0.0038514951267709,0.0454608458311761,"leukotriene C4 synthase","gonad"
"LOC115113594",23.2067889800232,0.422222816801903,0.351665584445298,0.004123036437011,0.0472289271611178,"methylmalonyl-CoA epimerase, mitochondrial-like","gonad"
"LOC115110462",28.517230938962,0.422068464724547,0.310151101054342,0.00393181580351928,0.0460028383683233,"myosin-10-like, transcript variant X2","gonad"
"LOC115110339",214.471275469564,0.421952403081219,0.198445634747808,0.00080777732213941,0.0182077914698381,"SUMO-conjugating enzyme UBC9-B, transcript variant X3","gonad"
"LOC115110677",133.763088762722,0.421426268387945,0.14561619002006,7.89723648202292e-05,0.0053104527988003,"UNC93-like protein MFSD11","gonad"
"cdkn2c",35.1142907614979,0.421077979607115,0.216406828653067,0.0012932524109388,0.0239092064159742,"cyclin dependent kinase inhibitor 2C, transcript variant X3","gonad"
"mmab",99.6984132118718,0.4210412752243,0.241843980278773,0.00208296749525544,0.031462860103043,"metabolism of cobalamin associated B","gonad"
"pop5",47.7638116387446,0.420980600352829,0.293537924379717,0.00364312836830935,0.0440670477381909,"POP5 homolog, ribonuclease P/MRP subunit","gonad"
"LOC115129756",224.870415882167,0.42093781267409,0.212422407856137,0.00118413062172636,0.0225593657587237,"grancalcin-like","gonad"
"LOC115129963",845.093876435256,0.420186982093293,0.432192792997976,0.00187940029845042,0.0299056895869113,"protein S100-B-like","gonad"
"LOC115134596",12.583708316198,0.420052716882385,0.331098122415653,0.0042517266236603,0.0480140634032431,"diamine acetyltransferase 2-like, transcript variant X1","gonad"
"LOC115143008",159.077408798814,0.41962736506046,0.173141670405547,0.000355663066929397,0.0112498582633626,"golgin subfamily A member 7-like, transcript variant X2","gonad"
"psmg4",106.087572566353,0.419599263272941,0.167685772450725,0.000281095426514003,0.0100266572962441,"proteasome assembly chaperone 4","gonad"
"polr2h",82.6712592868521,0.419313508702947,0.255226765325385,0.00258678763730853,0.036099705106052,"RNA polymerase II subunit H","gonad"
"ap3s1",156.725893062292,0.418718498894633,0.220502295663298,0.00147466467871227,0.0256210640255502,"adaptor related protein complex 3 subunit sigma 1","gonad"
"lg22hxorf56",177.693746106978,0.418542950720207,0.197945102319446,0.000854954580911886,0.018860942127626,"linkage group 22 CXorf56 homolog","gonad"
"lzic",46.3441324651086,0.418266020482604,0.234673360698924,0.00194025751573904,0.0304471179392895,"leucine zipper and CTNNBIP1 domain containing, transcript variant X3","gonad"
"trappc6b",61.4953508771111,0.417607976431957,0.194489541921448,0.000788777370484892,0.0179497325257739,"trafficking protein particle complex 6B, transcript variant X1","gonad"
"lypd6",27.5823261441289,0.417504540746078,0.244918917492356,0.00231027351000006,0.0335831271797927,"LY6/PLAUR domain containing 6","gonad"
"atg12",256.207857556005,0.416861038917527,0.222382476611468,0.00158463668391524,0.0266747581851974,"autophagy related 12","gonad"
"LOC115123406",157.144388771217,0.416590213911247,0.26431594736629,0.0029996998957929,0.0390973089074056,"14 kDa phosphohistidine phosphatase-like","gonad"
"LOC115110380",58.6025097069905,0.416370052832819,0.31077590454003,0.00421493374868027,0.0477394492458135,"transmembrane protein 106B-like, transcript variant X3","gonad"
"LOC115113712",9815.36617351143,0.41611159904829,0.236166179337341,0.00206263442253921,0.0313262510720951,"ferritin, heavy subunit-like","gonad"
"rpl22l1",498.866126385632,0.416068237320307,0.242145570565168,0.00226859238567601,0.0332519456583308,"ribosomal protein L22 like 1","gonad"
"LOC115132932",226.926716896936,0.415974917276959,0.21044025511662,0.00124330976860464,0.0233780372014191,"grancalcin-like","gonad"
"LOC115113538",162.919160229971,0.415736764687534,0.19844868585263,0.000919341626402147,0.0196454781985307,"origin recognition complex subunit 6-like","gonad"
"LOC115101471",139.405227141234,0.415706831340582,0.216586705532111,0.00143500157191313,0.0251728391687486,"protein CXorf40A-like","gonad"
"LOC115104214",107.848962572051,0.41546570049429,0.312467990033922,0.00428617235011934,0.0481856007360784,"hemoglobin subunit beta-1-like","gonad"
"LOC115139194",269.111851400571,0.41543428212431,0.212067416154012,0.00130461775510651,0.0239092064159742,"peptidyl-prolyl cis-trans isomerase FKBP3-like, transcript variant X1","gonad"
"cops6",233.626289442369,0.414693568414834,0.192975552891751,0.000802620578716259,0.0181474212044488,"COP9 signalosome subunit 6","gonad"
"LOC115138225",753.200000520577,0.414627722616727,0.231967889196105,0.00197024381971503,0.0307053620521425,"oligosaccharyltransferase complex subunit ostc-like","gonad"
"LOC115114914",3788.56878937239,0.414188343323619,0.258431922041514,0.00290691052218196,0.038467833411615,"60S ribosomal protein L24-like","gonad"
"LOC115106194",32.3311491274017,0.414040103078891,0.20228308891087,0.00105553432094255,0.0212936457011476,"putative nuclease HARBI1","gonad"
"LOC115132723",22.2376196972471,0.413545592678481,0.381123869906671,0.00383108439161989,0.0453141161004891,"type-4 ice-structuring protein-like","gonad"
"LOC115102521",123.797434216589,0.413304484077227,0.186665771753767,0.000679443472718583,0.0164699274908927,"probable Bax inhibitor 1, transcript variant X2","gonad"
"cope",425.985933408795,0.413247490883731,0.202923686820871,0.00109058526205466,0.0215753019183465,"coatomer protein complex subunit epsilon","gonad"
"LOC115139674",726.774519868615,0.412847498950849,0.23364409659899,0.00208971856431812,0.031510734131549,"ADP-ribosylation factor-like protein 6-interacting protein 4","gonad"
"mrps17",141.564069875145,0.412844170994048,0.245338859418411,0.00250397425595197,0.0355004688286836,"mitochondrial ribosomal protein S17, transcript variant X1","gonad"
"LOC115143769",89.155382073381,0.412272560220331,0.290755550551514,0.00399932360555417,0.0464269305514332,"epithelial membrane protein 3-like, transcript variant X1","gonad"
"LOC115139656",24.5190403834213,0.412033609177008,0.281965641239016,0.003768473167571,0.0449397815513082,"NF-kappa-B inhibitor epsilon-like, transcript variant X1","gonad"
"LOC115146198",83.3895624274876,0.411856222002991,0.188516973302314,0.000744747963211642,0.0174472826065427,"ADP-ribosylation factor 6-like","gonad"
"LOC115116375",497.929295796466,0.411459111403053,0.188550191198204,0.000752135879801905,0.0175497902621226,"NADH dehydrogenase [ubiquinone] 1 alpha subcomplex subunit 13-like","gonad"
"LOC115102348",124.57667131529,0.411109172913442,0.356801297304798,0.00449877830354934,0.0497744173548091,"tumor necrosis factor receptor superfamily member 9-like, transcript variant X2","gonad"
"LOC115121873",109.795865723897,0.410176519570818,0.269443005421768,0.00346734319879392,0.0430595643757198,"sarcoplasmic/endoplasmic reticulum calcium ATPase 2-like, transcript variant X2","gonad"
"LOC115132769",27216.8609390301,0.410056039653355,0.221756568013123,0.00176972426184971,0.028754066215286,"extracellular matrix protein 1-like","gonad"
"commd1",79.9831023993373,0.409642273535164,0.228699604384571,0.00202787578933236,0.031181665077949,"copper metabolism domain containing 1, transcript variant X1","gonad"
"LOC115111622",630.015290839336,0.409564378968267,0.201620427876003,0.00113644483307001,0.022078728948186,"26S proteasome non-ATPase regulatory subunit 9-like","gonad"
"LOC115133189",451.954536080717,0.409213128044955,0.234088026328992,0.0022386791905379,0.0330182448281122,"short transmembrane mitochondrial protein 1","gonad"
"LOC115143093",118.808330632224,0.409207232138005,0.234162374067144,0.00224162176904155,0.0330348091223363,"coatomer subunit zeta-1","gonad"
"LOC115135474",214.962198482666,0.408755673249974,0.195061580918808,0.000968407528527683,0.0203735887461745,"protein CXorf40A-like","gonad"
"LOC115103125",92.6070982675694,0.40859278082941,0.14569619107249,0.00011898115699596,0.00655431940475721,"deubiquitinating protein VCIP135-like","gonad"
"utp11",123.73261633573,0.40835692168681,0.229954104555516,0.00211944372069961,0.031749686627906,"UTP11 small subunit processome component","gonad"
"LOC115120542",46.0392153272745,0.408216038141224,0.172967112584231,0.000469119716337691,0.0131024968924508,"MFS-type transporter SLC18B1-like, transcript variant X1","gonad"
"LOC115133217",311.517590083572,0.408160468558057,0.198275484551302,0.00107127945254274,0.0215156523676615,"V-type proton ATPase subunit F","gonad"
"LOC115139615",894.07975541194,0.408090613232875,0.17453417615094,0.000500091808657417,0.0135920554227591,"guanine nucleotide-binding protein G(k) subunit alpha-like","gonad"
"LOC115136198",212.076328685338,0.407733745046558,0.260816412128483,0.00328759664442031,0.0415956665874524,"prolyl 4-hydroxylase subunit alpha-2-like, transcript variant X2","gonad"
"LOC115122468",188.067461429958,0.407413079709256,0.159190632357806,0.000261346670799998,0.00962391618763769,"muscleblind-like protein 3, transcript variant X1","gonad"
"zcrb1",114.629350483599,0.407349200016675,0.24409240881463,0.0026864005793652,0.0368943183955784,"zinc finger CCHC-type and RNA binding motif containing 1","gonad"
"LOC115131912",789.073093555577,0.407318635530629,0.205681348771366,0.001315484681864,0.0239868556179422,"prostaglandin E synthase 3-like, transcript variant X1","gonad"
"LOC115147170",555.290132401046,0.407212895956077,0.197884352676902,0.00108123506044809,0.0215753019183465,"V-type proton ATPase subunit G 1-like","gonad"
"LOC115118597",814.963143705283,0.407032047058197,0.180503440377738,0.000637857604963926,0.0158209599395151,"nascent polypeptide-associated complex subunit alpha-like, transcript variant X1","gonad"
"LOC115118918",24.5255214651697,0.406765925536124,0.292832038210892,0.00434616477841948,0.0486491786171296,"rab-like protein 2A","gonad"
"LOC115115370",115.023092074993,0.406566658171479,0.220076337684627,0.00182462947736798,0.0292713938148245,"retinol dehydrogenase 7-like, transcript variant X1","gonad"
"LOC115138705",1935.11347638737,0.405683502088169,0.247904626838003,0.00290493839011644,0.038467833411615,"proteasome subunit alpha type-3","gonad"
"LOC115140778",1177.16388030451,0.40507556520678,0.176445072288136,0.000578252597192945,0.0148078337865093,"retinol-binding protein 1-like, transcript variant X2","gonad"
"LOC115124087",69.6759231266077,0.404722092212672,0.188526518086478,0.000872942367318516,0.0190897328682127,"programmed cell death protein 10-B, transcript variant X2","gonad"
"LOC115102480",47.7853862803868,0.404553090393038,0.239077859154917,0.00261513531311769,0.0363277710366984,"pleckstrin homology domain-containing family G member 5-like, transcript variant X4","gonad"
"LOC115128691",362.14690096755,0.404354708713385,0.251641283042024,0.0031101273130641,0.0400237516885935,"cytochrome c oxidase copper chaperone-like, transcript variant X2","gonad"
"LOC115129375",222.152287009028,0.404221335109087,0.187666561497804,0.000859823236448516,0.018899456030217,"plastin-2-like","gonad"
"LOC115138312",65.5042075354281,0.404217037998129,0.188831566336467,0.000890982406232228,0.0192579482947052,"akirin-2-like","gonad"
"LOC115109934",19.6294183409904,0.403557576429696,0.201214794399437,0.00127142866580547,0.0236759578013991,"rho GTPase-activating protein 15-like, transcript variant X3","gonad"
"LOC115134145",27.4959208156278,0.403366825550483,0.247216676263777,0.00298590897683012,0.0390738907925679,"zinc finger and SCAN domain-containing protein 2-like","gonad"
"LOC115142187",143.936131509649,0.402959937290014,0.241145019039019,0.00276614384448182,0.037491005888381,"small nuclear ribonucleoprotein Sm D2-like","gonad"
"mrpl35",94.8991988368335,0.402806999956574,0.225049839693814,0.002142916691942,0.0319178989447368,"mitochondrial ribosomal protein L35","gonad"
"LOC115116310",477.639074753578,0.402326938320598,0.275827023757256,0.00409425299972567,0.0470646805592055,"60S ribosomal protein L32","gonad"
"LOC115113500",19911.6882513168,0.401925025184158,0.267665505642738,0.00383418729211837,0.0453212919763679,"synaptotagmin-13-like, transcript variant X2","gonad"
"LOC115117273",337.874395917104,0.401866091281982,0.185695659247812,0.000852853114087592,0.0188604155168993,"eukaryotic translation initiation factor 3 subunit J-A-like","gonad"
"LOC115145795",43.9234669935409,0.401788190851986,0.189526783969014,0.00095986378558134,0.0202561038259788,"melatonin receptor type 1A-A","gonad"
"LOC115119134",577.403818269177,0.4011674607152,0.184365061777418,0.000830898560307076,0.0185329167824758,"glutathione-specific gamma-glutamylcyclotransferase 1-like","gonad"
"LOC115129347",48.0419400847096,0.400916873937397,0.250522643187604,0.00323532166299965,0.0410772728065886,"putative pregnancy-specific beta-1-glycoprotein 7, transcript variant X3","gonad"
"lg18h15orf41",28.1819265475094,0.400712842705703,0.206444295994651,0.00152660132142967,0.0260601987098697,"linkage group 18 C15orf41 homolog, transcript variant X1","gonad"
"LOC115141601",35.4517647175917,0.400423947124159,0.191278696791885,0.00104064061845834,0.0210904820855749,"uncharacterized LOC115141601","gonad"
"LOC115143118",137.489142373756,0.400326267144531,0.178348045567674,0.00069376810795245,0.0167166338544102,"la-related protein 4-like, transcript variant X1","gonad"
"LOC115142412",3465.95955880831,0.399944573632204,0.253426135279981,0.00340016694339546,0.0424868761350916,"40S ribosomal protein S15a","gonad"
"efcab6",14.0108976991386,0.399771500062045,0.382691459892568,0.00414207973671612,0.0472796479595952,"EF-hand calcium binding domain 6, transcript variant X1","gonad"
"LOC115133712",30.0928768735072,0.398557619643293,0.231911826092251,0.00259051186052668,0.0361239119352706,"pseudouridine-5'-phosphatase-like","gonad"
"LOC115138859",889.329682897914,0.398387507232525,0.46482330214232,0.0010646497075667,0.0214299114086264,"ladderlectin-like","gonad"
"LOC115111015",677.715952300284,0.398273838964119,0.240314568341488,0.00295089295130821,0.0388234872637333,"cytochrome c oxidase subunit 6A, mitochondrial-like","gonad"
"LOC115105209",83.7655376133424,0.39821517687027,0.130756352876299,5.83108286015039e-05,0.00456332501762459,"RING finger protein 145-like","gonad"
"LOC115119004",1570.76050099733,0.39732109059049,0.261940018541486,0.00387735446062929,0.0455940722714931,"60S ribosomal protein L35","gonad"
"LOC115105106",81.7254215412378,0.396424055613571,0.186443273961135,0.000986722896656339,0.0205724020142701,"B-cell receptor CD22-like, transcript variant X2","gonad"
"LOC115103264",102.728863659586,0.395815967486361,0.230419027003182,0.00265139723917428,0.0365796111507965,"DET1- and DDB1-associated protein 1-like","gonad"
"LOC115142016",596.267730742837,0.395380628937147,0.220554105683842,0.00225711637027189,0.0331823520798837,"cytochrome c oxidase subunit 6B1-like","gonad"
"LOC115109157",36.6785497353902,0.395209180718496,0.213046705532929,0.00195897984315374,0.0306086385820131,"solute carrier family 35 member E1-like","gonad"
"LOC115112278",99.2504601930631,0.395083460774678,0.145606830930133,0.000180982059309474,0.00803062834590226,"transcription factor 12-like, transcript variant X6","gonad"
"LOC115125168",84.9683638392545,0.394830592921527,0.275724872746794,0.00453421716239334,0.0498435875094597,"U6 snRNA-associated Sm-like protein LSm5","gonad"
"LOC115113653",395.597415590791,0.394512494807034,0.170089405401053,0.000592006287611711,0.0150118242428467,"disintegrin and metalloproteinase domain-containing protein 10-like, transcript variant X1","gonad"
"LOC115112349",34.4128484630244,0.394383749971106,0.199787561006798,0.00148117553721966,0.0257095822693691,"tyrosine-protein kinase Fes/Fps-like, transcript variant X1","gonad"
"LOC115135106",43.6142618522253,0.39415611000476,0.243826527320689,0.00330744583385389,0.041759378692247,"pleckstrin-like","gonad"
"LOC115133160",53.5157805224811,0.393416260843542,0.19687339985034,0.00140543278169854,0.024773822897591,"phosphatidylinositol 4,5-bisphosphate 3-kinase catalytic subunit gamma isoform-like, transcript variant X1","gonad"
"ppie",71.3729138827749,0.392591915395699,0.231736730451146,0.00286037161103704,0.0381402586135447,"peptidylprolyl isomerase E","gonad"
"LOC115134815",1272.03507002505,0.392124028081503,0.187066230528583,0.00110693466250245,0.0216956733049279,"zinc finger CCCH domain-containing protein 15-like","gonad"
"LOC115109576",34.272539322933,0.39195397793519,0.192180992294765,0.00128237912030772,0.0237580360288847,"thromboxane-A synthase-like","gonad"
"LOC115104171",15.0229074174909,0.391937432154591,0.252736864657131,0.0038132094914165,0.0452500859648091,"transmembrane protein 184B-like, transcript variant X2","gonad"
"LOC115118661",22.1594651277217,0.391505449708708,0.227024914858364,0.00270500750626491,0.0370437340637286,"zinc finger protein OZF-like","gonad"
"LOC115136381",195.956760705901,0.391138670776743,0.223582548166597,0.00257036786107485,0.0360089497574652,"mitochondrial fission 1 protein-like","gonad"
"LOC115110805",50.3698277850629,0.39106865279765,0.246984285890179,0.00361436969790465,0.0439044045778176,"solute carrier family 35 member B1-like","gonad"
"psmg1",138.621314019358,0.390983759496778,0.234887031563927,0.00308093957906656,0.0397669437299898,"proteasome assembly chaperone 1, transcript variant X2","gonad"
"LOC115146028",125.976235557051,0.390555540116392,0.203970384237783,0.00176609966374842,0.028754066215286,"EH domain-containing protein 4-like","gonad"
"LOC115103260",110.651783311825,0.390139266941122,0.183487019683937,0.00104081691719956,0.0210904820855749,"MARVEL domain-containing protein 2-like","gonad"
"rdm1",31.5735347633708,0.390035723531833,0.246968609867657,0.00367296232647371,0.0442804143422687,"RAD52 motif containing 1","gonad"
"ech1",89.6894869032581,0.389973884171346,0.189404924163288,0.00124096831799325,0.0233724281965616,"enoyl-CoA hydratase 1","gonad"
"LOC115128647",157.806537844071,0.389801214802672,0.141570038617523,0.000167821343155941,0.00769435430893752,"zinc finger and BTB domain-containing protein 10-like","gonad"
"LOC115137909",100.401901027512,0.389144773079704,0.222289388384608,0.00260527748059552,0.0362185435970079,"ER membrane protein complex subunit 4-like, transcript variant X2","gonad"
"LOC115135747",23.1646835998368,0.388861980131543,0.228252836655528,0.00288902659954596,0.0383626498917444,"adrenodoxin-like","gonad"
"LOC115128961",29.8301445905075,0.388320163647903,0.242593620124273,0.00357524859331652,0.0437567522040874,"nucleoredoxin-like protein 2","gonad"
"LOC115122307",3306.03276441652,0.388285376167475,0.247560445216148,0.00380222221920158,0.0451787608716125,"40S ribosomal protein S15a","gonad"
"LOC115111637",503.304058600701,0.388148074187047,0.152775270145558,0.000329722439595366,0.0109042634121921,"MOB kinase activator 1A","gonad"
"LOC115114485",131.756467113628,0.387939445203072,0.158962363658132,0.00044435278688355,0.0127870306457385,"pre-B-cell leukemia transcription factor 1-like, transcript variant X1","gonad"
"naxe",91.2771325722268,0.387556253674321,0.145151352457259,0.000223267019673095,0.00894842386133489,"NAD(P)HX epimerase","gonad"
"LOC115126144",134.963070526943,0.387419222275032,0.250131542061977,0.00397008423060892,0.0462056726223946,"enhancer of rudimentary homolog","gonad"
"LOC115114130",117.60509273899,0.386941712642242,0.254289101415193,0.00418468025048019,0.0475153562399739,"beta-1,3-galactosyltransferase 2-like, transcript variant X1","gonad"
"LOC115110442",109.357777645819,0.3868875103427,0.214704523532143,0.00236768020709145,0.0340986734823224,"trafficking protein particle complex subunit 5-like, transcript variant X1","gonad"
"LOC115131303",499.936091045872,0.386700041918263,0.231367861792065,0.00314539028309306,0.0402734174752028,"cytochrome b-c1 complex subunit 7-like","gonad"
"cop1",104.901165579781,0.386262345101979,0.162201880236357,0.000535291525609501,0.0141466563885969,"COP1 E3 ubiquitin ligase, transcript variant X2","gonad"
"LOC115142238",14.067681512363,0.385763255102183,0.219766721587191,0.0026508300646292,0.0365796111507965,"PHD finger protein 1-like","gonad"
"LOC115102537",525.055393209571,0.385672377801198,0.125558096922179,6.07971888865123e-05,0.00463795698077108,"chromobox protein homolog 5-like","gonad"
"LOC115112404",142.482011629431,0.384225134715903,0.177000700060417,0.000974859073997534,0.020425509612949,"toll-interacting protein-like","gonad"
"LOC115126445",266.902823306166,0.383568923080767,0.386852649512013,0.00433961139878837,0.0486057893623699,"protein S100-A1-like","gonad"
"LOC115104166",136.076166649077,0.383549652625701,0.136966347119727,0.000153965944515723,0.00748838391380655,"protein tweety homolog 3-like, transcript variant X1","gonad"
"LOC115141909",85.8271155626937,0.383334849674024,0.156474126369378,0.000451821154384508,0.0128779668430222,"Friend leukemia integration 1 transcription factor-like, transcript variant X2","gonad"
"LOC115130449",535.054580825371,0.383302008467659,0.159816637922815,0.000524347662532016,0.0138978922057391,"zinc finger CCCH domain-containing protein 15-like","gonad"
"LOC115128481",469.426743734466,0.38284539631068,0.217933597913534,0.00270744443550923,0.0370437340637286,"cytosolic non-specific dipeptidase-like","gonad"
"LOC115102138",143.181263161796,0.382712979789852,0.201268897721311,0.00194684392206518,0.030474223428397,"prostaglandin E synthase 3-like","gonad"
"LOC115144421",440.004920306092,0.382638004411381,0.235753053468107,0.00358555243352489,0.0438379057125104,"mitochondrial pyruvate carrier 1-like","gonad"
"LOC115117362",44.6353383055691,0.382511499133189,0.204876899355832,0.00211499795092397,0.0317122921188483,"tyrosine-protein phosphatase non-receptor type 18-like, transcript variant X2","gonad"
"LOC115104137",65.0736915544693,0.382362344307835,0.227851703769651,0.00321435558619595,0.0408682353102056,"coiled-coil domain-containing protein 43-like","gonad"
"LOC115134268",50.5795463673371,0.381930644986732,0.178418369236753,0.00107755271507948,0.0215700629492647,"aminopeptidase N-like","gonad"
"LOC115111831",695.918832556874,0.381121369958591,0.223894879583042,0.00308796622345752,0.0397907130965895,"small integral membrane protein 15, transcript variant X1","gonad"
"LOC115143330",22.4522464443781,0.381064971459267,0.198141422267019,0.00187496224255507,0.0298707784375453,"scm-like with four MBT domains protein 1, transcript variant X1","gonad"
"LOC115123534",1162.69391395843,0.380939195042879,0.248939459237106,0.00433210018635405,0.0485516117181754,"proteasome maturation protein-like","gonad"
"LOC115129527",72.0355151340398,0.380510460501666,0.188867200418342,0.00150630455920182,0.025824802244446,"AP-1 complex-associated regulatory protein-like, transcript variant X3","gonad"
"LOC115107577",204.179746954913,0.380383599837934,0.20867455545057,0.00238429466984228,0.0341667356161456,"uncharacterized protein DDB_G0271670-like, transcript variant X1","gonad"
"LOC115141342",101.876960785865,0.380355197420923,0.19336580703077,0.00169672978344026,0.0279646378278676,"uncharacterized LOC115141342, transcript variant X1","gonad"
"LOC115141548",95.9151094586987,0.380113876559816,0.204405881907052,0.00219623658543661,0.0325509154654588,"flavin reductase (NADPH)-like, transcript variant X2","gonad"
"LOC115124141",27.1212771831125,0.379991873338268,0.230055642419914,0.00346048217589592,0.0430037743912158,"rho-related GTP-binding protein RhoG-like","gonad"
"LOC115131613",4593.12712100703,0.379627386121528,0.184161566228717,0.00134988230618127,0.0243985094766311,"BOLA class I histocompatibility antigen, alpha chain BL3-7-like, transcript variant X2","gonad"
"plekhj1",183.174048747024,0.37936510721136,0.214891656088641,0.00273504958365228,0.0373084599855678,"pleckstrin homology domain containing J1","gonad"
"LOC115122703",139.097348309099,0.379175627728845,0.240200217774964,0.00402198916345211,0.0464909052797379,"pyridoxal phosphate homeostasis protein-like, transcript variant X1","gonad"
"plp2",321.161522416891,0.378890172578475,0.22216471600761,0.00312488454997495,0.0400805317743154,"proteolipid protein 2","gonad"
"LOC115141755",300.597199536744,0.37860567293901,0.115179766744696,3.06899377928797e-05,0.00345486080624845,"tripartite motif-containing protein 3-like","gonad"
"LOC115143992",53.1864555308774,0.378193844493723,0.245508669780134,0.00435231400481098,0.0486621399706661,"cytochrome c oxidase assembly protein COX19","gonad"
"LOC115135666",59.7110705878341,0.377958675794931,0.18738498605428,0.00153193674227574,0.0261162849697262,"FUN14 domain-containing protein 1A-like","gonad"
"LOC115141857",147.394200520972,0.377869286234876,0.183852860706921,0.00139275553561533,0.0247183475118592,"vacuolar protein sorting-associated protein 26B-like","gonad"
"gnmt",613.060927899569,0.377460279789834,0.193402500020141,0.00180654031859157,0.0291292593466683,"glycine N-methyltransferase","gonad"
"LOC115111026",88.428837778894,0.377400615870981,0.219684551058817,0.00308174101278341,0.0397669437299898,"transmembrane protein 230-like","gonad"
"LOC115130168",106.378157462284,0.377379451756623,0.197104791562726,0.00197604359111451,0.0307429712427378,"gamma-glutamyl hydrolase-like, transcript variant X1","gonad"
"LOC115128279",293.275602355455,0.37717121262765,0.146963683259008,0.000340485229738268,0.0110390175555857,"sialidase-1-like","gonad"
"LOC115113789",277.118975205808,0.376866053884633,0.217834194196345,0.00301640676098896,0.039202491877248,"signal peptidase complex catalytic subunit SEC11A-like","gonad"
"LOC115102380",1029.54807341676,0.37678868270007,0.18668834985859,0.0015432319672361,0.0262299325443514,"peptidyl-prolyl cis-trans isomerase FKBP1A-like","gonad"
"LOC115128415",67.0296881643906,0.375694673932372,0.209856056437346,0.00267082196604153,0.0367359421329167,"ectonucleotide pyrophosphatase/phosphodiesterase family member 2-like, transcript variant X2","gonad"
"LOC115135950",143.900406937276,0.375269939144102,0.20710253431324,0.00255309686522243,0.0359055202827099,"membrane-associated progesterone receptor component 1-like","gonad"
"LOC115103209",1221.77140668235,0.375055545375904,0.191045896048516,0.00179484176463895,0.0290697119346876,"actin-related protein 2/3 complex subunit 5-like","gonad"
"LOC115132376",15.9246808488947,0.374578116929653,0.23151002891974,0.00387442223292251,0.0455891186396248,"solute carrier family 52, riboflavin transporter, member 3-A-like, transcript variant X1","gonad"
"LOC115119110",53.7353019868793,0.374466894320368,0.212703515018614,0.0028822821115329,0.0383094538923801,"mitochondrial inner membrane protease ATP23 homolog","gonad"
"LOC115106983",110.678559738431,0.374164855821219,0.21576471536531,0.00305985997131044,0.0395689584324162,"electron transfer flavoprotein regulatory factor 1, transcript variant X2","gonad"
"LOC115103322",1446.11169425595,0.373552006414783,0.223439256031881,0.00350683588078505,0.0434015761769144,"profilin-2-like, transcript variant X2","gonad"
"LOC115102094",1795.7619289095,0.373413663641507,0.202035508664076,0.00238928098435383,0.0342111873437919,"phospholemman-like, transcript variant X2","gonad"
"pdk3",85.8826386422678,0.373394950284788,0.174852041280683,0.00118156580351228,0.0225593657587237,"pyruvate dehydrogenase kinase 3, transcript variant X1","gonad"
"LOC115142908",373.982151745154,0.373120108253103,0.123214188337174,8.13503430076123e-05,0.00537167462330539,"synaptophysin-like protein 1","gonad"
"LOC115146245",152.973995773056,0.372921898514771,0.19462354785172,0.0020481203799124,0.0313213834236536,"protein max-like, transcript variant X4","gonad"
"LOC115139988",66.4916876644219,0.372799225542371,0.15289254997904,0.000518766301300794,0.0137700598924228,"U5 small nuclear ribonucleoprotein 200 kDa helicase-like","gonad"
"LOC115106138",53.3962247969041,0.372759804018375,0.149813942531646,0.000449218354528381,0.0128779668430222,"SCY1-like protein 2","gonad"
"LOC115101354",71.1844935408339,0.370914565417289,0.185137369535311,0.00168875285383712,0.0279646378278676,"fermitin family homolog 3-like, transcript variant X2","gonad"
"LOC115142205",54.8970645872301,0.370893374673279,0.399060618928842,0.00379796712075995,0.0451787608716125,"glutamine amidotransferase-like class 1 domain-containing protein 3A, mitochondrial, transcript variant X1","gonad"
"tmem141",74.4585263063367,0.370874852146089,0.204437089186886,0.00264032379886871,0.0365265727974365,"transmembrane protein 141","gonad"
"mrpl51",114.081287344241,0.370625059049578,0.198273382385985,0.00233323505655974,0.0337370995455248,"mitochondrial ribosomal protein L51","gonad"
"LOC115112239",22.9234760724145,0.370426949116324,0.393740675619372,0.00415751447111959,0.0473847035390128,"glycine cleavage system H protein, mitochondrial-like","gonad"
"LOC115105819",94.9012500354852,0.370345522256868,0.168423681947223,0.00103007018285086,0.0210110088258947,"transmembrane protein 120B, transcript variant X1","gonad"
"LOC115102029",2452.08136173695,0.369480644820723,0.220022462461628,0.00357650475164495,0.0437567522040874,"60S ribosomal protein L32-like","gonad"
"LOC115139151",204.753865808168,0.368829154629941,0.224089402995607,0.00385007081998147,0.0454608458311761,"calmodulin","gonad"
"LOC115102162",541.757260952146,0.367688499812685,0.167366172719391,0.00106273512228719,0.0214151152943909,"charged multivesicular body protein 4b-like","gonad"
"LOC115125274",241.718890403228,0.367142996747128,0.180079123882967,0.00160279018173349,0.0268948785023597,"ER membrane protein complex subunit 3-like","gonad"
"LOC115111393",13.4181481701815,0.367121682803434,0.23025817929456,0.00432450682118657,0.0484964458588409,"ras-related protein Rab-27B-like","gonad"
"LOC115146256",279.15431567147,0.367080904218248,0.22066786157916,0.00377220902644821,0.0449397815513082,"GTP cyclohydrolase 1 feedback regulatory protein","gonad"
"LOC115101461",53.1523576365172,0.366920406995631,0.171524618827371,0.00124512899172573,0.0233780372014191,"phosphatidylinositol-binding clathrin assembly protein-like, transcript variant X1","gonad"
"LOC115145288",972.627559059077,0.366692061766839,0.213088754894287,0.00335940779449035,0.0421058997444737,"cytochrome c oxidase subunit 6C-1-like","gonad"
"LOC115137482",412.769482414688,0.36650905822395,0.217389691721482,0.00362018350907859,0.0439349762748374,"signal peptidase complex subunit 3","gonad"
"LOC115144299",41.9868603791725,0.365723302718443,0.205005132231287,0.00295593052987258,0.0388480336253689,"rho GTPase-activating protein 27-like, transcript variant X2","gonad"
"id2",1454.65927844656,0.365580677165119,0.182107010860609,0.00175730665010022,0.0287179653818359,"inhibitor of DNA binding 2, transcript variant X2","gonad"
"nrm",26.1110985401794,0.36557025459929,0.225654939402502,0.00416999391906764,0.0474527240457833,"nurim","gonad"
"rai14",44.1524368066379,0.365364021244138,0.20451023991242,0.00294877262394551,0.0388234872637333,"retinoic acid induced 14, transcript variant X2","gonad"
"LOC115125583",21.1296078421369,0.364748996489694,0.170586605932696,0.00127500920759994,0.0237183065299022,"zinc finger protein 501-like","gonad"
"mtres1",77.2181227276282,0.363055376464924,0.224320450505011,0.00427632067795642,0.0481493173304876,"mitochondrial transcription rescue factor 1, transcript variant X1","gonad"
"LOC115113376",336.025027557,0.362549205512833,0.130320070473533,0.00020608537625024,0.00850383202545307,"transmembrane 9 superfamily member 3-like","gonad"
"LOC115110565",132.763211909037,0.361771100426201,0.196809152721276,0.00271464962946645,0.0371138393618922,"transmembrane protein 205-like","gonad"
"ndufb3",672.817894690584,0.361688666560202,0.192961488586396,0.00250121233662306,0.0355004688286836,"NADH:ubiquinone oxidoreductase subunit B3","gonad"
"LOC115105589",600.201604453797,0.361329238540948,0.210233382078598,0.00353975340534073,0.0436098257981119,"non-histone chromosomal protein HMG-14-like","gonad"
"timm10",51.4493835813772,0.361224889790659,0.202246382354535,0.00306444206542608,0.0396000072169935,"translocase of inner mitochondrial membrane 10","gonad"
"LOC115143180",46.5867127495416,0.361165785560202,0.210187196570861,0.00354795911120323,0.0436427815874023,"integrin beta-7-like, transcript variant X2","gonad"
"LOC115135777",123.717411197848,0.361121602025702,0.192437048147666,0.00250196548830014,0.0355004688286836,"diablo homolog, mitochondrial-like","gonad"
"LOC115141644",906.158041217224,0.361053791910982,0.177976083067481,0.0017421554077463,0.0284960122369745,"histone H3.3","gonad"
"LOC115129842",415.088011867572,0.360935565030963,0.22309395751987,0.00436249099694514,0.0487077958321743,"histone deacetylase complex subunit SAP18-like","gonad"
"LOC115113497",176.795879028116,0.360704672929584,0.134641688336603,0.000289826956762604,0.0101389553880559,"autophagy-related protein 13-like, transcript variant X2","gonad"
"nudcd2",96.4524212683903,0.360469119480358,0.224125205385287,0.00446281879233228,0.0495274682112377,"NudC domain containing 2","gonad"
"LOC115134057",644.006160369947,0.360453128194715,0.18102836214394,0.00192048749712371,0.0302676831577934,"V-type proton ATPase subunit E 1-like","gonad"
"LOC115120482",46.6664341984897,0.360203839562429,0.197814999567861,0.00286325030239378,0.0381402586135447,"cleavage stimulation factor subunit 3-like","gonad"
"LOC115139660",49.9486372975391,0.359952292364399,0.223823442981288,0.00448461783666521,0.0496480008795692,"H2.0-like homeobox protein, transcript variant X3","gonad"
"nol7",166.359793590252,0.359098649245454,0.175727725667193,0.00171195055345444,0.0281796684030089,"nucleolar protein 7","gonad"
"LOC115130875",56.6246863632041,0.359047478399819,0.196014671539254,0.00282469750987077,0.0379048100437647,"multidrug resistance-associated protein 5-like","gonad"
"bcap29",189.588051643235,0.358681337526599,0.152071929961763,0.000752990009594265,0.0175497902621226,"B cell receptor associated protein 29","gonad"
"LOC115105469",203.605063461842,0.358582521358365,0.169508752137072,0.00143695885556975,0.0251828426464522,"derlin-2","gonad"
"hypk",302.754237533168,0.358531538106973,0.203559000086755,0.00331496940452966,0.0417962392421115,"huntingtin interacting protein K","gonad"
"LOC115108013",190.103638599458,0.358421794325954,0.210317530048276,0.0037463700757623,0.0447788644473603,"peptidyl-prolyl cis-trans isomerase FKBP1B, transcript variant X1","gonad"
"LOC115113182",135.489553140344,0.358201588992143,0.214296333903592,0.00401555749692438,0.0464909052797379,"ubiquitin-conjugating enzyme E2 D4-like","gonad"
"LOC115101039",56.9071688948424,0.357246204830365,0.149378881431773,0.000697972890938367,0.0167846302091086,"centrin-3","gonad"
"LOC115103252",1556.95210648733,0.357033193385672,0.18042165201285,0.00204477827877965,0.0313213834236536,"calponin-2-like","gonad"
"LOC115140025",169.733319004957,0.356401518805826,0.188663285745292,0.00254150110061851,0.0357701503742865,"ubiquitin-like protein 4A-B, transcript variant X3","gonad"
"LOC115110749",267.682954275382,0.355669093278209,0.102823450646856,2.18082586276492e-05,0.00282821959745427,"signal transducing adapter molecule 2-like","gonad"
"LOC115101940",398.677729793049,0.355581061653723,0.198574823704827,0.003195976283232,0.0407201020339369,"transmembrane emp24 domain-containing protein 4-like, transcript variant X1","gonad"
"LOC115126483",18.6705226937956,0.354941397767148,0.204167550358324,0.00359842430083386,0.043861985296749,"transcription factor 7-like 2, transcript variant X1","gonad"
"olah",38.2039249101299,0.35460482648896,0.178585525436922,0.00206042018446065,0.0313262510720951,"oleoyl-ACP hydrolase, transcript variant X1","gonad"
"LOC115108220",237.979122785712,0.354195489810638,0.19859718510188,0.00328892905930207,0.0415956665874524,"myeloid-derived growth factor-like","gonad"
"LOC115132384",61.5633005259821,0.353898086853129,0.187857819315962,0.00263474068531972,0.0365265727974365,"partner of Y14 and mago A","gonad"
"tmlhe",80.7550571168327,0.353675592171593,0.17095042281079,0.00169713354929216,0.0279646378278676,"trimethyllysine hydroxylase, epsilon, transcript variant X1","gonad"
"vamp8",108.339996459367,0.353482602498516,0.168011772411089,0.00155798586531922,0.0264035799327087,"vesicle associated membrane protein 8","gonad"
"LOC115106408",24.0432606279222,0.353057133841741,0.207152951185004,0.00393423534897265,0.0460028383683233,"rho GTPase-activating protein 22-like, transcript variant X1","gonad"
"LOC115132318",133.4382676159,0.353002712778895,0.169256261023951,0.00163912060396738,0.0273026364088365,"cell division control protein 42 homolog, transcript variant X3","gonad"
"LOC115137038",102.617184087446,0.35271971961768,0.201406026995141,0.00357480333199938,0.0437567522040874,"phospholipase D3-like, transcript variant X2","gonad"
"LOC115103901",27.0767495002264,0.352678996779578,0.184861461847991,0.00252293289756449,0.0355440348415262,"SERTA domain-containing protein 2-like","gonad"
"LOC115101848",36.324414103006,0.351933943915897,0.175684806232635,0.00202828522015079,0.031181665077949,"plexin A3-like","gonad"
"LOC115138107",228.511518673002,0.351761215596435,0.178096496462185,0.00217338125364408,0.0322810772298834,"nuclear factor 1 B-type-like, transcript variant X3","gonad"
"LOC115111930",820.151706543362,0.351576440758638,0.202702977578805,0.00374504502448396,0.0447788644473603,"histone H2A.V","gonad"
"LOC115144429",303.82694255905,0.350888268213112,0.152244425294049,0.000949190779666844,0.0201326025649897,"vacuolar protein sorting-associated protein 26A-like","gonad"
"LOC115105320",12.6580881985852,0.350625714282649,0.204842075278358,0.00396331644486439,0.0462056726223946,"tripartite motif-containing protein 16-like","gonad"
"LOC115105533",77.3175874339331,0.350189724904802,0.180005547641982,0.00236827645192821,0.0340986734823224,"cytospin-B-like, transcript variant X3","gonad"
"LOC115105495",742.238709191845,0.349982739046953,0.201204605364656,0.00376172896680807,0.044903320921346,"membrane-associated progesterone receptor component 1-like","gonad"
"LOC115102427",239.676587780315,0.349842318037474,0.154812939481767,0.00108270138963867,0.0215753019183465,"citrate synthase, mitochondrial-like","gonad"
"LOC115143250",77.6570024837749,0.349228063528989,0.19471393015725,0.00337300919147708,0.0422056201795023,"aflatoxin B1 aldehyde reductase member 4-like","gonad"
"LOC115102897",23.1150440118192,0.349211611806413,0.206632316367476,0.00420017373547081,0.0476317016497239,"zinc finger protein 263-like, transcript variant X1","gonad"
"LOC115126333",378.040028408186,0.349173684774561,0.182877816353975,0.00260215846219705,0.0362029034786587,"transmembrane emp24 domain-containing protein 2, transcript variant X1","gonad"
"LOC115132466",99.9502255381696,0.349166778597037,0.203008124056353,0.0039493161176403,0.0461117578340047,"fat storage-inducing transmembrane protein 2-like","gonad"
"LOC115144937",81.3936190599564,0.349101476631351,0.171651178607456,0.00193840296370203,0.0304443289004966,"AN1-type zinc finger protein 5-like","gonad"
"LOC115135087",386.674049249718,0.349098759731883,0.185592195930587,0.00277887349368386,0.037595549293088,"survival of motor neuron-related-splicing factor 30-like","gonad"
"LOC115138465",263.79109677024,0.348961246980672,0.160928888573644,0.00138675483295374,0.02466582139651,"bcl-2-modifying factor-like","gonad"
"cops3",278.910106540116,0.34888426003955,0.146843131235018,0.000799746818583685,0.0181049915688346,"COP9 signalosome subunit 3","gonad"
"LOC115117581",68.4863331338907,0.348593816000836,0.193581597634937,0.00334061695057574,0.0419448418773535,"TCF3 fusion partner homolog, transcript variant X1","gonad"
"LOC115140758",275.544396443374,0.34848888230472,0.178604071309201,0.00237664064786277,0.0341108992905901,"tumor necrosis factor receptor superfamily member 1A-like, transcript variant X3","gonad"
"LOC115107806",50.8792664926671,0.347821960766175,0.194015566193841,0.00342490510473589,0.0427371663790961,"epoxide hydrolase 1-like","gonad"
"LOC115110486",109.333923202641,0.347814673135352,0.129936211263156,0.000339928956065605,0.0110390175555857,"sterol regulatory element-binding protein 2-like, transcript variant X2","gonad"
"LOC115105370",105.990084410744,0.345906735120414,0.200613164108567,0.0040373832742035,0.0466302358310679,"zinc finger protein ZPR1-like","gonad"
"mrpl48",152.507550579698,0.345866502751623,0.151089627596167,0.00104634757645271,0.021155330287389,"mitochondrial ribosomal protein L48","gonad"
"LOC115109490",43.0621353470655,0.345672448632409,0.167129425568158,0.00184612944963273,0.0294796185466419,"nuclear factor of activated T-cells 5-like, transcript variant X2","gonad"
"LOC115131583",858.430312221205,0.345012992860231,0.196520993690956,0.00381193321387135,0.0452500859648091,"tumor necrosis factor receptor superfamily member 11B-like","gonad"
"LOC115103687",251.372954532041,0.344204277976326,0.158450531823411,0.00144527823143565,0.0252798377359785,"ras and Rab interactor 2-like, transcript variant X1","gonad"
"LOC115142364",660.658910116742,0.343845902975413,0.159268117794024,0.0015012550268162,0.025824802244446,"rho guanine nucleotide exchange factor 3-like","gonad"
"LOC115113131",21.2370297231947,0.343350802658536,0.192324965710159,0.00363586369988598,0.0440378527919478,"heterogeneous nuclear ribonucleoprotein L-like, transcript variant X1","gonad"
"LOC115106384",52.7300241946681,0.343020472725357,0.180548329283624,0.0028283707555689,0.037926070486048,"zinc finger protein 501-like","gonad"
"LOC115132348",1942.60175292731,0.342641151768837,0.184276936954179,0.00311128915444999,0.0400237516885935,"peptidyl-prolyl cis-trans isomerase FKBP1A-like","gonad"
"nfs1",455.579438872904,0.34136524960246,0.113986465237265,0.000135400053561366,0.00712557499263817,"NFS1 cysteine desulfurase, transcript variant X1","gonad"
"LOC115118002",43.9438070991265,0.341109105381681,0.181758432860895,0.00303924333396245,0.0394428177065205,"RNA-binding protein 12B-A-like","gonad"
"LOC115110513",382.186540562373,0.340807934140674,0.153132449140693,0.00130861379993825,0.0239169996268802,"DNA-directed RNA polymerases I, II, and III subunit RPABC2","gonad"
"srp19",235.498722124839,0.340033752786745,0.175911125433829,0.00270306433686336,0.0370437340637286,"signal recognition particle 19","gonad"
"LOC115141831",86.2848773408588,0.339819329123709,0.177013332236023,0.00279287930857201,0.0377288070881202,"glyoxalase domain-containing protein 4-like","gonad"
"LOC115144010",184.813339690795,0.33894824776564,0.13179708343118,0.000517185360241096,0.0137607901637429,"anthrax toxin receptor 1-like","gonad"
"LOC115107437",123.018819719889,0.338721408939504,0.19230760006625,0.00400557689597827,0.0464698109414578,"membrane magnesium transporter 1-like","gonad"
"LOC115133836",304.75382870493,0.338711555593896,0.144410007086196,0.000976500459574782,0.020425509612949,"arrestin red cell-like","gonad"
"LOC115141006",119.865183072072,0.338675038989357,0.181422854582915,0.00318590903958241,0.0406384627373089,"protein DEK-like, transcript variant X2","gonad"
"LOC115136789",2181.14811408448,0.338273042103209,0.141156780569516,0.000854711953950804,0.018860942127626,"claudin-3-like","gonad"
"LOC115138553",121.928502955369,0.338240432596097,0.144450328054289,0.000992299456560502,0.0206607671253583,"charged multivesicular body protein 3, transcript variant X2","gonad"
"LOC115132071",538.814357855917,0.338229001903487,0.178335164004595,0.00299294594807278,0.0390738907925679,"dynein light chain Tctex-type 3-like","gonad"
"LOC115119017",137.712656709174,0.338177597691327,0.164921929267838,0.00208822869488807,0.031510734131549,"vesicular integral-membrane protein VIP36-like, transcript variant X2","gonad"
"LOC115132157",59.6527951107141,0.337674385528437,0.177979548413437,0.00300560026615794,0.039146110783618,"ADP-ribosylation factor-like protein 8A","gonad"
"LOC115135940",240.274487741284,0.3359635294976,0.173796927957681,0.00282002309323085,0.0378700734324699,"nucleolar protein 16-like","gonad"
"LOC115113214",86.0375906305604,0.334872424192556,0.152802280433161,0.00152721146878725,0.0260601987098697,"survival of motor neuron-related-splicing factor 30-like, transcript variant X1","gonad"
"LOC115110101",103.515935544991,0.334205743813503,0.151688622467153,0.00149378272839043,0.0257987546753684,"protein PET100 homolog, mitochondrial","gonad"
"LOC115109216",261.802984305667,0.333405670500251,0.185748583354928,0.00393492002566678,0.0460028383683233,"ras-related protein Rab-8A-like","gonad"
"isca2",242.07943140601,0.33281136963285,0.159108303122944,0.00200427271230236,0.030943516466464,"iron-sulfur cluster assembly 2, transcript variant X1","gonad"
"znf319",70.1862378297674,0.332075958159015,0.155786094077675,0.00183223847033763,0.0293610959112533,"zinc finger protein 319, transcript variant X2","gonad"
"LOC115125262",285.075606052053,0.331969998438362,0.148336009686891,0.00140249111511746,0.0247681595263848,"zyxin-like, transcript variant X1","gonad"
"LOC115145368",571.415887918826,0.331893560045223,0.176999273943279,0.00335563396508445,0.0421042780028149,"non-specific lipid-transfer protein-like, transcript variant X2","gonad"
"ldah",73.5124443664558,0.331453168349392,0.156113275732966,0.00188418854296967,0.0299556280088943,"lipid droplet associated hydrolase","gonad"
"LOC115126126",56.4148754204787,0.330916955161126,0.162247943272918,0.00232146539224821,0.0336918670356982,"nck-associated protein 1-like","gonad"
"wdr61",131.320061817123,0.330644119180868,0.157726768497983,0.00203089835358173,0.0311954234413113,"WD repeat domain 61, transcript variant X1","gonad"
"LOC115144424",301.778137276992,0.330547393957219,0.146745759523986,0.00137356681088927,0.024618439307508,"membrane-spanning 4-domains subfamily A member 15-like","gonad"
"nudt7",52.0279260364709,0.330014925274433,0.178576607637171,0.00363352598000644,0.0440378527919478,"nudix hydrolase 7, transcript variant X1","gonad"
"LOC115103317",53.9303490633662,0.329485532115508,0.181156660001688,0.0038934353857917,0.0456850290887169,"ephrin type-B receptor 3-like","gonad"
"LOC115111778",37.7377054822008,0.329285611267192,0.188245517709998,0.0045203831184415,0.0498435875094597,"rho GTPase-activating protein 25-like","gonad"
"hacd1",52.4718572908363,0.329001135981687,0.186007858127095,0.0043526831522561,0.0486621399706661,"3-hydroxyacyl-CoA dehydratase 1","gonad"
"LOC115102875",216.147030166015,0.328935381952006,0.133459483968513,0.000793521556537044,0.0180315111145013,"far upstream element-binding protein 3-like, transcript variant X3","gonad"
"LOC115139828",286.368476342989,0.328223291569436,0.139580145315766,0.00108918186568447,0.0215753019183465,"mothers against decapentaplegic homolog 2-like, transcript variant X2","gonad"
"LOC115147158",63.0173520550457,0.327150409918352,0.167914690201003,0.00299454484498716,0.0390738907925679,"microtubule-associated serine/threonine-protein kinase 3-like, transcript variant X1","gonad"
"LOC115111291",102.44144916003,0.326968799423768,0.163452348525021,0.00266071121124838,0.0366246192201861,"nucleolar protein 6-like","gonad"
"LOC115103203",141.94482122054,0.326084639216646,0.110070210127643,0.000185145921364378,0.0081195877978059,"cyclic AMP-dependent transcription factor ATF-6 alpha-like, transcript variant X7","gonad"
"LOC115109223",491.199910161169,0.3260626584146,0.152291774638689,0.00191824058307462,0.0302585369472657,"cystinosin-like","gonad"
"LOC115105673",112.291883565669,0.326022710161694,0.178434007235666,0.00396665413929164,0.0462056726223946,"sodium channel subunit beta-4-like, transcript variant X1","gonad"
"LOC115127937",288.809654632536,0.325667384587772,0.178614521767314,0.00401470882798458,0.0464909052797379,"60S ribosomal protein L30-like","gonad"
"LOC115106900",311.572700781373,0.325575324508673,0.130508813451037,0.000761632850220909,0.0175778087364822,"ADP-ribosylation factor 4","gonad"
"LOC115107474",265.788512249308,0.325573741592136,0.173102498081007,0.00354528929180114,0.0436395066996214,"protein FAM89A-like","gonad"
"LOC115118440",138.202784565337,0.325285151834191,0.149257354432135,0.00176019065881662,0.02873922805888,"activated RNA polymerase II transcriptional coactivator p15-like","gonad"
"LOC115139357",820.712402511421,0.324968439512534,0.1372410682861,0.00108521076885336,0.0215753019183465,"tumor necrosis factor receptor superfamily member 21-like","gonad"
"LOC115129293",155.751193212928,0.324306944236849,0.162728416960242,0.00278926440203229,0.0377080301439301,"COMM domain-containing protein 5-like","gonad"
"nit1",100.562583363683,0.323600747270945,0.182118218971136,0.00452854909471905,0.0498435875094597,"nitrilase 1","gonad"
"LOC115135971",161.394778642173,0.323493910204086,0.139900618526252,0.0012800749264724,0.0237412926625662,"3-methyl-2-oxobutanoate dehydrogenase [lipoamide] kinase, mitochondrial-like","gonad"
"LOC115111647",375.49448911101,0.323141317761844,0.159253384229006,0.00259763164005345,0.0361676380803762,"transcobalamin-2-like","gonad"
"LOC115140452",171.602168497535,0.322951185458019,0.158120261059514,0.00252277924061337,0.0355440348415262,"glutaredoxin-related protein 5, mitochondrial-like","gonad"
"LOC115112389",31.3503400468831,0.321624813094122,0.151744085172925,0.00212991954137605,0.031801660520743,"forkhead box protein F1-like","gonad"
"fuom",189.931286421535,0.321465690656528,0.120877296457556,0.000501417134074744,0.0135920554227591,"fucose mutarotase, transcript variant X1","gonad"
"LOC115106839",215.991709757643,0.321231663825152,0.131472154269696,0.000927598885063367,0.0197670015929701,"uncharacterized LOC115106839, transcript variant X2","gonad"
"LOC115137643",112.050501586515,0.320935814498729,0.171999736288513,0.00385350527286738,0.0454608458311761,"transmembrane protein 199-like","gonad"
"LOC115135866",1216.42094196594,0.320729170277035,0.175685394501149,0.00421331810852024,0.0477394492458135,"non-histone chromosomal protein HMG-14-like","gonad"
"LOC115144868",54.2077770737976,0.320619337069359,0.171347304484752,0.00382286066321035,0.0453053904707879,"NUAK family SNF1-like kinase 1","gonad"
"pcyox1",223.45878117318,0.320482044373567,0.143634928882515,0.00163650349378626,0.0272840747779462,"prenylcysteine oxidase 1","gonad"
"LOC115136712",99.2595681361377,0.320370314848117,0.173266235715341,0.00402235119507264,0.0464909052797379,"vacuolar protein sorting-associated protein 26B-like","gonad"
"LOC115113146",237.648869091988,0.319399433996363,0.138398942014006,0.00136251486418478,0.0244971819826295,"bcl-2-like protein 11","gonad"
"LOC115105094",88.9458720220721,0.319337716816681,0.155543431075751,0.0025654826403108,0.035968264723925,"neuropilin-1a, transcript variant X3","gonad"
"LOC115146682",512.051824492005,0.31911573266468,0.163942933949745,0.00328900030201992,0.0415956665874524,"ATPase inhibitor B, mitochondrial-like","gonad"
"LOC115143302",35.9084337105263,0.318533516010835,0.171066966431678,0.00399052621026464,0.0463544426574311,"serine/threonine-protein kinase Nek4-like, transcript variant X3","gonad"
"LOC115138057",117.677903184256,0.3180580395894,0.17362251522553,0.00428031387929942,0.0481495531552419,"mitochondrial fission 1 protein-like","gonad"
"LOC115102447",690.699366693635,0.317500202253574,0.148921369563719,0.00217018927759724,0.0322702346634361,"C4b-binding protein alpha chain-like, transcript variant X2","gonad"
"fosl2",189.558783604615,0.315859212043466,0.168719510099486,0.00402275898845937,0.0464909052797379,"FOS like 2, AP-1 transcription factor subunit, transcript variant X1","gonad"
"LOC115135827",66.8973724462044,0.312157193914836,0.11971258045472,0.000660475230866621,0.0161779020461877,"NLR family CARD domain-containing protein 3-like","gonad"
"LOC115133353",81.0761928257226,0.312083474331778,0.137486835516369,0.00164655995306081,0.0273763209778132,"E3 ubiquitin/ISG15 ligase TRIM25-like, transcript variant X3","gonad"
"LOC115144303",87.0954989799047,0.311943078177288,0.152982191841762,0.00289262324861192,0.0383626498917444,"protein phosphatase 1G-like, transcript variant X1","gonad"
"LOC115136948",493.563243594442,0.3116961935048,0.162664403112758,0.00383073520569773,0.0453141161004891,"histone H3.3","gonad"
"LOC115125732",595.073113889422,0.310767395609507,0.160110226094414,0.00366588497265507,0.0442244568528409,"actin-related protein 2/3 complex subunit 3-B-like","gonad"
"LOC115101426",213.743618165297,0.309313800721893,0.129351214396091,0.00124511644181462,0.0233780372014191,"zinc finger and BTB domain-containing protein 20-like","gonad"
"LOC115138675",30.6730828877168,0.309174017990767,0.132039927535575,0.00142151936270763,0.0249613821930077,"zinc finger MYM-type protein 4-like","gonad"
"LOC115141933",67.9977410212575,0.30885974684608,0.131230931706239,0.00138321269267322,0.02466582139651,"vascular endothelial zinc finger 1-like, transcript variant X7","gonad"
"LOC115140753",212.411928725931,0.308763308515841,0.164296909474972,0.00429428089834325,0.0482468836573763,"zyxin-like, transcript variant X2","gonad"
"plcg2",100.450908207864,0.307987037859268,0.160205750365614,0.00394522867401668,0.0460936755504805,"phospholipase C gamma 2","gonad"
"LOC115112141",255.289682746237,0.307748172817898,0.147969050386089,0.00276701629711559,0.037491005888381,"CKLF-like MARVEL transmembrane domain-containing protein 3","gonad"
"LOC115132474",249.226478471555,0.30773741300446,0.161081555276595,0.00406209819038737,0.0467966083405286,"probable Bax inhibitor 1","gonad"
"ubxn8",243.918130482829,0.307651856253341,0.164142861718907,0.00439696505795721,0.0489462278309449,"UBX domain protein 8","gonad"
"LOC115141877",44.5496130530497,0.307198003818143,0.155335298667537,0.00352275050663566,0.0435391818914071,"vacuole membrane protein 1-like, transcript variant X1","gonad"
"LOC115106515",225.753960437206,0.30697321188381,0.164006927236344,0.00445633045511744,0.0494857099346252,"pleckstrin homology domain-containing family M member 1-like","gonad"
"LOC115138487",39.4149459796505,0.306822341890705,0.160802100056366,0.00412717021051464,0.0472464705814021,"protein-arginine deiminase type-2-like, transcript variant X2","gonad"
"LOC115127474",127.722305488615,0.306812664841077,0.142215297373978,0.00232653400207243,0.0337115333931581,"protein ABHD13","gonad"
"LOC115137894",222.338308025101,0.306192993966226,0.139175859718951,0.00211295628023571,0.0317122921188483,"ankyrin repeat domain-containing protein 46-like, transcript variant X2","gonad"
"srd5a3",72.97041876015,0.305953979740365,0.154362997096632,0.00354047605344883,0.0436098257981119,"steroid 5 alpha-reductase 3, transcript variant X1","gonad"
"LOC115118033",497.539987639009,0.304889005471353,0.154082942028609,0.0036128577316807,0.0439044045778176,"small ubiquitin-related modifier 3-like","gonad"
"LOC115134982",84.9807014607231,0.30487227332989,0.154431907790702,0.00365082442889484,0.0441307379034718,"GTP-binding protein SAR1b-like, transcript variant X1","gonad"
"LOC115140940",299.321811843274,0.304753647039487,0.134696689779039,0.00184247488073362,0.0294471601536969,"epithelial discoidin domain-containing receptor 1-like","gonad"
"LOC115136639",84.2295557802564,0.30459568915092,0.107638601080909,0.000380153155883646,0.0116984079630906,"vascular endothelial zinc finger 1-like, transcript variant X1","gonad"
"LOC115102702",198.385945618986,0.304248475839402,0.120067799637104,0.000904878856659926,0.0194656167316559,"protein RER1-like, transcript variant X2","gonad"
"LOC115133984",24.4519260798967,0.304145179531082,0.158296445213439,0.00413819616616786,0.0472796479595952,"transcription initiation factor TFIID subunit 4-like, transcript variant X2","gonad"
"LOC115130820",86.954337279447,0.304004570408003,0.140405260490561,0.00236514143377815,0.0340986734823224,"peptidyl-prolyl cis-trans isomerase D-like","gonad"
"slc39a10",122.447765682169,0.303425180906515,0.119222155432988,0.0008874081160064,0.0192494405665618,"solute carrier family 39 member 10, transcript variant X2","gonad"
"LOC115138595",117.695548697967,0.303316720506725,0.0907882598897619,7.16167485359428e-05,0.00500105264007145,"thioredoxin-related transmembrane protein 1-like, transcript variant X2","gonad"
"LOC115113685",203.535513664131,0.302156132111278,0.132739044600618,0.00184057710804887,0.0294427471134232,"toll-interacting protein","gonad"
"LOC115107198",47.5760691457714,0.302124077773822,0.152301851918756,0.00369440411503977,0.0444209278891801,"kelch-like protein 10","gonad"
"LOC115129300",83.8682940075113,0.301928950048947,0.141077110764123,0.00257871652761077,0.0360506581735276,"stress-70 protein, mitochondrial-like","gonad"
"LOC115109066",71.7531570509418,0.301838892270937,0.155817754748394,0.00410990871298015,0.0471380306966946,"cytochrome b reductase 1","gonad"
"LOC115103833",384.224962134711,0.301709176701475,0.111653998470103,0.000580236533026136,0.0148203224579194,"probable helicase with zinc finger domain, transcript variant X5","gonad"
"LOC115129370",222.940865748946,0.300866310655853,0.148248043672511,0.00338360489876888,0.0423090430730356,"V-type proton ATPase 116 kDa subunit a-like, transcript variant X2","gonad"
"LOC115102233",227.559678452017,0.300740370636685,0.107470438780494,0.000441905631419883,0.0127870306457385,"rho-related GTP-binding protein RhoA-C, transcript variant X1","gonad"
"LOC115131525",50.6918979702724,0.299958807245218,0.157217678193525,0.00447924398658401,0.0496480008795692,"frizzled-1-like","gonad"
"LOC115134396",277.983171101494,0.299924233545806,0.0979969099767696,0.0001959868199323,0.00835761048150494,"muscleblind-like protein 2a, transcript variant X2","gonad"
"LOC115140246",282.548476846785,0.298710860477584,0.123421276597949,0.00132801246622646,0.0241021932671025,"erlin-2, transcript variant X2","gonad"
"LOC115137949",132.260067763805,0.298358194917607,0.142553341702148,0.00301613939500351,0.039202491877248,"prefoldin subunit 2-like, transcript variant X1","gonad"
"LOC115130376",2894.42033822585,0.298003966112005,0.136115215477103,0.00240889829729923,0.0344377617998149,"myosin regulatory light polypeptide 9","gonad"
"LOC115105247",173.677457119164,0.297961503413086,0.135776127142331,0.00238024408343792,0.0341356331586879,"protein YIPF5, transcript variant X2","gonad"
"hif1a",121.984211421872,0.297850001107259,0.130843716273776,0.00194726365789499,0.030474223428397,"hypoxia inducible factor 1 subunit alpha, transcript variant X1","gonad"
"LOC115102419",1897.92854077549,0.297347655573297,0.134396099585309,0.00229647523186877,0.0334629248072306,"CD63 antigen-like","gonad"
"oip5",666.831128810346,0.297161995842072,0.102512015391007,0.00034195342597154,0.0110471644162621,"Opa interacting protein 5, transcript variant X2","gonad"
"pheta1",223.281122929798,0.296139719182423,0.129052926599591,0.00190207393768835,0.0301344279342667,"PH domain containing endocytic trafficking adaptor 1, transcript variant X2","gonad"
"LOC115118943",90.9517462847069,0.295434981391306,0.151807919478511,0.00435697148646004,0.0486801072665653,"cadherin-2-like","gonad"
"LOC115125845",55.2027311948211,0.295375651568261,0.146050835801026,0.0036817342572182,0.0443188133540538,"T-cell acute lymphocytic leukemia protein 1 homolog","gonad"
"LOC115103371",110.545319681664,0.295053345573983,0.150792429229363,0.0042776409371049,0.0481493173304876,"nuclear receptor-binding protein 2-like, transcript variant X2","gonad"
"LOC115127881",163.39756020528,0.294769544606315,0.109537036779896,0.000661159028325142,0.0161779020461877,"docking protein 3-like","gonad"
"LOC115104202",141.24565993039,0.293740754337275,0.143307447396785,0.00353307501001336,0.0436074166429657,"putative E3 ubiquitin-protein ligase UNKL, transcript variant X1","gonad"
"LOC115117262",59.7651174051231,0.293231202747011,0.132998146820594,0.00246957727091732,0.0352220305819126,"beta-adrenergic receptor kinase 2-like","gonad"
"LOC115143034",178.273642094167,0.293228662891307,0.138004889103239,0.00298967630751284,0.0390738907925679,"protein SYS1 homolog, transcript variant X2","gonad"
"LOC115108370",319.463193147868,0.293011011527457,0.116315657486108,0.00110052327488461,0.0216893951726441,"neurogenic locus notch homolog protein 2-like","gonad"
"LOC115110121",298.289934318495,0.292608337022838,0.123569307466005,0.0016541955758366,0.0274781105900177,"SUMO-conjugating enzyme UBC9-like, transcript variant X1","gonad"
"wdr81",126.73344304799,0.292303746771668,0.123391288009147,0.0016569899015691,0.0274993680556568,"WD repeat domain 81, transcript variant X1","gonad"
"LOC115122343",481.301995422675,0.292150533754106,0.140067318580186,0.00331958276918751,0.0417963555876341,"cell division control protein 42 homolog","gonad"
"LOC115129790",47.5161001120277,0.291743660192067,0.142126163250689,0.00359960112867129,0.043861985296749,"transcription factor Sp3-like","gonad"
"LOC115105867",71.2557963965577,0.290999406221398,0.136085654641815,0.00298073432348105,0.0390738907925679,"rapamycin-insensitive companion of mTOR-like, transcript variant X3","gonad"
"LOC115141144",210.637488772134,0.290658511329696,0.139846677564261,0.00344194186663917,0.0428320058469505,"probable Bax inhibitor 1, transcript variant X2","gonad"
"LOC115109226",82.089922385711,0.290574740676389,0.146394355081943,0.00425240217847626,0.0480140634032431,"vimentin-type intermediate filament-associated coiled-coil protein-like","gonad"
"ccpg1",177.527504857293,0.290191256843849,0.101760039638529,0.000437467638820579,0.0127376184825847,"cell cycle progression 1, transcript variant X6","gonad"
"LOC115139948",133.461153967799,0.28982140135324,0.134054598547166,0.00286260332762129,0.0381402586135447,"E3 ubiquitin-protein ligase RNF34-like, transcript variant X1","gonad"
"LOC115140031",66.2379830662101,0.289693374267334,0.147619444060328,0.00451650273729402,0.0498435875094597,"glutamine--fructose-6-phosphate aminotransferase [isomerizing] 1","gonad"
"LOC115143304",119.13548846892,0.289239019846665,0.113570367394891,0.00107522841328982,0.021549085306369,"calcium/calmodulin-dependent protein kinase type 1-like, transcript variant X2","gonad"
"glis2",151.474209132527,0.288891431699343,0.144175743978377,0.00416677380957757,0.0474527240457833,"GLIS family zinc finger 2","gonad"
"LOC115138841",67.2015266538134,0.288813329771789,0.136305102142,0.00321032328779126,0.0408455708571395,"putative Polycomb group protein ASXL2","gonad"
"LOC115141932",96.721120871744,0.287191603273771,0.12445530762708,0.00207685877181435,0.0313967092931402,"CUE domain-containing protein 1-like, transcript variant X2","gonad"
"LOC115106403",337.115799783163,0.28679331359314,0.0952830390718526,0.000280205752559218,0.0100266572962441,"anthrax toxin receptor 1-like","gonad"
"LOC115112254",231.283197781932,0.284819889298302,0.122610046688327,0.00206357106643675,0.0313262510720951,"ubiquitin carboxyl-terminal hydrolase 10-like, transcript variant X1","gonad"
"LOC115136212",88.9335347089286,0.283507962683739,0.11683845039387,0.00160977154567524,0.0269621883609592,"RNA-binding protein 27-like, transcript variant X2","gonad"
"LOC115111553",252.474459845156,0.283129114556843,0.110865885459922,0.00114952347543043,0.0221557836729457,"transmembrane protein 127","gonad"
"LOC115136594",333.236557029903,0.28180541745193,0.123876763732772,0.00242461672606061,0.0346079727031103,"integrin-linked protein kinase","gonad"
"LOC115140816",98.7341738999156,0.281768090634495,0.11840786307029,0.00186271063852993,0.0297182551433651,"multiple epidermal growth factor-like domains protein 8, transcript variant X2","gonad"
"LOC115103091",103.9750402076,0.281650494140852,0.12722118288205,0.00281955226325009,0.0378700734324699,"translation initiation factor eIF-2B subunit gamma-like","gonad"
"LOC115117203",181.889594818819,0.281649481310093,0.0953001848734157,0.000359377961053465,0.0112886959530912,"mitotic-spindle organizing protein 2-like, transcript variant X1","gonad"
"LOC115105880",115.574287783334,0.281395747413692,0.131090586562297,0.00331920881750958,0.0417963555876341,"BRCA1-A complex subunit Abraxas 1","gonad"
"LOC115143363",370.636523130317,0.280380857632097,0.130002681856226,0.00328546859636862,0.0415956665874524,"protein NDRG3-like, transcript variant X1","gonad"
"LOC115107921",72.578301487969,0.280159922285011,0.127050625077415,0.0029381178802555,0.0387396283470726,"phospholipase DDHD1-like","gonad"
"lg1h2orf69",52.2007269655882,0.279703703426388,0.117650068553787,0.00192780692274713,0.0303303834396854,"linkage group 1 C2orf69 homolog, transcript variant X3","gonad"
"LOC115133612",75.2047414468893,0.279649603555712,0.119405249238909,0.00211150724674973,0.0317122921188483,"PHD finger protein 23B-like, transcript variant X1","gonad"
"LOC115115496",99.1733244596015,0.279410064966458,0.117525350780528,0.00193556701273666,0.0304261079508631,"transmembrane protein 109-like","gonad"
"znf622",83.7800952073769,0.278404031454254,0.12685385155362,0.00308462093432475,0.0397758364230115,"zinc finger protein 622, transcript variant X2","gonad"
"LOC115103167",35.9029851275154,0.27797933943851,0.12516126936999,0.00291324613988565,0.0385235957143218,"protein phosphatase 1 regulatory subunit 7-like, transcript variant X1","gonad"
"LOC115143065",521.887422163617,0.276959289164532,0.110038230088204,0.00138707885249156,0.02466582139651,"carboxy-terminal domain RNA polymerase II polypeptide A small phosphatase 2-like","gonad"
"LOC115102549",53.8267617784338,0.276943461658485,0.122127932187771,0.00263801562955169,0.0365265727974365,"molybdate-anion transporter-like","gonad"
"LOC115102279",187.130252494245,0.276585236477369,0.12402564242197,0.00290478730939478,0.038467833411615,"UPF0688 protein C1orf174 homolog, transcript variant X2","gonad"
"LOC115142911",119.30745262163,0.276090221514457,0.125322331831837,0.00312032909509373,0.0400655551983888,"cytochrome b561 domain-containing protein 1, transcript variant X1","gonad"
"LOC115143449",306.99424327023,0.275957713460136,0.118278966625763,0.00227283898226418,0.0332519456583308,"guanine nucleotide-binding protein G(I)/G(S)/G(T) subunit beta-1-like","gonad"
"LOC115112145",81.6023849355684,0.275122243792828,0.105863176309416,0.0011372657198381,0.022078728948186,"NEDD8-activating enzyme E1 regulatory subunit-like, transcript variant X2","gonad"
"LOC115126112",94.3748887817376,0.27509427172711,0.10345797828907,0.00096059183708789,0.0202561038259788,"GTP-binding protein 1-like, transcript variant X2","gonad"
"gabpa",96.7641962888539,0.271286604662942,0.105575809084007,0.00130254305285572,0.0239092064159742,"GA binding protein transcription factor subunit alpha, transcript variant X2","gonad"
"LOC115103136",177.081570125599,0.270321888974074,0.0969520219064241,0.000706888263643946,0.0169355982463882,"la-related protein 4B-like, transcript variant X1","gonad"
"LOC115114670",167.11763485915,0.269593686383176,0.117489009858971,0.00273260554516315,0.0373031475774302,"TOX high mobility group box family member 4-A-like, transcript variant X6","gonad"
"LOC115144952",198.803639464549,0.26908311984131,0.0970850698958195,0.000755879237331064,0.0175728330653349,"long-chain-fatty-acid--CoA ligase ACSBG2-like, transcript variant X2","gonad"
"LOC115102098",532.633481562341,0.268903847862856,0.10229935196867,0.00114394549474474,0.0221422968044621,"transcription cofactor vestigial-like protein 4, transcript variant X1","gonad"
"LOC115116342",1116.20287622547,0.268468501122858,0.121696973757682,0.00343892055660664,0.0428237596884431,"high mobility group-T protein-like","gonad"
"LOC115104167",48.8552163388325,0.268309742675399,0.126858707869158,0.00425879679412399,0.0480563794867093,"sorting nexin-8-like, transcript variant X1","gonad"
"LOC115103860",494.089985876555,0.267365128975855,0.115339652611356,0.0026597912054035,0.0366246192201861,"actin-related protein 2-A","gonad"
"LOC115146143",153.21910907777,0.26704806572573,0.0794066181697567,0.000114034137581394,0.00648615570193903,"kinesin light chain 1-like, transcript variant X4","gonad"
"LOC115103923",209.954317739091,0.266832954880877,0.0844971548080391,0.000231751326034966,0.00905679553802459,"striatin-like, transcript variant X1","gonad"
"LOC115132953",49.4026765824281,0.26663265150302,0.120830777343034,0.0035217985493002,0.0435391818914071,"zinc finger protein 397-like, transcript variant X1","gonad"
"LOC115130589",132.704210614988,0.264630559103451,0.114699480718658,0.00283899619926401,0.0379564175212351,"solute carrier family 25 member 51-like, transcript variant X1","gonad"
"LOC115129470",359.922190845513,0.26449646136974,0.0855442133636077,0.000298222046571275,0.0103133704334249,"GTP-binding nuclear protein Ran-like","gonad"
"LOC115143209",237.009146528916,0.263122513996135,0.118701199658837,0.00360997886445055,0.0439044045778176,"RNA-binding motif, single-stranded-interacting protein 1-like, transcript variant X6","gonad"
"LOC115140086",184.151800373545,0.262952764425894,0.113649626698425,0.00285962043787808,0.0381402586135447,"MOB kinase activator 1A","gonad"
"LOC115101334",192.215152790343,0.262812817161496,0.106814076304609,0.00197013703676795,0.0307053620521425,"adenylosuccinate synthetase isozyme 2-like","gonad"
"LOC115138711",90.8230812643537,0.262005559924454,0.119108845373424,0.00381631070117896,0.0452573070480765,"F-box only protein 34-like, transcript variant X1","gonad"
"fam133b",945.221890972829,0.260201842963057,0.099035297320388,0.00130007263715187,0.0239092064159742,"family with sequence similarity 133 member B","gonad"
"LOC115132174",890.848516645078,0.260100423633601,0.0942175055422957,0.000888572538901847,0.0192516981101455,"serine/threonine-protein kinase pim-1-like, transcript variant X2","gonad"
"LOC115144704",279.551684947247,0.259778062557229,0.105196389273965,0.00200850595814372,0.0309693679058557,"apoptosis inhibitor 5-like, transcript variant X1","gonad"
"LOC115118184",502.879509204321,0.259006214040247,0.0861263793244404,0.00042439785331718,0.0125087133519914,"interleukin-6 receptor subunit beta-like","gonad"
"LOC115139983",213.10814456596,0.258078384948724,0.090920386661154,0.000725632582283486,0.0172216799528614,"GTPase-activating protein and VPS9 domain-containing protein 1-like, transcript variant X4","gonad"
"LOC115103911",113.573096822175,0.255946689855248,0.0975910138955737,0.00139962789576278,0.0247676842840828,"kinesin-like protein KIF16B, transcript variant X1","gonad"
"LOC115145826",259.37847780461,0.255269838922274,0.0977539582266639,0.001458306236955,0.0254342056082181,"succinate--CoA ligase [ADP/GDP-forming] subunit alpha, mitochondrial-like","gonad"
"LOC115141881",132.783766408627,0.253864992368455,0.11010937011238,0.00331311424894722,0.0417962392421115,"beta-secretase 2-like","gonad"
"LOC115143445",166.095120963143,0.253574732358332,0.0777812252146694,0.00019862141834026,0.00835761048150494,"hyaluronidase-1-like","gonad"
"LOC115105622",119.039324881338,0.253450554712013,0.108149309755478,0.00303330821190021,0.0393939512841632,"misshapen-like kinase 1, transcript variant X5","gonad"
"LOC115110639",166.327350221612,0.25289130055019,0.107512823444432,0.0029915551740975,0.0390738907925679,"growth factor receptor-bound protein 2","gonad"
"LOC115141103",108.235904856892,0.250964324792208,0.0995672371036239,0.00198595350669016,0.0308179246730483,"OTU domain-containing protein 7B-like, transcript variant X3","gonad"
"LOC115111809",145.989614168272,0.25073374310652,0.0920905070562446,0.0011341563657245,0.0220704640686967,"serine/threonine-protein kinase A-Raf-like","gonad"
"LOC115122674",174.731863230456,0.250195895569018,0.0804316894579481,0.000344496778479406,0.0110702363010125,"far upstream element-binding protein 3-like, transcript variant X2","gonad"
"LOC115110692",293.670221314493,0.247269151188249,0.11164545068546,0.00451903170641262,0.0498435875094597,"rho GDP-dissociation inhibitor 1-like, transcript variant X3","gonad"
"LOC115106619",124.400555527967,0.246329943796039,0.107928112482562,0.00389515449599768,0.0456850290887169,"carnitine O-palmitoyltransferase 1, liver isoform-like, transcript variant X2","gonad"
"LOC115117022",111.47867915945,0.24514808264079,0.098413280536459,0.00233142401441787,0.0337370995455248,"phosphatidylinositide phosphatase SAC1-A-like","gonad"
"LOC115138439",46.4874850803179,0.244146050884408,0.0997794513742142,0.00265489100438494,0.0366000008167145,"kelch-like protein 28, transcript variant X2","gonad"
"sarnp",193.2012908428,0.240661971573347,0.102625211725511,0.00361183043997003,0.0439044045778176,"SAP domain containing ribonucleoprotein, transcript variant X1","gonad"
"LOC115105605",124.899593358044,0.239417040934643,0.1026920597582,0.00380143429160498,0.0451787608716125,"arrestin red cell, transcript variant X4","gonad"
"LOC115112080",173.773692204188,0.236108845589872,0.101233460352337,0.00396999047854767,0.0462056726223946,"rho GTPase-activating protein 1-like","gonad"
"LOC115107644",103.849976633391,0.235155299457072,0.0923319335814111,0.00230555417206113,0.0335626147807015,"zinc finger protein 292-like","gonad"
"gak",92.8137796406752,0.230877156739182,0.0827480624321408,0.00122545214589829,0.0231522467855664,"cyclin G associated kinase","gonad"
"LOC115137070",392.880734482902,0.230075133677953,0.0986526577454634,0.00431333793331296,0.0484010899364834,"striatin-4-like","gonad"
"LOC115121826",238.745291264771,0.223479247520812,0.0817785057994737,0.00160044102376985,0.0268803027082011,"sin3 histone deacetylase corepressor complex component SDS3-like, transcript variant X1","gonad"
"LOC115101926",462.528393247428,0.222554549955493,0.0934542408362137,0.0042186385493833,0.0477516218844159,"para-nitrobenzyl esterase-like, transcript variant X2","gonad"
"LOC115113644",288.821058377548,0.220047343946878,0.0863815445130818,0.00281988310814079,0.0378700734324699,"AP-1 complex subunit gamma-1, transcript variant X3","gonad"
"LOC115140088",272.487546043463,0.216825350716525,0.0896849500559458,0.00414749567369498,0.047300208198245,"guanine nucleotide-binding protein G(i) subunit alpha-2-like","gonad"
"LOC115129232",506.014878347316,0.189071917714229,0.0725287325981172,0.00349652514744667,0.0433330447624859,"neutral alpha-glucosidase AB-like, transcript variant X3","gonad"
"LOC115114687",370.617553927611,-0.219032478057893,0.0885384057144694,0.00347941865805886,0.0431799898535315,"proteasome subunit beta type-5-like","gonad"
"LOC115123393",122.357899343145,-0.224366222677211,0.0884401193657311,0.0027400596071355,0.0373207218508268,"COP9 signalosome complex subunit 1-like","gonad"
"LOC115132968",94.5269681846425,-0.227454996206085,0.0899090021587422,0.00267997300551639,0.036833906047052,"protein SCAF11-like, transcript variant X1","gonad"
"LOC115141747",215.332345351357,-0.230719925782627,0.0829870082890073,0.00126466526224177,0.0236058227621431,"calpain-5-like","gonad"
"LOC115124347",249.672318543415,-0.231048828262696,0.0913419357696567,0.00255535399305765,0.0359094482182312,"caprin-1-like","gonad"
"LOC115130751",267.490739359254,-0.236717825777422,0.102756035080169,0.00422455118006379,0.0477887546574692,"polycomb group RING finger protein 3, transcript variant X1","gonad"
"LOC115134523",215.424240012565,-0.237583455148164,0.101758833276414,0.00386657580848832,0.0455262972625901,"apoptosis inhibitor 5-like, transcript variant X2","gonad"
"LOC115129874",112.984837297578,-0.23854621284596,0.100831492708312,0.00353097462680793,0.0436074166429657,"mitogen-activated protein kinase kinase kinase kinase 4-like","gonad"
"LOC115105089",105.909667709615,-0.240579866136147,0.0779753252047906,0.000428166724624653,0.0125586349794591,"ATP-dependent 6-phosphofructokinase, platelet type-like, transcript variant X3","gonad"
"LOC115118659",355.152792271341,-0.241726852781811,0.104377626751374,0.00382560828504397,0.0453083783582899,"ubiquitin-conjugating enzyme E2 D2","gonad"
"LOC115128846",228.300377171583,-0.245724649930192,0.0998589159548616,0.00250474226534169,0.0355004688286836,"M-phase phosphoprotein 8-like, transcript variant X4","gonad"
"LOC115104955",96.192461121901,-0.247192545853595,0.106506335476208,0.00350182393922217,0.0433691101231363,"cyclin-dependent kinase 8","gonad"
"LOC115124959",577.7124935654,-0.247228217760955,0.098073241644437,0.00209134361249816,0.031510734131549,"eukaryotic translation initiation factor 5A-1-like, transcript variant X1","gonad"
"cops7a",257.393356475037,-0.255149213652727,0.109482545994137,0.00305965403790804,0.0395689584324162,"COP9 signalosome subunit 7A, transcript variant X2","gonad"
"LOC115129392",152.698041603513,-0.255535968647247,0.0983213782041197,0.00150346842862663,0.025824802244446,"MAP7 domain-containing protein 1-like, transcript variant X12","gonad"
"LOC115112405",114.08456693124,-0.255609020319645,0.101777400045732,0.00190578676173912,0.0301406484722434,"AP-2 complex subunit alpha-2, transcript variant X2","gonad"
"LOC115108503",1152.23814545934,-0.256277589808274,0.114085386591671,0.00369855412143907,0.044441395518761,"proteasome subunit beta type-5-like","gonad"
"LOC115137103",59.3585199575914,-0.262773159903167,0.115730965680749,0.00318704963504196,0.0406384627373089,"CLK4-associating serine/arginine rich protein-like, transcript variant X2","gonad"
"LOC115102565",1376.72327818901,-0.26470190748999,0.122612750921046,0.00404552260664321,0.0466743070151236,"40S ribosomal protein S26-like","gonad"
"psmf1",114.693218597887,-0.265926508227977,0.121299342537222,0.00367881368764556,0.0443188133540538,"proteasome inhibitor subunit 1","gonad"
"LOC115134164",186.928458145979,-0.266975353256452,0.122149653512555,0.00368347044234783,0.0443188133540538,"ras association domain-containing protein 7-like, transcript variant X4","gonad"
"LOC115124648",757.364344575851,-0.26700585911533,0.114989687281175,0.00264714510974337,0.0365765347127097,"receptor-type tyrosine-protein phosphatase F-like","gonad"
"LOC115130833",151.99611160462,-0.267981278765889,0.100383575079336,0.00103240351165951,0.0210138095938228,"transmembrane protein 33-like","gonad"
"tmem43",67.5429360189035,-0.268372267076904,0.125583293728812,0.00404634056189715,0.0466743070151236,"transmembrane protein 43","gonad"
"LOC115108622",84.7417198122722,-0.270731793641791,0.103824596153666,0.00118183245410158,0.0225593657587237,"terminal uridylyltransferase 4-like, transcript variant X2","gonad"
"LOC115121012",229.312817697087,-0.271414279138984,0.111887091211643,0.0019104588394354,0.0301835359351168,"COP9 signalosome complex subunit 9-like","gonad"
"LOC115102713",100.334383507781,-0.271432495306526,0.106440608884677,0.00137118183420471,0.0245999776500205,"spindlin-1-like, transcript variant X1","gonad"
"LOC115107148",95.657111758286,-0.271595617507842,0.101140536596744,0.000936982794053949,0.0199435634335797,"uncharacterized LOC115107148","gonad"
"LOC115136211",143.413343148624,-0.272527703083178,0.120138421665914,0.00279795106435693,0.037751012470156,"transcription elongation regulator 1-like","gonad"
"LOC115134172",164.550856451664,-0.273377386922181,0.108629791487611,0.00146067429624464,0.0254510580831264,"ELKS/Rab6-interacting/CAST family member 1-like, transcript variant X2","gonad"
"LOC115111817",36.7343621339041,-0.273638800860396,0.133153402978546,0.00453707410054418,0.0498435875094597,"E3 SUMO-protein ligase RanBP2-like, transcript variant X2","gonad"
"LOC115146295",76.6083955742462,-0.275056762967558,0.117747545304737,0.00228483162259359,0.033346786929107,"low density lipoprotein receptor adapter protein 1-B-like, transcript variant X1","gonad"
"ik",283.179663306565,-0.275303461738134,0.125375105549019,0.00320847041063759,0.0408455708571395,"IK cytokine","gonad"
"LOC115106399",202.600257342782,-0.276523824290472,0.0951413273149338,0.00045131736108378,0.0128779668430222,"Golgi to ER traffic protein 4 homolog","gonad"
"LOC115130705",571.062283383795,-0.277153795709131,0.1123325859467,0.00158014078864202,0.0266604651787364,"GTP-binding nuclear protein Ran, transcript variant X1","gonad"
"LOC115123298",202.056484979334,-0.277458171189363,0.116646109122396,0.00198280639316642,0.0307954087889903,"coiled-coil domain-containing protein 106-like, transcript variant X1","gonad"
"LOC115109369",154.62248870433,-0.277469044588629,0.130169536109808,0.00362253026456442,0.0439349762748374,"UPF0183 protein C16orf70 homolog, transcript variant X3","gonad"
"LOC115128561",113.20219279029,-0.27769172021319,0.126009705545713,0.00304806898495601,0.0395008854324492,"DNA topoisomerase 2-beta-like, transcript variant X5","gonad"
"LOC115140123",166.996572313067,-0.278068350396742,0.0882569185935234,0.000201157980052879,0.0083959178984829,"ubiquitin carboxyl-terminal hydrolase 4-like","gonad"
"LOC115120267",997.908123145214,-0.281428951191539,0.138181415656981,0.00426457127209333,0.0480916496994574,"transitional endoplasmic reticulum ATPase-like","gonad"
"LOC115110233",232.851822496622,-0.2837165333251,0.10665899321028,0.000846358574666443,0.018785435552132,"glycylpeptide N-tetradecanoyltransferase 1-like, transcript variant X4","gonad"
"kdm1b",82.780002740552,-0.283872973347619,0.137847058212115,0.0039256874688795,0.0459837301193395,"lysine demethylase 1B","gonad"
"LOC115145223",59.7601587648989,-0.285114163433422,0.114169366611675,0.00130380864885123,0.0239092064159742,"transmembrane protein 11, mitochondrial-like, transcript variant X1","gonad"
"LOC115135886",516.151608422679,-0.285287903182847,0.121518243972085,0.00192575202241984,0.0303243310659623,"etoposide-induced protein 2.4 homolog, transcript variant X1","gonad"
"LOC115144942",230.608338799887,-0.288048103169226,0.146122841385482,0.00452335312354862,0.0498435875094597,"uncharacterized protein C1orf21 homolog","gonad"
"LOC115128505",63.7355372370121,-0.288203168150603,0.127623540658662,0.00231663853685332,0.0336487114200871,"septin-10-like, transcript variant X2","gonad"
"LOC115112465",137.216365968254,-0.288415589115166,0.145449226222708,0.00438896914409999,0.0488871925032389,"tyrosine-protein kinase CSK, transcript variant X1","gonad"
"LOC115143007",1052.92201290147,-0.288755231771684,0.143679839004144,0.00411910101463916,0.0472136351147655,"60S acidic ribosomal protein P0-like","gonad"
"LOC115114694",73.1096541663482,-0.291344651970837,0.132622144512761,0.00258108559058105,0.0360506581735276,"protein lifeguard 3-like, transcript variant X2","gonad"
"LOC115136995",46.8555350188691,-0.291626244895759,0.147508163773308,0.00426966247299345,0.0481191755801795,"phosphatidylinositol transfer protein alpha isoform-like","gonad"
"ube4b",129.796716856005,-0.292725745228657,0.127095331869386,0.00194869868915889,0.030474223428397,"ubiquitination factor E4B, transcript variant X1","gonad"
"LOC115116589",169.546902611412,-0.294823953235352,0.144494953548708,0.00355979325681465,0.0436838968150013,"small integral membrane protein 13","gonad"
"LOC115110511",59.2235851155052,-0.295038478662086,0.149664780196035,0.00414308878077308,0.0472796479595952,"ADP-ribosylation factor-binding protein GGA1-like","gonad"
"LOC115146853",36.5369018217939,-0.295970589921287,0.153797433890688,0.00453687369047021,0.0498435875094597,"serine/threonine-protein kinase TAO1-like, transcript variant X1","gonad"
"mpnd",130.182036275315,-0.296854386431597,0.154191212411902,0.00448024626942503,0.0496480008795692,"MPN domain containing, transcript variant X1","gonad"
"LOC115137299",95.990575805965,-0.298161682664226,0.117597083382468,0.000979698794490159,0.0204688277477138,"E3 ubiquitin-protein ligase ZFP91-like","gonad"
"fam151a",243.446571212248,-0.299381918196976,0.146379219355405,0.00332466159461785,0.0418312930782271,"family with sequence similarity 151 member A, transcript variant X4","gonad"
"LOC115128218",205.93661492046,-0.299574452165279,0.148117392173533,0.0034927650842903,0.0433160128896002,"ceramide synthase 2-like, transcript variant X2","gonad"
"LOC115118108",145.604895930026,-0.29966183265233,0.152537750368078,0.00397314313784197,0.0462116507435354,"collagen alpha-5(IV) chain-like","gonad"
"CYTB",17596.2115921336,-0.299668569915739,0.118240539186246,0.00096234800307389,0.0202695943663684,NA,"gonad"
"LOC115114255",47.272737985728,-0.300673312304153,0.154881947603156,0.00413015378177498,0.047250833057282,"serine/threonine-protein kinase PRP4 homolog, transcript variant X1","gonad"
"LOC115138387",120.107097289402,-0.302240713677491,0.122878584691338,0.0011394453086831,0.022078728948186,"probable palmitoyltransferase ZDHHC14, transcript variant X2","gonad"
"kif1bp",56.5631497552327,-0.303487233254557,0.140064066351724,0.00237160900815977,0.0340998393336293,"KIF1 binding protein","gonad"
"LOC115139238",32.2730007385077,-0.303684238199976,0.159386456652427,0.00430838820847613,0.0483754460810715,"protein EFR3 homolog B, transcript variant X2","gonad"
"LOC115110903",64.7793775061908,-0.304611979523253,0.137250832250147,0.00205551907145471,0.0313213834236536,"ubiquitin carboxyl-terminal hydrolase 43-like","gonad"
"LOC115134645",60.583501507951,-0.307006491104408,0.161437860434563,0.00417572508066588,0.0474730523259672,"ankyrin repeat domain-containing protein 26-like, transcript variant X10","gonad"
"LOC115135500",87.5561129732274,-0.307462202455859,0.129040092541161,0.00130502443039383,0.0239092064159742,"protein ZNRD2-like","gonad"
"LOC115135520",46.6390655921648,-0.309152501322975,0.165470956054118,0.00437712821449616,0.0487852301181045,"dnaJ homolog subfamily C member 18-like, transcript variant X2","gonad"
"LOC115103776",165.758750827144,-0.309612488739518,0.115630056879389,0.00055844613378533,0.0144384723578429,"pre-mRNA-splicing factor CWC25 homolog","gonad"
"LOC115104105",20.5319493444297,-0.310778499098731,0.15776610700926,0.00343587210333483,0.0428151639726473,"serine/threonine-protein kinase tousled-like 2, transcript variant X2","gonad"
"LOC115112875",46.3232201734952,-0.311040100281509,0.151234346345622,0.00280666952409331,0.0378025904150135,"eukaryotic translation initiation factor 2-alpha kinase 1-like, transcript variant X1","gonad"
"LOC115110004",222.208846421935,-0.31283239145093,0.169095679775351,0.00436481514755164,0.0487077958321743,"mitogen-activated protein kinase 1-like","gonad"
"LOC115122570",1126.67379777541,-0.313004476271793,0.166644669544293,0.00409945291057679,0.047077588263398,"neuroblast differentiation-associated protein AHNAK-like","gonad"
"fyco1",49.7893389701787,-0.313359579199083,0.153586060952,0.00283624134031094,0.0379475296792082,"FYVE and coiled-coil domain containing 1, transcript variant X3","gonad"
"LOC115136930",16.5367839430728,-0.314018970320701,0.171844505930049,0.00451996145231154,0.0498435875094597,"serine/threonine-protein kinase PAK 4-like, transcript variant X1","gonad"
"ND6",1676.50089879746,-0.315276143769383,0.152438580867935,0.00259656171510982,0.0361676380803762,NA,"gonad"
"rpap1",56.1022240331158,-0.317397085998617,0.173860173028994,0.00436990528838063,0.0487346439900729,"RNA polymerase II associated protein 1","gonad"
"LOC115120012",122.204014886104,-0.318727690643861,0.157449040175249,0.00276379612489145,0.037491005888381,"glypican-4-like","gonad"
"psmb7",979.611840972642,-0.318981506124092,0.13791830971223,0.00135188921202307,0.0243985094766311,"proteasome subunit beta 7, transcript variant X1","gonad"
"LOC115136668",88.5958021606068,-0.319064564520646,0.176790333750403,0.00448424758741367,0.0496480008795692,"CXADR-like membrane protein","gonad"
"LOC115144835",87.460581404393,-0.320418762937375,0.150898827744088,0.00214020678669646,0.0319178989447368,"protein MON2 homolog, transcript variant X2","gonad"
"LOC115146992",106.542271042187,-0.320486869045092,0.134515665994694,0.00110371483183042,0.0216893951726441,"E3 ubiquitin-protein ligase MARCH5","gonad"
"LOC115105361",70.7376983854961,-0.320516304988911,0.163676342823075,0.0031524526946526,0.0403353989599103,"heterogeneous nuclear ribonucleoprotein L-like, transcript variant X1","gonad"
"LOC115117308",209.70303378073,-0.322639589427171,0.146227383968325,0.00169734693138963,0.0279646378278676,"ubiquitin-conjugating enzyme E2 H-like","gonad"
"LOC115141513",48.1191824733247,-0.324052334792101,0.144187753079949,0.00150381594430663,0.025824802244446,"CLK4-associating serine/arginine rich protein-like, transcript variant X6","gonad"
"LOC115132283",147.488493748639,-0.324286067354131,0.413627881507526,0.00275031945171356,0.0374115052447483,"complement receptor type 2-like, transcript variant X1","gonad"
"LOC115118242",54.6601795429693,-0.324286299059375,0.165506049135225,0.00301398706898926,0.039202491877248,"enoyl-CoA hydratase domain-containing protein 3, mitochondrial-like, transcript variant X2","gonad"
"LOC115145599",1789.76850953939,-0.324484086321216,0.140382812966259,0.00126755943760119,0.0236281408101511,"40S ribosomal protein S3a","gonad"
"ttf2",17.4967757154784,-0.324628593739652,0.178592632771078,0.00410846721860681,0.0471380306966946,"transcription termination factor 2, transcript variant X2","gonad"
"LOC115103904",156.148208829381,-0.324697117352307,0.133511961400555,0.000915715328495234,0.019628958092278,"sprouty-related, EVH1 domain-containing protein 2-like, transcript variant X4","gonad"
"LOC115140801",175.097155302637,-0.326166277620959,0.39631653124313,0.00417132339596113,0.0474527240457833,"CD209 antigen-like protein E, transcript variant X2","gonad"
"LOC115122811",981.462529441218,-0.328997531380729,0.123197651823941,0.000439412588784719,0.0127647599391606,"heterogeneous nuclear ribonucleoprotein A1-like, transcript variant X5","gonad"
"LOC115114723",3648.85191528516,-0.330537456824772,0.129829821975756,0.000618800207648466,0.0155462162527157,"elongation factor 2-like","gonad"
"LOC115145261",94.9047432769596,-0.331155384985944,0.116529355076254,0.000253486963156268,0.00946977222852923,"SAGA-associated factor 29-like","gonad"
"LOC115102160",119.898403430149,-0.331571800434642,0.137973006773814,0.000909629056400668,0.0195215427281448,"guanine nucleotide-binding protein G(s) subunit alpha-like","gonad"
"bri3",39.7033421493672,-0.332948634798493,0.160196197280072,0.00206728520373869,0.0313564161729988,"brain protein I3","gonad"
"LOC115102783",52.4737622722288,-0.333248025013106,0.141723950207208,0.00102531666794753,0.020992161884297,"chromodomain-helicase-DNA-binding protein 8-like","gonad"
"LOC115122733",38.758041055271,-0.333779009461465,0.135530970231623,0.00075133195172568,0.0175497902621226,"FAS-associated factor 2-like","gonad"
"LOC115113849",189.021889887049,-0.334261162706821,0.147083871130517,0.00124815047243788,0.0234105578280807,"dystonin-like","gonad"
"LOC115120833",212.254005257947,-0.335687623162413,0.109311429594712,0.000113554203556656,0.00648615570193903,"cell division cycle and apoptosis regulator protein 1-like, transcript variant X1","gonad"
"LOC115109479",837.616423077651,-0.336881420352139,0.143106252136677,0.000974925518246984,0.020425509612949,"MOB kinase activator 2-like, transcript variant X1","gonad"
"LOC115112385",415.651442298943,-0.338032214784769,0.198297405213675,0.00453797368104962,0.0498435875094597,"dysbindin domain-containing protein 1-like, transcript variant X1","gonad"
"LOC115101604",324.778521115404,-0.338063339391548,0.178147324962745,0.00299082658803833,0.0390738907925679,"E3 ubiquitin-protein ligase rnf213-alpha-like","gonad"
"LOC115117370",117.7866747379,-0.338299527186287,0.137685964924429,0.000722574539567164,0.0172210466660297,"macoilin-1-like","gonad"
"LOC115105403",51.5756268958531,-0.339128077847553,0.170085769585929,0.00236707339698835,0.0340986734823224,"akirin-1-like","gonad"
"LOC115115946",231.208980694395,-0.339846881467638,0.175612515620929,0.00269445504767578,0.0369769658696912,"rab GTPase-activating protein 1-like","gonad"
"LOC115133453",36.7718816445137,-0.340011434426217,0.160490046381052,0.00173232344362408,0.0284119823328264,"tetratricopeptide repeat protein 5-like","gonad"
"LOC115126510",2007.65712856135,-0.340615167684936,0.183068100493912,0.00316697054878616,0.0404926178054659,"40S ribosomal protein S9-like","gonad"
"LOC115133082",26.9618074758227,-0.341580711186143,0.20100874547481,0.0044316785891084,0.0492420786192485,"DNA/RNA-binding protein KIN17-like","gonad"
"LOC115102256",21.9742464471896,-0.342020667082081,0.182767651331389,0.00304793940954723,0.0395008854324492,"ephrin type-A receptor 2-like","gonad"
"LOC115146820",155.591834839003,-0.342876586156705,0.144822688566529,0.000876324085453051,0.0190897328682127,"A disintegrin and metalloproteinase with thrombospondin motifs 2-like","gonad"
"gpbp1",53.173324471242,-0.34305729884224,0.145014295457956,0.000878994088886639,0.0190897328682127,"GC-rich promoter binding protein 1, transcript variant X1","gonad"
"LOC115108614",23.1925982935191,-0.343647496248774,0.168104928728472,0.00200001366681327,0.030930364680291,"cordon-bleu protein-like 1, transcript variant X1","gonad"
"LOC115135426",176.912840426012,-0.345428671692802,0.18879302284863,0.00323301106519978,0.0410766612314676,"G protein pathway suppressor 2-like, transcript variant X2","gonad"
"LOC115140604",25.6455248130505,-0.346119506587703,0.196649883577414,0.0037356085983143,0.0447091033032264,"uncharacterized LOC115140604","gonad"
"LOC115110075",23.1194019142438,-0.346464337123863,0.182957491293318,0.00277095750488083,0.0375164089922568,"uncharacterized LOC115110075","gonad"
"LOC115108346",68.9360317801243,-0.347218368363628,0.163975994695183,0.00160736672735249,0.0269467685150617,"chromatin assembly factor 1 subunit A-like, transcript variant X2","gonad"
"LOC115119807",20.277264109508,-0.347954013600798,0.198310048945575,0.00371351229570932,0.044503319630956,"hyccin-like, transcript variant X1","gonad"
"LOC115102877",77.0981885208614,-0.34804594473421,0.200858823778665,0.00388558942761982,0.0456317992547642,"serine/threonine-protein kinase OSR1-like, transcript variant X2","gonad"
"LOC115111472",37.9218220982727,-0.348834914707352,0.166904535717233,0.00169252271336718,0.0279646378278676,"SWI/SNF-related matrix-associated actin-dependent regulator of chromatin subfamily B member 1","gonad"
"LOC115109073",44.5526380312842,-0.350870920514117,0.162566204938769,0.0013945280085813,0.0247256352771505,"SUN domain-containing protein 2-like","gonad"
"dkk3",459.492998620849,-0.351048958321446,0.199909667281427,0.00359475628563171,0.043861985296749,"dickkopf WNT signaling pathway inhibitor 3, transcript variant X1","gonad"
"LOC115106750",404.860842448077,-0.351704980204764,0.120979792621314,0.00015763784174538,0.00749762792646944,"eukaryotic translation initiation factor 3 subunit L-like","gonad"
"LOC115136068",476.417257803798,-0.35187125439766,0.144067976032891,0.000642450337460073,0.0158698344584015,"histone H3.3","gonad"
"LOC115144880",369.81205118906,-0.352469574148009,0.194092582076446,0.00311266453978266,0.0400237516885935,"elongation factor 2-like, transcript variant X1","gonad"
"LOC115137090",258.013359006187,-0.352687907645885,0.191263509401341,0.00291810354316322,0.0385317003124883,"protein phosphatase 1 regulatory subunit 37-like","gonad"
"LOC115134994",14.1464761435797,-0.353238498230315,0.201955017184064,0.00357417781274841,0.0437567522040874,"mitogen-activated protein kinase kinase kinase kinase 3-like, transcript variant X3","gonad"
"LOC115119639",57.7233389337833,-0.353555320501917,0.202565958005789,0.00359194230439568,0.043861985296749,"protein FAM214B-like, transcript variant X1","gonad"
"LOC115119204",64.6433834614275,-0.354871239950731,0.173272338248442,0.00176538081011348,0.028754066215286,"cyclin-Y-like protein 1","gonad"
"LOC115121458",164.038978808875,-0.355161022791276,0.182457802978309,0.00224924373753483,0.0330934111010392,"ankyrin repeat domain-containing protein 12-like","gonad"
"LOC115107050",101.637067700651,-0.355288719367336,0.187164689475321,0.00251486285870122,0.0355440348415262,"protein mono-ADP-ribosyltransferase PARP12-like, transcript variant X1","gonad"
"nkrf",53.5939699453273,-0.357635610771336,0.188897023251806,0.00248758199059371,0.0354509722301565,"NFKB repressing factor, transcript variant X1","gonad"
"sppl2b",32.6095252377434,-0.358878251449769,0.143428222338907,0.000500666852820895,0.0135920554227591,"signal peptide peptidase like 2B, transcript variant X1","gonad"
"LOC115115300",49.0118015336005,-0.359979355767628,0.210688522188872,0.00366014963733166,0.0442045270150343,"receptor-type tyrosine-protein phosphatase S-like","gonad"
"LOC115117173",65.3751314752698,-0.360146047699357,0.219368184354326,0.0041905290088751,0.0475520279282102,"chloride channel protein 2-like, transcript variant X1","gonad"
"LOC115133232",83.2644632701776,-0.360154206062763,0.172564567551914,0.00151973352178604,0.0259907839918303,"phosphate carrier protein, mitochondrial-like, transcript variant X3","gonad"
"LOC115131726",57.9404257060377,-0.360627699919863,0.197171283763146,0.00280076083924323,0.037751012470156,"zinc finger and BTB domain-containing protein 12-like, transcript variant X2","gonad"
"LOC115134860",63.0811729868987,-0.361733833147347,0.207838690630295,0.00336754285983883,0.0421662814918854,"round spermatid basic protein 1-like","gonad"
"LOC115134088",25.4457165381632,-0.362141318807069,0.211480074564346,0.00356092571525677,0.0436838968150013,"adhesion G protein-coupled receptor G3-like, transcript variant X1","gonad"
"LOC115108233",52.1505573715017,-0.362392627359529,0.214215094289698,0.00370986042502986,0.044503319630956,"formin-like protein 2, transcript variant X7","gonad"
"LOC115132969",39.4987039695799,-0.362668849676489,0.175121815633246,0.00154393778176853,0.0262299325443514,"AT-rich interactive domain-containing protein 2-like, transcript variant X2","gonad"
"LOC115141125",80.972762233171,-0.362734647494246,0.194980848315338,0.00255828336127416,0.0359228095184019,"nuclear receptor subfamily 1 group D member 2-like","gonad"
"LOC115132911",67.5111376813133,-0.363446982402054,0.216123029048273,0.00375244780408305,0.0448220015335077,"palmitoyltransferase ZDHHC17-like","gonad"
"LOC115128542",103.874974507454,-0.364486594200729,0.220684281449948,0.00395310639498355,0.046126349426299,"cAMP-dependent protein kinase inhibitor alpha-like","gonad"
"LOC115109041",36.8285299653325,-0.365070359121765,0.180259894873228,0.00169040352408284,0.0279646378278676,"ankyrin repeat and SOCS box protein 3-like, transcript variant X1","gonad"
"LOC115130204",44.0675270445173,-0.365174806111547,0.205140188252646,0.0029957510455637,0.0390738907925679,"serine/threonine-protein phosphatase 4 regulatory subunit 1-like, transcript variant X1","gonad"
"LOC115105150",323.496841594778,-0.365746066380848,0.186584691593912,0.00196809774120572,0.0307053620521425,"sickle tail protein-like, transcript variant X4","gonad"
"LOC115141668",91.5425805672284,-0.365943529272338,0.141870554542058,0.000369050321697247,0.0114913259541396,"SUMO-activating enzyme subunit 1-like","gonad"
"stk25",41.4539812365986,-0.367966298888851,0.198919025907833,0.00249876110746261,0.0355004688286836,"serine/threonine kinase 25, transcript variant X1","gonad"
"ddo",38.338100820817,-0.370688603185722,0.208971549066852,0.0028923944654817,0.0383626498917444,"D-aspartate oxidase, transcript variant X4","gonad"
"LOC115109252",175.695415504865,-0.370793063418142,0.151478009288645,0.000515269555250017,0.0137607901637429,"transcriptional repressor p66-alpha-like, transcript variant X1","gonad"
"LOC115133047",35.9722819486497,-0.371082116426696,0.443276571978021,0.00156621645177667,0.0264769328663476,"probable polypeptide N-acetylgalactosaminyltransferase 8","gonad"
"LOC115128571",45.2502877495529,-0.37212164627135,0.197984256958713,0.00224797489774227,0.0330934111010392,"asparagine synthetase [glutamine-hydrolyzing]-like","gonad"
"six3",16.6619728431728,-0.374026092678719,0.234968400745835,0.00409573668669006,0.0470646805592055,"SIX homeobox 3","gonad"
"LOC115112532",150.330530277989,-0.376166684689052,0.20961323912417,0.00263446279650441,0.0365265727974365,"protein MRVI1-like","gonad"
"LOC115103345",134.192720150622,-0.376696159561519,0.224283736159076,0.00336040145019511,0.0421058997444737,"gastrula zinc finger protein xFG20-1-like","gonad"
"LOC115101943",54.7946561740521,-0.377420540677013,0.18920169897527,0.00162643071949046,0.0271660314103669,"SRSF protein kinase 1-like, transcript variant X1","gonad"
"LOC115130555",243.513847546747,-0.378684738337622,0.249586023431618,0.00451783140238292,0.0498435875094597,"serine/threonine-protein phosphatase 2A 55 kDa regulatory subunit B gamma isoform, transcript variant X2","gonad"
"LOC115142626",148.662996283924,-0.378693811249965,0.237505340260227,0.0039176374357476,0.0459190608672907,"nidogen-1-like","gonad"
"mvb12b",53.1359736049774,-0.379651586105618,0.197375755921993,0.00189666352545558,0.0301012438532968,"multivesicular body subunit 12B, transcript variant X2","gonad"
"LOC115104864",52.4888741648114,-0.381754937415445,0.179395269014949,0.00111554108674394,0.0217701596167883,"thioredoxin domain-containing protein 5-like","gonad"
"LOC115104856",20.2424462815314,-0.383463668888497,0.249286807312334,0.0041814972095084,0.0475089257420742,"diacylglycerol kinase beta-like","gonad"
"LOC115108213",279.857947011176,-0.383770871744864,0.207384862812171,0.00217447441353533,0.0322810772298834,"cystathionine gamma-lyase-like, transcript variant X2","gonad"
"LOC115127885",12.6927215199479,-0.383875383691193,0.214694873144212,0.00250471309024143,0.0355004688286836,"kelch-like protein 8","gonad"
"LOC115144073",30.7440149971406,-0.384609606759421,0.229734518986654,0.00318135226267957,0.0406384627373089,"metastasis-associated protein MTA3-like","gonad"
"LOC115117122",192.40125039428,-0.384889247687921,0.23757638925058,0.00354045756627053,0.0436098257981119,"gamma-adducin-like","gonad"
"LOC115146279",35.7953522580772,-0.384892870976075,0.205738994004556,0.00205485024109646,0.0313213834236536,"uncharacterized protein C14orf28 homolog","gonad"
"LOC115120938",28.6308336552087,-0.385080656652611,0.238123016643188,0.00355524730564736,0.0436732544528644,"BTB/POZ domain-containing protein KCTD9-like, transcript variant X2","gonad"
"kctd3",23.9687828899906,-0.385614047174836,0.216766821619463,0.00251931046628806,0.0355440348415262,"potassium channel tetramerization domain containing 3, transcript variant X2","gonad"
"LOC115128576",121.60906616583,-0.386631080861418,0.180135611626454,0.00101792291484887,0.020930247386179,"mannosyl-oligosaccharide 1,2-alpha-mannosidase IB-like, transcript variant X1","gonad"
"LOC115101288",42.8272458887801,-0.389701079479815,0.215264926529551,0.00227024267089623,0.0332519456583308,"lysine-specific demethylase 6B-like","gonad"
"LOC115143188",31.8141526127865,-0.389818863108527,0.180397527204729,0.000952418529774804,0.0201774922130587,"AMP deaminase 2-like, transcript variant X1","gonad"
"LOC115103754",104.730482225521,-0.390810655675701,0.164976187981552,0.00053188027341744,0.0140769945250248,"junction plakoglobin-like","gonad"
"LOC115105085",21.9989539821998,-0.391271076476235,0.218287593945745,0.00233387293617422,0.0337370995455248,"sorting nexin-16-like","gonad"
"LOC115104573",23.4716744042605,-0.391490147879357,0.258747035822464,0.00409237276598496,0.0470646805592055,"claudin-11-like, transcript variant X2","gonad"
"LOC115136720",34.8703111399708,-0.393048270921434,0.243104740573074,0.00333529169891888,0.041906959228769,"dixin-A-like, transcript variant X3","gonad"
"fbxl8",65.4206565444766,-0.393138514286974,0.238801238301196,0.00314278643219587,0.0402684759794976,"F-box and leucine rich repeat protein 8, transcript variant X2","gonad"
"LOC115146927",99.8143316780301,-0.394168160480042,0.261946313423996,0.00406089807923707,0.0467966083405286,"protein mono-ADP-ribosyltransferase PARP14-like","gonad"
"LOC115144075",137.479363382194,-0.395218679073362,0.16337315344853,0.000442184808386884,0.0127870306457385,"protein phosphatase 1B-like, transcript variant X2","gonad"
"LOC115132494",1272.72134355451,-0.396141536910987,0.171126251653489,0.000591106967583417,0.0150118242428467,"40S ribosomal protein S26","gonad"
"ranbp9",227.796405435447,-0.39708442688899,0.122825885495104,3.03548918940155e-05,0.00345067711429853,"RAN binding protein 9","gonad"
"LOC115117947",13.5350375306912,-0.398443798229587,0.270539449158703,0.00413389427230296,0.0472638440855999,"plexin-B2-like","gonad"
"mthfd1",15.7830268979535,-0.399297378113261,0.219432463764511,0.00205807503989969,0.0313213834236536,"methylenetetrahydrofolate dehydrogenase, cyclohydrolase and formyltetrahydrofolate synthetase 1","gonad"
"LOC115141928",48.3099220655962,-0.399870448953551,0.23928187038436,0.00283284590503401,0.0379475296792082,"kinase suppressor of Ras 1-like","gonad"
"LOC115110918",13.1913229404919,-0.400121440190082,0.254435861649204,0.00343086211014048,0.0427820964778232,"TBC1 domain family member 17-like","gonad"
"LOC115144825",157.606580475019,-0.400150494321008,0.276470260129504,0.00424000310078341,0.0479336838716211,"solute carrier family 41 member 2-like","gonad"
"LOC115106603",127.011028194223,-0.401226337685139,0.205308565994031,0.00147182589819847,0.0255962365974055,"heparan sulfate glucosamine 3-O-sulfotransferase 2-like, transcript variant X3","gonad"
"LOC115118153",167.980470766045,-0.40223711409496,0.15365554900792,0.00022845150239336,0.00901931889388721,"protein Tob1-like","gonad"
"LOC115131585",38.1815023357846,-0.402422558683053,0.213774601286288,0.00173462722366422,0.0284240901379491,"collagen alpha-1(XIV) chain-like, transcript variant X3","gonad"
"LOC115122161",16.5395134662983,-0.403740158959086,0.247173840068505,0.00296669899542582,0.0389186321972191,"CREB-binding protein-like","gonad"
"ski",363.32758779153,-0.404645729293726,0.174453660190815,0.000542646666813055,0.014258021537855,"SKI proto-oncogene","gonad"
"LOC115128772",35.6095363512352,-0.40728423138663,0.232690987984274,0.00226071125712161,0.0332083119614078,"protein capicua homolog","gonad"
"LOC115129807",41.3322880373338,-0.408423838540137,0.19585723916995,0.000997230844289456,0.0207159304449878,"inositol-3-phosphate synthase 1-A-like, transcript variant X1","gonad"
"LOC115107659",107.113245259047,-0.409443515485213,0.164640544564127,0.000319835777279111,0.0106729870011963,"transcription regulator protein BACH2-like","gonad"
"LOC115130421",32.4967138380567,-0.409503131739146,0.25013496727717,0.00281725844969189,0.0378700734324699,"leucine-rich repeat-containing protein 14-like","gonad"
"LOC115129753",57.8678812455561,-0.410482665132031,0.361913795609585,0.00442965491418919,0.0492420786192485,"sodium-driven chloride bicarbonate exchanger-like, transcript variant X3","gonad"
"LOC115110792",53.2084837726799,-0.410890121548843,0.171929207458844,0.000420990140206104,0.0124486921589284,"STE20-related kinase adapter protein alpha-like, transcript variant X1","gonad"
"LOC115130252",49.8160849578428,-0.411894580969476,0.229919004263615,0.00199252907423614,0.0308657005969608,"TGF-beta receptor type-1-like, transcript variant X2","gonad"
"LOC115134531",363.94402327427,-0.413879608462243,0.281462876906407,0.00366179822816764,0.0442045270150343,"protein disulfide-isomerase A3-like","gonad"
"LOC115125272",12.8608302573205,-0.414091564322025,0.331201977885194,0.00452863875520582,0.0498435875094597,"uncharacterized protein KIAA1522 homolog","gonad"
"LOC115121109",289.987261933766,-0.41489934316194,0.169808823901894,0.000348260845632734,0.0111517176601551,"torsin-1A-interacting protein 2-like, transcript variant X1","gonad"
"LOC115126437",55.1911737008112,-0.414927651285835,0.434780454929772,0.00181291720948603,0.0292061445034857,"uncharacterized LOC115126437, transcript variant X1","gonad"
"LOC115145610",778.245791068724,-0.415465271716662,0.214067167554083,0.00136410283016294,0.0244971819826295,"40S ribosomal protein S3a","gonad"
"LOC115140861",78.8392790818436,-0.41612658438979,0.342395746963748,0.00443144758438406,0.0492420786192485,"trypsin-3","gonad"
"LOC115117991",102.486098105862,-0.417139039444079,0.149216543847722,0.000113675022731145,0.00648615570193903,"TNF receptor-associated factor 6-like","gonad"
"LOC115126382",14.7494436286652,-0.417937900387763,0.206627366697797,0.00109088605205123,0.0215753019183465,"uncharacterized LOC115126382","gonad"
"ccdc80",27.4504426740634,-0.418626702988081,0.26288361260242,0.00286574845735899,0.0381455491142301,"coiled-coil domain containing 80, transcript variant X3","gonad"
"LOC115133950",235.958965203185,-0.419006476642695,0.299184662008125,0.00386557834989109,0.0455262972625901,"proton myo-inositol cotransporter-like, transcript variant X2","gonad"
"LOC115109663",80.8612990376616,-0.419346653199541,0.299732484629644,0.00386115975604265,0.045521569175786,"caveolin-1-like","gonad"
"LOC115140096",126.43035921092,-0.419567228577796,0.232160155720283,0.00181684008811278,0.0292433941841983,"ankyrin-1-like, transcript variant X2","gonad"
"LOC115130104",268.596734022632,-0.420813991718197,0.285598978302167,0.00344917585922349,0.0428926280137409,"lipase member H-like","gonad"
"LOC115114512",13.4941175825494,-0.421648016785223,0.266104236759344,0.0028427128194909,0.0379781412440594,"Golgi-associated plant pathogenesis-related protein 1-like","gonad"
"LOC115130756",13.0453316756404,-0.422206452272898,0.299000226236966,0.00371110978870538,0.044503319630956,"protein transport protein Sec24B-like, transcript variant X1","gonad"
"LOC115117577",47.2515022093744,-0.422613735395808,0.186436316005717,0.000546678396359986,0.0143431979253062,"cytohesin-2, transcript variant X2","gonad"
"LOC115117837",42.3926327156188,-0.423958448370172,0.191095462193195,0.00061926365656965,0.0155462162527157,"uncharacterized LOC115117837","gonad"
"LOC115112305",36.5670884283954,-0.426705453203468,0.305464876662867,0.00363914451538115,0.0440482052141735,"rho family-interacting cell polarization regulator 1-like, transcript variant X2","gonad"
"tc2n",43.5286704210855,-0.431004726033468,0.24362708612212,0.00182371991544968,0.0292713938148245,"tandem C2 domains, nuclear","gonad"
"LOC115112071",58.2666210571598,-0.431964878488091,0.219173442893423,0.00112490944656682,0.0219140084891279,"lysosomal acid phosphatase-like","gonad"
"LOC115145152",79.8177607409702,-0.432499668308673,0.302345453714176,0.00333292071338155,0.0419061693020466,"nucleoprotein TPR-like, transcript variant X10","gonad"
"znf276",13.9483641151196,-0.434414308191074,0.257700160551992,0.00212641611104126,0.0318016564349795,"zinc finger protein 276","gonad"
"LOC115125018",15.4805427313337,-0.435797248127954,0.334658190694317,0.00361517321237262,0.0439044045778176,"guanylate cyclase soluble subunit alpha-2-like","gonad"
"LOC115127399",32.4854594420095,-0.435930137416954,0.257503088127889,0.00207298330870243,0.0313700415963597,"ephrin type-A receptor 4-like","gonad"
"LOC115144777",87.0051557652983,-0.436093294794984,0.224352069974907,0.00116955538421789,0.0224666468253504,"serine/threonine-protein kinase pim-3-like","gonad"
"LOC115138720",13.72195925279,-0.436287943958764,0.237430474144569,0.00150592450296874,0.025824802244446,"coiled-coil domain-containing protein 85C-A-like, transcript variant X2","gonad"
"LOC115118739",23.3609642198371,-0.436932390987962,0.303968764129622,0.00318733041076933,0.0406384627373089,"uncharacterized LOC115118739","gonad"
"LOC115125756",12.5403217617984,-0.437071949713016,0.267922071871563,0.00232416716143472,0.0337041365678984,"protein diaphanous homolog 1-like","gonad"
"LOC115144070",131.763843585811,-0.438921634599946,0.225828120864906,0.00114788525444273,0.0221557836729457,"E3 ubiquitin-protein ligase rnf213-alpha-like","gonad"
"LOC115124872",295.456572720848,-0.439080222282973,0.153612007287468,7.75742783316303e-05,0.00525856336781094,"ankyrin repeat and sterile alpha motif domain-containing protein 1B-like, transcript variant X3","gonad"
"aldh7a1",428.373852062094,-0.43997128512854,0.15451812115747,7.9975820628229e-05,0.0053188314993631,"aldehyde dehydrogenase 7 family member A1","gonad"
"LOC115128459",108.429185937825,-0.440222750803324,0.216586748012209,0.000909406664946495,0.0195215427281448,"synaptotagmin-11-like","gonad"
"LOC115106878",113.854416120634,-0.44028644982228,0.154453745529867,7.8933609588696e-05,0.0053104527988003,"mediator of DNA damage checkpoint protein 1-like","gonad"
"LOC115113086",35.875771490782,-0.442731090094835,0.252498897336228,0.00174027432564227,0.0284909113222372,"transmembrane protein 150A-like","gonad"
"LOC115127433",43.5883531010923,-0.442775255894396,0.283211255546099,0.0025229623841103,0.0355440348415262,"gamma-adducin-like, transcript variant X1","gonad"
"LOC115143294",234.529765791313,-0.444069968975323,0.236617176958751,0.00130355743511448,0.0239092064159742,"rho-related BTB domain-containing protein 3-like, transcript variant X2","gonad"
"LOC115145981",48.8991009556067,-0.444917837423498,0.359400499165922,0.0032857406380996,0.0415956665874524,"HHIP-like protein 1","gonad"
"LOC115130272",168.805188233825,-0.446862691699664,0.202845320151905,0.000552052061395169,0.0144079001861783,"protein adenylyltransferase SelO-like, transcript variant X2","gonad"
"LOC115130419",75.2306711645706,-0.447627175553955,0.295697938932638,0.00263635853921558,0.0365265727974365,"extended synaptotagmin-2-A-like, transcript variant X3","gonad"
"LOC115122287",14.7112696657637,-0.447764970635709,0.383853283689637,0.00291609111059852,0.0385317003124883,"putative N-acetylated-alpha-linked acidic dipeptidase","gonad"
"LOC115104276",838.797192141147,-0.44800610992912,0.226238251167937,0.000986922348228091,0.0205724020142701,"CD9 antigen-like","gonad"
"LOC115131461",709.088144855303,-0.448450998811629,0.367551494021871,0.00311920740082382,0.0400655551983888,"terminal nucleotidyltransferase 5A-like","gonad"
"LOC115128356",22.406240136592,-0.4494202134891,0.273004556854565,0.00206968840838639,0.0313666633912047,"MORC family CW-type zinc finger protein 3-like, transcript variant X3","gonad"
"LOC115129462",13.7607333927294,-0.450189973265884,0.398222849936314,0.00257996660895433,0.0360506581735276,"neuronal acetylcholine receptor subunit alpha-7-like","gonad"
"LOC115133242",113.606477945929,-0.452277953098546,0.175760636690676,0.000178887486302766,0.00798005209167819,"kinesin-like protein KIF21A, transcript variant X1","gonad"
"LOC115143333",261.970968068796,-0.452874373933243,0.248558240933002,0.00139671409532734,0.0247402352339154,"GATA-binding factor 2-like, transcript variant X2","gonad"
"LOC115109045",44.1668050804488,-0.45323722405963,0.31100819200139,0.00272873207999776,0.0372782992057482,"thromboxane A2 receptor-like","gonad"
"LOC115144036",15.6240711698841,-0.454407959611663,0.321326723749891,0.0028356703313456,0.0379475296792082,"protein phosphatase 1 regulatory subunit 3C-B-like","gonad"
"LOC115131709",1207.37636569008,-0.455216088829961,0.245599454202123,0.00127979395061075,0.0237412926625662,"syndecan-2-A-like","gonad"
"LOC115127896",13.469719376834,-0.455885732897673,0.364112816867877,0.00294249125685044,0.0387691373435243,"lysosome membrane protein 2-like","gonad"
"LOC115137871",85.4507835124458,-0.456990760319102,0.216966627145063,0.000673149868014734,0.0163623318154928,"opioid growth factor receptor-like protein 1","gonad"
"LOC115124248",54.8297397078676,-0.457132027062934,0.220567433809444,0.000735187637552464,0.017385716693179,"filamin-A-like","gonad"
"LOC115109617",45.1447608362507,-0.4590618236907,0.183090256532534,0.000210302912973028,0.00862296451807823,"protein-methionine sulfoxide oxidase mical2b-like, transcript variant X3","gonad"
"LOC115132668",19.9279444841658,-0.465049782511193,0.325983176141317,0.00256502257644592,0.035968264723925,"receptor-transporting protein 3-like, transcript variant X2","gonad"
"LOC115121135",62.0219405730761,-0.467101964716118,0.261668552618423,0.00138322323359407,0.02466582139651,"peptidase inhibitor 15-A-like","gonad"
"LOC115126859",32.4129877234847,-0.467697655920968,0.287956039264738,0.00189884777843657,0.0301095897513488,"NUAK family SNF1-like kinase 1","gonad"
"LOC115103276",27.7165653227019,-0.468976045024063,0.192127890812238,0.000242602944214779,0.00921485157984003,"metal-response element-binding transcription factor 2-like, transcript variant X4","gonad"
"LOC115138279",61.0253203943934,-0.469557649394389,0.302509006994547,0.00211254048721233,0.0317122921188483,"calcipressin-2-like","gonad"
"LOC115119565",61.8181129814339,-0.471532614572026,0.286078572573399,0.00177060178611422,0.028754066215286,"ephrin type-B receptor 3-like","gonad"
"LOC115108102",43.9076212409526,-0.473331789489834,0.216989688788367,0.000498892189157063,0.0135920554227591,"RANBP2-like and GRIP domain-containing protein 5/6","gonad"
"LOC115125883",33.2754461303097,-0.47646770843817,0.222150582268461,0.000541180665471294,0.0142401103801403,"sushi-repeat-containing protein SRPX-like, transcript variant X2","gonad"
"LOC115104701",13.8818912866666,-0.476975135187508,0.35382003763644,0.00242086261708396,0.0345815748825935,"tubulin polymerization-promoting protein family member 3-like","gonad"
"LOC115101055",163.318422509473,-0.479931727356919,0.336371492489484,0.00226564397395746,0.0332519456583308,"tubulin alpha chain, testis-specific-like","gonad"
"LOC115110468",557.907931189884,-0.480357030661955,0.353045058294405,0.00233914810367953,0.0337864542326217,"CD9 antigen-like, transcript variant X2","gonad"
"LOC115131711",146.069226035326,-0.484553611440331,0.369978419073223,0.00223848959719922,0.0330182448281122,"angiopoietin-1-like, transcript variant X2","gonad"
"LOC115123349",125.646293974585,-0.484738465975021,0.255005058435804,0.000955644162973292,0.0202006143877935,"gamma-secretase subunit Aph-1b-like","gonad"
"LOC115143468",27.689705949468,-0.485813233027111,0.276646163893289,0.00130679452447753,0.0239169996268802,"ubiquitin-like modifier-activating enzyme 1","gonad"
"LOC115146963",18.8806472009276,-0.487593686706059,0.214669470534451,0.000359329338374892,0.0112886959530912,"splicing factor, arginine/serine-rich 15-like","gonad"
"LOC115125685",252.760305556352,-0.488791056594591,0.319050522125482,0.00188691958896126,0.0299728014498519,"amyloid-like protein 2","gonad"
"LOC115139421",63.450192390327,-0.491893042987881,0.379463159561383,0.00205604465989105,0.0313213834236536,"uncharacterized LOC115139421, transcript variant X2","gonad"
"amh",86.9246762737259,-0.492586154745577,0.376831693890864,0.00205603037110212,0.0313213834236536,"anti-Mullerian hormone","gonad"
"LOC115134283",403.227465380474,-0.492672791096022,0.212083731439052,0.000302201387025159,0.0103876605294663,"1-acyl-sn-glycerol-3-phosphate acyltransferase gamma-like, transcript variant X2","gonad"
"LOC115114294",554.774675273848,-0.498237400594722,0.222013497753202,0.000367114075393815,0.0114551407205159,"receptor-type tyrosine-protein phosphatase U-like","gonad"
"LOC115103635",35.8697635242579,-0.498388858161645,0.238736159804198,0.000558506556109704,0.0144384723578429,"thyrotroph embryonic factor-like","gonad"
"LOC115114860",1619.3789878466,-0.500743399260071,0.254281616155348,0.000741611162461587,0.0174269934452069,"alanine aminotransferase 2-like","gonad"
"LOC115117674",16.7474011337174,-0.501770238750697,0.26086280307355,0.000822008141182013,0.0183797780927348,"macrosialin-like","gonad"
"LOC115111177",49.7787768528068,-0.50389312911462,0.389226248458337,0.00179905358462595,0.0291119580057655,"cAMP-specific 3',5'-cyclic phosphodiesterase 4D-like","gonad"
"LOC115116421",63.8231520654891,-0.50507967949973,0.237247712378978,0.00048435222846229,0.0133713160886435,"lysine-specific demethylase 4B-like, transcript variant X1","gonad"
"LOC115146928",64.5338094283408,-0.509729330396013,0.366546070286895,0.00176950985656148,0.028754066215286,"protein mono-ADP-ribosyltransferase PARP14-like","gonad"
"LOC115120595",199.220476913224,-0.510739276920559,0.407094864243366,0.0015604230704889,0.0264035799327087,"uncharacterized LOC115120595","gonad"
"LOC115132492",120.382861025851,-0.511769492175655,0.264486889997935,0.000757178199828591,0.0175728330653349,"limb region 1 homolog-like protein, transcript variant X2","gonad"
"LOC115136422",63.4465304183941,-0.51344642341978,0.263302658654717,0.000724322159581918,0.0172210466660297,"protein ABHD14B-like","gonad"
"LOC115142771",51.52068444169,-0.515361057831317,0.241406953839976,0.000452955106184399,0.0128900515797554,"chromodomain-helicase-DNA-binding protein 6-like, transcript variant X5","gonad"
"LOC115138007",30.5057176281451,-0.515444431312126,0.250618425986868,0.000553112273064898,0.0144079001861783,"probable G-protein coupled receptor 132","gonad"
"LOC115102444",28.9887279359442,-0.518607001851712,0.272769691131877,0.000787549751294615,0.0179497325257739,"plexin-A2-like","gonad"
"LOC115101924",28396.6443811035,-0.518821472822683,0.254935213853777,0.000573611496866041,0.0147097321145478,"apolipoprotein C-I-like","gonad"
"LOC115125008",103.908490755388,-0.519982809228473,0.249228418924619,0.000501579485197652,0.0135920554227591,"immunoglobulin superfamily member 8-like","gonad"
"cacna2d4",43.7362681366901,-0.52638740900581,0.268386729537677,0.000658267426577019,0.0161693783552382,"calcium voltage-gated channel auxiliary subunit alpha2delta 4, transcript variant X2","gonad"
"LOC115137301",1216.2112734426,-0.529145873928289,0.257147356447749,0.000514866990892739,0.0137607901637429,"mucin-5AC-like, transcript variant X2","gonad"
"LOC115145120",81.8000333600796,-0.530025689046907,0.236518606642923,0.000318588591513949,0.0106729870011963,"ras-like protein family member 11B","gonad"
"LOC115107184",16.7055776591439,-0.531216998395952,0.292116329817055,0.000874836713564276,0.0190897328682127,"monocarboxylate transporter 12-B-like","gonad"
"LOC115102129",17.0095246423485,-0.531523921076097,0.229495552883301,0.000257316449633889,0.00952185378288109,"translocating chain-associated membrane protein 1-like 1, transcript variant X1","gonad"
"LOC115103873",2173.95558991246,-0.53475617222863,0.256655564411642,0.000469802020102747,0.0131024968924508,"voltage-dependent calcium channel gamma-1 subunit-like","gonad"
"LOC115109133",43.6348625807954,-0.5373951430145,0.37269856120755,0.00136150722619046,0.0244971819826295,"interferon-induced protein 44-like, transcript variant X1","gonad"
"LOC115139220",6899.7408333544,-0.537732907491426,0.631738674043921,0.000160125353843877,0.00749762792646944,"trichohyalin-like","gonad"
"LOC115129184",16.9504155775469,-0.538138894440379,0.419355425746114,0.00117209910074011,0.0224666468253504,"solute carrier family 25 member 48-like","gonad"
"serpini1",23.2739112807844,-0.54373536122582,0.350963330130072,0.00121791858276727,0.0230819726395852,"serpin family I member 1","gonad"
"LOC115143423",88.4086663742239,-0.549197231629267,0.323819901981378,0.000975778315035851,0.020425509612949,"tumor necrosis factor receptor superfamily member 8-like","gonad"
"nalcn",130.896772296967,-0.550116563769738,0.224628896371166,0.000163513373117581,0.00758974167730425,"sodium leak channel, non-selective, transcript variant X3","gonad"
"LOC115106960",144.533896588854,-0.550646870480714,0.346082296894513,0.00110892183448849,0.0216956733049279,"synaptophysin-like protein 1","gonad"
"epsti1",167.954028013821,-0.556339046360147,0.296376324187876,0.000673374729930447,0.0163623318154928,"epithelial stromal interaction 1, transcript variant X2","gonad"
"LOC115129673",374.806817096577,-0.558025881180337,0.194570131364006,4.35580008735293e-05,0.00396429805105747,"signal transducer and activator of transcription 1-alpha/beta-like, transcript variant X1","gonad"
"LOC115113734",15.8818103774829,-0.558167523782871,0.3991422509184,0.00109639759084346,0.0216607123605591,"signal peptide, CUB and EGF-like domain-containing protein 2","gonad"
"LOC115107051",120.010039198622,-0.559562129731931,0.336767863422954,0.000955735170693691,0.0202006143877935,"ubl carboxyl-terminal hydrolase 18-like","gonad"
"LOC115116544",267.947091439063,-0.5609110504291,0.371759799525422,0.00108497466267667,0.0215753019183465,"alpha-tubulin N-acetyltransferase 1-like, transcript variant X2","gonad"
"LOC115133918",1427.49689219717,-0.561307508378937,0.245261879785007,0.000245254170668277,0.00927673900552758,"protein regulator of cytokinesis 1-like, transcript variant X2","gonad"
"LOC115101191",2142.55281658378,-0.562115895474303,0.37828060396675,0.00108009629791533,0.0215753019183465,"CD209 antigen-like protein E","gonad"
"LOC115113209",24.1794716340508,-0.562176562325191,0.231743580836769,0.000167176550261904,0.00768419606722816,"receptor-type tyrosine-protein phosphatase epsilon-like, transcript variant X1","gonad"
"LOC115130275",35.5049507792968,-0.568931573087483,0.264363685761256,0.000338210048619906,0.011005588853319,"uncharacterized LOC115130275, transcript variant X2","gonad"
"LOC115130649",39.0069625168855,-0.570599456282491,0.22824736102549,0.00013122380918158,0.00704049338379731,"vascular endothelial growth factor receptor kdr-like","gonad"
"LOC115127439",3245.82677121426,-0.574384010691949,0.324763155058123,0.00073942078827054,0.0174269934452069,"extracellular matrix protein 1-like","gonad"
"LOC115133054",180.44106495931,-0.58110378552596,0.338083891220705,0.000763095949731224,0.0175821955118276,"ubl carboxyl-terminal hydrolase 18-like, transcript variant X2","gonad"
"LOC115121176",32.3858746565466,-0.583808376981361,0.275702482409604,0.000344167765607462,0.0110702363010125,"programmed cell death protein 4-like, transcript variant X2","gonad"
"LOC115108209",74.6070750477559,-0.588256206454839,0.239827014791926,0.000141458713920677,0.00727570654375019,"ankyrin repeat domain-containing protein 13C-like, transcript variant X1","gonad"
"LOC115138295",39.6718886674016,-0.589352503502827,0.201044515546172,3.29525205480218e-05,0.00353926596456607,"leucine zipper protein 1-like, transcript variant X1","gonad"
"LOC115112547",166.00819423742,-0.591884529004784,0.254868380495127,0.000199082783098031,0.00835761048150494,"tubulin beta-3 chain-like","gonad"
"LOC115129489",92.8207712894022,-0.599186098379609,0.543704293174964,0.000230951723617511,0.00905679553802459,"insulin-like growth factor-binding protein 7, transcript variant X1","gonad"
"LOC115103771",58.4397177740076,-0.601988561271734,0.349689562653423,0.000659029520977982,0.0161693783552382,"insulin-like growth factor-binding protein 4","gonad"
"LOC115138273",495.330667477679,-0.605211290183089,0.217830162798325,5.17878740764553e-05,0.00436078229580039,"WD repeat-containing protein 25-like, transcript variant X1","gonad"
"LOC115129786",150.60650475285,-0.609844059150223,0.209353066941541,3.36521326775238e-05,0.00355225651682047,"unconventional myosin-Ib-like, transcript variant X2","gonad"
"LOC115129860",28.359375104866,-0.610909652527822,0.298192795981301,0.000353945315341575,0.0112150630808755,"low-density lipoprotein receptor-related protein 1B-like","gonad"
"LOC115139225",98.3171322872015,-0.611628838500645,0.251131664570589,0.000137226507728764,0.0071626947472372,"tribbles homolog 2-like, transcript variant X1","gonad"
"LOC115127705",16.7341869643174,-0.615087139086066,0.286809801761421,0.000280736650852203,0.0100266572962441,"voltage-dependent L-type calcium channel subunit alpha-1D-like","gonad"
"LOC115144066",569.679312008219,-0.616412026296493,0.211661341026916,3.33341308625688e-05,0.00353926596456607,"lutropin-choriogonadotropic hormone receptor-like","gonad"
"LOC115137881",71.223531078766,-0.617211298132061,0.310160809231047,0.000386783203714972,0.0117943146761359,"ras-like protein family member 11A-like","gonad"
"LOC115102861",174.256236871383,-0.618534884557221,0.335591962932848,0.000498580103269284,0.0135920554227591,"protein piccolo-like","gonad"
"LOC115103793",100.729215659839,-0.620637547320427,0.189274883115812,9.79355779983348e-06,0.00218255135740007,"platelet endothelial cell adhesion molecule-like, transcript variant X5","gonad"
"LOC115142960",162.540645589816,-0.621264845194008,0.143838934832192,1.61374839631654e-07,0.000292992158835232,"double-stranded RNA-binding protein Staufen homolog 1-like, transcript variant X1","gonad"
"LOC115119677",42.1951229730956,-0.622521524884067,0.302527099098417,0.000327956424823223,0.0108656511844716,"uncharacterized LOC115119677","gonad"
"LOC115112978",147.215549047435,-0.627347170906743,0.295890548646171,0.000280333994009467,0.0100266572962441,"E3 ubiquitin-protein ligase rnf213-beta-like, transcript variant X1","gonad"
"LOC115143798",771.560027058957,-0.628417441342162,0.398062022231157,0.000585991611431824,0.0149218284672597,"acidic mammalian chitinase-like","gonad"
"LOC115136222",65.8998065925158,-0.63311486426838,0.227415479291039,4.78971927189779e-05,0.00414461878342813,"semaphorin-3F-like, transcript variant X1","gonad"
"LOC115110363",19.9798831006178,-0.640005208051164,0.415698528121704,0.000517182289337453,0.0137607901637429,"hemoglobin subunit alpha-1","gonad"
"LOC115128805",133.50958580138,-0.642687438445269,0.373143882682616,0.000488730411198309,0.0134445293116917,"rho GTPase-activating protein 4-like","gonad"
"LOC115118973",28.5379183649306,-0.647686594157018,0.323236584406804,0.000319985936497883,0.0106729870011963,"extracellular matrix protein 1-like, transcript variant X2","gonad"
"LOC115106629",34.5329889941892,-0.663097572169912,0.310216778284838,0.000227987114917464,0.00901931889388721,"uncharacterized LOC115106629","gonad"
"LOC115135188",17.1463471363375,-0.664393786617168,0.410966210754031,0.000419545713743649,0.0124262185623649,"uncharacterized LOC115135188","gonad"
"LOC115130107",45.3453873047927,-0.665029158109641,0.237200497645385,4.222739195273e-05,0.00389177933144043,"ribosomal protein S6 kinase alpha-3-like, transcript variant X2","gonad"
"LOC115128745",41.0506063405233,-0.665675988834275,0.306701755031586,0.000210397294641367,0.00862296451807823,"exportin-4, transcript variant X2","gonad"
"LOC115121570",86.6877441917425,-0.666153565090218,0.369835123820562,0.000381695964551952,0.0117260100379107,"filamin A-interacting protein 1-like","gonad"
"LOC115116225",45.6032017243979,-0.669183680642759,0.307052388008687,0.00020311218292949,0.00841978534267684,"nicotinamide phosphoribosyltransferase-like","gonad"
"LOC115112364",98.9109235585578,-0.676836972562002,0.329798159083448,0.000249793233526475,0.00940922395831263,"dysbindin domain-containing protein 1-like, transcript variant X2","gonad"
"LOC115128402",99.3133968726009,-0.678922923121545,0.296494617382926,0.000153147932986446,0.00748838391380655,"uncharacterized LOC115128402","gonad"
"LOC115125109",60.6948763818821,-0.685333921102808,0.308987222925075,0.000173719246993633,0.00780877889675854,"E3 ubiquitin/ISG15 ligase TRIM25-like","gonad"
"tnr",27.5501347918239,-0.68552151977378,0.489611645109884,0.000233352984060067,0.00907228432247232,"tenascin R, transcript variant X1","gonad"
"LOC115123203",123.701672331111,-0.692818577994102,0.248124756940655,4.10049450004099e-05,0.00389177933144043,"sodium-dependent lysophosphatidylcholine symporter 1-B-like, transcript variant X1","gonad"
"LOC115128193",31.7402590458484,-0.694573633589275,0.36386520196428,0.000277475435134096,0.00997592871345476,"tuftelin-like, transcript variant X3","gonad"
"LOC115133045",25.5912992736799,-0.699422969014972,0.615725770716236,9.16711035086592e-05,0.00571952080860212,"probable polypeptide N-acetylgalactosaminyltransferase 8","gonad"
"LOC115106914",59.6939222236692,-0.71434289068911,0.364270740055944,0.000227624463308817,0.00901931889388721,"synapsin-3-like","gonad"
"LOC115112979",47.4610558471281,-0.715001773823081,0.269772649951702,5.64480853134047e-05,0.0044941026365217,"E3 ubiquitin-protein ligase rnf213-beta-like","gonad"
"LOC115106696",176.898524759731,-0.715739124461601,0.326813559151681,0.000157854464414499,0.00749762792646944,"transforming growth factor beta-2 proprotein-like","gonad"
"LOC115106977",14.8966013125345,-0.734794331164565,0.351084518338276,0.000166664708523192,0.00768011281204842,"solute carrier organic anion transporter family member 1C1-like, transcript variant X2","gonad"
"LOC115138513",92.2978919500054,-0.736176710730492,0.267621204027441,4.09294488115062e-05,0.00389177933144043,"signal transducer and activator of transcription 1-alpha/beta-like, transcript variant X1","gonad"
"LOC115112550",311.316637079777,-0.738981291826578,0.224442713713848,8.66527751166144e-06,0.00218255135740007,"tubulin beta-3 chain-like","gonad"
"lhfpl3",18.5512313557985,-0.74101625672254,0.315520427070485,0.000102356292514979,0.00611309489112487,"LHFPL tetraspan subfamily member 3","gonad"
"LOC115122444",52.4185891928752,-0.748516029560325,0.240964839970137,1.49688883561327e-05,0.00238399242977144,"traf2 and NCK-interacting protein kinase-like","gonad"
"LOC115121673",105.726299040307,-0.750475757401159,0.340589137220628,0.000127486803988357,0.00693274971668765,"pollen-specific leucine-rich repeat extensin-like protein 1","gonad"
"LOC115138443",66.7505231569315,-0.784741466723802,0.289182168565112,3.82348788165547e-05,0.00381424428457894,"interferon alpha-inducible protein 27-like protein 2B","gonad"
"LOC115125592",16.7173034708451,-0.822808473154269,0.501523681063578,7.76214464955569e-05,0.00525856336781094,"inward rectifier potassium channel 2-like","gonad"
"LOC115126544",86231.5610489874,-0.829821157941291,0.451517256871242,8.77927581180499e-05,0.00557330530206753,"galactose-specific lectin nattectin-like","gonad"
"LOC115122635",17.0848755367023,-0.860641426716119,0.376912134565007,5.56775702074316e-05,0.0044941026365217,"uncharacterized LOC115122635","gonad"
"LOC115113101",37.7720924042238,-0.8682192347052,0.505846362830166,5.30306100799667e-05,0.00436590695038226,"interferon-induced protein with tetratricopeptide repeats 5-like, transcript variant X2","gonad"
"LOC115108506",126.820958624827,-0.868612828380902,0.296197308912278,1.65577937865418e-05,0.00252269191143423,"protein NDNF-like","gonad"
"LOC115146230",33.8265653658612,-0.880837665951287,0.393900885872767,4.99377486638355e-05,0.00427674417330471,"transforming growth factor beta-3 proprotein-like","gonad"
"LOC115108300",14.0557247852126,-0.884779404222474,0.306859125581999,1.72004029623613e-05,0.00252701981890167,"cyclic AMP-responsive element-binding protein 3-like protein 3-B","gonad"
"LOC115137998",40.1522650996938,-0.900564651779821,0.376629622321591,3.65765895399666e-05,0.0037308121330766,"interferon-induced very large GTPase 1-like","gonad"
"LOC115110310",129.897828510596,-0.903027730740172,0.224705973782782,6.67557576823722e-07,0.000616922529311954,"protein tweety homolog 3-like, transcript variant X1","gonad"
"dpep1",600.282082494527,-0.914540621896175,0.307552492860473,1.22657417696984e-05,0.00218255135740007,"dipeptidase 1, transcript variant X1","gonad"
"LOC115138574",374.691561741808,-0.960305801201948,0.373487762077957,1.87161726417994e-05,0.00253590172003365,"sacsin-like, transcript variant X3","gonad"
"LOC115136413",101.072726101476,-1.03777018201485,0.434719132329991,1.13276039449565e-05,0.00218255135740007,"hepatocyte growth factor-like protein","gonad"
"LOC115123231",82.0180210833608,-1.04732277082951,0.32766591643505,3.57460735102691e-06,0.00153069213597835,"uncharacterized LOC115123231","gonad"
"cmpk2",89.8061283347141,-1.09821692642333,0.377315507744585,3.91933484739811e-06,0.0015792623458439,"cytidine/uridine monophosphate kinase 2","gonad"
"LOC115123433",321.369625248854,-1.10442078987934,0.843985872563195,9.11450032296755e-06,0.00218255135740007,"dentin sialophosphoprotein-like","gonad"
"LOC115143313",87.2682781501327,-1.10538652216335,0.423275397377752,5.17101275082144e-06,0.00177141334913045,"interferon-induced GTP-binding protein Mx1","gonad"
"LOC115143312",679.605906525176,-1.10863398395439,0.291062697709375,5.55622902537318e-07,0.000560438301025975,"interferon-induced GTP-binding protein Mx3, transcript variant X2","gonad"
"lg2h3orf18",56.6624149646219,-1.2002911733249,0.30512020282987,1.98822653192535e-07,0.000311597846807082,"linkage group 2 C3orf18 homolog","gonad"
"LOC115101206",2051.16807100273,-1.22119152024269,0.698260254075718,4.0012154609396e-06,0.0015792623458439,"vasotocin-neurophysin VT 1","gonad"
"LOC115143311",146.857433286201,-1.26324428000294,0.367511205923878,3.49620806013511e-07,0.000392528549023692,"interferon-induced GTP-binding protein Mx2","gonad"
