"gene","baseMean","log2FoldChange","lfcSE","stat","pvalue","padj","description","treatment"
"LOC115139445",109.218678611193,1.78400259512747,0.518638137804455,3.43978289502516,0.000582180994728829,0.0466002202576675,"protein broad-minded-like, transcript variant X5","liver"
"LOC115107125",108.583073596139,1.24122923341734,0.433646289591738,2.86230797589876,0.00420568020434693,0.0963575161217609,"anoctamin-4-like, transcript variant X2","liver"
"LOC115122299",289.917971707057,1.10372856196278,0.281399871232452,3.92227813441691,8.77156522328309e-05,0.0238352665667346,"mannose-binding protein C-like","liver"
"LOC115115566",4164.31005525425,1.08683097680652,0.495702751304251,2.19250543586241,0.02834303102167,0.215132578108616,"metallothionein B","liver"
"LOC115132763",115.306453899614,1.07696457275167,0.352982460434637,3.05104273856998,0.0022804811125581,0.0775050244941065,"protein S100-A1-like, transcript variant X1","liver"
"LOC115112827",73.9283352640066,1.07141915918937,0.327581065453523,3.27069929303157,0.00107281920464408,0.0575369878701222,"serum amyloid A-5 protein-like","liver"
"LOC115113136",124.882884168784,1.02745700424205,0.510489157030518,2.0126911416076,0.0441471318834241,0.261166487020082,"echinoderm microtubule-associated protein-like 6, transcript variant X1","liver"
"LOC115103957",358.411584845549,0.98261838758604,0.345263159745645,2.84599836342208,0.00442724224137439,0.0970184912679679,"cathepsin S-like","liver"
"LOC115128224",85.0745774021184,0.905151118405514,0.283162288535204,3.19658074204674,0.00139066898917049,0.0609501806436442,"ATPase inhibitor A, mitochondrial-like","liver"
"LOC115101055",60.7065044758226,0.901687635896293,0.388075045801008,2.32348780384774,0.0201529620905401,0.181137621423119,"tubulin alpha chain, testis-specific-like","liver"
"LOC115123568",154.235709163636,0.894158711058686,0.307658829902449,2.90633202805263,0.00365693180240791,0.0941930515003751,"ferritin, middle subunit-like, transcript variant X2","liver"
"LOC115108050",229.733258146963,0.86672029905334,0.26172779420849,3.31153327324082,0.000927862050923426,0.0540280817080555,"kinesin-like protein KIF14, transcript variant X1","liver"
"LOC115134326",114.47635109517,0.855605623295129,0.28799903128103,2.97086285148032,0.00296964366109722,0.087081061601671,"heat shock factor-binding protein 1-like","liver"
"LOC115141395",103.474588566078,0.85230621042062,0.295278042088666,2.88645306773163,0.00389610849840715,0.0960013657626569,"NADP-dependent malic enzyme-like","liver"
"LOC115133660",1044.79388012239,0.851910712148278,0.523516424659574,1.62728554830395,0.103676465775423,0.37878524947853,"phospholipase A2 inhibitor 31 kDa subunit-like","liver"
"LOC115123160",252.12253219629,0.848261893898701,0.263281954611899,3.22187631563704,0.00127354098618116,0.0594443493952692,"ferritin, middle subunit-like","liver"
"LOC115125749",80.1559409703033,0.840461615387543,0.288119572057241,2.91705839137012,0.00353349616688607,0.0935229245209585,"trypsinogen-like protein 3","liver"
"LOC115113035",293.773493709201,0.83936029712459,0.466932675323153,1.79760454019134,0.072239698359612,0.326440144693768,"transmembrane protein 14A-like, transcript variant X1","liver"
"LOC115103576",155.560057498132,0.826145658127465,0.237962597189973,3.47174584528478,0.000517085627288074,0.0466002202576675,"dispanin subfamily A member 2b-like","liver"
"LOC115117313",95.6016421759522,0.795535623190636,0.271913381193841,2.92569501249928,0.00343687693019841,0.0933498989956954,"HMG domain-containing protein 4-like, transcript variant X1","liver"
"LOC115119163",359.674069479448,0.793109602361682,0.363106511893933,2.18423403707328,0.0289450550209908,0.216477145441392,"copper transport protein ATOX1-like","liver"
"LOC115110057",3360.3129211003,0.779006648687123,0.239919025870494,3.24695653402504,0.00116646202682034,0.0586975212508605,"ferritin, middle subunit-like","liver"
"LOC115115591",159.659982995134,0.770575889917652,0.229457615702908,3.35824935492819,0.000784378204732006,0.0498324214572744,"dispanin subfamily A member 2b-like","liver"
"LOC115131673",100.828268389963,0.743371105271822,0.166698978911337,4.4593620796394,8.22039500797565e-06,0.0230517281281126,"NADH dehydrogenase [ubiquinone] iron-sulfur protein 5-like","liver"
"gys2",1303.72205052129,0.730349431444521,0.287596406403686,2.53949428846257,0.0111012857914288,0.147390361191738,"glycogen synthase 2, transcript variant X1","liver"
"vti1b",146.906210630018,0.720448132536401,0.343550014309476,2.09706913849059,0.0359874554575008,0.236107404549631,"vesicle transport through interaction with t-SNAREs 1B, transcript variant X3","liver"
"LOC115114346",70.6228892409173,0.715965657439401,0.361447585099505,1.98082844361043,0.0476105158699801,0.271034165762624,"UDP-glucuronosyltransferase-like, transcript variant X2","liver"
"LOC115143107",70.0593520219347,0.711110347674002,0.541282575391863,1.31375067294415,0.188930122215003,0.484057717936395,"uncharacterized LOC115143107, transcript variant X1","liver"
"LOC115132128",363.373681509995,0.701939869023424,0.263195778218626,2.6669875701439,0.00765345024079003,0.121857278052579,"neurotensin receptor type 1-like","liver"
"slc5a12",147.811129250787,0.691096338113865,0.309845052764606,2.23045787546881,0.0257170610278404,0.203935293286921,"solute carrier family 5 member 12","liver"
"LOC115128076",97.9705654551206,0.690082396404774,0.277086294422611,2.49049631936058,0.0127564817065801,0.155344040114578,"protein CREG1-like, transcript variant X2","liver"
"LOC115111889",19397.1340741735,0.686116741701012,0.536686999805088,1.27842996374086,0.201097864573769,0.496718234682126,"apolipoprotein A-I-like","liver"
"gpnmb",170.40484021809,0.684842557914116,0.440459037405838,1.5548382477236,0.119984597429831,0.401425114690011,"glycoprotein nmb","liver"
"wdr45",103.888393846575,0.678535093818184,0.166806295368641,4.06780267086817,4.74585435867113e-05,0.0230517281281126,"WD repeat domain 45","liver"
"LOC115102635",163.755141995053,0.674760058658139,0.196956219012532,3.42593933840295,0.000612677198689343,0.0466002202576675,"keratin, type I cytoskeletal 18-like","liver"
"atp5mpl",683.925896584146,0.67460140054304,0.198473794020475,3.39894444942916,0.000676464543688789,0.047539128966819,"ATP synthase membrane subunit 6.8PL","liver"
"LOC115110056",72.4125409997342,0.670913731152356,0.249398733877657,2.69012484835418,0.00714252920115057,0.120800618356389,"ferritin, middle subunit-like","liver"
"LOC115109488",11153.4340130168,0.669667213395956,0.721495195420861,0.928165866725318,0.353321537191724,0.633584947467429,"zona pellucida sperm-binding protein 4-like","liver"
"LOC115113988",94.0418729235451,0.668939992603401,0.292311603682751,2.28844830029193,0.0221114275964861,0.188884564125092,"microsomal glutathione S-transferase 3-like, transcript variant X1","liver"
"LOC115135321",86.4114954822584,0.66855081176288,0.305697234878286,2.18697042526101,0.028744683064966,0.215770401791531,"cytochrome c oxidase subunit 5B, mitochondrial-like","liver"
"LOC115123569",173.917895044511,0.664883665467795,0.22461345335964,2.96012396195706,0.0030751527914379,0.0891065651600948,"ferritin, middle subunit-like, transcript variant X1","liver"
"LOC115123161",148.108566323141,0.656266072317719,0.161232437086074,4.07031044235454,4.69505305265709e-05,0.0230517281281126,"ferritin, middle subunit-like","liver"
"LOC115105984",82.9916507740992,0.651651463263493,0.190217692201247,3.42581941628256,0.000612947755396336,0.0466002202576675,"NADH dehydrogenase [ubiquinone] 1 alpha subcomplex subunit 8-like","liver"
"LOC115133295",217.205891168774,0.650081205163379,0.15924634484539,4.08223627232722,4.4604415318871e-05,0.0230517281281126,"oligosaccharyltransferase complex subunit ostc, transcript variant X2","liver"
"LOC115135536",522.407341118967,0.635355089233362,0.183644155853572,3.45970764100961,0.000540762169241079,0.0466002202576675,"V-type proton ATPase catalytic subunit A-like","liver"
"ski",103.760332519371,0.629183986379589,0.257769180578951,2.44088135349011,0.0146514674825755,0.162280927877657,"SKI proto-oncogene","liver"
"zmat2",94.898061111777,0.621557581159928,0.195540618279206,3.17866224741309,0.00147956386300737,0.0634810769012427,"zinc finger matrin-type 2","liver"
"LOC115147159",403.724922292986,0.617973573795206,0.209686804145305,2.94712667453777,0.00320741782069361,0.0895440755968982,"phosphatidylinositol 3-kinase regulatory subunit alpha-like, transcript variant X1","liver"
"grpel1",142.98283190015,0.611659792926165,0.186198863469164,3.28498134483758,0.00101989124203117,0.0561767121962035,"GrpE like 1, mitochondrial","liver"
"LOC115108385",410.555972650859,0.609376713515804,0.369616923445048,1.6486710290104,0.0992150484585204,0.371350355846583,"MAP kinase-interacting serine/threonine-protein kinase 2-like, transcript variant X1","liver"
"LOC115141794",131.385783502347,0.608739229541536,0.322039670830467,1.89026161892333,0.0587229792447682,0.295499831360093,"claudin-4-like","liver"
"LOC115134734",1637.34562776711,0.60807709100429,0.473070779371301,1.28538290150241,0.198658513228427,0.495034422284806,"zona pellucida sperm-binding protein 4-like","liver"
"LOC115118407",145.306938415996,0.604186303855119,0.231652636004712,2.60815639431286,0.00910313527993205,0.132990607172054,"c-Myc-binding protein-like","liver"
"LOC115141548",123.209165585089,0.60114711726929,0.198165525715951,3.03356053025576,0.00241686220697957,0.0775679555562892,"flavin reductase (NADPH)-like, transcript variant X2","liver"
"LOC115132769",173.438306990046,0.600974024410983,0.352288736271299,1.7059132539173,0.0880242316893426,0.353721798164998,"extracellular matrix protein 1-like","liver"
"LOC115107007",88.1820911438502,0.593793358096271,0.330509255854888,1.79660129807977,0.0723989381904971,0.326705500361967,"suppressor of cytokine signaling 2-like, transcript variant X1","liver"
"LOC115125161",136.916425934153,0.593532407016153,0.148490886210816,3.99709653677668,6.41241551713899e-05,0.0237609142253259,"60S ribosomal protein L32-like","liver"
"LOC115122032",146.835619309866,0.593282015576227,0.246957256608256,2.40236721011741,0.0162893474413357,0.166822563243428,"protein S100-A1-like","liver"
"LOC115130477",169.720784417405,0.59322781779574,0.182344770886098,3.2533305721517,0.00114060721427949,0.0583029327148034,"lysozyme g-like","liver"
"LOC115125976",519.08057814341,0.590626238416979,0.174429912533538,3.38603757714674,0.00070909673080094,0.0481713045790772,"60S ribosomal protein L3","liver"
"slc27a2",83.1892469073768,0.589595953976901,0.346573491695528,1.70121480177968,0.088902659384625,0.353987042567365,"solute carrier family 27 member 2","liver"
"LOC115122004",71.5196740524863,0.589161161580892,0.307399353826384,1.91659856875836,0.0552889499895129,0.288920205329814,"transmembrane protein 53-like, transcript variant X1","liver"
"LOC115107535",2862.4172705146,0.588044041482717,0.241016302956824,2.43985172068655,0.0146932915506403,0.162303133768049,"complement C1q-like protein 4, transcript variant X2","liver"
"LOC115128922",102.274551539047,0.585982254232357,0.266868771002319,2.1957692990135,0.0281084601574126,0.214550718355082,"macrophage receptor MARCO-like","liver"
"LOC115111545",75.6561493131742,0.583940544082272,0.279296673813096,2.090753663873,0.0365501517192866,0.236820785401117,"GTPase-activating protein and VPS9 domain-containing protein 1-like, transcript variant X3","liver"
"LOC115136651",156.614730291269,0.583393385107915,0.241252575269377,2.41818510934654,0.0155981395439799,0.164057073949211,"tsukushin-like, transcript variant X3","liver"
"ddx49",62.2699235784404,0.580874342789863,0.211528962097138,2.74607475511138,0.00603130189598517,0.113288417179887,"DEAD-box helicase 49","liver"
"LOC115109447",704.51609107576,0.579012978493949,0.18366342875792,3.15257633166113,0.00161836503348991,0.0660133230068067,"ADP-ribosylation factor 4-like","liver"
"mtor",1169.24620163797,0.578356870385881,0.362891036568163,1.59374801829046,0.110992484492584,0.390341127516629,"mechanistic target of rapamycin kinase, transcript variant X2","liver"
"LOC115145095",311.162069601426,0.57571723056584,0.160760488447082,3.58121100605732,0.00034200529751663,0.0436490093123143,"proteasome subunit beta type-5-like","liver"
"LOC115145370",124.640454772879,0.57357662685208,0.229468114501237,2.49959184132742,0.0124336466096147,0.15362064340629,"cytochrome P450 2J2-like","liver"
"LOC115102232",387.579163910278,0.571027390444978,0.29483147137842,1.93679252684683,0.0527707098062898,0.28440666342479,"properdin-like","liver"
"LOC115112196",64.8614355220064,0.570126105483747,0.332112160962024,1.7166673566914,0.0860399677756877,0.350742551825015,"3 beta-hydroxysteroid dehydrogenase/Delta 5-->4-isomerase-like","liver"
"LOC115143532",66.6910012255828,0.567604404098284,0.32598165034356,1.74121581230131,0.0816457565830556,0.344681911946485,"glycerol-3-phosphate dehydrogenase [NAD(+)], cytoplasmic-like","liver"
"LOC115133055",121.575352511435,0.566344545379555,0.225454688461418,2.51201050306156,0.0120045515788703,0.153195161526808,"protein mono-ADP-ribosyltransferase PARP12-like","liver"
"LOC115107123",1552.03193193263,0.560537090327879,0.223147265629729,2.51196038071999,0.0120062567066739,0.153195161526808,"sodium-coupled neutral amino acid transporter 4-like, transcript variant X2","liver"
"commd9",79.4010147603519,0.559135138794648,0.213589938153662,2.61779718477371,0.00884993881039634,0.132438555290576,"COMM domain containing 9, transcript variant X1","liver"
"LOC115114956",643.122525833237,0.558959363986555,0.200685322523023,2.78525283742377,0.00534859990920399,0.105829578785997,"40S ribosomal protein S17-like","liver"
"LOC115128708",2492.29394525075,0.558849266836116,0.654209734093437,0.854235633791866,0.392974442962071,0.668515788611603,"BPTI/Kunitz domain-containing protein-like, transcript variant X1","liver"
"LOC115119255",150.654238242258,0.555557758215994,0.322985261039313,1.72007154886357,0.0854194366627812,0.350278629727892,"ferritin, middle subunit-like","liver"
"dhfr",121.315096438226,0.554156605659389,0.177746056034843,3.11768721074047,0.00182276140452023,0.0681612429800408,"dihydrofolate reductase","liver"
"LOC115113421",66.0490549477878,0.55163576309365,0.46466333770604,1.18717298811862,0.2351593932339,0.529270947996342,"C-X-C motif chemokine 9-like","liver"
"spata1",68.9687060755248,0.549037439870062,0.209795758731271,2.61700924361073,0.00887039391421176,0.132438555290576,"spermatogenesis associated 1, transcript variant X1","liver"
"LOC115133187",275.556666573045,0.542457711027425,0.181367547378579,2.99093039999665,0.00278128877029342,0.083834436897721,"aldo-keto reductase family 1 member B1-like","liver"
"LOC115107282",70.4621530555186,0.542452376938606,0.217259009660606,2.49680037567144,0.0125319482301214,0.154320909323187,"small integral membrane protein 8-like","liver"
"smc5",119.328697531419,0.542004928130505,0.289674324372498,1.87108377418197,0.0613334702305914,0.303588391933973,"structural maintenance of chromosomes 5","liver"
"LOC115128702",153.550384216592,0.540218340854627,0.126434966303024,4.27269731349395,1.93122531444919e-05,0.0230517281281126,"26S proteasome complex subunit SEM1","liver"
"LOC115101429",1129.86188689661,0.539192904558807,0.201580385495522,2.67482822415172,0.007476754832952,0.12140826255928,"ADP/ATP translocase 2-like","liver"
"LOC115102637",150.166976849513,0.538677606997466,0.201587917116107,2.67217209594565,0.00753619877282436,0.12140826255928,"keratin, type II cytoskeletal 8-like","liver"
"LOC115132527",170.353149271136,0.538612332783266,0.236345319994595,2.27892108375822,0.0226717568606838,0.191325219387468,"keratin, type II cytoskeletal 8-like","liver"
"LOC115147101",65.6823138431096,0.535731534775687,0.167186267968028,3.20439914884719,0.00135344697657877,0.06062252611577,"dolichol phosphate-mannose biosynthesis regulatory protein-like, transcript variant X2","liver"
"LOC115143312",137.23732401798,0.535353237566832,0.526644536308675,1.01653620356379,0.309374116476834,0.600632855049678,"interferon-induced GTP-binding protein Mx3, transcript variant X2","liver"
"LOC115131360",2096.54251578148,0.533843135874096,0.286892061480243,1.8607804381888,0.0627751890663432,0.30646889973186,"fatty acid-binding protein, liver-like","liver"
"LOC115125541",65.7725142746764,0.532119874058381,0.414063879060994,1.28511541568203,0.198751955376396,0.495034422284806,"NLR family CARD domain-containing protein 3-like","liver"
"LOC115135463",133.373861103397,0.531046058094215,0.222881441293725,2.38263919603057,0.0171890321725007,0.171721801801747,"dnaJ homolog subfamily C member 16-like","liver"
"LOC115122029",79.7929891512178,0.530526278533196,0.214733627578844,2.470625046086,0.013487715468088,0.157883405011815,"keratinocyte-associated protein 2-like","liver"
"LOC115135049",94.6064474653255,0.530000258175228,0.137363797187116,3.85836930128879,0.00011414608158846,0.0267734674773602,"bladder cancer-associated protein, transcript variant X2","liver"
"sugt1",106.345275197893,0.526451204057846,0.183814041517286,2.86404237517588,0.00418272051821678,0.0963575161217609,"SGT1 homolog, MIS12 kinetochore complex assembly cochaperone, transcript variant X2","liver"
"LOC115105069",181.193886984798,0.526141767449938,0.141639282015615,3.71465994435028,0.000203477137231579,0.0360596874502572,"eukaryotic translation initiation factor 1b","liver"
"ndufb5",193.309710071905,0.524407251554445,0.152380615969037,3.44143018598247,0.000578647771455205,0.0466002202576675,"NADH:ubiquinone oxidoreductase subunit B5","liver"
"LOC115121200",611.625340051307,0.522516898577758,0.185956556082162,2.80988694126434,0.00495589058901465,0.10202665760367,"transcription factor BTF3, transcript variant X2","liver"
"LOC115110214",169.6555699466,0.522461902534048,0.170050996873627,3.07238365043114,0.00212356600228493,0.0752665654375074,"nucleoside diphosphate kinase A-like","liver"
"LOC115142782",62.9232902367079,0.522112772696102,0.167451486442823,3.11799425485769,0.0018208635297738,0.0681612429800408,"myosin regulatory light polypeptide 9","liver"
"LOC115107579",84.4850618697084,0.521912088838381,0.217638558262954,2.398068122689,0.0164817996668793,0.1679495386055,"zinc transporter 1-like","liver"
"LOC115132762",81.720426715795,0.521777773428582,0.340596057636408,1.5319548236979,0.125533583243752,0.408851159107954,"ictacalcin-like","liver"
"LOC115106415",338.497566742022,0.521560413789933,0.182541933436375,2.85720877374032,0.00427384626591816,0.0963575161217609,"zinc transporter ZIP11-like, transcript variant X2","liver"
"socs3",283.287109204076,0.521515640810929,0.268181063526207,1.94464006501326,0.0518183136989355,0.283191413425724,"suppressor of cytokine signaling 3","liver"
"LOC115112959",335.047571698218,0.51833945969421,0.175751712517159,2.94927117505956,0.00318524352828092,0.089538293939814,"cell cycle control protein 50C-like","liver"
"LOC115144825",57.3969165788124,0.518314090637149,0.315803697528054,1.6412540280378,0.100744694695952,0.373304886891544,"solute carrier family 41 member 2-like","liver"
"LOC115108996",134.622218687677,0.517161300236833,0.213637252315159,2.42074495263548,0.0154887401035742,0.164057073949211,"cytochrome c oxidase subunit 8B, mitochondrial-like","liver"
"LOC115135539",310.750561531028,0.515817990787536,0.235122770805354,2.1938240563461,0.0282480606939915,0.215038736162119,"thiosulfate:glutathione sulfurtransferase-like","liver"
"hadh",65.2671928821802,0.514071519285696,0.183959484659734,2.79448227546715,0.00519828903054045,0.104916091990504,"hydroxyacyl-CoA dehydrogenase","liver"
"LOC115118427",246.299653437133,0.513102131764552,0.490578044087585,1.04591336271247,0.295601034262108,0.58979918979019,"docking protein 5-like","liver"
"slc8b1",136.206975655152,0.512635232431828,0.341938376468399,1.49920356330405,0.133820830928625,0.419579774511597,"solute carrier family 8 member B1, transcript variant X3","liver"
"LOC115130839",66.4204067926245,0.512421010834285,0.501752542922599,1.02126240925366,0.307130131067811,0.598746474685021,"glutathione S-transferase P-like","liver"
"selenop",1627.30121478001,0.50767345364989,0.241861059394348,2.09902931427313,0.0358143166987033,0.236098373869557,"selenoprotein P, transcript variant X1","liver"
"znhit2",158.25734298771,0.507112629720194,0.131725815606385,3.84975889035689,0.000118234154708656,0.0267734674773602,"zinc finger HIT-type containing 2, transcript variant X2","liver"
"LOC115139187",143.999694322358,0.50215853009177,0.12184781868122,4.12119425301757,3.7691344526152e-05,0.0230517281281126,"splicing factor 3B subunit 6","liver"
"LOC115103834",502.018989742158,0.501097601753679,0.206761074406033,2.42355870510537,0.015369268970041,0.164057073949211,"integral membrane protein GPR155-like, transcript variant X2","liver"
"LOC115109368",21560.2011986255,0.500928476908239,0.164698924308103,3.04147995509157,0.00235418239655232,0.0775050244941065,"metallothionein A","liver"
"plod1",114.852553451972,0.500326685718723,0.259714003863444,1.92645247570782,0.0540479004871636,0.286514561702219,"procollagen-lysine,2-oxoglutarate 5-dioxygenase 1, transcript variant X2","liver"
"LOC115124622",59.1622796914558,0.499215890776961,0.2583046344664,1.93266331364216,0.0532776873418084,0.28440666342479,"eukaryotic translation initiation factor 4E-binding protein 3-like","liver"
"LOC115136834",78.2945116827821,0.497290589177663,0.252633049470726,1.96843045761234,0.0490185303212178,0.274827413465315,"complement C4-B-like","liver"
"msmb",8606.03818048327,0.49719349921104,0.216553405154059,2.29593941899611,0.0216793454714868,0.187611490746879,"microseminoprotein beta","liver"
"LOC115132091",143.281878399149,0.497095207141486,0.31289180607299,1.58871276745907,0.112125255133853,0.392631048046036,"small integral membrane protein 11A-like","liver"
"LOC115132815",158.184996508307,0.49681477749536,0.157944324817343,3.14550572215816,0.00165799951525961,0.0669109507346352,"NADH dehydrogenase [ubiquinone] 1 beta subcomplex subunit 11, mitochondrial-like","liver"
"LOC115145073",96.011369336583,0.49429627802111,0.180157653760136,2.74368736328694,0.00607533672753085,0.113592075694568,"peroxiredoxin-6-like","liver"
"LOC115138705",700.210109238123,0.491914876693569,0.124552000752442,3.94947390424738,7.83231488008436e-05,0.0238352665667346,"proteasome subunit alpha type-3","liver"
"LOC115135968",118.176869419857,0.490806954860712,0.128079019750544,3.83206364177868,0.000127072854897194,0.0272604713979455,"malate dehydrogenase, mitochondrial-like","liver"
"LOC115111363",98.3469336555325,0.488124626238694,0.12613081545852,3.86998708019311,0.00010884112112365,0.0267734674773602,"glutaredoxin-1-like, transcript variant X1","liver"
"LOC115124641",294.079854288374,0.4877982510511,0.243775285063232,2.00101602147474,0.0453906633466113,0.262535331534949,"eukaryotic translation initiation factor 4E-binding protein 3-like","liver"
"asah2",64.8486179578886,0.484488301257209,0.185442401028462,2.61260800426569,0.00898542963990866,0.13271750448203,"N-acylsphingosine amidohydrolase 2","liver"
"LOC115140097",81.1122763616699,0.48400673310129,0.131327099629115,3.68550538668857,0.000228249254223304,0.0372137584085675,"transcobalamin-2-like","liver"
"LOC115132717",76.6393436159539,0.480714093085176,0.134554011716341,3.57264779365026,0.000353389918377422,0.0436490093123143,"ras-related protein Rab-39B-like","liver"
"LOC115111365",91.1797224554729,0.480360404246282,0.149004078644754,3.22380708377471,0.00126498587420524,0.0594443493952692,"osteoclast-stimulating factor 1-like","liver"
"LOC115103192",66.905700812383,0.478211034841127,0.169752486152779,2.81710769414437,0.00484582740548002,0.101812332498642,"transmembrane protein 56-B-like, transcript variant X2","liver"
"LOC115105853",752.407153920372,0.47791019319478,0.223461639697532,2.13866770977631,0.0324625895243502,0.226571087159677,"lipocalin-like, transcript variant X1","liver"
"LOC115115363",1165.65984416294,0.477788613623416,0.262840189324738,1.8177913158977,0.069096034436957,0.318558887877367,"ferritin, middle subunit-like","liver"
"LOC115110871",101.299772827179,0.475154528863423,0.191779330638593,2.47761073772256,0.0132265357688657,0.156834820487416,"uncharacterized LOC115110871","liver"
"LOC115119134",244.99491772892,0.47478630699421,0.444342815934512,1.06851352147029,0.285288934378139,0.582393425434705,"glutathione-specific gamma-glutamylcyclotransferase 1-like","liver"
"LOC115106922",1351.83896424648,0.47414384668515,0.605341588159871,0.783266598494351,0.433470573306827,0.700010323612769,"galactose-specific lectin nattectin-like, transcript variant X2","liver"
"LOC115116310",78.0417944528638,0.473743415479319,0.217955660375827,2.17357702324605,0.029736915534181,0.218899134271184,"60S ribosomal protein L32","liver"
"LOC115107636",84.8333385619588,0.473236884982751,0.12949078720417,3.65459887301936,0.000257584384358777,0.0397966689816656,"COP9 signalosome complex subunit 8-like, transcript variant X1","liver"
"ndufa1",731.06682744857,0.472882794802699,0.157183957768762,3.00846728581787,0.00262569069168543,0.0829636841806963,"NADH:ubiquinone oxidoreductase subunit A1","liver"
"LOC115126710",1553.97029299949,0.472713402921688,0.265680651417505,1.77925415493972,0.0751981034314112,0.330036247274988,"complement factor H-related protein 1-like","liver"
"LOC115146256",83.8975168568156,0.471974654055938,0.19944438627765,2.36644742358851,0.0179597249869216,0.173623010794368,"GTP cyclohydrolase 1 feedback regulatory protein","liver"
"capn8",71.7061048928362,0.471495991943544,0.338165732631455,1.39427489673354,0.16323460846762,0.455221463268407,"calpain 8","liver"
"cited2",62.0224776560916,0.469710850628818,0.318961418192531,1.47262591598239,0.140851932766106,0.428662337025698,"Cbp/p300 interacting transactivator with Glu/Asp rich carboxy-terminal domain 2","liver"
"LOC115106206",648.983707817007,0.469475609185973,0.358973438345892,1.30782826537045,0.190931564837253,0.486229707127124,"C-reactive protein-like","liver"
"LOC115111478",57.7200190832153,0.467577458377858,0.178273787589506,2.62280543146649,0.00872090603092049,0.13214279918971,"small nuclear ribonucleoprotein Sm D3, transcript variant X1","liver"
"LOC115104196",106.875930269911,0.466256266395672,0.131710570899346,3.54000641871022,0.000400117300497941,0.0453021699119336,"SUMO-conjugating enzyme UBC9-B, transcript variant X2","liver"
"LOC115105520",72.370640434349,0.465558649732441,0.302198713932537,1.54057124755459,0.123421170171424,0.406024769668059,"GTPase Era, mitochondrial, transcript variant X1","liver"
"tubd1",61.9928494757997,0.465373436872606,0.654514671121284,0.711020634686995,0.477071448992587,0.733165339596667,"tubulin delta 1, transcript variant X2","liver"
"LOC115132965",1411.1986056771,0.464789358734293,0.241339662790539,1.92587224727204,0.0541203275368996,0.286514561702219,"sodium-coupled neutral amino acid transporter 4-like, transcript variant X2","liver"
"LOC115132995",1251.02889875504,0.463989652077988,0.177211933932644,2.6182754275135,0.00883754409653239,0.132438555290576,"ribose-phosphate pyrophosphokinase 2-like, transcript variant X1","liver"
"anapc16",283.993417182409,0.463853769635262,0.130177226469863,3.56324821333206,0.000366294025886747,0.0439121896915994,"anaphase promoting complex subunit 16","liver"
"LOC115121896",83.8215562505802,0.463623285879608,0.132315015256583,3.50393555093167,0.000458436292862907,0.0455752763343709,"vacuolar protein sorting-associated protein 29, transcript variant X2","liver"
"LOC115101839",107.729593374061,0.462667914875162,0.460754640210637,1.00415248051251,0.315305122738652,0.602661842209239,"RNA-binding Raly-like protein, transcript variant X1","liver"
"LOC115128493",159.376965607875,0.460760798711612,0.204075042086454,2.2578008266019,0.0239580796735935,0.196485176558485,"thioredoxin-interacting protein-like","liver"
"LOC115110978",1606.54115977384,0.459932530426643,0.148145663189608,3.10459665523914,0.00190538661519796,0.069756855154556,"cytochrome c oxidase subunit 7C, mitochondrial-like","liver"
"LOC115110656",73.048111008013,0.457927820937303,0.13519563935894,3.38714934230623,0.000706229330442647,0.0481713045790772,"SEC14-like protein 1, transcript variant X2","liver"
"LOC115119183",101.811365475874,0.457855352663056,0.163940655412201,2.79281152995184,0.00522521262857517,0.104916091990504,"hydroxyacylglutathione hydrolase, mitochondrial-like","liver"
"LOC115130168",79.3505986534603,0.457418288801748,0.203019521272109,2.25307539854094,0.0242543953442013,0.197327176492943,"gamma-glutamyl hydrolase-like, transcript variant X1","liver"
"LOC115130904",2324.90113174701,0.456827406335479,0.23400128412314,1.95224315989258,0.0509093422461175,0.280793611630819,"ribonuclease-like 3","liver"
"LOC115122065",1827.40724230252,0.45538925732402,0.23273839009408,1.95665724567372,0.0503877797222762,0.279429374351017,"complement C1q-like protein 2","liver"
"LOC115102234",65.4824515960026,0.454773717998254,0.187513206313312,2.425289007316,0.0152962042883768,0.164057073949211,"NADH dehydrogenase [ubiquinone] 1 beta subcomplex subunit 11, mitochondrial-like","liver"
"LOC115123117",128.074863955727,0.453434641044685,0.194472365858984,2.33161477231927,0.0197209659924081,0.179507590461062,"nucleus accumbens-associated protein 2-like, transcript variant X1","liver"
"LOC115114211",842.194092606941,0.452740757909437,0.156536229972713,2.8922426328292,0.0038250242432878,0.0960013657626569,"40S ribosomal protein S28","liver"
"LOC115102139",713.10469079888,0.452586856031743,0.157258980847399,2.87797144298503,0.00400241368914396,0.0963575161217609,"nascent polypeptide-associated complex subunit alpha-like, transcript variant X1","liver"
"LOC115143133",99.9748570895589,0.452194730655516,0.217215637459825,2.08177797852675,0.0373627541174039,0.238699977715578,"CD302 antigen-like","liver"
"LOC115131775",1336.90479125622,0.452035360821653,0.138960588429827,3.25297529270268,0.00114203426710588,0.0583029327148034,"40S ribosomal protein S27","liver"
"LOC115129029",66.222080311856,0.450882777827686,0.159385948691556,2.82887407283459,0.00467120751346564,0.101066948222283,"thioredoxin-like protein 4A","liver"
"rpl21",2497.11887369325,0.45017128849787,0.220108537954606,2.04522410934696,0.0408327686337579,0.251032224662439,"ribosomal protein L21, transcript variant X1","liver"
"LOC115144376",328.080197415305,0.447582185679249,0.161739817478693,2.76729745746258,0.00565231558018487,0.110199492031683,"cytochrome c oxidase assembly protein COX14 homolog","liver"
"LOC115130426",111.030801602674,0.446097955347501,0.177549641528853,2.51252523804733,0.0119870530649802,0.153195161526808,"cytochrome b5-like","liver"
"LOC115110573",625.768082777852,0.444341440152408,0.205212818949582,2.16527136280691,0.030366910090157,0.219820045083074,"choline transporter-like protein 2, transcript variant X3","liver"
"ppib",695.686723511688,0.444129762982285,0.195841774398879,2.26779891238989,0.0233414657378467,0.193767442662858,"peptidylprolyl isomerase B","liver"
"LOC115145882",67.8220315411759,0.444004833448079,0.141608049054577,3.13544912462538,0.00171591188139058,0.0681612429800408,"MICOS complex subunit Mic10-like","liver"
"LOC115131685",550.960139459047,0.443428376905584,0.197616014495063,2.24388887731901,0.0248395519714334,0.199696279754561,"elongation factor 1-alpha-like","liver"
"LOC115135730",1117.09692256009,0.442618914737375,0.167629985747831,2.6404519022224,0.00827955440631672,0.12871512262463,"60S ribosomal protein L36a","liver"
"LOC115127027",76.2552127985313,0.441946825163673,0.179760884896362,2.45852608824478,0.0139508640120039,0.160631982239909,"ferritin, heavy subunit-like","liver"
"LOC115103393",1627.87356249413,0.441566784900251,0.257588984849381,1.71423007532114,0.0864864794222899,0.351114432395671,"pancreatic alpha-amylase-like","liver"
"ndufb3",301.818280216943,0.440039092245153,0.149049657151042,2.9522985873039,0.00315417767123568,0.0893500245512373,"NADH:ubiquinone oxidoreductase subunit B3","liver"
"LOC115126009",252.464003404165,0.43911986697678,0.127718519985794,3.43818474427688,0.000585628005461248,0.0466002202576675,"ATP synthase F(0) complex subunit B1, mitochondrial-like","liver"
"ten1",89.7092195592681,0.438899035548433,0.204281698596486,2.14849905088846,0.0316741317088134,0.223887153800204,"TEN1 subunit of CST complex","liver"
"LOC115140758",171.694610596652,0.438548801460635,0.135797708477166,3.22942711168337,0.00124038495043948,0.0594443493952692,"tumor necrosis factor receptor superfamily member 1A-like, transcript variant X3","liver"
"LOC115138170",325.028728089755,0.437880703855941,0.144193797317253,3.03675131665007,0.0023914266245891,0.0775679555562892,"ependymin-like","liver"
"LOC115106857",205.699491937676,0.437455558429845,0.236478716554641,1.84987285453558,0.0643318771904254,0.310072065194594,"cysteine-rich with EGF-like domain protein 2, transcript variant X1","liver"
"LOC115117228",12862.3128120475,0.437051818536977,0.168395851922097,2.59538351775533,0.00944854233628801,0.136568292775567,"gamma-aminobutyric acid type B receptor subunit 2-like, transcript variant X1","liver"
"LOC115122735",72.5743582095092,0.436961984507057,0.181697356251152,2.4048890612534,0.0161773759502965,0.166512586801537,"surfeit locus protein 4-like","liver"
"LOC115125102",117.704189547147,0.436853309494573,0.182834465123209,2.38933785924981,0.0168787723571439,0.169452896866302,"translation machinery-associated protein 7","liver"
"LOC115101889",433.897330527425,0.436582203923242,0.345203254863116,1.26471056623252,0.205975100856016,0.50423694359707,"apolipoprotein C-II-like","liver"
"LOC115142321",89.2864026483265,0.436085923390018,0.145500924514403,2.99713506869746,0.00272529935169364,0.0833243093754326,"MAP kinase-activated protein kinase 2-like","liver"
"LOC115102205",485.663604983162,0.435965511300006,0.143361518849768,3.04102185020002,0.00235776719901619,0.0775050244941065,"60S ribosomal protein L22","liver"
"LOC115123317",75.3482378700742,0.434678600440654,0.131906008277778,3.29536619382245,0.000982935010706774,0.0553773240994464,"cytochrome c, transcript variant X1","liver"
"LOC115141923",120.258379745092,0.433735480057397,0.205356380548574,2.11211104762729,0.0346769256427969,0.233239519670034,"tsukushin-like, transcript variant X4","liver"
"LOC115123309",139.920766314597,0.433309164401888,0.186790033219602,2.31976597965729,0.0203535403856204,0.181137621423119,"transcription factor jun-B-like, transcript variant X2","liver"
"LOC115134514",107.365890738346,0.431401853764681,0.122502583179889,3.52157352576958,0.000428993683539674,0.0455752763343709,"40S ribosomal protein S13","liver"
"LOC115103161",349.845892906869,0.430842735409452,0.158008798581986,2.72670091334123,0.00639709942907237,0.117067626263223,"T-complex protein 1 subunit gamma-like, transcript variant X1","liver"
"LOC115123566",143.833569123039,0.430223441673433,0.301913994799206,1.42498674816171,0.154161031782373,0.444006832320837,"ferritin, middle subunit-like","liver"
"LOC115135586",64.8317819903526,0.429288753258331,0.157342063785852,2.72837881319904,0.006364647147352,0.117067626263223,"proteasome subunit beta type-6-like, transcript variant X3","liver"
"chchd10",222.331458509674,0.428586032013772,0.221032667838087,1.93901669018321,0.0524993058906776,0.284120957496779,"coiled-coil-helix-coiled-coil-helix domain containing 10","liver"
"LOC115131938",336.276789032743,0.428572825006124,0.176592900236987,2.42689725595412,0.0152285678886448,0.164057073949211,"ATP synthase subunit epsilon, mitochondrial-like","liver"
"LOC115138520",70.5594755691191,0.428456526584019,0.542692962275023,0.789500797629448,0.429819363767516,0.697735722521961,"C-type lectin domain family 4 member K-like","liver"
"LOC115103257",1340.01541601553,0.426693568960981,0.177171144705065,2.40836943098885,0.016023956954257,0.16619248993779,"40S ribosomal protein S28","liver"
"LOC115110529",1423.85699368188,0.426008464481231,0.171074681130611,2.49019002499841,0.0127674812164827,0.155344040114578,"60S ribosomal protein L23","liver"
"LOC115131603",1075.79265338979,0.425552320410658,0.161148379308328,2.64074837263142,0.00827231331782805,0.12871512262463,"40S ribosomal protein S18","liver"
"LOC115125925",76.5594708916325,0.425045245224367,0.127366221836942,3.33718971242252,0.000846301598267938,0.0514854524558226,"peptidyl-prolyl cis-trans isomerase A-like","liver"
"LOC115132418",125.043507466417,0.424272288639081,0.126126997050257,3.3638499176352,0.000768633294855525,0.0497293541243035,"serine/threonine-protein kinase PINK1, mitochondrial-like","liver"
"LOC115116869",559.328758645918,0.422270849437236,0.114130357340002,3.69989947704503,0.000215684883174304,0.0366304826591026,"cytochrome c oxidase subunit NDUFA4-like","liver"
"LOC115119076",88.5615472324174,0.419906164008896,0.176800851122116,2.37502343084801,0.0175478362308816,0.171935049223734,"mid1-interacting protein 1-B-like","liver"
"LOC115114935",804.906624559947,0.419568449117068,0.205551828555243,2.04118081588511,0.0412328578290266,0.252624703929944,"40S ribosomal protein S12","liver"
"LOC115101480",137.094698707325,0.418767088901742,0.13507735759526,3.1002019609868,0.00193388729942709,0.069756855154556,"NADH dehydrogenase [ubiquinone] 1 alpha subcomplex subunit 2-like","liver"
"as3mt",116.059689267372,0.418271116378656,0.202324390032089,2.06732918513837,0.0387031459877955,0.245268670562614,"arsenite methyltransferase, transcript variant X2","liver"
"LOC115145407",133.569484008629,0.417714411078412,0.667618865772143,0.625677961624556,0.531526191302249,0.769709401192759,"vitellogenin-like","liver"
"LOC115101234",262.800734807576,0.41744531465389,0.126439197243093,3.30154986551605,0.000961522417839841,0.0551995123255661,"BCL2/adenovirus E1B 19 kDa protein-interacting protein 3-like","liver"
"LOC115102966",941.166681436714,0.416877779752255,0.146446391370659,2.84662377714128,0.00441855479715427,0.0970184912679679,"CCAAT/enhancer-binding protein delta-like","liver"
"sesn1",256.716176764189,0.416536706795516,0.339088855305321,1.22839987300809,0.219296895535733,0.514938140304512,"sestrin 1, transcript variant X1","liver"
"LOC115120964",679.334056449519,0.416428088982499,0.125276929618187,3.32406046549567,0.000887169583802161,0.0531779885820237,"cytochrome c oxidase subunit 4 isoform 1, mitochondrial-like","liver"
"LOC115145216",204.780302746805,0.416275065219718,0.11423425952455,3.64404747710785,0.000268383879765791,0.0397966689816656,"V-type proton ATPase 16 kDa proteolipid subunit","liver"
"rpl37a",1567.77862792598,0.414495756553259,0.157100274349395,2.63841523046236,0.00832945221897831,0.12871512262463,"ribosomal protein L37a","liver"
"nenf",104.080672406611,0.414085650508827,0.127801455854124,3.24006990171907,0.0011950040051509,0.0594004429877446,"neudesin neurotrophic factor","liver"
"LOC115137167",1511.22303835299,0.413859358335947,0.165176419790353,2.50555956389676,0.0122257804232832,0.153330095400931,"60S ribosomal protein L35a, transcript variant X1","liver"
"LOC115119847",1875.73109729824,0.413755346250182,0.239135890523708,1.73021015517184,0.083592734626488,0.347664337007804,"complement factor H-like","liver"
"LOC115134191",410.976022975315,0.413443960539343,0.634105432388442,0.652011383946123,0.514393828593116,0.761263014833398,"zona pellucida sperm-binding protein 4-like","liver"
"LOC115121105",30661.0139628788,0.412170025611638,0.30082506691651,1.3701319169856,0.170645726239002,0.464553299943853,"metalloproteinase inhibitor 2-like","liver"
"npc2",398.110129019525,0.411766175434944,0.127970888839682,3.21765503989577,0.00129243155440575,0.0594443493952692,"NPC intracellular cholesterol transporter 2","liver"
"LOC115139699",778.561921895274,0.41151136004255,0.151985418448728,2.70757131995114,0.00677775061565582,0.119078066850919,"cysteine dioxygenase type 1-like","liver"
"srek1ip1",88.1192107128222,0.410380204861804,0.162326961012679,2.52810871528451,0.0114678835494009,0.150784172088251,"SREK1 interacting protein 1","liver"
"ngdn",149.31254006742,0.410364544696398,0.177523728491261,2.31160390886337,0.0207995210356294,0.182463925527092,"neuroguidin","liver"
"LOC115112294",267.897940351861,0.410235228256016,0.151355031396341,2.7104168554646,0.00671986940253453,0.119078066850919,"probable ribosome biogenesis protein RLP24","liver"
"LOC115140802",156.066029931021,0.408520462555704,0.167609836768164,2.43732987533879,0.0147961746731969,0.16299785937284,"gamma-aminobutyric acid receptor-associated protein-like 1","liver"
"LOC115110806",662.366194763291,0.408457147851047,0.126985036608032,3.21657699805878,0.00129729716843298,0.0594443493952692,"cytochrome c oxidase subunit NDUFA4-like","liver"
"gsto1",661.838340570976,0.408263765854373,0.193824323577663,2.10635981242461,0.0351731093717971,0.234579746776844,"glutathione S-transferase omega 1","liver"
"LOC115132550",120.331132873945,0.407746960499407,0.144276642319148,2.82614672718435,0.00471116785138218,0.101066948222283,"ATP synthase F(0) complex subunit B1, mitochondrial-like","liver"
"LOC115129427",1188.89348656547,0.407291170624367,0.140795739467047,2.89278050718071,0.00381848041649829,0.0960013657626569,"ADP/ATP translocase 2-like","liver"
"LOC115128732",359.507379603292,0.407220352820583,0.193472883272343,2.10479290913009,0.0353093386887365,0.234579746776844,"60S acidic ribosomal protein P1-like","liver"
"LOC115129598",831.169747066377,0.406850628203479,0.166225639198092,2.4475804705352,0.014381900585662,0.16126343215619,"60S ribosomal protein L36a-like","liver"
"LOC115125554",1565.01379509135,0.406433673218588,0.174663174785509,2.32695686264549,0.0199675612839272,0.180302431495568,"60S ribosomal protein L30","liver"
"LOC115129279",169.869263430118,0.405800578479039,0.415693144719512,0.976202238679813,0.328964254078288,0.613285735480822,"lateral signaling target protein 2 homolog","liver"
"LOC115113712",765.507935780703,0.40569224003358,0.11889811452952,3.41209986078336,0.000644644927739824,0.0466002202576675,"ferritin, heavy subunit-like","liver"
"LOC115129589",1497.05758093396,0.405645605188737,0.175809265740252,2.30730504152184,0.021037820671434,0.183415687521539,"60S ribosomal protein L39","liver"
"rps27a",1275.61579085629,0.405464762488258,0.160823074399808,2.52118524659135,0.0116960260349511,0.151824081054472,"ribosomal protein S27a","liver"
"LOC115143058",326.047219051415,0.404275888455371,0.213684830681616,1.89192600694117,0.0585008401323673,0.295476362304249,"cathepsin Z-like","liver"
"LOC115102020",114.230862607734,0.403928485977945,0.143303824376734,2.81868601717181,0.00482206615291427,0.101812332498642,"40S ribosomal protein S23","liver"
"gps1",67.9021499002825,0.4026434172951,0.106015731844926,3.79795913576361,0.000145892367850791,0.0297328645679912,"G protein pathway suppressor 1, transcript variant X3","liver"
"LOC115147075",1740.86812751107,0.402593087643898,0.169472314203629,2.37556847875556,0.0175219407890302,0.171935049223734,"40S ribosomal protein S14","liver"
"LOC115137610",60.5012822499812,0.402125928355454,0.139172694713164,2.88940247355445,0.00385974712952339,0.0960013657626569,"dehydrogenase/reductase SDR family member 11-like","liver"
"LOC115112920",65.1284244089856,0.402105692903239,0.0997537194404276,4.03098446011704,5.55437163808693e-05,0.0230517281281126,"renin receptor-like","liver"
"LOC115113623",192.360911133868,0.400730897470482,0.14623381391305,2.7403436096439,0.00613749827000238,0.113744391401639,"cytochrome c oxidase subunit 5A, mitochondrial-like","liver"
"LOC115140186",155.996380722397,0.400670402428007,0.114711177103932,3.49286279282956,0.000477871978136607,0.0463763376877336,"dynein light chain 1, cytoplasmic-like","liver"
"LOC115128602",882.266058299077,0.399687924813697,0.168778761297146,2.36811742035492,0.0178788606321226,0.173510085563171,"digestive cysteine proteinase 1-like, transcript variant X2","liver"
"anxa2",212.765666030118,0.399277989892886,0.219520312523752,1.81886580472905,0.0689319059294366,0.318235015948244,"annexin A2, transcript variant X1","liver"
"tpp1",98.0892749246012,0.399061883643742,0.160155339856791,2.49171762865089,0.0127127059244979,0.155344040114578,"tripeptidyl peptidase 1, transcript variant X1","liver"
"LOC115132528",183.917605024767,0.39866129450119,0.261204203992836,1.52624379090056,0.126949161348984,0.410344791164518,"keratin, type I cytoskeletal 18","liver"
"LOC115101638",308.295938254413,0.398416439321792,0.152567707699493,2.61140738973767,0.00901704065705979,0.13271750448203,"ATP synthase subunit epsilon, mitochondrial-like","liver"
"mcts1",129.538979332416,0.394678430279061,0.159314939874049,2.47734726316996,0.0132363047712638,0.156834820487416,"MCTS1 re-initiation and release factor","liver"
"LOC115103239",275.552708701141,0.394602737810085,0.132715271979291,2.97330316191237,0.00294613303653233,0.0870176685283026,"ubiquitin-60S ribosomal protein L40-like","liver"
"LOC115132503",278.287297908528,0.394422376906877,0.136718785757466,2.8849172022824,0.00391516616240059,0.0960013657626569,"myosin light polypeptide 6-like","liver"
"LOC115115463",76.0460918008365,0.393951770466896,0.146703618939158,2.68535822984898,0.00724521046584071,0.120988282645798,"OCIA domain-containing protein 1-like","liver"
"LOC115122703",93.9453310222085,0.39259851604198,0.118389231381673,3.31616745425341,0.000912611277341178,0.0539101966151107,"pyridoxal phosphate homeostasis protein-like, transcript variant X1","liver"
"ydjc",203.634694383103,0.391681742191599,0.200941892727997,1.94922888838215,0.0512680965090294,0.281629058451218,"YdjC chitooligosaccharide deacetylase homolog","liver"
"LOC115132002",1697.48765900131,0.390741431805963,0.165781716382278,2.35696336322727,0.0184250645733505,0.176292401880227,"60S ribosomal protein L22-like","liver"
"LOC115108282",448.938976710955,0.390260159210742,0.127402829821727,3.06319851573806,0.0021898473689914,0.0769467058276633,"ATP synthase subunit delta, mitochondrial-like, transcript variant X1","liver"
"LOC115112235",2393.41559909146,0.390200139779161,0.198377169662909,1.966960918145,0.0491877165559555,0.275151680148981,"60S ribosomal protein L13","liver"
"LOC115131347",3144.57926612264,0.389816696558987,0.214560240583027,1.81681701838017,0.0692451360793295,0.318558887877367,"60S acidic ribosomal protein P1-like","liver"
"LOC115123305",96.4941894974684,0.389113007150288,0.228052974249164,1.70623956311639,0.0879634854184818,0.353721798164998,"transcription factor jun-B-like, transcript variant X2","liver"
"LOC115112233",216.219266478795,0.388685164013001,0.141174459716729,2.75322579447381,0.00590111809577063,0.112516378984712,"26S proteasome non-ATPase regulatory subunit 7","liver"
"LOC115134283",77.3583721603308,0.387899340709515,0.384534874349025,1.00874944402945,0.313094812534519,0.602462265574022,"1-acyl-sn-glycerol-3-phosphate acyltransferase gamma-like, transcript variant X2","liver"
"LOC115116667",88.4393854548743,0.387885089624845,0.134256582215978,2.88913275775825,0.00386305943276288,0.0960013657626569,"proteasome subunit alpha type-1-like","liver"
"LOC115102499",61.053872350021,0.387819060586685,0.129292350700169,2.9995514698781,0.00270377437413185,0.0833243093754326,"transcription initiation factor TFIID subunit 8-like","liver"
"LOC115121643",246.74922223434,0.387129277726781,0.792002684097247,0.488797936547456,0.624984759027615,0.83632234990038,"vitellogenin-like","liver"
"LOC115134531",286.144509610876,0.387077658772669,0.206625138098171,1.8733328496979,0.0610224363886906,0.303326159415003,"protein disulfide-isomerase A3-like","liver"
"LOC115135638",58.7710811222779,0.386445684219068,0.171822374052608,2.24909989953199,0.0245061409508157,0.198335606979539,"peroxiredoxin-5, mitochondrial-like","liver"
"LOC115116511",72.9666499585541,0.386435285239876,0.159901120379486,2.41671405630409,0.0156613147314094,0.164057073949211,"kelch-like protein 23","liver"
"LOC115142752",183.286990275161,0.385806155879478,0.432783822120269,0.891452351405742,0.372686543079658,0.653363591222662,"rho-related BTB domain-containing protein 3-like, transcript variant X2","liver"
"LOC115113313",708.776259178033,0.385468284835589,0.325052059342392,1.18586630589397,0.235675101273526,0.529846504573023,"nuclear receptor coactivator 4-like, transcript variant X1","liver"
"LOC115101131",77.8491618850594,0.385096394954965,0.205499372873199,1.87395411270956,0.0609367500622084,0.303270077232676,"complement component C6-like","liver"
"LOC115123937",790.762208653706,0.384960964959634,0.23333140501343,1.64984634167645,0.0989743677652742,0.371096080986501,"mesencephalic astrocyte-derived neurotrophic factor-like","liver"
"aldh7a1",611.437071727558,0.384669495848693,0.163614210194551,2.35107632394086,0.0187191937289967,0.17744054334742,"aldehyde dehydrogenase 7 family member A1","liver"
"thoc7",141.127740410038,0.384246771819124,0.130162289411199,2.95205910680658,0.00315662500867963,0.0893500245512373,"THO complex 7, transcript variant X2","liver"
"LOC115145049",232.601152761464,0.384077711780785,0.274682429437317,1.39826093925106,0.162034722992276,0.455191954661357,"polymeric immunoglobulin receptor-like, transcript variant X3","liver"
"LOC115104936",92.4194988837223,0.382176833657941,0.131329404491845,2.91006294543636,0.00361355971480085,0.094113651909579,"mitochondrial fission regulator 1-like","liver"
"LOC115101740",155.084673277335,0.382092873661994,0.12911183198517,2.95939471841652,0.0030824400607393,0.0891065651600948,"succinate dehydrogenase cytochrome b560 subunit, mitochondrial-like, transcript variant X1","liver"
"LOC115135885",1356.78160361933,0.381748980311188,0.15794739106076,2.41693754956886,0.0156517022110302,0.164057073949211,"60S acidic ribosomal protein P2-like","liver"
"LOC115128083",2608.60971601268,0.381735411145364,0.15610541180826,2.4453694892669,0.014470381020996,0.161321322634664,"60S ribosomal protein L30","liver"
"LOC115110327",146.12802801956,0.381390601872496,0.130699481694434,2.91807279514819,0.00352202116658617,0.0935229245209585,"ubiquitin domain-containing protein UBFD1-like, transcript variant X3","liver"
"rpl39",1685.63512493942,0.38122810995224,0.129647160340222,2.94050489769168,0.00327677821244317,0.0905449372632689,"ribosomal protein L39","liver"
"LOC115138930",247.348124609799,0.380930463225651,0.110160670919828,3.45795336979094,0.000544295583480975,0.0466002202576675,"ATPase inhibitor B, mitochondrial-like, transcript variant X2","liver"
"cdkl1",112.012669501929,0.380853159419685,0.186626001698269,2.04072935150503,0.0412777362162274,0.252624703929944,"cyclin dependent kinase like 1, transcript variant X1","liver"
"LOC115140993",194.388316819064,0.380550769204731,0.176029496811069,2.16185796186858,0.0306291261516756,0.220446979380943,"T-complex protein 1 subunit gamma-like","liver"
"LOC115146361",491.230865527366,0.380243882229533,0.12163889082999,3.12600583279723,0.00177198037178329,0.0681612429800408,"cytochrome c oxidase subunit 7A2, mitochondrial-like","liver"
"LOC115127407",240.133756834181,0.380108986289674,0.187981287499574,2.02205757469628,0.0431704042375875,0.257491084209723,"immediate early response gene 2 protein-like","liver"
"LOC115104691",60.6762971248561,0.37983170384195,0.405478290145359,0.936749791723214,0.348887277344387,0.628953800290015,"toll-like receptor 5","liver"
"LOC115135016",283.984900242854,0.379802701150606,0.116386990453582,3.26327452639202,0.001101327800941,0.058298858657604,"cytochrome c1, heme protein, mitochondrial-like","liver"
"LOC115140061",148.876558429552,0.37969107414628,0.156807076844399,2.42138991292498,0.015461283307352,0.164057073949211,"transmembrane emp24 domain-containing protein 2-like, transcript variant X1","liver"
"LOC115142868",132.139874556434,0.379027205555759,0.111157771596124,3.40981291828069,0.000650074553832238,0.0466002202576675,"cytochrome c1, heme protein, mitochondrial-like","liver"
"LOC115101041",58.5478153259554,0.378845036262164,0.149044948457481,2.54181735230187,0.0110277783908776,0.147374507282679,"uncharacterized LOC115101041","liver"
"LOC115128406",2220.88803076246,0.378440335837657,0.146244666207175,2.58772060309909,0.00966133095779201,0.137211097505088,"40S ribosomal protein S18","liver"
"psmg1",78.7690508271324,0.378370304306784,0.181357134802753,2.08632709553063,0.0369490038927604,0.238297689662803,"proteasome assembly chaperone 1, transcript variant X2","liver"
"lg3h2orf76",77.9954874111851,0.378254144258333,0.15421511309317,2.45276961947179,0.0141761097346473,0.16126343215619,"linkage group 3 C2orf76 homolog","liver"
"LOC115130424",337.854820420229,0.378096345533894,0.238175873582543,1.58746702529826,0.112406909517864,0.39294216397497,"protein phosphatase 1 regulatory subunit 3G-like","liver"
"LOC115138191",1857.76248620162,0.378000915957943,0.223001802346045,1.6950576720962,0.0900644808375479,0.356756874532405,"acidic mammalian chitinase-like, transcript variant X2","liver"
"LOC115143167",66.2406955859994,0.377327942850296,0.107354120651222,3.51479701534868,0.00044009023276281,0.0455752763343709,"GTP-binding protein Rheb-like","liver"
"LOC115112206",58.1260815547113,0.377317657566858,0.180611931265235,2.08910704250626,0.0366980885552001,0.237054530825667,"cytochrome c oxidase copper chaperone-like","liver"
"LOC115139625",82.9731148521565,0.376992027023703,0.114488247070104,3.2928447825117,0.000991792114636798,0.0553773240994464,"5'-3' exoribonuclease 2-like","liver"
"LOC115129047",1248.20611560568,0.37697600527648,0.138497929513901,2.72188910404356,0.00649099203520322,0.117067626263223,"60S ribosomal protein L14-like","liver"
"LOC115145863",79.9568680641811,0.376196718101696,0.133860467495224,2.8103645918846,0.00494854070269636,0.10202665760367,"acid ceramidase-like","liver"
"LOC115108729",182.034175973585,0.376187162898158,0.285732868736154,1.31656943970814,0.187982988148766,0.483018160085824,"midnolin-like","liver"
"LOC115101900",100.121047264529,0.375877419543137,0.111666361431316,3.36607564467238,0.000762457964262816,0.0497293541243035,"gamma-secretase subunit PEN-2","liver"
"c8b",676.152829804591,0.375831010394331,0.207336022574637,1.8126662493443,0.0698833130323408,0.319690666576679,"complement C8 beta chain","liver"
"LOC115128279",120.149573456315,0.375622236125304,0.251571087235047,1.49310574698257,0.135409508441276,0.422025930165245,"sialidase-1-like","liver"
"LOC115134231",331.31616901982,0.374957134944746,0.162078217840889,2.31343322958326,0.0206988318730892,0.182221249923783,"pro-cathepsin H-like, transcript variant X1","liver"
"LOC115123736",4167.87281080873,0.37491878092766,0.152277024185113,2.46208371180077,0.0138132422217841,0.159951066181795,"40S ribosomal protein S8-like","liver"
"LOC115105128",133.605352275077,0.373950307098346,0.163630759111814,2.28533014897776,0.0222934763951669,0.189703987028602,"cytochrome b5-like","liver"
"LOC115125424",314.806983664301,0.372823229775227,0.186008546531243,2.00433386921071,0.045034308092059,0.262535331534949,"neutral cholesterol ester hydrolase 1-like","liver"
"LOC115109117",362.229105607969,0.371275761112192,0.159327356243236,2.33027001681611,0.0197918844158931,0.179507590461062,"growth arrest and DNA damage-inducible protein GADD45 beta-like","liver"
"LOC115113739",77.4859074888473,0.37102383049443,0.147753448968989,2.51110097993248,0.0120355263530527,0.153195161526808,"importin-7-like","liver"
"mrps30",61.4409153947836,0.370762351350949,0.176057741947872,2.10591336256446,0.0352118787266826,0.234579746776844,"mitochondrial ribosomal protein S30","liver"
"derl1",741.667723792834,0.370414616296239,0.136464405075315,2.71436801480801,0.00664023543410133,0.118190391394747,"derlin 1","liver"
"LOC115102153",286.833553083318,0.370407775105859,0.15483115299734,2.39233363528736,0.0167416160486004,0.169125591053966,"poly(rC)-binding protein 2-like, transcript variant X3","liver"
"LOC115144962",206.847991768062,0.369987822957932,0.150436538440129,2.45942792086499,0.0139158638111004,0.160631982239909,"MAP kinase-interacting serine/threonine-protein kinase 2-like","liver"
"LOC115128625",187.638755670216,0.369863153479816,0.244700854927552,1.51149105543306,0.130663385803046,0.41540889168661,"hydroxyacid oxidase 2-like, transcript variant X6","liver"
"LOC115139232",147.858194577542,0.369825601909219,0.217047538869067,1.70389216959661,0.0884012341756424,0.353721798164998,"cell division control protein 42 homolog, transcript variant X1","liver"
"LOC115122937",231.907936802106,0.36951906601661,0.23393910314726,1.57955237514955,0.114209413118911,0.394843487389548,"ictacalcin-like","liver"
"LOC115110394",1764.86329997426,0.369197398286776,0.163208799475297,2.26211699046691,0.023690176132615,0.19546793100514,"60S ribosomal protein L23","liver"
"LOC115126864",67.5329604610936,0.368942269425553,0.208301993473165,1.77118933560798,0.0765292220630261,0.333098555422861,"transgelin-2-like","liver"
"LOC115106253",116.392299178008,0.368864881293342,0.144645979332222,2.55012191141611,0.0107685255900242,0.144859769983296,"NADH dehydrogenase [ubiquinone] 1 alpha subcomplex subunit 5-like","liver"
"bpnt1",71.4893952333444,0.368753230983087,0.137258355731881,2.6865630803811,0.00721913154124653,0.120988282645798,"3'(2'), 5'-bisphosphate nucleotidase 1","liver"
"pxmp2",159.858707590533,0.368648750680701,0.144278286421299,2.555122879712,0.0106150317125679,0.144392931907347,"peroxisomal membrane protein 2","liver"
"agxt",1867.9756505831,0.36844748124838,0.25395505134536,1.45083737967204,0.146825148310785,0.435493105468807,"alanine--glyoxylate and serine--pyruvate aminotransferase","liver"
"LOC115121194",145.259317834194,0.368035331364268,0.199685509316079,1.84307480610279,0.0653180891875134,0.311023985430262,"anaphase-promoting complex subunit CDC26-like, transcript variant X1","liver"
"LOC115137284",59.2153474599521,0.368028240975826,0.127988051132191,2.87548906105081,0.00403402123482774,0.0963575161217609,"LON peptidase N-terminal domain and RING finger protein 1-like, transcript variant X1","liver"
"LOC115110500",146.048266089194,0.367882893184049,0.137169719062689,2.68195412003374,0.00731934972157717,0.120988282645798,"NADH dehydrogenase [ubiquinone] 1 alpha subcomplex subunit 6-like","liver"
"LOC115139707",126.410761045247,0.367465207022544,0.211326246162598,1.7388526683042,0.082060681571873,0.345018683779301,"tetraspanin-36-like","liver"
"LOC115144019",734.941297950166,0.367397454796203,0.160431606078134,2.29005657786204,0.0220180370810259,0.188884564125092,"arginase-1-like","liver"
"LOC115115084",129.996283159779,0.366635676051115,0.114644534229848,3.19802141911148,0.00138374002167931,0.0609501806436442,"uncharacterized LOC115115084","liver"
"LOC115143985",149.714335201736,0.366087268427125,0.102353641215717,3.57669022888567,0.000347972117627897,0.0436490093123143,"ADP-ribosylation factor 1","liver"
"LOC115142589",99.382477783106,0.365490006522589,0.102975710609673,3.5492836549385,0.000386280733622227,0.0449851505784057,"phosphoribosyl pyrophosphate synthase-associated protein 1-like, transcript variant X2","liver"
"nfkb2",74.064859416402,0.365424132212177,0.327774819351449,1.11486334714553,0.264908985489355,0.562460659673982,"nuclear factor kappa B subunit 2","liver"
"LOC115130603",120.686463966486,0.365405057580284,0.174223059919235,2.09734037359737,0.0359634552911683,0.236107404549631,"tubulin beta-4B chain-like","liver"
"rps9",1000.16947615765,0.365341831466714,0.147941821378304,2.4694966444444,0.013530328753222,0.157883405011815,"ribosomal protein S9, transcript variant X2","liver"
"katnal1",98.0369761347404,0.365021305267929,0.328489381693783,1.11121188571082,0.26647715636497,0.563006462704206,"katanin catalytic subunit A1 like 1, transcript variant X1","liver"
"LOC115143503",1302.97766429462,0.364868768616868,0.197566126486862,1.84681845569884,0.064773456141368,0.310607773214372,"40S ribosomal protein S10-like","liver"
"LOC115104324",300.08546681155,0.364095640817325,0.169223740620414,2.1515636014336,0.0314317414881094,0.223513442448635,"eukaryotic translation initiation factor 3 subunit D, transcript variant X1","liver"
"LOC115115072",265.404688751201,0.363757884393784,0.137402035429908,2.64739807715108,0.00811138069657933,0.127652462236515,"signal peptidase complex subunit 3","liver"
"LOC115106793",1683.09308714272,0.363718649506132,0.149897654159747,2.42644657479772,0.0152474950976271,0.164057073949211,"60S ribosomal protein L35a","liver"
"LOC115129536",2035.18964158399,0.363234838926655,0.23289408929463,1.55965675224644,0.118841017361098,0.399022611236311,"sequestosome-1-like, transcript variant X1","liver"
"f9",2950.3494955666,0.362891450350171,0.163630923876806,2.21774369876066,0.0265723128886994,0.208286052566036,"coagulation factor IX","liver"
"psen2",95.8529032742696,0.362847701075163,0.108299309143246,3.35041565773268,0.000806903782183541,0.0498324214572744,"presenilin 2, transcript variant X1","liver"
"LOC115138249",593.119021585147,0.361862365675436,0.192203877957952,1.88270064849888,0.0597409475196681,0.299461536782545,"GTP cyclohydrolase 1","liver"
"echs1",89.2907237369422,0.3613600335604,0.19420351603739,1.86072858480496,0.0627825150333913,0.30646889973186,"enoyl-CoA hydratase, short chain 1","liver"
"LOC115111499",331.406302592937,0.360510525541421,0.126479948105054,2.85033739294376,0.00436728749293919,0.0970184912679679,"C-type lectin domain family 4 member E-like","liver"
"LOC115128209",440.815439397287,0.360353753899921,0.14541869382076,2.47804284601872,0.0132105280325602,0.156834820487416,"40S ribosomal protein S27","liver"
"sptssa",190.624500402747,0.360105831344363,0.104830088173509,3.43513811367147,0.000592251899888623,0.0466002202576675,"serine palmitoyltransferase small subunit A","liver"
"LOC115133149",192.120380426121,0.359857207247968,0.123701904604467,2.90906763641677,0.00362508423694895,0.094113651909579,"NADH dehydrogenase [ubiquinone] 1 alpha subcomplex subunit 5-like","liver"
"LOC115113672",258.928134659453,0.359369386756557,0.127966278356406,2.80831318510067,0.0049801767887743,0.10202665760367,"probable ribosome biogenesis protein RLP24","liver"
"bola2b",86.3672499865227,0.359243446429272,0.143726980095373,2.49948510843886,0.0124373926212158,0.15362064340629,"bolA family member 2B","liver"
"LOC115101422",350.413226536381,0.358994983473786,0.158895600304245,2.25931355422304,0.0238638873753045,0.196107268027704,"cystatin-B-like","liver"
"LOC115110534",167.652561641131,0.358175405436068,0.113621331080027,3.15236058257225,0.00161956140841037,0.0660133230068067,"transmembrane protein 106B-like, transcript variant X4","liver"
"LOC115122904",1451.66527029585,0.358073151174006,0.161388272154591,2.21870614508478,0.0265067226952932,0.20817225762238,"40S ribosomal protein S4-like","liver"
"ccs",63.3178451248825,0.357882957048778,0.145690707193281,2.4564569967664,0.0140314594539279,0.161104869673831,"copper chaperone for superoxide dismutase","liver"
"LOC115110055",971.694614274358,0.357048824610882,0.261446024308987,1.36566935968744,0.172042765633139,0.466254197287682,"ferritin, middle subunit-like","liver"
"haao",83.9214918107747,0.356855779677717,0.253731859309972,1.40642874193328,0.159596850495725,0.451121194605114,"3-hydroxyanthranilate 3,4-dioxygenase","liver"
"LOC115101316",3101.77392355214,0.356623231509773,0.151242389153074,2.3579581988012,0.018375762031455,0.176234367153436,"pyruvate carboxylase, mitochondrial-like","liver"
"LOC115107122",318.020719417165,0.355856691278457,0.216450617393334,1.64405486832959,0.100164869228682,0.372921081015946,"sodium-coupled neutral amino acid transporter 2-like","liver"
"LOC115130693",58.2884838111164,0.355447532889089,0.14522890326384,2.44749856881685,0.0143851696498742,0.16126343215619,"uncharacterized LOC115130693","liver"
"LOC115106648",122.338210324329,0.355320386434942,0.110827075702084,3.20607923816455,0.00134556930141526,0.06062252611577,"ras-related protein Rab-5C, transcript variant X4","liver"
"LOC115112425",2541.17016693705,0.355263508974251,0.175534953517558,2.02389040960275,0.0429814289278647,0.257257421894239,"ferritin, heavy subunit","liver"
"c8g",2183.90522234269,0.354995552960149,0.124243927711775,2.85724670410998,0.00427333553603185,0.0963575161217609,"complement C8 gamma chain, transcript variant X2","liver"
"spp2",2520.84482121041,0.354223069313965,0.221484807302256,1.59931091269192,0.109751535968419,0.388322274832704,"secreted phosphoprotein 2","liver"
"LOC115140185",1843.60103921301,0.35405176155833,0.166499212069071,2.12644706937985,0.0334660520770949,0.229611277294517,"60S ribosomal protein L6-like","liver"
"LOC115112919",109.79237279985,0.353599243164079,0.131086135024134,2.69745723374161,0.00698712588977641,0.119738667963907,"thyrotroph embryonic factor-like, transcript variant X2","liver"
"LOC115113675",1433.04796335557,0.353447632464554,0.125624860929793,2.81351660689266,0.00490028549508229,0.10202665760367,"cytochrome c oxidase subunit 4 isoform 1, mitochondrial","liver"
"LOC115106689",379.878911351024,0.353335110210504,0.139972780724334,2.52431300129967,0.0115924661604249,0.151445166890679,"26S proteasome regulatory subunit 8","liver"
"LOC115139195",133.900088398587,0.353161830692717,0.197539568162554,1.78780299044747,0.0738077982478535,0.328709888003268,"ubiquitin-like protein FUBI","liver"
"nfatc2ip",207.187856221248,0.35315036636815,0.267388697560353,1.32073782321498,0.186588797879237,0.481720804515534,"nuclear factor of activated T cells 2 interacting protein, transcript variant X2","liver"
"LOC115116375",137.43483245697,0.352701947968513,0.147887372467705,2.38493619896814,0.0170820835810859,0.171072660138835,"NADH dehydrogenase [ubiquinone] 1 alpha subcomplex subunit 13-like","liver"
"ssh2",74.1663391832755,0.352670172617881,0.224823743653709,1.56865181090967,0.11672909288661,0.397673381316156,"slingshot protein phosphatase 2, transcript variant X2","liver"
"LOC115123159",294.921715162025,0.352450146374816,0.260479143542946,1.3530839420804,0.176028815031446,0.471414881779352,"ferritin, middle subunit-like","liver"
"LOC115108458",2502.33602330323,0.352273674165914,0.15634218120161,2.25322220438796,0.0242451420479881,0.197327176492943,"kininogen-1-like","liver"
"LOC115132820",24793.7875872474,0.351816496451589,0.16524855039377,2.12901411608905,0.0332530925242486,0.229611277294517,"cathepsin K-like","liver"
"LOC115119775",2625.0215449487,0.35176203582046,0.233429702330539,1.50692920527466,0.1318288045061,0.416538145090591,"endoplasmic reticulum chaperone BiP","liver"
"LOC115143646",228.346945069676,0.351405933203034,0.123270601389024,2.85068726235907,0.00436248536853406,0.0970184912679679,"cytochrome c oxidase subunit 6C-1","liver"
"LOC115110595",93.5969142548108,0.350878812609161,0.532431380070291,0.659012270394052,0.509887889246373,0.759891421048708,"mitochondrial glycine transporter B-like, transcript variant X3","liver"
"LOC115141465",237.140340345753,0.350759474912679,0.149990789722314,2.33854009010859,0.0193592485141395,0.178602417127693,"NADPH--cytochrome P450 reductase, transcript variant X2","liver"
"washc4",66.2036932223502,0.350452166473626,0.127610529584687,2.74626371048051,0.00602782897238764,0.113288417179887,"WASH complex subunit 4, transcript variant X2","liver"
"LOC115143940",400.663201636143,0.349903044748728,0.149536457049379,2.33991798156075,0.0192879751675766,0.178602417127693,"26S proteasome regulatory subunit 8-like","liver"
"LOC115138378",703.432819033702,0.349699600687682,0.130377227634724,2.68221381165911,0.00731366991978904,0.120988282645798,"cytochrome c oxidase subunit 7A2, mitochondrial-like","liver"
"LOC115129540",79765.8844068798,0.349304704834045,0.180481501201435,1.93540447363737,0.0529406807736711,0.28440666342479,"leukocyte cell-derived chemotaxin-2-like, transcript variant X2","liver"
"LOC115145480",388.317758752343,0.349242278876609,0.164229769521458,2.12654672715093,0.033457762854844,0.229611277294517,"dolichyl-diphosphooligosaccharide--protein glycosyltransferase subunit DAD1-like","liver"
"LOC115144429",75.7192612011235,0.349217773977917,0.108461350927536,3.2197439086964,0.00128305159766758,0.0594443493952692,"vacuolar protein sorting-associated protein 26A-like","liver"
"LOC115126942",885.306737408539,0.349046322922548,0.144591615831553,2.4140149545682,0.01577781476646,0.164057073949211,"alpha-aspartyl dipeptidase-like, transcript variant X1","liver"
"LOC115126802",1354.63330245244,0.348181276449532,0.142030468545263,2.45145481822143,0.0142280047443972,0.16126343215619,"40S ribosomal protein S27-like, transcript variant X3","liver"
"LOC115112424",1000.21596779796,0.347952878460426,0.148739616861452,2.33934230706361,0.0193177247916246,0.178602417127693,"60S acidic ribosomal protein P2-like","liver"
"LOC115107973",1692.37611843051,0.347614451898843,0.160160814035011,2.17040887306463,0.0299758852128138,0.218899134271184,"ubiquitin-like protein FUBI","liver"
"LOC115128695",120.786028850858,0.34681731253966,0.110752953161098,3.13144979561122,0.0017394552370815,0.0681612429800408,"cytochrome b-c1 complex subunit 7-like","liver"
"LOC115139684",74.2294812227071,0.346621217124971,0.162325333874355,2.13534886300167,0.0327325243978959,0.227675374480928,"rho-related GTP-binding protein RhoB","liver"
"hmces",70.5926980762126,0.345799098166225,0.147424966526239,2.34559387269509,0.0189967942268405,0.178002145445062,"5-hydroxymethylcytosine binding, ES cell specific, transcript variant X1","liver"
"LOC115140540",359.565298868985,0.345680089662034,0.135310747339139,2.5547127368651,0.0106275465093729,0.144392931907347,"glutathione S-transferase theta-1-like, transcript variant X1","liver"
"proc",2951.19627057297,0.34485279158201,0.163072039179486,2.11472667734563,0.0344532492910063,0.233098244761177,"protein C, inactivator of coagulation factors Va and VIIIa","liver"
"ndufb1",428.45153591816,0.34480238040331,0.125828922581807,2.74024741950039,0.00613929492354283,0.113744391401639,"NADH:ubiquinone oxidoreductase subunit B1","liver"
"LOC115111133",92.8031376893536,0.343322306033088,0.144331912762104,2.37869989708354,0.0173738140288819,0.171935049223734,"proteasome subunit alpha type-1-like","liver"
"LOC115112078",18167.2019650442,0.343314228016402,0.206236976967206,1.66465894266378,0.0959808186144736,0.365624127731397,"prothrombin-like","liver"
"LOC115114176",64.2713283030512,0.342800636999993,0.237466285236798,1.44357602873249,0.148858271892652,0.438083982840758,"volume-regulated anion channel subunit LRRC8D-like","liver"
"LOC115133286",1165.23663080331,0.342297372765839,0.168122144847936,2.03600407950685,0.0417499456265357,0.253610698023486,"40S ribosomal protein S4","liver"
"LOC115133988",177.733657672966,0.341816701830848,0.201729618420162,1.69442992312073,0.0901836174423566,0.356881965723345,"glucose-6-phosphate isomerase-like","liver"
"LOC115107068",1234.25882170323,0.341677212126299,0.327660127537646,1.04277934179539,0.29705050118707,0.590091121146007,"phenylalanine-4-hydroxylase-like","liver"
"LOC115145367",85.358156623265,0.341377389458014,0.150313985618027,2.27109532126646,0.0231412081746218,0.192890724989281,"protein mago nashi homolog","liver"
"spr",67.7449169099603,0.340881060716705,0.191649359192956,1.77867049570199,0.0752937990501414,0.330036247274988,"sepiapterin reductase, transcript variant X3","liver"
"LOC115135501",127.073379824732,0.340705520199674,0.121943145293805,2.79397025047033,0.00520652681937953,0.104916091990504,"ras-related protein Rab-1B-like","liver"
"lg27h9orf64",78.248513654013,0.340585631789648,0.163596208425104,2.08186751434139,0.0373545727902313,0.238699977715578,"linkage group 27 C9orf64 homolog","liver"
"LOC115137705",58.8079336990073,0.340280777406835,0.340474620129591,0.999430669097503,0.317586109116675,0.604704843863596,"DNA-binding protein inhibitor ID-1-like","liver"
"LOC115103739",1743.06021643696,0.340186983437612,0.179471170142153,1.89549654781969,0.0580266486601497,0.294660212954273,"fucolectin-6-like, transcript variant X2","liver"
"LOC115113710",1090.54027451744,0.33973624835077,0.154889588748658,2.19340919616016,0.0282779103490912,0.215038736162119,"60S acidic ribosomal protein P2-like, transcript variant X1","liver"
"LOC115146233",224.027667045909,0.33888799665463,0.168114338226452,2.01581852107192,0.0438189561191787,0.260297721072378,"dihydrolipoyllysine-residue succinyltransferase component of 2-oxoglutarate dehydrogenase complex, mitochondrial-like, transcript variant X1","liver"
"LOC115113723",756.362964793955,0.337506038901237,0.14719295576322,2.29294966699467,0.0218509029008203,0.188695508948609,"40S ribosomal protein S13-like","liver"
"LOC115117576",637.691112906752,0.336533659303398,0.156194645448269,2.15457872027282,0.0311948157295468,0.222679630321599,"60S ribosomal protein L18","liver"
"LOC115104186",136.767314437991,0.336271279162485,0.14693113945584,2.28863180676245,0.0221007542378071,0.188884564125092,"ubiquitin domain-containing protein UBFD1-like, transcript variant X1","liver"
"LOC115129377",65.090850952086,0.335466471120292,0.212273879859707,1.5803473858489,0.114027333611209,0.394843487389548,"ancient ubiquitous protein 1-like","liver"
"tymp",350.554822159867,0.33544284924821,0.189143658355981,1.77348187173626,0.0761488931900739,0.332671906369498,"thymidine phosphorylase","liver"
"LOC115105641",283.272916533421,0.335432781770905,0.410756321923941,0.816622322937773,0.4141442940601,0.688158231793301,"RING finger protein 121, transcript variant X1","liver"
"LOC115109286",111.119972222703,0.335316359483448,0.229409930574366,1.46164709890251,0.143837940729068,0.431725660096968,"zinc finger protein 708-like, transcript variant X1","liver"
"pfdn6",120.254742612979,0.335128264659081,0.125266544696572,2.67532137547858,0.00746576454251555,0.12140826255928,"prefoldin subunit 6","liver"
"dpp7",153.091402870022,0.335002309761272,0.141273342801892,2.3713058891163,0.0177253545778731,0.172843409711509,"dipeptidyl peptidase 7","liver"
"LOC115108166",133.825655850166,0.334946083671666,0.113947618270246,2.93947419661976,0.00328769644626197,0.0905449372632689,"membralin-like, transcript variant X3","liver"
"LOC115105948",4299.34882878153,0.333778699296015,0.126610144034979,2.63627138125522,0.00838226631465292,0.12871512262463,"cathepsin L1-like","liver"
"LOC115123551",75.1338127022042,0.333403793734606,0.195145812726668,1.70848551181362,0.0875462924262285,0.352956170058662,"SRA stem-loop-interacting RNA-binding protein, mitochondrial-like","liver"
"LOC115136404",113.235293593115,0.333362389823903,0.129111044048226,2.5819819852079,0.00982347125807276,0.138172094484953,"cytochrome c oxidase subunit 8B, mitochondrial-like","liver"
"nemf",108.521606843478,0.333261127083806,0.1243005158264,2.68109206842909,0.00733823232268269,0.120988282645798,"nuclear export mediator factor","liver"
"LOC115111574",62.1995203002675,0.333255456531716,0.16028821500049,2.07910142695579,0.0376080289825296,0.239516134582486,"ectonucleoside triphosphate diphosphohydrolase 4-like, transcript variant X1","liver"
"LOC115133068",388.800765682528,0.333017576860332,0.255836323837337,1.30168215312563,0.193025062942576,0.488373778121627,"protein ADM2-like","liver"
"LOC115101601",129.382998328326,0.332840886644477,0.134163334005428,2.48086326351289,0.0131064639561547,0.156834820487416,"probable ATP-dependent RNA helicase ddx6, transcript variant X1","liver"
"LOC115143486",2722.24794712035,0.332683031747525,0.248110553285159,1.34086610723553,0.179963928080584,0.476053612261547,"60S acidic ribosomal protein P2-like","liver"
"LOC115119420",387.170783577238,0.332482471993431,0.154626568370489,2.15022861528425,0.0315371357378346,0.223557156986806,"protein disulfide-isomerase A3-like","liver"
"LOC115135507",4403.13854769765,0.332136706220927,0.196524716018474,1.69005055928795,0.0910182823773315,0.358113368975222,"complement factor B-like, transcript variant X1","liver"
"LOC115126013",70.9386252007714,0.331845302016836,0.219521560066513,1.51167521730572,0.130616506233008,0.41540889168661,"transmembrane protein 14C-like, transcript variant X2","liver"
"LOC115109114",62.0571339285538,0.331810581985086,0.154924359480435,2.14175861754645,0.0322129110510818,0.225797917883627,"thimet oligopeptidase-like","liver"
"LOC115144273",2470.67819848893,0.331591718671579,0.161173833655017,2.05735454168902,0.0396521344585589,0.246919597587044,"60S ribosomal protein L38-like, transcript variant X2","liver"
"LOC115129910",59.4841438582472,0.331510101891467,0.20234279848512,1.63835878703559,0.101346871047053,0.373942391823035,"mitochondrial import receptor subunit TOM5 homolog","liver"
"LOC115110178",376.806571728151,0.331230695285286,0.123591846168039,2.68003679494305,0.00736140679493568,0.120988282645798,"ATP synthase F(0) complex subunit C3, mitochondrial-like","liver"
"LOC115120267",460.941061721967,0.33090174564261,0.113082376657069,2.926200840703,0.00343129340581651,0.0933498989956954,"transitional endoplasmic reticulum ATPase-like","liver"
"dusp11",60.3395069185367,0.330643970052548,0.126679219185984,2.61008847526219,0.00905188082581065,0.13271750448203,"dual specificity phosphatase 11","liver"
"LOC115143146",615.891983573849,0.330334712083631,0.205958852612685,1.60388693126408,0.108738977998959,0.387833868138358,"protein transport protein Sec61 subunit alpha","liver"
"stx17",231.08637222846,0.329724798524446,0.155153722476416,2.12514913120802,0.0335741710666174,0.229611277294517,"syntaxin 17, transcript variant X4","liver"
"LOC115101340",71.9688027915369,0.329572755926005,0.127915757365922,2.5764828564726,0.00998111548662245,0.139804215544581,"ubiquinol-cytochrome-c reductase complex assembly factor 3","liver"
"arpc3",103.33441563197,0.32894092727713,0.13847719947009,2.37541579795004,0.017529191334519,0.171935049223734,"actin related protein 2/3 complex subunit 3","liver"
"LOC115111930",244.820098305034,0.328791559208315,0.119435561071417,2.752878257186,0.00590738594276947,0.112516378984712,"histone H2A.V","liver"
"LOC115135239",110.486731010294,0.328078804262081,0.119395585772372,2.74783026641842,0.00599910561732856,0.113288417179887,"cytochrome c oxidase subunit 7A-related protein, mitochondrial","liver"
"LOC115122485",249.663635957951,0.327208668108924,0.165037740583278,1.98262934861141,0.0474088466299119,0.27081595532493,"eukaryotic translation initiation factor 3 subunit D-like, transcript variant X2","liver"
"LOC115140718",59.5981926867919,0.327201238216367,0.268613684668215,1.21811082938875,0.223181859128085,0.516643694750874,"probable isoprenylcysteine alpha-carbonyl methylesterase ICMEL1","liver"
"LOC115109260",348.511301951405,0.327085839969312,0.165024831048736,1.98204014444781,0.0474747477815688,0.27081595532493,"ATP synthase subunit delta, mitochondrial-like, transcript variant X1","liver"
"LOC115132221",71.5026139685098,0.326970344870062,0.143152239651585,2.2840742531578,0.0223671674374324,0.189934530156197,"lysosomal amino acid transporter 1 homolog, transcript variant X1","liver"
"LOC115121634",120.77877293033,0.326728504433768,0.172352745450921,1.89569654709566,0.0580001821739036,0.294660212954273,"stromal cell-derived factor 2-like","liver"
"LOC115107950",83.4910414808796,0.325976158286369,0.153178952142073,2.12807408412107,0.0333309416499352,0.229611277294517,"platelet-activating factor acetylhydrolase-like, transcript variant X1","liver"
"LOC115106562",687.498094276931,0.325941014646585,0.0953572794996972,3.41810312077559,0.000630592102003621,0.0466002202576675,"histone H3.3, transcript variant X3","liver"
"LOC115109873",58.1795327786791,0.325736254401213,0.146270560739536,2.22694336272663,0.025951059277791,0.205391296342284,"proteasome assembly chaperone 3-like, transcript variant X1","liver"
"LOC115143262",1724.41890778826,0.325728913269597,0.14820307819543,2.1978552485939,0.0279594228406536,0.213911449817034,"60S ribosomal protein L22","liver"
"LOC115117925",79.5360811812178,0.325334969667489,0.177593093067665,1.83191228919884,0.0669644893363821,0.314455366975914,"lysozyme C II","liver"
"LOC115108251",127.658965985998,0.325161515489669,0.126951949646638,2.56129595799619,0.010428247755463,0.144086568987347,"NADH dehydrogenase [ubiquinone] 1 alpha subcomplex subunit 11-like","liver"
"LOC115130323",210.384400225427,0.325141156670019,0.116690293838824,2.7863599102691,0.00533036523147059,0.105829578785997,"MOB-like protein phocein, transcript variant X5","liver"
"LOC115112381",119.968667004739,0.324778366700006,0.152015678934168,2.13647940118502,0.0326403582121815,0.227422393286926,"transcription factor 25-like","liver"
"LOC115126080",680.894931611843,0.324268207444884,0.158659270984765,2.04380245435529,0.0409730666144685,0.251515390844237,"glutathione S-transferase A-like","liver"
"LOC115121010",877.491862131217,0.32316022037506,0.189455155637155,1.70573463302301,0.0880574983807287,0.353721798164998,"diamine acetyltransferase 1-like","liver"
"LOC115112893",351.850666663989,0.323044653367227,0.222191120450416,1.45390442566906,0.145972805655013,0.435493105468807,"cystathionine beta-synthase-like","liver"
"tmem18",72.0040274847694,0.322502369668795,0.153677332923841,2.09856823731201,0.0358549787598763,0.236098373869557,"transmembrane protein 18, transcript variant X1","liver"
"LOC115138085",290.375244129282,0.322003865094486,0.255954087742103,1.25805322327548,0.208372508598298,0.507083282246149,"inter-alpha-trypsin inhibitor heavy chain H3-like","liver"
"LOC115125694",258.7791966053,0.321795878894312,0.131258084135618,2.45162712082424,0.0142211944568699,0.16126343215619,"cytochrome b-c1 complex subunit 8-like, transcript variant X1","liver"
"LOC115103830",2671.48806013347,0.321529645605313,0.108029114298439,2.97632400018629,0.00291726475819312,0.0867939500320815,"beta-2-glycoprotein 1-like","liver"
"becn1",65.7938087984022,0.321490013791624,0.11011300979828,2.91963696551909,0.00350439361065278,0.0935229245209585,"beclin 1, transcript variant X2","liver"
"LOC115104729",486.108115545581,0.321152154558307,0.0855686314561625,3.75315286797401,0.000174624290901607,0.0338937433197595,"cytochrome b-c1 complex subunit 9-like","liver"
"LOC115111685",1026.24456162359,0.320743893610081,0.124660211806316,2.57294520009656,0.0100837172546898,0.140757642226423,"transitional endoplasmic reticulum ATPase-like","liver"
"lyplal1",60.9067137445455,0.320710749839303,0.118903145645457,2.69724361032123,0.00699161015098376,0.119738667963907,"lysophospholipase like 1, transcript variant X1","liver"
"LOC115103921",93.9088986526279,0.32067465970424,0.152363474772977,2.1046688530965,0.0353201435479048,0.234579746776844,"mitochondrial import receptor subunit TOM20 homolog","liver"
"LOC115138127",149.889211947776,0.320300975806763,0.281432285640226,1.13811027429961,0.25507443845797,0.552142013358834,"perilipin-2-like, transcript variant X2","liver"
"LOC115117859",68.5964228466853,0.319751184186431,0.106392822889351,3.00538302775341,0.00265246596422436,0.0831650097706037,"protein kish-A-like","liver"
"LOC115104582",127.587772136366,0.319738620659843,0.115385868370957,2.77103795442182,0.0055877913121695,0.109499218213475,"proteasome maturation protein-like","liver"
"LOC115123537",102.117086358306,0.319594513821818,0.173898940660539,1.83781748530421,0.0660893042012037,0.3128136385416,"NADH dehydrogenase [ubiquinone] 1 beta subcomplex subunit 4-like","liver"
"dcxr",268.394132504117,0.319371698108756,0.179854323529186,1.77572432979032,0.0757783652314281,0.33140838699925,"dicarbonyl and L-xylulose reductase, transcript variant X2","liver"
"LOC115103078",86.3489605608005,0.319311891528735,0.147814805032017,2.16021589623293,0.0307559601355257,0.220706502662681,"target of EGR1 protein 1-like","liver"
"LOC115135886",199.405296909903,0.319216889593623,0.129301136520234,2.4687864173852,0.0135572109308477,0.157883405011815,"etoposide-induced protein 2.4 homolog, transcript variant X1","liver"
"LOC115112201",113.816714792806,0.318976994926338,0.144437683366516,2.20840564243142,0.0272160088261084,0.211299908524224,"cytochrome c oxidase subunit 5A, mitochondrial-like","liver"
"LOC115141226",118.945181533935,0.318825846851644,0.20172620448178,1.58048800685406,0.113995151299819,0.394843487389548,"serine/threonine-protein kinase 40-like","liver"
"LOC115104581",142.732463533201,0.318782272706585,0.138260008196426,2.30567231164698,0.021128949370459,0.183628139944543,"NADH dehydrogenase [ubiquinone] 1 beta subcomplex subunit 4-like","liver"
"LOC115105768",164.453789079297,0.318167963149075,0.253428879596684,1.25545266843865,0.209314480011495,0.507534693948158,"galectin-9-like, transcript variant X2","liver"
"LOC115109605",697.189768055998,0.318003132755138,0.119063862380153,2.67086189208109,0.007565676813066,0.12140826255928,"cytochrome P450 2F2-like","liver"
"LOC115129697",220.571617002974,0.317841635392178,0.117933820760849,2.69508469531153,0.00703707413077867,0.120013029945832,"integral membrane protein 2B-like, transcript variant X2","liver"
"LOC115117545",71.2890576053139,0.317465821231628,0.12834442481014,2.47354586458473,0.0133779631274485,0.157883405011815,"zinc finger CCHC-type and RNA-binding motif-containing protein 1-like","liver"
"LOC115122675",172.031275722152,0.316963020421213,0.204376584487651,1.55087737284486,0.120931073879919,0.402379638477182,"lysosome membrane protein 2-like","liver"
"LOC115112854",260.988621443685,0.316651313394313,0.10151717908268,3.11918944414735,0.00181349320731578,0.0681612429800408,"proteasome subunit beta type-1-B-like","liver"
"LOC115103088",96.7025393264705,0.316551183719686,0.131102643021709,2.41452938265531,0.0157555521379374,0.164057073949211,"V-type proton ATPase 21 kDa proteolipid subunit","liver"
"LOC115114350",73.5722727588326,0.315878612767122,0.362840175823615,0.870572317550298,0.383987716910352,0.66181330070431,"cAMP-responsive element modulator-like, transcript variant X1","liver"
"LOC115129749",224.614179341732,0.315803158253799,0.139954690043535,2.25646713343843,0.0240413913936785,0.196772512692035,"26S proteasome non-ATPase regulatory subunit 14","liver"
"LOC115105933",4278.77411633309,0.315785755855673,0.170626785728346,1.85073963919378,0.0642070184914417,0.310072065194594,"serine protease inhibitor Kazal-type 1-like","liver"
"LOC115142640",109.095304773969,0.315566753154495,0.0848276749573733,3.72009197839113,0.000199150237343466,0.0360596874502572,"protein dpy-30 homolog, transcript variant X1","liver"
"ndufs2",87.1826076439365,0.315383788874248,0.118218690279854,2.66779972039662,0.00763497558659253,0.121857278052579,"NADH:ubiquinone oxidoreductase core subunit S2","liver"
"LOC115128329",66.6970509067042,0.315369826811715,0.16855029905974,1.87107248442163,0.0613350348429748,0.303588391933973,"NADH dehydrogenase [ubiquinone] iron-sulfur protein 5-like, transcript variant X1","liver"
"LOC115111380",576.362148409335,0.314683325706583,0.229580591973615,1.37068783994925,0.170472287097012,0.464553299943853,"Krueppel-like factor 9","liver"
"sdf4",157.550027406414,0.314659778438978,0.153739056231684,2.04671334761407,0.0406862379340382,0.250591556217182,"stromal cell derived factor 4","liver"
"LOC115138224",802.060828402074,0.314611257694208,0.141745391593811,2.21955193150664,0.0264491983191251,0.20812149102076,"60S ribosomal protein L34","liver"
"gsr",85.5724593544543,0.314353301913015,0.256231602949177,1.22683267128203,0.219885488458229,0.515088075261921,"glutathione-disulfide reductase","liver"
"ociad1",68.9749325343994,0.31414758770361,0.161709623490942,1.94266476491553,0.0520566761354612,0.283288400438104,"OCIA domain containing 1, transcript variant X2","liver"
"LOC115133282",131.694481382638,0.312951341207972,0.224103970219392,1.39645603289224,0.162577211769478,0.455221463268407,"insulin receptor substrate 2-B-like","liver"
"LOC115112011",89.0809190368425,0.312771330894273,0.109295879022278,2.86169372251007,0.0042138389615853,0.0963575161217609,"serine/threonine-protein phosphatase 2A catalytic subunit beta isoform-like","liver"
"LOC115108147",95.8002104956528,0.312647157721851,0.145897852069494,2.14291816697158,0.0321196699393886,0.225723749436117,"thimet oligopeptidase-like","liver"
"LOC115112862",1110.91136673418,0.312216352129426,0.152492221853216,2.04742476917908,0.0406163964596496,0.250591556217182,"60S ribosomal protein L38","liver"
"tmem129",74.9363856536875,0.311881324191929,0.163813905408895,1.90387576325369,0.0569263663185935,0.292965976676248,"transmembrane protein 129","liver"
"LOC115142754",772.729884985728,0.310400427744856,0.20132729694685,1.54177020429972,0.123129444988397,0.405392259913334,"RNA polymerase II elongation factor ELL2-like, transcript variant X2","liver"
"LOC115112864",112.809569092862,0.309401302992207,0.0901442437371231,3.43229129410056,0.000598504339136972,0.0466002202576675,"casein kinase I, transcript variant X3","liver"
"atf3",91.2642526028172,0.309288937893997,0.2944263921931,1.05047966518963,0.293497635365248,0.589308552585592,"activating transcription factor 3","liver"
"LOC115142616",591.204674384731,0.309068674480953,0.215570786774411,1.43372244034339,0.151651485761452,0.442471925779497,"N-acetylmuramoyl-L-alanine amidase-like, transcript variant X2","liver"
"LOC115138700",274.376762179229,0.309002232545112,0.101245681904365,3.05200406311638,0.00227319023801343,0.0775050244941065,"signal recognition particle 54 kDa protein-like, transcript variant X1","liver"
"LOC115127083",64.9285114096292,0.308278259787515,0.2286477800848,1.34826701432737,0.17757251737414,0.473681662838348,"aminoacyl tRNA synthase complex-interacting multifunctional protein 1-like","liver"
"LOC115108243",169.181204089234,0.307944239020245,0.195780621552814,1.57290459381432,0.1157409112522,0.396770356824195,"40S ribosomal protein S27-like, transcript variant X1","liver"
"LOC115130744",209.377829938091,0.307233625179173,0.220120161664593,1.39575413199686,0.16278854711468,0.455221463268407,"protein NipSnap homolog 3A-like, transcript variant X2","liver"
"LOC115131737",70.8722335657168,0.307230680046557,0.182536219538811,1.68312174330549,0.0923515260956984,0.359285719078632,"N(G),N(G)-dimethylarginine dimethylaminohydrolase 2-like, transcript variant X1","liver"
"LOC115131912",265.216046377339,0.307193642815621,0.167148149337133,1.8378524921387,0.0660841442184449,0.3128136385416,"prostaglandin E synthase 3-like, transcript variant X1","liver"
"LOC115141890",428.429403652077,0.307085982513149,0.130523417583296,2.35272710597832,0.0186363055266484,0.177115674978197,"glucose-6-phosphate exchanger SLC37A4-like","liver"
"LOC115139545",338.186730919956,0.307016721690777,0.161007228935063,1.90685054156545,0.056539944315667,0.291717484848935,"uricase-like","liver"
"LOC115130871",1118.23390017497,0.306899841855347,0.14004680683209,2.19140906385182,0.0284222037880577,0.215332532788333,"60S ribosomal protein L36a-like, transcript variant X2","liver"
"LOC115123393",64.7158361251913,0.306547730249968,0.17726965978873,1.72927352946529,0.0837601518502609,0.347664337007804,"COP9 signalosome complex subunit 1-like","liver"
"manbal",126.547769197364,0.306416685567721,0.116410951096867,2.63219811092126,0.00848343789411806,0.129466550717594,"mannosidase beta like, transcript variant X1","liver"
"LOC115114573",125.983495468966,0.30614483397486,0.254200783819921,1.20434260419801,0.228457186147114,0.523719817470933,"HIG1 domain family member 1A, mitochondrial-like","liver"
"LOC115131616",125.797308048914,0.305832574682477,0.136519842084028,2.24020603901839,0.0250775497957059,0.200817471448522,"proteasome subunit beta type-8-like","liver"
"LOC115145826",504.96191759815,0.305824776276484,0.166530058844456,1.83645390146733,0.066290553964539,0.3128136385416,"succinate--CoA ligase [ADP/GDP-forming] subunit alpha, mitochondrial-like","liver"
"LOC115146375",123.988803671308,0.30573428819924,0.280684140123893,1.08924675282433,0.27604508681897,0.57347592959945,"saccharopine dehydrogenase-like oxidoreductase","liver"
"rpe",58.6823410954787,0.305538155009629,0.152299527980509,2.00616613236472,0.0448385259609402,0.261970873001287,"ribulose-5-phosphate-3-epimerase","liver"
"LOC115108503",1232.17306432197,0.305442834829537,0.167558231739377,1.82290557532636,0.0683176933674604,0.317602663333683,"proteasome subunit beta type-5-like","liver"
"LOC115106326",265.161668700201,0.304873289530204,0.11198104276976,2.72254376267101,0.00647814527664663,0.117067626263223,"eukaryotic translation initiation factor 3 subunit E","liver"
"gcat",81.2324986042887,0.304627239865861,0.22053157892297,1.38133160499552,0.167177024812921,0.459483178110225,"glycine C-acetyltransferase","liver"
"LOC115115514",124.541874450287,0.304621018813445,0.120795383842015,2.52179354148045,0.0116758213576495,0.151824081054472,"long-chain specific acyl-CoA dehydrogenase, mitochondrial-like","liver"
"LOC115128589",108.101344462052,0.304080349451204,0.119229436615116,2.55037982300296,0.0107605615551964,0.144859769983296,"mediator of RNA polymerase II transcription subunit 10","liver"
"LOC115133021",139.401576452339,0.303545910390066,0.141507369442437,2.14508906204735,0.0319457268030899,0.225278170327672,"methionine aminopeptidase 2-like, transcript variant X1","liver"
"LOC115131962",83.7985672194511,0.303522389108894,0.170356789928641,1.78168647833781,0.0748003731389209,0.32998840097819,"interferon-related developmental regulator 2-like, transcript variant X1","liver"
"LOC115141572",230.895594140988,0.303077019261552,0.187964999100022,1.61241199538577,0.10687231630142,0.38441883969223,"cytochrome c oxidase subunit 7A2, mitochondrial-like","liver"
"LOC115108130",124.347330615372,0.303033590015003,0.171051651567591,1.77159113775209,0.0764624518702486,0.333098555422861,"polypyrimidine tract-binding protein 1-like, transcript variant X1","liver"
"LOC115101134",580.969045944648,0.303032569060943,0.211185103180737,1.43491451099939,0.151311460101174,0.442428630826675,"growth hormone receptor-like, transcript variant X1","liver"
"atp5pf",106.54123117697,0.302965910630117,0.125413383189891,2.41573828027101,0.0157033440517017,0.164057073949211,"ATP synthase peripheral stalk subunit F6, transcript variant X2","liver"
"LOC115108511",109.62139808212,0.302407756154998,0.106977656633066,2.82683100072249,0.00470111308406522,0.101066948222283,"F-box/LRR-repeat protein 5","liver"
"LOC115112120",107.858784016251,0.302385870054566,0.111897981631427,2.70233533836718,0.00688542796143353,0.119738667963907,"cytochrome b-c1 complex subunit Rieske, mitochondrial-like","liver"
"LOC115135956",65.0132106205118,0.302243270160274,0.247100842676313,1.22315758573189,0.221270181947819,0.515959531818827,"monocarboxylate transporter 1-like","liver"
"LOC115109183",79.1224808729648,0.302218802796932,0.29170197579769,1.03605332795735,0.300177264271103,0.593366890964605,"cystathionine gamma-lyase-like","liver"
"LOC115103781",541.326277246719,0.302130685340175,0.229291592326933,1.31767014339272,0.187614093396438,0.482967478149619,"group XIIB secretory phospholipase A2-like protein, transcript variant X2","liver"
"LOC115129442",197.273455322519,0.301902809222124,0.193138295203067,1.56314318144261,0.118018920860188,0.399022611236311,"cationic amino acid transporter 3-like","liver"
"LOC115103897",75.5024549363481,0.301366596966937,0.460049077795271,0.65507488551265,0.512419540896431,0.760144684417698,"UTP--glucose-1-phosphate uridylyltransferase-like, transcript variant X2","liver"
"LOC115102700",236.313238687944,0.301046506881713,0.190692126697212,1.57870443890809,0.114403866194077,0.394843487389548,"intelectin-like","liver"
"LOC115109312",200.968961036424,0.300545860587567,0.0959750834450449,3.13149882031265,0.00173916484775187,0.0681612429800408,"anamorsin, transcript variant X3","liver"
"LOC115141504",160.460505467492,0.300436314336795,0.10663799799558,2.81734766203363,0.00484220793445831,0.101812332498642,"coatomer subunit delta-like","liver"
"selenbp1",457.976486183033,0.300298129759992,0.176258621203436,1.70373583833605,0.0884304495412494,0.353721798164998,"selenium binding protein 1","liver"
"erg28",126.012927983289,0.300202360000778,0.32191738091494,0.932544739111495,0.351055076857669,0.631465354488904,"ergosterol biosynthesis 28 homolog","liver"
"LOC115141382",78.5246150503356,0.299797569438249,0.127691365391658,2.34782961650306,0.0188831570365982,0.177754614506176,"ER membrane protein complex subunit 2-like","liver"
"LOC115133930",70.0544679960374,0.299680858245555,0.131437359332326,2.28002799027514,0.0226060284500981,0.191166331872614,"rab GDP dissociation inhibitor beta-like","liver"
"LOC115112856",65.5984338844688,0.298739937818837,0.160184742808812,1.86497123621441,0.0621854361183349,0.305705050375339,"protein phosphatase 1G-like","liver"
"LOC115129572",76.8395471269883,0.298583325941592,0.124960341507901,2.38942469537596,0.0168747828809618,0.169452896866302,"protein farnesyltransferase/geranylgeranyltransferase type-1 subunit alpha-like","liver"
"LOC115133189",137.933537149447,0.298451381602668,0.0981143879263412,3.04187171637588,0.00235112071148197,0.0775050244941065,"short transmembrane mitochondrial protein 1","liver"
"LOC115101374",377.546795238457,0.298446849784511,0.134647124221092,2.21651113242091,0.0266565163169987,0.208382835814177,"proteasome subunit beta type-6-like, transcript variant X1","liver"
"LOC115139006",78.4517079430132,0.298314452823908,0.227135266623033,1.31337795869018,0.18905562087693,0.484057717936395,"delta-1-pyrroline-5-carboxylate dehydrogenase, mitochondrial-like, transcript variant X2","liver"
"LOC115138519",103.938021957167,0.298294491430541,0.38609652659128,0.77259045571864,0.439764794745852,0.706257408740777,"C-type lectin domain family 10 member A-like, transcript variant X2","liver"
"LOC115142960",109.600471397614,0.298227062950568,0.165390270362112,1.80317174823899,0.0713612459216844,0.324268047242793,"double-stranded RNA-binding protein Staufen homolog 1-like, transcript variant X1","liver"
"LOC115102776",166.245179856961,0.298219140966718,0.106194015601073,2.8082480851558,0.00498118372500746,0.10202665760367,"NEDD8-like","liver"
"LOC115127207",105.393501482469,0.298166129920485,0.182835611563159,1.63078804709489,0.102935050435079,0.377305094940093,"ATP-binding cassette sub-family D member 3-like","liver"
"LOC115142169",73.7089043020292,0.297774575286965,0.17612103789136,1.69073824940009,0.090886805581183,0.358113368975222,"serine/arginine-rich splicing factor 3-like, transcript variant X1","liver"
"atp5f1a",130.498824204286,0.297280512210052,0.114674868518994,2.59237717949345,0.00953152081370266,0.136797460692437,"ATP synthase F1 subunit alpha, transcript variant X1","liver"
"LOC115145843",74.4028918175499,0.296954802555892,0.170308003720935,1.7436338637524,0.0812229544518776,0.344142164600679,"LON peptidase N-terminal domain and RING finger protein 1-like, transcript variant X1","liver"
"LOC115144743",394.228749801123,0.296760858016651,0.151443238874328,1.95955171206363,0.0500482100611478,0.277924392655638,"60S ribosomal protein L27a-like","liver"
"LOC115101029",228.797914176912,0.296281410444704,0.126749526292557,2.33753465682263,0.0194114010764396,0.178602417127693,"ras-related protein rab7-like, transcript variant X1","liver"
"LOC115134509",410.677237448584,0.296180524216706,0.181698528841671,1.63006561530717,0.103087629948789,0.377524869426112,"ethanolamine kinase 1-like, transcript variant X1","liver"
"LOC115123753",384.157415664015,0.296167721258869,0.201742528876943,1.46804802590496,0.142091177945615,0.429510379412954,"transmembrane protein 258","liver"
"LOC115134246",206.84155048531,0.296143627109685,0.118189902873478,2.50565928145915,0.012222333399546,0.153330095400931,"electron transfer flavoprotein subunit alpha, mitochondrial-like","liver"
"LOC115108691",336.972396175682,0.295707270605875,0.172335009881735,1.71588623117731,0.0861828672671897,0.350923424023982,"transmembrane 4 L6 family member 4-like","liver"
"aldh6a1",81.708416062198,0.295461809444943,0.285832801840634,1.03368755280115,0.301282253933429,0.594139323259205,"aldehyde dehydrogenase 6 family member A1, transcript variant X2","liver"
"LOC115115330",597.413561816775,0.295236190280824,0.113959594163215,2.59070938650397,0.00957783357218002,0.136979823298968,"eukaryotic translation initiation factor 3 subunit F-like","liver"
"cdipt",100.864483033387,0.295027051614738,0.121928775670639,2.41966713757285,0.0155347198687783,0.164057073949211,"CDP-diacylglycerol--inositol 3-phosphatidyltransferase","liver"
"LOC115147170",65.1237479423348,0.294889849641725,0.129534420191454,2.27653660861626,0.0228139120870517,0.191590638895676,"V-type proton ATPase subunit G 1-like","liver"
"LOC115141566",232.831358466141,0.294795374045875,0.338653182234135,0.87049344140538,0.384030801859849,0.66181330070431,"tribbles homolog 2-like, transcript variant X2","liver"
"LOC115110483",230.400742276966,0.294727160791162,0.0916318497233037,3.21642705763483,0.00129797524440112,0.0594443493952692,"NADH dehydrogenase [ubiquinone] 1 alpha subcomplex subunit 6-like","liver"
"LOC115113692",89.8567198689221,0.29397288860047,0.244489999383883,1.20239228328882,0.229211577540634,0.524279680165894,"CD81 antigen-like","liver"
"LOC115106324",337.874628784568,0.293814409717196,0.112121580573804,2.6204982859994,0.00878013714778872,0.132438555290576,"nucleoside diphosphate kinase A-like","liver"
"tmem106c",73.84561126966,0.293682934923765,0.178673548974256,1.64368445474869,0.100241398637244,0.372921081015946,"transmembrane protein 106C, transcript variant X1","liver"
"LOC115113496",28218.4076179466,0.293417910451642,0.160641875348164,1.82653439407196,0.0677698053742279,0.316414349032478,"prothrombin-like","liver"
"LOC115129376",364.576273177167,0.293399943418626,0.183895714860869,1.595469169255,0.110607359065617,0.389715104987415,"tubulin beta-4B chain-like","liver"
"aifm2",63.1338061945869,0.292929350709324,0.205590762888884,1.4248176649242,0.154209914632549,0.444006832320837,"apoptosis inducing factor mitochondria associated 2","liver"
"LOC115130688",132.918039338148,0.292703491970897,0.194659296228342,1.50367076036043,0.132666161527688,0.417888156404061,"nocturnin-like, transcript variant X1","liver"
"LOC115109228",174.701163388029,0.292352824630883,0.122090407547469,2.39456015016754,0.0166403138193047,0.168880051263356,"NADH dehydrogenase [ubiquinone] 1 alpha subcomplex subunit 11-like","liver"
"LOC115129393",644.718658573397,0.292342569154479,0.127764642673625,2.28813357934455,0.0221297432727041,0.188884564125092,"60S ribosomal protein L31","liver"
"LOC115123534",272.233265152407,0.292284538230685,0.133787033616732,2.18470004401182,0.0289108469681525,0.216477145441392,"proteasome maturation protein-like","liver"
"pgls",58.7147301080608,0.292172107674273,0.159445750756287,1.83242329311654,0.0668883803364496,0.314455366975914,"6-phosphogluconolactonase, transcript variant X2","liver"
"LOC115104993",63.8985372487901,0.29206411158088,0.113040145199608,2.58372024438884,0.00977410392945379,0.138172094484953,"eukaryotic translation initiation factor 5A-1-like","liver"
"LOC115137281",147.673427738365,0.290941206531285,0.128492861669145,2.26425968533899,0.0235581475662176,0.195168718455087,"ribosomal protein S6 kinase beta-2-like, transcript variant X2","liver"
"LOC115109168",270.252491422839,0.290655809593474,0.108823644676202,2.67088839432187,0.00756507952101074,0.12140826255928,"NADH-quinone oxidoreductase subunit B-like, transcript variant X1","liver"
"LOC115118649",244.746408662412,0.290580589365653,0.165663242242118,1.75404383877123,0.0794229956787459,0.340766453038493,"inosine-uridine preferring nucleoside hydrolase-like, transcript variant X1","liver"
"LOC115129611",217.071619727795,0.290215593091444,0.108133430651749,2.68386558478944,0.00727763591913856,0.120988282645798,"ATP synthase-coupling factor 6, mitochondrial-like","liver"
"LOC115142780",91.2365882020642,0.290187872175941,0.112910872815669,2.57006136733779,0.0101680501098961,0.141450417228452,"MICOS complex subunit mic25a-like, transcript variant X1","liver"
"LOC115142802",606.252002281741,0.290032327798407,0.138500651607142,2.09408637744958,0.0362522863574994,0.236541417772181,"thioredoxin reductase 1, cytoplasmic-like","liver"
"LOC115111717",122.149748445696,0.290027481257842,0.093511564366171,3.10151459045384,0.00192533383947404,0.069756855154556,"ubiquitin recognition factor in ER-associated degradation protein 1","liver"
"LOC115121769",419.283158747323,0.289760741404357,0.128664459445344,2.25206512080709,0.0243181570628625,0.197451809139896,"proteasomal ubiquitin receptor ADRM1-like","liver"
"LOC115126510",1630.07722337662,0.289286131882219,0.161320263658482,1.7932411299218,0.0729343760863601,0.326705500361967,"40S ribosomal protein S9-like","liver"
"LOC115113310",1024.9593763596,0.288820476442991,0.143969951235986,2.00611637333665,0.0448438333456926,0.261970873001287,"60S ribosomal protein L24","liver"
"LOC115101455",230.896022574008,0.288654525234976,0.0925695490286124,3.11824491167992,0.00181931553784078,0.0681612429800408,"ras-related protein Rab-1A-like","liver"
"LOC115135671",67.5088520327555,0.28819722017332,0.193205341446085,1.49166279781009,0.135787566462908,0.422520506115968,"H/ACA ribonucleoprotein complex subunit DKC1-like","liver"
"LOC115132748",186.092997663318,0.288046165023402,0.12350037968893,2.33235044093731,0.0196822629938662,0.179507590461062,"cytochrome c oxidase subunit 6B1-like, transcript variant X2","liver"
"LOC115131257",1304.81287889331,0.287817358042595,0.168874977625557,1.70432210910941,0.0883209267073347,0.353721798164998,"60S ribosomal protein L14-like","liver"
"LOC115107347",371.175123412961,0.28719129414161,0.147745621719128,1.94382270553895,0.0519168347139797,0.283191413425724,"40S ribosomal protein S29","liver"
"afg3l2",110.765863046358,0.286720366844248,0.151259280554951,1.89555553743419,0.0580188413494692,0.294660212954273,"AFG3 like matrix AAA peptidase subunit 2","liver"
"LOC115138660",101.727643698212,0.286382797109228,0.187138972723676,1.53032151956981,0.125937164183183,0.409345997775641,"NF-kappa-B inhibitor alpha-like","liver"
"lamtor1",91.0158059934668,0.286342541248135,0.166190726944988,1.72297544220334,0.0848929661041397,0.349518919030781,"late endosomal/lysosomal adaptor, MAPK and MTOR activator 1","liver"
"znf593",127.68496176667,0.286330701582914,0.149458673014847,1.91578511843518,0.0553924527195509,0.288994549032194,"zinc finger protein 593","liver"
"LOC115132993",90.1696874162623,0.285572795687679,0.181922168635088,1.5697525916179,0.116472680793547,0.397673381316156,"NADH dehydrogenase [ubiquinone] 1 beta subcomplex subunit 2, mitochondrial-like, transcript variant X2","liver"
"LOC115101483",62.8492284765919,0.285547005457884,0.293345614454359,0.973414946015195,0.330347113622859,0.613285735480822,"uncharacterized LOC115101483","liver"
"LOC115116268",123179.859227099,0.285401205795868,0.164609603453813,1.73380653259363,0.082952416183646,0.346783639348247,"transmembrane protein 116-like, transcript variant X2","liver"
"LOC115131311",529.424924376496,0.285344802504521,0.0986885010334721,2.89136829029089,0.00383568331877027,0.0960013657626569,"26S proteasome complex subunit SEM1-like","liver"
"LOC115102048",63.9381837935589,0.284682028245713,0.12527243501284,2.27250335013073,0.0230561258836746,0.1925753465202,"MAP kinase-activated protein kinase 2-like, transcript variant X2","liver"
"gnmt",1220.47627713896,0.284674569396211,0.131264698581283,2.16870622850615,0.030104994218904,0.218899134271184,"glycine N-methyltransferase","liver"
"LOC115140026",157.491793646678,0.28462759338469,0.13398032215206,2.12439848488835,0.0336368365916968,0.229654515825387,"ras-related protein rab7-like","liver"
"LOC115102029",703.97272614252,0.28462703840301,0.115107571290747,2.47270475096793,0.0134094875054807,0.157883405011815,"60S ribosomal protein L32-like","liver"
"LOC115110576",70.1173032704066,0.284564619309194,0.16281900436722,1.7477359010708,0.080509769158841,0.342229155758065,"phenylalanine--tRNA ligase alpha subunit-like","liver"
"LOC115119000",370.058749408274,0.283978977691897,0.0780312541206509,3.6392978799599,0.000273382416949617,0.0397966689816656,"transmembrane emp24 domain-containing protein 10-like","liver"
"LOC115134506",100.353299163596,0.283835349745844,0.127100817118009,2.23315125883346,0.0255389713064012,0.203712029442058,"proteasome subunit alpha type-1","liver"
"LOC115110121",105.896804508234,0.283770095291634,0.119661010324609,2.37144993613073,0.0177184469120447,0.172843409711509,"SUMO-conjugating enzyme UBC9-like, transcript variant X1","liver"
"LOC115115949",1050.38389480569,0.283750205819191,0.17520394744053,1.6195423103438,0.105330630662301,0.381400060528364,"elongation factor 1-beta-like","liver"
"LOC115105863",30016.1328527614,0.283734197976295,0.252045495351647,1.12572612170845,0.260281463479012,0.558372234284449,"protein AMBP-like","liver"
"LOC115132136",105.6981052137,0.283489204898875,0.156548300753385,1.81087372737097,0.070160400310027,0.319881198728937,"bcl-2-like protein 1, transcript variant X2","liver"
"LOC115129784",57.9982386084052,0.282450426972427,0.138011123827472,2.04657725507343,0.040699609964616,0.250591556217182,"small ubiquitin-related modifier 3","liver"
"LOC115104164",124.925503953164,0.282190075725562,0.139098628240578,2.02870495054415,0.0424883513682674,0.255531607277258,"beta-1,3-N-acetylglucosaminyltransferase lunatic fringe-like","liver"
"LOC115124728",67.1797899783411,0.282005604341304,0.177318350840617,1.59039153592616,0.111746577015065,0.391641485738095,"single-stranded DNA-binding protein 3-like, transcript variant X2","liver"
"LOC115135455",1495.25607892271,0.281877526009302,0.144977807760427,1.94428050998743,0.051861633636682,0.283191413425724,"cytidine deaminase-like","liver"
"LOC115143221",252.338163825975,0.281799103485207,0.120928181543803,2.33030133991665,0.0197902299986336,0.179507590461062,"succinate dehydrogenase [ubiquinone] iron-sulfur subunit, mitochondrial-like","liver"
"LOC115117293",158.669221810922,0.281621076530296,0.116267697466045,2.42217815152435,0.0154277851424252,0.164057073949211,"ATP synthase membrane subunit DAPIT, mitochondrial-like","liver"
"LOC115111768",73.9127190201166,0.280931305949387,0.16267484369397,1.72694990552986,0.0841766605408809,0.347975728564534,"histone acetyltransferase KAT6A-like","liver"
"LOC115130793",2865.79497947232,0.280749650722616,0.276097172026728,1.01685087413875,0.309224376235368,0.600632855049678,"sequestosome-1-like","liver"
"LOC115146517",1471.54330376048,0.280255291692642,0.146021402939048,1.91927543532523,0.0549494851170632,0.288254956675868,"60S ribosomal protein L13a","liver"
"LOC115129686",151.911631260517,0.279871514890863,0.135822590397887,2.06056675896837,0.039344390763038,0.246919597587044,"ras-related protein M-Ras-like","liver"
"LOC115109712",198.667896808025,0.279740498648551,0.0694706605315226,4.02674303811489,5.65547795095991e-05,0.0230517281281126,"rab GDP dissociation inhibitor beta-like","liver"
"LOC115107605",177.802964858687,0.279662285957078,0.268909273417253,1.03998751104109,0.298345702995139,0.591734956591156,"NF-kappa-B inhibitor alpha-like","liver"
"LOC115111711",80.424733059091,0.279549855790771,0.162037281214606,1.7252193673907,0.0844879466674847,0.348555537061404,"endoplasmic reticulum-Golgi intermediate compartment protein 2-like, transcript variant X3","liver"
"LOC115129765",871.645838859351,0.279223655537643,0.141774177157378,1.96949586402951,0.0488961770609264,0.27463759149096,"ATP synthase subunit beta, mitochondrial","liver"
"LOC115106315",106.356841354029,0.279201472722252,0.127997789628396,2.18129917346878,0.029161295524615,0.216900438975056,"histone H3.3","liver"
"LOC115123887",1082.99974278123,0.279104968995698,0.158372092977036,1.76233680915089,0.0780124082327797,0.336878197324094,"40S ribosomal protein S12","liver"
"LOC115138062",190.64492836976,0.27853797469477,0.153753563235905,1.81158711923579,0.0700500166912682,0.319881198728937,"ras-related protein rab7-like","liver"
"LOC115105321",109.309995295942,0.278393466702451,0.131670237640027,2.11432341653054,0.0344876536792089,0.233098244761177,"glucose-6-phosphate exchanger SLC37A2-like, transcript variant X2","liver"
"LOC115101346",86.0463340158353,0.278180006933915,0.152044505473386,1.82959592040376,0.0673103842257462,0.315170651201997,"neutral alpha-glucosidase AB-like, transcript variant X1","liver"
"LOC115121087",674.011735296301,0.277958466369226,0.15316199139003,1.81480055101529,0.0695545657080438,0.319261722777012,"60S ribosomal protein L18","liver"
"LOC115123078",63.1006776813269,0.277693222256596,0.116716474784222,2.37921187021778,0.0173497006867787,0.171935049223734,"protein unc-50 homolog","liver"
"cmc1",177.793907802626,0.277655043472733,0.105530720302047,2.63103523484002,0.00851252099909598,0.129466550717594,"C-X9-C motif containing 1","liver"
"LOC115129293",81.4672720974212,0.277118998065317,0.189268725867066,1.46415630366717,0.143151246296741,0.430615852328795,"COMM domain-containing protein 5-like","liver"
"LOC115123807",538.86064387133,0.276516041141227,0.161002137977715,1.71746813187972,0.0858936723378282,0.350742551825015,"40S ribosomal protein S19","liver"
"LOC115134984",1404.71590995898,0.276340039913808,0.137290117607447,2.01281814546876,0.044133764261474,0.261166487020082,"40S ribosomal protein S24, transcript variant X3","liver"
"LOC115117885",94.0062271152542,0.276236707859299,0.298409701507936,0.925696136765689,0.354603916115445,0.635325521796287,"myosin light chain kinase, smooth muscle-like","liver"
"LOC115113147",1273.93805594744,0.275929377407869,0.12827952960345,2.15100085150646,0.0314761324743661,0.223513442448635,"ubiquitin-40S ribosomal protein S27a-like","liver"
"LOC115131259",75.5072123027188,0.275670458615909,0.274861405235032,1.00294349575993,0.315888124731427,0.602661842209239,"E3 ubiquitin-protein ligase znrf2-like","liver"
"LOC115111413",443.066510793548,0.274998361120142,0.205796582323389,1.33626301280363,0.181463321419544,0.476599777265298,"glycine dehydrogenase (decarboxylating), mitochondrial-like","liver"
"LOC115121374",94.1713062806575,0.274749721921884,0.142650408573663,1.92603529614152,0.0540999667741612,0.286514561702219,"oxidation resistance protein 1-like, transcript variant X1","liver"
"LOC115113961",494.677881694326,0.274688342050322,0.183855584289397,1.49404405154183,0.135164105801563,0.422025930165245,"protein transport protein Sec61 subunit gamma-like, transcript variant X1","liver"
"LOC115107873",162.0069017067,0.274451789713434,0.149728985892153,1.83299037309393,0.0668040027453297,0.314455366975914,"protein Z-dependent protease inhibitor-like","liver"
"LOC115144414",68.6139885311723,0.274064513043583,0.185222027287135,1.47965399719291,0.138965608290729,0.426203024373974,"glutathione S-transferase 3-like","liver"
"LOC115118318",686.308138429235,0.273594205218686,0.153331505411803,1.78433130545411,0.0743698461956526,0.329172675117172,"40S ribosomal protein S3","liver"
"LOC115113375",252.693791721102,0.273556605758637,0.194472788002008,1.40665749984421,0.159528973908611,0.451121194605114,"lysophosphatidylserine lipase ABHD12-like","liver"
"LOC115133003",510.953725252817,0.273452540944286,0.152492242899083,1.79322263051277,0.072937332885013,0.326705500361967,"40S ribosomal protein S16","liver"
"LOC115110052",79.7014923709771,0.273231483230501,0.148437575119067,1.84071642918804,0.0656631250573277,0.311938109246699,"ferritin, middle subunit-like","liver"
"LOC115103691",71.5905443250552,0.273068715452571,0.114165790551554,2.39186111823279,0.0167631841967131,0.169125591053966,"dynactin subunit 3-like","liver"
"LOC115114283",105.822639757226,0.272857271741526,0.1358482391542,2.00854478085511,0.0445854324215889,0.261970873001287,"cyclic AMP-dependent transcription factor ATF-6 alpha-like, transcript variant X4","liver"
"LOC115135692",1340.3135788912,0.272820536880171,0.147127626379045,1.85431209348341,0.0636945229494282,0.309636405299164,"40S ribosomal protein S10-like","liver"
"LOC115142016",281.706300195779,0.272816364407092,0.109638809129656,2.48831929654093,0.0128348443713968,0.155698885886349,"cytochrome c oxidase subunit 6B1-like","liver"
"LOC115126314",90.192834093641,0.272472690514613,0.176641111368005,1.54252137797615,0.122946947074101,0.405246159641015,"cytochrome c oxidase subunit 7A-related protein, mitochondrial-like","liver"
"LOC115138755",65.6326248983689,0.272164513873369,0.202177634224777,1.34616529131398,0.178249215914346,0.474799341503657,"aspartate--tRNA ligase, cytoplasmic-like","liver"
"phykpl",67.8871471995815,0.272110615255967,0.170283291446836,1.59798775877504,0.110045701431361,0.38868828339188,"5-phosphohydroxy-L-lysine phospho-lyase, transcript variant X1","liver"
"LOC115119248",3446.87580707764,0.272075280961097,0.151082795118027,1.80083563286309,0.0717287907309051,0.325413538258383,"40S ribosomal protein S29-like","liver"
"LOC115128684",454.938970630976,0.27159719073432,0.117232373673138,2.31674222933995,0.0205177777021977,0.181536707637668,"mitogen-activated protein kinase 15-like, transcript variant X1","liver"
"LOC115138665",142.847000798923,0.271512921731896,0.117281939318863,2.31504461222895,0.0206104907161378,0.181836277400385,"gem-associated protein 2-like","liver"
"LOC115132388",484.74422216198,0.271293442823103,0.157060695495105,1.72731593966205,0.084110938050998,0.347975728564534,"CD63 antigen-like","liver"
"LOC115113733",73.4215803260361,0.270957244838899,0.104345117313051,2.59674100538875,0.00941128568835057,0.136532534842098,"transmembrane protein 9B-like","liver"
"LOC115120579",28540.6279483836,0.270864073869865,0.231537028797407,1.16985207626063,0.242060502512745,0.536838563244212,"beta-microseminoprotein-like","liver"
"ndufa7",148.263812440142,0.270729906187114,0.121656659873533,2.22536034170713,0.0260570576104009,0.205432430986449,"NADH:ubiquinone oxidoreductase subunit A7","liver"
"LOC115114264",511.126013078322,0.270679573136071,0.104240070664629,2.596694067936,0.00941257171016427,0.136532534842098,"stress-associated endoplasmic reticulum protein 1-like","liver"
"LOC115135980",137.795367962359,0.270474621372359,0.128037875049311,2.11245790566417,0.0346471928256518,0.233239519670034,"rho-related GTP-binding protein RhoA-D","liver"
"LOC115142412",1297.54075381506,0.27015165009919,0.14829180074762,1.82175716214388,0.0684918403018417,0.317602663333683,"40S ribosomal protein S15a","liver"
"LOC115103199",112.547637485203,0.269830177221771,0.138621100727407,1.94653033200466,0.0515910680598184,0.283021794632328,"uncharacterized LOC115103199","liver"
"LOC115104268",128.508751713256,0.269823065534465,0.124691905622527,2.16391805215718,0.0304706392227519,0.219820045083074,"RING-box protein 1","liver"
"LOC115140857",1156.19884177022,0.269742607387055,0.212140295585707,1.27152932752503,0.203540400839743,0.50038038228154,"apolipoprotein A-IV-like","liver"
"LOC115104314",106.327089392114,0.269329682763102,0.202726185008513,1.32853919562385,0.184000043982838,0.479980727834032,"hepatic leukemia factor-like","liver"
"LOC115103226",73.274031778072,0.269313080493364,0.161780786233952,1.66467901882927,0.0959768110625782,0.365624127731397,"choline-phosphate cytidylyltransferase A-like, transcript variant X1","liver"
"LOC115131509",453.459493605014,0.269237982494969,0.206999597110798,1.30066911362565,0.193371738780653,0.488817721822308,"translocon-associated protein subunit beta","liver"
"ndufb10",383.752792844991,0.269237569565943,0.110023408484294,2.44709351650724,0.0144013467381877,0.16126343215619,"NADH:ubiquinone oxidoreductase subunit B10","liver"
"tmem120a",110.090580201521,0.269212928519648,0.13600032533267,1.9795020920805,0.0477595043307754,0.271503123643293,"transmembrane protein 120A","liver"
"LOC115139186",97.6222705596765,0.269031733651528,0.148880380081686,1.80703282396189,0.0707571614591054,0.322241553192529,"platelet-activating factor acetylhydrolase-like, transcript variant X1","liver"
"LOC115131913",1762.85279979362,0.268908801048225,0.153866212721421,1.74767933968122,0.0805195682953837,0.342229155758065,"nascent polypeptide-associated complex subunit alpha, transcript variant X2","liver"
"LOC115112296",111.41989917082,0.268804494450851,0.128986861180635,2.08396802581631,0.0371630757799872,0.238699977715578,"tumor necrosis factor receptor type 1-associated DEATH domain protein-like","liver"
"tmem254",388.561011740125,0.268801740191404,0.244006304933235,1.10161801050573,0.27062777496629,0.56771940852424,"transmembrane protein 254","liver"
"LOC115109031",376.609349533514,0.268243198342157,0.161639218255467,1.65951803799375,0.0970114489416986,0.366247237042691,"uncharacterized LOC115109031, transcript variant X1","liver"
"LOC115138938",552.094621128643,0.268204271122137,0.12022735210457,2.23080909982,0.0256937769217411,0.203935293286921,"60S ribosomal protein L22-like","liver"
"LOC115122295",70.8663462206216,0.267959116706129,0.189049156681224,1.41740445400645,0.156364711219649,0.446631088248977,"Krueppel-like factor 15","liver"
"kctd10",70.1442856690546,0.267700410015753,0.0921565505314314,2.90484407751839,0.00367436093929334,0.0941930515003751,"potassium channel tetramerization domain containing 10","liver"
"abhd18",113.962383445311,0.2673580775939,0.103304965417121,2.58804672664446,0.00965218863923959,0.137211097505088,"abhydrolase domain containing 18","liver"
"LOC115125303",119.192681076749,0.267202293006337,0.189080673545461,1.41316554461127,0.157607054826973,0.447369174076884,"tubulin alpha chain","liver"
"LOC115108468",77.9868330998022,0.266719308884322,0.273585248265735,0.974903839205743,0.329607961551784,0.613285735480822,"dolichyl-diphosphooligosaccharide--protein glycosyltransferase subunit DAD1-like","liver"
"LOC115137319",179.814275421959,0.26653012336843,0.0876452507816057,3.04101044827368,0.00235785648608175,0.0775050244941065,"acid ceramidase-like","liver"
"LOC115119455",2085.57667564131,0.266435193693451,0.153901901656973,1.73120143952022,0.0834158427153517,0.347399207958451,"sodium/potassium-transporting ATPase subunit alpha-1","liver"
"LOC115123318",123.524239109764,0.266312369256929,0.159808728079831,1.66644445805172,0.0956249220871528,0.365292579594409,"RNA-binding protein 45-like","liver"
"LOC115133349",187.487319482589,0.26622341733757,0.0780909927184903,3.40914371901094,0.000651671382406048,0.0466002202576675,"ER membrane protein complex subunit 4, transcript variant X2","liver"
"LOC115126441",113.962028791537,0.266148373824898,0.1600969317949,1.66242020281725,0.0964285509011584,0.366111140860422,"enolase-phosphatase E1, transcript variant X2","liver"
"srprb",123.071704799794,0.265756032298066,0.0981126738561046,2.70868198626237,0.00675510538227814,0.119078066850919,"SRP receptor subunit beta","liver"
"LOC115141328",122.476181645535,0.265579999110787,0.128949829651202,2.05956068208199,0.0394405582467518,0.246919597587044,"peroxisomal targeting signal 1 receptor-like, transcript variant X1","liver"
"cryl1",69.1002207426961,0.265417465284132,0.223943030598924,1.18520082797079,0.235938052667071,0.529853169515691,"crystallin lambda 1","liver"
"LOC115103785",113.079746865209,0.265251865396547,0.164397651113391,1.61347722184664,0.106640868061541,0.384321996656799,"nicotinate-nucleotide pyrophosphorylase [carboxylating]-like, transcript variant X2","liver"
"LOC115131188",58.2645804760878,0.265146190055078,0.145517815382004,1.82208748364613,0.0684417125586085,0.317602663333683,"C1GALT1-specific chaperone 1-like, transcript variant X1","liver"
"LOC115114914",1133.87376873569,0.26510001865671,0.150429557420548,1.762286768654,0.0780208582615174,0.336878197324094,"60S ribosomal protein L24-like","liver"
"LOC115113080",2366.22945206013,0.264749505236787,0.143490911659891,1.84506114132377,0.0650286450493833,0.310833883962236,"S-adenosylmethionine synthase-like","liver"
"tpmt",66.9561241466219,0.264228858104905,0.156701599217579,1.68619120305228,0.0917589777300554,0.359279148153416,"thiopurine S-methyltransferase, transcript variant X2","liver"
"LOC115136381",113.689344743229,0.264209050874766,0.184012916024757,1.43581796638242,0.151054146059675,0.441993323287318,"mitochondrial fission 1 protein-like","liver"
"LOC115136650",91.4263046997709,0.26398832846439,0.316054536142734,0.835261950947508,0.403570235540349,0.677474617813841,"serine/threonine-protein kinase ULK2-like, transcript variant X3","liver"
"LOC115103228",78.0852716064719,0.263982270745725,0.123809180245507,2.13217041112996,0.0329928399541429,0.229095086291459,"tropomyosin alpha-3 chain-like, transcript variant X2","liver"
"LOC115109963",3522.68185733282,0.263813125605817,0.150878310715687,1.74851590234823,0.0803747344061327,0.342229155758065,"nucleoside diphosphate kinase-like, transcript variant X2","liver"
"LOC115130378",60.7058704274262,0.263750919512929,0.139159080741411,1.8953195013054,0.0580500861143968,0.294660212954273,"tyrosine-protein kinase yes","liver"
"LOC115105496",141.408379655112,0.26309410402187,0.142513558341895,1.84609876479751,0.0648778661789025,0.310742870205883,"ras-related protein Rab-24-like, transcript variant X1","liver"
"LOC115135292",154.559007851168,0.263024535392684,0.261244464000637,1.00681381478783,0.314024254608411,0.602661842209239,"lysophosphatidylserine lipase ABHD12-like, transcript variant X2","liver"
"LOC115133390",2113.7381769045,0.262732128320452,0.250873243834805,1.04727042351896,0.294974873073566,0.589635548521163,"purine nucleoside phosphorylase-like","liver"
"sec13",71.6952074807342,0.262668170066231,0.164139411613073,1.600274836402,0.109537626637155,0.387902142635137,"SEC13 homolog, nuclear pore and COPII coat complex component, transcript variant X2","liver"
"hmgb1",102.877914962328,0.262469921202464,0.154339461577213,1.70060150865017,0.0890178406848747,0.353987042567365,"high mobility group box 1, transcript variant X2","liver"
"LOC115129818",196.706439140086,0.262223701067667,0.274105242718303,0.95665335864135,0.338742247083087,0.620225883494352,"transcription factor CP2-like protein 1, transcript variant X3","liver"
"lrrc47",60.5501534780795,0.261510914447194,0.199982106025407,1.30767156944517,0.190984730400031,0.486229707127124,"leucine rich repeat containing 47","liver"
"LOC115140916",136.535574630642,0.261362161505322,0.0857888336916442,3.04657553038605,0.00231464318038637,0.0775050244941065,"RWD domain-containing protein 1-like, transcript variant X1","liver"
"LOC115122307",1178.74608412532,0.260846664289503,0.149951640144699,1.73953858749256,0.0819400708975447,0.345018683779301,"40S ribosomal protein S15a","liver"
"LOC115125620",191.996723897816,0.260486189330925,0.141231265125766,1.84439464660295,0.0651256469341879,0.310833883962236,"ER membrane protein complex subunit 7-like","liver"
"LOC115114507",83.1715544327755,0.260364634818482,0.0981731171013264,2.65209705575259,0.00799935440956896,0.12637739757133,"proteasome subunit alpha type-7-like","liver"
"nipsnap2",151.641215028271,0.259817002470857,0.148206198291234,1.75307784334567,0.0795886461568775,0.341118109080371,"nipsnap homolog 2","liver"
"LOC115140112",62.1752399616688,0.259782408421844,0.3621961864658,0.717242251931809,0.473224632666071,0.731323585074834,"phosphoinositide-3-kinase-interacting protein 1-like","liver"
"LOC115101330",1347.45989142158,0.259525521309115,0.17715410432701,1.46497041259657,0.142928990281122,0.430582826597082,"peroxiredoxin-5, mitochondrial-like","liver"
"cnp",155.160597005154,0.259458880616591,0.238529831158076,1.08774185332251,0.27670908548444,0.574269975781353,"2',3'-cyclic nucleotide 3' phosphodiesterase, transcript variant X2","liver"
"LOC115105375",9797.18486256252,0.259389081379233,0.193346998829491,1.34157283510764,0.179734539020161,0.476022079952032,"heat shock cognate 70 kDa protein","liver"
"midn",109.770909342401,0.259310599913596,0.319317528200751,0.812077562339675,0.416747127133697,0.690864604089969,"midnolin","liver"
"LOC115134202",69.8219524344388,0.258010436190631,0.131015531969655,1.9693118236576,0.0489172942645822,0.27463759149096,"calumenin-B-like, transcript variant X2","liver"
"LOC115104015",122.63831855071,0.257920690604727,0.242638315014092,1.0629841811659,0.287789125125203,0.583886746645261,"cathepsin D-like","liver"
"LOC115134253",518.277144818283,0.25773414082433,0.154495718937672,1.66822836643329,0.0952704018312198,0.364621744473288,"chromodomain-helicase-DNA-binding protein 2-like, transcript variant X1","liver"
"LOC115118779",172.382657034697,0.257264783053662,0.202073758679229,1.27312316421076,0.202974340277241,0.499893299679778,"carnitine O-acetyltransferase-like","liver"
"LOC115135604",1601.455584138,0.257226484049762,0.148594552044313,1.73106268373186,0.0834405850322187,0.347399207958451,"40S ribosomal protein S23","liver"
"LOC115113028",245.038601483018,0.257193151374676,0.0943486363356416,2.72598694971829,0.00641095330688988,0.117067626263223,"ribonuclease T2-like, transcript variant X4","liver"
"LOC115115997",252.862949030707,0.257097187935156,0.206653875664354,1.24409565080082,0.213464361551313,0.512113441838229,"kelch-like ECH-associated protein 1, transcript variant X3","liver"
"LOC115136949",278.504266684864,0.257026478092821,0.108094339572304,2.37779775619885,0.017416375344807,0.171935049223734,"histone H3.3, transcript variant X1","liver"
"LOC115112457",81.2420186916644,0.256646073645343,0.133506916953439,1.92234289804512,0.0545626255321003,0.287001509588736,"importin-7","liver"
"LOC115109223",118.361664522266,0.256583520220204,0.118275150495728,2.16937809121175,0.0300539908960847,0.218899134271184,"cystinosin-like","liver"
"vps26c",109.248810235377,0.256469580977226,0.155765100364604,1.64651504333705,0.0996577655117678,0.372665185528409,"VPS26 endosomal protein sorting factor C, transcript variant X1","liver"
"LOC115141048",175.49599964002,0.256459304166293,0.188382899217096,1.36137253026743,0.173395992525867,0.467435228528727,"tubulin alpha-1C chain","liver"
"LOC115103662",79.6363482039039,0.256390082258514,0.12618466330667,2.03186405970274,0.0421674198650549,0.25462874573328,"putative RNA-binding protein Luc7-like 2","liver"
"LOC115106260",58.6346251389869,0.256357208032788,0.149166566930614,1.71859695713205,0.0856877861334505,0.350742551825015,"phytanoyl-CoA dioxygenase, peroxisomal-like","liver"
"LOC115115620",66.5633888911584,0.256333234346302,0.152308540028586,1.6829866158404,0.0923776824323861,0.359285719078632,"E3 ubiquitin-protein ligase synoviolin-like, transcript variant X2","liver"
"LOC115137212",1078.20384049173,0.256168092450437,0.15476962744988,1.65515738889656,0.097892576218344,0.369112063520786,"40S ribosomal protein S6","liver"
"rbp4",7173.30062078947,0.256148768903209,0.172768122809976,1.48261591743369,0.138176485631962,0.425370860964421,"retinol binding protein 4","liver"
"LOC115139890",1203.45168515924,0.255982220759838,0.153770200287401,1.66470629732809,0.0959713660142772,0.365624127731397,"60S ribosomal protein L35-like","liver"
"LOC115134348",65.7932323317372,0.255958156241247,0.118274529516373,2.1641020876419,0.030456515336112,0.219820045083074,"reticulophagy regulator 2-like, transcript variant X2","liver"
"LOC115130653",1455.34345233884,0.25571190499479,0.166985376674645,1.5313431037319,0.12568461785139,0.408851159107954,"ADP/ATP translocase 2-like","liver"
"LOC115113529",177.024077061559,0.255639297769593,0.0889978910236505,2.8724197262344,0.00407341551819413,0.0963575161217609,"dnaJ homolog subfamily A member 2","liver"
"LOC115129842",67.5876743547515,0.255497743945639,0.158913059409138,1.6077831796557,0.107882673572297,0.386745626632086,"histone deacetylase complex subunit SAP18-like","liver"
"LOC115139428",3514.58609033824,0.255021931413207,0.108398928460853,2.35262409909619,0.0186414682447612,0.177115674978197,"plasminogen-like","liver"
"LOC115106928",85.3154997623952,0.254579522321377,0.143895566558258,1.76919642773224,0.0768611001443378,0.333915406164639,"aldo-keto reductase family 1 member B1-like","liver"
"LOC115103371",163.708786429659,0.254552549717916,0.173933000075028,1.46350922256336,0.14332809191317,0.430685362770068,"nuclear receptor-binding protein 2-like, transcript variant X2","liver"
"LOC115113120",1083.29712149644,0.25406816441704,0.145688726708157,1.74391094052175,0.0811746206004872,0.344142164600679,"40S ribosomal protein S24, transcript variant X1","liver"
"LOC115126363",469.449381795945,0.253912425716315,0.15565290237191,1.6312733129102,0.102832661880191,0.377305094940093,"tumor necrosis factor receptor superfamily member 14-like, transcript variant X1","liver"
"LOC115143933",161.419981179642,0.253757747975779,0.117631551255277,2.15722521099029,0.030988121023821,0.221592247882622,"V-type proton ATPase 16 kDa proteolipid subunit-like","liver"
"btf3",357.806417440062,0.253569260435472,0.101947174503648,2.4872612867402,0.0128730813662117,0.155699346138513,"basic transcription factor 3, transcript variant X1","liver"
"LOC115141892",2413.83892703264,0.253312115453508,0.157689643979766,1.60639664762013,0.108186786999926,0.387154823364089,"40S ribosomal protein S25-like","liver"
"LOC115145997",332.2129250835,0.253219439967802,0.110949233465149,2.28230003993081,0.0224716321962249,0.19042489154223,"proteasome subunit alpha type-3-like","liver"
"LOC115125163",288.285072908948,0.253171249970625,0.109574402664597,2.3104962821068,0.0208606941353349,0.182463925527092,"NADH dehydrogenase [ubiquinone] 1 subunit C2-like","liver"
"LOC115138261",164.986227559034,0.253090380480129,0.130231568211507,1.94338733654109,0.0519693761635037,0.283191413425724,"26S proteasome non-ATPase regulatory subunit 6","liver"
"LOC115109070",164.813509696957,0.252858251898037,0.11052601505694,2.28777136104809,0.0221508394631486,0.188884564125092,"cytochrome b-c1 complex subunit 6, mitochondrial-like","liver"
"LOC115113500",690.884849216459,0.25275495842777,0.146330625247214,1.72728680685099,0.0841161674099398,0.347975728564534,"synaptotagmin-13-like, transcript variant X2","liver"
"LOC115144188",83.8408176462414,0.25255999439043,0.197801439747633,1.27683597608117,0.201660161376369,0.497325662961862,"transcription factor MafF-like, transcript variant X1","liver"
"LOC115122329",65.9598119407592,0.252045631518012,0.158025276285992,1.59497035817145,0.110718864468947,0.389715104987415,"protein jagunal homolog 1-B","liver"
"LOC115143303",369.543879828963,0.252001032188192,0.116215127929039,2.16840128027104,0.0301281683822705,0.218899134271184,"signal peptidase complex subunit 1-like","liver"
"LOC115140246",58.9817356138505,0.251773625211583,0.119537065283083,2.10623896960614,0.0351835996691401,0.234579746776844,"erlin-2, transcript variant X2","liver"
"LOC115115624",2648.0414457226,0.251640453167012,0.0962247116721561,2.6151333560174,0.0089192623738322,0.132682165823869,"glutathione peroxidase 3-like","liver"
"LOC115115418",4152.13681236309,0.251637598926839,0.692415195140149,0.363420099230933,0.716291089670022,0.888419544471221,"heme oxygenase-like","liver"
"LOC115126561",69.8540266858752,0.251444725345503,0.168979962236129,1.48801504047053,0.136746927187985,0.422717936195613,"heat shock factor-binding protein 1-like","liver"
"LOC115108195",138.193891781901,0.251315531718952,0.0816131943281662,3.0793492864452,0.00207453304427498,0.0741736551619719,"NADH-quinone oxidoreductase subunit B-like","liver"
"LOC115108220",220.147605474463,0.250816639604535,0.172552908913214,1.45356367032146,0.146067315317298,0.435493105468807,"myeloid-derived growth factor-like","liver"
"LOC115112491",60.7230279230583,0.25038453438123,0.135347910374221,1.84993276725844,0.0643232404320274,0.310072065194594,"AKT-interacting protein-like, transcript variant X1","liver"
"LOC115128587",212.291977820822,0.250350618452659,0.113562955286543,2.2045095411701,0.0274885296958564,0.211651140154003,"NADH dehydrogenase [ubiquinone] iron-sulfur protein 6, mitochondrial-like","liver"
"rpl27a",1314.7015899205,0.250339665760146,0.15691512032192,1.5953826836226,0.110626685909518,0.389715104987415,"ribosomal protein L27a","liver"
"LOC115146358",96.8004610970163,0.25028624115319,0.116735785935594,2.14404039984174,0.0320296498617353,0.225479884000748,"cell cycle control protein 50A-like","liver"
"LOC115112536",2521.33503614597,0.25026197376212,0.159665139233317,1.56741775295366,0.117017077015494,0.397673381316156,"polyamine-modulated factor 1-binding protein 1-like","liver"
"LOC115105002",624.150903269267,0.249992620952842,0.243609660506768,1.0262015900059,0.304796572066733,0.597110690743404,"protein disulfide-isomerase A4-like","liver"
"LOC115114316",366.708868058081,0.24985626951935,0.0899992262691456,2.77620463949486,0.0054997580150685,0.10829475202618,"ras-related protein Rab-2A-like","liver"
"znf414",85.2965055574675,0.249652386377427,0.168670228970951,1.48012122767927,0.138840897464367,0.426141188301776,"zinc finger protein 414, transcript variant X1","liver"
"LOC115136811",61.1540122963309,0.249628412789945,0.239398407605601,1.04273213546682,0.297072370115703,0.590091121146007,"prothymosin alpha-like","liver"
"LOC115146682",214.209443445955,0.24945377548547,0.148747396501399,1.67702952355958,0.0935367087538385,0.361722604251087,"ATPase inhibitor B, mitochondrial-like","liver"
"LOC115133233",3765.4709271905,0.249261989979658,0.16974174924918,1.46847779690159,0.141974483006864,0.429510379412954,"L-lactate dehydrogenase B chain-like, transcript variant X2","liver"
"LOC115118410",207.011959015391,0.24919879328228,0.1012038025185,2.46234614788043,0.0138031378818517,0.159951066181795,"succinate dehydrogenase [ubiquinone] flavoprotein subunit, mitochondrial-like","liver"
"LOC115141340",112.819993849666,0.248947106764463,0.136270710799779,1.82685703555358,0.0677212676272743,0.316414349032478,"peroxisomal targeting signal 1 receptor-like, transcript variant X1","liver"
"LOC115119315",757.154158288586,0.248878142698166,0.167274416661972,1.48784343514465,0.136792187890582,0.422717936195613,"60S ribosomal protein L31-like","liver"
"fabp1",108.576747450215,0.248629254286516,0.377996846159633,0.657754837937235,0.510695678618188,0.760144684417698,"fatty acid binding protein 1","liver"
"LOC115109966",231.817797516141,0.248560460911667,0.0875289837308075,2.83975033545582,0.0045148854434554,0.0984100164038728,"V-type proton ATPase 16 kDa proteolipid subunit-like","liver"
"LOC115101435",77.8411429386081,0.248340606959988,0.120587611691427,2.05942056133817,0.0394539677324751,0.246919597587044,"ubiquitin-conjugating enzyme E2 D2","liver"
"LOC115110905",63.5377867683306,0.248337762012454,0.147753960346614,1.68075198410846,0.0928110986799605,0.360627300495252,"nucleosome-remodeling factor subunit BPTF-like","liver"
"cops9",157.788192976912,0.248317160401379,0.155138016608339,1.60062095565061,0.109460897978396,0.387902142635137,"COP9 signalosome subunit 9","liver"
"LOC115108107",100.325086186689,0.248168472774543,0.16239336600953,1.528193416226,0.126464522961933,0.410052665416657,"cytochrome b-c1 complex subunit 6, mitochondrial-like","liver"
"LOC115105834",103.661138451277,0.248162153127142,0.108972759009587,2.27728613446696,0.0227691443889019,0.191590638895676,"prostaglandin reductase 3-like","liver"
"LOC115111647",80.509102993515,0.248110803044979,0.178617152311144,1.38906482291679,0.16481303933463,0.457926345145162,"transcobalamin-2-like","liver"
"LOC115114642",4469.10304169294,0.247946405612656,0.143429243402087,1.72870190019456,0.0838624610981509,0.347734884472089,"peroxiredoxin","liver"
"polr2c",118.193985390716,0.247746142809356,0.106193638776974,2.33296594468966,0.0196499327660842,0.179507590461062,"RNA polymerase II subunit C","liver"
"LOC115105710",112.715645587665,0.247372799094128,0.118140732056723,2.09388239591538,0.036270457828168,0.236541417772181,"succinate dehydrogenase assembly factor 1, mitochondrial-like, transcript variant X1","liver"
"LOC115128439",503.384844594091,0.247359169861097,0.132807066171221,1.86254524696894,0.06252627385513,0.305950891036627,"proteasome subunit beta type-4-like","liver"
"LOC115122632",86.8574471917594,0.246813681841426,0.117207304943635,2.10578753568406,0.0352228120202514,0.234579746776844,"transmembrane 9 superfamily member 4-like","liver"
"LOC115108391",67.0449532612246,0.246629116998208,0.121549627709658,2.02904049683577,0.0424541657060622,0.255531607277258,"oxysterol-binding protein-related protein 1-like, transcript variant X1","liver"
"LOC115139681",370.712223863557,0.246285781043523,0.171477034665141,1.43626102191742,0.150928080880907,0.441993323287318,"lysosomal-associated transmembrane protein 4A-like, transcript variant X3","liver"
"LOC115144425",1680.66707080069,0.246098453095728,0.181541800255427,1.35560214093653,0.175225790296964,0.470730067742526,"nucleolar RNA helicase 2-like","liver"
"LOC115141359",70.8081553276492,0.245876840085557,0.163671448909145,1.50225859014693,0.133030338633242,0.418388626750845,"platelet-activating factor acetylhydrolase IB subunit alpha-like","liver"
"LOC115104203",99.9913367643125,0.245852575557599,0.445624606094213,0.551703322023518,0.581151633569972,0.804064514063545,"insulin-like growth factor-binding protein complex acid labile subunit","liver"
"LOC115125854",488.309313694026,0.245293168122499,0.19353064466643,1.26746422276062,0.204989348515944,0.502427290770287,"ras-related protein Rab-9B-like","liver"
"LOC115109348",70.017494822881,0.244920439240222,0.150968494699723,1.62232815348242,0.104733103639094,0.37979726906846,"heat shock factor-binding protein 1-like","liver"
"LOC115136676",2086.08790453393,0.24473540672481,0.172812241065464,1.41619254062043,0.156719139289123,0.446659174059623,"40S ribosomal protein S25-like","liver"
"LOC115143241",77.0054192778495,0.244707706659565,0.11222508874986,2.18050802530436,0.0292198246062939,0.216939899991355,"small nuclear ribonucleoprotein E","liver"
"LOC115134943",72.7042264991511,0.244688841259695,0.241724901230891,1.01226162473833,0.311412978189415,0.601817480450145,"charged multivesicular body protein 4b","liver"
"mrps21",74.8194570734356,0.244651447376326,0.108473600036675,2.25540082834541,0.0241081808043681,0.196923737391993,"mitochondrial ribosomal protein S21","liver"
"LOC115130925",86.9383112920092,0.244358220192123,0.100974002857121,2.42001122346207,0.0155200280742042,0.164057073949211,"ADP-ribose glycohydrolase MACROD1-like, transcript variant X2","liver"
"nudt12",141.613405956942,0.244027566598413,0.121962244881299,2.00084515364501,0.0454090796693177,0.262535331534949,"nudix hydrolase 12, transcript variant X2","liver"
"abcc2",2248.66802473973,0.243796361820636,0.0851763675606706,2.86225356636607,0.00420640231449919,0.0963575161217609,"ATP binding cassette subfamily C member 2","liver"
"ndufs4",302.89205890551,0.243622862412992,0.121230831436648,2.00957841768414,0.0444758273889294,0.261970873001287,"NADH:ubiquinone oxidoreductase subunit S4","liver"
"LOC115116342",159.897598194438,0.243608628861528,0.128653849133402,1.89351994131889,0.0582887588767353,0.294770448116096,"high mobility group-T protein-like","liver"
"lmf2",5614.65437015303,0.243446562784808,0.24524923567612,0.992649628911821,0.320880730163853,0.605794282606699,"lipase maturation factor 2","liver"
"LOC115110743",105.113203818963,0.243406975838164,0.0871019143944055,2.79450776174672,0.00519787929866918,0.104916091990504,"ER membrane protein complex subunit 10-like, transcript variant X1","liver"
"LOC115114313",510.402181216687,0.242798786230472,0.131221117808441,1.85030268211031,0.0642699363074351,0.310072065194594,"alpha-tocopherol transfer protein-like","liver"
"adipor1",88.3733549462088,0.242341803870585,0.0891048406195855,2.71973780756999,0.00653336976153102,0.117312842061676,"adiponectin receptor 1, transcript variant X2","liver"
"adamts1",72.1309071835747,0.241876164437171,0.564149495853803,0.4287448029553,0.668108951874313,0.859180422952549,"ADAM metallopeptidase with thrombospondin type 1 motif 1","liver"
"LOC115136793",254.061140035594,0.2416931753698,0.15196900862524,1.59041094994455,0.111742203723287,0.391641485738095,"T-complex protein 1 subunit zeta","liver"
"LOC115145582",57.5440639839466,0.24147415273099,0.207192961312687,1.16545538613432,0.243834709110656,0.536838563244212,"ATP-binding cassette sub-family E member 1-like","liver"
"LOC115141610",89.9016168364642,0.241298996470471,0.386134542352805,0.624909118464725,0.532030707336648,0.769709401192759,"putative uncharacterized protein DDB_G0292636, transcript variant X2","liver"
"LOC115113592",39891.2143299596,0.241195287866579,0.164695235150345,1.46449463244276,0.143058848581993,0.430615852328795,"haptoglobin-like, transcript variant X1","liver"
"LOC115137968",116.940722846393,0.241152215370186,0.126459246110005,1.90695597821619,0.0565262883163848,0.291717484848935,"protein transport protein Sec61 subunit alpha","liver"
"LOC115107006",96.0204699012881,0.240952261767733,0.13493968958359,1.78562928750827,0.0741593015881476,0.329172675117172,"calphotin-like","liver"
"LOC115138099",59.7308396866843,0.24095115939869,0.152049681739002,1.58468703546707,0.113037458923061,0.394213625770567,"phospholipase A-2-activating protein-like","liver"
"LOC115102750",80.2219845783807,0.240920279061795,0.401230609150052,0.600453389067573,0.548204115821694,0.779584923708898,"C-C motif chemokine 2-like, transcript variant X1","liver"
"LOC115139920",60.8055225999045,0.240787207819527,0.108691786812047,2.2153210917022,0.0267380331528004,0.208382835814177,"serine/threonine-protein phosphatase PP1-gamma catalytic subunit-like","liver"
"hgd",1203.26756714114,0.240511964132835,0.129367140450144,1.85914261763808,0.0630069258522561,0.307196447097842,"homogentisate 1,2-dioxygenase","liver"
"LOC115101415",267.180273372221,0.239799716055166,0.0811265162812833,2.95587345601934,0.00311784983152572,0.0893500245512373,"pyruvate dehydrogenase E1 component subunit alpha, mitochondrial-like, transcript variant X1","liver"
"LOC115103339",862.264413723567,0.239798554868876,0.122339392672035,1.96010908368429,0.0499830417523167,0.277924392655638,"translocation protein SEC62-like, transcript variant X2","liver"
"LOC115139474",74.3840454833525,0.239614384700723,0.130927067458332,1.83013634500735,0.067229553369437,0.315170651201997,"NUAK family SNF1-like kinase 2","liver"
"LOC115129236",58.687377884551,0.239577722417392,0.121540066991405,1.97118307030663,0.0487029396520271,0.27456871648916,"calcium-binding protein 39-like, transcript variant X1","liver"
"LOC115102385",66.0562323082699,0.239348750882824,0.108595009328493,2.20404926858848,0.0275208793625175,0.211651140154003,"YTH domain-containing family protein 1-like, transcript variant X1","liver"
"LOC115143888",251.262759210741,0.239312569864049,0.12058392583271,1.98461418643853,0.0471874127661586,0.270134683195032,"26S proteasome non-ATPase regulatory subunit 11B-like","liver"
"LOC115131407",276.650635214674,0.239158653124678,0.172412445016525,1.38713103396774,0.165401810388923,0.458057256769939,"ATP-binding cassette sub-family F member 1-like, transcript variant X1","liver"
"LOC115109216",70.4124732438967,0.238902210208316,0.102449079629622,2.33191172699653,0.0197053354278686,0.179507590461062,"ras-related protein Rab-8A-like","liver"
"LOC115104972",462.615002180171,0.238857316615087,0.130030358210876,1.83693500426817,0.066219490994631,0.3128136385416,"eukaryotic translation initiation factor 2 subunit 3","liver"
"LOC115143718",70.029039110651,0.238606335313857,0.101575372017864,2.34905696699682,0.0188210270319817,0.177754614506176,"elongation factor Ts, mitochondrial","liver"
"LOC115141350",5725.26724050577,0.238516347158168,0.171176076420428,1.3933976765091,0.163499567959267,0.455221463268407,"CD209 antigen-like protein E","liver"
"LOC115130600",57.3246507210754,0.23848127581962,0.101615096552203,2.34690792914913,0.0189299318461097,0.177784336877288,"ubiquitin-conjugating enzyme E2 D2-like, transcript variant X1","liver"
"LOC115109380",129.284063753302,0.23827247963683,0.166908710936179,1.4275616790782,0.153418060159726,0.443919583110383,"cytochrome c","liver"
"LOC115112665",367.469194183048,0.238245451510998,0.121310061016786,1.96393810632106,0.0495372700432806,0.275838678547011,"uncharacterized LOC115112665, transcript variant X2","liver"
"LOC115136936",107.765649699203,0.238211413443087,0.195624109671509,1.21769966822132,0.223338123197017,0.516643694750874,"eukaryotic translation initiation factor 3 subunit K-like, transcript variant X1","liver"
"LOC115113788",132.973166321519,0.238021309704632,0.0948613968444811,2.50914826918322,0.0121022674218921,0.153195161526808,"tetraspanin-3-like, transcript variant X1","liver"
"habp2",545.671773244569,0.23739302519177,0.202625585803554,1.17158464588931,0.241363855480026,0.536715261831198,"hyaluronan binding protein 2","liver"
"LOC115132427",170.875345059545,0.237380741715337,0.138732115061194,1.71107275060738,0.0870676837382378,0.352304759982719,"polypyrimidine tract-binding protein 1-like, transcript variant X1","liver"
"LOC115135451",1091.91899876957,0.237171191620973,0.134939859505447,1.75760662928065,0.0788144645969224,0.338868942718413,"40S ribosomal protein S14","liver"
"LOC115113683",190.346031905498,0.237146972609937,0.239499763641235,0.99017622817022,0.322087989606929,0.60722971583619,"COX assembly mitochondrial protein 2 homolog, transcript variant X1","liver"
"LOC115109330",1243.64247904743,0.237035516201189,0.10834204026182,2.18784430889771,0.0286809450923739,0.21568917379431,"aldose reductase-related protein 2-like, transcript variant X2","liver"
"acadm",297.909756512928,0.236863348183697,0.0840081845300273,2.81952704380886,0.00480944781217855,0.101812332498642,"acyl-CoA dehydrogenase medium chain","liver"
"LOC115137972",377.972464116688,0.236718832028086,0.108907674869001,2.17357346314501,0.0297371831461846,0.218899134271184,"dehydrogenase/reductase SDR family member 4-like, transcript variant X2","liver"
"LOC115144749",155.652018103622,0.236675936855374,0.115148655114307,2.05539471234317,0.0398408958127054,0.247171219684303,"proteasome subunit alpha type-1-like","liver"
"LOC115142915",1565.89190801898,0.236213167265866,0.155173369682339,1.52225325614457,0.127945635569847,0.411700045088005,"60S ribosomal protein L10a-like","liver"
"LOC115105431",63.5969198498291,0.236197647147421,0.139759323831121,1.69003141023229,0.0910219455982164,0.358113368975222,"ras-related GTP-binding protein C","liver"
"LOC115124171",187.963244743707,0.236172838575964,0.152040348761175,1.55335633271234,0.120338029053519,0.401530396424794,"sodium-dependent phosphate transporter 1-B-like","liver"
"LOC115137274",545.537793469347,0.236052704354065,0.235489053803051,1.00239353185174,0.316153564837945,0.602661842209239,"ecto-ADP-ribosyltransferase 4-like, transcript variant X1","liver"
"LOC115128031",207.471892747524,0.235887644938752,0.135887598112218,1.73590267409062,0.082581044902798,0.346143755999943,"60S ribosomal protein L28-like","liver"
"gnptg",148.526674748847,0.235839779689951,0.101373018714051,2.32645513255553,0.0199942833748765,0.180302431495568,"N-acetylglucosamine-1-phosphate transferase subunit gamma","liver"
"LOC115137017",63.3994356209994,0.235782516238116,0.170230039458344,1.385081722288,0.166027480099263,0.458239415732302,"mitochondrial import inner membrane translocase subunit TIM50-like, transcript variant X2","liver"
"LOC115120519",79.9140684315119,0.235766255157984,0.100799787013445,2.33895588615218,0.0193377166807305,0.178602417127693,"tetraspanin-3-like","liver"
"LOC115140813",204.527409979748,0.235695629809701,0.108531459043657,2.17168028409985,0.029879786662525,0.218899134271184,"platelet-activating factor acetylhydrolase IB subunit gamma-like, transcript variant X4","liver"
"LOC115143728",125.065329928987,0.235495207770951,0.116853302352145,2.01530639725757,0.0438725550482639,0.260297721072378,"28S ribosomal protein S16, mitochondrial-like","liver"
"LOC115112085",925.968771973068,0.235467216717059,0.124120312812084,1.89708848924311,0.0578162601573367,0.294660212954273,"26S proteasome regulatory subunit 6A-B, transcript variant X1","liver"
"LOC115144409",145.443113502585,0.235465470196424,0.162219485129293,1.45152396463811,0.146634014075824,0.435493105468807,"glutamate--cysteine ligase catalytic subunit-like, transcript variant X1","liver"
"LOC115137287",2094.9454247571,0.235450502808414,0.173721380017603,1.35533405723899,0.175311148879577,0.470730067742526,"plasma protease C1 inhibitor-like, transcript variant X2","liver"
"LOC115141493",699.09693021315,0.235446183639574,0.14502759165178,1.62345786038353,0.104491564536191,0.379596806639496,"translocon-associated protein subunit alpha","liver"
"LOC115144542",80.4961864342168,0.235414742224087,0.243160568598525,0.968145220176602,0.332971848610918,0.616121761806781,"glucose-6-phosphatase-like","liver"
"LOC115106841",198.947579161991,0.235290440377576,0.143702645277079,1.63734244365442,0.101558937131526,0.373942391823035,"cyclin-dependent kinase inhibitor 1B-like","liver"
"LOC115136789",121.898477144521,0.235084258320701,0.238773007792493,0.984551229195061,0.324844555914607,0.609607002720046,"claudin-3-like","liver"
"LOC115114242",92.8782361970596,0.234549680958325,0.125694859731739,1.86602444570054,0.062037945421835,0.305394523598308,"coatomer subunit beta'-like","liver"
"srp9",71.3978955710647,0.234430037577865,0.149822874852529,1.56471458586424,0.117649846901462,0.399022611236311,"signal recognition particle 9","liver"
"taf7",61.5857731613813,0.23436182233021,0.164885264492591,1.42136304933871,0.155211242776399,0.444270383115592,"TATA-box binding protein associated factor 7","liver"
"ubxn8",76.2815551190261,0.234300618808903,0.206773964398603,1.13312437322735,0.257162027304676,0.554305882228376,"UBX domain protein 8","liver"
"LOC115128364",183.172519285309,0.234272256453859,0.22574917694765,1.03775464265895,0.299384298303989,0.592373980527698,"C-type lectin domain family 4 member M-like","liver"
"LOC115120883",333.573743069546,0.234210405007846,0.140758669828813,1.66391459433857,0.0961294980529385,0.365848584560016,"FAD synthase-like","liver"
"LOC115145368",141.048718448472,0.234138173491436,0.111879102826265,2.09277843293957,0.0363689379182878,0.236804777883292,"non-specific lipid-transfer protein-like, transcript variant X2","liver"
"LOC115135651",306.599930943144,0.233844105420375,0.15466363633535,1.51195271856496,0.130545891176579,0.41540889168661,"peptidyl-prolyl cis-trans isomerase FKBP2-like","liver"
"LOC115112440",597.100087985284,0.23355364751152,0.139003676503372,1.68019762776457,0.0929188707553494,0.360702206856004,"40S ribosomal protein S13-like","liver"
"LOC115129300",72.1028959004244,0.23349468499638,0.101215080069754,2.30691597374091,0.0210595048479097,0.183415687521539,"stress-70 protein, mitochondrial-like","liver"
"LOC115125292",118.424790610711,0.233327597261208,0.0954309562163353,2.44498857092315,0.0144856732297073,0.161321322634664,"membrane magnesium transporter 1-like","liver"
"LOC115110813",59.7286634469468,0.233307132198856,0.181695846293168,1.28405319636428,0.199123342861811,0.495196305982148,"nucleolar transcription factor 1-like, transcript variant X4","liver"
"uprt",59.3864761048615,0.232462910959956,0.153197854052884,1.51740318033247,0.129164921471573,0.413266182521849,"uracil phosphoribosyltransferase homolog, transcript variant X1","liver"
"fem1c",58.6575637379766,0.232407872505831,0.138430118068807,1.67888228189122,0.0931749882954882,0.361008794954762,"fem-1 homolog C","liver"
"LOC115106855",69.9636365989627,0.232402412768067,0.212958322051666,1.09130467656335,0.275138840654849,0.572176486994472,"serine/threonine-protein kinase pim-3-like","liver"
"LOC115108757",1392.67791496027,0.232147056501051,0.164831611719691,1.40838916806708,0.159015864899666,0.450103239813223,"60S ribosomal protein L5-like","liver"
"LOC115138299",861.101615772544,0.232065418114079,0.140505257449156,1.65164935695061,0.0986060521043681,0.370449604895423,"60S ribosomal protein L13a-like","liver"
"LOC115111465",65.7857326125467,0.232038524402483,0.344374203896056,0.673797635761707,0.500439978158811,0.753247175397088,"calcium-binding mitochondrial carrier protein SCaMC-2-A-like, transcript variant X1","liver"
"LOC115141754",78.8400985693669,0.231772029506097,0.219186166992883,1.05742087963801,0.290319546490906,0.585326021350416,"complement C4-like","liver"
"LOC115103321",104.175978581044,0.231762120562351,0.153529116604154,1.50956460695274,0.131154558161734,0.41540889168661,"TSC22 domain family protein 2-like, transcript variant X2","liver"
"LOC115132943",191.850992747901,0.231527873965359,0.15921032723897,1.4542264812875,0.145883525454959,0.435493105468807,"ADP-ribosylation factor GTPase-activating protein 3-like","liver"
"LOC115102726",60.8287043243658,0.231367442252188,0.135893133563074,1.70256904220109,0.0886487476419809,0.353757565046943,"ubiquitin-conjugating enzyme E2 R1","liver"
"LOC115106816",550.484228582179,0.231253235082776,0.180752557922953,1.2793912171431,0.200759325139436,0.496718234682126,"vitronectin-like","liver"
"LOC115145401",94.9985280003394,0.23121467260207,0.0992433604257298,2.32977472357058,0.0198180607721977,0.179507590461062,"GDP-L-fucose synthase-like","liver"
"LOC115136485",804.84490438989,0.231183721085888,0.0961145431093227,2.40529386716154,0.0161594655078886,0.166512586801537,"cytochrome c oxidase subunit 7B, mitochondrial-like","liver"
"pptc7",99.1242848476879,0.231139293307979,0.254970176736498,0.906534624035077,0.364652947147681,0.645415736934422,"PTC7 protein phosphatase homolog","liver"
"LOC115135688",91.4573068422672,0.230921953075051,0.15255875404348,1.51365914413038,0.130112312158089,0.414974792141135,"nucleophosmin-like","liver"
"LOC115119004",665.857808387166,0.230688635607982,0.150627042887282,1.53152203738483,0.125640424212016,0.408851159107954,"60S ribosomal protein L35","liver"
"LOC115102089",60.2336076525644,0.230681288676809,0.184902920200124,1.24758055971825,0.212184701391225,0.510847514985607,"androgen-dependent TFPI-regulating protein-like","liver"
"LOC115126751",75.634576022782,0.230475706424041,0.197305353684295,1.16811684082745,0.242759638130839,0.536838563244212,"profilin-1-like","liver"
"LOC115134219",193.596973053019,0.230456218231393,0.151877825047585,1.5173789732582,0.129171029571353,0.413266182521849,"ADP-ribosylation factor 4-like","liver"
"LOC115137482",169.761156034686,0.230446770473071,0.15640595121152,1.47338875975006,0.140646239385409,0.428662337025698,"signal peptidase complex subunit 3","liver"
"LOC115116444",625.539889147832,0.230326978517135,0.118889255590616,1.93732375035002,0.0527057808036264,0.28440666342479,"proteasome subunit alpha type-4-like","liver"
"LOC115131739",766.989959692479,0.230302425182703,0.140733245048769,1.63644649210565,0.101746175647483,0.374293693085867,"40S ribosomal protein S5","liver"
"LOC115113577",60.1644153341014,0.230024219069746,0.109713640164016,2.0965872495514,0.0360301289572793,0.236107404549631,"trafficking protein particle complex subunit 2-like protein","liver"
"LOC115105494",601.982487374942,0.230007492729956,0.0957031594611609,2.40334273209967,0.0162459532529183,0.166797242969508,"cytochrome c oxidase subunit 7B, mitochondrial-like","liver"
"LOC115135251",97.4904595283907,0.229880467388602,0.128816754561193,1.78455409912846,0.0743336723309325,0.329172675117172,"calmodulin","liver"
"LOC115111993",59.259831425829,0.229774181484764,0.136265882720091,1.6862194475836,0.091753539442057,0.359279148153416,"protein FAM160B2-like, transcript variant X1","liver"
"LOC115142807",419.48267649127,0.229556755956548,0.178652564685474,1.28493400786433,0.198815345750792,0.495034422284806,"60S ribosomal protein L10a","liver"
"LOC115109095",4652.99968967017,0.229541362077872,0.178519342915189,1.28580667130801,0.198510541375715,0.495034422284806,"antithrombin-III-like","liver"
"LOC115136185",163.19622003013,0.229526159072605,0.0833481645461794,2.75382379830854,0.00589034710468465,0.112516378984712,"S-phase kinase-associated protein 1","liver"
"LOC115106595",1053.65536466817,0.22947795020705,0.125443071118974,1.82933938208039,0.0673487824330076,0.315170651201997,"V-type proton ATPase 16 kDa proteolipid subunit-like","liver"
"LOC115112212",109.19095383648,0.229263137573603,0.0963876372041367,2.37855335210731,0.0173807215354468,0.171935049223734,"BTB/POZ domain-containing protein 10-like","liver"
"LOC115120174",691.613313250895,0.229024387410736,0.176832770718926,1.29514674502707,0.195269611965713,0.491137928346786,"60S ribosomal protein L37","liver"
"LOC115105004",116.280786841945,0.228799665256126,0.140689256863661,1.62627673467529,0.103890798708979,0.378875711617528,"cullin-1-like","liver"
"LOC115137305",338.565679507465,0.228557900754631,0.177519687517969,1.28750734045482,0.197917512750719,0.494866556574453,"N-acyl-aromatic-L-amino acid amidohydrolase (carboxylate-forming) B-like","liver"
"LOC115135361",178.492791825815,0.228347982303872,0.112130709369678,2.03644464203863,0.0417057265522567,0.253610698023486,"erlin-1-like","liver"
"LOC115128497",556.926519165706,0.227908087327968,0.148674707256631,1.53293113222393,0.125292824201234,0.408851159107954,"translocon-associated protein subunit beta-like","liver"
"LOC115128063",662.299766062866,0.227896847630203,0.176911973607531,1.28819346131867,0.197678627543669,0.494866556574453,"pyruvate kinase PKM-like","liver"
"LOC115101315",97.4486010638372,0.227744385985607,0.110573313052462,2.05966864606428,0.0394302287863999,0.246919597587044,"calmodulin","liver"
"LOC115109479",113.930977463326,0.227688479557618,0.166166760881365,1.37024082524048,0.17061173818427,0.464553299943853,"MOB kinase activator 2-like, transcript variant X1","liver"
"LOC115129573",122.337253667434,0.227415964427933,0.174931445914252,1.3000290670404,0.193591007003867,0.488817721822308,"glutathione S-transferase P-like","liver"
"LOC115136059",85.7266553076383,0.227014899111375,0.146003986751087,1.55485411160997,0.119980818349979,0.401425114690011,"ras-related protein Rap-1A-like, transcript variant X1","liver"
"LOC115140062",669.388011694777,0.226813839738065,0.207400971737884,1.09360066077566,0.274130159313216,0.571050078285483,"protein transport protein Sec61 subunit alpha-like, transcript variant X2","liver"
"LOC115133589",82.173435629971,0.226806586619571,0.221030625669894,1.02613194860292,0.304829392746221,0.597110690743404,"extensin-like, transcript variant X1","liver"
"LOC115109805",99.1304798278701,0.226648909693062,0.0996151594318449,2.27524516334416,0.0228912269730604,0.191590638895676,"NADH dehydrogenase [ubiquinone] 1 alpha subcomplex subunit 10, mitochondrial-like","liver"
"LOC115143997",65.3393621687454,0.226641013457755,0.105964274040255,2.13884363867445,0.0324483339122534,0.226571087159677,"COP9 signalosome complex subunit 3-like","liver"
"odc1",1526.85264414928,0.226484474045691,0.270330208351476,0.837806752811077,0.402139245559326,0.677322134256122,"ornithine decarboxylase 1","liver"
"LOC115117867",2428.11969080628,0.226136600446037,0.156371026704565,1.44615409396321,0.148133986204226,0.436898789991625,"40S ribosomal protein S8","liver"
"itm2b",157.034203494152,0.226124983107927,0.118913934126606,1.90158524960729,0.0572253978132862,0.293028544581601,"integral membrane protein 2B","liver"
"rps21",1127.76346629332,0.225976655567767,0.127506916882142,1.77226978028684,0.0763497851093541,0.333098555422861,"ribosomal protein S21","liver"
"LOC115119189",65.2101358426456,0.225780903629402,0.100399984640008,2.24881412521085,0.0245243243173914,0.198335606979539,"ras-related protein Rab-18-B-like","liver"
"dpagt1",74.5302607487274,0.22550792566798,0.152628773986677,1.47749287226578,0.139543567527721,0.427222712347214,"dolichyl-phosphate N-acetylglucosaminephosphotransferase 1","liver"
"LOC115121566",1540.14620149682,0.225340980179381,0.146489530614064,1.53827361747138,0.12398172760621,0.407006451630996,"60S ribosomal protein L26","liver"
"LOC115137195",314.082027659711,0.224874645611229,0.14786259784353,1.52083521384627,0.128301195161964,0.411700045088005,"probable signal peptidase complex subunit 2","liver"
"kiaa1143",67.4765570664368,0.224854229278604,0.112744084130077,1.9943771862937,0.0461108497568765,0.265225701793456,"KIAA1143 ortholog","liver"
"LOC115107013",86.582830567859,0.224708380855002,0.109214658491206,2.0574928673434,0.0396388403201159,0.246919597587044,"optineurin-like, transcript variant X1","liver"
"LOC115138886",70.8011585131562,0.224706108127242,0.17451665860534,1.2875911670725,0.197888315700114,0.494866556574453,"transmembrane protein 256-like","liver"
"LOC115139282",327.655435433626,0.224282766286148,0.172502908247121,1.30016802942736,0.193543385528177,0.488817721822308,"solute carrier family 22 member 16-like","liver"
"LOC115141947",72.1435440820172,0.223924359339777,0.242572953251647,0.923121709729429,0.35594378220749,0.636040318359181,"heat shock 70 kDa protein 13-like","liver"
"rgn",78.9959638026329,0.223917041606958,0.228450696193351,0.980154778856286,0.327009722668492,0.611979627914037,"regucalcin, transcript variant X2","liver"
"LOC115118723",127.220982394907,0.223827413327046,0.114448112923752,1.95571082483609,0.0504992288343947,0.279666924903523,"eukaryotic translation initiation factor 3 subunit J-A-like","liver"
"LOC115128614",67.2774194693632,0.22373532486233,0.173902917275415,1.28655302836578,0.19825012456256,0.494866556574453,"WD repeat-containing protein 3-like","liver"
"LOC115145610",388.180718862427,0.223353903462384,0.291253621713658,0.766870819144598,0.443158324931096,0.707778594440931,"40S ribosomal protein S3a","liver"
"LOC115102501",99.4895868309557,0.223257689550915,0.110644578391944,2.01779149774564,0.0436129807478255,0.25951315259582,"V-type proton ATPase subunit S1-like","liver"
"mpdu1",80.4450563953042,0.222947535663662,0.0973950328471828,2.28910581110925,0.0220732052728056,0.188884564125092,"mannose-P-dolichol utilization defect 1","liver"
"LOC115130488",121.226544616016,0.222785009815983,0.192340088565404,1.15828692540207,0.24674696515909,0.540720768810995,"stress-70 protein, mitochondrial","liver"
"LOC115103230",71.1911425140714,0.222769475466479,0.170252786215221,1.30846302382899,0.190716308261583,0.486229707127124,"coatomer subunit beta'-like, transcript variant X2","liver"
"dhrs7b",86.4702837826547,0.222682289993734,0.146435798637272,1.52068204678097,0.128339646154084,0.411700045088005,"dehydrogenase/reductase 7B, transcript variant X1","liver"
"LOC115114749",64.6072200770246,0.222614750578822,0.12494850641587,1.78165195378876,0.0748060065024159,0.32998840097819,"cytochrome b-c1 complex subunit 10","liver"
"LOC115134791",64.9654910359669,0.222519408513049,0.142364842601182,1.56302219317174,0.118047374853424,0.399022611236311,"RNA-binding protein 45-like, transcript variant X3","liver"
"LOC115106918",125.242819766575,0.222484131998342,0.173452078171859,1.28268357660092,0.199602956052129,0.496086371261268,"ras-related and estrogen-regulated growth inhibitor","liver"
"LOC115113001",74.1981563362118,0.222342012265111,0.156307221797926,1.4224679429883,0.154890451325982,0.444270383115592,"leucine-rich repeat-containing protein 59-like","liver"
"LOC115114198",65.3870744292082,0.222238188490897,0.146012294726,1.52205120060567,0.127996252066861,0.411700045088005,"DET1- and DDB1-associated protein 1-like","liver"
"LOC115145819",1738.0107655272,0.221457331253879,0.1816021627497,1.21946417322745,0.222668065889888,0.516643694750874,"40S ribosomal protein S6","liver"
"LOC115109398",91.9834765285556,0.221358796123506,0.177588273574674,1.24647191882535,0.21259119230579,0.511481511615973,"choline kinase alpha-like, transcript variant X2","liver"
"LOC115130150",59.9896641271308,0.221200337967429,0.15657107090435,1.41277910848909,0.157720682813661,0.447369174076884,"ER membrane protein complex subunit 9-like, transcript variant X1","liver"
"LOC115104235",120.962499659442,0.22099502810368,0.124790845625551,1.77092339582985,0.0765734412245389,0.333098555422861,"glucosidase 2 subunit beta-like, transcript variant X4","liver"
"LOC115110308",877.733941204828,0.220876020739363,0.14892343070181,1.48315157459422,0.138034143877145,0.425266190811218,"40S ribosomal protein S11","liver"
"snap23",58.9345360016721,0.220812114072207,0.131779240557353,1.67562138875815,0.0938123765631048,0.362302933203603,"synaptosome associated protein 23, transcript variant X3","liver"
"LOC115140780",87.5717418790297,0.220776132861438,0.10490768784358,2.10448001857233,0.0353365958098582,0.234579746776844,"cell division control protein 42 homolog","liver"
"LOC115119588",94.1717148272135,0.220362119711834,0.128507571734093,1.71477926738672,0.0863857040740881,0.351054964911249,"ribonuclease H1-like, transcript variant X3","liver"
"LOC115109217",93.6324469674266,0.220283110064416,0.14771861596791,1.49123459234326,0.13589991457501,0.422520506115968,"tax1-binding protein 3","liver"
"LOC115142570",105.768859039987,0.220254544499402,0.175638874347897,1.25401933550959,0.209834977576659,0.508494273842128,"group XIIB secretory phospholipase A2-like protein","liver"
"LOC115126919",69.6909229586924,0.220003041320064,0.101374991213455,2.17019048472049,0.0299924186227742,0.218899134271184,"ubiquitin-conjugating enzyme E2 A-like, transcript variant X2","liver"
"LOC115147094",116.93294332928,0.219947250626605,0.0932248712454497,2.35931943577064,0.0183084883184437,0.176003298080133,"protein SET-like","liver"
"LOC115121065",1353.12745824996,0.219898217106119,0.11373640319761,1.93340224346694,0.0531866651079435,0.28440666342479,"60S ribosomal protein L27","liver"
"LOC115140133",89.0572890014977,0.219875737304998,0.175061992845391,1.25598785739395,0.209120372568254,0.507365856302503,"acyl-CoA dehydrogenase family member 11-like, transcript variant X3","liver"
"LOC115109529",591.534555168631,0.219581024457639,0.142996367309408,1.53557064832648,0.124643717554387,0.408398547228038,"40S ribosomal protein S17","liver"
"LOC115139701",131.502322699922,0.219563933960188,0.196636777286702,1.11659648306816,0.264166896049425,0.561930173304232,"transmembrane emp24 domain-containing protein 7-like, transcript variant X3","liver"
"LOC115107021",158.531066972436,0.219076252086318,0.131322086735886,1.66823614771613,0.0952688577478756,0.364621744473288,"ATP synthase subunit gamma, mitochondrial-like, transcript variant X1","liver"
"LOC115110168",76.1606433988813,0.21868944586263,0.275187336364475,0.794692985337756,0.426792113762798,0.697033718530067,"cyclin-T2-like, transcript variant X1","liver"
"LOC115145012",224.219533420041,0.218539347730488,0.177510294611217,1.23113618964541,0.218271932217529,0.514503686801253,"calreticulin-like","liver"
"oser1",98.5605610748005,0.218462499172159,0.0932069704813508,2.3438429341062,0.0190862070659371,0.178429770643944,"oxidative stress responsive serine rich 1, transcript variant X2","liver"
"srp19",125.814026096992,0.218326771702471,0.128433080592684,1.69992630165805,0.0891447889076366,0.354146354373808,"signal recognition particle 19","liver"
"LOC115112408",91.8850064188922,0.21828860057186,0.186277346433088,1.17184727371168,0.241258379061265,0.536715261831198,"CD81 antigen-like","liver"
"LOC115138515",135.271743221054,0.218195221200837,0.103229409459955,2.11369242875965,0.0345415455926769,0.233098244761177,"transmembrane emp24 domain-containing protein 10-like","liver"
"fmc1",132.975264552842,0.217843487900876,0.104613595762131,2.08236306489461,0.0373093194712521,0.238699977715578,"formation of mitochondrial complex V assembly factor 1 homolog","liver"
"lg9ah11orf74",64.6789016426735,0.217672456422361,0.150987735680288,1.44165653880177,0.149399289979686,0.43935895090707,"linkage group 9a C11orf74 homolog, transcript variant X1","liver"
"LOC115131594",77.0901750012578,0.217282304712366,0.18592531800644,1.16865366719362,0.242543196414498,0.536838563244212,"proteasome subunit beta type-7-like","liver"
"rcl1",5076.98871141191,0.216749758195336,0.120872615184922,1.79320814614404,0.0729396480199681,0.326705500361967,"RNA terminal phosphate cyclase like 1","liver"
"LOC115131835",251.43052530504,0.216354929689732,0.0794605015148401,2.72279844155433,0.00647315374318233,0.117067626263223,"14-3-3 protein beta/alpha-2-like","liver"
"LOC115108501",139.959822662387,0.216274862670153,0.146718300104598,1.47408239133064,0.14045940896674,0.428527358494335,"CD302 antigen-like","liver"
"LOC115112317",66.9309603716384,0.216123982925514,0.237827431907093,0.908742869535516,0.363485869516322,0.644440367180743,"lysosomal protective protein-like","liver"
"LOC115107550",2511.28756650074,0.215976602968283,0.112327648422781,1.9227376874782,0.0545130012328421,0.287001509588736,"leucine-rich alpha-2-glycoprotein-like","liver"
"LOC115143979",720.559842232744,0.215949466885809,0.224790881026963,0.960668270435341,0.336718989874331,0.617950638777758,"glucose-6-phosphatase-like","liver"
"llph",176.940655245849,0.215814349269656,0.206796685285933,1.04360642420963,0.296667519452045,0.590091121146007,"LLP homolog, long-term synaptic facilitation factor","liver"
"LOC115107538",14751.6491414108,0.215491262654453,0.270730382708579,0.795962612317557,0.426053766774095,0.696588509174171,"complement C1q-like protein 2","liver"
"LOC115119022",242.103376297865,0.215184608497871,0.128792901531717,1.67078003475898,0.0947651334864573,0.364055310170405,"transmembrane emp24 domain-containing protein 9-like","liver"
"LOC115129426",129.294688995245,0.215077249537089,0.205223517803903,1.04801463223431,0.294631865425884,0.589635548521163,"LON peptidase N-terminal domain and RING finger protein 2-like","liver"
"LOC115111973",63.9874841024484,0.215040586145117,0.160843717502352,1.33695359373905,0.18123778515519,0.476599777265298,"PR domain zinc finger protein 12-like","liver"
"LOC115119306",133.957766896685,0.214967046203844,0.124301571861766,1.72939925846558,0.0837376626486347,0.347664337007804,"protein SET-like","liver"
"LOC115110379",8003.21244385279,0.214965913639525,0.207780800057208,1.03458025756152,0.300864977841589,0.593862300088289,"microfibril-associated glycoprotein 4-like","liver"
"LOC115107019",1557.50587840587,0.214948187137415,0.160578055367577,1.33859004983826,0.180704167127297,0.476599777265298,"inter-alpha-trypsin inhibitor heavy chain H2-like","liver"
"LOC115141356",7178.25224182292,0.214903463784087,0.169922120138358,1.26471741059435,0.205972646454048,0.50423694359707,"C-type lectin domain family 4 member E-like","liver"
"LOC115125732",191.01303253316,0.214859540779685,0.104065277208976,2.06466120633321,0.0389550676072479,0.245790798091552,"actin-related protein 2/3 complex subunit 3-B-like","liver"
"LOC115113514",69.9727339158068,0.214611422074941,0.10383698570903,2.06681097885798,0.0387519685579793,0.245268670562614,"cytoplasmic dynein 1 light intermediate chain 2-like, transcript variant X2","liver"
"LOC115136183",336.852045677145,0.214593249466295,0.117889675236141,1.82028874909064,0.0687150438426059,0.318235015948244,"serine/threonine-protein phosphatase 2A catalytic subunit alpha isoform-like, transcript variant X2","liver"
"LOC115126306",102.125854279341,0.214573247129138,0.279393582540984,0.767996333980444,0.44248936288899,0.707566356663603,"keratinocyte-associated protein 2-like","liver"
"LOC115102094",216.099175458322,0.214311383608784,0.110518194157606,1.93915024799593,0.0524830456852565,0.284120957496779,"phospholemman-like, transcript variant X2","liver"
"abhd4",127.080753591141,0.214226636588962,0.149499301510413,1.43296078593411,0.15186904420155,0.442471925779497,"abhydrolase domain containing 4","liver"
"LOC115108626",78.2793067935792,0.213950053285793,0.110877294208961,1.92961106069724,0.0536550473106299,0.285879703056376,"protein mago nashi homolog","liver"
"LOC115106356",61.525724631821,0.213930441940667,0.144522725209648,1.48025469095143,0.138805289947058,0.426141188301776,"phosphatidylinositol 3,4,5-trisphosphate 3-phosphatase and dual-specificity protein phosphatase PTEN-like, transcript variant X1","liver"
"LOC115145864",78.5959067074284,0.213868517725599,0.154069487845048,1.38813025678836,0.165097384680245,0.457977404363521,"protein FRG1-like","liver"
"LOC115121668",984.170557192459,0.213708325365529,0.117113030517214,1.82480398997204,0.0680306135512239,0.317268627957424,"60S ribosomal protein L27-like","liver"
"LOC115131562",149.481691372512,0.213702177302957,0.137129297405852,1.55839912655921,0.119138663560481,0.399678347878619,"proteasome subunit beta type-4-like","liver"
"LOC115131258",103.47040829425,0.213647722588258,0.117771265033488,1.81409041099718,0.069663807604067,0.319403464335407,"small nuclear ribonucleoprotein Sm D1, transcript variant X3","liver"
"LOC115134140",743.1569612402,0.213542625507386,0.130403962145485,1.63754706524291,0.101516213237112,0.373942391823035,"40S ribosomal protein S17, transcript variant X1","liver"
"LOC115131981",81.7458106537503,0.213503715052107,0.119719178303718,1.78337103609636,0.0745259248473204,0.329466019173187,"rho-related GTP-binding protein RhoA-B","liver"
"LOC115143444",69.1578860857392,0.213347432701444,0.129174191656025,1.65162583923546,0.0986108491932124,0.370449604895423,"tumor suppressor candidate 2-like, transcript variant X1","liver"
"LOC115139206",151.705843278878,0.213165774469834,0.118121933061173,1.80462483931278,0.0711334084206811,0.323593496342295,"methylmalonate-semialdehyde dehydrogenase [acylating], mitochondrial-like, transcript variant X1","liver"
"LOC115132410",99.2906584590323,0.213096221764315,0.109835471964752,1.94014026573038,0.0523626456584547,0.284120957496779,"C4b-binding protein alpha chain-like, transcript variant X2","liver"
"LOC115103775",213.16083133671,0.213044665169051,0.111400274229697,1.91242496162777,0.0558217088447117,0.289477462151457,"proteasome subunit beta type-3","liver"
"LOC115133588",214.684890410715,0.213012410660724,0.172446795227175,1.2352355425342,0.216742854964195,0.514503686801253,"ceramide-1-phosphate transfer protein-like, transcript variant X2","liver"
"LOC115113392",168.095911950705,0.212877046380753,0.0906592879630653,2.34809969462234,0.0188694699761047,0.177754614506176,"ATP-dependent RNA helicase DDX3X-like, transcript variant X1","liver"
"LOC115120229",60.4830757641864,0.212846403717703,0.146656504060971,1.451326042991,0.146689092750347,0.435493105468807,"calcium-binding protein 39-like","liver"
"lman1",236.028395443921,0.212783128255458,0.1428638100317,1.48941238658163,0.13637880880933,0.422520506115968,"lectin, mannose binding 1, transcript variant X2","liver"
"rpl7a",1971.93142944058,0.212767549655939,0.139212265924714,1.52836783628681,0.126421235875957,0.410052665416657,"ribosomal protein L7a","liver"
"LOC115143168",168.681748099668,0.212714255205266,0.107335855468144,1.98176326333373,0.0475057428992455,0.27081595532493,"5'-AMP-activated protein kinase subunit gamma-1-like","liver"
"LOC115132041",907.656943939627,0.212641263251354,0.172285861172273,1.23423513574761,0.217115298324442,0.514503686801253,"nuclease-sensitive element-binding protein 1-like, transcript variant X1","liver"
"LOC115118543",106.794334858086,0.212504927644288,0.0976265126981815,2.17671328997749,0.0295019660845792,0.2186363886559,"ER membrane protein complex subunit 10-like, transcript variant X1","liver"
"LOC115142509",63.7261638700703,0.212380629723029,0.243858480823218,0.870917546136076,0.383799175617505,0.66181330070431,"lysozyme G-like","liver"
"LOC115112485",111.118170479957,0.21196734595199,0.127612277882453,1.66102627011516,0.0967081707634194,0.366232141905617,"terminal nucleotidyltransferase 4A-like","liver"
"wdr83os",126.336062371794,0.211893518387928,0.191035723227097,1.10918269530163,0.267351376185214,0.563456157875353,"WD repeat domain 83 opposite strand","liver"
"sec61b",59.6800266093021,0.211850300151846,0.601406045218163,0.352258348309413,0.724644521927976,0.89172023206053,"SEC61 translocon beta subunit","liver"
"LOC115108489",92.4874925054459,0.211647113109084,0.22850173353849,0.926238544590439,0.354322025516041,0.635099637644408,"dimethylaniline monooxygenase [N-oxide-forming] 5-like, transcript variant X5","liver"
"LOC115135546",501.039845685624,0.211613482000437,0.231841144268395,0.91275205989951,0.361372956910407,0.642370768585617,"diamine acetyltransferase 1-like","liver"
"psmd10",86.2428358312811,0.211337888763265,0.143647387801929,1.47122681447345,0.1412297878176,0.428662337025698,"proteasome 26S subunit, non-ATPase 10","liver"
"LOC115103788",107.574522952065,0.21121558650035,0.139841759216857,1.51038994133942,0.130943953734628,0.41540889168661,"rho GDP-dissociation inhibitor 1-like, transcript variant X1","liver"
"LOC115144311",72.8834311395548,0.211174807649677,0.17180769326663,1.22913475895374,0.219021284822277,0.514938140304512,"rho-related GTP-binding protein RhoU-like","liver"
"LOC115112549",187.241733857446,0.211155988902569,0.101292404188705,2.08461819614027,0.037103971450101,0.238699977715578,"ATP synthase subunit O, mitochondrial-like","liver"
"LOC115134567",140.911997341219,0.211149425390063,0.0870201540097539,2.42644279124576,0.0152476540826919,0.164057073949211,"sorting nexin-1-like, transcript variant X2","liver"
"LOC115111458",607.374756436806,0.211025305755811,0.136819569070776,1.54236201143602,0.122985647565244,0.405246159641015,"60S ribosomal protein L35","liver"
"LOC115106933",180.249492004698,0.211021840313604,0.118754393100185,1.77696028588668,0.0755747742671579,0.330873018166419,"short transmembrane mitochondrial protein 1-like","liver"
"LOC115146872",1522.90725624064,0.210825545055236,0.131000176529597,1.60935313707463,0.107539146189122,0.385853485798292,"60S ribosomal protein L7a","liver"
"LOC115123776",58.858785399725,0.210705532433485,0.19532335619826,1.07875236497376,0.280698135116334,0.578133197945517,"BCL2/adenovirus E1B 19 kDa protein-interacting protein 3-like","liver"
"LOC115138300",65.4625909916781,0.210226837637229,0.126691391831149,1.65936165511083,0.0970429381761793,0.366247237042691,"CAAX prenyl protease 1 homolog","liver"
"LOC115129808",166.595149510357,0.210191896197537,0.153580299637264,1.36861235909803,0.171120478643015,0.464681592904018,"programmed cell death protein 10-B-like","liver"
"LOC115144689",76.8892778779423,0.209959013993809,0.101386804787,2.07087119901751,0.0383708343166953,0.243612960552726,"cytochrome c oxidase subunit 5A, mitochondrial-like","liver"
"LOC115105717",70.9248113841685,0.209897814850621,0.105247526383727,1.99432539711522,0.0461165054989657,0.265225701793456,"ras-related GTP-binding protein A, transcript variant X1","liver"
"LOC115104665",129.495218956378,0.20985718159093,0.194506611453155,1.07892055711161,0.280623143854618,0.578133197945517,"nucleolar protein 16-like","liver"
"LOC115105477",599.007776070305,0.20968991755635,0.134765940800198,1.55595632183678,0.119718479033989,0.401293191235641,"malate dehydrogenase, mitochondrial-like","liver"
"LOC115111634",90.1089188117105,0.209687510743211,0.125752509558046,1.66746183817844,0.0954226065742573,0.364861673918079,"cyclin-dependent kinase 2-associated protein 1-like","liver"
"LOC115108593",248.566677837402,0.209402640471301,0.128951102308203,1.62389182196219,0.104398898254832,0.379596806639496,"proteasome subunit alpha type-7-like","liver"
"LOC115107100",995.329212622924,0.209379500365863,0.147971485096182,1.41499897922742,0.157068795323772,0.446763719287993,"40S ribosomal protein S16, transcript variant X2","liver"
"atg3",79.0803218732041,0.209354215301542,0.0946969859204163,2.21078013483433,0.0270510661227551,0.210420125031202,"autophagy related 3, transcript variant X1","liver"
"LOC115110453",286.31018662452,0.209349169011556,0.184307283322674,1.13587029897804,0.256010850298464,0.552994290310831,"transmembrane protein 56-B-like, transcript variant X4","liver"
"LOC115131967",234.138223213321,0.209287493679527,0.196537601414441,1.06487253417833,0.286933615625124,0.583021643712864,"monoglyceride lipase-like","liver"
"LOC115112121",66.9088711625896,0.209200636385297,0.11687614891499,1.78993437350045,0.0734644621475211,0.327974970113139,"vacuolar protein sorting-associated protein 35-like, transcript variant X1","liver"
"LOC115102263",285.516596761398,0.209117307007402,0.174792994601365,1.19637121318458,0.231551729863414,0.526562154159259,"dolichyl-diphosphooligosaccharide--protein glycosyltransferase 48 kDa subunit","liver"
"LOC115131983",57.5762432554278,0.209015207371643,0.178094524582709,1.17361950268479,0.240547465935238,0.536020194846327,"helicase ARIP4-like, transcript variant X2","liver"
"LOC115129554",278.053694681478,0.208992515654604,0.0961728300120784,2.17309312441317,0.0297733090955678,0.218899134271184,"electron transfer flavoprotein-ubiquinone oxidoreductase, mitochondrial-like","liver"
"LOC115104181",116.429400761166,0.208908031980192,0.10699630555297,1.95247892813242,0.0508813703269874,0.280793611630819,"lipopolysaccharide-induced tumor necrosis factor-alpha factor homolog, transcript variant X1","liver"
"ufsp2",72.8522768431329,0.208868598670321,0.112850228750271,1.85084780937867,0.0641914508309594,0.310072065194594,"UFM1 specific peptidase 2","liver"
"LOC115112169",90.4222819987005,0.208780196179196,0.125750405817996,1.66027453208679,0.096859236745401,0.366232141905617,"IST1 homolog, transcript variant X2","liver"
"LOC115133938",693.4532148161,0.208705340044666,0.137698653277841,1.51566725655298,0.129603511133292,0.413829624157594,"phosphate carrier protein, mitochondrial-like, transcript variant X1","liver"
"rab13",74.672977665242,0.20862286077017,0.11016141474507,1.89379249760866,0.0582525578718635,0.294770448116096,"RAB13, member RAS oncogene family","liver"
"dpm3",58.9603101296718,0.208587746656894,0.126795411243558,1.64507330834097,0.0999546942247666,0.372921081015946,"dolichyl-phosphate mannosyltransferase subunit 3, regulatory","liver"
"LOC115136988",91.6307069192464,0.20834114849303,0.139855762043411,1.48968584096207,0.136306859259341,0.422520506115968,"bleomycin hydrolase-like, transcript variant X2","liver"
"LOC115107721",312.780397813226,0.207870578662254,0.110046341175634,1.88893675556639,0.05890030365788,0.295850055426932,"serine incorporator 1-like","liver"
"LOC115102873",153.767315081527,0.207813828642259,0.166454430036717,1.2484728018138,0.211857962657789,0.510664137074599,"NADH dehydrogenase [ubiquinone] 1 alpha subcomplex subunit 13-like","liver"
"LOC115138225",971.23763022466,0.207699042804202,0.119597372289619,1.73665222594719,0.0824485751278026,0.346097211350076,"oligosaccharyltransferase complex subunit ostc-like","liver"
"LOC115131683",762.726558073902,0.207653568223254,0.145398617710395,1.42816741653527,0.153243676688336,0.443919583110383,"60S ribosomal protein L11-like","liver"
"LOC115105068",61.0796051077091,0.207580431808835,0.178792530985427,1.16101288272357,0.245636660460184,0.538577207119801,"putative ferric-chelate reductase 1, transcript variant X4","liver"
"LOC115142061",91.1303671266933,0.207437742494164,0.168423601753028,1.23164295463972,0.218082487758806,0.514503686801253,"apoptosis-associated speck-like protein containing a CARD","liver"
"LOC115107559",86.916832339842,0.207262305747183,0.121185317840394,1.71029221559789,0.0872118505452806,0.352304759982719,"rho-related GTP-binding protein RhoB-like","liver"
"LOC115107552",206.372321948231,0.207112688609983,0.18679553661089,1.10876679586523,0.267530798019133,0.563542910969502,"protein disulfide-isomerase A6-like","liver"
"LOC115129845",512.625908968121,0.206936563478526,0.278502627755394,0.743032714435558,0.457461874361786,0.718606378374628,"uncharacterized LOC115129845","liver"
"LOC115111528",471.302738527761,0.206807417226465,0.228137462376274,0.906503539893728,0.364669392090278,0.645415736934422,"interleukin-1 receptor type 2-like","liver"
"LOC115144421",447.546754665778,0.206731805351881,0.11094122360436,1.86343541774093,0.0624010308911388,0.305705050375339,"mitochondrial pyruvate carrier 1-like","liver"
"LOC115120937",555.191166230875,0.206598625441713,0.162566226202577,1.27085822355417,0.20377909090816,0.500665204666462,"40S ribosomal protein S19","liver"
"LOC115121109",64.8700368976822,0.206498038538876,0.134253480371908,1.53812056094811,0.124019139579415,0.407006451630996,"torsin-1A-interacting protein 2-like, transcript variant X1","liver"
"LOC115120410",191.884212731117,0.206375968111834,0.153475632164583,1.34468231341457,0.178727848642872,0.475208552555999,"protein Tob1-like, transcript variant X2","liver"
"bnip3",107.430551896785,0.206375431045478,0.115024919208015,1.79418018692333,0.0727844134836674,0.326705500361967,"BCL2 interacting protein 3, transcript variant X1","liver"
"pcnp",165.355581302858,0.206340527863991,0.139674196307234,1.47729883771885,0.139595549429392,0.427222712347214,"PEST proteolytic signal containing nuclear protein, transcript variant X1","liver"
"LOC115129791",62.004603887385,0.206218268322087,0.144414611679167,1.42795985755392,0.153303413074622,0.443919583110383,"obg-like ATPase 1","liver"
"LOC115112194",358.337360412104,0.206191500677724,0.15223494770328,1.35442947751793,0.175599398491628,0.471121619369691,"UDP-glucuronosyltransferase 2C1-like, transcript variant X1","liver"
"pold4",59.9957431204787,0.206179377145008,0.221852595660769,0.929353008158054,0.352706172472202,0.633038467193614,"DNA polymerase delta 4, accessory subunit","liver"
"LOC115114539",93.0510078770924,0.206089290243841,0.115332625694876,1.78691232426348,0.0739516602794399,0.328709888003268,"EF-hand calcium-binding domain-containing protein 14-like","liver"
"LOC115125763",1358.7961891904,0.206041404648683,0.144635531871724,1.42455593022204,0.154285606734257,0.444006832320837,"60S ribosomal protein L17-like","liver"
"LOC115116664",140.32036487725,0.206011260590909,0.109550362345298,1.88051646914293,0.0600377239881931,0.300262285859969,"coatomer subunit beta, transcript variant X2","liver"
"LOC115122746",58.2660206834732,0.205966990260351,0.108766858372832,1.89365578211642,0.0582707141273815,0.294770448116096,"golgin subfamily A member 2-like, transcript variant X1","liver"
"LOC115130819",57.5972573525681,0.205859860954167,0.158381909965916,1.29976877408833,0.193680230800547,0.488817721822308,"electron transfer flavoprotein-ubiquinone oxidoreductase, mitochondrial-like, transcript variant X2","liver"
"aco1",722.542964760854,0.205633528802179,0.0831997290605862,2.47156488517453,0.0134523136793247,0.157883405011815,"aconitase 1, transcript variant X1","liver"
"rnf103",173.45427458726,0.205541311207837,0.14938427540657,1.37592334031428,0.168845368234279,0.463131709907754,"ring finger protein 103","liver"
"wdr33",105.093073043427,0.205303043509948,0.143967919150034,1.42603327687187,0.153858736809356,0.444006832320837,"WD repeat domain 33, transcript variant X1","liver"
"LOC115143250",180.660400930253,0.205105302881677,0.135851052315626,1.50978074431953,0.131099380012982,0.41540889168661,"aflatoxin B1 aldehyde reductase member 4-like","liver"
"ece1",236.522764231762,0.204850025752657,0.17140107761235,1.19515016245089,0.232028366240018,0.526878897378447,"endothelin converting enzyme 1, transcript variant X2","liver"
"LOC115132243",226.524844241969,0.20466156798801,0.12889585562001,1.58780565134197,0.112330293170515,0.39294216397497,"dolichyl-diphosphooligosaccharide--protein glycosyltransferase 48 kDa subunit-like","liver"
"LOC115102708",150.527065802286,0.204538421844873,0.105511947659725,1.93853327875728,0.0525581947871862,0.284120957496779,"TAR DNA-binding protein 43-like","liver"
"LOC115106462",218.953189472456,0.204494290766627,0.169372080707043,1.20736717594167,0.227290770704659,0.522525201010823,"26S proteasome non-ATPase regulatory subunit 11B-like","liver"
"LOC115134589",1628.31020714737,0.204121655481106,0.133589620553104,1.52797541183197,0.126518642911989,0.410052665416657,"60S ribosomal protein L28-like, transcript variant X2","liver"
"LOC115142560",91.8911551222051,0.203590151722548,0.123429329511569,1.64944711705224,0.0990560687225988,0.371096080986501,"proteasome subunit beta type-3-like","liver"
"sparc",92.3601647622417,0.203141338587148,0.196234793503689,1.03519531353307,0.300577706974496,0.593641960776684,"secreted protein acidic and cysteine rich","liver"
"LOC115143067",662.370249766949,0.20311941348558,0.11683000244536,1.73858948244546,0.0821069978571938,0.345018683779301,"probable Bax inhibitor 1, transcript variant X1","liver"
"LOC115118419",276.557272748153,0.202997317140586,0.105565658193911,1.92294843430716,0.054486526164199,0.287001509588736,"serine/threonine-protein phosphatase 2A catalytic subunit beta isoform","liver"
"LOC115144141",64.9905542286669,0.202940764346918,0.130811014381165,1.55140425526841,0.120804836112775,0.402287999996464,"dual specificity mitogen-activated protein kinase kinase 4-like, transcript variant X3","liver"
"LOC115139990",87.4938978414538,0.202869609277806,0.0959044209428215,2.11533115244768,0.0344017331319604,0.233098244761177,"transmembrane protein 127-like, transcript variant X1","liver"
"LOC115139915",232.908430259201,0.2027189407762,0.126498382096484,1.60254176706845,0.109035859182749,0.387902142635137,"sarcoplasmic/endoplasmic reticulum calcium ATPase 2-like, transcript variant X1","liver"
"LOC115107684",93.8100935912072,0.202709683345105,0.0987229742180103,2.05331823672026,0.04004172330398,0.248039611226478,"m-AAA protease-interacting protein 1, mitochondrial-like","liver"
"LOC115138144",559.411261548364,0.202398808988639,0.115638808145465,1.75026716579469,0.08007222380657,0.342229155758065,"gamma-aminobutyric acid receptor-associated protein-like","liver"
"LOC115128392",177.07678798933,0.202235200917951,0.0983851614822126,2.05554575376201,0.0398263211614108,0.247171219684303,"ATP synthase subunit O, mitochondrial-like","liver"
"suox",198.566019680473,0.202138421430606,0.157712933717691,1.2816857607407,0.199952901984031,0.496181792666034,"sulfite oxidase","liver"
"faxdc2",412.975324048619,0.201845352914619,0.295178954094856,0.683806721700612,0.494097221539652,0.749105848998376,"fatty acid hydroxylase domain containing 2, transcript variant X1","liver"
"LOC115105184",238.078760787325,0.201842102131412,0.11635459217672,1.73471539331128,0.0827912284022873,0.346465140623945,"electron transfer flavoprotein subunit beta-like, transcript variant X1","liver"
"LOC115103982",73.4470229202121,0.201732444586532,0.123155237718726,1.63803382075611,0.101414638803366,0.373942391823035,"eukaryotic initiation factor 4A-III","liver"
"LOC115103254",1194.87656282054,0.201720458002066,0.141627369204054,1.424304208542,0.154358429758456,0.444006832320837,"40S ribosomal protein S15","liver"
"LOC115101778",1635.65707622561,0.201551564036497,0.179881011783318,1.12047159418518,0.262512850815469,0.559917519583386,"protein transport protein Sec61 subunit gamma-like","liver"
"LOC115112217",69.1774565980089,0.201359704079718,0.110661957702663,1.81959282358577,0.068821035361714,0.318235015948244,"ubiquitin carboxyl-terminal hydrolase 47-like, transcript variant X4","liver"
"rtn4ip1",433.941968639432,0.201201351011027,0.196937310013441,1.02165176825709,0.306945746584339,0.598746474685021,"reticulon 4 interacting protein 1, transcript variant X2","liver"
"LOC115142866",388.891011861757,0.200922397518619,0.209577701818677,0.958701215706876,0.337709285859038,0.619209648745586,"eukaryotic translation initiation factor 2 subunit 2-like","liver"
"LOC115113332",188.284463396645,0.200853250916205,0.129841908852352,1.54690617760867,0.121885871208347,0.403579862749976,"calmodulin","liver"
"LOC115106702",97.6924156199937,0.200791760282896,0.113623252356167,1.76717138542636,0.077199530293852,0.334750303699724,"mitochondrial amidoxime-reducing component 1-like","liver"
"LOC115121671",92.475158153515,0.200680349812847,0.159758402511351,1.25614895153066,0.209061970948567,0.507365856302503,"interferon-induced 35 kDa protein homolog, transcript variant X1","liver"
"eif3i",298.836252222028,0.200648244394308,0.118687226829321,1.69056308546877,0.090920279985479,0.358113368975222,"eukaryotic translation initiation factor 3 subunit I","liver"
"LOC115135887",441.836929810066,0.200537127897661,0.233218552753227,0.859867817248024,0.389861910601853,0.666279726462538,"dolichyl-diphosphooligosaccharide--protein glycosyltransferase subunit STT3A","liver"
"LOC115145288",363.205016098705,0.200255527586735,0.12510658841116,1.60067930977863,0.109447966062891,0.387902142635137,"cytochrome c oxidase subunit 6C-1-like","liver"
"LOC115132130",324.765913462177,0.20021785265834,0.102905011138825,1.94565697474377,0.0516959581653163,0.283191413425724,"syntenin-1-like","liver"
"LOC115133681",129.079183465206,0.200172588505156,0.139733348646394,1.43253268059659,0.151991432202713,0.442512198327327,"glucosidase 2 subunit beta-like","liver"
"LOC115144177",334.909966111003,0.200084711245182,0.233493431142188,0.856917945256193,0.391490234430033,0.667530449463005,"thyrotroph embryonic factor-like, transcript variant X1","liver"
"LOC115119285",103.75275007385,0.199914371114857,0.151770935926604,1.31721116361525,0.187767852923187,0.482967478149619,"GRIP and coiled-coil domain-containing protein 2-like, transcript variant X1","liver"
"LOC115103832",10262.8586966935,0.199799617397671,0.163108262841822,1.22495092472067,0.220593711459671,0.515384077401978,"beta-2-glycoprotein 1-like","liver"
"LOC115121186",57.7418268677904,0.199752337199224,0.127736251552219,1.5637873725891,0.117867510717791,0.399022611236311,"V-type proton ATPase subunit G 1-like","liver"
"LOC115141784",108.359819037974,0.199442433828268,0.152379212818103,1.30885591374163,0.190583162656902,0.486229707127124,"T-complex protein 1 subunit zeta-like","liver"
"LOC115113954",1599.87965800433,0.199011440274661,0.14452509858266,1.37700262602373,0.168511435946934,0.462527012067139,"60S ribosomal protein L8","liver"
"LOC115109240",110.958660825124,0.199007940324028,0.156446414092163,1.27205178513578,0.2033547204432,0.50038038228154,"DNA-directed RNA polymerases I, II, and III subunit RPABC1","liver"
"LOC115118566",65.4111706461169,0.198735370752807,0.211243835858125,0.94078660305279,0.346814227644537,0.627158292759154,"zinc finger protein 665-like, transcript variant X2","liver"
"LOC115116228",101.839687596592,0.198724604972651,0.117667020785931,1.68887257997452,0.0912438509851581,0.358640247459503,"HMG box-containing protein 1-like","liver"
"eci2",817.628599312659,0.198564003006134,0.113610949402646,1.7477541033691,0.080506615856653,0.342229155758065,"enoyl-CoA delta isomerase 2, transcript variant X4","liver"
"LOC115111861",66.9560619592475,0.198509110344191,0.269910969495211,0.735461440175787,0.462058515396812,0.720210519601302,"UDP-N-acetylglucosamine/UDP-glucose/GDP-mannose transporter-like, transcript variant X2","liver"
"LOC115113562",96.7916455380578,0.198339353699149,0.166301367868975,1.19265016422124,0.233006410828846,0.527687459896506,"two pore calcium channel protein 2-like","liver"
"LOC115104315",93.2294109252895,0.198319799889946,0.210607701131522,0.941655024125148,0.346369288714338,0.626631700310538,"forkhead box protein K2-like, transcript variant X2","liver"
"LOC115146294",85.2068706950803,0.197970288556619,0.103393782972959,1.91472139682126,0.0555280433460949,0.28905786038146,"BSD domain-containing protein 1-like","liver"
"LOC115113119",97.111083253915,0.197904602963009,0.122208951286368,1.61939531335365,0.105362234581682,0.381400060528364,"eukaryotic translation initiation factor 4E-binding protein 2-like","liver"
"hint1",169.946792222237,0.197751978034904,0.159326083901322,1.24117767281207,0.21454012092957,0.512883010503769,"histidine triad nucleotide binding protein 1","liver"
"LOC115129586",101.124697127954,0.19774573502752,0.105462561877404,1.87503253768282,0.0607882473750155,0.303270077232676,"NF-kappa-B-activating protein-like, transcript variant X1","liver"
"LOC115108625",70.5241669554301,0.19773428779456,0.123222065845365,1.60469869124498,0.108560130105948,0.387833868138358,"non-specific lipid-transfer protein-like","liver"
"gars",61.8879023294272,0.197683358572625,0.240279471734905,0.822722628551161,0.410665744112287,0.684051317123694,"glycyl-tRNA synthetase","liver"
"LOC115101086",60.2345162259562,0.197587594823533,0.161843326663321,1.22085722591806,0.22214008218629,0.51642870199588,"protein phosphatase 1 regulatory subunit 26-like, transcript variant X1","liver"
"psme1",363.452901095056,0.197525543959133,0.127838572922196,1.54511693492815,0.122317981427455,0.404346024096395,"proteasome activator subunit 1","liver"
"LOC115117204",276.618313559365,0.19732620071634,0.0959257041653868,2.05707325719629,0.0396791796907542,0.246919597587044,"protein SREK1IP1-like","liver"
"LOC115127823",134.597636934111,0.197322221414245,0.102896166022162,1.9176829326347,0.0551512271502588,0.288570477361303,"protein strawberry notch homolog 1-like, transcript variant X3","liver"
"LOC115126636",284.753713688771,0.197238511605218,0.165387315412771,1.1925854840376,0.233031753634375,0.527687459896506,"calponin-3-like, transcript variant X2","liver"
"c9",4690.58351396752,0.197232899196283,0.199973989809681,0.986292764293967,0.323989469415918,0.608562708451282,"complement C9","liver"
"LOC115109651",66.237168608648,0.197031640441784,0.208112060508608,0.946757434241227,0.343762396399457,0.624522353674211,"TBC1 domain family member 15-like","liver"
"LOC115107584",95.396415438412,0.196605961202354,0.0905272237789851,2.17178825324802,0.0298716381181785,0.218899134271184,"serine/threonine-protein phosphatase 2A 56 kDa regulatory subunit alpha isoform-like","liver"
"LOC115117380",410.807201811852,0.1965773280965,0.135056235173237,1.45552204860701,0.145524790752543,0.435493105468807,"cathepsin B-like","liver"
"LOC115114233",192.938041089437,0.19655487313813,0.115573716393351,1.70068835088043,0.0890015237244053,0.353987042567365,"ubiquitin-60S ribosomal protein L40-like","liver"
"med31",74.9591066723055,0.196501643740631,0.119515994448537,1.6441451593765,0.10014622168321,0.372921081015946,"mediator complex subunit 31","liver"
"LOC115118164",392.379827589214,0.196290257392766,0.140724204106942,1.39485782590461,0.163058717081329,0.455221463268407,"eukaryotic initiation factor 4A-I","liver"
"LOC115119573",902.827629804592,0.196254453926686,0.127947977431577,1.53386132290866,0.125063772830856,0.408851159107954,"60S ribosomal protein L26","liver"
"pgd",358.591620455499,0.196248226021916,0.30192658313416,0.64998657615621,0.515700892710569,0.762093304551333,"phosphogluconate dehydrogenase","liver"
"ube2j1",64.3556354795468,0.196185075786472,0.124659670235103,1.57376539996035,0.115541695879179,0.396770356824195,"ubiquitin conjugating enzyme E2 J1","liver"
"LOC115110104",57.3387502760164,0.195985328116736,0.187571431469462,1.04485702636781,0.296089053814263,0.590091121146007,"nuclear body protein SP140-like, transcript variant X2","liver"
"LOC115131669",80.995625173804,0.195972479350954,0.203295029712415,0.963980671973043,0.33505561617985,0.616841324096237,"adenylate kinase 2, mitochondrial-like, transcript variant X2","liver"
"LOC115111720",2386.07487541868,0.195952989960774,0.158504573917884,1.23626079120146,0.2163616404032,0.514221601331453,"60S ribosomal protein L6-like","liver"
"LOC115110783",117.950277702572,0.195933306181471,0.145118852994133,1.35015748911268,0.176965470989054,0.472681035223712,"coiled-coil domain-containing protein 47-like","liver"
"LOC115102419",151.843749522136,0.195845469385212,0.161811645940227,1.21032987611755,0.226152337983232,0.521083623301105,"CD63 antigen-like","liver"
"LOC115101930",696.744381272404,0.195644297900146,0.155133150321105,1.26113791601079,0.207259161999645,0.505814444934547,"ragulator complex protein LAMTOR5-like","liver"
"LOC115132132",215.008575335286,0.195529469638083,0.129565041657925,1.50912211454627,0.131267579119812,0.41540889168661,"NSFL1 cofactor p47-like, transcript variant X2","liver"
"LOC115143579",58.7844507628044,0.195379581723672,0.294189697501594,0.664127885452592,0.506608463963458,0.757363748897249,"3-oxo-5-alpha-steroid 4-dehydrogenase 2-like","liver"
"pfdn4",85.6013319163541,0.195352407996482,0.144300491036514,1.35378893441914,0.175803724990506,0.471121619369691,"prefoldin subunit 4","liver"
"edem1",76.0513743134613,0.195225516352643,0.136205903215351,1.43331171222424,0.151768776352038,0.442471925779497,"ER degradation enhancing alpha-mannosidase like protein 1","liver"
"LOC115106777",147.388572427413,0.194801882436197,0.255830663326406,0.761448529677051,0.446389210504245,0.709735498671783,"discoidin, CUB and LCCL domain-containing protein 1-like, transcript variant X3","liver"
"LOC115116167",253.855136902324,0.19473332745825,0.144719271392103,1.34559361434759,0.178433612168168,0.474799341503657,"exocyst complex component 7-like","liver"
"picalm",114.85810192332,0.19464974915812,0.125212926667506,1.55454995213871,0.120053291169559,0.401425114690011,"phosphatidylinositol binding clathrin assembly protein, transcript variant X5","liver"
"LOC115109288",185.114530806603,0.194599781351844,0.195202570972447,0.996911979091258,0.318807236574613,0.604704843863596,"carbonic anhydrase 5B, mitochondrial-like, transcript variant X2","liver"
"LOC115130279",142.852684666448,0.194205225151668,0.118268515671846,1.64207036884203,0.100575421622937,0.373304886891544,"proteasome activator complex subunit 2-like","liver"
"LOC115110120",278.790369373769,0.194175528392669,0.19329955291283,1.00453169946148,0.31512239982532,0.602661842209239,"interleukin-2 receptor subunit beta-like, transcript variant X3","liver"
"cope",132.441661246404,0.19327640083086,0.12387748278645,1.56022221701136,0.118707377169071,0.399022611236311,"coatomer protein complex subunit epsilon","liver"
"LOC115121319",258.580467330657,0.193047239216894,0.139075068649009,1.38807940986243,0.165112865638985,0.457977404363521,"cysteine and histidine-rich protein 1-like, transcript variant X1","liver"
"LOC115105724",69.6846388477904,0.192326417343575,0.153443842644893,1.25339938070155,0.210060396750612,0.50873807317617,"MICOS complex subunit MIC27-like, transcript variant X2","liver"
"LOC115122847",140.736329114118,0.192246791686565,0.0975997457524047,1.96974684928243,0.0488673907863962,0.27463759149096,"rab GDP dissociation inhibitor beta-like","liver"
"LOC115146490",111.257200364064,0.192142974008711,0.109663998906784,1.75210621465697,0.0797555458584748,0.341474374915066,"uncharacterized LOC115146490, transcript variant X1","liver"
"LOC115127642",126.239346903355,0.19208596540829,0.200319700885701,0.958897025899069,0.337610623199401,0.619209648745586,"lysozyme C II","liver"
"LOC115124645",80.0257955586456,0.192036237771174,0.117956463972068,1.62802640317065,0.103519287379174,0.378765363875687,"cyclin-L1-like, transcript variant X1","liver"
"LOC115137581",150.173252520436,0.191827224472715,0.121558864257524,1.57806035491024,0.114551744891654,0.395019384245672,"DNA topoisomerase 1-like","liver"
"LOC115131937",73.666266145217,0.191781783601654,0.0987577384420799,1.94194183288362,0.0521441423732085,0.283386032417597,"PRELI domain containing protein 3B-like, transcript variant X2","liver"
"LOC115105290",83.5615681170755,0.191376573892813,0.145436548264795,1.31587675983877,0.188215410217665,0.483102022699751,"protein transport protein Sec24A-like, transcript variant X1","liver"
"LOC115140301",247.746852141844,0.191329003990352,0.144200964520667,1.32682194343389,0.18456758987997,0.479980727834032,"ATP synthase subunit alpha, mitochondrial-like","liver"
"LOC115146268",62.0427809232408,0.191109166038079,0.197967191184429,0.965357769106493,0.334365646036956,0.616247300594547,"signal recognition particle 14 kDa protein-like","liver"
"LOC115112651",502.052966224033,0.191100048020354,0.119154200201309,1.60380454652454,0.108757142120251,0.387833868138358,"cystatin","liver"
"LOC115101941",176.01699093752,0.191086760310892,0.107329041136301,1.78038262792475,0.0750133628337562,0.330036247274988,"small nuclear ribonucleoprotein G-like","liver"
"LOC115133296",845.656422254371,0.190772093131317,0.142638599636776,1.33745068738133,0.181075568584828,0.476599777265298,"60S ribosomal protein L34, transcript variant X1","liver"
"LOC115124752",671.062088563362,0.190582864138141,0.131699582663434,1.44710302252959,0.147868071627031,0.436430311333655,"rho-related GTP-binding protein RhoF-like, transcript variant X1","liver"
"LOC115103835",136.554169334649,0.190516681143762,0.129465150425968,1.47156729449525,0.141137762801176,0.428662337025698,"26S proteasome non-ATPase regulatory subunit 12","liver"
"mospd1",136.804833665281,0.190144941921951,0.108049880338262,1.75978854698109,0.0784436656819598,0.338136897066868,"motile sperm domain containing 1, transcript variant X1","liver"
"LOC115131350",134.260478548645,0.189940661521979,0.124917624998672,1.52052731969566,0.128378497867236,0.411700045088005,"proteasome subunit alpha type-2-like","liver"
"LOC115105912",447.95606355013,0.189803063135231,0.123828798348403,1.53278611814679,0.125328562098991,0.408851159107954,"tricarboxylate transport protein B, mitochondrial-like","liver"
"LOC115114718",85.6466100627716,0.189697583906444,0.115565352673497,1.64147453815496,0.100698948260615,0.373304886891544,"apoptosis-associated speck-like protein containing a CARD","liver"
"LOC115136230",85.5466684930353,0.189695811580712,0.113629357006323,1.66942607595813,0.0950329694459176,0.364621744473288,"NEDD4 family-interacting protein 1-like, transcript variant X2","liver"
"LOC115106483",98.3326050098434,0.189628260249535,0.122576725354719,1.54701685577568,0.12185918117335,0.403579862749976,"charged multivesicular body protein 2a-like","liver"
"LOC115109068",741.021745923657,0.189519857282755,0.166844522154118,1.13590697995881,0.255995496766661,0.552994290310831,"MAP kinase-interacting serine/threonine-protein kinase 1-like","liver"
"psmb7",586.221139701575,0.189512578929412,0.134516141896638,1.40884637529252,0.15888059887696,0.45003288465774,"proteasome subunit beta 7, transcript variant X1","liver"
"LOC115118673",20816.6467212652,0.189254372031083,0.190929244634689,0.991227783848352,0.321574366696437,0.606576390909716,"pentraxin fusion protein-like","liver"
"slc31a1",3455.10899944978,0.189126434228871,0.144990514750586,1.3044055644206,0.192095338968377,0.487231239349785,"solute carrier family 31 member 1","liver"
"LOC115134105",133.778972731953,0.188599093348198,0.18952314301913,0.995124343886391,0.319675792058251,0.604704843863596,"poly(U)-specific endoribonuclease-C-like","liver"
"gpcpd1",85.9829249892196,0.188575941274013,0.137222482152464,1.37423502560237,0.169368730279652,0.463320097060311,"glycerophosphocholine phosphodiesterase 1, transcript variant X2","liver"
"LOC115104162",638.835262564489,0.188107207586356,0.160822196781947,1.16965948327024,0.242138029295442,0.536838563244212,"40S ribosomal protein S11, transcript variant X2","liver"
"LOC115146494",135.987944432506,0.188066838111506,0.269244065616758,0.698499473630742,0.484864886933576,0.740307397818966,"L-threonine 3-dehydrogenase, mitochondrial-like","liver"
"rpl29",2335.95236247375,0.187810246298255,0.134917214209152,1.39204064803108,0.163910089348399,0.456039265654658,"ribosomal protein L29","liver"
"LOC115143144",158.1358237176,0.187467276325533,0.176760091083942,1.0605746759686,0.288883236293069,0.583993995263798,"inositol hexakisphosphate kinase 2-like","liver"
"LOC115107821",137.173496777514,0.187403680066942,0.136919890437581,1.36871041503189,0.17108981340438,0.464681592904018,"alpha-1,6-mannosyl-glycoprotein 2-beta-N-acetylglucosaminyltransferase-like","liver"
"LOC115111419",1488.34636471504,0.187382529769008,0.0941811553122137,1.98959684819992,0.046635363635839,0.267726397436169,"lipocalin-like, transcript variant X2","liver"
"LOC115130130",1233.61360632621,0.187292627415088,0.131047608773601,1.42919530671221,0.15294810627756,0.443919583110383,"60S ribosomal protein L21","liver"
"LOC115101312",952.976781727732,0.187025557869523,0.0951173405851915,1.96626142739993,0.0492684200213966,0.275151680148981,"cofilin-2-like","liver"
"LOC115135313",61.0673822937033,0.186927602859636,0.108555186795231,1.72195920230177,0.085076909231194,0.349799963184937,"dynactin subunit 2-like, transcript variant X3","liver"
"LOC115107967",60.2060963012432,0.186884004283789,0.112551643403121,1.66042892518623,0.0968281951944087,0.366232141905617,"serine/threonine-protein phosphatase 2A 56 kDa regulatory subunit gamma isoform-like, transcript variant X4","liver"
"LOC115131941",64.4620049307464,0.186840817720474,0.122811220267271,1.52136602269611,0.128168010434573,0.411700045088005,"charged multivesicular body protein 4c-like","liver"
"LOC115140965",169.260189971169,0.186840191970486,0.0889799872223859,2.09980016633988,0.0357464236204514,0.236098373869557,"tetraspanin-31-like","liver"
"LOC115111724",150.049753389498,0.186426294381786,0.194050907128918,0.960708182919925,0.336698915644697,0.617950638777758,"voltage-dependent anion-selective channel protein 2-like, transcript variant X3","liver"
"LOC115117358",414.628361171417,0.186313250690932,0.133568268798265,1.39489155895499,0.163048542943191,0.455221463268407,"cathepsin B-like","liver"
"LOC115137352",126.964610662466,0.186151021835505,0.102141111029585,1.82248871153934,0.0683808650250331,0.317602663333683,"NADH dehydrogenase [ubiquinone] iron-sulfur protein 8, mitochondrial-like","liver"
"LOC115105576",75.1483576649592,0.186019104772835,0.181177124198521,1.02672512104237,0.304549916856143,0.597110690743404,"serine/threonine-protein kinase 40, transcript variant X1","liver"
"LOC115109102",58.8981948022092,0.185828283692691,0.110170891054478,1.68672760939004,0.0916557406623504,0.359279148153416,"RNA 3'-terminal phosphate cyclase-like","liver"
"LOC115137356",59.2164229840092,0.185793588722978,0.118962218118289,1.56178652064335,0.11833828827718,0.399022611236311,"uncharacterized LOC115137356, transcript variant X3","liver"
"LOC115122994",63.1005566831812,0.185362654084901,0.12505588697016,1.48223853011519,0.138276837776707,0.425370860964421,"E3 ubiquitin-protein ligase KCMF1-like, transcript variant X1","liver"
"pno1",113.514503255675,0.185172176090264,0.223257768270852,0.829409778322325,0.406872570211365,0.680234863076916,"partner of NOB1 homolog","liver"
"txndc16",61.5493308447909,0.184956346321869,0.132646152589346,1.39435892192417,0.163209246125807,0.455221463268407,"thioredoxin domain containing 16, transcript variant X1","liver"
"lg15h1orf50",92.6738181049424,0.18487544120533,0.141949493917186,1.30240296110663,0.192778670876746,0.488356657858059,"linkage group 15 C1orf50 homolog","liver"
"rpl7l1",120.019822792904,0.184694626244331,0.178099804203208,1.03702880006313,0.29972243527004,0.592755286831967,"ribosomal protein L7 like 1","liver"
"LOC115131490",58.5534150331918,0.184577843767837,0.186914337201817,0.987499656425731,0.323397751262694,0.608430541219756,"heat shock factor-binding protein 1-like","liver"
"LOC115126147",127.824707852714,0.184497649666024,0.11213808622147,1.64527196675753,0.0999137381970424,0.372921081015946,"stromal cell-derived factor 2-like","liver"
"LOC115130914",142.814862853489,0.184452803738163,0.13864906158635,1.33035739028992,0.183400546535009,0.479807848316236,"thiosulfate:glutathione sulfurtransferase-like","liver"
"commd10",66.9205199331002,0.184370150400527,0.116685790990804,1.58005656759919,0.114093912531122,0.394843487389548,"COMM domain containing 10","liver"
"ogfod3",94.0052808365268,0.184205874963274,0.204588747211137,0.900371489020225,0.367922588245587,0.647463107254176,"2-oxoglutarate and iron dependent oxygenase domain containing 3","liver"
"LOC115107931",79.0320374157429,0.184147427338921,0.0811640536081279,2.26882984711448,0.0232786751656761,0.193640571378154,"AN1-type zinc finger protein 3-like, transcript variant X1","liver"
"LOC115124725",269.011736330682,0.183976658910647,0.119069085868164,1.54512531585529,0.122315954608501,0.404346024096395,"transmembrane protein 120B-like","liver"
"LOC115141084",125.752085660819,0.183636244806988,0.127678208309248,1.43827397986511,0.150356331684283,0.441218436245599,"ras-related protein Rab-11A-like","liver"
"LOC115123532",65.9885724092747,0.183574872515925,0.175745127784515,1.0445517029696,0.296230211355418,0.590091121146007,"ATP-binding cassette sub-family E member 1","liver"
"LOC115102189",298.812421897881,0.183519471247418,0.105916687400765,1.73267759548618,0.0831529888453649,0.346910524599496,"rho-related GTP-binding protein RhoA-B-like","liver"
"ost4",326.358013233858,0.183190205629902,0.155589015369301,1.17739806499249,0.239036661844579,0.53398143869427,"oligosaccharyltransferase complex subunit 4, non-catalytic","liver"
"atrx",70.8729743057057,0.183147404086945,0.225893381713366,0.810769234130723,0.417498205565055,0.691195242032154,"ATRX chromatin remodeler, transcript variant X1","liver"
"LOC115108696",1475.51140690528,0.183036449847804,0.136329141008556,1.342606932705,0.179399284336208,0.475752428727641,"60S ribosomal protein L36","liver"
"rfk",99.1694946300444,0.183019517493845,0.0878751552404441,2.08272198203311,0.0372765725636213,0.238699977715578,"riboflavin kinase, transcript variant X1","liver"
"LOC115139333",163.290087440547,0.182961438639246,0.130131947268188,1.40596865320229,0.159733433242139,0.451194368603576,"WD repeat-containing protein 26-like, transcript variant X1","liver"
"LOC115132929",87.2307662245518,0.182834874097598,0.178188004208459,1.02607846644773,0.304854599469338,0.597110690743404,"UHRF1-binding protein 1-like","liver"
"LOC115141381",239.809374333948,0.182483718243212,0.071536305375914,2.55092455899538,0.0107437578959426,0.144859769983296,"eukaryotic translation initiation factor 3 subunit E","liver"
"LOC115102203",75.1168947660982,0.182220705618368,0.0942970784852059,1.9324109351591,0.0533088054113198,0.28440666342479,"protein RCC2 homolog, transcript variant X1","liver"
"LOC115143332",9939.13930372918,0.181941807305776,0.198221045574842,0.917873310465814,0.358685195991813,0.638986389363038,"inter-alpha-trypsin inhibitor heavy chain H3-like","liver"
"LOC115118532",96.74159181423,0.18194067820806,0.102860316571391,1.76881312708951,0.0769250653553964,0.333915406164639,"RNA polymerase-associated protein RTF1 homolog","liver"
"LOC115135224",207.957249556606,0.181888321052333,0.119325640241391,1.52430207526547,0.127433269001615,0.410979978740752,"nuclear receptor coactivator 4-like, transcript variant X3","liver"
"LOC115131440",75.7047026680452,0.181769563742363,0.110804707508939,1.64044983131875,0.100911671529258,0.373583990148278,"splicing factor 3A subunit 3-like","liver"
"LOC115105090",282.602634174124,0.181736622727996,0.145528188602644,1.24880701445558,0.21173566776498,0.510664137074599,"Krueppel-like factor 6","liver"
"LOC115108042",58.5884227198979,0.181695241212785,0.120685132877696,1.50553126868509,0.132187544025012,0.416702574977533,"sialomucin core protein 24-like, transcript variant X1","liver"
"LOC115139898",245.785209763015,0.181665194694147,0.186984375585792,0.971552805548696,0.331273070892683,0.614313839159739,"calcium-binding mitochondrial carrier protein SCaMC-2-A-like","liver"
"LOC115140949",132.484409023418,0.181511933417615,0.132070316418576,1.3743582838277,0.169330480241872,0.463320097060311,"nectin-2-like, transcript variant X1","liver"
"LOC115105876",1014.87566294209,0.181497520933754,0.155514159219225,1.16708036004555,0.24317791844178,0.536838563244212,"60S ribosomal protein L17","liver"
"LOC115111733",64.3319367617917,0.181286002482947,0.183455799200506,0.988172645797981,0.323068102393875,0.608233526723988,"prisilkin-39-like","liver"
"LOC115130284",64.696711789009,0.181106142054997,0.176666218126404,1.02513170868591,0.305301045721249,0.597697916599333,"N-myc-interactor-like, transcript variant X1","liver"
"LOC115118210",1018.37054128121,0.180961304152716,0.150807095014713,1.19995219147389,0.230157908474192,0.525265193135949,"40S ribosomal protein S23","liver"
"LOC115141291",87.1143828302601,0.180826072759673,0.18976673249938,0.952886053198308,0.340647807235694,0.621522140686074,"pre-rRNA-processing protein TSR1 homolog","liver"
"LOC115131400",70.1260269555268,0.180654392827724,0.155068174373093,1.1649998044929,0.244019071976282,0.536838563244212,"NADH dehydrogenase [ubiquinone] iron-sulfur protein 6, mitochondrial-like","liver"
"LOC115137271",67.4088937105614,0.180538877917879,0.1298057191834,1.39083916374131,0.164274204139247,0.456740556665464,"protein PAT1 homolog 1-like, transcript variant X2","liver"
"LOC115141348",75.9724545797608,0.180435191580284,0.147692061345024,1.22169864742269,0.221821607978483,0.51642870199588,"citrate synthase, mitochondrial-like, transcript variant X2","liver"
"LOC115108228",117.556952889052,0.180416581159959,0.118932999075622,1.51695982243956,0.129276828243651,0.413280276016567,"myosin light chain kinase, smooth muscle-like","liver"
"LOC115103870",6056.52899654362,0.18010194670619,0.171500157199877,1.05015616105989,0.293646321360554,0.589316792646783,"beta-2-glycoprotein 1-like","liver"
"acmsd",72.7710346889201,0.180010748913059,0.249549757468351,0.721342111245645,0.470699053655593,0.729530363810833,"aminocarboxymuconate semialdehyde decarboxylase, transcript variant X2","liver"
"LOC115103751",90.2932688462489,0.179973363856277,0.168756895570563,1.06646524426627,0.286213381831217,0.583021643712864,"fucolectin-1-like","liver"
"fbxo34",58.4292816452318,0.179699782820298,0.163240282418919,1.10082989417489,0.270970698422726,0.567854275974824,"F-box protein 34, transcript variant X1","liver"
"LOC115112058",59.1818005795527,0.179665753171627,0.0997835260769314,1.800555264334,0.0717730056168515,0.325413538258383,"oxysterols receptor LXR-alpha-like, transcript variant X2","liver"
"LOC115124133",74.1117232291077,0.179640984802827,0.186162294374753,0.964969761498542,0.334559957635296,0.616247300594547,"double-stranded RNA-specific adenosine deaminase-like","liver"
"atp6v0b",118.918817844219,0.179549706763157,0.10655512514872,1.68504055072488,0.0919807481291747,0.359285719078632,"ATPase H+ transporting V0 subunit b, transcript variant X1","liver"
"LOC115105397",59.3424381517911,0.179366890338039,0.173734596833447,1.03241895170707,0.301875897576888,0.594714532960469,"complement component 1 Q subcomponent-binding protein, mitochondrial-like, transcript variant X2","liver"
"LOC115133528",92.9186772012827,0.179035582688449,0.136877816053365,1.30799561134617,0.190874797835082,0.486229707127124,"mitochondrial fission 1 protein-like","liver"
"LOC115145942",127.351933517957,0.178879641055513,0.159431923915741,1.12198132382853,0.261870380794807,0.559917519583386,"trifunctional enzyme subunit alpha, mitochondrial-like","liver"
"LOC115101113",89.7489118949328,0.178862303387,0.151710344731796,1.17897236146424,0.238409181557208,0.533638563441615,"hepatic leukemia factor-like, transcript variant X2","liver"
"LOC115101669",205.323548205014,0.178696464468546,0.316760884391998,0.564136777214594,0.572661050637564,0.79867092571223,"pancreatic progenitor cell differentiation and proliferation factor","liver"
"LOC115132401",134.552726141412,0.178590265966354,0.0916118397200367,1.94942342072947,0.0512448798314242,0.281629058451218,"DAZ-associated protein 2-like","liver"
"LOC115135390",133.659392339585,0.178546515158605,0.102397284321712,1.74366455459548,0.0812175995268465,0.344142164600679,"ATP synthase subunit g, mitochondrial-like","liver"
"LOC115146438",279.869882992035,0.178333034867464,0.170381320398245,1.04667010709057,0.295251755282555,0.589635548521163,"heme-binding protein 1-like","liver"
"pacsin3",109.438805169697,0.177516586730549,0.114570212193318,1.54941309204367,0.121282448564681,0.40256291559417,"protein kinase C and casein kinase substrate in neurons 3, transcript variant X6","liver"
"LOC115127632",73.3583048952312,0.177448734006356,0.130048255103417,1.36448377462077,0.172415357391889,0.466699452216275,"DEP domain-containing protein 7-like","liver"
"rps7",753.710282813617,0.177327063465304,0.146754394333179,1.20832540838754,0.226922118849285,0.52226683028215,"ribosomal protein S7","liver"
"LOC115124839",100.068691401744,0.177277633718502,0.106679645030573,1.66177562427862,0.0965577714487129,0.366111140860422,"ubiquitin-conjugating enzyme E2 D2","liver"
"LOC115139938",285.246258292285,0.177034066287271,0.109571250387971,1.61569814764756,0.106159591682778,0.383223370677579,"cytochrome c oxidase subunit 6A, mitochondrial-like","liver"
"LOC115146050",283.562602790567,0.176799595451174,0.168015955038487,1.05227860896112,0.292671742885981,0.588604086000291,"NF-kappa-B inhibitor alpha-like","liver"
"LOC115111015",737.130815354998,0.176719730649547,0.139837744711262,1.26374843225939,0.2063203354827,0.504504744939455,"cytochrome c oxidase subunit 6A, mitochondrial-like","liver"
"LOC115130259",92.7681678609324,0.176639306438986,0.147711706547777,1.19583823494621,0.231759691992569,0.526562154159259,"zinc finger CCHC domain-containing protein 2-like, transcript variant X1","liver"
"LOC115123973",312.469523909586,0.176590480946216,0.146095589606573,1.20873245675495,0.226765648023274,0.52220157138015,"26S proteasome regulatory subunit 10B-like","liver"
"LOC115101926",105.182785003698,0.176490058655802,0.137980257835911,1.2790964549848,0.200863091832349,0.496718234682126,"para-nitrobenzyl esterase-like, transcript variant X2","liver"
"LOC115121748",3125.13868777334,0.176482369544018,0.286848729824746,0.61524542797119,0.538392651100516,0.773215962598105,"microfibril-associated glycoprotein 4-like","liver"
"LOC115133659",419.857237209636,0.176233064625564,0.183391176633951,0.960968067604066,0.336568223867413,0.617950638777758,"calcium/calmodulin-dependent protein kinase type II delta chain, transcript variant X15","liver"
"LOC115139194",96.0692193310787,0.176192224031582,0.157232237463531,1.12058587268052,0.262464181209048,0.559917519583386,"peptidyl-prolyl cis-trans isomerase FKBP3-like, transcript variant X1","liver"
"LOC115104041",102.480386948556,0.176179896683939,0.131877176703526,1.33593925111098,0.181569130174073,0.476599777265298,"26S proteasome non-ATPase regulatory subunit 3-like, transcript variant X1","liver"
"LOC115102474",63.9781654511305,0.176171492878195,0.107581358387885,1.6375652391654,0.101512419311334,0.373942391823035,"pituitary tumor-transforming gene 1 protein-interacting protein-like","liver"
"mrps18c",155.647497690722,0.176157781277745,0.106652940942385,1.65169173696679,0.0985974079976515,0.370449604895423,"mitochondrial ribosomal protein S18C, transcript variant X3","liver"
"LOC115102446",72.7912801213227,0.176152381524822,0.110719595593468,1.59097746501536,0.111614647361462,0.391641485738095,"C4b-binding protein alpha chain-like, transcript variant X3","liver"
"LOC115128431",72.1315667540793,0.176083577801009,0.146419720308355,1.20259468758842,0.229133204457808,0.524279680165894,"CDC42 small effector protein 1-like","liver"
"LOC115114488",83.1850142840918,0.176015634992521,0.214248985606325,0.821547110220366,0.411334701403844,0.68432662976411,"rho GTPase-activating protein 21-like, transcript variant X4","liver"
"LOC115136854",944.441544154039,0.175927691346097,0.150364675231555,1.17000679232124,0.241998235438858,0.536838563244212,"40S ribosomal protein S3-like","liver"
"LOC115115291",205.66722992179,0.175860096374301,0.317049085803805,0.554677821979673,0.579115048479475,0.803012128208193,"pancreatic progenitor cell differentiation and proliferation factor","liver"
"LOC115146299",115.202808925559,0.175715176917452,0.147490941926057,1.19136249740371,0.233511308774604,0.528186511967417,"transmembrane protein 50A","liver"
"LOC115113384",1435.75801847511,0.175705363130949,0.122216484702749,1.43765682312247,0.150531449581932,0.441414524097808,"60S ribosomal protein L8-like","liver"
"atp5me",451.306420351935,0.17537015458283,0.168819573336499,1.03880226159128,0.298896709340293,0.591752816572608,"ATP synthase membrane subunit e","liver"
"acot13",71.5093534820937,0.175280346849463,0.150422320633441,1.16525490440078,0.24391582715884,0.536838563244212,"acyl-CoA thioesterase 13, transcript variant X2","liver"
"LOC115141644",227.495125391962,0.175260884580154,0.102097161261205,1.71660879122551,0.0860506751288063,0.350742551825015,"histone H3.3","liver"
"LOC115114641",107.449559796831,0.175166877926936,0.172183300747589,1.01732791255826,0.30899746242342,0.600632855049678,"HORMA domain-containing protein 1-like","liver"
"cgnl1",61.1753160834621,0.175088225463507,0.196741754547405,0.889939331212582,0.373498463350658,0.653943185832166,"cingulin like 1","liver"
"LOC115108401",201.68875756257,0.174906189852419,0.145020385329152,1.20608002423546,0.227786636259817,0.523369971474077,"inhibitor of growth protein 5-like, transcript variant X2","liver"
"cir1",164.894136292065,0.174895551179693,0.146043358713802,1.19755908601385,0.231088712138439,0.526562154159259,"corepressor interacting with RBPJ, 1","liver"
"LOC115139488",71.5653326408753,0.174895269854599,0.109028751384731,1.60412063454203,0.108687464347424,0.387833868138358,"glycoprotein integral membrane protein 1-like","liver"
"LOC115133279",65.8384641482317,0.17470925549664,0.097409506770616,1.79355446186636,0.0728843104944676,0.326705500361967,"ankyrin repeat domain-containing protein 46","liver"
"tomm7",119.838746575184,0.174607194488926,0.102571540016041,1.70229670395531,0.0886997623841943,0.353757565046943,"translocase of outer mitochondrial membrane 7","liver"
"LOC115131831",1303.97172415527,0.17442224919883,0.107284425432747,1.62579282589503,0.103993735027317,0.378875711617528,"60S ribosomal protein L32, transcript variant X1","liver"
"gch1",88.4814406332734,0.174357173531231,0.172427823460976,1.01118931986456,0.311925826510578,0.601817480450145,"GTP cyclohydrolase 1","liver"
"LOC115129560",2085.44336073951,0.173873621838612,0.170013596227406,1.02270421717356,0.306447716864323,0.598735748568934,"dihydropteridine reductase-like","liver"
"LOC115124714",100.688295352555,0.173839254117915,0.111319317003713,1.56162702751865,0.118375878554715,0.399022611236311,"glycogen synthase kinase-3 beta-like","liver"
"LOC115103871",7113.8905399124,0.17380201094296,0.110262604956027,1.57625525909055,0.114966988115566,0.395961986628584,"beta-2-glycoprotein 1-like","liver"
"LOC115105347",72.1209272937253,0.173726634539518,0.1641491038359,1.05834653056159,0.289897486747508,0.584961463357843,"40S ribosomal protein S3-like","liver"
"LOC115136138",208.559964651439,0.173250213667224,0.0896390139953871,1.93275456684674,0.0532664396286298,0.28440666342479,"GTP-binding protein SAR1a","liver"
"LOC115132781",506.421848344024,0.173170579946203,0.125954750447627,1.3748634277848,0.169173789415258,0.463320097060311,"ATP synthase subunit beta, mitochondrial-like","liver"
"LOC115134057",196.672572514072,0.172705182259568,0.0907656545844117,1.90275917747008,0.0570719761982218,0.292965976676248,"V-type proton ATPase subunit E 1-like","liver"
"pex14",130.388402709787,0.172470072407055,0.121734089030804,1.41677712282721,0.156548100316932,0.446659174059623,"peroxisomal biogenesis factor 14","liver"
"LOC115137056",301.838320354845,0.172434081415797,0.234910906968727,0.734040337423552,0.462924154091327,0.720526116844767,"mRNA decay activator protein ZFP36-like","liver"
"rbis",190.725565765341,0.1723099471764,0.16704239884626,1.03153419949978,0.302290379116566,0.594714532960469,"ribosomal biogenesis factor","liver"
"LOC115117682",136.777817296781,0.172271267662119,0.147884430618615,1.16490469579179,0.244057572515029,0.536838563244212,"nuclear protein localization protein 4 homolog, transcript variant X1","liver"
"LOC115101331",76.3798955279564,0.17205808218438,0.174414944137745,0.986487041205001,0.32389417124239,0.608562708451282,"mannose-P-dolichol utilization defect 1 protein-like","liver"
"LOC115144463",208.929001108143,0.171951508295311,0.130629758413102,1.31632723189714,0.188064234557459,0.483018160085824,"voltage-dependent anion-selective channel protein 2","liver"
"lg4h9orf78",65.9183408262205,0.171903517442312,0.108867876054456,1.5790104819931,0.114333652799013,0.394843487389548,"linkage group 4 C9orf78 homolog","liver"
"LOC115103338",414.881583327194,0.171843416448419,0.280600669995378,0.612412708961991,0.540264735397302,0.773215962598105,"angiopoietin-related protein 3-like, transcript variant X2","liver"
"LOC115105255",157.749436118434,0.171767437098634,0.159344846947051,1.07796041346547,0.2810514227543,0.578568484417438,"heat shock 70 kDa protein 4-like","liver"
"LOC115117957",150.20472274128,0.171672930007542,0.13951948503923,1.23045845502706,0.218525475215484,0.514503686801253,"2-hydroxyacyl-CoA lyase 1-like","liver"
"LOC115142386",315.750734314141,0.171646847128855,0.107124841830552,1.602306656381,0.109087814464772,0.387902142635137,"ATP synthase membrane subunit DAPIT, mitochondrial-like","liver"
"cavin1",125.214382648241,0.17163935538984,0.212164728978394,0.808990995894133,0.418520325482675,0.69146125084874,"caveolae associated protein 1","liver"
"LOC115136526",290.926559272432,0.171502800248092,0.267668706264659,0.640727870812502,0.521699502960498,0.76628726993405,"nuclear factor NF-kappa-B p100 subunit-like","liver"
"LOC115109143",124.606588815513,0.171347097707227,0.11638924523273,1.47219012688505,0.140969542801927,0.428662337025698,"U6 snRNA-associated Sm-like protein LSm4","liver"
"tlk1",75.1753358595317,0.171285938281043,0.120504226834674,1.42141020925381,0.155197540212684,0.444270383115592,"tousled like kinase 1, transcript variant X3","liver"
"LOC115122471",64.2184289552682,0.171250425080987,0.413562657857275,0.414085802543824,0.678811269992239,0.865342900230454,"DNA damage-inducible transcript 4-like protein","liver"
"LOC115143343",395.822736331232,0.171111343750355,0.115876708619673,1.47666727669986,0.139764847984392,0.427367982283856,"protein transport protein Sec61 subunit alpha","liver"
"LOC115130375",106.173338622326,0.170988463043086,0.110345717314784,1.54957045188538,0.121244649610267,0.40256291559417,"charged multivesicular body protein 5","liver"
"LOC115104043",77.6773393083605,0.170978448439391,0.2470761247132,0.692007164341997,0.488932829831886,0.744449090173615,"collagen alpha-1(I) chain-like","liver"
"fuom",372.191135284583,0.170650161347971,0.116321920262218,1.46705075847513,0.142362247935942,0.429510379412954,"fucose mutarotase, transcript variant X1","liver"
"aurkaip1",60.6948575572032,0.170611073741799,0.151613518694284,1.12530251399166,0.260460864786953,0.558390215565125,"aurora kinase A interacting protein 1","liver"
"LOC115109284",309.038483599886,0.170445709792685,0.107833062915237,1.5806442401313,0.11395940437413,0.394843487389548,"microtubule-associated proteins 1A/1B light chain 3B","liver"
"LOC115122135",440.882461201312,0.170362032149671,0.12773617524845,1.33370231117624,0.182301437054587,0.477648591041778,"cathepsin B-like","liver"
"LOC115115645",2289.24467946827,0.16981570842208,0.18122677309241,0.937034332865864,0.348740897760755,0.628953800290015,"complement C3-like","liver"
"LOC115114568",198.46513504001,0.169614806815272,0.111488587544607,1.52136474728778,0.128168330317156,0.411700045088005,"ADP-ribosylation factor 1-like","liver"
"LOC115140191",160.224069066197,0.169599677686709,0.124539102579093,1.36181869127408,0.17325511128965,0.467364549051365,"ubiquitin recognition factor in ER-associated degradation protein 1-like, transcript variant X1","liver"
"LOC115101024",59.7440858194676,0.169400896764977,0.113457247372691,1.4930813208302,0.135415901410793,0.422025930165245,"beta-centractin-like","liver"
"cops3",123.429122017675,0.169315980933576,0.142498669728065,1.18819341441353,0.234757217666927,0.529170367849425,"COP9 signalosome subunit 3","liver"
"LOC115113789",185.691298345476,0.169238059195106,0.152144459559791,1.11235111475484,0.265987214547879,0.562909598388969,"signal peptidase complex catalytic subunit SEC11A-like","liver"
"ppp4c",59.9073657459049,0.169065590608189,0.101145710224039,1.67150529897617,0.0946219129283957,0.363848034996359,"protein phosphatase 4 catalytic subunit","liver"
"LOC115133081",662.342568806142,0.168544051734372,0.191559875836333,0.879850495822908,0.378940305471481,0.658661272964502,"inter-alpha-trypsin inhibitor heavy chain H2-like","liver"
"LOC115103209",59.9668806326273,0.168514079380203,0.138056629184738,1.22061562979862,0.222231585696951,0.51642870199588,"actin-related protein 2/3 complex subunit 5-like","liver"
"LOC115104990",90.7240156413749,0.16827753069998,0.201424521684428,0.835437161735557,0.403471613579985,0.677474617813841,"neutral cholesterol ester hydrolase 1-like, transcript variant X1","liver"
"LOC115107629",76.8031568113372,0.168258510039209,0.151633119714447,1.10964220980265,0.267153234738302,0.563456157875353,"N-alpha-acetyltransferase 20","liver"
"LOC115131881",473.311985095003,0.168143292702732,0.0893317314133419,1.88223478983884,0.0598041439992619,0.299461536782545,"cellular nucleic acid-binding protein-like","liver"
"LOC115104927",93.309921820896,0.167987132312243,0.103332399583818,1.62569661586132,0.104014210328757,0.378875711617528,"brefeldin A-inhibited guanine nucleotide-exchange protein 1-like","liver"
"lg22h18orf32",171.342402772214,0.167907768564835,0.0898329146477126,1.86911188647613,0.0616072496363587,0.304008655590554,"linkage group 22 C18orf32 homolog","liver"
"LOC115105880",80.5815119584439,0.167850030465808,0.11411886953964,1.47083502616982,0.141335737503772,0.428662337025698,"BRCA1-A complex subunit Abraxas 1","liver"
"LOC115135911",207.095072613575,0.167671003491082,0.0983372095956221,1.70506163618605,0.0881829296451069,0.353721798164998,"clathrin heavy chain 1-like, transcript variant X5","liver"
"acp1",91.693690118323,0.16738861241352,0.142629143199842,1.17359333904844,0.240557950489516,0.536020194846327,"acid phosphatase 1, transcript variant X1","liver"
"rbp2",4599.3080009075,0.167102287235645,0.138060476872796,1.21035571526822,0.226142427088644,0.521083623301105,"retinol binding protein 2","liver"
"mrpl48",59.420743263309,0.167075660300911,0.120380470010203,1.3878967268258,0.165168494704214,0.457977404363521,"mitochondrial ribosomal protein L48","liver"
"LOC115108068",61.3781747814097,0.1670205326775,0.135286776206273,1.23456658042351,0.216991853188244,0.514503686801253,"GRAM domain-containing protein 2B-like, transcript variant X1","liver"
"LOC115105060",353.107467139929,0.166713565208816,0.165602848803968,1.00670710928508,0.314075544724389,0.602661842209239,"dihydropyrimidine dehydrogenase [NADP(+)]-like","liver"
"glb1",66.8806136486972,0.166668152119026,0.171109056218016,0.974046352676203,0.330033524662973,0.613285735480822,"galactosidase beta 1","liver"
"arl6ip4",71.5119700647839,0.166136204819938,0.137163855972693,1.21122436841535,0.225809425818362,0.521083623301105,"ADP ribosylation factor like GTPase 6 interacting protein 4","liver"
"LOC115103926",85.9782182060581,0.165961031887498,0.108769860743529,1.525799801094,0.127059730265046,0.410376751632589,"protein dpy-30 homolog, transcript variant X2","liver"
"LOC115115736",87.7288658681846,0.165822950414832,0.144179657163603,1.15011336326505,0.250097183102155,0.545539345742569,"heme oxygenase 2-like","liver"
"LOC115112816",57.4914865918095,0.165781318618605,0.198024722484328,0.837174856446143,0.402494288456624,0.677474617813841,"ADM-like","liver"
"LOC115134382",113.10664764603,0.165736494608059,0.14245834339004,1.16340321432971,0.244665946017279,0.537315946102602,"group XV phospholipase A2-like, transcript variant X1","liver"
"LOC115110241",1318.83392395297,0.165646433823029,0.11972186627867,1.38359381599901,0.166482862923854,0.458812812222873,"60S ribosomal protein L19-like","liver"
"LOC115146891",10647.5815567107,0.165572803176955,0.0979295255213799,1.69073425297876,0.0908875691999615,0.358113368975222,"extracellular matrix protein 1-like, transcript variant X2","liver"
"LOC115114215",1084.59007860201,0.165538864063978,0.130173003812629,1.27168352281594,0.20348558730655,0.50038038228154,"40S ribosomal protein S15-like","liver"
"LOC115106378",113.547089090523,0.165524357203045,0.19507428046557,0.848519634715557,0.396148642330701,0.672512230795476,"solute carrier family 35 member G1-like","liver"
"LOC115110748",313.283136124567,0.165484744522876,0.120472012839191,1.37363642079899,0.169554584126392,0.463517427833115,"serine/threonine-protein phosphatase alpha-2 isoform-like, transcript variant X1","liver"
"LOC115103328",8846.58699617082,0.165445103755095,0.205529839837693,0.804968776727246,0.420837697808654,0.692213642489393,"complement factor H-related protein 5-like, transcript variant X3","liver"
"LOC115135866",164.954201607663,0.165402662571966,0.160355460276355,1.03147508844983,0.302318084468619,0.594714532960469,"non-histone chromosomal protein HMG-14-like","liver"
"LOC115109573",88.1839485193936,0.165159362246223,0.184075791457515,0.89723564917738,0.369593186287705,0.649617001857993,"protein C19orf12 homolog","liver"
"LOC115130665",401.631972056451,0.165095098466455,0.140216650130556,1.17742863142668,0.239024467649369,0.53398143869427,"cofilin-2-like","liver"
"LOC115140856",9022.29014492203,0.165022421317353,0.165825951164937,0.995154378178213,0.3196611865715,0.604704843863596,"apolipoprotein Eb-like","liver"
"LOC115130838",62.4787311371187,0.165000740067833,0.104468196082599,1.57943514155613,0.114236282216861,0.394843487389548,"protein farnesyltransferase/geranylgeranyltransferase type-1 subunit alpha-like, transcript variant X4","liver"
"paip2b",162.558926775031,0.164963612579348,0.131891899531656,1.25074862948467,0.211026202294204,0.509772381528497,"poly(A) binding protein interacting protein 2B, transcript variant X2","liver"
"LOC115130213",67.8443600086678,0.16493437178277,0.164578226170044,1.00216398986071,0.316264396586252,0.602661842209239,"transmembrane protein 14C-like","liver"
"LOC115129832",310.85762061188,0.164874796561897,0.129135529477634,1.27675781582987,0.201687762727173,0.497325662961862,"receptor expression-enhancing protein 6-like","liver"
"LOC115103223",632.422642751122,0.164782328110162,0.128549260697255,1.28186134417559,0.199891290315878,0.496181792666034,"stress-associated endoplasmic reticulum protein 1","liver"
"LOC115134516",732.363756944591,0.164465567730754,0.104925214755405,1.56745514521125,0.117008342837773,0.397673381316156,"nucleobindin-2-like","liver"
"LOC115141460",209.450037988619,0.164289065399588,0.125278189392302,1.31139399600616,0.189724686246865,0.485142924179563,"probable signal peptidase complex subunit 2","liver"
"LOC115131303",349.582924270332,0.163565874855055,0.0962473921843681,1.69943175750397,0.0892378625191989,0.354170912977853,"cytochrome b-c1 complex subunit 7-like","liver"
"shmt2",873.423917459377,0.163528795011419,0.178034354656978,0.918523817082905,0.358344695757564,0.63865893305983,"serine hydroxymethyltransferase 2, transcript variant X1","liver"
"LOC115110513",58.1889445142298,0.163451383611701,0.11728918080831,1.39357596741029,0.163445689951268,0.455221463268407,"DNA-directed RNA polymerases I, II, and III subunit RPABC2","liver"
"LOC115120316",81.6162384903578,0.163432606709426,0.276400006046566,0.591290170528767,0.554326014487284,0.782250760109554,"mitoguardin 1-like","liver"
"LOC115102725",60.4321520946487,0.163236047650999,0.116940939265268,1.39588452663884,0.162749270927639,0.455221463268407,"cactin-like","liver"
"LOC115135293",131.701707508389,0.163109039576278,0.090696327825018,1.79840841947832,0.072112309515426,0.326226163801195,"transmembrane 9 superfamily member 3","liver"
"LOC115137929",149.97763219817,0.163065718847345,0.118653383073281,1.37430315616568,0.169347586900937,0.463320097060311,"cytochrome b-c1 complex subunit 1, mitochondrial-like","liver"
"LOC115101141",211.829002797788,0.163033338866334,0.114495010261232,1.42393400807911,0.154465576111616,0.444006832320837,"cytochrome c oxidase subunit 6B1-like, transcript variant X1","liver"
"LOC115107699",1816.62052875668,0.162855296332924,0.229497492711292,0.709616886916474,0.477941744792293,0.733165339596667,"protein THEMIS-like","liver"
"LOC115101635",98.8710477644754,0.162513205964305,0.128013129579533,1.26950420240556,0.20426129266543,0.50094406071257,"mitochondrial import receptor subunit TOM40 homolog, transcript variant X4","liver"
"LOC115105170",217.888067132129,0.162467927823269,0.0751684795787593,2.16138371740032,0.0306657108216376,0.220446979380943,"myosin regulatory light polypeptide 9-like","liver"
"LOC115136031",562.997999390176,0.162408632238344,0.185657136098639,0.874777213799401,0.381695137718879,0.661366763265898,"hypoxia up-regulated protein 1-like","liver"
"ndufc1",248.737496607524,0.162397934760355,0.0973303862843394,1.66852245182638,0.0952120587616199,0.364621744473288,"NADH:ubiquinone oxidoreductase subunit C1","liver"
"LOC115114130",95.7961042107288,0.162033016287808,0.276129417046039,0.586800993610878,0.557337369418034,0.78442925336599,"beta-1,3-galactosyltransferase 2-like, transcript variant X1","liver"
"LOC115104219",104.94187657336,0.161788960199138,0.352600251448007,0.458845277434509,0.64634527791837,0.847664930006617,"hemoglobin subunit alpha-like","liver"
"LOC115135161",81.0265630985999,0.161628377039126,0.116698496923127,1.38500821604922,0.166049955112024,0.458239415732302,"protein YIPF4-like","liver"
"LOC115103365",1785.59718004582,0.161581138384862,0.13814485728911,1.16965004384278,0.242141829511195,0.536838563244212,"ATP-binding cassette sub-family F member 2-like, transcript variant X2","liver"
"LOC115137198",101.638653717532,0.161347035814153,0.131510964784062,1.22687135691751,0.219870945686671,0.515088075261921,"eukaryotic translation initiation factor 4H-like, transcript variant X1","liver"
"LOC115143345",217.543852355702,0.160966698748199,0.0968607561397093,1.66183607441619,0.0965456469491834,0.366111140860422,"cytochrome b-c1 complex subunit 1, mitochondrial-like","liver"
"LOC115143533",58.9240741873142,0.160858199226502,0.124693511111161,1.29002862934143,0.197040718047045,0.493934788905139,"SWI/SNF-related matrix-associated actin-dependent regulator of chromatin subfamily D member 1-like","liver"
"LOC115130183",117.130546490493,0.160613382143661,0.167189373384768,0.960667409010662,0.336719423141658,0.617950638777758,"regulator of MON1-CCZ1 complex-like, transcript variant X1","liver"
"syap1",240.315569998316,0.160554564072515,0.102204499404893,1.57091483258934,0.116202432798246,0.397349929602057,"synapse associated protein 1","liver"
"LOC115135279",115.845177142815,0.160550210902429,0.0801981340367602,2.00191953130528,0.0452933866840466,0.262535331534949,"insulin-degrading enzyme","liver"
"LOC115140749",5335.85775901998,0.160299023743533,0.130637510426574,1.22705204056709,0.219803031913923,0.515088075261921,"complement C1r subcomponent-like","liver"
"LOC115141717",111.812206361454,0.160264154139324,0.102264134317446,1.56715895762474,0.117077541113687,0.397673381316156,"succinate dehydrogenase [ubiquinone] cytochrome b small subunit B, mitochondrial-like","liver"
"lgmn",951.423759026128,0.160017590315815,0.165396347091984,0.967479591473818,0.333304338759557,0.616121761806781,"legumain, transcript variant X2","liver"
"cct7",225.475743299127,0.159902646206477,0.108972682584404,1.46736450286635,0.142276925439747,0.429510379412954,"chaperonin containing TCP1 subunit 7","liver"
"LOC115110030",94.0664732977238,0.159826053585429,0.142618506837433,1.12065437459396,0.262435010193589,0.559917519583386,"protein spinster homolog 1-like, transcript variant X1","liver"
"LOC115109596",71.6575299899874,0.159728648101538,0.133497430403085,1.19649230415334,0.231504500007079,0.526562154159259,"NADH dehydrogenase [ubiquinone] 1 alpha subcomplex subunit 9, mitochondrial-like","liver"
"LOC115139221",133.399615445555,0.159726030404423,0.201978969059396,0.79080525635049,0.42905764213426,0.697735722521961,"glycerophosphocholine phosphodiesterase GPCPD1-like, transcript variant X2","liver"
"LOC115108036",103.408686600624,0.159643062136653,0.31054924858641,0.514066811828826,0.607205279950041,0.825425316763068,"SAM and SH3 domain-containing protein 1-like, transcript variant X2","liver"
"LOC115116509",10113.3754491782,0.159510221240014,0.23917363155588,0.666922269826998,0.504821785168947,0.757363748897249,"uncharacterized LOC115116509","liver"
"cideb",1682.6918403661,0.159449904692153,0.106764209740754,1.49347712196185,0.135312338513528,0.422025930165245,"cell death inducing DFFA like effector b","liver"
"LOC115116301",217.781791660162,0.158964470988086,0.200294438512489,0.793653943507644,0.427396919393721,0.697531273400348,"protein disulfide-isomerase A4-like","liver"
"LOC115114758",128.402533298821,0.158847795523919,0.307254676341156,0.516990652235165,0.605162684234008,0.824688432276101,"purine nucleoside phosphorylase-like","liver"
"hax1",62.3305831253732,0.158734386543902,0.119629411272825,1.3268842908697,0.184546961627904,0.479980727834032,"HCLS1 associated protein X-1, transcript variant X1","liver"
"LOC115109448",560.47090259246,0.158689216420718,0.109425437236537,1.45020408808321,0.147001615405722,0.435493105468807,"small EDRK-rich factor 2-like","liver"
"LOC115133083",197.332089637021,0.15860623177959,0.106054767182985,1.49551251671633,0.134780735742537,0.422025930165245,"ATP synthase subunit gamma, mitochondrial-like, transcript variant X1","liver"
"LOC115140859",191.002995140331,0.158480123643975,0.232090219227566,0.682838441755203,0.494708935627388,0.749105848998376,"apolipoprotein A-IV-like","liver"
"LOC115146386",79.4152427420382,0.158401300772135,0.0975664453100406,1.62352231106481,0.104477797887323,0.379596806639496,"14-3-3 protein zeta-like","liver"
"LOC115119899",77.2363018663648,0.158262407684608,0.132900159257101,1.19083685504426,0.233717637466579,0.528360005720342,"solute carrier family 35 member F6-like","liver"
"LOC115122609",302.327170892081,0.158218660813172,0.13585786872731,1.16458959863962,0.244185156097834,0.536838563244212,"myosin-9-like, transcript variant X3","liver"
"LOC115115068",69.9820961936384,0.15805071963616,0.13562086920276,1.16538642293958,0.243862610560627,0.536838563244212,"transcription and mRNA export factor ENY2-2, transcript variant X2","liver"
"LOC115137336",214746.43808828,0.157955570294176,0.0887307610230288,1.78016697335866,0.0750486386404131,0.330036247274988,"lecithin retinol acyltransferase-like, transcript variant X2","liver"
"LOC115114550",611.278255927076,0.157952406247096,0.197166758431001,0.80111073237719,0.423067543560356,0.694212281623193,"CCAAT/enhancer-binding protein delta-like","liver"
"LOC115109138",620.971015241119,0.157886995029054,0.145340825616931,1.08632240362519,0.277336378509979,0.574986306615806,"ubiquitin-60S ribosomal protein L40","liver"
"LOC115125838",123.040141712013,0.15762335386558,0.14786413451721,1.06600126109171,0.286423071834209,0.583021643712864,"polypyrimidine tract-binding protein 1-like, transcript variant X1","liver"
"LOC115105735",67.5166338257209,0.15739541036576,0.191528174809952,0.82178724107792,0.411197996558613,0.68432662976411,"moesin-like, transcript variant X1","liver"
"LOC115129309",295.553298771209,0.157393895601296,0.0830079950680604,1.89612934841089,0.0579429426589187,0.294660212954273,"heterogeneous nuclear ribonucleoprotein A0-like","liver"
"mrpl3",61.0631089064383,0.157373360375353,0.12519798194289,1.25699598294755,0.208755090188675,0.507083282246149,"mitochondrial ribosomal protein L3","liver"
"med19",95.9296324333061,0.15735941862831,0.112307890495354,1.40114303575865,0.161171304574364,0.453683865638885,"mediator complex subunit 19","liver"
"LOC115118659",95.0299168278367,0.156962950239895,0.121076318394737,1.29639678775298,0.194838818203031,0.490830051295152,"ubiquitin-conjugating enzyme E2 D2","liver"
"LOC115112679",10098.9702173323,0.156909301624522,0.240127357202444,0.653442004495292,0.513471366660757,0.761057923821543,"uncharacterized LOC115112679","liver"
"rabggta",75.0343131822081,0.156888360555828,0.112595413114062,1.39338145504112,0.16350447061456,0.455221463268407,"Rab geranylgeranyltransferase subunit alpha","liver"
"LOC115104018",71.0854975008484,0.156771422048411,0.0931372228887011,1.68323058371359,0.0923304624139562,0.359285719078632,"SUMO-conjugating enzyme UBC9-like","liver"
"LOC115126082",220.542365878619,0.156560963831126,0.109618504868672,1.42823480413908,0.153224286047415,0.443919583110383,"high mobility group protein B2-like","liver"
"LOC115124959",652.681799247561,0.156498469734653,0.142872636385917,1.09537049006313,0.27335435702155,0.571050078285483,"eukaryotic translation initiation factor 5A-1-like, transcript variant X1","liver"
"LOC115105947",116.906424686489,0.156067063425893,0.487689882761122,0.320012919977545,0.748958536441833,0.904252071841502,"fructose-1,6-bisphosphatase 1-like","liver"
"LOC115113503",104.638611609727,0.15605344440305,0.107832358624406,1.44718567222112,0.147844928303036,0.436430311333655,"mitochondrial carrier homolog 2-like","liver"
"LOC115102811",171.189971231724,0.155899440972381,0.122753042236078,1.27002506929772,0.204075700415458,0.50094406071257,"lactoylglutathione lyase-like","liver"
"LOC115134345",10115.0353517504,0.155638557361279,0.186146163410923,0.836109401931119,0.403093359604471,0.677474617813841,"tyrosine aminotransferase-like, transcript variant X1","liver"
"LOC115108137",4165.00275640945,0.155474801691839,0.125061535042028,1.24318641730721,0.21379914673561,0.512432154499533,"antithrombin-III-like, transcript variant X1","liver"
"LOC115103882",182.365773126659,0.155117233756085,0.137978315110217,1.12421458134329,0.260922005064583,0.558608565928574,"T-complex protein 1 subunit delta","liver"
"LOC115134883",487.263941627929,0.155048333864892,0.158654941447758,0.977267600051061,0.328436688893834,0.613285735480822,"cyclin-I-like","liver"
"LOC115104156",165.892717621742,0.155033599871571,0.110910671578189,1.39782401157202,0.162165921953716,0.455221463268407,"ADP-ribosylation factor 2","liver"
"LOC115129232",353.639506780517,0.154416824244149,0.130046138826158,1.18740029990871,0.235069761766194,0.529270947996342,"neutral alpha-glucosidase AB-like, transcript variant X3","liver"
"dkc1",161.758072942933,0.154275934196331,0.161308584231288,0.956402505988933,0.338868919141438,0.620225883494352,"dyskerin pseudouridine synthase 1","liver"
"LOC115104995",242.159630843749,0.15415851023085,0.318358629607935,0.484229092268363,0.628223292397014,0.838453876820639,"lipocalin-like","liver"
"LOC115101924",28390.5719714283,0.154149947931861,0.106234813839428,1.45103043306364,0.146771386098859,0.435493105468807,"apolipoprotein C-I-like","liver"
"LOC115122139",195.008245645031,0.154073626244615,0.364543671632688,0.422647924608218,0.672552155155058,0.861687651672654,"arginase-2, mitochondrial-like","liver"
"psma5",584.372945576865,0.153831402462487,0.13425756522882,1.14579317895648,0.251880738173413,0.546695676146897,"proteasome subunit alpha 5","liver"
"LOC115135488",77.0251041756134,0.153658044913283,0.0953171304190916,1.61207166264529,0.106946346313896,0.38441883969223,"sorting nexin-12-like, transcript variant X2","liver"
"LOC115143900",373.721952177788,0.153395508503479,0.272250424474748,0.563435332743465,0.573138483245406,0.79867092571223,"calcium-binding and coiled-coil domain-containing protein 2-like, transcript variant X1","liver"
"ankrd28",62.8168354532501,0.153378440959378,0.154035262207362,0.995735903334263,0.319378480606455,0.604704843863596,"ankyrin repeat domain 28","liver"
"LOC115130934",107.903233047979,0.153353610871557,0.16461371882564,0.931596782853745,0.351544946368042,0.632067578913162,"neutral alpha-glucosidase AB-like, transcript variant X1","liver"
"LOC115136739",1966.0134746781,0.153115752330716,0.105929423620261,1.44545063210776,0.148331350272868,0.437164557998705,"alpha-2-antiplasmin-like","liver"
"dcaf11",67.3589276902526,0.152947044583918,0.106215541224164,1.43996860366347,0.1498762819188,0.440443925811845,"DDB1 and CUL4 associated factor 11, transcript variant X3","liver"
"LOC115112912",234.970414877057,0.152382280510039,0.0943358204018281,1.61531727673496,0.106242004137798,0.383223370677579,"28 kDa heat- and acid-stable phosphoprotein-like, transcript variant X1","liver"
"LOC115109270",472.88167149605,0.152331960773782,0.126677682582589,1.20251616281714,0.229163607814044,0.524279680165894,"ATP synthase F(0) complex subunit C3, mitochondrial-like, transcript variant X1","liver"
"LOC115144396",473.924952688542,0.15226275225263,0.0975296262796001,1.56119487032709,0.118477778965782,0.399022611236311,"CD209 antigen-like, transcript variant X2","liver"
"LOC115107685",111.857373958913,0.152177316390575,0.096699125114187,1.57371968165045,0.115552269631425,0.396770356824195,"glycoprotein integral membrane protein 1-like, transcript variant X1","liver"
"LOC115119824",177.50789578984,0.152079063260528,0.104662400904334,1.45304390064141,0.146211565403633,0.435493105468807,"dynactin subunit 2-like","liver"
"LOC115108105",232.816115803675,0.151958235782941,0.190020252374362,0.799694947692025,0.423887560885588,0.694998269577497,"aspartate--tRNA ligase, cytoplasmic-like","liver"
"LOC115136213",132.564936380694,0.151673562985061,0.177775366008337,0.853175366141269,0.393562061945273,0.668957032730998,"heat shock 70 kDa protein 4-like","liver"
"slc2a8",132.804205644042,0.151218537238642,0.1727226606469,0.87549911906337,0.38130238933822,0.661075516351589,"solute carrier family 2 member 8, transcript variant X1","liver"
"mmp2",82.5141464029004,0.150705913095014,0.306312267525371,0.492000905848578,0.622718703169795,0.834934682276343,"matrix metallopeptidase 2","liver"
"rabl3",66.0729366579784,0.150701600019956,0.113690091214723,1.3255473578197,0.184989672987206,0.479980727834032,"RAB, member of RAS oncogene family like 3, transcript variant X2","liver"
"LOC115104132",86.6357856373506,0.150575657197586,0.131117999056628,1.14839807105777,0.250804269642419,0.545797225340363,"ras-related protein Rab-11A-like","liver"
"LOC115104250",153.795034457569,0.150535492772455,0.125340632443577,1.2010111153717,0.229746889635956,0.524914978787082,"eukaryotic translation initiation factor 3 subunit G","liver"
"LOC115114670",59.3489013874991,0.150460776840899,0.0931429446791462,1.6153749203356,0.106229528018318,0.383223370677579,"TOX high mobility group box family member 4-A-like, transcript variant X6","liver"
"LOC115121009",239.292228736467,0.150168040779002,0.113329772099184,1.32505376122681,0.185153320767725,0.479980727834032,"eukaryotic translation initiation factor 2 subunit 3-like","liver"
"LOC115103252",197.181891238061,0.150152063115657,0.130595850110029,1.14974605233743,0.250248480615639,0.545539345742569,"calponin-2-like","liver"
"LOC115116223",1290.48618659585,0.150102590671502,0.190201145918686,0.789178161606206,0.430007883948765,0.697735722521961,"endoplasmin-like, transcript variant X1","liver"
"LOC115117657",204.197266413358,0.149786303370344,0.2507258558623,0.597410677312065,0.550233226793952,0.780469839198218,"minor histocompatibility antigen H13-like, transcript variant X1","liver"
"LOC115119947",510.209593656016,0.149588005948787,0.144008947979383,1.03874105080056,0.298925183837831,0.591752816572608,"methionine synthase reductase-like, transcript variant X5","liver"
"LOC115108158",972.743376099592,0.149581190564575,0.144902689289843,1.03228719423816,0.301937598265385,0.594714532960469,"growth arrest and DNA damage-inducible protein GADD45 beta-like","liver"
"LOC115131409",61.2151316608508,0.1494909756145,0.185598498257699,0.805453584042126,0.420557981013763,0.692058651904533,"serine/threonine-protein phosphatase 1 regulatory subunit 10-like, transcript variant X1","liver"
"LOC115112318",106.548529927109,0.149480543425173,0.181457725438424,0.823776133333589,0.410066771045404,0.683763649741703,"lysosomal protective protein-like","liver"
"LOC115114223",418.082447683501,0.149393237384219,0.138849464513076,1.07593671972822,0.281955558283146,0.579503527523722,"gamma-interferon-inducible lysosomal thiol reductase-like","liver"
"LOC115136068",97.4130583524375,0.149218873360161,0.109756107373546,1.35954961351086,0.173972492163913,0.468679364216859,"histone H3.3","liver"
"LOC115126025",1401.93725938128,0.149216785827941,0.152016597174621,0.981582199584013,0.326305720416283,0.611510030992547,"60S ribosomal protein L23a-like","liver"
"LOC115104052",127.822763281709,0.149166902450287,0.135485956204005,1.10097685863236,0.270906728993743,0.567854275974824,"endoplasmic reticulum membrane sensor NFE2L1-like","liver"
"LOC115102427",101.112026807506,0.149095611451427,0.132522427008709,1.12505946968228,0.260563834643,0.558390215565125,"citrate synthase, mitochondrial-like","liver"
"timm9",66.2613879207302,0.14902883488458,0.119114886790908,1.25113526024822,0.210885133042816,0.509772381528497,"translocase of inner mitochondrial membrane 9","liver"
"LOC115129181",153.539423901853,0.148974378253212,0.0906434189775892,1.64352117267382,0.100275148379165,0.372921081015946,"matrin-3-like","liver"
"LOC115137969",65.2378628734932,0.14893001159357,0.119820281752455,1.24294492898334,0.213888127804532,0.512432154499533,"NEDD8","liver"
"dnajc22",211.599257734641,0.148776413857017,0.0674710888707416,2.20503946723072,0.0274513251529899,0.211651140154003,"DnaJ heat shock protein family (Hsp40) member C22, transcript variant X1","liver"
"LOC115120339",66.2568488095429,0.148737448243153,0.208621394102287,0.712953956056048,0.475874249519801,0.732576569249542,"nicotinamide riboside kinase 2-like","liver"
"LOC115117629",180.200992942569,0.148710165927285,0.121447423870303,1.22448184727325,0.220770510094174,0.515384077401978,"probable C-mannosyltransferase DPY19L1","liver"
"LOC115129470",74.9583005007292,0.148611943708652,0.115711584804208,1.2843307259175,0.19902626031851,0.495196305982148,"GTP-binding nuclear protein Ran-like","liver"
"LOC115141662",264.618708145643,0.148586623698157,0.117699131155955,1.26242753229227,0.206794987358221,0.505333554239872,"eukaryotic translation initiation factor 3 subunit K","liver"
"LOC115130705",165.232960321636,0.148566615033952,0.119639362949801,1.24178707885873,0.214315131324872,0.512822279439546,"GTP-binding nuclear protein Ran, transcript variant X1","liver"
"echdc2",62.107071187872,0.148465215865691,0.109842724173189,1.35161629487271,0.176498094821959,0.472361283318651,"enoyl-CoA hydratase domain containing 2, transcript variant X2","liver"
"ccz1",73.5397627088447,0.148376326346424,0.0943095713676107,1.57329022065073,0.11565163271742,0.396770356824195,"CCZ1 homolog, vacuolar protein trafficking and biogenesis associated, transcript variant X1","liver"
"ccdc25",85.7411041842586,0.148260297086405,0.138180316954811,1.07294801715421,0.283294440199356,0.580547078055594,"coiled-coil domain containing 25, transcript variant X1","liver"
"LOC115130637",206.707903992746,0.148150153120403,0.251872768533259,0.588194404592176,0.556401812688584,0.78369505014266,"phospholipid-transporting ATPase 11C-like, transcript variant X3","liver"
"LOC115122257",217.774597673191,0.147919388091539,0.167625509387463,0.882439603805328,0.377539126935997,0.65762798350048,"intracellular hyaluronan-binding protein 4-like","liver"
"LOC115107081",280.790957471693,0.147903382131885,0.190643991182376,0.775809304109646,0.437861589568354,0.705145728597634,"methionine aminopeptidase 2-like","liver"
"LOC115123727",94.5747592285472,0.147518766476278,0.136653974427755,1.07950586211649,0.280362281951354,0.578133197945517,"probable protein BRICK1-A","liver"
"mrpl24",92.2510722363217,0.147339164999185,0.108812125163414,1.35406936293093,0.175714249439683,0.471121619369691,"mitochondrial ribosomal protein L24, transcript variant X1","liver"
"LOC115122343",58.576205230847,0.147260382712212,0.107362074264811,1.37162385992087,0.170180562174949,0.464294492252405,"cell division control protein 42 homolog","liver"
"LOC115111469",93.7646971796098,0.146794165886762,0.124062221495255,1.18323018979938,0.236717931247049,0.530990322991257,"protein SET-like","liver"
"cacybp",70.1535060928331,0.14646919966281,0.121863473339599,1.20191223546241,0.229397533405813,0.524410738172795,"calcyclin binding protein","liver"
"LOC115132193",108.413323355184,0.146028061963415,0.154024319035518,0.948084451064774,0.34308646328321,0.62401625361105,"dTDP-D-glucose 4,6-dehydratase-like","liver"
"LOC115119596",101.157155049927,0.14596525960025,0.215122916186871,0.678520271980016,0.497441874899014,0.751459900730628,"tropomyosin beta chain, transcript variant X4","liver"
"lg9bh14orf119",61.0029885554393,0.145951607144455,0.116055133038078,1.25760578893627,0.208534358750041,0.507083282246149,"linkage group 9b C14orf119 homolog","liver"
"LOC115104711",71.0967900872415,0.145923535096008,0.136365387461968,1.07009218256873,0.284577817552314,0.581820978127182,"vacuolar ATPase assembly integral membrane protein vma21-like","liver"
"fuca2",153.460915096003,0.145861311261709,0.173704782541711,0.83970809051664,0.401072076620456,0.676923306130426,"alpha-L-fucosidase 2","liver"
"LOC115112256",99.8600323144842,0.145780703367455,0.131354719483437,1.10982463318219,0.267074602264954,0.563456157875353,"AP-1 complex subunit gamma-1-like, transcript variant X1","liver"
"hadhb",288.945856157005,0.145762313098366,0.0737567159448337,1.97625817840628,0.0481255436705783,0.272444050001774,"hydroxyacyl-CoA dehydrogenase trifunctional multienzyme complex subunit beta","liver"
"LOC115135202",1045.31033199917,0.145759019349062,0.091038275316623,1.60107404102423,0.109360521000741,0.387902142635137,"glutamate dehydrogenase, mitochondrial-like, transcript variant X1","liver"
"LOC115106825",85.7652485908404,0.145707085656562,0.1425070975919,1.02245493816614,0.306565629848716,0.598735748568934,"CD166 antigen homolog","liver"
"LOC115128327",59.7583627665935,0.145653286254786,0.19510216942338,0.746548778443934,0.455335977056556,0.717524370666526,"adenylate kinase 2, mitochondrial, transcript variant X3","liver"
"slc25a20",76.0753237871195,0.145525534935909,0.110917276101425,1.31201865075407,0.189513841721884,0.48490798421745,"solute carrier family 25 member 20","liver"
"LOC115133066",86.2762648455403,0.145203861874936,0.0873246565271188,1.66280484401153,0.0963515066926519,0.366111140860422,"serine/threonine-protein phosphatase 6 regulatory subunit 2-like, transcript variant X3","liver"
"hsd17b4",146.003908314941,0.145122721660632,0.112276468332996,1.29254797390152,0.196167443375028,0.492654651384236,"hydroxysteroid 17-beta dehydrogenase 4, transcript variant X2","liver"
"LOC115123629",65.72685624121,0.145059165511386,0.106084766314132,1.36738921667457,0.171503340488337,0.46541119562614,"ATP-dependent RNA helicase DDX3X-like, transcript variant X1","liver"
"LOC115129234",145.859363333353,0.144649903175115,0.108609842831431,1.33183051742023,0.182915887375516,0.478847242737702,"N-terminal kinase-like protein, transcript variant X2","liver"
"snrnp27",116.607358597516,0.144641192569082,0.115934615480444,1.24761005994348,0.212173892603113,0.510847514985607,"small nuclear ribonucleoprotein U4/U6.U5 subunit 27","liver"
"LOC115122693",78.3936212897561,0.144445020826706,0.11377131648792,1.26960841524624,0.204224150331706,0.50094406071257,"SNW domain-containing protein 1","liver"
"LOC115110516",122.84882546619,0.14441517988777,0.109000051993181,1.32490927524332,0.185201244131115,0.479980727834032,"trinucleotide repeat-containing gene 6B protein-like","liver"
"LOC115128659",193.691687669147,0.144205930439697,0.37853618121854,0.380956795135108,0.703235307906717,0.879799605594775,"phospholipase A1 member A-like, transcript variant X1","liver"
"LOC115121021",196.148426418184,0.144065063007415,0.136945623502771,1.05198734594464,0.292805355335566,0.588604086000291,"cytochrome c oxidase subunit 5B, mitochondrial-like","liver"
"LOC115132954",142.357893211912,0.143985547983877,0.148919387392329,0.966869059194734,0.333609495858928,0.616127007304481,"26S proteasome non-ATPase regulatory subunit 14","liver"
"LOC115110711",206.751924481466,0.143964517566095,0.165037343326547,0.872314802603452,0.383036664432768,0.6616067391248,"hepatic leukemia factor-like","liver"
"LOC115133504",234.10705133963,0.143764174605084,0.159714562153314,0.900131914503083,0.36805005385376,0.647463107254176,"dedicator of cytokinesis protein 11-like","liver"
"aven",120.720596469146,0.143699566052958,0.0920233959749494,1.56155469520029,0.118392929347007,0.399022611236311,"apoptosis and caspase activation inhibitor, transcript variant X1","liver"
"LOC115102565",473.127294308716,0.143605619071229,0.133657254270869,1.07443191059573,0.282629146758111,0.579903745546943,"40S ribosomal protein S26-like","liver"
"LOC115135550",131.307075341509,0.14355787507186,0.144315748635081,0.994748504093355,0.319858597490165,0.604704843863596,"eukaryotic translation initiation factor 1A, X-chromosomal-like","liver"
"LOC115121614",337.299924556701,0.143469135837016,0.107131188490938,1.33919111565865,0.180508463950033,0.476599777265298,"ATP synthase F(0) complex subunit C2, mitochondrial-like","liver"
"LOC115132498",91.8124242672036,0.143350782545245,0.129442630735962,1.10744645508367,0.268100950404194,0.564351190031528,"proliferation-associated protein 2G4-like","liver"
"ccdc90b",77.8948770305331,0.143190727100945,0.105022197070797,1.36343297983396,0.172746093088313,0.46719384371525,"coiled-coil domain containing 90B, transcript variant X1","liver"
"LOC115109711",111.310528685277,0.143158509411928,0.123145417375557,1.16251593005152,0.245025957742371,0.537816803316051,"transcription initiation factor TFIID subunit 3-like","liver"
"LOC115126145",72.0701318654752,0.143156282905433,0.177182585019715,0.807959105515389,0.419114124196568,0.69146125084874,"transcription elongation factor SPT6-like","liver"
"LOC115110776",164.263586389426,0.143111715845077,0.0913131359769139,1.56726317976045,0.11705318804361,0.397673381316156,"elongin-B","liver"
"LOC115136083",102.856755322254,0.143105666496504,0.143846220845331,0.994851763609255,0.319808366087337,0.604704843863596,"tubulin-specific chaperone cofactor E-like protein, transcript variant X2","liver"
"LOC115112302",991.010115436341,0.143048211953813,0.149681362873337,0.955684857538763,0.339231475056271,0.620225883494352,"transcriptional repressor CTCF-like, transcript variant X3","liver"
"glyctk",412.189781967231,0.142960848672686,0.100571269971004,1.42148795291045,0.155174953385607,0.444270383115592,"glycerate kinase, transcript variant X3","liver"
"LOC115133393",910.836296170591,0.142909229936693,0.188911056994165,0.756489494106783,0.44935576896285,0.711843806565323,"complement C1q-like protein 2","liver"
"LOC115111594",1087.76580990324,0.142762678464078,0.13467292523441,1.06006963326583,0.289112921590174,0.583993995263798,"60S ribosomal protein L31","liver"
"LOC115144942",123.016051364088,0.142756021868807,0.169246991473386,0.843477456385126,0.398961468617249,0.675038167739272,"uncharacterized protein C1orf21 homolog","liver"
"LOC115113321",36172.75141835,0.142712493787332,0.121386716546562,1.17568460411062,0.23972093312657,0.534812547030049,"serum amyloid P-component-like","liver"
"LOC115108213",224.331631207422,0.142496540643535,0.303102558303962,0.470126486034588,0.638264652221734,0.843720700940341,"cystathionine gamma-lyase-like, transcript variant X2","liver"
"mppe1",61.525859358477,0.142349582882813,0.133588522749518,1.0655824314318,0.286612444493545,0.583021643712864,"metallophosphoesterase 1, transcript variant X1","liver"
"LOC115133610",202.215653486075,0.142150081186395,0.226116671036987,0.62865811943226,0.529572901943566,0.769709401192759,"Y-box-binding protein 2-A-like, transcript variant X1","liver"
"LOC115142973",225.919147857766,0.142027785559556,0.113506274919717,1.25127695063566,0.210833451816117,0.509772381528497,"serine/arginine-rich splicing factor 3-like","liver"
"LOC115112359",167.333179634346,0.14196226271743,0.117140574312548,1.21189659134378,0.225551967127807,0.520878083860022,"transcription factor 25-like, transcript variant X1","liver"
"LOC115121786",892.883836396232,0.14157993162308,0.126067091904147,1.12305225324567,0.261415302785137,0.559332689843684,"60S ribosomal protein L23a","liver"
"LOC115135710",62.3064412633641,0.141458885375018,0.18825100117992,0.751437625767629,0.45238932580577,0.715259461592056,"T-box transcription factor TBX2b-like, transcript variant X1","liver"
"LOC115109231",75.2855362359894,0.141285523586545,0.163089327617926,0.866307597499808,0.386321500995645,0.66277343806359,"mitochondrial import inner membrane translocase subunit Tim13","liver"
"lztr1",70.1878008953392,0.141207011854288,0.11418606755931,1.23663959073591,0.216220914894607,0.514186959807711,"leucine zipper like transcription regulator 1","liver"
"LOC115101099",268.893994086477,0.140826171994341,0.165012864982207,0.853425410252256,0.393423435174885,0.668957032730998,"ribosome biogenesis protein NSA2 homolog","liver"
"LOC115110190",703.530424763063,0.14079617492113,0.107658711570996,1.30780103966117,0.190940801501291,0.486229707127124,"eukaryotic translation initiation factor 1","liver"
"LOC115125594",1098.08427356619,0.140778428219408,0.134351105833922,1.04783974307908,0.294712448233898,0.589635548521163,"40S ribosomal protein S5","liver"
"LOC115139231",71.0159537519882,0.14074820348347,0.202078574840848,0.696502356047985,0.486114282304857,0.740682716463247,"peptidyl-prolyl cis-trans isomerase FKBP1B-like, transcript variant X2","liver"
"LOC115144182",187.20256059676,0.140644323697284,0.0944386809621635,1.48926607470971,0.136417317480033,0.422520506115968,"28 kDa heat- and acid-stable phosphoprotein-like","liver"
"LOC115110341",119.867843169265,0.140384463733203,0.22811358157068,0.615414754205267,0.538280850121292,0.773215962598105,"probable G-protein coupled receptor 146","liver"
"LOC115116214",650.444228850341,0.140222020473109,0.213646698234708,0.65632664408913,0.511613977771902,0.760144684417698,"complement C3 alpha chain-like","liver"
"LOC115107932",109.901525450102,0.140146135926084,0.123567051388917,1.13417075466976,0.256722928916604,0.553910749199936,"protein yippee-like 5, transcript variant X2","liver"
"upb1",184.75425377842,0.139819224821717,0.263985469503197,0.52964742750746,0.596356404630775,0.815687484991624,"beta-ureidopropionase 1","liver"
"LOC115134968",340.742713309236,0.139814057233391,0.171399595180932,0.815719880118743,0.414660366081617,0.688454440793757,"eukaryotic translation initiation factor 2 subunit 2-like","liver"
"snx3",141.68163644428,0.139601938963203,0.10903156899745,1.2803809047861,0.200411206308362,0.496581201770749,"sorting nexin 3","liver"
"LOC115133433",1020.46428281843,0.139597808066202,0.160042553104658,0.872254318355655,0.383069652682661,0.6616067391248,"thioredoxin-like","liver"
"LOC115144256",63.3018710345031,0.139344311848079,0.175855320175974,0.792380416518764,0.428138894716759,0.697735722521961,"vesicle-associated membrane protein-associated protein B-like","liver"
"LOC115129439",271.280723391881,0.139334462009596,0.112636906032395,1.2370231651207,0.21607848266757,0.514186959807711,"cofilin-2-like","liver"
"LOC115141336",115.357973311161,0.138998790166584,0.129220519859395,1.07567118842912,0.282074337244128,0.579503527523722,"ubiquitin carboxyl-terminal hydrolase 5-like, transcript variant X2","liver"
"LOC115110071",125.970876158397,0.138984443407214,0.125924515581018,1.10371235311835,0.269717935266779,0.566393768236678,"26S proteasome non-ATPase regulatory subunit 11","liver"
"LOC115108258",150.523571883954,0.138740041415567,0.112668960222653,1.23139541841332,0.218175009701612,0.514503686801253,"ras-related protein Rab-11B-like","liver"
"aldh16a1",188.32805935262,0.138523814755661,0.13696257421972,1.01139903031784,0.311825485099842,0.601817480450145,"aldehyde dehydrogenase 16 family member A1","liver"
"LOC115134466",65.8629069825335,0.1383462759587,0.101020083859301,1.36949278473562,0.170845288669243,0.464553299943853,"dihydrolipoyl dehydrogenase, mitochondrial-like","liver"
"acad11",152.252726176351,0.13810192964372,0.126242495162553,1.09394169899681,0.273980548774683,0.571050078285483,"acyl-CoA dehydrogenase family member 11","liver"
"LOC115125947",68.66947877036,0.137892064794626,0.12978182054059,1.06249137375523,0.288012672041164,0.583993995263798,"regulator of G-protein signaling 5-like, transcript variant X2","liver"
"LOC115104149",288.578987480601,0.137527233417028,0.0855992830913258,1.60664001438307,0.108133359387695,0.387154823364089,"ubiquilin-4-like","liver"
"LOC115133558",76.758008630793,0.137392629760876,0.111052441597524,1.23718693424872,0.216017691052101,0.514186959807711,"alkaline ceramidase 2-like","liver"
"LOC115125575",79.5550672071313,0.137376664008244,0.0942285182172063,1.45790962871322,0.144865454256264,0.434170287903332,"SPRY domain-containing protein 7","liver"
"LOC115125585",318.127010838764,0.137314939045146,0.221810756461188,0.619063481121906,0.535874539873989,0.773111844948287,"translocon-associated protein subunit delta-like","liver"
"gspt1",218.53204346286,0.137270768298874,0.138490822092887,0.991190363552067,0.321592635121662,0.606576390909716,"G1 to S phase transition 1, transcript variant X1","liver"
"LOC115122625",541.617549475938,0.137174839922279,0.186639850598357,0.734970797943228,0.462357278954468,0.720400714456579,"transmembrane protein 258","liver"
"LOC115129303",214.59056753191,0.136948104036842,0.0892233584622694,1.53489071020291,0.124810675816462,0.408617120183051,"casein kinase I-like, transcript variant X2","liver"
"LOC115107922",245.362888466808,0.13678380276864,0.140338887028237,0.974667860527625,0.329725040253708,0.613285735480822,"26S proteasome regulatory subunit 10B-like","liver"
"LOC115143249",61.3085210553093,0.136677630863306,0.11895253396234,1.14900983031247,0.250551927190895,0.545539345742569,"protein/nucleic acid deglycase DJ-1-like","liver"
"LOC115145847",65.7386970510395,0.136633073276571,0.124664556561631,1.09600576976361,0.273076249505633,0.571050078285483,"AH receptor-interacting protein-like, transcript variant X2","liver"
"LOC115102959",145.88742089247,0.136593736077077,0.147707089981816,0.924760863502853,0.355090312306477,0.635347056144885,"RB1-inducible coiled-coil protein 1-like, transcript variant X2","liver"
"LOC115125726",115.093102329903,0.136530847243355,0.0910392262293965,1.49969252703588,0.133694067224191,0.419557222962166,"vacuolar protein sorting-associated protein 29, transcript variant X2","liver"
"LOC115140043",58.9305124354894,0.136428853121969,0.216092496231652,0.631344704240524,0.527815162853142,0.769709401192759,"glycerol-3-phosphate acyltransferase 4, transcript variant X1","liver"
"LOC115103268",139.426872640922,0.136000625258649,0.119063171985698,1.14225602250027,0.253347615403909,0.54898717723888,"CMP-N-acetylneuraminate-beta-1,4-galactoside alpha-2,3-sialyltransferase-like, transcript variant X2","liver"
"LOC115111831",145.616988830966,0.135905046603441,0.143096605227957,0.94974333169498,0.342242686331828,0.623873519449254,"small integral membrane protein 15, transcript variant X1","liver"
"LOC115145280",223.288670764394,0.135872004756193,0.152918612125916,0.88852496676018,0.374258432075911,0.654430445792112,"60S ribosomal protein L36","liver"
"LOC115122412",78.5924119840677,0.135777843298228,0.0995133803001899,1.36441795956125,0.172436058645169,0.466699452216275,"acyl-CoA dehydrogenase family member 9, mitochondrial-like","liver"
"LOC115129441",278.863027983821,0.135471774886517,0.203727348374499,0.664966073369234,0.506072192976157,0.757363748897249,"ubiquitin-like protein 3","liver"
"LOC115139553",96.0431435837502,0.135451417104021,0.14673037242044,0.923131420370821,0.355938722292642,0.636040318359181,"protein disulfide-isomerase A6-like, transcript variant X2","liver"
"LOC115129291",90.7116833384546,0.135406099489492,0.129752494649014,1.04357222460941,0.296683349078286,0.590091121146007,"protein FAM199X-like, transcript variant X3","liver"
"LOC115142878",73.9732581870121,0.135221810718252,0.140663784078309,0.961312192788531,0.336395219131119,0.617950638777758,"synaptophysin-like protein 1, transcript variant X2","liver"
"LOC115105363",69.0616910643044,0.135086531394308,0.115129319808665,1.17334603920887,0.240657066859921,0.536020194846327,"calcium uptake protein 2, mitochondrial-like","liver"
"LOC115130936",70.4037964982497,0.134903265029513,0.0974325973518598,1.38458040425972,0.16618080677898,0.458290235745009,"UBX domain-containing protein 1-like, transcript variant X1","liver"
"mpc2",200.152371770298,0.134895141556967,0.13762526268857,0.980162645445547,0.327005840174687,0.611979627914037,"mitochondrial pyruvate carrier 2","liver"
"ap1m1",90.5219267584282,0.134493440481349,0.0945207838312928,1.42289806569317,0.154765707066426,0.444242973241375,"adaptor related protein complex 1 subunit mu 1","liver"
"LOC115131437",723.6308112656,0.134326416589546,0.159505919461256,0.842140636806734,0.399709237316207,0.675742368851457,"60S ribosomal protein L15-like","liver"
"LOC115106552",88.8677826884281,0.134316523729861,0.100592616134127,1.33525231663891,0.181793779249248,0.476828471184,"3-phosphoinositide-dependent protein kinase 1-like","liver"
"gnpnat1",74.9641412886869,0.13380768096236,0.141236558644085,0.947401170397775,0.343434394962123,0.624370470056028,"glucosamine-phosphate N-acetyltransferase 1","liver"
"LOC115133435",283.768985199626,0.133606697544928,0.084456690143071,1.58195516919496,0.113659805123459,0.394843487389548,"cell death activator CIDE-B-like","liver"
"LOC115141973",65.2611543697944,0.133582294104871,0.122468859251591,1.09074498546973,0.275385110058103,0.572396587759729,"integral membrane protein 2C-like, transcript variant X1","liver"
"LOC115102631",78.0374255717273,0.133550606489433,0.108848292158279,1.22694259911064,0.219844166003104,0.515088075261921,"tensin-2-like, transcript variant X1","liver"
"LOC115105176",78.6669321378898,0.133267539577286,0.116310332909268,1.14579277905813,0.251880903677895,0.546695676146897,"vacuolar protein sorting-associated protein 41 homolog","liver"
"LOC115113540",140.715641116778,0.13314792329967,0.107958885727253,1.23332065167896,0.217456155914944,0.514503686801253,"cytochrome b-c1 complex subunit Rieske, mitochondrial-like","liver"
"LOC115101168",184.868955376364,0.133070508800526,0.144529222906816,0.920716974215814,0.357198211721352,0.637451799902028,"ATP-dependent RNA helicase DDX54-like","liver"
"LOC115124230",67.2329166071066,0.13296387513289,0.164815989140971,0.806741359414848,0.419815510210583,0.691660476806118,"serine-rich adhesin for platelets-like, transcript variant X5","liver"
"LOC115145042",9243.21853000262,0.132905872834129,0.184471178516143,0.720469581769914,0.47123592176012,0.729568582743055,"kininogen-1-like","liver"
"LOC115109482",84.7134491053738,0.132884793554948,0.117316686816121,1.13270155475179,0.257339604551682,0.554395469425293,"dnaJ homolog subfamily A member 2-like","liver"
"LOC115140869",31466.1479209623,0.132795128326458,0.111043282809298,1.19588618930256,0.23174097531301,0.526562154159259,"apolipoprotein C-I-like","liver"
"LOC115110416",249.018619341792,0.132786932509648,0.132072416827825,1.00541002958062,0.314699452374627,0.602661842209239,"MOB-like protein phocein, transcript variant X4","liver"
"LOC115102402",362.0205007974,0.132003745887747,0.167102247565938,0.78995793180854,0.429552336877327,0.697735722521961,"CCAAT/enhancer-binding protein beta-like","liver"
"LOC115134119",204.036610499136,0.131982434706318,0.124098628202468,1.06352855481196,0.287542322863182,0.583886746645261,"GTPase KRas, transcript variant X2","liver"
"LOC115140048",88.229244003449,0.131711278540705,0.122071925344403,1.07896453807136,0.280603536456613,0.578133197945517,"drebrin-like protein B, transcript variant X1","liver"
"LOC115143991",57.5971577443556,0.131653547269549,0.107896213361697,1.22018691080669,0.222394027644915,0.516511713208362,"vesicle transport through interaction with t-SNAREs homolog 1A-like, transcript variant X2","liver"
"LOC115117269",468.848306190734,0.131650841640528,0.126080654212003,1.04417955683478,0.296402323363746,0.590091121146007,"retinoic acid receptor RXR-beta-like","liver"
"LOC115110447",528.629665841514,0.131533444398738,0.110400054318392,1.19142554060162,0.233486571307878,0.528186511967417,"glutaryl-CoA dehydrogenase, mitochondrial-like","liver"
"bsdc1",114.632256273596,0.131529637446073,0.115712793334351,1.13669053918714,0.255667675719102,0.552838963517804,"BSD domain containing 1","liver"
"LOC115102722",88.3824089134319,0.131468531324859,0.261387638015937,0.502963844513729,0.614989692302805,0.831133284425144,"elongation factor 2-like","liver"
"imp4",60.6053245073539,0.131013811899902,0.131327369765364,0.997612395146407,0.318467348206271,0.604704843863596,"IMP U3 small nucleolar ribonucleoprotein 4, transcript variant X2","liver"
"LOC115118184",132.734652360638,0.130947265370596,0.111260706628276,1.17694080272285,0.239219134774564,0.533985319463922,"interleukin-6 receptor subunit beta-like","liver"
"LOC115110316",84.5830363407169,0.130872666058969,0.113872034208398,1.14929593529047,0.25043397359714,0.545539345742569,"transmembrane protein 184B-like, transcript variant X1","liver"
"LOC115124347",87.3967495712937,0.130676604141981,0.127953230404235,1.02128413428205,0.307119841052094,0.598746474685021,"caprin-1-like","liver"
"LOC115129186",358.966331011248,0.130594847996392,0.110556117942822,1.18125392268145,0.237501865865947,0.531899783115166,"transmembrane emp24 domain-containing protein 9","liver"
"LOC115133216",229.38802346786,0.130557525182,0.113214373592476,1.15318860175787,0.24883298091634,0.544413972203436,"ADP-ribosylation factor 4","liver"
"LOC115141500",138.294389899343,0.130064510247939,0.124130970964636,1.04780063538691,0.294730469711584,0.589635548521163,"NLR family member X1-like, transcript variant X3","liver"
"plek2",251.379611426046,0.129968738277999,0.234299092446386,0.554712939435478,0.579091024235457,0.803012128208193,"pleckstrin 2","liver"
"LOC115146154",68.1918462391488,0.129914322093396,0.0911370597007049,1.42548292121817,0.154017653529802,0.444006832320837,"serine/threonine-protein phosphatase 2A 56 kDa regulatory subunit epsilon isoform, transcript variant X1","liver"
"LOC115142404",82.6819429072291,0.129777043289299,0.143253154719979,0.905927995393734,0.364973965361245,0.645674428304008,"stromal membrane-associated protein 1-like","liver"
"LOC115114170",6859.30438259797,0.129590221122932,0.170969111173498,0.757974468215053,0.448466267557454,0.711086038234986,"serine--pyruvate aminotransferase-like","liver"
"saraf",222.575591339847,0.129297984709473,0.0853183583131907,1.51547670707446,0.12965172474221,0.413829624157594,"store-operated calcium entry associated regulatory factor","liver"
"LOC115146573",87.9570299778043,0.129240479167625,0.210603539350137,0.613667175615496,0.539435283261947,0.773215962598105,"transmembrane protein 134-like","liver"
"LOC115104330",66.116089175392,0.129208575810121,0.124823396608745,1.03513106773661,0.300607705358949,0.593641960776684,"nucleolar transcription factor 1-like, transcript variant X6","liver"
"LOC115110115",162.279407606601,0.128738709854603,0.16752841429412,0.768458953050098,0.442214567780677,0.707440917137375,"cyclic AMP-dependent transcription factor ATF-4-like, transcript variant X3","liver"
"apof",790.426836498376,0.128669666007139,0.149836430634115,0.858734190761234,0.390487182491708,0.666789172951906,"apolipoprotein F","liver"
"LOC115119687",112.227549076591,0.128312702546045,0.185889800695954,0.690262198709419,0.490029315115716,0.74528339119838,"surfeit locus protein 1","liver"
"LOC115128685",71.3988038265009,0.128259207308615,0.118321470746702,1.08398929204647,0.278369546601663,0.576541804851819,"protein lifeguard 1-like, transcript variant X1","liver"
"LOC115135860",849.180405424162,0.128256601410156,0.102631148654711,1.24968494547068,0.211414658840075,0.510199022754378,"solute carrier family 13 member 5-like, transcript variant X2","liver"
"pfdn5",93.9796628763497,0.12819391481942,0.121640385791122,1.05387625981023,0.291939573251971,0.587627506456807,"prefoldin subunit 5","liver"
"LOC115136081",76.08274847344,0.128138330158663,0.29170581569863,0.439272456230514,0.660464129580011,0.854759755834176,"ubiquitin carboxyl-terminal hydrolase 2-like","liver"
"LOC115133600",153.995908744609,0.127959611368084,0.0970648587344601,1.31828978104365,0.187406660490615,0.482850536131319,"DNA-directed RNA polymerase II subunit RPB1-like","liver"
"amacr",134.775460977685,0.127846830920052,0.093161327912086,1.37231653718695,0.169964919719496,0.464016753366823,"alpha-methylacyl-CoA racemase, transcript variant X2","liver"
"LOC115141347",119.551068542352,0.127809282560243,0.0955373409939108,1.33779401049469,0.180963594898271,0.476599777265298,"COP9 signalosome complex subunit 7a-like","liver"
"LOC115111382",155.452503679807,0.127417084194575,0.211174754496506,0.60337271137532,0.546260771698644,0.777429785420277,"beta,beta-carotene 9',10'-oxygenase-like, transcript variant X2","liver"
"LOC115110285",121.185227742065,0.127387802594901,0.0977849807136589,1.30273383156793,0.192665647645913,0.488356657858059,"V-type proton ATPase 116 kDa subunit a-like, transcript variant X2","liver"
"LOC115106814",253.537298469847,0.127291012636445,0.146745023269669,0.867429843958155,0.385706535804383,0.66277343806359,"fatty aldehyde dehydrogenase-like, transcript variant X2","liver"
"LOC115105469",99.3640711762075,0.127174251395073,0.146791982522203,0.866356930466802,0.386294455095966,0.66277343806359,"derlin-2","liver"
"LOC115107064",57.5091534690622,0.126919813244631,0.408981401456205,0.310331503566481,0.756308876528091,0.908746723189786,"insulin-like growth factor I, transcript variant X1","liver"
"LOC115113567",141.709528444894,0.126723817122575,0.0956453756086683,1.32493407356216,0.185193018329212,0.479980727834032,"cytosolic iron-sulfur assembly component 2B-like","liver"
"LOC115132306",64.4026318745514,0.126462729637602,0.155741734295851,0.812002834111051,0.416790005264287,0.690864604089969,"forkhead box protein P1-B-like, transcript variant X3","liver"
"LOC115129381",115.877638944506,0.126302214902493,0.106092719423347,1.1904889948056,0.233854252956256,0.528375795482094,"tetraspanin-7-like","liver"
"LOC115135101",357.072360285151,0.126203219870102,0.113085174465431,1.11600146055115,0.264421509420392,0.561930173304232,"multiple inositol polyphosphate phosphatase 1-like, transcript variant X2","liver"
"LOC115129593",79.054003547975,0.126176700238214,0.101938910653534,1.23776779081992,0.215802174566829,0.514186959807711,"ubiquitin-conjugating enzyme E2 A","liver"
"LOC115107698",729.611553410706,0.126025256438381,0.20560098717788,0.612960366427365,0.53990254636249,0.773215962598105,"protein LEG1 homolog","liver"
"LOC115132516",80.0278811179255,0.125981001662713,0.271019780733677,0.464840615403314,0.642045599740415,0.844861624160791,"glucose-6-phosphate 1-dehydrogenase-like, transcript variant X3","liver"
"LOC115145085",80.4493280400165,0.125977048369518,0.173530927643302,0.725963089579443,0.467861398323917,0.726754214774498,"histone H2A deubiquitinase MYSM1-like","liver"
"LOC115101228",57.4248886330318,0.125907811533782,0.0942510901069018,1.33587644865406,0.181589659983564,0.476599777265298,"bromodomain-containing protein 3-like, transcript variant X3","liver"
"LOC115106333",64.6923425276081,0.125875823850838,0.116440727870928,1.08102917383313,0.279684136555552,0.577796523365651,"ER membrane protein complex subunit 2, transcript variant X1","liver"
"LOC115105757",81.7369930544269,0.125704092490309,0.117625523430762,1.0686804090126,0.285213702195749,0.582393425434705,"non-POU domain-containing octamer-binding protein-like, transcript variant X1","liver"
"LOC115129650",239.607511289562,0.125569589778202,0.128684060729707,0.975797539074815,0.329164804527343,0.613285735480822,"kynureninase-like","liver"
"LOC115146196",118.947245365646,0.12554192332768,0.144677450106473,0.867736632317544,0.385538526991513,0.66277343806359,"60 kDa lysophospholipase-like, transcript variant X3","liver"
"LOC115139612",93.7681877096368,0.125449290447145,0.281161630042591,0.446182113925507,0.655465701782863,0.853670707268556,"pepsin A-like","liver"
"LOC115122039",65.027145758303,0.125438846238926,0.112523977394359,1.11477437203721,0.264947121338088,0.562460659673982,"telomerase RNA component interacting RNase-like","liver"
"LOC115107740",3435.43515505223,0.125317649798025,0.0936891072619797,1.33759039295362,0.181029997874021,0.476599777265298,"plasminogen-like","liver"
"LOC115137942",7634.90013679998,0.125185796264373,0.149628141378538,0.836646068787759,0.402791542171211,0.677474617813841,"purine nucleoside phosphorylase-like","liver"
"LOC115134394",241.98893001026,0.124911941149484,0.141655047173305,0.881803674786559,0.377882984083336,0.65792102933463,"microtubule-associated proteins 1A/1B light chain 3B-like","liver"
"LOC115119515",141.382926805524,0.124576977849261,0.100117438404628,1.24430848246215,0.213386050339129,0.512113441838229,"transmembrane 9 superfamily member 4","liver"
"LOC115114563",59.2111923152307,0.124478916286526,0.114378763308636,1.08830444293786,0.276460729807006,0.57404683377145,"ATP-binding cassette sub-family B member 8, mitochondrial-like, transcript variant X2","liver"
"LOC115110162",149.785154948955,0.124464614399808,0.282632754186624,0.440375761677019,0.659664977003118,0.854670834794885,"proline-rich protein 15-like protein A","liver"
"LOC115118793",124.414704089861,0.124410158295333,0.147880492419385,0.84128850438575,0.400186329088822,0.675988179596368,"transmembrane emp24 domain-containing protein 2-like","liver"
"erp44",165.212430063575,0.124288619614037,0.135296820535581,0.918636662133169,0.3582856490101,0.63865893305983,"endoplasmic reticulum protein 44","liver"
"LOC115141406",83.4238118079515,0.1239110845617,0.117800459620276,1.05187267487004,0.292857970168938,0.588604086000291,"putative RNA-binding protein Luc7-like 2","liver"
"LOC115128548",83.5703578605841,0.123766408098504,0.163841194971337,0.755404696115383,0.450006196363741,0.712320487914023,"CTP synthase 1-like, transcript variant X2","liver"
"LOC115107612",66.3914893826095,0.123642686854094,0.108234766329224,1.14235648163181,0.253305872567471,0.54898717723888,"14-3-3 protein zeta-like, transcript variant X1","liver"
"tpra1",112.879595673935,0.123604154208049,0.109650932938278,1.12725127726569,0.259636255981276,0.557868940105262,"transmembrane protein adipocyte associated 1","liver"
"LOC115102162",120.503581896368,0.123591510389936,0.101439442244301,1.21837726682572,0.223080639891224,0.516643694750874,"charged multivesicular body protein 4b-like","liver"
"mrps34",94.6843625583684,0.123344249574792,0.142573256968658,0.86512893229273,0.386968026386981,0.663069184036201,"mitochondrial ribosomal protein S34","liver"
"LOC115102288",78.1200649038758,0.123287254898935,0.110915841013607,1.11153874660528,0.266336521660113,0.563006462704206,"E3 ubiquitin-protein ligase Itchy-like, transcript variant X1","liver"
"LOC115136845",91.8205323787285,0.123153661202872,0.141660235194355,0.869359429157434,0.384650566577161,0.66181330070431,"DCN1-like protein 5, transcript variant X5","liver"
"LOC115119181",307.388478546153,0.12290532490864,0.164290067468673,0.748099546140093,0.454400115761471,0.717254363923686,"D-dopachrome decarboxylase-A-like","liver"
"LOC115115533",61.1822043216739,0.122806042884177,0.12128339785268,1.01255443909435,0.311273031375911,0.601817480450145,"myomegalin-like, transcript variant X4","liver"
"LOC115127300",7110.42337776125,0.12278226295307,0.165420778958477,0.742242079417909,0.457940677690756,0.718606378374628,"uncharacterized LOC115127300","liver"
"LOC115139683",86.8582221311588,0.122568147782451,0.0865901082822855,1.41549826202869,0.156922457618592,0.446659174059623,"pumilio homolog 2-like, transcript variant X11","liver"
"LOC115119394",206.519970197664,0.122435937752273,0.199066506480104,0.615050416653138,0.538521425593907,0.773215962598105,"uncharacterized LOC115119394, transcript variant X1","liver"
"LOC115140304",681.877750772856,0.122413489763985,0.14018936794246,0.873200953543278,0.382553555201507,0.6616067391248,"60S ribosomal protein L37-like","liver"
"LOC115111637",69.1375746109194,0.121944353313928,0.118735306713874,1.02702689443324,0.30440780025517,0.597110690743404,"MOB kinase activator 1A","liver"
"gns",68.7866287490622,0.121577914733654,0.152728181748626,0.796041132302339,0.426008128243337,0.696588509174171,"glucosamine (N-acetyl)-6-sulfatase","liver"
"LOC115128437",72.4012429037519,0.121563038555691,0.224093089495342,0.542466699126917,0.58749704208956,0.808596260799826,"phosphatidylinositol 4-kinase beta-like","liver"
"LOC115106835",108.153044916008,0.121393294052826,0.0878698967305564,1.38151174144504,0.167121670180684,0.459483178110225,"transcription initiation factor TFIID subunit 12-like, transcript variant X1","liver"
"LOC115141057",135.415140135947,0.121183604633766,0.105426432195307,1.14946130785558,0.250365812502739,0.545539345742569,"induced myeloid leukemia cell differentiation protein Mcl-1 homolog","liver"
"LOC115103811",332.407146553331,0.121172908972543,0.162702241896075,0.744752546494974,0.456421326759055,0.718290860181432,"probable ATP-dependent RNA helicase DDX5","liver"
"LOC115101414",204.678693242277,0.121163372564596,0.133011272171482,0.910925597406431,0.362334577437509,0.643518839928229,"eukaryotic translation initiation factor 1A, X-chromosomal-like, transcript variant X1","liver"
"LOC115131613",1203.59194101517,0.121151881504234,0.14549338849704,0.832696817056395,0.405015740095791,0.679080278334201,"BOLA class I histocompatibility antigen, alpha chain BL3-7-like, transcript variant X2","liver"
"LOC115140086",60.3129272067519,0.120829393525754,0.136618854235811,0.88442692775915,0.376465792143227,0.656319319407952,"MOB kinase activator 1A","liver"
"LOC115111497",91.2340752810977,0.120818357571781,0.101273994929847,1.19298500721209,0.232875244855828,0.527687459896506,"RING finger protein 10-like","liver"
"keap1",380.619923981671,0.120818272122772,0.161860939718301,0.746432538529937,0.455406169507925,0.717524370666526,"kelch like ECH associated protein 1","liver"
"LOC115106795",59.5153784292255,0.120681515085812,0.170107382290744,0.709443137979427,0.478049526029793,0.733165339596667,"CTP synthase 1-like, transcript variant X1","liver"
"tmem59",227.343213804228,0.120635392572846,0.101430434313947,1.18934118136038,0.23430543629424,0.528808947029526,"transmembrane protein 59","liver"
"LOC115104093",2009.00229147521,0.12053754129886,0.132798935912109,0.907669481468103,0.36405287260629,0.644884619184371,"60S ribosomal protein L19-like","liver"
"LOC115143174",80.8883605309104,0.120456910124947,0.119122169895638,1.01120480117579,0.311918418347811,0.601817480450145,"signal transducer and activator of transcription 1-alpha/beta-like, transcript variant X1","liver"
"LOC115103004",125.787302637122,0.120163413698275,0.131223585395565,0.915715062471813,0.359816362722292,0.640441700635835,"proteasome subunit alpha type-7","liver"
"LOC115120412",271.441814719146,0.120055198334724,0.138815714876713,0.864853078351745,0.387119433974162,0.663069184036201,"RPE-retinal G protein-coupled receptor-like, transcript variant X3","liver"
"LOC115143065",144.964756467777,0.1198944664811,0.0974508191618229,1.23030742596436,0.218582004558246,0.514503686801253,"carboxy-terminal domain RNA polymerase II polypeptide A small phosphatase 2-like","liver"
"LOC115129178",68.8316997821497,0.119825948777218,0.122909505591653,0.974911974467789,0.32960392579481,0.613285735480822,"polyadenylate-binding protein-interacting protein 2-like","liver"
"LOC115146300",282.436034075417,0.119592291059928,0.148619662236226,0.804686871578544,0.421000397382533,0.692213642489393,"microsomal glutathione S-transferase 3-like","liver"
"LOC115143072",133.096964008715,0.119454562906154,0.141782607586654,0.842519156188784,0.399497421713538,0.67566451904746,"SAP domain-containing ribonucleoprotein-like, transcript variant X2","liver"
"LOC115110751",222.089727561077,0.119204984131854,0.149234594781359,0.798775808695691,0.424420420178246,0.695405793425631,"serine/threonine-protein phosphatase alpha-2 isoform-like, transcript variant X1","liver"
"LOC115112951",353.575323816203,0.119122034111054,0.0698911933078164,1.70439262048959,0.0883077616552124,0.353721798164998,"glycine N-acyltransferase-like, transcript variant X4","liver"
"LOC115132210",837.856532368402,0.119096095285077,0.105258313395866,1.13146497832592,0.257859435831678,0.55522190198094,"properdin-like","liver"
"virma",70.1167463721452,0.118852220052352,0.106483229750528,1.11615904523935,0.264354061611395,0.561930173304232,"vir like m6A methyltransferase associated","liver"
"LOC115114676",264.534565516682,0.118836159297877,0.293547229805289,0.404828072731947,0.685603892113582,0.869229610243837,"putative leucine-rich repeat-containing protein DDB_G0290503","liver"
"LOC115117582",93.0437707605463,0.118739025909156,0.114872828027314,1.03365633064177,0.301296855048277,0.594139323259205,"NADH dehydrogenase [ubiquinone] 1 alpha subcomplex subunit 3-like","liver"
"LOC115103809",135.965101916558,0.118717943253667,0.162281312397909,0.731556465125045,0.464439328468841,0.722264289522699,"signal recognition particle subunit SRP68-like","liver"
"LOC115141324",142.336809483234,0.118619789128001,0.155582060719566,0.762425877246934,0.445805866646106,0.709252424843687,"triosephosphate isomerase B-like","liver"
"LOC115106417",259.735967901763,0.118526024698224,0.15601134313845,0.75972696801309,0.447417805260615,0.710707316540244,"somatostatin receptor type 2-like","liver"
"LOC115120078",121.573835351881,0.118220883286171,0.171123131820509,0.690852732932524,0.489658092686337,0.745274976022968,"biorientation of chromosomes in cell division protein 1-like, transcript variant X2","liver"
"LOC115101021",267.963628278492,0.117676221310015,0.115802068428002,1.01618410540895,0.30954172392906,0.600632855049678,"cytochrome c oxidase subunit 5B, mitochondrial-like","liver"
"LOC115120624",84.5553741451178,0.117541853123818,0.0899595218052264,1.30660824741055,0.191345794170395,0.486844854580855,"RNA exonuclease 4-like","liver"
"LOC115128583",106.317699107614,0.117493659476514,0.116209100844709,1.01105385570036,0.311990654169614,0.601817480450145,"28S ribosomal protein S18b, mitochondrial-like","liver"
"tfb2m",83.649132847139,0.117474189903949,0.116223324683794,1.01076260056712,0.3121300671422,0.601817480450145,"transcription factor B2, mitochondrial, transcript variant X1","liver"
"tardbp",107.31957633321,0.117398711864396,0.090966821146737,1.29056627883063,0.196854115351081,0.493770691797542,"TAR DNA binding protein, transcript variant X2","liver"
"LOC115104066",331.985282609944,0.117262354959939,0.0873057258266584,1.34312330433812,0.179232050672478,0.475752428727641,"ATP synthase F(0) complex subunit C3, mitochondrial-like","liver"
"LOC115142669",2371.42399772196,0.117261885338254,0.433562370762056,0.270461398972765,0.78680530981245,0.923982559860941,"uncharacterized LOC115142669","liver"
"LOC115102695",316.257014574149,0.117216922214132,0.117707855907717,0.9958292189608,0.319333130851477,0.604704843863596,"myosin light polypeptide 6, transcript variant X3","liver"
"LOC115105110",93.9381020870915,0.117139690947687,0.116581423464467,1.00478864871118,0.314998630914054,0.602661842209239,"rho GTPase-activating protein 12-like, transcript variant X1","liver"
"fahd1",222.011165407918,0.116912510421644,0.135696028776224,0.86157650651991,0.388920603781914,0.665228863203979,"fumarylacetoacetate hydrolase domain containing 1","liver"
"LOC115130449",278.663608930458,0.116868286017617,0.0938546325999603,1.24520530079478,0.213056294625052,0.512038594865395,"zinc finger CCCH domain-containing protein 15-like","liver"
"LOC115130242",151.6363044447,0.116857391366268,0.147904260086607,0.790088069794888,0.429476336690604,0.697735722521961,"isocitrate dehydrogenase [NADP] cytoplasmic-like, transcript variant X2","liver"
"ddx24",205.040905465891,0.11647195934962,0.113485143580597,1.02631900242432,0.304741243119472,0.597110690743404,"DEAD-box helicase 24","liver"
"LOC115110996",69.2622174920471,0.11635214295617,0.197003144826341,0.590610586743347,0.554781369785914,0.782250760109554,"immediate early response 3-interacting protein 1","liver"
"LOC115114132",358.544180576282,0.11612715643647,0.0939723330133047,1.23575900174819,0.216548158643349,0.514364973560776,"profilin-2-like, transcript variant X1","liver"
"adamts13",263.653715679155,0.115883262702536,0.0894856032825872,1.29499336710719,0.19532251762761,0.491137928346786,"ADAM metallopeptidase with thrombospondin type 1 motif 13","liver"
"LOC115120150",155.317984740523,0.115665357230368,0.11837298014189,0.977126343289855,0.328506607438888,0.613285735480822,"vesicle-associated membrane protein-associated protein A-like","liver"
"LOC115144155",355.33947093047,0.115631488827373,0.262284729140404,0.440862452062447,0.659312577951532,0.854596863619836,"sulfotransferase family cytosolic 2B member 1-like","liver"
"LOC115130480",110.235240681381,0.115617500340201,0.0966461578247064,1.19629691384012,0.231580712681673,0.526562154159259,"protein FAM199X, transcript variant X1","liver"
"LOC115135924",1479.38690387632,0.115583101227699,0.247298221666225,0.467383471053422,0.640225546162166,0.843720700940341,"polyubiquitin-B","liver"
"LOC115106911",1693.94527394678,0.115050818648718,0.276038894035254,0.416792057694682,0.676830512271742,0.86413714634781,"peroxisomal succinyl-coenzyme A thioesterase-like, transcript variant X1","liver"
"dao",136.61945884646,0.114941129082309,0.182738078334725,0.628993859023565,0.529353076582946,0.769709401192759,"D-amino acid oxidase, transcript variant X4","liver"
"slc17a5",79.0362077988805,0.114679486180414,0.185844788471366,0.61707130516648,0.537187694534677,0.773155735495531,"solute carrier family 17 member 5, transcript variant X1","liver"
"LOC115118672",248.413540135068,0.114402864623327,0.169048402354069,0.676746204224468,0.498566995522245,0.751593236245278,"dolichyl-diphosphooligosaccharide--protein glycosyltransferase subunit 2-like, transcript variant X1","liver"
"LOC115118818",107.771245205016,0.11386954036038,0.154199746146443,0.738454784823304,0.460238133667596,0.718606378374628,"zinc finger protein 706-like, transcript variant X2","liver"
"nfil3",95.8858015299731,0.113840831712271,0.125267806586524,0.908779636319721,0.363466457738727,0.644440367180743,"nuclear factor, interleukin 3 regulated, transcript variant X1","liver"
"LOC115109980",77.398936924789,0.113830684783757,0.129365039104756,0.879918450699659,0.378903488673353,0.658661272964502,"protein arginine N-methyltransferase 1, transcript variant X2","liver"
"LOC115137149",190.070280741728,0.113762504794329,0.136023558539311,0.83634413050186,0.402961333340421,0.677474617813841,"RNA-binding protein FUS-like, transcript variant X3","liver"
"aifm1",62.1514600687595,0.113741371938547,0.129618394409833,0.877509495904682,0.380209963355252,0.659608891016053,"apoptosis inducing factor mitochondria associated 1, transcript variant X1","liver"
"LOC115109887",81.2147102399517,0.113497779358971,0.103479428335407,1.09681490499823,0.272722313222887,0.570644840193268,"RING-box protein 1","liver"
"LOC115101325",92.0602686945075,0.113477747351248,0.0951403263651217,1.19274078287006,0.232970908175711,0.527687459896506,"U4/U6.U5 tri-snRNP-associated protein 1-like","liver"
"id2",146.409174040627,0.113405959031201,0.166216415616125,0.682278935030769,0.495062590324487,0.749303794341853,"inhibitor of DNA binding 2, transcript variant X2","liver"
"LOC115102194",84.5624573610561,0.113069626146293,0.138254031941788,0.817839628676442,0.413448766471683,0.687282696630742,"acetyl-coenzyme A synthetase, cytoplasmic-like, transcript variant X2","liver"
"LOC115124764",61.8707599584017,0.113031251249815,0.137178229213114,0.823973686627892,0.409954509418051,0.683763649741703,"integral membrane protein DGCR2/IDD-like, transcript variant X6","liver"
"LOC115111267",86.0850208372252,0.112979347500887,0.139834193113535,0.807952225312699,0.419118085054221,0.69146125084874,"transmembrane emp24 domain-containing protein 7-like","liver"
"LOC115106897",69.9197232808541,0.112860104658122,0.167580416396281,0.673468338873433,0.500649384731032,0.753284197919411,"V-type proton ATPase subunit F-like","liver"
"LOC115113079",118.288853254313,0.112692158401926,0.11703003895605,0.962933614370982,0.335580839233452,0.617529345695508,"peroxiredoxin-like 2A, transcript variant X2","liver"
"LOC115112450",81.2808609463421,0.112414282836809,0.0975328872032581,1.1525782334582,0.249083541592173,0.544547702597072,"transmembrane protein 9B-like","liver"
"LOC115119774",102.314389728995,0.112357935481498,0.130942168363146,0.858072971343292,0.390852171055795,0.667132935185687,"golgin subfamily A member 2-like, transcript variant X2","liver"
"idi1",241.909025261209,0.112182157582237,0.447675321302032,0.250588210348435,0.802132497729277,0.930948764448899,"isopentenyl-diphosphate delta isomerase 1, transcript variant X1","liver"
"LOC115133484",72.9254622088705,0.111910730512776,0.112381193514198,0.99581368566474,0.3193406794681,0.604704843863596,"RNA-binding protein 4B-like, transcript variant X1","liver"
"immt",225.371589890739,0.111894695873494,0.118592844657337,0.943519789889541,0.345415097724921,0.625460656742238,"inner membrane mitochondrial protein, transcript variant X2","liver"
"LOC115138064",61.6297304659962,0.111749465082814,0.123576934012439,0.904290642714647,0.365841307206222,0.645866505192127,"insulin receptor substrate 1-B-like, transcript variant X1","liver"
"LOC115114709",197.87106778307,0.111507972137491,0.288787457453113,0.386124706110533,0.699404313197131,0.878359688644006,"phospholipid hydroperoxide glutathione peroxidase-like, transcript variant X1","liver"
"LOC115103821",230.496136614936,0.111441460170059,0.163970580903245,0.679643016181167,0.496730525430118,0.750991699426247,"E3 ubiquitin/ISG15 ligase TRIM25-like, transcript variant X1","liver"
"LOC115120140",383.202624803862,0.11140002544313,0.132792173575792,0.838905053237552,0.401522591910327,0.677062232707639,"transmembrane 6 superfamily member 2-like","liver"
"agt",6424.07048521879,0.111065008006082,0.111398106708643,0.99700983515427,0.318759736049004,0.604704843863596,"angiotensinogen","liver"
"LOC115119450",62.2487924673591,0.110734226770645,0.0994856667214992,1.11306714243203,0.265679594112134,0.562909598388969,"leukocyte receptor cluster member 9-like, transcript variant X2","liver"
"LOC115144627",101.095167925045,0.110407991609845,0.149930359446835,0.736395163842684,0.461490246945593,0.719599941296954,"cystatin-like","liver"
"LOC115116690",82.8996257318968,0.110299887920515,0.179517310373442,0.614424802215803,0.538934650387595,0.773215962598105,"lysosome-associated membrane glycoprotein 1-like","liver"
"LOC115136070",129.225311459263,0.110283235168101,0.0911082117716631,1.21046427126124,0.226100792612555,0.521083623301105,"mitochondrial import inner membrane translocase subunit Tim17-A","liver"
"LOC115111722",145.346096119792,0.110203006432496,0.113464709805952,0.971253587313326,0.331422014796925,0.614313839159739,"dynein light chain 1, cytoplasmic","liver"
"htatsf1",86.4770483413275,0.11016330883898,0.130226891734295,0.845933642213847,0.39758976358733,0.673836123235741,"HIV-1 Tat specific factor 1, transcript variant X2","liver"
"LOC115143523",100.223848660521,0.11015373721657,0.281294958387518,0.391595135042625,0.695357383076376,0.875858063479391,"PRELI domain containing protein 3B-like","liver"
"LOC115110448",175.651196380959,0.11014618873037,0.125939805692167,0.874593923065103,0.3817948954771,0.661366763265898,"choline transporter-like protein 2, transcript variant X1","liver"
"LOC115120914",147.980936103419,0.109766296883608,0.108031133452703,1.01606169791475,0.309600006982182,0.600632855049678,"ras-related protein rab7-like, transcript variant X2","liver"
"LOC115123229",83.2351355774517,0.109396293122911,0.132538150681879,0.825394745287237,0.409147517220318,0.683477573848367,"endothelial differentiation-related factor 1 homolog, transcript variant X2","liver"
"LOC115132307",58.0155156657924,0.108946328420342,0.106448241532679,1.0234676200536,0.306086801976402,0.598503180422,"eukaryotic translation initiation factor 4E type 3-like","liver"
"rbks",259.455414849616,0.108919933933825,0.0918286682925641,1.18612124033868,0.235574423559359,0.529846504573023,"ribokinase, transcript variant X1","liver"
"LOC115102044",141.961759153878,0.108565019531211,0.0912703348812133,1.18948856353498,0.234247468718307,0.528808947029526,"14-3-3 protein beta/alpha-2","liver"
"LOC115109492",207.226579688306,0.108426909987248,0.111492351297545,0.972505366739317,0.330799196297212,0.613717580385724,"26S proteasome non-ATPase regulatory subunit 7-like","liver"
"atic",185.333131511871,0.108405452261826,0.154603884358473,0.70118194450064,0.483189476246562,0.738739799392718,"5-aminoimidazole-4-carboxamide ribonucleotide formyltransferase/IMP cyclohydrolase","liver"
"LOC115129532",233.681051856222,0.10809777739302,0.137823355959025,0.784321181564884,0.432851673762519,0.699899417378417,"calnexin-like, transcript variant X3","liver"
"LOC115141342",268.466398989275,0.107852651419079,0.211190637485614,0.510688602028707,0.609569123137187,0.82682320995247,"uncharacterized LOC115141342, transcript variant X1","liver"
"LOC115146282",314.392240572954,0.107672612929999,0.0882070256954457,1.22068068933377,0.222206942017426,0.51642870199588,"KH domain-containing, RNA-binding, signal transduction-associated protein 1-like, transcript variant X5","liver"
"LOC115118439",94.3075794498797,0.107540734121186,0.115286515886877,0.93281276907274,0.350916647161515,0.631465354488904,"Golgi phosphoprotein 3, transcript variant X2","liver"
"LOC115144746",621.569072975023,0.107336159323751,0.140699784661825,0.76287365742411,0.445538747781239,0.709104231142651,"40S ribosomal protein S13-like","liver"
"LOC115105558",119.103638202039,0.107152058472493,0.160180973815557,0.668943732330378,0.503531371852884,0.756224713217522,"protein eva-1 homolog B-like, transcript variant X2","liver"
"LOC115111366",13589.4154861919,0.106681643208228,0.259106305760729,0.411729243311984,0.680537888276911,0.866564333838391,"alpha-1-antitrypsin-like protein CM55-ST","liver"
"LOC115123596",111.102953966735,0.106496758372998,0.127051284509618,0.838218667241695,0.401907904833055,0.677212327449166,"bromodomain-containing protein 3-like, transcript variant X1","liver"
"LOC115135742",173.161468037541,0.106428782915932,0.0993424034366923,1.07133287734231,0.284019781930452,0.581156943347651,"protein YIPF6","liver"
"LOC115113103",200.367386985511,0.10597753675725,0.105062131556672,1.00871298903816,0.313112300582906,0.602462265574022,"voltage-dependent anion-selective channel protein 2-like","liver"
"LOC115134338",883.053516007347,0.105930550649108,0.241690187995517,0.43829065436067,0.661175599766571,0.854759755834176,"carboxylesterase 5A-like, transcript variant X1","liver"
"LOC115125022",283.532528550915,0.105828555541343,0.151534942397169,0.698377244661957,0.484941303281806,0.740307397818966,"uncharacterized LOC115125022","liver"
"LOC115143450",283.004001428219,0.105753038438718,0.115964880136893,0.911940221159021,0.36180018696072,0.642849852681733,"TAR DNA-binding protein 43-like, transcript variant X1","liver"
"LOC115141129",100.308074049544,0.105735821803521,0.090648737353243,1.16643457913249,0.243438784596755,0.536838563244212,"septin-7, transcript variant X1","liver"
"LOC115142750",62.9220886344302,0.105484018990783,0.10397020226827,1.01456010173576,0.310315566285456,0.601734656603006,"ubiquitin-conjugating enzyme E2 R2-like","liver"
"LOC115134122",88.3591088023657,0.105424732803731,0.247556186763262,0.425861838405794,0.670208523681362,0.860671059396734,"fatty acyl-CoA hydrolase precursor, medium chain-like, transcript variant X1","liver"
"comtd1",73.4867044813726,0.105242078754677,0.170370613963093,0.617724361652386,0.536757050337016,0.773111844948287,"catechol-O-methyltransferase domain containing 1, transcript variant X3","liver"
"LOC115132366",197.977165647914,0.105214881864912,0.127619059654973,0.824444892082484,0.409686815996493,0.683763649741703,"ras-related protein Rap-1A-like, transcript variant X2","liver"
"LOC115143334",63.5112401263357,0.104955895226431,0.223707438191046,0.469165871618441,0.638951077892975,0.843720700940341,"dolichyl-diphosphooligosaccharide--protein glycosyltransferase subunit 1-like","liver"
"LOC115118137",60.7027353820465,0.104908848493759,0.230636328377625,0.454866972743295,0.649204944784275,0.849294294651073,"dual specificity protein phosphatase 7-like","liver"
"LOC115133351",69.8732232295095,0.104790478588339,0.140056737286335,0.748200198139005,0.454339411521705,0.717254363923686,"H/ACA ribonucleoprotein complex subunit 3-like","liver"
"LOC115102666",187.51856842684,0.104634797190123,0.13230719400211,0.790847375906516,0.429033060055722,0.697735722521961,"signal transducer and activator of transcription 6-like, transcript variant X1","liver"
"LOC115132635",24226.6206561922,0.104628537662305,0.159421960927167,0.656299402251768,0.511631502084096,0.760144684417698,"hemopexin-like","liver"
"LOC115121568",89.5877502659447,0.104313565665531,0.146141409564936,0.713785134385068,0.475360053298187,0.732344393512047,"V-type proton ATPase subunit e 1-like","liver"
"LOC115141195",96.9609713750276,0.10428113853349,0.179361957263102,0.581400538468265,0.560970534638827,0.787367733880117,"probable aminopeptidase NPEPL1","liver"
"LOC115142607",206.274107848292,0.104267582995648,0.132597522500313,0.78634638890332,0.431664582391119,0.699032514035041,"testis-expressed protein 2-like, transcript variant X2","liver"
"LOC115112086",59.8301593793007,0.10420634599913,0.117510404748795,0.886783993484619,0.375195206932394,0.655029417315574,"mitochondrial carrier homolog 2-like","liver"
"LOC115141522",216.184267030422,0.104194139002264,0.0841856951644481,1.23767035241238,0.215838316539154,0.514186959807711,"cleft lip and palate transmembrane protein 1 homolog","liver"
"mphosph8",70.5857209422245,0.103986130713522,0.133172964349635,0.780835143389279,0.4348994615022,0.701463229136502,"M-phase phosphoprotein 8, transcript variant X1","liver"
"LOC115114723",2878.46326221188,0.103841490674968,0.132775003923693,0.782086142770115,0.434163949933343,0.700852380169627,"elongation factor 2-like","liver"
"LOC115118965",179.427380633216,0.103620071049594,0.15259891769723,0.679035425763541,0.497115415880846,0.7512949333075,"profilin-2-like","liver"
"c8a",789.957807261447,0.103335169049035,0.127245831356643,0.812090800518315,0.41673953150231,0.690864604089969,"complement C8 alpha chain","liver"
"LOC115124220",117.39096235396,0.103286459563257,0.126819593632899,0.814436134074338,0.415395145413525,0.689393571948505,"HBS1-like protein","liver"
"LOC115134965",155.811344031008,0.103172829954519,0.12944763348021,0.797023685800265,0.425437275384358,0.696418608219535,"annexin A11-like, transcript variant X1","liver"
"ncstn",208.867304090184,0.10285305201494,0.105299182532289,0.976769710281477,0.328683174753382,0.613285735480822,"nicastrin","liver"
"LOC115129184",179.646298858984,0.102604645208431,0.208228891941113,0.492749321441176,0.622189723271249,0.834934682276343,"solute carrier family 25 member 48-like","liver"
"LOC115130629",81.2510806467127,0.102450777455194,0.117703009099419,0.870417657450526,0.384072200532071,0.66181330070431,"transmembrane 9 superfamily member 2-like, transcript variant X1","liver"
"LOC115118403",193.585625480442,0.102447467438185,0.0875246455619007,1.17049851251018,0.241800412407726,0.536838563244212,"proteasome subunit alpha type-2","liver"
"LOC115102834",60.9818211070143,0.102393984744088,0.256393142197784,0.399363196169656,0.689625608160844,0.871170938403415,"eukaryotic translation initiation factor 3 subunit F-like, transcript variant X1","liver"
"fam133b",502.620259698261,0.102314069184338,0.0905575483721667,1.12982375322105,0.258550497175169,0.556415959073912,"family with sequence similarity 133 member B","liver"
"LOC115133619",182.536344482325,0.102307371420304,0.313229811161111,0.326620799728676,0.743954709736111,0.902888945336447,"zinc finger and BTB domain-containing protein 38-like","liver"
"LOC115128317",5174.44442998997,0.102205918366914,0.138208012848367,0.739507907396421,0.459598639934991,0.718606378374628,"elongation factor 1-alpha, oocyte form","liver"
"LOC115138652",179.147790401505,0.102192821494171,0.108116425890718,0.945210874779244,0.344551228633699,0.624522353674211,"26S proteasome regulatory subunit 4-like","liver"
"LOC115128742",558.545035587418,0.102149327689491,0.100297776086848,1.0184605449381,0.308459141948536,0.600133395027319,"alpha-1,3-mannosyl-glycoprotein 2-beta-N-acetylglucosaminyltransferase-like, transcript variant X1","liver"
"rab5if",143.983781780033,0.102144008568844,0.120916760418616,0.84474648688254,0.39825239835806,0.674609000399479,"RAB5 interacting factor","liver"
"LOC115145573",241.842960771769,0.101357459279957,0.125716609745157,0.80623761239999,0.42010585530191,0.691859178266904,"ELMO domain-containing protein 2-like, transcript variant X1","liver"
"LOC115136656",126.85856276669,0.101177337851675,0.120639764259306,0.838673205910799,0.401652718029213,0.677062232707639,"sialate O-acetylesterase-like","liver"
"LOC115139940",85.8747242057332,0.101091549050028,0.125967575207376,0.802520401647841,0.422251991782608,0.693432360397224,"proliferation-associated protein 2G4-like","liver"
"ttr",4042.36864779211,0.101037808533506,0.14089859877072,0.717095907376069,0.473314920860503,0.731323585074834,"transthyretin","liver"
"LOC115130343",91.1572845944788,0.100941005107648,0.180710761782774,0.558577718957246,0.576449949734812,0.801094440886155,"collagen alpha-3(VI) chain-like, transcript variant X1","liver"
"LOC115119577",191.975414248812,0.100517364535572,0.110481317975999,0.909813227946908,0.36292101726808,0.643999158199693,"V-type proton ATPase subunit e 1-like","liver"
"LOC115120972",63.5888047932608,0.100381753083373,0.100829278457854,0.99556155333722,0.319463222933718,0.604704843863596,"beta-centractin-like","liver"
"LOC115143335",79.8210304510818,0.100339362658257,0.210996737835161,0.47554935534902,0.634395463255813,0.84167206276547,"calpastatin-like","liver"
"LOC115142959",76.4740518296306,0.100258439226778,0.148092130682798,0.677000450763475,0.498405668367959,0.751593236245278,"protein polybromo-1-like, transcript variant X1","liver"
"LOC115133971",71.0154971249526,0.100247866377916,0.152189217453013,0.658705446125754,0.510084935071256,0.759907235142704,"signal transducer and activator of transcription 1-alpha/beta-like, transcript variant X1","liver"
"LOC115132078",111.03833707174,0.100175635096794,0.151469371686354,0.661359019196481,0.508382100481717,0.758637327093198,"DENN domain-containing protein 2D-like, transcript variant X1","liver"
"LOC115136367",87.5911599231164,0.100148399328185,0.113198653885951,0.884713694820839,0.376311067570942,0.656319319407952,"guanine nucleotide-binding protein G(I)/G(S)/G(T) subunit beta-1-like","liver"
"LOC115106479",1009.84265962266,0.0999678145872489,0.0752345420939413,1.32874889385815,0.183930828078501,0.479980727834032,"calcium-binding and coiled-coil domain-containing protein 2-like","liver"
"LOC115142705",137.084721088716,0.0999347631266403,0.180919261786411,0.552372158386433,0.580693401741492,0.803997477513108,"equilibrative nucleoside transporter 1-like","liver"
"LOC115113376",128.295661100029,0.0998467393518858,0.120342261634807,0.829689736552254,0.406714225771484,0.680234863076916,"transmembrane 9 superfamily member 3-like","liver"
"LOC115145599",778.372185057547,0.0994036958228857,0.137674395794653,0.722020207527551,0.470282053716042,0.729402454698093,"40S ribosomal protein S3a","liver"
"LOC115113377",88.5833325262994,0.0993765153953093,0.151584797036012,0.655583655738911,0.51209204454725,0.760144684417698,"thioredoxin-dependent peroxide reductase, mitochondrial-like","liver"
"LOC115137871",89.4860661461606,0.0990654711896027,0.192719672425477,0.514039225694048,0.607224566282411,0.825425316763068,"opioid growth factor receptor-like protein 1","liver"
"LOC115118896",66.594433475779,0.0990478893297753,0.603641539752821,0.164083951827327,0.869665055168284,0.953916782794921,"Usher syndrome type-1G protein homolog","liver"
"LOC115134396",59.1534073890571,0.0990400213116412,0.105633623354226,0.937580461284813,0.348460056327618,0.628739791762449,"muscleblind-like protein 2a, transcript variant X2","liver"
"LOC115129187",87.4035527861249,0.0989255230602235,0.113752471114275,0.869656035523337,0.384488405087161,0.66181330070431,"vesicular integral-membrane protein VIP36-like, transcript variant X2","liver"
"LOC115110301",133.166090215785,0.0987044577139121,0.100241209597886,0.984669459894408,0.324786458702575,0.609607002720046,"ADP-ribosylation factor 2","liver"
"LOC115120715",1430.11256176381,0.098427813211434,0.153532882565858,0.641086206202202,0.521466675627494,0.766221402255828,"fibronectin-like","liver"
"dapl1",158.447442913354,0.0984147033487003,0.155450623513387,0.63309301130095,0.526672905824804,0.768966964635751,"death associated protein like 1","liver"
"LOC115109846",141.778720623136,0.0983492014880969,0.132743061005808,0.740899002500731,0.458754680361865,0.718606378374628,"3-mercaptopyruvate sulfurtransferase-like","liver"
"pdzd7",802.683509515388,0.097839272634622,0.143296173231549,0.682776590806272,0.494748023921401,0.749105848998376,"PDZ domain containing 7, transcript variant X1","liver"
"LOC115138265",102.77996335826,0.0976617098401098,0.231363939764568,0.422112927103025,0.672942592734677,0.861687651672654,"bifunctional glutamate/proline--tRNA ligase-like","liver"
"LOC115123136",88.9810170352149,0.0975742254807354,0.0986427098529183,0.989168136461619,0.322580885291015,0.607859583525782,"RNA-binding protein 39-like, transcript variant X2","liver"
"LOC115133030",2022.57119044918,0.0974622173492763,0.120079689542307,0.811646146994223,0.41699470375467,0.69092293191221,"phenylalanine-4-hydroxylase-like","liver"
"LOC115134575",231.694301832483,0.0974305945493657,0.103778488557903,0.938832275390143,0.347816865081934,0.628135375309688,"proteasome subunit alpha type-4, transcript variant X2","liver"
"LOC115102123",76.9513278535293,0.0974057079133635,0.220745533854132,0.441257887363325,0.659026309849586,0.854596863619836,"annexin A7-like","liver"
"LOC115129409",1906.61342156159,0.0973436563369723,0.0957520535800019,1.0166221266016,0.309333224084698,0.600632855049678,"coagulation factor IX-like","liver"
"LOC115143188",217.47754217729,0.0972446458351639,0.441392907497454,0.220313113743734,0.825627307768848,0.940278543298638,"AMP deaminase 2-like, transcript variant X1","liver"
"txndc17",85.2868292580593,0.0970198044364462,0.125301973896777,0.774287917573995,0.438760547129671,0.705756902170694,"thioredoxin domain containing 17","liver"
"LOC115116688",117.78910080252,0.0969116953001206,0.138702937432965,0.698699660538612,0.484739746141706,0.740307397818966,"glycogen synthase kinase-3 beta-like","liver"
"LOC115138397",441.050549501338,0.096785702612006,0.269072548716198,0.359701140357093,0.719070639163901,0.889788021284765,"glutaminyl-peptide cyclotransferase-like","liver"
"LOC115109329",6167.18836867197,0.0966969185420649,0.180513154239941,0.535677961804013,0.592181137239547,0.812590224908425,"tyrosine aminotransferase-like","liver"
"LOC115130741",74.1660554125943,0.0965904270429568,0.113912815739863,0.847932924979536,0.396475326853379,0.672786607932711,"beta-1,4-galactosyltransferase 1-like","liver"
"LOC115139156",74.6578383088273,0.0965066949916688,0.163982158169589,0.588519483271237,0.55618366028006,0.78369505014266,"V-type proton ATPase subunit D-like","liver"
"LOC115110494",230.912601452883,0.0963943984486095,0.114660339076858,0.840695215317614,0.400518701724614,0.67626935717876,"WW domain-binding protein 2-like","liver"
"LOC115113037",67.9458269652526,0.0963309884705802,0.166510106070248,0.578529380252388,0.562906767478922,0.789288180977357,"F-box only protein 9-like","liver"
"LOC115143384",58.4532779230158,0.0962108089768294,0.0907894133779161,1.05971396220335,0.289274748880669,0.583993995263798,"CXXC-type zinc finger protein 1-like, transcript variant X1","liver"
"LOC115134083",93.4691611421229,0.0961252074277525,0.105294570632345,0.912917036941925,0.361286176447197,0.642370768585617,"cytochrome b-c1 complex subunit Rieske, mitochondrial-like","liver"
"LOC115132214",125.28580935054,0.096036435399305,0.100831334704666,0.952446337049839,0.340870668982242,0.621650490725557,"rho-related GTP-binding protein RhoA-C-like","liver"
"LOC115111507",1204.79253562792,0.0959916382622069,0.175876884403236,0.545788826018348,0.585211105056473,0.806843889797544,"interleukin-1 receptor type 1-like, transcript variant X1","liver"
"LOC115134178",115.549471303122,0.0959702386948607,0.124377041961026,0.771607341529585,0.440347024742961,0.706666998644961,"26S proteasome non-ATPase regulatory subunit 7-like","liver"
"LOC115137016",305.934312595837,0.0959539995028061,0.107505244250471,0.892551802210202,0.372097239863166,0.652611165956224,"delta-like protein C","liver"
"LOC115107606",92.4558105707406,0.0959381255058635,0.111614803081461,0.859546609026797,0.390039016877039,0.666303031345687,"proteasome subunit alpha type-6-like","liver"
"rnf115",123.158195582103,0.0959211100900763,0.145219146009691,0.660526609099292,0.508915948481568,0.758997953168997,"ring finger protein 115, transcript variant X1","liver"
"LOC115130516",918.948153521279,0.0958059382716863,0.148267403941235,0.64616993165712,0.518169310111582,0.763177648504688,"guanine nucleotide-binding protein subunit beta-2-like 1","liver"
"LOC115143115",117.666380351447,0.0957912717590951,0.15780857639885,0.607009289007142,0.543844747603634,0.775842580063361,"methyltransferase-like protein 7A, transcript variant X1","liver"
"LOC115109408",424.977499983591,0.0957775182085931,0.0660097500426896,1.45096017098462,0.146790951195617,0.435493105468807,"chromodomain-helicase-DNA-binding protein 2-like, transcript variant X2","liver"
"LOC115113644",108.777314117835,0.0955657919101046,0.0884016691506287,1.08104058247213,0.279679061886461,0.577796523365651,"AP-1 complex subunit gamma-1, transcript variant X3","liver"
"LOC115134935",86.1592891889677,0.0954394996026676,0.103179089109826,0.924988778502203,0.354971744538432,0.635347056144885,"matrin-3-like","liver"
"LOC115113472",152.684985971897,0.0952944883603194,0.114262747579476,0.833994371560485,0.404284155539124,0.678132599990729,"oxysterols receptor LXR-alpha-like, transcript variant X2","liver"
"nagpa",552.897894423251,0.0952444848729432,0.124803977256524,0.763152641178864,0.445372368889729,0.709104231142651,"N-acetylglucosamine-1-phosphodiester alpha-N-acetylglucosaminidase, transcript variant X1","liver"
"LOC115133377",74.0847082363487,0.0952098262453829,0.217247624858256,0.438254854604293,0.661201548121972,0.854759755834176,"calpain-1 catalytic subunit-like, transcript variant X4","liver"
"LOC115125076",168.318919066765,0.0951683163371255,0.148170301199112,0.642290091650944,0.520684846467891,0.765624615513392,"cyclin-G1-like, transcript variant X2","liver"
"LOC115103875",115.370129596686,0.0951161221112996,0.159747325138447,0.595416054878328,0.551565396358968,0.780469839198218,"26S proteasome non-ATPase regulatory subunit 12-like","liver"
"nars",220.505710861706,0.0951009056073348,0.157298341427924,0.60458937293316,0.545451869500555,0.777092562070696,"asparaginyl-tRNA synthetase, transcript variant X1","liver"
"zdhhc6",116.792263467256,0.0950446000176882,0.149881033778932,0.634133603307508,0.525993634409273,0.768966964635751,"zinc finger DHHC-type containing 6, transcript variant X1","liver"
"LOC115114786",81.8282395622668,0.0949545021528083,0.168949454513071,0.562029054349284,0.574096223767374,0.799458902656582,"mitochondrial ubiquitin ligase activator of nfkb 1-A-like, transcript variant X2","liver"
"LOC115144106",78.9809150450749,0.094850315766381,0.165888529321436,0.571771394648953,0.567476859075899,0.793222111657533,"lethal(2) giant larvae protein homolog 2-like, transcript variant X2","liver"
"mrpl11",88.9420436047478,0.0948245206844289,0.187388412108469,0.506031934512258,0.612834231538656,0.82932016193611,"mitochondrial ribosomal protein L11, transcript variant X1","liver"
"utp23",64.8837093138883,0.0948018200165903,0.105188116344635,0.901259793511132,0.367450205853289,0.647005597349035,"UTP23 small subunit processome component","liver"
"LOC115138544",1855.93492334353,0.094636520954673,0.104987378935912,0.901408549426145,0.367371137412913,0.647005597349035,"protein Z-dependent protease inhibitor-like","liver"
"LOC115102925",297.8621558074,0.094544856613125,0.230327172407316,0.410480689816005,0.681453365883598,0.867459062879933,"alanine aminotransferase 2-like, transcript variant X2","liver"
"LOC115129448",205.870535421621,0.0941738049051778,0.219234022949593,0.42955834882814,0.667516940764159,0.859180422952549,"malate synthase-like, transcript variant X2","liver"
"LOC115138501",65.1408523928193,0.0940886181016163,0.116512606770421,0.807540237143699,0.419355302281179,0.69146125084874,"dihydrolipoyllysine-residue succinyltransferase component of 2-oxoglutarate dehydrogenase complex, mitochondrial-like, transcript variant X1","liver"
"apeh",62.6062459777899,0.0938987892429086,0.121714476030075,0.771467719416605,0.440429749022675,0.706666998644961,"acylaminoacyl-peptide hydrolase","liver"
"LOC115133180",104.33894068863,0.0937131590154602,0.209894554435922,0.446477324136914,0.655252488878174,0.853670707268556,"cyclin-dependent kinase inhibitor 1B-like","liver"
"LOC115112131",118.89014653098,0.0936405832946624,0.0837885124905596,1.11758259588643,0.263745305362979,0.561664506091693,"T-cell immunomodulatory protein-like","liver"
"LOC115137543",65.9102159276512,0.0933874875187543,0.164637455576322,0.56723111513019,0.570557170813947,0.796981161150668,"vacuolar protein sorting-associated protein 37C-like","liver"
"LOC115147012",327.347391899463,0.0933148771201169,0.101787917331471,0.916757897857742,0.359269519246412,0.639747732830221,"succinyl-CoA:3-ketoacid coenzyme A transferase 1, mitochondrial-like, transcript variant X2","liver"
"LOC115109525",364.76567757964,0.0931283049269538,0.10606598002699,0.878022386662111,0.379931570018243,0.659608891016053,"calcium and integrin-binding protein 1-like","liver"
"usp24",72.7608289598283,0.092668683963781,0.106187606547342,0.872688320010923,0.382832985729441,0.6616067391248,"ubiquitin specific peptidase 24, transcript variant X1","liver"
"LOC115139174",132.763283646722,0.0926681122827113,0.100238713151876,0.924474281132343,0.355239435955396,0.635347056144885,"AN1-type zinc finger protein 3-like, transcript variant X2","liver"
"LOC115135398",102.23150915467,0.0923073886341634,0.104102894552726,0.886693775718328,0.375243790341478,0.655029417315574,"coatomer subunit delta-like","liver"
"LOC115130268",74.3198243136305,0.0922907142535095,0.159895288444375,0.577194707557727,0.563807931870241,0.789990075731558,"UBX domain-containing protein 4-like, transcript variant X2","liver"
"LOC115131689",108.691157211282,0.0922395518870466,0.107207897835773,0.860380193522162,0.389579500222863,0.666076360280365,"adenylyl cyclase-associated protein 1-like, transcript variant X1","liver"
"LOC115140841",80.0888342794507,0.0922057507689331,0.114249914917828,0.807053124155501,0.419635877201077,0.691644090364574,"probable ATP-dependent RNA helicase ddx6, transcript variant X2","liver"
"ddx5",74.9649828825674,0.091815120746789,0.206638108573714,0.444328112469321,0.656805379033457,0.853715571026587,"DEAD-box helicase 5, transcript variant X1","liver"
"LOC115108172",256.493596005656,0.0917915574796239,0.14533366768453,0.631591832381691,0.527653624991737,0.769709401192759,"ubiquitin-60S ribosomal protein L40-like","liver"
"LOC115110427",77.3702137851303,0.0913553040384838,0.125756750568,0.726444533799284,0.467566298692594,0.726572715772403,"trinucleotide repeat-containing gene 6B protein-like, transcript variant X2","liver"
"LOC115104085",193.85294710061,0.0911543609077652,0.133426207994479,0.68318182970123,0.494491952831672,0.749105848998376,"glycylpeptide N-tetradecanoyltransferase 1-like, transcript variant X4","liver"
"LOC115115054",1884.30697474686,0.0910857494132848,0.11440856150561,0.796144521131998,0.425948039430683,0.696588509174171,"ganglioside GM2 activator-like, transcript variant X3","liver"
"LOC115143007",982.165999917505,0.0910717255840812,0.137034342775992,0.664590523362125,0.506312432198856,0.757363748897249,"60S acidic ribosomal protein P0-like","liver"
"LOC115126487",95.6784012688061,0.0908264880573124,0.100056260663484,0.907754172053123,0.364008115836845,0.644884619184371,"septin-2B, transcript variant X1","liver"
"rpl12",2087.89360561007,0.0907681126900088,0.11836728381121,0.766834464452017,0.443179942372262,0.707778594440931,"ribosomal protein L12, transcript variant X2","liver"
"LOC115111483",125.146246658557,0.0907223560441309,0.0940199921988789,0.964926223905948,0.334581765509257,0.616247300594547,"sarcoplasmic/endoplasmic reticulum calcium ATPase 2-like, transcript variant X1","liver"
"hal",3043.41734694575,0.0904634329859133,0.0797818454719654,1.13388493899532,0.256842815502424,0.553910749199936,"histidine ammonia-lyase","liver"
"cops6",97.1255343906484,0.0904471094728299,0.0928605750811881,0.974009792570765,0.330051677029417,0.613285735480822,"COP9 signalosome subunit 6","liver"
"LOC115110163",81.0884501684398,0.0903350486813864,0.145401490684874,0.621280072548693,0.534415362801832,0.771891218561399,"coatomer subunit zeta-1-like, transcript variant X1","liver"
"LOC115144813",91.0898785425755,0.0902849922208833,0.131070555114199,0.688827419264533,0.490931878572535,0.746099305392116,"AFG3-like protein 1","liver"
"cops7a",144.586709767372,0.0901212569564033,0.126972981566524,0.709767194914506,0.47784851533291,0.733165339596667,"COP9 signalosome subunit 7A, transcript variant X2","liver"
"LOC115102696",144.330521152108,0.0899917197983838,0.147948239318562,0.608264891916783,0.543011802005756,0.775242068292631,"neurabin-1-like, transcript variant X1","liver"
"qars",89.1769483562199,0.0898801507324349,0.196771072606207,0.456775223827283,0.647832615847941,0.848510842608036,"glutaminyl-tRNA synthetase","liver"
"LOC115109090",67.1775893219556,0.0894588172563651,0.174864711861147,0.511588737969045,0.608938869051199,0.826793747585838,"immediate early response gene 5 protein-like","liver"
"LOC115139797",14100.818085458,0.0892292237907904,0.0856591296439882,1.04167791759781,0.297561030338604,0.590773872216341,"alpha-1-antitrypsin-like, transcript variant X2","liver"
"LOC115135247",72.1591443695772,0.0891366151305114,0.134811627104134,0.66119382315339,0.508488021986903,0.758637327093198,"mRNA decay activator protein ZFP36L2-A-like","liver"
"asb8",62.8259557133007,0.0890896513007979,0.125592527865448,0.709354710944608,0.478104384849838,0.733165339596667,"ankyrin repeat and SOCS box containing 8","liver"
"LOC115143480",100.651784887343,0.089070221359866,0.105139432538043,0.847162850414254,0.396904357038317,0.672954309188096,"F-actin-capping protein subunit alpha-1","liver"
"LOC115102537",57.9032006129211,0.0889540408527571,0.118949646330599,0.747829384927512,0.454563075324363,0.717254363923686,"chromobox protein homolog 5-like","liver"
"LOC115105031",197.705364690093,0.0886307380963657,0.119677766800659,0.740578141335085,0.458949265608534,0.718606378374628,"26S proteasome regulatory subunit 6B","liver"
"LOC115133442",79.8539918562147,0.088604937243788,0.135279358789039,0.654977507558732,0.512482235716348,0.760144684417698,"matrix metalloproteinase-14-like","liver"
"LOC115128292",62.785166776145,0.0885308113560366,0.125556842343115,0.705105430368379,0.480744627371798,0.736106349048628,"exostosin-1b","liver"
"LOC115133632",144.815795059152,0.0881724186307219,0.133933064696488,0.658331972246987,0.510324837732914,0.759986861015476,"cystatin-B-like","liver"
"acsf2",110.91187339104,0.0881714044735679,0.116440084815315,0.757225526015511,0.448914759882991,0.711421680125611,"acyl-CoA synthetase family member 2, transcript variant X2","liver"
"LOC115139362",244.154152802438,0.0878393379146957,0.0934277045802942,0.9401851229172,0.347122611510942,0.627159470088032,"epoxide hydrolase 1-like","liver"
"LOC115125824",158.234371453339,0.0877316842449353,0.194107953220725,0.451973671296062,0.651287949852591,0.851122053093671,"heparanase-like, transcript variant X1","liver"
"LOC115104267",77.9887538692043,0.0876786962084265,0.187504114701967,0.467609451386117,0.64006390478711,0.843720700940341,"hsc70-interacting protein-like, transcript variant X2","liver"
"LOC115107524",452.756444972008,0.0876128038061253,0.210762445130857,0.415694569076235,0.677633515819731,0.864757110357302,"cholesterol 24-hydroxylase-like, transcript variant X1","liver"
"LOC115105383",83.5135807108644,0.0875141243555491,0.184153788103425,0.475223047306521,0.634628001446968,0.84167206276547,"proline-rich nuclear receptor coactivator 2","liver"
"LOC115132792",640.442227598301,0.0874275651007255,0.141580757056343,0.617510224683522,0.536898239269123,0.773111844948287,"retinol dehydrogenase 7-like, transcript variant X2","liver"
"LOC115141700",1693.07450157308,0.087260546984393,0.309854482140409,0.281617830349317,0.778236566715592,0.921915924490754,"alpha-2-macroglobulin-like, transcript variant X2","liver"
"LOC115142636",2705.59945226044,0.0871161348083913,0.0898081237952798,0.970025106046922,0.332033978037163,0.615168406581581,"catalase-like, transcript variant X1","liver"
"LOC115102312",342.029600774971,0.0870842043728099,0.134743574751208,0.646295784668048,0.518087817297995,0.763177648504688,"40S ribosomal protein S10","liver"
"rpl22l1",351.022457565225,0.0870169558974317,0.191336651342656,0.454784565773532,0.649264235066914,0.849294294651073,"ribosomal protein L22 like 1","liver"
"LOC115114591",190.354630458876,0.0866517811978319,0.114644771456531,0.755828461228053,0.449752050146622,0.712194777155258,"NPC intracellular cholesterol transporter 1-like","liver"
"LOC115127301",513.319619103888,0.0866140850596747,0.18438089264253,0.469756295342372,0.638529142486596,0.843720700940341,"coagulation factor VII-like","liver"
"LOC115125330",244.989859937885,0.0864468728602024,0.138025392438125,0.626311371648196,0.531110728977799,0.769709401192759,"prothymosin alpha-A-like, transcript variant X1","liver"
"LOC115108855",57.7063882288678,0.0863230604653566,0.121595799082178,0.709918114909683,0.477754916284894,0.733165339596667,"transcription factor BTF3 homolog 4","liver"
"LOC115120631",803.108954271828,0.0862520956430482,0.120423012703944,0.716242632586316,0.473841542770133,0.731582624367827,"vigilin-like, transcript variant X4","liver"
"LOC115141745",140.992923812528,0.086147591516255,0.125550007869443,0.686161577989212,0.492611223564617,0.747326755354429,"DCN1-like protein 5, transcript variant X1","liver"
"LOC115132559",526.861999299884,0.0861468495150958,0.125229614050628,0.687911163570846,0.491508726085276,0.746419361968548,"alpha-enolase, transcript variant X3","liver"
"LOC115120982",544.264880626261,0.085935272192188,0.199901077211665,0.429888990048791,0.667276394776155,0.859180422952549,"protein FAM3C-like, transcript variant X1","liver"
"dpy19l4",61.769132645787,0.08571457344962,0.133910902900617,0.640086591853046,0.522116305458074,0.766623220838296,"dpy-19 like 4","liver"
"LOC115109203",702.258454988709,0.0855237450987791,0.14556363190024,0.587535114247435,0.556844374512219,0.784006103803732,"calreticulin-like","liver"
"mrpl33",60.5464993936489,0.085496521685813,0.135507407147227,0.630936149438105,0.528082274195627,0.769709401192759,"mitochondrial ribosomal protein L33","liver"
"hao1",193.525004513181,0.08547274239908,0.154584119151106,0.552920590216193,0.580317787516897,0.803997477513108,"hydroxyacid oxidase 1","liver"
"LOC115138460",227.449482279646,0.0854271548844399,0.177971948727117,0.480003480859922,0.631224917916654,0.83995494027948,"dnaJ homolog subfamily C member 17-like, transcript variant X2","liver"
"hat1",85.7725902807852,0.0853708943887616,0.110191230767006,0.774752163076152,0.438486121166565,0.705681509851683,"histone acetyltransferase 1","liver"
"LOC115145622",1329.83877626821,0.0853212945145773,0.155256362630174,0.549551033330695,0.582627352310326,0.805013250175217,"15-hydroxyprostaglandin dehydrogenase [NAD(+)]-like","liver"
"LOC115133350",321.467313286978,0.0852512842641287,0.146986285631412,0.579994819910666,0.561918111046838,0.788426237737318,"lysophospholipid acyltransferase LPCAT4-like","liver"
"LOC115139628",384.327337105284,0.0851659115314748,0.105224516040723,0.809373278547694,0.418300467666911,0.69146125084874,"forkhead box protein A2-like","liver"
"LOC115141088",236.55432712273,0.0850521402453007,0.079489711643653,1.06997671128289,0.284629791556821,0.581820978127182,"ubiquilin-4-like","liver"
"LOC115141646",86.5149476838533,0.0849466660034611,0.176384329715097,0.481599845863124,0.630090235709987,0.839845585596438,"histone H3.3, transcript variant X1","liver"
"bcap31",319.141462932714,0.0849401008143317,0.0803352480147807,1.0573204528939,0.290365361916227,0.585326021350416,"B cell receptor associated protein 31","liver"
"LOC115124527",212.702890407619,0.0847433325339015,0.140426605211149,0.603470634403496,0.546195645198625,0.777429785420277,"annexin A4-like","liver"
"c5",4654.28664114443,0.0846990545623402,0.120663108006628,0.701946568106694,0.48271248596021,0.73856459938957,"complement C5, transcript variant X1","liver"
"LOC115106105",155.596082985202,0.0846821548625376,0.0808197761739856,1.04779001961398,0.294735361764481,0.589635548521163,"UV excision repair protein RAD23 homolog B-like","liver"
"LOC115145290",1574.5831693578,0.0845230059517117,0.13468142107338,0.627577324905566,0.530280866764097,0.769709401192759,"prohibitin-2-like","liver"
"LOC115111476",222.903163613712,0.084270531018021,0.208495125674403,0.404184657772874,0.686076934879087,0.869229610243837,"glutathione S-transferase theta-1-like","liver"
"LOC115108375",7609.13752889751,0.0842466933631112,0.15052912709356,0.559670377353271,0.575704291277065,0.800604125296935,"uridine phosphorylase 2-like","liver"
"cog7",66.1123801418628,0.0842286731993317,0.0972323986786492,0.866261393773751,0.386346832394281,0.66277343806359,"component of oligomeric golgi complex 7","liver"
"insig2",77.553894239942,0.0841195682671754,0.113847592660308,0.738878761522575,0.459980619988285,0.718606378374628,"insulin induced gene 2, transcript variant X2","liver"
"LOC115139652",134.142987152525,0.0840872742172007,0.10114006725657,0.831394288120152,0.405750924761941,0.679349773417028,"proteasome subunit alpha type-6","liver"
"LOC115129583",282.740545070188,0.0840468778771169,0.0802423923738944,1.04741241369643,0.294909408802997,0.589635548521163,"lysosome-associated membrane glycoprotein 2-like, transcript variant X2","liver"
"LOC115105913",71.3119100689877,0.0839193931000365,0.121947708578317,0.68815883527768,0.49135276341707,0.746419361968548,"phosphatidylinositol transfer protein beta isoform-like, transcript variant X1","liver"
"LOC115139899",171.465015684833,0.0838649045817305,0.107528748016096,0.779930075714979,0.435432034431427,0.701787652171806,"protein SET-like","liver"
"lg19h9orf16",60.3079483667943,0.0834828042324263,0.140307241692774,0.594999967394597,0.551843492779505,0.780469839198218,"linkage group 19 C9orf16 homolog, transcript variant X3","liver"
"LOC115131557",94.4701695889958,0.0834395217006669,0.208786077131008,0.399641215770872,0.689420794773783,0.871170938403415,"acidic leucine-rich nuclear phosphoprotein 32 family member E-like","liver"
"LOC115117748",161.567543620802,0.0834211190052384,0.105593980916974,0.79001774798916,0.42951740344011,0.697735722521961,"coatomer subunit gamma-2-like","liver"
"LOC115105718",57.4825224472169,0.0833130224547961,0.123886175143658,0.672496526413757,0.50126765073478,0.753658039245653,"charged multivesicular body protein 1b-like","liver"
"LOC115133616",514.779618785153,0.0831732961927225,0.0822763273301077,1.01090190692416,0.312063381261947,0.601817480450145,"gamma-aminobutyric acid receptor-associated protein","liver"
"LOC115134626",78.4396064910288,0.0830077834049811,0.141946694409775,0.584781376911479,0.558694728037926,0.78498438865308,"nucleosome assembly protein 1-like 4, transcript variant X4","liver"
"LOC115103820",72.5405038517876,0.0829264148143777,0.1082560961188,0.766020739593031,0.443663961922615,0.707778594440931,"trafficking protein particle complex subunit 5-like, transcript variant X2","liver"
"LOC115127161",70.8824597766251,0.0829082451453452,0.110610641298503,0.749550352226979,0.453525561964905,0.716500073863935,"trafficking protein particle complex subunit 3, transcript variant X3","liver"
"LOC115140962",2652.63007460565,0.0828714473133318,0.25050451658665,0.330818176225044,0.740781830575918,0.900731349373448,"metalloreductase STEAP4-like, transcript variant X1","liver"
"LOC115110101",76.1660864575969,0.0828265609920194,0.116576163710219,0.710493109019328,0.477398402669297,0.733165339596667,"protein PET100 homolog, mitochondrial","liver"
"tcp1",430.563706751745,0.0827468531229638,0.126068418342906,0.656364648740914,0.511589530407587,0.760144684417698,"t-complex 1","liver"
"LOC115130406",177.340966225492,0.0827123692956249,0.320151181228942,0.258354096892982,0.796133639625111,0.928215307526302,"insulin-induced gene 1 protein-like","liver"
"rnf212b",69.2547214882477,0.0826624618643859,0.192972334824244,0.428364314188733,0.668385901543956,0.859180422952549,"ring finger protein 212B, transcript variant X2","liver"
"LOC115112465",84.0209630362127,0.082466322251208,0.131719560867669,0.626074986190222,0.531265758174721,0.769709401192759,"tyrosine-protein kinase CSK, transcript variant X1","liver"
"LOC115110035",9246.44828049155,0.0823649103546884,0.202831198280633,0.406076141406658,0.684686655505746,0.869229610243837,"nuclear protein 1-like, transcript variant X2","liver"
"alg5",97.7275559227777,0.0822747950290364,0.16209382674387,0.507575129058072,0.611751336212101,0.828900509140573,"ALG5 dolichyl-phosphate beta-glucosyltransferase, transcript variant X1","liver"
"LOC115144348",84.0485426379365,0.0821657365937704,0.150595820417764,0.545604362497155,0.585337924958621,0.806843889797544,"translation machinery-associated protein 7-like","liver"
"LOC115143317",473.117224173105,0.0818945067301495,0.120231466947194,0.681140377053854,0.495782670383591,0.749836795726722,"26S proteasome non-ATPase regulatory subunit 6-like","liver"
"LOC115121364",81.8612823225703,0.0814456498861122,0.110279165872855,0.73854067757471,0.460185957875256,0.718606378374628,"exportin-7, transcript variant X2","liver"
"LOC115131383",155.767019911129,0.0813414588570523,0.209604630724299,0.388070905570993,0.697963562012281,0.878055394679647,"zinc finger protein 40-like, transcript variant X1","liver"
"LOC115137326",1606.42043049338,0.0809960004185223,0.102074238931223,0.793500899605988,0.427486045376366,0.697531273400348,"cytochrome P450 4V2-like","liver"
"LOC115134813",381.212185700826,0.0808937121107698,0.1136152461663,0.711996979633917,0.476466646352786,0.732859641710927,"ATP synthase subunit g, mitochondrial-like","liver"
"sall1",287.258326332593,0.0808436750849442,0.163509969664472,0.494426579925605,0.621004946199066,0.834839606155395,"spalt like transcription factor 1","liver"
"LOC115135177",145.415696396219,0.0808025243922135,0.146840457258859,0.550274262969435,0.582131274166247,0.804600567481052,"collagen alpha-1(XIII) chain-like, transcript variant X5","liver"
"LOC115103060",427.550694447776,0.0806658315698648,0.173936311164868,0.463766484580695,0.642815058065054,0.844861624160791,"protein canopy-1-like, transcript variant X2","liver"
"LOC115104076",519.540260269374,0.0805685590792665,0.112681272541826,0.71501286115987,0.474601096208511,0.732153832186083,"eukaryotic translation initiation factor 1","liver"
"LOC115101174",331.357254016017,0.0804442700080623,0.127008264313473,0.633378232848814,0.526486676059629,0.768966964635751,"surfeit locus protein 4","liver"
"ebp",317.109767553919,0.0802990050924187,0.292219510246743,0.274790020093512,0.783477565870896,0.923269326737556,"EBP cholestenol delta-isomerase, transcript variant X1","liver"
"LOC115106603",262.823546443931,0.0802385346270574,0.208014384409619,0.385735509853264,0.699692561234877,0.878359688644006,"heparan sulfate glucosamine 3-O-sulfotransferase 2-like, transcript variant X3","liver"
"spag7",74.913529171771,0.080010034010152,0.109963817357747,0.727603278357047,0.466856473195419,0.725746370993336,"sperm associated antigen 7","liver"
"LOC115131922",398.641916934804,0.0799803832232107,0.185365638100908,0.431473621770565,0.666124028572768,0.858682622301968,"glucose-6-phosphate 1-dehydrogenase, transcript variant X4","liver"
"tm4sf5",367.480710570144,0.0799019548970533,0.165293967231047,0.48339304958037,0.628816682318196,0.838696595919165,"transmembrane 4 L six family member 5","liver"
"LOC115130119",74.2750160823025,0.0798503303590705,0.23922553141253,0.333786824038332,0.738540426672093,0.900342680539803,"V-type proton ATPase catalytic subunit A-like, transcript variant X3","liver"
"lrp10",77.2300700886726,0.0795728737485934,0.122062279863497,0.651903879212976,0.514463182268729,0.761263014833398,"LDL receptor related protein 10, transcript variant X1","liver"
"ndufv2",214.691414692285,0.0795674306941845,0.127942391012263,0.621900451169136,0.534007328444306,0.771663356498806,"NADH:ubiquinone oxidoreductase core subunit V2","liver"
"asmtl",84.2167058708442,0.0794409449297535,0.489265068595108,0.162367906537581,0.871016142324525,0.95424581463412,"acetylserotonin O-methyltransferase like","liver"
"LOC115131249",166.699222929768,0.0793503545149997,0.12757592656382,0.621985327892598,0.533951515709828,0.771663356498806,"tubulointerstitial nephritis antigen-like","liver"
"LOC115145617",363.944683056,0.0793327247386645,0.0917521618851199,0.864641476655282,0.387235600001407,0.663069184036201,"high mobility group protein B2-like, transcript variant X2","liver"
"LOC115139615",97.9137027434004,0.0793052600193162,0.124705275668655,0.635941499620529,0.524814552454156,0.768646825656896,"guanine nucleotide-binding protein G(k) subunit alpha-like","liver"
"LOC115142877",116.089786334047,0.0792936374122825,0.102535693702563,0.773327165877458,0.43932878241711,0.705835284640182,"14-3-3 protein beta/alpha-1-like","liver"
"ndufb9",109.979917863818,0.0791995068230274,0.124343467936264,0.636941434379354,0.524162992258493,0.768244644532764,"NADH:ubiquinone oxidoreductase subunit B9","liver"
"LOC115104124",92.5449339561233,0.0790347537648245,0.102588664077983,0.770404356808333,0.441060069811772,0.706666998644961,"ras-related protein Rab-5C-like","liver"
"gstz1",487.531872625576,0.0787580349018682,0.179293020217171,0.439269943729384,0.660465949891759,0.854759755834176,"glutathione S-transferase zeta 1, transcript variant X1","liver"
"LOC115137315",74.6488627491138,0.0785048476203442,0.221543214257688,0.354354557341717,0.72307318586506,0.89094507424002,"coiled-coil domain-containing protein 86-like","liver"
"pebp1",194.874592424235,0.0784112164703099,0.169724293001238,0.461991710695992,0.644087264878171,0.845234929698462,"phosphatidylethanolamine binding protein 1","liver"
"LOC115138674",95.2024223686094,0.0780170458629788,0.101258820842517,0.770471601524131,0.441020194405595,0.706666998644961,"protein tyrosine phosphatase type IVA 2-like","liver"
"LOC115111965",70.0985870110239,0.0779901691420464,0.119710493850572,0.651489828781404,0.514730340746037,0.761263014833398,"endothelial differentiation-related factor 1 homolog","liver"
"scrn3",1079.56242963694,0.0777917450070787,0.0803805817954187,0.967792758766924,0.333147880964429,0.616121761806781,"secernin 3","liver"
"LOC115112871",61.6122563782116,0.0777445162171207,0.157201125120564,0.494554451550491,0.620914660864273,0.834839606155395,"cytochrome b-c1 complex subunit 2, mitochondrial-like","liver"
"LOC115130430",173.016788834865,0.077714809455514,0.117146933878973,0.66339601799397,0.507076955530077,0.757363748897249,"enoyl-CoA delta isomerase 2, mitochondrial-like","liver"
"LOC115101140",107.033381221101,0.0776674782796233,0.165291548395051,0.469881727370574,0.63843951987058,0.843720700940341,"AN1-type zinc finger protein 5-like, transcript variant X1","liver"
"LOC115111853",445.499490339707,0.0774557709157143,0.168935472337244,0.45849323320972,0.646598122932008,0.847664930006617,"60S ribosomal protein L37","liver"
"LOC115134815",691.436196931121,0.077430044053708,0.108089323378224,0.716352379991931,0.473773791107445,0.731582624367827,"zinc finger CCCH domain-containing protein 15-like","liver"
"LOC115132414",309.749483557094,0.0773828788217694,0.159339407638805,0.485648088997439,0.627216694770002,0.838001930804863,"tyrosine-protein kinase STYK1-like, transcript variant X1","liver"
"LOC115117641",103.974995302453,0.0773673571563816,0.103043275421071,0.750823931403884,0.452758624927091,0.715565783327965,"splicing factor U2AF 65 kDa subunit-like, transcript variant X2","liver"
"LOC115122219",462.402998643684,0.0772935316268433,0.133607897044286,0.578510202890351,0.56291971101599,0.789288180977357,"growth hormone receptor-like","liver"
"LOC115105754",106.456007623924,0.0771103344652321,0.126220928785514,0.610915600187547,0.541255456548309,0.774361965914675,"E3 ubiquitin-protein ligase RNF128-like, transcript variant X1","liver"
"pdhx",58.8656222312298,0.0770078448838241,0.107140212146732,0.718757629286374,0.472290268361882,0.730571208289576,"pyruvate dehydrogenase complex component X, transcript variant X2","liver"
"LOC115107889",272.71418598913,0.0768509941943448,0.125186805746358,0.613890527329641,0.539287670240528,0.773215962598105,"activator of 90 kDa heat shock protein ATPase homolog 1-like","liver"
"LOC115125748",11498.4420885734,0.0768179281710353,0.172107688786761,0.446336411304736,0.655354258392063,0.853670707268556,"apolipoprotein C-II-like, transcript variant X2","liver"
"eif3j",230.979275343914,0.0766591405221471,0.144666318067164,0.529903169904114,0.596179068249774,0.815687484991624,"eukaryotic translation initiation factor 3 subunit J","liver"
"LOC115110409",184.215896072586,0.0759250976035519,0.126673720340419,0.599375287940651,0.548922652366177,0.779584923708898,"60 kDa heat shock protein, mitochondrial","liver"
"LOC115129373",123.885433761912,0.07560723428424,0.117149423415561,0.645391433264167,0.518673553575469,0.763493464923658,"ubiquitin-conjugating enzyme E2 D2-like, transcript variant X3","liver"
"LOC115102974",142.905789594502,0.0755846471654692,0.164820927274208,0.458586469664263,0.646531154721433,0.847664930006617,"serine/arginine-rich splicing factor 11-like, transcript variant X1","liver"
"LOC115131609",65.3961900847332,0.0755787230554041,0.102002978395018,0.740946237498255,0.458726038751346,0.718606378374628,"bromodomain-containing protein 2-like, transcript variant X3","liver"
"LOC115142388",65.6509851811515,0.075416731876246,0.108319754329451,0.696241718263766,0.486277465469982,0.740682716463247,"protein polybromo-1-like, transcript variant X2","liver"
"LOC115114969",67.0318279624315,0.0752805750637697,0.126122023563227,0.59688683179136,0.550582939562235,0.780469839198218,"dnaJ homolog subfamily A member 2-like","liver"
"LOC115110273",134.661929782334,0.075082800524261,0.123499233831179,0.607961670652124,0.543212895621361,0.775257619941411,"dnaJ homolog subfamily C member 7-like, transcript variant X1","liver"
"plcg1",79.6952959468166,0.0750421070353872,0.0835089562443076,0.898611483250366,0.368859640006913,0.648607373886185,"phospholipase C gamma 1, transcript variant X2","liver"
"LOC115122582",924.529603679353,0.0750240112023662,0.316741093896602,0.236862259580556,0.812763649380838,0.935033766547078,"mitochondrial uncoupling protein 2-like","liver"
"LOC115131695",217.581022691287,0.0746744922190392,0.129999981697985,0.574419251785144,0.565684128334101,0.791402921714379,"proteasome subunit beta type-2-like, transcript variant X1","liver"
"LOC115128522",295.995048631517,0.0746609322395561,0.179783114952104,0.415283338813251,0.677934496601355,0.864870425085172,"KH domain-containing, RNA-binding, signal transduction-associated protein 3-like, transcript variant X1","liver"
"LOC115134629",69.0131713194521,0.0739965978355114,0.0974708282096055,0.759166605996062,0.447752899553835,0.710962531586065,"39S ribosomal protein L23, mitochondrial, transcript variant X1","liver"
"LOC115101994",313.105784951628,0.0739740633424568,0.222499575483226,0.332468334745357,0.739535646331516,0.900342680539803,"deoxynucleoside triphosphate triphosphohydrolase SAMHD1-like, transcript variant X1","liver"
"LOC115113484",1464.2766305702,0.0738794511219529,0.155905574658969,0.473873056069727,0.635590434051059,0.84167206276547,"insulin-like growth factor-binding protein 2-B","liver"
"LOC115105405",111.105110112898,0.0738092894150957,0.0924911537994797,0.798014581752476,0.424862028228805,0.695756378891365,"heterogeneous nuclear ribonucleoprotein A/B-like, transcript variant X1","liver"
"LOC115131286",78.0609511196501,0.0737424252819065,0.0919664776862125,0.801840269815638,0.422645360996044,0.693798828602447,"ras-related protein Rab-5A-like, transcript variant X2","liver"
"LOC115115336",124.640854941056,0.0736921550412099,0.0880705034397846,0.836740476811224,0.402738461816355,0.677474617813841,"succinate dehydrogenase cytochrome b560 subunit, mitochondrial-like, transcript variant X1","liver"
"LOC115124634",177.267082580002,0.073413157476183,0.264941908209981,0.277091525354302,0.781709828939808,0.922986466899473,"uncharacterized LOC115124634","liver"
"LOC115108070",596.799532145561,0.0733382745751741,0.14268260782404,0.513995894058909,0.607254861340301,0.825425316763068,"receptor-type tyrosine-protein phosphatase S-like","liver"
"LOC115108281",392.810383087651,0.0732885649735312,0.154485747966976,0.4744034057381,0.635212264876243,0.84167206276547,"cold-inducible RNA-binding protein B-like, transcript variant X2","liver"
"LOC115116931",68.7641465876984,0.0730110477565003,0.157895801170657,0.462400185534944,0.643794366295957,0.845234929698462,"serine/threonine-protein kinase 19-like","liver"
"LOC115111740",158.559445844915,0.0727084994156376,0.171805332359771,0.423202809930146,0.672147296839034,0.861687651672654,"fumarylacetoacetate hydrolase domain-containing protein 2-like, transcript variant X2","liver"
"LOC115109332",57.4832711921175,0.0726659001027586,0.187635027222221,0.387272574734666,0.698554426695704,0.878359688644006,"coactosin-like protein","liver"
"LOC115102067",69.4426485981665,0.0725433382667447,0.225411940100216,0.32182562394207,0.747584801083434,0.904230083892442,"cytosolic sulfotransferase 2-like","liver"
"LOC115142480",148.35421809103,0.0719187361098717,0.0752687587048358,0.955492522361088,0.339328685032484,0.620225883494352,"EVI5-like protein, transcript variant X1","liver"
"LOC115113389",154.416189215096,0.0716272623915806,0.186223167132489,0.384631318941221,0.700510586818707,0.878359688644006,"pterin-4-alpha-carbinolamine dehydratase-like","liver"
"LOC115130376",533.681801999933,0.0712502819027891,0.0884614560565397,0.805438719630048,0.42056655563482,0.692058651904533,"myosin regulatory light polypeptide 9","liver"
"LOC115135306",62.9017119647815,0.0712067545617234,0.11892221161229,0.598767493442451,0.549327942098733,0.779811174198227,"sphingosine-1-phosphate lyase 1-like, transcript variant X2","liver"
"LOC115111809",76.9154018613852,0.0711645055953807,0.0968782689119715,0.734576560818241,0.462597417260562,0.720499454625163,"serine/threonine-protein kinase A-Raf-like","liver"
"LOC115136963",567.320206280503,0.071055655482995,0.116773346137834,0.608492073175022,0.542861161739735,0.775242068292631,"complement C2-like, transcript variant X2","liver"
"LOC115131604",634.548851434823,0.0710429167311061,0.181057265458859,0.39237816030779,0.694778820435478,0.875647114407225,"class I histocompatibility antigen, F10 alpha chain-like, transcript variant X1","liver"
"LOC115103844",165.241021723358,0.0709948498170912,0.128910297247646,0.550730634657561,0.58181834096561,0.804440826925314,"T-complex protein 1 subunit delta-like","liver"
"LOC115102909",299.002391956272,0.0709405382072622,0.189476162203887,0.374403499533236,0.708104139722616,0.882287726690895,"microsomal glutathione S-transferase 3-like, transcript variant X1","liver"
"nfs1",262.038344531477,0.0708570551845005,0.10513371346304,0.673970821066933,0.500329864750456,0.753247175397088,"NFS1 cysteine desulfurase, transcript variant X1","liver"
"LOC115130666",65.4613553484535,0.0708241321773275,0.132688901952756,0.53376078281622,0.593507049820671,0.813701559054508,"ubiquitin-like protein 3","liver"
"ube4b",88.6113259691837,0.0707776037352009,0.0923891243546953,0.766081551584745,0.443627779317917,0.707778594440931,"ubiquitination factor E4B, transcript variant X1","liver"
"LOC115102102",158.619738639316,0.0707503396821942,0.130459716723003,0.542315601009729,0.58760111003167,0.808596260799826,"5-aminolevulinate synthase, nonspecific, mitochondrial-like, transcript variant X1","liver"
"LOC115140278",327.956199816535,0.0704504827414332,0.147176089293758,0.478681578505709,0.632165172917912,0.840182548499679,"testosterone 17-beta-dehydrogenase 3-like, transcript variant X3","liver"
"LOC115139496",640.806768120898,0.0704267724264547,0.205584595388129,0.342568334429406,0.731923227574853,0.897947443519878,"monocarboxylate transporter 10-like","liver"
"LOC115101264",2517.7884628919,0.0702023434556781,0.280560834410415,0.25022146659638,0.802416085233223,0.931012799149051,"S-adenosylmethionine synthase-like","liver"
"LOC115141510",11812.1714223888,0.070140352292724,0.206761100371424,0.33923379284945,0.734433613968374,0.898462032230135,"transcobalamin-1-like","liver"
"LOC115110643",231.987235795805,0.070098275613286,0.136889893606754,0.512077800386481,0.60859656064041,0.826604325614899,"probable ATP-dependent RNA helicase DDX5, transcript variant X2","liver"
"LOC115143578",1177.9037102933,0.0700844193694956,0.480502100192032,0.145856634844023,0.884034565773377,0.960630469232814,"dispanin subfamily A member 2b-like","liver"
"optn",196.592929191684,0.0698344500875634,0.119336194621233,0.585190857721035,0.558419391450611,0.784868082604375,"optineurin, transcript variant X3","liver"
"LOC115127517",4510.89335182522,0.0696307448643257,0.133721476017917,0.520714749327146,0.602565498124105,0.822713003714233,"complement C3-like","liver"
"LOC115110288",16968.1254095819,0.0695277235113124,0.2517198203108,0.276210762527425,0.782386191369172,0.923011900440157,"complement C1q-like protein 2","liver"
"LOC115143473",109.108701463305,0.0694695497938776,0.109637309047181,0.633630562420884,0.526321950503388,0.768966964635751,"mitochondrial import inner membrane translocase subunit Tim17-A-like","liver"
"LOC115106750",158.23595681188,0.0694302355657541,0.124051421259744,0.559689158420667,0.575691478572343,0.800604125296935,"eukaryotic translation initiation factor 3 subunit L-like","liver"
"LOC115146252",514.098754509608,0.0690460449997092,0.159343023038906,0.433317026895182,0.664784469986395,0.857778397295667,"fibrinogen-like protein 1-like protein","liver"
"LOC115145846",13407.5044006513,0.0689170050131828,0.128696136876332,0.535501738326516,0.592302955875824,0.812590224908425,"plasma protease C1 inhibitor-like","liver"
"LOC115123308",110.50806353157,0.0688630397403801,0.230185160625565,0.29916368002713,0.764815160075717,0.914189616559714,"peroxiredoxin-1-like, transcript variant X1","liver"
"LOC115147095",60.3297964738405,0.068741899259216,0.182630783067303,0.376398206833967,0.706620878892414,0.88186978027112,"spectrin alpha chain, non-erythrocytic 1-like, transcript variant X5","liver"
"LOC115121129",344.331386943329,0.0684695361817881,0.231569803275446,0.295675581242971,0.767477847156625,0.915725033421885,"L-threonine 3-dehydrogenase, mitochondrial-like, transcript variant X2","liver"
"LOC115108451",65.8947520182152,0.0683932675025461,0.0898334916349035,0.761333732640677,0.44645775726066,0.709735498671783,"F-box-like/WD repeat-containing protein TBL1XR1, transcript variant X2","liver"
"LOC115114114",875.859831708309,0.0682872293241594,0.123852164091431,0.551360808469586,0.581386361257296,0.804116324562179,"angiopoietin-related protein 3-like","liver"
"LOC115105683",101.086536812894,0.0681914433010106,0.0828248235988124,0.823321322497673,0.410325291282681,0.683763649741703,"ras-related protein Rab-6A, transcript variant X4","liver"
"LOC115114571",288.439564488435,0.0681723400618041,0.217000282976582,0.314157839458491,0.753401161995933,0.907065404811219,"5-beta-cholestane-3-alpha,7-alpha-diol 12-alpha-hydroxylase-like","liver"
"LOC115116388",140.712386656159,0.0680548298737045,0.0986370357644312,0.689952099090201,0.490224310971304,0.745301861812397,"acidic leucine-rich nuclear phosphoprotein 32 family member B-like, transcript variant X1","liver"
"LOC115132494",746.38589471331,0.0678618235893632,0.141077526331191,0.481025045974028,0.63049869806781,0.83995494027948,"40S ribosomal protein S26","liver"
"LOC115124642",124.832508476097,0.0676363216557014,0.0879800036825347,0.768769252383291,0.442030305118999,0.707440917137375,"ankyrin repeat and KH domain-containing protein 1-like","liver"
"LOC115105452",100.739641646597,0.0675914799311146,0.15780462980762,0.428323807821833,0.668415387925057,0.859180422952549,"transducin beta-like protein 2","liver"
"ik",109.629805238853,0.0674768047209001,0.0890347418471703,0.757870504490541,0.448528509396994,0.711086038234986,"IK cytokine","liver"
"LOC115118465",91.4691819732718,0.067459156870216,0.107113402049423,0.629791936205047,0.528830722209979,0.769709401192759,"clathrin light chain A-like","liver"
"LOC115136619",395.764065655411,0.067439180948656,0.105997746048075,0.636232216844206,0.524625077574523,0.768645512650523,"26S proteasome non-ATPase regulatory subunit 2","liver"
"LOC115102443",88.6349817781925,0.0673952057693241,0.119600678727215,0.563501867100931,0.57309318905924,0.79867092571223,"heme transporter hrg1-B","liver"
"LOC115141186",229.157278946106,0.0673020266980047,0.116748809793525,0.576468632245852,0.564298466064581,0.790019412923563,"electron transfer flavoprotein subunit beta-like, transcript variant X1","liver"
"nhlrc3",68.4602539950188,0.06695977380276,0.183598209745796,0.364708206553159,0.715329232024992,0.888115123281714,"NHL repeat containing 3","liver"
"LOC115135433",317.908960760164,0.0667476209742175,0.0880559570517088,0.758013690487987,0.448442786925534,0.711086038234986,"stromal cell-derived factor 2-like","liver"
"LOC115109689",91.3322507768616,0.0667250667112113,0.106235598968396,0.628085758061773,0.529947762291416,0.769709401192759,"YY1-associated factor 2","liver"
"LOC115141787",317.700159168363,0.0666450520870857,0.107596851447954,0.619395932039172,0.535655560364444,0.773111844948287,"coiled-coil-helix-coiled-coil-helix domain-containing protein 2-like","liver"
"LOC115137347",160.306458609754,0.0659234939734319,0.132804468076147,0.496395150919417,0.619615645594396,0.83406650311848,"large neutral amino acids transporter small subunit 3-like","liver"
"LOC115120147",57.6961301231436,0.0655461067948302,0.130132839666116,0.503686133054524,0.614481954433547,0.830722536076662,"serine/threonine-protein phosphatase 4 regulatory subunit 1-like, transcript variant X7","liver"
"LOC115134617",131.90151474744,0.0655207748988997,0.111768051047358,0.586220966411391,0.557727033902038,0.784560432675476,"catalase-like, transcript variant X1","liver"
"LOC115108239",57.7489298280652,0.0654685604543574,0.295727126991381,0.221381653825304,0.824795276182307,0.939616874447622,"lipoprotein lipase-like","liver"
"aqp9",81.2314262906057,0.0654455599969443,0.266160271228812,0.245887786688804,0.80576909844694,0.931458852222038,"aquaporin 9","liver"
"LOC115132047",223.698866885056,0.0650900875925148,0.0773248854463722,0.841774122480367,0.399914399363484,0.675808910367149,"protein RER1, transcript variant X2","liver"
"LOC115138663",274.942117933111,0.0650729878093654,0.0804542900916648,0.808819364824735,0.418619055801343,0.69146125084874,"melanoma inhibitory activity protein 2-like, transcript variant X5","liver"
"LOC115131531",266.836814243336,0.0649841788897012,0.145964044864885,0.445206755881937,0.656170344914717,0.853670707268556,"myocyte-specific enhancer factor 2D homolog, transcript variant X2","liver"
"LOC115118871",416.104300784622,0.064876689502251,0.146867017416667,0.441737638874993,0.658679069639671,0.854596863619836,"elongation factor 1-gamma-like, transcript variant X2","liver"
"LOC115139580",77.3020907773343,0.064748601186626,0.132441134579664,0.488885884224131,0.624922489791915,0.83632234990038,"activator of 90 kDa heat shock protein ATPase homolog 1-like, transcript variant X1","liver"
"LOC115104069",73.9679217553723,0.0644269636591949,0.245367427069634,0.262573416645522,0.792879391720146,0.926075391590294,"nuclear receptor subfamily 1 group D member 1-like","liver"
"LOC115111850",577.773319473679,0.0643043209050224,0.117518116892013,0.547186447550987,0.584250645968047,0.806436042318239,"ATP synthase subunit alpha, mitochondrial-like","liver"
"LOC115106768",419.326021222815,0.064152731833921,0.115848546412787,0.553763804729449,0.57974050243371,0.803475786439919,"coagulation factor IX-like","liver"
"LOC115136413",899.632643051624,0.0641394612395903,0.105139852047812,0.610039485412471,0.54183565158449,0.774575981749119,"hepatocyte growth factor-like protein","liver"
"LOC115139406",143.880349814225,0.0640978900449786,0.123142944982708,0.520516137193076,0.602703883486432,0.822713003714233,"costars family protein ABRACL, transcript variant X2","liver"
"LOC115136745",61.4525385149642,0.0640924325508512,0.361036518225307,0.177523406401936,0.859097281558314,0.951562731267769,"nucleoredoxin","liver"
"LOC115126333",132.35692639205,0.0640296859067533,0.137659113808159,0.465132196012714,0.64183679094756,0.844861624160791,"transmembrane emp24 domain-containing protein 2, transcript variant X1","liver"
"LOC115131677",194.06585603851,0.0638859755740556,0.106564807430782,0.599503505090574,0.548837173414864,0.779584923708898,"splicing factor, proline- and glutamine-rich-like, transcript variant X1","liver"
"LOC115110565",127.932638540939,0.0637257711348148,0.157443565916458,0.404753098444357,0.685659007347782,0.869229610243837,"transmembrane protein 205-like","liver"
"LOC115129443",64.6855428214534,0.0634639129836853,0.220877523412355,0.2873262611932,0.773862516491806,0.919152526966405,"forkhead box protein O4-like","liver"
"LOC115134982",86.0361440168711,0.0632595618483411,0.128346745308856,0.492880140404903,0.622097280489407,0.834934682276343,"GTP-binding protein SAR1b-like, transcript variant X1","liver"
"LOC115110339",62.7372107965994,0.063183056167989,0.107857205260925,0.585802830836739,0.558008021179148,0.784560432675476,"SUMO-conjugating enzyme UBC9-B, transcript variant X3","liver"
"LOC115113042",80.6073538804306,0.0629922231592389,0.166824647047015,0.377595422944226,0.705731165366953,0.881223048482612,"leucine-rich repeat-containing protein 1-like","liver"
"wars",70.0206518195657,0.062795234629531,0.183782227983922,0.341682845606947,0.732589583195602,0.898055681535421,"tryptophanyl-tRNA synthetase","liver"
"LOC115106569",2004.84435323422,0.06272975626273,0.23201470019507,0.270369749028786,0.786875810518083,0.923982559860941,"histone H1.0-B-like","liver"
"LOC115146058",161.827072385596,0.0626841517744285,0.1269980665385,0.493583512591711,0.621600347099588,0.834934682276343,"calmodulin","liver"
"LOC115112782",70.6024342845229,0.0624856326283533,0.126861160597168,0.492551324094921,0.622329648766435,0.834934682276343,"COP1-interactive protein 1-like","liver"
"LOC115102380",339.795906785081,0.0624837440090913,0.099331390885546,0.629043280800204,0.529320721613753,0.769709401192759,"peptidyl-prolyl cis-trans isomerase FKBP1A-like","liver"
"LOC115135422",95.0992249713082,0.0624220147860785,0.575342996058253,0.108495306649667,0.913602803290779,0.971475309666763,"sentrin-specific protease 3-like, transcript variant X1","liver"
"LOC115109233",96.4392491764075,0.0623683504037027,0.12423611761337,0.502014644387043,0.615657219782111,0.831484038380346,"heterogeneous nuclear ribonucleoprotein M-like, transcript variant X2","liver"
"LOC115135549",117.176241974024,0.0623278277478482,0.121115526697081,0.514614677800434,0.606822306327198,0.825425316763068,"peroxiredoxin-4-like, transcript variant X2","liver"
"LOC115109544",171.735241965025,0.062295002782556,0.120063570873168,0.518850158541119,0.6038652368358,0.823579412299677,"GTPase KRas, transcript variant X1","liver"
"LOC115111243",365.645972574945,0.0619131154840416,0.145880752272278,0.424409077411969,0.671267501770292,0.861216977405008,"LMBR1 domain-containing protein 2-B-like, transcript variant X6","liver"
"LOC115139981",195.765694222067,0.0619021797884392,0.100088992319376,0.618471405835661,0.53626464094551,0.773111844948287,"multivesicular body subunit 12B-like","liver"
"evi5",159.928191162594,0.061798509930157,0.0927355388052991,0.666395113742798,0.505158584876783,0.757363748897249,"ecotropic viral integration site 5, transcript variant X3","liver"
"LOC115143955",160.586685105844,0.0615016871938546,0.354022518027691,0.173722529110547,0.862083531072031,0.951562731267769,"helicase with zinc finger domain 2-like","liver"
"tmem248",78.8783219514997,0.06140228750139,0.083657959971151,0.733968262225904,0.462968081456439,0.720526116844767,"transmembrane protein 248, transcript variant X3","liver"
"clta",79.3377846353137,0.0610803760038934,0.117748452217149,0.518736126494895,0.603944765300229,0.823579412299677,"clathrin light chain A, transcript variant X1","liver"
"LOC115116152",77.9586559313716,0.0610201476611825,0.118201479616562,0.51623844184631,0.605687884365188,0.82490229486555,"cyclin-T2-like","liver"
"LOC115113326",68.7189724628059,0.0608838006169105,0.220868666356722,0.275656124615603,0.782812197821547,0.923247256458514,"mRNA decay activator protein ZFP36L2-A-like","liver"
"LOC115136422",433.761690375508,0.0605482221292472,0.141288707040836,0.428542545242113,0.668256165333734,0.859180422952549,"protein ABHD14B-like","liver"
"LOC115137896",152.973462406252,0.0605360592752623,0.0912387896627147,0.663490380561248,0.50701653827953,0.757363748897249,"AP-1 complex subunit sigma-1A-like, transcript variant X2","liver"
"cmc2",64.3986618976624,0.0605199737293096,0.105386456104716,0.574267092435243,0.565787074061752,0.791402921714379,"C-X9-C motif containing 2, transcript variant X7","liver"
"LOC115141705",74.8869700051592,0.0605028040946523,0.13636628268697,0.443678619835499,0.657274955255812,0.854017442659449,"glucuronokinase 1-like, transcript variant X1","liver"
"LOC115107521",66.261211447692,0.0600477529565253,0.124991531259703,0.480414571702144,0.630932634918451,0.83995494027948,"cyclin-K-like, transcript variant X3","liver"
"LOC115107839",166.752172881231,0.0600459020744519,0.0952182827312617,0.63061315907074,0.528293492625967,0.769709401192759,"WD repeat-containing protein 26, transcript variant X2","liver"
"LOC115137105",120.087057841819,0.0600057617676231,0.236344837135962,0.253890723803302,0.799579981372938,0.929850269135189,"inositol-trisphosphate 3-kinase C-like, transcript variant X1","liver"
"LOC115128084",354.94797205261,0.0596673517686151,0.128457986797109,0.464489233066184,0.642297271779476,0.844861624160791,"eukaryotic translation initiation factor 3 subunit M-like","liver"
"LOC115130738",227.540625645437,0.0594780590902235,0.212051155435182,0.280489200674996,0.779102209693106,0.921915924490754,"RE1-silencing transcription factor B-like","liver"
"LOC115121166",104.782826469566,0.05943358172354,0.185378586715896,0.320606510042206,0.748508603554808,0.904230083892442,"progranulin-like, transcript variant X3","liver"
"LOC115118596",93.6616457517898,0.0594217074537467,0.146276905934184,0.406227538614217,0.684575421528637,0.869229610243837,"prostaglandin E synthase 3-like","liver"
"LOC115107556",3169.37341627655,0.0592265080371655,0.111211192470119,0.532558879386883,0.5943389734723,0.814568142526259,"apolipoprotein B-100-like","liver"
"LOC115107603",5224.99104130277,0.0591333729654422,0.201644201803503,0.293256004569208,0.769326479274112,0.916357314296108,"heat shock protein HSP 90-beta-like","liver"
"parp4",59.610847961709,0.0591110179153083,0.116245385630319,0.508502058768093,0.611101295658036,0.828350143366197,"poly(ADP-ribose) polymerase family member 4, transcript variant X1","liver"
"LOC115108301",574.786677687042,0.0590485745154888,0.273920191843373,0.2155685351931,0.829324084406362,0.941916768058809,"elongation factor 2, transcript variant X1","liver"
"LOC115145050",125.565088429405,0.0589683580001167,0.152442878296095,0.386822648976625,0.698887508560597,0.878359688644006,"zinc finger protein 774-like, transcript variant X2","liver"
"LOC115112746",305.565157877167,0.0588223594047055,0.136566774613123,0.430722330313079,0.66667028011228,0.859104667005265,"eukaryotic translation initiation factor 4 gamma 2-like","liver"
"LOC115135157",68.4881244871845,0.0587288403586287,0.115945553673656,0.506520849638862,0.612491056835363,0.829131035423759,"ubiquinol-cytochrome-c reductase complex assembly factor 1","liver"
"LOC115128665",140.864857520296,0.0585793292284482,0.0982033598544627,0.596510438291141,0.550834282716099,0.780469839198218,"transformer-2 protein homolog alpha-like","liver"
"LOC115105408",63.5917336320383,0.0583617814409871,0.0913410782930997,0.638943425363481,0.52285973664253,0.767162090192568,"ankyrin repeat and KH domain-containing protein 1-like, transcript variant X7","liver"
"LOC115118597",218.501203945953,0.0581216275709039,0.0895000950538961,0.649402970308619,0.516077944604036,0.762093304551333,"nascent polypeptide-associated complex subunit alpha-like, transcript variant X1","liver"
"LOC115136894",385.438210032915,0.0580798886072111,0.172636442261744,0.336428901373864,0.736547458190412,0.899776650646046,"alpha-2-macroglobulin-like, transcript variant X2","liver"
"LOC115106772",666.382924986327,0.0580459596618683,0.120993357827714,0.479745010007259,0.631408718600669,0.83995494027948,"claudin-10-like, transcript variant X2","liver"
"csnk1a1",361.856987048423,0.0580227587938675,0.0737103378156827,0.787172607171561,0.431180830396043,0.698526655283892,"casein kinase 1 alpha 1, transcript variant X7","liver"
"LOC115128400",69.3237915832607,0.0574569905807432,0.495029675045015,0.116067770231185,0.907598831767009,0.969355131596105,"class I histocompatibility antigen, F10 alpha chain-like","liver"
"LOC115113497",62.5459106528299,0.057391209823001,0.114387991194448,0.501724081555394,0.615861622479903,0.831484588681048,"autophagy-related protein 13-like, transcript variant X2","liver"
"LOC115117536",189.803307176738,0.0571970995860528,0.164128701581451,0.348489319874793,0.727472733263471,0.894203516520479,"AP-1 complex subunit mu-2-like","liver"
"LOC115111163",85.0287796124424,0.0570072554455939,0.137729414091314,0.413907630564653,0.67894175538199,0.865342900230454,"basic leucine zipper and W2 domain-containing protein 1-A","liver"
"LOC115110279",112.800511992851,0.0570013997722949,0.098031176603008,0.581461956772493,0.560929151008306,0.787367733880117,"ras-related protein Rab-5C","liver"
"LOC115113395",75.1331483962413,0.0568813113181806,0.10782264366421,0.527545136950316,0.597815080363396,0.817134227887727,"nucleolysin TIAR-like, transcript variant X7","liver"
"LOC115129805",58.2264822206146,0.0568498735234733,0.139794164432463,0.406668431077023,0.684251529681284,0.869229610243837,"guanine nucleotide-binding protein subunit alpha-11-like, transcript variant X3","liver"
"LOC115122043",312.128046578882,0.0565773344715948,0.11858881760681,0.477088275381756,0.633299263252008,0.840906442733589,"26S proteasome non-ATPase regulatory subunit 4-like, transcript variant X1","liver"
"LOC115135327",83.0633056400851,0.056452314578519,0.269557618537364,0.20942578022774,0.834115869237199,0.942624393217894,"DNA damage-inducible transcript 3 protein-like","liver"
"LOC115142066",5732.21851846356,0.0563980788938863,0.3373987797565,0.167155550872438,0.867247657539364,0.953060515538001,"hepcidin-like","liver"
"LOC115131667",59.7630338198256,0.0563257199606014,0.163663925113849,0.344154766674573,0.730729897714201,0.897395318795747,"zinc finger protein 706-like, transcript variant X1","liver"
"LOC115145227",138.074191129763,0.0563138306303045,0.109095966511763,0.516186183879061,0.605724378933413,0.82490229486555,"AP-2 complex subunit alpha-2-like, transcript variant X1","liver"
"LOC115112837",60.3146073592506,0.0559663044719716,0.137345171661931,0.407486508588232,0.683650701094834,0.869229610243837,"protein phosphatase 1 regulatory subunit 21-like, transcript variant X2","liver"
"ccni",137.720590255182,0.0559308697535671,0.117793390753517,0.474821799387732,0.634913993773008,0.84167206276547,"cyclin I, transcript variant X1","liver"
"LOC115122895",267.763108184048,0.0556714850888655,0.209947048585442,0.265169172245872,0.790879142053992,0.925796491387729,"endoplasmic reticulum chaperone BiP-like","liver"
"LOC115109495",71.046771291105,0.0551102615781265,0.123718765009304,0.445447879907157,0.655996117423867,0.853670707268556,"ubiquitin-conjugating enzyme E2 H-like","liver"
"LOC115123005",83.2065956566675,0.0549030802246621,0.196611576094625,0.279246427475045,0.780055716157249,0.921915924490754,"butyrophilin subfamily 1 member A1-like, transcript variant X1","liver"
"LOC115105143",130.733831925478,0.0547743441573353,0.269994889055647,0.202871781569339,0.839235250677309,0.943387446707312,"insulin-induced gene 1 protein-like, transcript variant X1","liver"
"LOC115143574",157.241181965858,0.0546555638534965,0.100043330599988,0.546318915271132,0.584846736228548,0.80671245240865,"eukaryotic translation initiation factor 4B-like, transcript variant X1","liver"
"LOC115135748",70.895644115456,0.0543324619764802,0.179078486293002,0.303400274936338,0.76158483617346,0.912974553329921,"moesin, transcript variant X1","liver"
"LOC115119397",152.075018433297,0.0542929179336012,0.172949999527205,0.313922625510392,0.753579805733361,0.907065404811219,"ubiquitin carboxyl-terminal hydrolase CYLD-like","liver"
"lars",93.2300179725378,0.0541382161033744,0.13990842828591,0.386954644310207,0.698789785867572,0.878359688644006,"leucyl-tRNA synthetase","liver"
"wwp1",62.1267849051547,0.0541336471662406,0.11575531972051,0.467655804475731,0.640030751016368,0.843720700940341,"WW domain containing E3 ubiquitin protein ligase 1, transcript variant X1","liver"
"LOC115102421",71.0844808247409,0.0540722723833049,0.128355861200911,0.421268431978087,0.673559079017228,0.861687651672654,"phosphatidylinositide phosphatase SAC1-B","liver"
"LOC115131466",211.440241774664,0.0540430206397538,0.127930094646714,0.422441809247438,0.672702566310329,0.861687651672654,"nuclear migration protein nudC-like","liver"
"LOC115120803",254.45022155646,0.053997684041921,0.123037018446324,0.438873476647827,0.66075321619569,0.854759755834176,"protein tyrosine phosphatase type IVA 2-like, transcript variant X5","liver"
"LOC115134468",136.980240282291,0.053883939229699,0.101526838994966,0.530735909470899,0.595601798207518,0.815202461213514,"amyloid-beta A4 protein-like, transcript variant X3","liver"
"LOC115146122",119.491784457118,0.0538023576724997,0.0989787034925333,0.543575090136015,0.586733905168124,0.80818582640165,"eukaryotic translation initiation factor 4E-like","liver"
"LOC115132097",221.802058351471,0.0533655675311961,0.106718024516496,0.500061426108455,0.617031826110304,0.832512983523867,"sodium/potassium-transporting ATPase subunit alpha-1","liver"
"LOC115144719",79.3792469701598,0.0533461491883018,0.170898420073437,0.312151213366269,0.754925606932762,0.907692263674908,"E3 ubiquitin/ISG15 ligase TRIM25-like, transcript variant X4","liver"
"LOC115139788",179.957447218744,0.0532385229146836,0.15134930492388,0.351759282551442,0.725018797145216,0.891724990091702,"riboflavin kinase-like, transcript variant X2","liver"
"LOC115129302",76.4866369054033,0.0532113084934904,0.193435821461434,0.275085080371731,0.783250873708542,0.923269326737556,"fibroblast growth factor receptor-like 1, transcript variant X1","liver"
"LOC115143915",89.4237127082387,0.0530215238191826,0.116324336706788,0.455807660892412,0.64852829470949,0.849149158122674,"inhibitor of nuclear factor kappa-B kinase subunit alpha-like, transcript variant X2","liver"
"LOC115132348",760.050982527514,0.0528957258435835,0.0861809750392809,0.613774975503281,0.539364035850689,0.773215962598105,"peptidyl-prolyl cis-trans isomerase FKBP1A-like","liver"
"LOC115139145",128.559713618106,0.0528316820226473,0.0894038635817433,0.590932873659789,0.554565398552627,0.782250760109554,"ER membrane protein complex subunit 7-like","liver"
"LOC115141237",76.507570175737,0.0527347813048664,0.248493438285836,0.212218003294747,0.831936962011113,0.942624393217894,"cytochrome P450 4B1-like","liver"
"LOC115144880",253.542718538988,0.0527140723042401,0.268783777592028,0.196120736067085,0.844515666386298,0.945322995919874,"elongation factor 2-like, transcript variant X1","liver"
"LOC115128559",808.211051881855,0.0524837035059455,0.146947469592622,0.357159627528426,0.72097230783426,0.890391307088294,"60S ribosomal protein L15","liver"
"LOC115101259",368.277622908147,0.052462681519392,0.146955841956712,0.356996229757546,0.721094628238091,0.890391307088294,"vitamin K-dependent gamma-carboxylase-like","liver"
"LOC115109414",76.5359241433974,0.0523957008799835,0.132063984667627,0.396744812840918,0.6915556505943,0.872921777341519,"tropomyosin alpha-1 chain-like, transcript variant X8","liver"
"ergic3",684.095108772094,0.0523152914584512,0.139394229741729,0.375304570034079,0.707433967755722,0.882287726690895,"ERGIC and golgi 3","liver"
"LOC115112904",114.614334475079,0.0519365547434026,0.100964127693824,0.51440601656958,0.606968153633797,0.825425316763068,"eukaryotic peptide chain release factor GTP-binding subunit ERF3A-like","liver"
"ttc25",169.181007785189,0.0519302981821277,0.438597958033596,0.118400683885879,0.905750183928704,0.969355131596105,"tetratricopeptide repeat domain 25, transcript variant X2","liver"
"LOC115101136",69.1332485155312,0.0517664934632982,0.185417658111921,0.279188584250435,0.780100103917716,0.921915924490754,"intracellular hyaluronan-binding protein 4-like, transcript variant X2","liver"
"LOC115125165",463.629921991718,0.0516235226831385,0.48574133999213,0.106277803499234,0.91536194207939,0.971678380246601,"mid1-interacting protein 1A-like","liver"
"LOC115136868",760.270976823689,0.0515223161728267,0.234838887051991,0.219394312499105,0.826342900083415,0.940567903027087,"alpha-2-macroglobulin-like, transcript variant X3","liver"
"LOC115140341",133.222200640112,0.051424033171042,0.114419905302158,0.449432579368443,0.653119633666663,0.851877000584101,"protein NipSnap homolog 1-like","liver"
"fam114a2",90.9660583170095,0.051319437780719,0.13345559049406,0.384543184670882,0.700575894941527,0.878359688644006,"family with sequence similarity 114 member A2, transcript variant X1","liver"
"dmgdh",78.9635267476338,0.0509165971263716,0.384138679749991,0.132547436148606,0.894551305357707,0.965981710346729,"dimethylglycine dehydrogenase","liver"
"psmd8",301.988440879439,0.0507456721737727,0.115128633734142,0.440773685293235,0.659376845879645,0.854596863619836,"proteasome 26S subunit, non-ATPase 8","liver"
"LOC115121826",58.3298996655827,0.0502879322914262,0.104326279994739,0.482025548059053,0.629787797517179,0.839717063356239,"sin3 histone deacetylase corepressor complex component SDS3-like, transcript variant X1","liver"
"gart",116.144720469353,0.0501299676147462,0.113247962091822,0.442656686167125,0.658014076293246,0.854366108435857,"phosphoribosylglycinamide formyltransferase, phosphoribosylglycinamide synthetase, phosphoribosylaminoimidazole synthetase, transcript variant X1","liver"
"LOC115135830",93.9679442103331,0.0500714699778147,0.100491502492093,0.498265711389425,0.618296772228732,0.83344654031755,"E3 ubiquitin-protein ligase RNF167-like, transcript variant X1","liver"
"LOC115121873",64.638982631397,0.0500266147157124,0.197514642999355,0.253280536349276,0.800051435595583,0.929850269135189,"sarcoplasmic/endoplasmic reticulum calcium ATPase 2-like, transcript variant X2","liver"
"LOC115118114",86.2450717082728,0.0499353845496906,0.16344675365766,0.305514691679227,0.759974182183354,0.911879530932985,"bromodomain-containing protein 9-like","liver"
"LOC115130874",61.6071033147416,0.0498359624470515,0.130706958148648,0.381280102857071,0.702995416205441,0.879799605594775,"mediator of RNA polymerase II transcription subunit 12","liver"
"ifrd1",1193.18584837606,0.0498074053269012,0.167193907339678,0.297902035543141,0.765777934313894,0.914267973129301,"interferon related developmental regulator 1","liver"
"LOC115141125",114.764924474538,0.0497366744054494,0.18373517585183,0.270697617779835,0.786623609165831,0.923982559860941,"nuclear receptor subfamily 1 group D member 2-like","liver"
"LOC115133554",129.106143017616,0.049462824176425,0.140496976417037,0.352056146956534,0.724796155254302,0.89172023206053,"protein transport protein Sec24D-like","liver"
"LOC115101459",58.569656199437,0.0490557780189813,0.0991112354495534,0.49495678059578,0.620630628736741,0.834839606155395,"sorting nexin-12-like, transcript variant X2","liver"
"ctsa",284.109077398947,0.0490202448729454,0.257421247107096,0.190428122868006,0.84897366199274,0.9475401550609,"cathepsin A","liver"
"lmnb2",113.787660789853,0.0489918184775195,0.0954241624969984,0.513411039673107,0.607663824841941,0.825612583351917,"lamin B2","liver"
"LOC115103675",170.824292401279,0.0488737404312634,0.246387620755902,0.198361185035684,0.842762483853845,0.944668886668767,"WW domain binding protein 1-like, transcript variant X2","liver"
"LOC115105801",91.4250310965413,0.0487726411006543,0.14502593119686,0.33630289906189,0.736642463985735,0.899776650646046,"triosephosphate isomerase B-like","liver"
"LOC115146226",99.5338240328544,0.0482772625026937,0.176889142808352,0.272923830915948,0.7849117672785,0.923786711498358,"transmembrane emp24 domain-containing protein 10-like","liver"
"LOC115136892",3890.35440520191,0.048035798259255,0.103089814228662,0.465960663705413,0.641243657313027,0.844705667068792,"alpha-2-macroglobulin-like","liver"
"LOC115106505",307.359782572369,0.0477670558034846,0.161917532472664,0.295008545856818,0.767987351440382,0.915784478748102,"transmembrane protein 150A-like, transcript variant X1","liver"
"rps20",1183.43526798755,0.0476932930055049,0.165672408776379,0.287877102516691,0.773440814847242,0.919152526966405,"ribosomal protein S20","liver"
"smarcd3",301.312446953192,0.0473648307807614,0.128998132134891,0.367174547389824,0.713488823646684,0.886819001174329,"SWI/SNF related, matrix associated, actin dependent regulator of chromatin, subfamily d, member 3, transcript variant X5","liver"
"tp53i3",60.7714101371271,0.0472586642354947,0.18503065408207,0.255409918264317,0.798406511105956,0.929791653728395,"tumor protein p53 inducible protein 3, transcript variant X5","liver"
"LOC115108369",129.317297555366,0.0471315237958531,0.122497526602586,0.384754901613322,0.700419014906066,0.878359688644006,"vesicle-trafficking protein SEC22b-B, transcript variant X1","liver"
"sf3b5",111.221637522794,0.0471289277105789,0.0983287756982147,0.4792994459244,0.631725616278466,0.840102320375539,"splicing factor 3b subunit 5","liver"
"LOC115142577",770.176229608178,0.0468482736368067,0.200354300849159,0.233827142408475,0.815119177016186,0.936475416861364,"protein disulfide-isomerase-like","liver"
"LOC115122653",195.280846887684,0.0467995651459626,0.143709708740872,0.325653468760057,0.744686553166044,0.903252528855702,"tyrosine-protein kinase ABL1-like, transcript variant X1","liver"
"lgals3bp",261.096150835635,0.0466993892014542,0.232526987941282,0.200834275689525,0.840828160802534,0.943876503285907,"galectin 3 binding protein","liver"
"LOC115111622",165.312692797291,0.0466012600576922,0.124002569049156,0.375808827309205,0.707059024826501,0.882146490723238,"26S proteasome non-ATPase regulatory subunit 9-like","liver"
"srsf2",303.218389826007,0.0465838343276147,0.105288901138973,0.442438223057602,0.658172124751862,0.854366108435857,"serine and arginine rich splicing factor 2, transcript variant X2","liver"
"LOC115138696",61.7840175475249,0.0464915498411346,0.104302283232429,0.445738562956784,0.655786105253726,0.853670707268556,"sorting nexin-6","liver"
"naa15",97.6524347758555,0.046172725146525,0.126836776723917,0.36403262791066,0.715833644987274,0.888419544471221,"N(alpha)-acetyltransferase 15, NatA auxiliary subunit","liver"
"LOC115101265",153.252437025022,0.046045179960391,0.340284357072922,0.135313830927949,0.892363750152317,0.964538489955142,"prosaposin-like, transcript variant X1","liver"
"LOC115108263",129.37228359816,0.0460343238712166,0.12926343291617,0.356127969315737,0.721744732057528,0.890643351660368,"tight junction protein ZO-3-like","liver"
"LOC115117569",89.2585501461724,0.0459755221725812,0.120545411848559,0.381395869552795,0.702909525446915,0.879799605594775,"retinoic acid receptor RXR-alpha-A-like","liver"
"LOC115145279",66.7557993477301,0.0458340317692082,0.146054370181627,0.313814860262044,0.753661657270861,0.907065404811219,"zinc finger Ran-binding domain-containing protein 2-like, transcript variant X2","liver"
"LOC115104207",91.4514871985682,0.0457062247987238,0.133607642622277,0.342092891556661,0.732280986815524,0.897947443519878,"DNA-directed RNA polymerase III subunit RPC10","liver"
"allc",185.139542114282,0.0456455336358911,0.142323880322596,0.320715915926613,0.7484256847796,0.904230083892442,"allantoicase","liver"
"LOC115125893",256.562717192278,0.0454444411314336,0.104444122464778,0.435107692601456,0.663484259965539,0.856623960601691,"NEDD4 family-interacting protein 1-like","liver"
"LOC115117084",3321.01172430274,0.0454441711591213,0.136577068921246,0.332736465338305,0.739333221095123,0.900342680539803,"glycine-rich RNA-binding protein GRP1A-like","liver"
"LOC115105605",62.2557157954482,0.0449009186531579,0.12624854450144,0.355654941056731,0.722098993226361,0.890643351660368,"arrestin red cell, transcript variant X4","liver"
"LOC115137093",106.870818798726,0.0448818920478553,0.111803417152325,0.401435780685545,0.688099310445961,0.870358242046126,"cleft lip and palate transmembrane protein 1 homolog, transcript variant X3","liver"
"LOC115139150",126.483546828451,0.0448619808498585,0.134810928959381,0.332777032219513,0.739302596693792,0.900342680539803,"26S proteasome regulatory subunit 4-like","liver"
"LOC115131393",93.9587162029102,0.0447967950403374,0.180192422890679,0.248605320477406,0.803666092545383,0.931458852222038,"uncharacterized LOC115131393, transcript variant X1","liver"
"LOC115112471",72.5724489884863,0.0446623267521758,0.142015321619345,0.314489494815832,0.753149293953606,0.907065404811219,"la-related protein 6-like","liver"
"LOC115141467",64.6791376443717,0.0446549774847213,0.13464403125797,0.331652113112722,0.740151964016645,0.900731349373448,"RNA-binding protein FUS-like, transcript variant X1","liver"
"rnf10",138.650977370282,0.0444886049473938,0.108976280762906,0.408241175381873,0.68309662142228,0.869008061459805,"ring finger protein 10","liver"
"LOC115141164",177.879970989094,0.0442771861619065,0.137842410124148,0.321215989491391,0.748046715826507,0.904230083892442,"26S proteasome regulatory subunit 6B-like","liver"
"LOC115106900",174.710509908577,0.0442506079957133,0.104201196932663,0.424665064301603,0.67108085479245,0.861216977405008,"ADP-ribosylation factor 4","liver"
"LOC115144331",110.882608289425,0.0438599342584664,0.132450045608588,0.331143217482007,0.740536308552567,0.900731349373448,"interferon gamma receptor 1-like, transcript variant X1","liver"
"LOC115145842",77.2322453111395,0.0437472847365462,0.14551063828007,0.300646641741369,0.763683960933802,0.91335623489441,"ribosomal protein S6 kinase beta-2-like, transcript variant X3","liver"
"LOC115113536",76.4011771416084,0.0435040681323108,0.0977944117839974,0.444852291032744,0.656426502337908,0.853715571026587,"vacuolar protein sorting-associated protein 35, transcript variant X3","liver"
"LOC115114230",74.7647932298001,0.0434052177372386,0.126825958538847,0.342242378747278,0.732168495051652,0.897947443519878,"pyroglutamyl-peptidase 1-like","liver"
"rfng",90.377316654815,0.0433812293386317,0.137307262063133,0.315942716261324,0.752045988369341,0.906368849377124,"RFNG O-fucosylpeptide 3-beta-N-acetylglucosaminyltransferase","liver"
"LOC115119682",87.8896961547174,0.0433273077754549,0.133709088535285,0.324041605922855,0.745906535210705,0.903511155280486,"protein transport protein Sec16B-like","liver"
"eef1d",268.372052628883,0.0427266602846231,0.116595537154333,0.366451935703744,0.714027871658296,0.886819001174329,"eukaryotic translation elongation factor 1 delta, transcript variant X5","liver"
"LOC115125590",135.820330082666,0.0427010265627101,0.208872979076431,0.204435378628295,0.838013285781676,0.942961127218176,"zinc transporter ZIP9-A-like","liver"
"LOC115137062",228.332135364304,0.042700234541359,0.122671926244016,0.348084813280103,0.727776489261383,0.89430719633084,"transmembrane protease serine 4-like, transcript variant X3","liver"
"LOC115107587",124.138397004646,0.0422161060699978,0.171569688370338,0.246058068129571,0.805637282065062,0.931458852222038,"ezrin-like, transcript variant X1","liver"
"LOC115137920",170.058291297502,0.0419702863953101,0.0860875926789218,0.487530027141604,0.625882769064979,0.837135049950938,"heterogeneous nuclear ribonucleoprotein C-like, transcript variant X8","liver"
"LOC115144216",83.7552750942134,0.0419241107541227,0.0931065510213667,0.450280998428367,0.652507838368558,0.851624063141288,"TOM1-like protein 2, transcript variant X2","liver"
"LOC115138588",88.9429029461917,0.041768296153162,0.159389073373457,0.262052443552995,0.79328101036542,0.926075391590294,"eukaryotic translation initiation factor 5-like","liver"
"LOC115109601",877.724930398768,0.0414115842804758,0.152014219875703,0.272419148118753,0.785299751190362,0.923786711498358,"fibroblast growth factor 23-like","liver"
"LOC115118343",93.1185161761163,0.0411728351872165,0.140236959970609,0.293594749885091,0.769067588057229,0.916357314296108,"NADH dehydrogenase [ubiquinone] 1 beta subcomplex subunit 2, mitochondrial-like","liver"
"LOC115126955",159.063206211773,0.0411663990840094,0.133739376857502,0.307810609345606,0.758226448210884,0.910050354213063,"catenin delta-1-like","liver"
"LOC115108229",233.534613980618,0.0411620287024812,0.154432690479129,0.266537017355429,0.789825654405766,0.925360553997672,"calreticulin-like","liver"
"LOC115146138",105.76733780202,0.0411166209800397,0.0921989260251505,0.445955530640603,0.655629368562544,0.853670707268556,"eukaryotic translation initiation factor 5-like, transcript variant X1","liver"
"LOC115116373",526.8708151035,0.0411121364177128,0.183203560938696,0.22440686309296,0.822440730887121,0.939436400348969,"glycine-rich RNA-binding protein-like, transcript variant X1","liver"
"LOC115111577",148.561841105689,0.0409847578020912,0.148113992288011,0.276710911433643,0.782002092801207,0.922986466899473,"indoleamine 2,3-dioxygenase 2-like","liver"
"LOC115133584",81.5601773351611,0.040926624979484,0.241073898400742,0.169767964308815,0.86519262193912,0.952713079197559,"perilipin-2-like, transcript variant X1","liver"
"nudt7",83.8797428095985,0.0409113315234425,0.169371604810923,0.241547758664232,0.809130605960661,0.932625956525825,"nudix hydrolase 7, transcript variant X1","liver"
"LOC115136181",118.509984325852,0.0404724577778331,0.113720063183117,0.355895491481242,0.721918832319985,0.890643351660368,"ubiquitin-conjugating enzyme E2 B-like","liver"
"LOC115103117",357.44499901774,0.0402826465399409,0.081872649528429,0.492015914618146,0.622708093061307,0.834934682276343,"25-hydroxycholesterol 7-alpha-hydroxylase-like, transcript variant X1","liver"
"LOC115105658",72.0717238753185,0.0401615851425517,0.128645524651485,0.312187969627035,0.754897674393459,0.907692263674908,"long-chain-fatty-acid--CoA ligase 4-like, transcript variant X2","liver"
"LOC115141220",144.743581187829,0.0400444714781223,0.107907168202104,0.371101124654863,0.710562213393946,0.884351628028618,"MAP7 domain-containing protein 1-like, transcript variant X3","liver"
"LOC115101326",89.2041722632278,0.0400347591978922,0.13304321273102,0.300915457287042,0.763478963089123,0.91335623489441,"barrier-to-autointegration factor-like","liver"
"LOC115144468",164.151637312391,0.0399773331341106,0.162380881254834,0.246194828019018,0.805531419013882,0.931458852222038,"ribosome-binding protein 1-like, transcript variant X4","liver"
"LOC115136867",77.5499128689892,0.0399615540428174,0.19566869157234,0.204230700996145,0.838173221002824,0.942961127218176,"dolichyl-diphosphooligosaccharide--protein glycosyltransferase subunit 2-like, transcript variant X1","liver"
"LOC115104965",123.186899926213,0.0397329645002389,0.125554489465658,0.316459926437809,0.751653437425382,0.906163682622259,"protein Aster-C-like, transcript variant X1","liver"
"tmem62",213.140881602223,0.0393685417824112,0.0998830344792053,0.394146433252459,0.69347293115072,0.874565491141811,"transmembrane protein 62, transcript variant X2","liver"
"LOC115144174",64.0511942590915,0.0392882648536058,0.80102651815174,0.0490473960141271,0.960881524808637,0.986537303556677,"phospholipid transfer protein-like, transcript variant X1","liver"
"LOC115103368",91.8824888658407,0.0392621582880679,0.224280780954777,0.175058059459783,0.861034013014225,0.951562731267769,"dnaJ homolog subfamily C member 1-like, transcript variant X3","liver"
"LOC115116084",88.519244385253,0.0390263770936771,0.0947182761918039,0.41202583770263,0.680320485313125,0.866558218167593,"YTH domain-containing family protein 1-like, transcript variant X2","liver"
"prelid1",63.8611282296314,0.0389934068893703,0.113736037654527,0.342841263802532,0.731717881154121,0.897947443519878,"PRELI domain containing 1, transcript variant X1","liver"
"LOC115145185",527.023805363765,0.0382617903951456,0.144176275217872,0.265382014740819,0.790715189758039,0.925796491387729,"60S ribosomal protein L5","liver"
"LOC115131842",58.9937061360002,0.0382484475624127,0.106351734868573,0.359641030864982,0.719115595637576,0.889788021284765,"MAP kinase-activated protein kinase 2-like","liver"
"LOC115141357",22188.3898136526,0.0382120232329667,0.203968509271133,0.187342758789161,0.851391899751904,0.948625660083242,"C-type lectin domain family 4 member E-like","liver"
"LOC115122566",627.724408438715,0.038206215227486,0.114201211499419,0.3345517505975,0.73796324683297,0.900310743517266,"elongation factor 1-gamma, transcript variant X2","liver"
"LOC115107741",196.253631823305,0.0381324904639428,0.105173104145545,0.362568840900358,0.716926989958669,0.888745258841707,"solute carrier family 22 member 2-like","liver"
"LOC115103222",119.10301329907,0.0380595959214334,0.101708870305397,0.37420134357164,0.708254524468255,0.882287726690895,"thioredoxin reductase-like selenoprotein T1a","liver"
"LOC115144781",87.3016531511605,0.0380116097424705,0.203615057899814,0.186683687024628,0.85190864710939,0.948625660083242,"acyl-coenzyme A thioesterase 1-like","liver"
"LOC115142758",173.910351991396,0.0379637731077107,0.141932847894505,0.267477005294279,0.789101916523845,0.925310532724739,"isocitrate dehydrogenase [NAD] subunit beta, mitochondrial-like, transcript variant X2","liver"
"LOC115104290",317.826771815123,0.0379326505342864,0.112606595486195,0.336859935872379,0.736222488460891,0.899776650646046,"probable ATP-dependent RNA helicase DDX5, transcript variant X2","liver"
"LOC115140844",75.5300582556477,0.0375836922362181,0.0947902658800304,0.396493161901088,0.691741251426179,0.872921777341519,"zinc finger protein 696-like, transcript variant X2","liver"
"LOC115105495",1619.9349198894,0.0374588126702607,0.103124025333862,0.363240404444924,0.716425307488145,0.888419544471221,"membrane-associated progesterone receptor component 1-like","liver"
"LOC115105016",283.195832853141,0.0374309667023044,0.171728232747002,0.217966295370019,0.827455372441172,0.941045786291913,"organic solute transporter subunit alpha-like","liver"
"LOC115141045",209.524622179871,0.0373309681715991,0.20439255796242,0.182643480485541,0.855077765645909,0.949659185542198,"sterol regulatory element-binding protein cleavage-activating protein-like, transcript variant X5","liver"
"LOC115133487",59.7561778986088,0.0371311313152404,0.132289164135094,0.280681577799691,0.778954639757627,0.921915924490754,"small ubiquitin-related modifier 1","liver"
"LOC115142010",473.003864413366,0.0371106199028759,0.179444528585577,0.206808311155488,0.836159565107506,0.942624393217894,"glyceraldehyde-3-phosphate dehydrogenase-like","liver"
"LOC115137001",234.755570339411,0.0369461768853404,0.0873139761696995,0.423141614963606,0.672191941567041,0.861687651672654,"14-3-3 protein epsilon-like, transcript variant X2","liver"
"LOC115128496",82.3732363455362,0.0368296644647962,0.317840730914381,0.115874590266775,0.907751934047965,0.969355131596105,"SH2 domain-containing protein 2A-like","liver"
"LOC115132236",67.6292337036541,0.0366697045466345,0.209463201947989,0.175065138915139,0.861028450321226,0.951562731267769,"ATPase family AAA domain-containing protein 3-like","liver"
"LOC115107410",60.5616126369038,0.0365810000426491,0.102311671081107,0.357544742023125,0.720684037405334,0.890391307088294,"protein FAM122A-like, transcript variant X2","liver"
"LOC115132237",94.1144826284153,0.0364273080430268,0.12852193780423,0.283432608201989,0.776845235029129,0.921006741704109,"msx2-interacting protein-like, transcript variant X1","liver"
"LOC115102248",1606.97388582527,0.0363468730046319,0.123911733973444,0.293328741670433,0.769270886678126,0.916357314296108,"cold shock domain-containing protein E1-like, transcript variant X14","liver"
"LOC115141860",289.783151200424,0.0362497778988938,0.284123628078024,0.127584524187968,0.898477778941565,0.966098205471291,"heat shock cognate 70 kDa protein-like","liver"
"LOC115141591",190.47032354742,0.0361582446828649,0.0995512601937595,0.363212325112601,0.716446281324068,0.888419544471221,"14-3-3 protein epsilon-like, transcript variant X3","liver"
"spidr",195.095901509071,0.0360880563196302,0.157992509988556,0.228416247847725,0.819322659338056,0.938523137052342,"scaffold protein involved in DNA repair, transcript variant X1","liver"
"LOC115145256",57.3465979763109,0.0358937939018023,0.160698223772504,0.223361485019374,0.823254177610816,0.939436400348969,"ataxin-2-like protein","liver"
"LOC115138154",4268.84170731265,0.0357852109178118,0.14172620293087,0.252495376139208,0.800658187662005,0.929850269135189,"sex hormone-binding globulin-like","liver"
"LOC115110440",121.828256174571,0.0355359211155317,0.0821003950554433,0.432834958851707,0.665134674218572,0.857939535479398,"splicing factor 3B subunit 1, transcript variant X7","liver"
"LOC115126112",83.9754147272381,0.0355293296241232,0.120533417756908,0.294767461881641,0.768171524249206,0.915784478748102,"GTP-binding protein 1-like, transcript variant X2","liver"
"LOC115110411",142.551131059101,0.035371793363569,0.143101321115738,0.247180061566035,0.804768875191886,0.931458852222038,"hsc70-interacting protein-like, transcript variant X1","liver"
"LOC115137943",87.3125693005691,0.0353329411592665,0.0884993733207965,0.399245100088902,0.689712614874343,0.871170938403415,"splicing factor 3B subunit 2-like, transcript variant X1","liver"
"LOC115140936",123.099442871505,0.0353134565191642,0.161800974286522,0.218252434355741,0.827232432936886,0.941045786291913,"oxidation resistance protein 1-like, transcript variant X4","liver"
"LOC115139674",304.256624517933,0.0352906833717501,0.138326812139379,0.255125400679305,0.798626246247083,0.929791653728395,"ADP-ribosylation factor-like protein 6-interacting protein 4","liver"
"LOC115117899",5799.52083288157,0.0351516685401655,0.192758164893175,0.182361502350088,0.855299035850199,0.949659185542198,"complement factor H-like","liver"
"LOC115128486",248.867545242434,0.0349609644475073,0.317275275288391,0.110191266608245,0.912257688333443,0.971348885600879,"lanosterol 14-alpha demethylase-like","liver"
"LOC115133545",74.8663955943536,0.0349528547099246,0.121598853896676,0.287443948605178,0.773772414199504,0.919152526966405,"adhesion G protein-coupled receptor L3-like, transcript variant X2","liver"
"LOC115124110",82.31949778083,0.0349030320254745,0.124801930938494,0.279667403885568,0.77973268869024,0.921915924490754,"T-complex protein 1 subunit theta-like","liver"
"LOC115110396",118.378688956524,0.0348256778987723,0.204734763855123,0.170101438773808,0.864930362028538,0.952713079197559,"dnaJ homolog subfamily B member 11-like","liver"
"LOC115141534",450.246611792652,0.0343996475026175,0.196786547336469,0.174806906103193,0.861231361611253,0.951562731267769,"mRNA decay activator protein ZFP36-like","liver"
"kdsr",64.615685343599,0.0341703557257901,0.135215637747133,0.252710088086794,0.800492251702704,0.929850269135189,"3-ketodihydrosphingosine reductase, transcript variant X2","liver"
"LOC115127937",132.491871403811,0.0338606649570335,0.108985621034491,0.310689287592512,0.756036841778288,0.908746723189786,"60S ribosomal protein L30-like","liver"
"LOC115130947",104.23352605412,0.0338100729199852,0.143770646450875,0.235166730863506,0.814079326868789,0.936018994729812,"autophagy-related protein 2 homolog A-like","liver"
"LOC115120904",70.5621427130337,0.0335720809334205,0.125731468286944,0.267014148413525,0.789458267606938,0.925360553997672,"endoplasmic reticulum lectin 1-like","liver"
"LOC115112872",130.223169448393,0.0334892346103171,0.143560760267782,0.233275684440861,0.815547338800609,0.936475416861364,"NHP2-like protein 1","liver"
"LOC115114129",94.8069466534385,0.0331057056824654,0.394734895301588,0.0838682013587164,0.933161222099456,0.978910864624447,"parafibromin-like","liver"
"dnajb11",78.5125539367786,0.0329519687100713,0.203136099094541,0.162216212957477,0.871135592800187,0.95424581463412,"DnaJ heat shock protein family (Hsp40) member B11","liver"
"LOC115125208",1460.45194626379,0.0328080354387034,0.158485692946885,0.207009445639354,0.836002481725169,0.942624393217894,"60S ribosomal protein L7-like","liver"
"LOC115102799",66.0310977426324,0.0328049653823531,0.133902561938428,0.244991319863153,0.806463152342498,0.931458852222038,"coatomer subunit alpha-like","liver"
"LOC115133563",102.264935388237,0.0327145384528457,0.11400942507759,0.286945911976854,0.774153735298251,0.919152526966405,"nuclear factor 1 B-type-like, transcript variant X6","liver"
"LOC115140075",69.1902530037292,0.0326848783810502,0.12200644822265,0.267894679807444,0.788780388971935,0.925310532724739,"arginine/serine-rich coiled-coil protein 2-like","liver"
"LOC115106789",111.776677815656,0.0325847808670428,0.117832952219712,0.27653368818499,0.782138188584588,0.922986466899473,"AP-2 complex subunit mu, transcript variant X2","liver"
"LOC115143301",61.6748241763198,0.0323380187491407,0.17894325101704,0.180716615828452,0.856590015981233,0.950459740511379,"guanine nucleotide-binding protein-like 3","liver"
"LOC115114687",305.48669038997,0.0323197344155729,0.113207083707575,0.285492156118585,0.775267112982179,0.919670766156974,"proteasome subunit beta type-5-like","liver"
"LOC115132962",110.190816998401,0.0322684300483479,0.104215878493455,0.309630648561624,0.756841846732166,0.908746723189786,"ubiquitin-conjugating enzyme E2 N-like","liver"
"LOC115140149",111.854373356689,0.0322637933615217,0.120984661796478,0.266676724821502,0.789718076020922,0.925360553997672,"transitional endoplasmic reticulum ATPase","liver"
"LOC115127115",114.601285521578,0.0319388378825457,0.129940964036718,0.245794989434745,0.805840935952587,0.931458852222038,"cyclin-L1-like, transcript variant X1","liver"
"LOC115134201",92.1356242564833,0.0317810095828544,0.228798724033297,0.138903788546606,0.889526177165657,0.963515465885521,"peptidyl-prolyl cis-trans isomerase FKBP4-like","liver"
"LOC115102093",474.593982869999,0.0317750812818278,0.100288733814969,0.316836000147857,0.75136804623491,0.906087620252513,"cellular nucleic acid-binding protein-like, transcript variant X1","liver"
"LOC115107965",62.6837360688577,0.0314643296067325,0.528929200910524,0.0594868454087397,0.952564342765667,0.983969051354583,"heat shock protein HSP 90-alpha","liver"
"LOC115123030",113.880521044166,0.0313845128030068,0.0919885625562136,0.341178424044054,0.732969265002454,0.898250969377632,"heterogeneous nuclear ribonucleoprotein H-like, transcript variant X2","liver"
"LOC115102617",115.736739633397,0.031363078986012,0.168068799370239,0.186608574009756,0.85196754375288,0.948625660083242,"threonine-rich protein-like","liver"
"ficd",81.2416345976141,0.0312361973516,0.227029120092535,0.137586743669131,0.890567032901111,0.963874462587608,"FIC domain containing","liver"
"LOC115135418",839.137077637126,0.0308796669568313,0.16576865822038,0.186281696964565,0.852223859953349,0.948625660083242,"transmembrane 4 L6 family member 5-like, transcript variant X2","liver"
"prrc1",63.6462081331716,0.0306024195880273,0.124479197359165,0.245843644860023,0.805803269931228,0.931458852222038,"proline rich coiled-coil 1, transcript variant X2","liver"
"LOC115115456",69.0649452320023,0.0304544282989889,0.239561812456898,0.127125554722827,0.898841025805399,0.966098205471291,"complement C3-like","liver"
"LOC115109620",82.9239839604943,0.0303421043381732,0.13419903843564,0.226097777539031,0.821125373106279,0.93908726733479,"liprin-beta-2-like, transcript variant X4","liver"
"LOC115119595",88.4005228770543,0.0302152585317179,0.107490084527067,0.281098100021583,0.778635158406252,0.921915924490754,"talin-1-like","liver"
"LOC115103753",61.1763113453732,0.0300994043798852,0.110067052133661,0.273464254710244,0.784496366087069,0.923773647406006,"WAS/WASL-interacting protein family member 2-like","liver"
"LOC115120053",57.9187836126843,0.0299251741791555,0.108918934196942,0.274747218192994,0.78351045171374,0.923269326737556,"nudC domain-containing protein 3-like","liver"
"hyi",115.141905686776,0.0298749525034256,0.182971715884794,0.163276342242077,0.870300860084526,0.954212447407395,"hydroxypyruvate isomerase (putative)","liver"
"LOC115105526",540.944326707736,0.0296403301721375,0.243945357313562,0.121503973260858,0.903291867815009,0.968153898947676,"polyubiquitin-like","liver"
"LOC115141505",62.1312013316525,0.0294656498953496,0.112734086773154,0.261373030453877,0.793804852928504,0.92629504166521,"porphobilinogen deaminase-like, transcript variant X2","liver"
"LOC115141274",134.479949432081,0.0293780444196302,0.259470376186044,0.113223115684565,0.909853669837519,0.97018356839159,"inverted formin-2-like","liver"
"LOC115135237",138.849863916484,0.0292974533440558,0.0912832338345927,0.320951089409732,0.74824745652734,0.904230083892442,"14-3-3 protein beta/alpha-1","liver"
"LOC115109103",69.2598689442176,0.0292473108220502,0.121191204599377,0.241331959020734,0.809297843040197,0.932625956525825,"lipoamide acyltransferase component of branched-chain alpha-keto acid dehydrogenase complex, mitochondrial-like","liver"
"LOC115110691",228.694675936264,0.0291842581596258,0.11455957621747,0.254751799223008,0.798914805775232,0.929850269135189,"serine/arginine-rich splicing factor 2-like, transcript variant X2","liver"
"LOC115108616",3691.79837187203,0.0288955368211018,0.409828102242967,0.0705064798215595,0.943790543235817,0.982427643479289,"insulin-like growth factor-binding protein 1","liver"
"LOC115109604",201.580778417544,0.0287033540924762,0.0997404978151484,0.287780337187336,0.773514889597599,0.919152526966405,"CCR4-NOT transcription complex subunit 1, transcript variant X1","liver"
"LOC115145817",580.504947831381,0.0286223956395884,0.108967154911149,0.262669936302611,0.792804990654679,0.926075391590294,"microsomal triglyceride transfer protein-like","liver"
"LOC115146055",497.548109489599,0.0284217715857761,0.142887092782216,0.198910699576593,0.842332599704592,0.944524807811806,"26S proteasome regulatory subunit 4","liver"
"LOC115117624",83.438608450637,0.0283986863397025,0.283848261852757,0.100048829449708,0.920305559591696,0.974075684470463,"AT-rich interactive domain-containing protein 1B-like","liver"
"LOC115128688",65.2363889611197,0.0282313821895814,0.107789640712816,0.261911831256569,0.793389417917886,0.926075391590294,"vacuolar protein sorting-associated protein 28 homolog","liver"
"LOC115103130",64.1644258104187,0.028221315624267,0.127325939914415,0.221646238333184,0.824589284635879,0.939616874447622,"nuclear receptor coactivator 2-like, transcript variant X2","liver"
"sde2",63.947000255733,0.0280179627981029,0.120292743454595,0.232914820906703,0.815827549497463,0.936475416861364,"SDE2 telomere maintenance homolog","liver"
"LOC115141144",134.894150136168,0.0280160847635181,0.114641364922262,0.244380244273223,0.806936340797163,0.931458852222038,"probable Bax inhibitor 1, transcript variant X2","liver"
"LOC115102591",86.469770207885,0.0279234091445602,0.0845012453076245,0.330449676130876,0.741060211446169,0.900731349373448,"serine/threonine-protein kinase 38, transcript variant X3","liver"
"LOC115101102",75.7632047595218,0.0278890391464108,0.347677428510641,0.0802152709938063,0.936066044803283,0.980509219639167,"rho guanine nucleotide exchange factor 28-like","liver"
"LOC115108524",79.6157544420038,0.0276561837155032,0.223113842842162,0.123955481036952,0.901350524115698,0.967071528374726,"DCN1-like protein 4, transcript variant X1","liver"
"LOC115103174",149.720963958934,0.0276471936210463,0.199893757078883,0.138309440099903,0.88999586509504,0.963734911022422,"aspartyl/asparaginyl beta-hydroxylase-like, transcript variant X3","liver"
"etnppl",600.328871129737,0.0276007310674028,0.12837121760241,0.215007161129277,0.82976173535415,0.941916768058809,"ethanolamine-phosphate phospho-lyase","liver"
"LOC115129308",407.994546069041,0.0273628125116663,0.0743388298883935,0.368082367623309,0.712811817972305,0.886339527167516,"heterogeneous nuclear ribonucleoprotein A0-like","liver"
"LOC115136771",2399.13534702905,0.0273198042162721,0.317668875343468,0.0860008843697185,0.931465714206934,0.978519136883366,"diablo homolog, mitochondrial-like","liver"
"LOC115144704",62.3422760136165,0.027301979445973,0.111712429785576,0.244395180539687,0.806924774005361,0.931458852222038,"apoptosis inhibitor 5-like, transcript variant X1","liver"
"LOC115109098",230.018896989795,0.0272098062170144,0.131486773227124,0.20693949322198,0.836057112900184,0.942624393217894,"zinc transporter 7","liver"
"LOC115137809",195.249732098811,0.0270385510715356,0.128924369056194,0.209724129499135,0.833882991713779,0.942624393217894,"death-inducer obliterator 1-like, transcript variant X2","liver"
"prodh2",1514.61118219144,0.0269097915861061,0.192716935109957,0.139633766854752,0.888949359883187,0.963402709620811,"proline dehydrogenase 2, transcript variant X2","liver"
"LOC115109369",66.9323581512322,0.0268174511642457,0.145899779214129,0.183807345759497,0.854164593242656,0.949433813745171,"UPF0183 protein C16orf70 homolog, transcript variant X3","liver"
"LOC115133056",81.7396655906326,0.026787846430199,0.16220157447345,0.165151580785573,0.868824674775033,0.953508178347612,"transcription factor ETV6-like, transcript variant X1","liver"
"ranbp1",89.8462734239104,0.0267755365849015,0.0924343746452445,0.289670771156984,0.77206811928095,0.918281194686067,"RAN binding protein 1","liver"
"LOC115128472",110.176262352515,0.0267244832025187,0.0920194637095698,0.290422070779135,0.771493360926632,0.918070421469318,"transmembrane protein 79-like, transcript variant X2","liver"
"LOC115134631",193.8604587095,0.0265773623385589,0.164402807405304,0.161660027331756,0.871573583972295,0.954469083361385,"carnitine O-palmitoyltransferase 1, liver isoform-like, transcript variant X2","liver"
"LOC115116331",92.7100572592544,0.0265624991994529,0.112699097379729,0.235693983510384,0.813670138851914,0.935812496038487,"chromobox protein homolog 3-like, transcript variant X2","liver"
"LOC115102273",204.341139588434,0.0265142600688106,0.11343990781334,0.233729562901608,0.815194935466134,0.936475416861364,"guanine nucleotide-binding protein G(I)/G(S)/G(T) subunit beta-1-like, transcript variant X1","liver"
"ddit4",241.496237503341,0.0264227140631155,0.487382179825801,0.0542135415631311,0.956765031944365,0.986036477927998,"DNA damage inducible transcript 4","liver"
"LOC115109352",118.924267774334,0.0260428112999392,0.162856677850984,0.159912455808344,0.87295003647469,0.955463036700009,"heterogeneous nuclear ribonucleoprotein A3-like","liver"
"LOC115135087",90.0930006326727,0.0259642953672199,0.0985316573518523,0.263512215921655,0.792155809237585,0.926075391590294,"survival of motor neuron-related-splicing factor 30-like","liver"
"LOC115128678",58.7540173072789,0.0258088988075472,0.106122580226451,0.243198937987322,0.807851289533099,0.931749251878017,"ubiquilin-4-like","liver"
"LOC115110741",102.429780640815,0.0257538165660094,0.11954264551426,0.215436227425109,0.82942722765576,0.941916768058809,"nucleobindin-2-like, transcript variant X2","liver"
"LOC115112422",74.4940692127661,0.0257365741479642,0.119542043488842,0.215293075112661,0.829538828304774,0.941916768058809,"protein lin-7 homolog C","liver"
"opa1",60.9104487495087,0.0257071950503579,0.13333337396075,0.19280390412925,0.847112545806267,0.947128562462964,"OPA1 mitochondrial dynamin like GTPase, transcript variant X1","liver"
"LOC115117982",201.938320317747,0.0256823589157464,0.30676739463365,0.0837193240383873,0.933279592720953,0.978910864624447,"fish-egg lectin-like","liver"
"LOC115106587",57.7027992706944,0.0256294184745304,0.161809493636711,0.158392551008612,0.874147483120915,0.956260102308333,"calpain-15-like, transcript variant X2","liver"
"LOC115146699",132.672744288522,0.025601807499844,0.145408029674478,0.17606873263573,0.860239944893648,0.951562731267769,"uncharacterized protein C1orf115 homolog","liver"
"LOC115143164",626.233280799996,0.0253638435376972,0.295986127315322,0.0856926767742612,0.931710723802588,0.978524326261105,"peptidyl-prolyl cis-trans isomerase FKBP11-like","liver"
"LOC115143323",423.705531647687,0.0253601632331556,0.0964287303167202,0.26299385203829,0.792555317733025,0.926075391590294,"succinate--CoA ligase [GDP-forming] subunit beta, mitochondrial-like, transcript variant X1","liver"
"LOC115145221",111.486103562792,0.0253103675746744,0.0936980835676607,0.270126843697901,0.787062671206376,0.923982559860941,"jupiter microtubule associated homolog 2-like","liver"
"LOC115104152",150.269237656928,0.0251880181907684,0.11496359213971,0.219095608635459,0.826575571476372,0.940570080775459,"max-like protein X","liver"
"LOC115135100",1291.22227122233,0.0249955910414236,0.183720465935228,0.136052295067856,0.891779939782408,0.964278086802558,"bifunctional 3'-phosphoadenosine 5'-phosphosulfate synthase 2-like","liver"
"LOC115117827",151.183460058832,0.0249732843854079,0.168103727646813,0.14855877817223,0.881901802226446,0.959592030399091,"coagulation factor VII-like","liver"
"LOC115139862",66.4687572676956,0.0248803348829147,0.176913783985338,0.140635366687859,0.888158007316112,0.963029430750541,"endoplasmic reticulum mannosyl-oligosaccharide 1,2-alpha-mannosidase-like, transcript variant X2","liver"
"LOC115105521",269.467948385166,0.0247993721486437,0.16003696078311,0.154960279346051,0.876852631469798,0.957803884236319,"flotillin-2a, transcript variant X2","liver"
"LOC115122704",74.4414686270832,0.0247832676881133,0.134411558761537,0.184383455682423,0.853712647761063,0.949253705605705,"small nuclear ribonucleoprotein G","liver"
"LOC115124453",6817.65859565108,0.0246967481037504,0.0971991435535634,0.25408400939398,0.799430656737934,0.929850269135189,"trypsin inhibitor ClTI-1-like","liver"
"LOC115142842",84.4507948182442,0.0246572908321033,0.102526773530767,0.240496116116478,0.809945673816809,0.932845031499665,"replication termination factor 2-like, transcript variant X2","liver"
"LOC115113776",119.81395144152,0.0246400476134558,0.151029874413397,0.163146845676448,0.870402816354439,0.954212447407395,"dipeptidase 2-like","liver"
"LOC115145781",184.549362702228,0.0245842472199592,0.118625033628227,0.207243331934529,0.83581982783456,0.942624393217894,"sarcoplasmic/endoplasmic reticulum calcium ATPase 2-like, transcript variant X1","liver"
"LOC115142714",11253.869058166,0.0245315274085403,0.131945624820682,0.185921491840896,0.85250632798943,0.948625660083242,"inter-alpha-trypsin inhibitor heavy chain H3-like, transcript variant X1","liver"
"LOC115137374",1997.86820667009,0.0242535387469746,0.131590219322901,0.184311105124464,0.85376940253938,0.949253705605705,"ATP-binding cassette sub-family A member 1-like, transcript variant X3","liver"
"LOC115130267",68.2274268805151,0.0241176306135316,0.0914618560499699,0.263690588132773,0.79201834851295,0.926075391590294,"ATP-dependent zinc metalloprotease YME1L1-like, transcript variant X2","liver"
"LOC115128149",119.967580497854,0.0241073890614553,0.164485852074693,0.146562082740758,0.883477684003885,0.960537487329911,"uncharacterized LOC115128149","liver"
"LOC115128388",156.597767463953,0.0240251851793029,0.117307392384807,0.204805380896136,0.837724182781415,0.942961127218176,"bromodomain-containing protein 2-like, transcript variant X1","liver"
"LOC115133138",63.0740238975476,0.0234594088479945,0.12201347091878,0.192269006621495,0.847531494576962,0.947227412090951,"ADP-ribosylation factor-like protein 1","liver"
"LOC115136355",120.990635011113,0.0233912399120892,0.129554366794369,0.180551535937157,0.856719599273505,0.950459740511379,"TAR DNA-binding protein 43-like, transcript variant X1","liver"
"LOC115119998",65.4631390607149,0.0233211661431822,0.111122949323223,0.209868135117149,0.833770592858758,0.942624393217894,"histone H2A.V, transcript variant X2","liver"
"LOC115103807",440.172462185135,0.0229601723263044,0.181887173500964,0.126233048127403,0.899547451975292,0.966098205471291,"peroxisomal acyl-coenzyme A oxidase 1-like, transcript variant X2","liver"
"LOC115105368",153.117485705904,0.0228637530724258,0.150451968020614,0.151967125277438,0.879212864681691,0.958297808089117,"hypoxia up-regulated protein 1-like, transcript variant X2","liver"
"LOC115142528",86.796442934075,0.0228499437495576,0.122615048591739,0.186355133501103,0.85216627432919,0.948625660083242,"puromycin-sensitive aminopeptidase-like, transcript variant X1","liver"
"LOC115106890",139.135935486721,0.0226797034510799,0.129998071194732,0.174461845800055,0.861502513531025,0.951562731267769,"regulator of nonsense transcripts 2-like, transcript variant X3","liver"
"LOC115133954",258.319942543559,0.0224750306128436,0.0917954620770787,0.244838144547622,0.806581757521327,0.931458852222038,"eukaryotic translation initiation factor 4 gamma 2-like","liver"
"LOC115139637",89.4828710681428,0.0224361168086829,0.108063612621603,0.207619533202591,0.835526051406382,0.942624393217894,"galectin-8-like","liver"
"bsg",863.545330804943,0.0221889670251399,0.132530815241111,0.167424964411272,0.86703568364072,0.953060515538001,"basigin (Ok blood group), transcript variant X2","liver"
"LOC115107894",81.1466362813231,0.0221687179610586,0.131920197314425,0.16804642816157,0.866546754005967,0.95300721538664,"serine palmitoyltransferase 2-like","liver"
"LOC115113093",70.0246601038905,0.0221257879662816,0.138622677097852,0.159611604893933,0.873187036804229,0.955465868997057,"thioredoxin domain-containing protein 9-like","liver"
"LOC115125215",522.052550454105,0.0220855982479699,0.153436017802735,0.143940116305444,0.885547757288981,0.961505769501835,"60S ribosomal protein L10","liver"
"LOC115145447",69.5661394022669,0.0219373384864752,0.0983564100535058,0.223039235313096,0.823504970178329,0.939436400348969,"MICOS complex subunit MIC13-like","liver"
"LOC115107975",100.057728792209,0.0219005461476429,0.108136557823303,0.202526754952093,0.839504944334383,0.943430425449943,"ADP-ribosylation factor 6, transcript variant X1","liver"
"LOC115102406",73.37226240657,0.0214440137119145,0.166318190871066,0.128933663838001,0.897410139087703,0.966098205471291,"solute carrier family 52, riboflavin transporter, member 3-A-like","liver"
"LOC115102871",59.209644242385,0.0213327673515144,0.169666875363647,0.125733248200581,0.899943082450538,0.966098205471291,"transcriptional repressor p66 alpha-like, transcript variant X1","liver"
"dnajc3",214.34435961675,0.0212244218703335,0.217602241542435,0.0975376986922925,0.92229939771296,0.974932011063599,"DnaJ heat shock protein family (Hsp40) member C3, transcript variant X1","liver"
"calm1",60.9167970497455,0.020895619610453,0.196847122770262,0.106151511469335,0.915462141739128,0.971678380246601,"calmodulin 1","liver"
"LOC115132474",133.737529462509,0.020598352298087,0.145045818956125,0.142012727056392,0.887069952839249,0.962645667671134,"probable Bax inhibitor 1","liver"
"LOC115145153",2938.23679173188,0.0204617685430152,0.0832618132462273,0.245752137087194,0.805874109963115,0.931458852222038,"proteoglycan 4-like, transcript variant X1","liver"
"LOC115124018",85.3189000579373,0.020427756822998,0.16128303244017,0.126657817092917,0.899211233952529,0.966098205471291,"neural cell adhesion molecule L1.1-like, transcript variant X1","liver"
"ranbp9",125.178042217672,0.0202231928866941,0.148789870040677,0.135917807315547,0.8918862579111,0.964278086802558,"RAN binding protein 9","liver"
"mesd",178.059247570082,0.0201510464835942,0.132658875419551,0.151901231032329,0.879264837339036,0.958297808089117,"mesoderm development LRP chaperone","liver"
"LOC115111493",110.770714219348,0.0199144694473178,0.0999527421147471,0.199238850540546,0.842075910246893,0.944524807811806,"ras-related protein Rab-35-like, transcript variant X1","liver"
"LOC115136804",62.0816099653768,0.0198724892336755,0.0947510881397784,0.209733625479417,0.833875579833713,0.942624393217894,"lissencephaly-1 homolog A-like, transcript variant X1","liver"
"LOC115144610",149.05107531178,0.0198185417653888,0.116828877510518,0.169637354973341,0.865295343275113,0.952713079197559,"proteasome subunit beta type-1-B","liver"
"LOC115132944",92.9650310629567,0.0197985391636019,0.14341670146367,0.138049048413077,0.890201653581801,0.963734911022422,"protein kinase C and casein kinase substrate in neurons protein 2-like, transcript variant X1","liver"
"LOC115122621",134.380028784268,0.0195665882712867,0.302882778939408,0.0646011910607866,0.948491536363437,0.983638766333216,"15-hydroxyprostaglandin dehydrogenase [NAD(+)]-like","liver"
"LOC115139642",148.326949904789,0.0194477514683591,0.126026995626656,0.154314171909416,0.877362023590761,0.957803884236319,"14-3-3 protein zeta-like","liver"
"LOC115134041",113.150448434895,0.0193517033881826,0.102541544895563,0.188720614731249,0.850311793692721,0.948603966979719,"CCR4-NOT transcription complex subunit 1-like, transcript variant X16","liver"
"LOC115138107",208.073227494322,0.0191733830992901,0.203275072990871,0.0943223525500895,0.924853094302213,0.975724361621045,"nuclear factor 1 B-type-like, transcript variant X3","liver"
"LOC115111278",63.2963149073754,0.019150242764635,0.115075855223073,0.166414081629134,0.867831092930578,0.953444618540441,"ataxin-2-like, transcript variant X1","liver"
"LOC115130799",258.39825891922,0.0191145894641998,0.0977078925846673,0.195629943073803,0.844899821917591,0.945322995919874,"alcohol dehydrogenase class-3","liver"
"masp1",121.912681201399,0.0189603809977311,0.247909097706112,0.076481182712415,0.939036284142136,0.980509219639167,"mannan binding lectin serine peptidase 1, transcript variant X2","liver"
"LOC115113362",76.4694587116682,0.0184416302626549,0.107188008802173,0.172049378178961,0.863398709564032,0.952168057408819,"probable ubiquitin carboxyl-terminal hydrolase FAF-X, transcript variant X1","liver"
"LOC115144250",88.4898852351488,0.0183420745737402,0.107206912004845,0.171090410410397,0.864152676081702,0.952484128639539,"cAMP-dependent protein kinase type I-alpha regulatory subunit-like","liver"
"LOC115110233",319.517452318441,0.0182748581823972,0.108765388289714,0.168020897730069,0.866566838782149,0.95300721538664,"glycylpeptide N-tetradecanoyltransferase 1-like, transcript variant X4","liver"
"LOC115134373",73.7465865229851,0.0182036582408544,0.140317634462823,0.129731792518762,0.896778628326401,0.966098205471291,"protein CNPPD1-like","liver"
"LOC115142989",64.9503502737692,0.0177361399323198,0.122191560602178,0.145150285706423,0.884592216396565,0.960980243612046,"arginine-glutamic acid dipeptide repeats protein-like, transcript variant X5","liver"
"idh3a",69.2849948411229,0.0177212670321544,0.141206777733471,0.125498699967528,0.900128754178317,0.966098205471291,"isocitrate dehydrogenase (NAD(+)) 3 alpha","liver"
"LOC115133332",540.934746497541,0.0175299727469381,0.129913360068868,0.134935873705717,0.892662575804176,0.96460568901851,"eukaryotic initiation factor 4A-I","liver"
"LOC115112928",104.181276359076,0.0172743836794183,0.148222380574795,0.116543693418157,0.907221659661819,0.969355131596105,"myocardin-related transcription factor A-like, transcript variant X4","liver"
"LOC115136708",704.126519327954,0.016962572180763,0.245999709240212,0.0689536269500203,0.945026531925996,0.982485949486985,"heat shock cognate 70 kDa protein-like","liver"
"LOC115102705",202.812347674985,0.0168165033354101,0.160622008929225,0.104696133783385,0.916616929896711,0.971938243043443,"nuclease-sensitive element-binding protein 1-like, transcript variant X4","liver"
"LOC115102284",310.329061674778,0.0167442638058905,0.160578175635207,0.104274841457467,0.916951242664416,0.972039860884307,"protein LYRIC-like, transcript variant X1","liver"
"gtpbp4",73.3282741870207,0.0166465878812933,0.16204983801885,0.102725112748072,0.91818114198782,0.972380399547309,"GTP binding protein 4","liver"
"LOC115118838",542.868091670848,0.0165903189546866,0.177200875810134,0.0936243620627626,0.925407556485882,0.975724361621045,"1-acyl-sn-glycerol-3-phosphate acyltransferase delta-like, transcript variant X2","liver"
"LOC115101171",69.0186045196259,0.0162256726024952,0.0927781738870558,0.174886742460006,0.86116862771316,0.951562731267769,"ras-related protein Rab-14","liver"
"LOC115102687",178.02176788628,0.0161979425696495,0.0917327054780756,0.176577617385555,0.859840176536557,0.951562731267769,"E3 ubiquitin-protein ligase HUWE1-like, transcript variant X1","liver"
"LOC115102316",114.070120636125,0.016189391420045,0.17113048146668,0.094602617145077,0.924630470980569,0.975724361621045,"cytoplasmic dynein 1 intermediate chain 2-like, transcript variant X1","liver"
"snx33",70.6144512610027,0.0158969426944657,0.16539856295842,0.0961129432452331,0.92343087167629,0.975668718997416,"sorting nexin 33","liver"
"LOC115135362",3227.81774358521,0.0158926169506597,0.153883392735324,0.103277011691539,0.91774312005613,0.972373526734802,"adenosine kinase-like, transcript variant X1","liver"
"kdm6a",90.6451385844126,0.0158359280342008,0.108334761518409,0.146175870166196,0.883782553752545,0.960612717092099,"lysine demethylase 6A, transcript variant X3","liver"
"srpra",250.091460962008,0.0157639659269061,0.129191428014265,0.122020215808478,0.90288300800227,0.968153898947676,"SRP receptor subunit alpha","liver"
"LOC115120942",253.4990175366,0.0157515783046812,0.246828210370827,0.0638159563731251,0.94911677280805,0.983638766333216,"probable N-acetyltransferase camello","liver"
"LOC115108344",111.528015286961,0.0153869061519637,0.137478202745456,0.111922514585479,0.910884844704681,0.97018356839159,"AP-3 complex subunit delta-1-like, transcript variant X2","liver"
"LOC115132370",62.6214133035298,0.0149945753196568,0.245480661022887,0.0610825115802452,0.951293496878241,0.983966701713714,"tubulin alpha-8 chain-like","liver"
"LOC115104303",97.2924124042694,0.0149841792214321,0.281046651739974,0.0533156297314497,0.957480427188544,0.986275011680693,"matrix-remodeling-associated protein 7-like, transcript variant X1","liver"
"pelo",110.090434361224,0.0147771450892303,0.0980736327318865,0.150673985225244,0.880232895696668,0.958774159829339,"pelota mRNA surveillance and ribosome rescue factor, transcript variant X1","liver"
"LOC115141958",243.008783238122,0.0146893944220879,0.0950029646785816,0.154620379182752,0.877120602949754,0.957803884236319,"26S proteasome non-ATPase regulatory subunit 2-like","liver"
"LOC115105289",280.803190099511,0.0145702645816992,0.0796097498484822,0.183021107457694,0.854781456986301,0.9496018584563,"GTP-binding protein SAR1b","liver"
"lamtor3",139.055136064484,0.014511024540349,0.0931341288408585,0.155807808812433,0.876184515260237,0.957717373076087,"late endosomal/lysosomal adaptor, MAPK and MTOR activator 3","liver"
"LOC115111808",74.0432499489056,0.0145093109318691,0.111434496252252,0.130204841587156,0.896404364158915,0.966098205471291,"leukocyte surface antigen CD53-like, transcript variant X2","liver"
"LOC115142531",64.9397223045978,0.0144813441535581,0.111339110993272,0.130065203721926,0.896514839625997,0.966098205471291,"junction plakoglobin-like","liver"
"sucla2",60.454289071408,0.0144578847054804,0.125873862000811,0.114860102611193,0.908556009237348,0.969865007228822,"succinate-CoA ligase ADP-forming beta subunit","liver"
"LOC115128332",214.46801113917,0.0142864483386051,0.0797873430002844,0.179056574656888,0.85789327927734,0.950985315837486,"zinc finger protein 706-like","liver"
"hm13",162.138336794063,0.0136888438756588,0.165959376766152,0.0824831000356633,0.934262556755434,0.979437803841344,"histocompatibility minor 13, transcript variant X1","liver"
"LOC115139012",194.944995476871,0.0136627626675608,0.119156892092448,0.114661958931931,0.908713067371656,0.969865007228822,"proteasome subunit alpha type-6-like","liver"
"LOC115133586",317.303190855112,0.0135918445963249,0.107907510342099,0.125958281802951,0.899764947786836,0.966098205471291,"integral membrane protein 2B-like","liver"
"LOC115113449",95.8320163712343,0.0134215865925394,0.151839793491931,0.0883930772288138,0.929564263331246,0.977925869632291,"src substrate cortactin-like, transcript variant X2","liver"
"LOC115136214",117.34343815416,0.0133921938879131,0.125970124761335,0.106312460301886,0.915334445727128,0.971678380246601,"glucocorticoid receptor, transcript variant X3","liver"
"LOC115102308",75.2494157841741,0.013264682439164,0.0882184403643297,0.150361788129361,0.880479187132249,0.958774159829339,"protein ILRUN-like","liver"
"gkap1",58.0573465734001,0.0132096775791673,0.128664430062484,0.102667672586372,0.91822673156467,0.972380399547309,"G kinase anchoring protein 1, transcript variant X1","liver"
"LOC115103322",165.131124106567,0.0130054502663248,0.0926520454365206,0.140368733415986,0.888368660358694,0.963029430750541,"profilin-2-like, transcript variant X2","liver"
"LOC115130791",91.6635797060699,0.0129876010248051,0.168853437760927,0.0769164145961525,0.938690039272043,0.980509219639167,"alpha-1,3-mannosyl-glycoprotein 4-beta-N-acetylglucosaminyltransferase B","liver"
"LOC115129814",360.423718062462,0.0124615869895136,0.122108188587194,0.102053655317433,0.9187140865753,0.972643796592447,"protein SON-like, transcript variant X1","liver"
"tm7sf2",211.960424322571,0.01213312525414,0.386591701172239,0.031384856988263,0.974962617575727,0.991346610464745,"transmembrane 7 superfamily member 2","liver"
"LOC115119173",129.34469564265,0.0121011758077736,0.153403057562067,0.0788848410200527,0.937124220777549,0.980509219639167,"spermatogenesis-associated protein 13-like, transcript variant X1","liver"
"LOC115102298",89.4834448891408,0.0118867025145303,0.149511754612284,0.0795034647633897,0.936632175855908,0.980509219639167,"complement receptor type 2-like, transcript variant X1","liver"
"LOC115105280",197.565901776688,0.0118495276024978,0.0697088319079629,0.169986030150998,0.865021123083487,0.952713079197559,"coiled-coil domain-containing protein 8-like, transcript variant X2","liver"
"LOC115142675",149.125483473252,0.0118210890512613,0.177521121754795,0.0665897608938584,0.946908297276481,0.983131850842008,"eukaryotic initiation factor 4A-III","liver"
"LOC115143369",320.499783370545,0.0117214968992582,0.110677984142747,0.105906310004168,0.915656687568007,0.971678380246601,"DNA topoisomerase 1-like, transcript variant X2","liver"
"LOC115145306",93.0721852562101,0.0115176444210917,0.118101045855557,0.0975236445846406,0.922310558062128,0.974932011063599,"influenza virus NS1A-binding protein homolog A-like, transcript variant X1","liver"
"LOC115107528",255.677845177609,0.0111809497082164,0.166079200963564,0.0673229979632994,0.946324568693399,0.982981381751859,"eukaryotic translation initiation factor 5-like, transcript variant X1","liver"
"LOC115137145",57.9249680623144,0.0108999322741269,0.12277023888454,0.0887831804610061,0.929254224945498,0.977925869632291,"cullin-3","liver"
"LOC115141800",292.398599455899,0.0107038083671978,0.14727290767628,0.0726800912407176,0.942060691531261,0.981554033405271,"60S acidic ribosomal protein P0","liver"
"ftsj3",114.045122356406,0.0105444291012342,0.150359374168209,0.0701281789683298,0.944091638336838,0.982427643479289,"FtsJ RNA 2'-O-methyltransferase 3","liver"
"LOC115140123",75.702285458845,0.0105352050123147,0.13869315830975,0.0759605242299402,0.939450504521626,0.980509219639167,"ubiquitin carboxyl-terminal hydrolase 4-like","liver"
"LOC115107561",448.840754618939,0.0103801249596092,0.118259368166998,0.0877742298178955,0.930056120319418,0.978046632203805,"lysosomal-associated transmembrane protein 4A-like","liver"
"LOC115137037",167.884728100956,0.0103247664395076,0.152247896593776,0.0678154947983013,0.94593250909304,0.982824600322006,"hepatocyte nuclear factor 3-beta-like","liver"
"LOC115108793",154.299093052249,0.00995881783725002,0.0925646635979164,0.107587684653717,0.914322766504711,0.971678380246601,"peptidyl-prolyl cis-trans isomerase G-like","liver"
"LOC115103612",380.596307883979,0.00987974808708812,0.184688722544955,0.053494051780467,0.957338269856956,0.986275011680693,"coenzyme Q-binding protein COQ10 homolog, mitochondrial-like","liver"
"LOC115104898",165.735668290236,0.00980674319954016,0.115288374278915,0.085062724328256,0.932211524538406,0.978746080958237,"5'-AMP-activated protein kinase subunit gamma-1-like, transcript variant X7","liver"
"LOC115139579",95.9315770261757,0.00977905676007955,0.102462379387219,0.0954404613533635,0.92396497922719,0.975668718997416,"protein sel-1 homolog 1-like","liver"
"LOC115116588",3972.78557637289,0.00957270805842527,0.261766150096495,0.0365696941903928,0.970828107892427,0.990898533151543,"amine sulfotransferase-like","liver"
"LOC115138620",74.5851012751416,0.00955219025342941,0.224400279091409,0.0425676398091215,0.966046191788494,0.990094110568243,"ornithine decarboxylase 1-like","liver"
"LOC115107060",122.620546807764,0.00941101034582171,0.0863009612264497,0.109048731463462,0.913163838650473,0.971348885600879,"cholinephosphotransferase 1-like","liver"
"LOC115102929",308.78212270735,0.00895807525220437,0.140140496209507,0.0639221031357862,0.949032252510744,0.983638766333216,"NPC intracellular cholesterol transporter 1-like","liver"
"LOC115111603",125.852431938425,0.00886928438912751,0.105034446155351,0.0844416733155273,0.932705275067826,0.978812229963043,"DNA-directed RNA polymerase III subunit RPC4-like, transcript variant X1","liver"
"LOC115121458",58.1780255599237,0.00867128739264549,0.13591327689133,0.0638001495584472,0.94912935917285,0.983638766333216,"ankyrin repeat domain-containing protein 12-like","liver"
"LOC115113026",1689.09026879143,0.00865466208731346,0.173421910537573,0.0499052401192316,0.960197901497617,0.986411356978782,"mitochondrial pyruvate carrier 1","liver"
"LOC115128416",339.171358650593,0.00862769046606746,0.141478038564559,0.0609825422631267,0.95137311243197,0.983966701713714,"DEP domain-containing mTOR-interacting protein-like, transcript variant X1","liver"
"LOC115129804",134.70829165311,0.00850933239438607,0.0936070114902336,0.0909048612803314,0.927568187445845,0.976719206011326,"amino-terminal enhancer of split-like, transcript variant X1","liver"
"LOC115109631",173.320556773769,0.00832985422249299,0.195561149256407,0.0425946270727395,0.966024678579728,0.990094110568243,"neuron navigator 2-like, transcript variant X1","liver"
"stx18",70.233843170403,0.00826799625439182,0.109410802703787,0.0755683721357584,0.939762499868889,0.980509219639167,"syntaxin 18, transcript variant X1","liver"
"LOC115120017",168.337162415314,0.00814857335072961,0.134141890505024,0.0607459259747379,0.951561555551892,0.983966701713714,"acyl-coenzyme A thioesterase 1-like","liver"
"LOC115130158",223.960515221466,0.00807157715758169,0.156314028418548,0.0516369339287267,0.958817989563541,0.986374158171334,"translocon-associated protein subunit alpha-like, transcript variant X1","liver"
"LOC115140072",152.060005114958,0.0078576060213345,0.101439454482438,0.0774610437469857,0.938256780709908,0.980509219639167,"inositol hexakisphosphate kinase 2-like","liver"
"LOC115110197",77.5266102626154,0.00782366922577503,0.129586933877353,0.060373904927635,0.951857841586493,0.983966701713714,"importin subunit beta-1, transcript variant X1","liver"
"LOC115129400",83.4809028859529,0.00780046792567594,0.104538058402434,0.0746184503986763,0.940518293753002,0.980509219639167,"transmembrane 9 superfamily member 2-like, transcript variant X1","liver"
"LOC115114162",127.853725021474,0.00761054355289175,0.124803324348085,0.0609802951375351,0.951374902048137,0.983966701713714,"DIS3-like exonuclease 2, transcript variant X1","liver"
"LOC115122093",58.5338041003392,0.00758046688501397,0.120427587413101,0.0629462654517091,0.949809293362504,0.983843120646904,"Golgi reassembly-stacking protein 2-like, transcript variant X1","liver"
"zcchc17",130.389509684573,0.00754439517547515,0.111146981737958,0.067877643256764,0.945883035795376,0.982824600322006,"zinc finger CCHC-type containing 17, transcript variant X2","liver"
"LOC115129325",553.479481646088,0.00752191505543496,0.14971636670966,0.0502411006942344,0.959930259274577,0.986411356978782,"guanine nucleotide-binding protein subunit beta-2-like 1","liver"
"LOC115133774",87.1994187052807,0.00745143961082474,0.185138998667421,0.0402478119923848,0.967895560029877,0.990507355477592,"RING finger protein 227-like","liver"
"LOC115124823",66.2058926380384,0.00742118933316354,0.255126839261452,0.0290882345214897,0.976794219320458,0.991346610464745,"60S ribosomal protein L4-B-like, transcript variant X1","liver"
"LOC115104868",697.251663106289,0.0074146273751992,0.291436538927799,0.0254416532754533,0.979702687340216,0.991354354673878,"elongation of very long chain fatty acids protein 2-like","liver"
"LOC115136909",69.0699533195598,0.00719745696888486,0.172340270337136,0.0417630595263953,0.966687583532669,0.990275168960201,"tyrosine-protein kinase BAZ1B-like, transcript variant X2","liver"
"ddrgk1",196.498298099134,0.00685490528388522,0.134228668232786,0.0510688616234879,0.959270648427666,0.986374158171334,"DDRGK domain containing 1","liver"
"ogdh",83.2794002885279,0.00677203570581916,0.0908450379945694,0.0745449157743099,0.940576802941399,0.980509219639167,"oxoglutarate dehydrogenase, transcript variant X2","liver"
"LOC115109390",65.2006830559041,0.00654857299263237,0.117021197334334,0.0559605707496125,0.955373217896989,0.985100236819663,"membrane-bound transcription factor site-1 protease-like","liver"
"pum2",95.9663658430638,0.00654535914333839,0.0847646405915544,0.0772180368802336,0.938450093131307,0.980509219639167,"pumilio RNA binding family member 2, transcript variant X2","liver"
"LOC115128280",676.751136195879,0.00628899299365479,0.083902543080686,0.0749559281845234,0.940249777412862,0.980509219639167,"transmembrane protein 268-like, transcript variant X1","liver"
"LOC115102447",199.279926613771,0.00624592616972092,0.143173999710138,0.0436247236395301,0.965203543840346,0.989888576888297,"C4b-binding protein alpha chain-like, transcript variant X2","liver"
"LOC115141011",750.160319246504,0.00615789593978018,0.19160627023271,0.0321382798814531,0.974361776235684,0.991346610464745,"tumor protein p53-inducible nuclear protein 1-like","liver"
"LOC115146925",188.178078519221,0.00594514574466627,0.0936638756334545,0.0634731982256648,0.949389700914832,0.983658469986999,"26S proteasome non-ATPase regulatory subunit 4-like, transcript variant X1","liver"
"LOC115114173",73.8063128720506,0.00575495049314474,0.1493155530325,0.038542203918249,0.969255382605152,0.990643164367753,"selenoprotein F-like","liver"
"LOC115146310",219.429471531822,0.00569110297378622,0.0917940987756156,0.0619985712556287,0.950563969787179,0.983966701713714,"probable histone deacetylase 1-B","liver"
"LOC115116615",77.423027856783,0.00566457149197541,0.269565775341416,0.0210136894596542,0.983234735477734,0.99322547256685,"complement C3-like","liver"
"golga4",196.317559268797,0.00558426923011057,0.113207426495719,0.0493277641137947,0.960658093881259,0.986537303556677,"golgin A4, transcript variant X3","liver"
"LOC115101194",83.7011809699789,0.00516548881419143,0.0948272475977979,0.0544726220052324,0.956558620669162,0.986036477927998,"protein PRRC2B-like, transcript variant X4","liver"
"LOC115114495",94.6363666391511,0.0050206417511808,0.095943115683108,0.0523293590731778,0.958266260200758,0.986374158171334,"vacuolar protein sorting-associated protein 4B-like, transcript variant X1","liver"
"LOC115142990",111.704447138456,0.00493256090814727,0.169504242632576,0.0290999259460383,0.976784894860569,0.991346610464745,"enolase-like","liver"
"LOC115144894",722.406834581328,0.00487500658358033,0.138870691168558,0.035104646938519,0.97199629597662,0.991207631323669,"ornithine decarboxylase antizyme 1-like","liver"
"LOC115144454",96.7958853372973,0.00455771505299071,0.150743845067584,0.0302348334749409,0.975879768126727,0.991346610464745,"hepatic leukemia factor-like","liver"
"LOC115141225",60.9258432295686,0.00433127871600323,0.174375348548483,0.0248388247080634,0.980183522963998,0.991354354673878,"protein eva-1 homolog B-like","liver"
"LOC115107904",90.93510856534,0.00425924956891835,0.152555907916562,0.0279192699062686,0.977726539270921,0.991346610464745,"eukaryotic translation initiation factor 2 subunit 1","liver"
"LOC115114739",74.6799133671568,0.00419111850240808,0.13045016504287,0.0321281195852127,0.974369878794988,0.991346610464745,"splicing factor 3A subunit 2-like, transcript variant X2","liver"
"LOC115126610",1383.34407972787,0.00385458844501157,0.138002524878137,0.0279312892892022,0.977716952929393,0.991346610464745,"60S ribosomal protein L10-like","liver"
"LOC115130496",76.8922638180363,0.00383481858784395,0.133338922413135,0.0287599338470895,0.977056055809227,0.991346610464745,"heterogeneous nuclear ribonucleoprotein A0-like","liver"
"LOC115138689",61.7960588229108,0.0037866580059496,0.11283317018753,0.0335597945148233,0.973228183524022,0.991346610464745,"E3 ubiquitin-protein ligase HECTD1-like, transcript variant X6","liver"
"LOC115115475",63.5982549829356,0.00362930113839434,0.135282853035565,0.0268275029462914,0.978597316930086,0.991354354673878,"adapter protein CIKS-like, transcript variant X1","liver"
"LOC115105742",140.349558749758,0.0036170295349095,0.233685615712889,0.0154781864680685,0.987650687086112,0.994733429533617,"cytochrome P450 4B1-like","liver"
"LOC115125296",270.536973753606,0.00349557446168753,0.177201673659301,0.0197265318633973,0.984261525529285,0.993624467943817,"selenide, water dikinase 2-like","liver"
"LOC115105943",91.5306309942632,0.00347235495948364,0.141408835138535,0.0245554314628351,0.98040956910952,0.991354354673878,"guanine nucleotide-binding protein G(q) subunit alpha-like, transcript variant X1","liver"
"LOC115113360",616.516130401684,0.00319539991845453,0.0863265321982339,0.0370152702429521,0.970472830191119,0.990898533151543,"kynurenine 3-monooxygenase-like, transcript variant X1","liver"
"LOC115124123",57.6594719851742,0.0031460305555677,0.10162541672905,0.0309571232948105,0.975303733923462,0.991346610464745,"renin receptor-like","liver"
"LOC115129281",81.0354964639502,0.00297768746273251,0.29843503705654,0.00997767384185649,0.992039100178946,0.996736980652877,"guanylate-binding protein 1-like, transcript variant X2","liver"
"LOC115145104",127.457415975136,0.00274146027051632,0.111590790433586,0.0245670835367719,0.980400274903437,0.991354354673878,"tripartite motif-containing protein 16-like","liver"
"LOC115131917",185.743954207053,0.00251977437492677,0.119516042124324,0.0210831477527145,0.983179328053192,0.99322547256685,"probable ATP-dependent RNA helicase DDX23","liver"
"LOC115105628",76.3372674990979,0.00246115601473829,0.122682862835159,0.0200611231093066,0.983994613163667,0.993624467943817,"serrate RNA effector molecule homolog","liver"
"LOC115112173",454.6041855527,0.00242081017715018,0.13662251200097,0.0177189698951882,0.985863047235247,0.994489832930061,"sorbitol dehydrogenase-like","liver"
"LOC115141372",59.6811021965366,0.00233103366027691,0.178135082505327,0.0130857640588973,0.989559368862724,0.995666252156125,"serine/threonine-protein phosphatase 6 regulatory ankyrin repeat subunit C-like, transcript variant X1","liver"
"LOC115137073",70.2431900540775,0.00213685979227149,0.125726885805218,0.0169960448680961,0.986439771055322,0.994733429533617,"uncharacterized LOC115137073","liver"
"LOC115132507",204.320060734079,0.00210270756324921,0.119406888605074,0.0176096001479756,0.985950298054557,0.994489832930061,"E3 ubiquitin-protein ligase HUWE1-like, transcript variant X19","liver"
"LOC115103764",108.645076339289,0.0019632171840254,0.368081933626957,0.00533364179187093,0.995744389738501,0.997947905722678,"keratin, type I cytoskeletal 13-like","liver"
"ildr1",101.406357001873,0.0019515299246826,0.121465640953183,0.016066518147587,0.98718132471375,0.994733429533617,"immunoglobulin like domain containing receptor 1","liver"
"LOC115109702",91.3928165416347,0.00187617925987511,0.128032776669766,0.0146538980773207,0.988308299409615,0.994924681793489,"CCR4-NOT transcription complex subunit 4-like","liver"
"LOC115124740",89.6365634676873,0.00176869944486254,0.112713241485746,0.0156920289182369,0.98748008621736,0.994733429533617,"receptor-type tyrosine-protein phosphatase F-like, transcript variant X2","liver"
"LOC115106398",139.062585919117,0.00172286779132622,0.111358058894389,0.0154714244162623,0.987656081776877,0.994733429533617,"2-oxoisovalerate dehydrogenase subunit beta, mitochondrial-like","liver"
"LOC115137313",224.398435429392,0.00121098257945457,0.0883451320737318,0.0137074058414887,0.989063414996072,0.995412957907158,"oxysterol-binding protein 1-like, transcript variant X5","liver"
"LOC115116868",100.608951455119,0.000974443656372342,0.166181115836283,0.00586374481521918,0.995321435354371,0.997947905722678,"solute carrier family 35 member B1-like","liver"
"cenpv",88.1569607514708,0.000915615435805102,0.12752614035712,0.00717982551060545,0.994271377294188,0.997943889153191,"centromere protein V, transcript variant X1","liver"
"LOC115133340",92.4087598450244,0.000676127714932286,0.106690458875365,0.00633728378394297,0.994943612956455,0.997947905722678,"dynactin subunit 1-like, transcript variant X5","liver"
"LOC115114557",73.6193161225573,0.000497187925698826,0.0927318455606917,0.00536156616632226,0.99572210962983,0.997947905722678,"RB1-inducible coiled-coil protein 1-like, transcript variant X2","liver"
"hypk",62.4817268135101,3.52738475226937e-05,0.116754971063974,0.00030211859247831,0.999758944243197,0.999758944243197,"huntingtin interacting protein K","liver"
"LOC115140276",404.715094541018,-8.39878430960958e-05,0.1182935861407,-0.000709994901973802,0.999433506077061,0.999758944243197,"patatin-like phospholipase domain-containing protein 7, transcript variant X3","liver"
"LOC115125240",86.8797894080323,-8.74294123995547e-05,0.217953503148518,-0.00040113790848307,0.999679938264652,0.999758944243197,"uncharacterized LOC115125240","liver"
"LOC115129238",273.366993323495,-0.000145846871440271,0.112592291567216,-0.00129535396615676,0.998966457358666,0.99970225391454,"hypoxanthine-guanine phosphoribosyltransferase","liver"
"LOC115145947",479.01361872547,-0.000273038233196479,0.11843954858493,-0.00230529613172825,0.998160641437594,0.999141152873191,"mRNA decay activator protein ZFP36L1-like, transcript variant X1","liver"
"LOC115112129",87.061242197809,-0.000309710635800421,0.116856115975405,-0.00265035880420335,0.997885322105263,0.999141152873191,"dnaJ homolog subfamily A member 2-like","liver"
"LOC115136817",69.4090382951569,-0.000419997463964866,0.167538863192992,-0.00250686590538137,0.997999812493082,0.999141152873191,"scavenger receptor class F member 1-like, transcript variant X3","liver"
"LOC115145904",61.6659502210001,-0.000682070935123685,0.109809623105466,-0.00621139491999341,0.995044055760208,0.997947905722678,"dnaJ homolog subfamily C member 5B-like, transcript variant X2","liver"
"serpind1",4337.25068189198,-0.000688267116308626,0.125412640741228,-0.00548802028440477,0.995621215326019,0.997947905722678,"serpin family D member 1, transcript variant X2","liver"
"LOC115135253",120.726653250047,-0.000970694195846578,0.22735635907018,-0.00426948337762106,0.996593455479754,0.998307919522113,"multiple coagulation factor deficiency protein 2 homolog","liver"
"LOC115136617",69.2942270214773,-0.00100905306680123,0.215847731207448,-0.00467483749380459,0.996270032925285,0.998229266028383,"eukaryotic translation initiation factor 4 gamma 1-like, transcript variant X3","liver"
"LOC115144664",71.9042671555539,-0.00105963175225397,0.11591162793896,-0.00914172090492927,0.992706063624597,0.996863738687819,"disintegrin and metalloproteinase domain-containing protein 10-like","liver"
"LOC115104854",908.704588889758,-0.00123257420394548,0.128307216141639,-0.00960642932650668,0.992335296243713,0.996736980652877,"phosphoenolpyruvate carboxykinase, cytosolic [GTP]-like","liver"
"LOC115139790",201.711236659615,-0.00142206561615136,0.147806888254368,-0.00962110516597886,0.992323587159097,0.996736980652877,"proprotein convertase subtilisin/kexin type 5-like, transcript variant X1","liver"
"LOC115131686",5631.34893475876,-0.00153727163539005,0.153349656722231,-0.0100246173890991,0.992001646520534,0.996736980652877,"elongation factor 1-alpha, oocyte form-like","liver"
"ell",262.626057431987,-0.00163141583729457,0.134430360456749,-0.0121357692693196,0.990317294740256,0.996142151576247,"elongation factor for RNA polymerase II","liver"
"LOC115113088",123.218665393249,-0.00169745275094169,0.116093063013644,-0.0146214830316106,0.988334160103493,0.994924681793489,"eukaryotic translation initiation factor 4E-like, transcript variant X2","liver"
"LOC115144405",58.0722548711833,-0.00182012525222256,0.224247693926624,-0.00811658403416235,0.993523974018378,0.997439339433229,"cordon-bleu protein-like 1, transcript variant X2","liver"
"LOC115113474",61.9739040747555,-0.0019124005055884,0.11577694640731,-0.0165179732661152,0.986821163451122,0.994733429533617,"MAP kinase-activating death domain protein-like, transcript variant X7","liver"
"LOC115144793",103.443157693585,-0.00230671107329269,0.106543848343872,-0.0216503449908036,0.982726873433172,0.993204744883117,"dihydrolipoyl dehydrogenase, mitochondrial-like","liver"
"LOC115122211",3773.90188024383,-0.00234403966115425,0.243276433629314,-0.00963529276627726,0.99231226761655,0.996736980652877,"complement component C7-like","liver"
"LOC115128360",168.397634750158,-0.00243230015920723,0.0885736562152576,-0.027460762749774,0.97809223482587,0.991354354673878,"cell division control protein 42 homolog, transcript variant X1","liver"
"LOC115111917",420.767054030919,-0.0025269140075757,0.138031319160697,-0.0183068163293712,0.9853940897342,0.99442097295286,"glycine-rich RNA-binding protein 1-like","liver"
"LOC115141104",232.543190376811,-0.00252881975791477,0.100942198034956,-0.0250521566514635,0.980013361652371,0.991354354673878,"RNA-binding protein 8A, transcript variant X2","liver"
"LOC115110604",2029.07532011426,-0.00270391523160303,0.0872630280076293,-0.0309858057110582,0.975280859639872,0.991346610464745,"microtubule-associated serine/threonine-protein kinase 1-like, transcript variant X2","liver"
"LOC115102819",58.4850115710643,-0.00289925074865383,0.126420537459434,-0.022933384139299,0.981703410700708,0.992416443952402,"U6 snRNA-associated Sm-like protein LSm7","liver"
"LOC115121180",334.989375761527,-0.00294992664859681,0.0760644416703277,-0.0387819404680855,0.969064243420436,0.990643164367753,"ras-related protein Rab-10","liver"
"LOC115109981",137.393113329623,-0.00296783461858018,0.112045249065155,-0.0264878220481653,0.978868246790319,0.991354354673878,"AP-2 complex subunit alpha-2-like, transcript variant X1","liver"
"LOC115128580",381.894931255493,-0.00313336304240365,0.101734519651114,-0.0307994086289405,0.975429512043284,0.991346610464745,"ATP-binding cassette sub-family F member 1-like, transcript variant X2","liver"
"LOC115109360",99.2366906416978,-0.00323685399322265,0.131000664472567,-0.0247086837784742,0.980287328542724,0.991354354673878,"nuclear factor erythroid 2-related factor 2-like","liver"
"LOC115137947",60.7846618475179,-0.00328127587418549,0.105419493900392,-0.0311258928759977,0.9751691401417,0.991346610464745,"H(+)/Cl(-) exchange transporter 3-like, transcript variant X1","liver"
"LOC115141687",240.268827641803,-0.0033049468190958,0.10623733775412,-0.0311090892238367,0.975182541026726,0.991346610464745,"E3 ubiquitin-protein ligase TRIP12, transcript variant X1","liver"
"LOC115128654",158.029652736822,-0.00350229300846943,0.123421057357905,-0.0283767866152147,0.977361638341963,0.991346610464745,"protein tyrosine phosphatase type IVA 2","liver"
"LOC115135141",57.2802230026111,-0.0036893748071624,0.100972334228389,-0.0365384720018198,0.970853002956681,0.990898533151543,"zinc finger SWIM domain-containing protein 8-like, transcript variant X4","liver"
"LOC115138633",146.556600115422,-0.00376321554351996,0.152739564344462,-0.0246381188768685,0.980343614052976,0.991354354673878,"fermitin family homolog 2-like, transcript variant X5","liver"
"LOC115136681",103.45981329386,-0.00397464578861974,0.202769593441325,-0.0196017840799679,0.98436104061755,0.993624467943817,"non-histone chromosomal protein HMG-14-like","liver"
"LOC115135469",83.2707063455009,-0.00404679155254895,0.117297908454349,-0.0345001168893298,0.972478349140867,0.991346610464745,"rab proteins geranylgeranyltransferase component A 2-like, transcript variant X3","liver"
"LOC115111589",185.308214929675,-0.0043120269730878,0.140850377078252,-0.0306142380484517,0.975577187151851,0.991346610464745,"anthrax toxin receptor 1-like, transcript variant X2","liver"
"LOC115133934",112.774926091276,-0.00437071371321817,0.1773287261389,-0.0246475221944279,0.980336113568825,0.991354354673878,"UDP-xylose and UDP-N-acetylglucosamine transporter","liver"
"LOC115143242",62.359177625163,-0.00440207267000998,0.10674884547099,-0.0412376607033778,0.967106430295981,0.990275168960201,"cell division control protein 42 homolog, transcript variant X1","liver"
"LOC115105622",70.0397837729954,-0.00456407727751787,0.11062017547858,-0.0412589950953533,0.967089422389002,0.990275168960201,"misshapen-like kinase 1, transcript variant X5","liver"
"LOC115146166",82.5987889242209,-0.00457678526849762,0.102882204854937,-0.0444856841370267,0.964517263084134,0.98952236706039,"protein phosphatase 1A, transcript variant X2","liver"
"LOC115102545",66.1720900809216,-0.00465299669473591,0.117430917021404,-0.0396232679839145,0.968393476834692,0.990507355477592,"calcium-binding and coiled-coil domain-containing protein 1-like, transcript variant X2","liver"
"LOC115110287",470.741832792886,-0.00477017599015864,0.139891613963219,-0.0340990846771761,0.972798138383806,0.991346610464745,"coenzyme Q-binding protein COQ10 homolog, mitochondrial-like","liver"
"LOC115103895",842.458918242127,-0.00483883146921941,0.166115800204198,-0.0291292668323619,0.976761494140398,0.991346610464745,"malate dehydrogenase, cytoplasmic-like, transcript variant X1","liver"
"LOC115108744",61.7247626232376,-0.00490329922179975,0.105298056085179,-0.0465659044819718,0.962859206819099,0.988070021901976,"protein PRRC2C-like","liver"
"LOC115108058",100.497695109894,-0.00493628963975373,0.140568245613914,-0.0351166767301898,0.971986703505999,0.991207631323669,"26S proteasome non-ATPase regulatory subunit 1-like","liver"
"LOC115114184",123.394590532998,-0.00504279945916864,0.122615350441855,-0.0411269832121059,0.967194663304848,0.990275168960201,"60S ribosomal protein L5-like","liver"
"LOC115110247",73.5588223824629,-0.00504742441069338,0.116223696012733,-0.0434285312191447,0.965359934526737,0.989888576888297,"prohibitin","liver"
"LOC115127916",100.621267828969,-0.00508157429922901,0.0878938101314335,-0.0578149279412304,0.953896047291339,0.984497811104054,"small ubiquitin-related modifier 3-like","liver"
"LOC115145200",71.50377436849,-0.00532683024626566,0.148394820193787,-0.0358963354604251,0.97136501786499,0.991059777926834,"CMP-N-acetylneuraminate-beta-1,4-galactoside alpha-2,3-sialyltransferase-like, transcript variant X3","liver"
"LOC115112143",62.2126080241372,-0.00559728287062438,0.097775814817574,-0.0572460877065311,0.954349165648911,0.984542444744359,"cytoplasmic dynein 1 light intermediate chain 2-like, transcript variant X2","liver"
"LOC115128311",124.003060710835,-0.00593543205543812,0.0998235420957913,-0.0594592410850583,0.952586328911969,0.983969051354583,"proteasome subunit beta type-2-like","liver"
"LOC115109555",122.822861594745,-0.00606488211206626,0.0839798687672201,-0.0722182851806689,0.942428193698389,0.981657278852381,"liprin-beta-1-like, transcript variant X5","liver"
"LOC115143392",113.547841889875,-0.00615625347295684,0.104582309039376,-0.0588651515682154,0.953059514918527,0.984208407096002,"ADP-ribosylation factor-like protein 8B-A","liver"
"LOC115125396",1567.06766085587,-0.00628943905903657,0.157865375263154,-0.0398405226513564,0.968220269458705,0.990507355477592,"phosphatidylinositol-binding clathrin assembly protein-like","liver"
"urad",279.052388985572,-0.00639449243918078,0.168862002547586,-0.037868154722249,0.969792803679037,0.990898533151543,"ureidoimidazoline (2-oxo-4-hydroxy-4-carboxy-5-) decarboxylase","liver"
"LOC115102921",93.7099573006771,-0.00643697121882773,0.11364425892194,-0.0566414113646443,0.954830845979586,0.984790113414168,"guanine nucleotide-binding protein G(I)/G(S)/G(O) subunit gamma-5, transcript variant X1","liver"
"LOC115110272",134.462265528728,-0.00644696542764111,0.542661214146579,-0.0118802767907045,0.990521133547235,0.996142151576247,"heat shock 70 kDa protein","liver"
"cdkn1b",191.670522172277,-0.00648899027781689,0.178271774422099,-0.0363994260945242,0.970963871787847,0.990898533151543,"cyclin dependent kinase inhibitor 1B","liver"
"LOC115131581",215.596925134012,-0.00655478120572892,0.221059344851664,-0.0296516811362457,0.976344847826123,0.991346610464745,"secretagogin-like","liver"
"LOC115122193",79.8594063202057,-0.00668256199837998,0.13416458867699,-0.0498086869588868,0.96027484408533,0.986411356978782,"serine/threonine-protein kinase ppk4-like, transcript variant X3","liver"
"fam160b1",59.981454015466,-0.00675464856223741,0.0981022354466184,-0.068853156418774,0.945106505741214,0.982485949486985,"family with sequence similarity 160 member B1","liver"
"LOC115120424",115.80916765079,-0.00675805483088292,0.130482211369081,-0.0517929207358934,0.958693696416608,0.986374158171334,"serine/arginine-rich splicing factor 5-like","liver"
"LOC115102874",335.840613915868,-0.00692457455689563,0.120210751795918,-0.0576036207530877,0.954064365520367,0.984497811104054,"cold-inducible RNA-binding protein B-like, transcript variant X8","liver"
"LOC115125895",61.4404585921022,-0.00718901615562706,0.123903975393349,-0.0580208676340256,0.953732006557072,0.984497811104054,"glucocorticoid receptor-like","liver"
"LOC115125053",64.577514420652,-0.00723123785632562,0.221804583792148,-0.0326018413717815,0.97399210141011,0.991346610464745,"E3 ubiquitin-protein ligase RNF185, transcript variant X1","liver"
"dnajc25",59.1075450070607,-0.0073520887671253,0.153815938330944,-0.0477979645471256,0.961877258760115,0.987310930925769,"DnaJ heat shock protein family (Hsp40) member C25, transcript variant X1","liver"
"LOC115112953",87.1544877266968,-0.00745869530690782,0.103664546784651,-0.0719503006404132,0.942641459624195,0.981657278852381,"ribosome-binding protein 1-like, transcript variant X2","liver"
"LOC115131640",107.193604267637,-0.00748589821110113,0.116699801350399,-0.064146623425898,0.948853478137224,0.983638766333216,"cell division control protein 42 homolog","liver"
"LOC115133309",352.66434047158,-0.00763458383045999,0.127614072292259,-0.059825563852985,0.952294565028165,0.983969051354583,"high mobility group protein B3-like","liver"
"selenos",106.73081982716,-0.007705628784618,0.147930504770335,-0.0520895186329632,0.95845736454848,0.986374158171334,"selenoprotein S","liver"
"LOC115137179",305.675215458635,-0.00780746310742293,0.129323877568237,-0.0603713966378976,0.951859839268198,0.983966701713714,"coagulation factor X-like","liver"
"LOC115124241",94.0924686774616,-0.00793551867606579,0.154929684593299,-0.0512201305830906,0.959150111011967,0.986374158171334,"dual specificity protein kinase CLK4-like, transcript variant X1","liver"
"LOC115102404",97.7377646228625,-0.00798803802167193,0.0990845975734298,-0.0806183626648142,0.935745462443556,0.980488047537258,"ubiquitin-conjugating enzyme E2 variant 1, transcript variant X2","liver"
"LOC115121211",2733.70472394223,-0.00823895429386133,0.109455359898603,-0.0752722781368928,0.939998077734572,0.980509219639167,"fatty acid-binding protein, heart-like","liver"
"LOC115134352",83.7992822579298,-0.00831829696228425,0.0930170754096893,-0.0894276338580493,0.928742062805567,0.977673721073216,"charged multivesicular body protein 1a-like","liver"
"LOC115133927",179.387775540845,-0.00849183148970823,0.0979880714416579,-0.0866618902155276,0.930940269608292,0.978219267574993,"uncharacterized LOC115133927, transcript variant X2","liver"
"LOC115144943",99.972606653241,-0.00860770509563658,0.097570261546026,-0.0882205803207378,0.929701360359452,0.977925869632291,"ER degradation-enhancing alpha-mannosidase-like protein 3, transcript variant X3","liver"
"LOC115102166",151.280517686028,-0.00877786480994578,0.173586245176558,-0.0505677440111551,0.959669966477069,0.986411356978782,"serine/threonine-protein kinase Sgk2-like","liver"
"LOC115130790",437.882823811439,-0.00881952911033254,0.108657408916864,-0.0811682258784632,0.935308168190196,0.980281844572702,"calnexin-like, transcript variant X3","liver"
"LOC115125731",339.362815965086,-0.00885812056658457,0.170141446735621,-0.0520632728623084,0.958478277267302,0.986374158171334,"sarcoplasmic/endoplasmic reticulum calcium ATPase 2","liver"
"LOC115103799",95.2182626046632,-0.00892711515360042,0.0982402452956143,-0.0908702449463341,0.927595693442062,0.976719206011326,"phosphoribosyl pyrophosphate synthase-associated protein 1-like, transcript variant X1","liver"
"LOC115117488",214.587100262432,-0.00930080758655848,0.299620894937941,-0.0310419191174398,0.975236109146295,0.991346610464745,"sterol regulatory element-binding protein 1-like","liver"
"LOC115105485",145.908410100168,-0.00945098218851151,0.0968961297860218,-0.0975372515845819,0.922299752760393,0.974932011063599,"MAP7 domain-containing protein 1-like, transcript variant X2","liver"
"LOC115143853",134.304755228724,-0.0094944877790817,0.0814637351006845,-0.116548642992456,0.907217737202967,0.969355131596105,"ubiquitin-conjugating enzyme E2 variant 1-like, transcript variant X1","liver"
"LOC115110445",105.725371811718,-0.00960470171625408,0.0887265806715232,-0.108250556299604,0.913796942409806,0.971475309666763,"interleukin enhancer-binding factor 3 homolog, transcript variant X1","liver"
"LOC115145044",69.3209241246821,-0.00961249431823739,0.103837723521568,-0.0925722752024776,0.926243370326723,0.976051700478729,"methylcrotonoyl-CoA carboxylase subunit alpha, mitochondrial-like, transcript variant X1","liver"
"avpi1",1945.44307218138,-0.00964791334025404,0.242357834404765,-0.0398085474065629,0.968245761789498,0.990507355477592,"arginine vasopressin induced 1, transcript variant X1","liver"
"snx9",325.037855140729,-0.00976778004592368,0.0816694865074098,-0.119601340275814,0.904798957960429,0.96898595708006,"sorting nexin 9, transcript variant X1","liver"
"LOC115143176",134.620586156785,-0.010210171510833,0.108328741609826,-0.0942517318959319,0.924909191523367,0.975724361621045,"myosin light polypeptide 6-like, transcript variant X2","liver"
"LOC115103680",59.5387944626024,-0.0102428804535084,0.103597816642999,-0.0988715861532649,0.921240229304524,0.974558830689136,"stromal membrane-associated protein 1-like","liver"
"LOC115133615",86.5628336315667,-0.0104486554793787,0.157039788794066,-0.0665350836219002,0.946951826890511,0.983131850842008,"eukaryotic translation initiation factor 5A-1, transcript variant X1","liver"
"LOC115125787",64.529688485848,-0.0104693728791085,0.271538742200749,-0.0385557242928098,0.969244602919439,0.990643164367753,"phosphoethanolamine N-methyltransferase 3-like","liver"
"LOC115142255",112.746636451704,-0.0106151946720972,0.122439355242061,-0.0866975708187215,0.930911907354404,0.978219267574993,"plectin-like","liver"
"LOC115136882",184.088459457523,-0.0108027790981149,0.130847383744935,-0.0825601459420316,0.934201291972839,0.979437803841344,"succinate dehydrogenase [ubiquinone] cytochrome b small subunit B, mitochondrial-like","liver"
"LOC115102046",109.675189852509,-0.0108910360988924,0.0851694798824613,-0.127874869189323,0.898247999228214,0.966098205471291,"RNA-binding protein 39-like, transcript variant X2","liver"
"LOC115144058",1109.9656962719,-0.0113261648068317,0.124337312689985,-0.0910922438469592,0.927419295534497,0.976719206011326,"APOBEC1 complementation factor-like, transcript variant X4","liver"
"vamp3",78.8658166239879,-0.0113899350962966,0.0949542440841989,-0.119951827389588,0.904521308504585,0.96898595708006,"vesicle associated membrane protein 3","liver"
"LOC115143275",85.3347060570451,-0.0115546068012519,0.111434209544193,-0.103689942689184,0.917415408202128,0.972279044158053,"eukaryotic translation initiation factor 4 gamma 3-like, transcript variant X3","liver"
"LOC115110784",82.0951835965517,-0.011961644945819,0.149860336285789,-0.0798186180698792,0.936381516489827,0.980509219639167,"DDB1- and CUL4-associated factor 7-like","liver"
"LOC115139833",213.057478052215,-0.012013844558309,0.112190257506718,-0.107084561755191,0.914721894671997,0.971678380246601,"lysosome membrane protein 2-like, transcript variant X2","liver"
"LOC115142746",58.9250947382745,-0.0127176107475824,0.136897063549754,-0.0928990762680622,0.925983739606703,0.976030442885162,"ubiquitin-associated protein 2-like, transcript variant X2","liver"
"LOC115108594",70.1905136145782,-0.0127620335377366,0.109587832805684,-0.116454840021936,0.907292074948893,0.969355131596105,"desmocollin-2-like, transcript variant X1","liver"
"LOC115111411",87.7191543668335,-0.0128037607437956,0.161523446621567,-0.0792687440219963,0.936818866706107,0.980509219639167,"ubiquitin-conjugating enzyme E2 E3-like","liver"
"LOC115135380",72.8586255971775,-0.0128452679044924,0.169781620389487,-0.0756575881124517,0.939691519019049,0.980509219639167,"eukaryotic translation initiation factor 3 subunit L","liver"
"LOC115102492",84.3878295354277,-0.012989603196795,0.11412115804934,-0.113822917842973,0.909378170846644,0.97018356839159,"probable phospholipid-transporting ATPase IIA","liver"
"dhcr24",313.101977291448,-0.0134889382893085,0.193135056609202,-0.0698419982686136,0.944319418989496,0.982427643479289,"24-dehydrocholesterol reductase","liver"
"LOC115132374",304.124395734942,-0.013507924157641,0.177951162633931,-0.0759080410473549,0.939492259489122,0.980509219639167,"CCAAT/enhancer-binding protein beta-like","liver"
"LOC115137912",217.282825283204,-0.0136651370053215,0.374583868004528,-0.0364808476086222,0.970898949937491,0.990898533151543,"E3 ubiquitin-protein ligase TRIM39-like","liver"
"wdr60",76.4928085411648,-0.0137135645619578,0.19923654759803,-0.068830567118768,0.945124486736622,0.982485949486985,"WD repeat domain 60, transcript variant X1","liver"
"LOC115134234",420.77985529676,-0.0138926461571075,0.104908345965516,-0.132426510295702,0.89464694714399,0.965981710346729,"mucosa-associated lymphoid tissue lymphoma translocation protein 1-like","liver"
"LOC115140792",71.3215984140135,-0.0146869229550867,0.168712581318845,-0.0870529206552192,0.93062944712858,0.978219267574993,"zinc finger MYM-type protein 1-like","liver"
"LOC115131428",80.0414175091331,-0.0148342046230736,0.127927751937651,-0.115957674534166,0.907686086266642,0.969355131596105,"septin-7, transcript variant X2","liver"
"LOC115128135",104.446556652564,-0.0149631400753565,0.119322610315209,-0.125400710190878,0.900206325902837,0.966098205471291,"elongin-C","liver"
"lrrc8a",71.702132146543,-0.0151926177870916,0.153602654294925,-0.0989085628554373,0.921210870071884,0.974558830689136,"leucine rich repeat containing 8 VRAC subunit A","liver"
"LOC115122861",95.1997768566514,-0.0153793939635675,0.0929135856650835,-0.165523629870492,0.868531852406581,0.95348334027682,"cip1-interacting zinc finger protein-like, transcript variant X3","liver"
"LOC115103256",493.607960320169,-0.0155595774127716,0.199702664718217,-0.0779137195526478,0.937896685962985,0.980509219639167,"angiopoietin-related protein 4-like, transcript variant X1","liver"
"LOC115144711",69.9933919425392,-0.0160094214029568,0.142960624937243,-0.11198483085804,0.910835434131995,0.97018356839159,"pleckstrin homology domain-containing family A member 7-like, transcript variant X1","liver"
"LOC115138626",2431.04228266076,-0.0160337368707306,0.116841246228071,-0.137226684825264,0.890851618992229,0.96392651951482,"apolipoprotein B-100-like, transcript variant X2","liver"
"LOC115121061",954.321419791488,-0.0160590000430601,0.167962036614274,-0.0956108914060126,0.923829614741687,0.975668718997416,"60S ribosomal protein L3-like","liver"
"LOC115138480",64.534655459099,-0.0161151883357149,0.125795348069443,-0.128106393304932,0.898064776614209,0.966098205471291,"sushi domain-containing protein 6-like, transcript variant X1","liver"
"LOC115144780",331.556351300069,-0.0162575858451317,0.118915865414991,-0.136715027792096,0.891256050611583,0.964108190629727,"peroxisomal succinyl-coenzyme A thioesterase-like","liver"
"LOC115113239",84.9997031844923,-0.0168164300459245,0.114235438442034,-0.147208521937416,0.882967434347605,0.960238864034375,"zinc finger SWIM domain-containing protein 8-like, transcript variant X2","liver"
"LOC115121482",2718.50277930821,-0.0169913808153417,0.146240471720484,-0.116187951361495,0.907503585499143,0.969355131596105,"C4b-binding protein alpha chain-like, transcript variant X1","liver"
"LOC115141448",87.5715967750433,-0.0170544022182104,0.162139133277969,-0.105183750976222,0.916230004036531,0.971780769308587,"rho GTPase-activating protein 35-like","liver"
"LOC115109156",85.1547470058956,-0.0172317931318516,0.114814817608374,-0.150083355883803,0.880698851324188,0.958774159829339,"small integral membrane protein 7","liver"
"LOC115133093",105.283946424732,-0.0173046216037587,0.146788265113568,-0.117888317505288,0.90615614997702,0.969355131596105,"cell division cycle protein 123 homolog, transcript variant X1","liver"
"LOC115136686",72.63491688934,-0.017353235522291,0.222003135048872,-0.078166623721196,0.937695511169992,0.980509219639167,"immunoglobulin superfamily member 5-like","liver"
"LOC115118233",190.638807682169,-0.0174951606358067,0.270257749301405,-0.0647350933730129,0.948384920940347,0.983638766333216,"transforming growth factor-beta-induced protein ig-h3-like","liver"
"LOC115113096",106.302304694014,-0.017811062632346,0.157647766009986,-0.112980114359615,0.910046320700977,0.97018356839159,"annexin A5-like","liver"
"LOC115105594",80.3271153309711,-0.0181380830403435,0.113138252675616,-0.160317864306673,0.872630687201191,0.955370045939311,"nuclear pore complex protein Nup98-Nup96-like, transcript variant X1","liver"
"pgam1",79.7905046819372,-0.0182737090608361,0.139985356095686,-0.130540147701916,0.896139092603409,0.966098205471291,"phosphoglycerate mutase 1","liver"
"LOC115109436",66.8826583626034,-0.0186180477023227,0.120448619232981,-0.154572529107288,0.877158328263091,0.957803884236319,"ras and EF-hand domain-containing protein-like, transcript variant X1","liver"
"LOC115105937",62.627789413236,-0.0190318076989321,0.101062725906494,-0.188316785721185,0.850628327653412,0.948603966979719,"E3 ubiquitin-protein ligase Praja-2-like, transcript variant X1","liver"
"LOC115144016",119.884410640141,-0.0192517445800749,0.0857309835429907,-0.224559940694264,0.822321631630055,0.939436400348969,"Golgi to ER traffic protein 4 homolog","liver"
"cpn1",659.533720141058,-0.0193132268279736,0.127432606426566,-0.151556398080134,0.879536825334001,0.958297808089117,"carboxypeptidase N subunit 1, transcript variant X4","liver"
"LOC115119587",1197.74527366528,-0.0196130936154305,0.138627230062655,-0.141480815901507,0.88749011428644,0.962845277037937,"40S ribosomal protein S7-like","liver"
"LOC115129538",59.1391352087503,-0.0197323980325796,0.162430917335433,-0.121481786572877,0.903309440063301,0.968153898947676,"E3 ubiquitin-protein ligase RNF130-like, transcript variant X4","liver"
"zc3h11a",92.8773490039999,-0.0198243357379633,0.111766502065559,-0.177372784972146,0.859215582807977,0.951562731267769,"zinc finger CCCH-type containing 11A, transcript variant X5","liver"
"LOC115103172",105.971286437464,-0.0203936469882151,0.0877105336037643,-0.23251080742872,0.816141294089177,0.936475416861364,"ras-related protein Rab-2A","liver"
"LOC115130338",76.9539624776285,-0.0204507615886548,0.110829757558544,-0.184524102904872,0.853602320413341,0.949253705605705,"protein scribble homolog","liver"
"LOC115112162",507.502885081803,-0.0204876515200982,0.133717256878754,-0.153216211567031,0.878227773635179,0.957895746678349,"ankyrin repeat domain-containing protein 11-like, transcript variant X1","liver"
"LOC115107130",79.9620832782426,-0.0207533850279743,0.0990465909703489,-0.209531542930005,0.834033314139711,0.942624393217894,"ubiquitin-conjugating enzyme E2 N-like","liver"
"LOC115113648",89.6569952593797,-0.0210983369580573,0.19255798160907,-0.1095687479779,0.912751396891458,0.971348885600879,"myotubularin-related protein 10-like","liver"
"acot7",115.848325099186,-0.0214242915597253,0.122930784103604,-0.174279304536683,0.861645962928963,0.951562731267769,"acyl-CoA thioesterase 7, transcript variant X3","liver"
"LOC115111494",72.3604173467079,-0.0214649090782295,0.143281372773549,-0.149809487881959,0.880914923591971,0.958774159829339,"eIF-2-alpha kinase activator GCN1-like","liver"
"LOC115112503",106.978017417835,-0.0214707329471757,0.195382892148481,-0.109890547279129,0.912496179318559,0.971348885600879,"leucine-rich repeat-containing protein 58-like, transcript variant X2","liver"
"LOC115105034",99.2680261351077,-0.0215411021919881,0.107226827397014,-0.200892842909833,0.84078236416271,0.943876503285907,"U2 snRNP-associated SURP motif-containing protein-like, transcript variant X1","liver"
"LOC115138396",100.138620392081,-0.0215500787031149,0.2293750485185,-0.0939512769252967,0.925147860842441,0.975724361621045,"guanine nucleotide-binding protein-like 3","liver"
"LOC115141451",339.220231576111,-0.0215737377595236,0.192334438762991,-0.112167835871081,0.910690331450527,0.97018356839159,"rho-related GTP-binding protein RhoU-like","liver"
"LOC115106044",160.156881123407,-0.0215787746403512,0.110483573816728,-0.19531206219077,0.845148654651115,0.945341908989557,"ornithine decarboxylase antizyme 2-like","liver"
"LOC115145572",448.612877468232,-0.0217077281397445,0.232004606478107,-0.0935659359065051,0.925453970075309,0.975724361621045,"mitochondrial uncoupling protein 2-like","liver"
"LOC115135880",91.0565437310671,-0.0217811736907428,0.156570106487053,-0.139114510294747,0.889359662163613,0.963515465885521,"nuclear receptor-interacting protein 1-like, transcript variant X1","liver"
"LOC115119706",110.818266140499,-0.0219129236847766,0.108486933193641,-0.201986755821217,0.839927078110248,0.94362363808892,"catenin alpha-1-like","liver"
"LOC115123381",98.9803447223122,-0.0222818798932201,0.109557483906212,-0.20338071940658,0.838837468571688,0.943200419833986,"probable E3 ubiquitin-protein ligase TRIM8","liver"
"mmd",76.9409398733467,-0.0226388587921127,0.176728181731372,-0.128099879545662,0.898069931372308,0.966098205471291,"monocyte to macrophage differentiation associated, transcript variant X1","liver"
"ubxn4",223.277958175552,-0.0227244607402449,0.107236056160191,-0.211910634854928,0.832176753599316,0.942624393217894,"UBX domain protein 4, transcript variant X2","liver"
"LOC115134304",71.5149579380496,-0.0230242921562601,0.134535224943538,-0.171139507633952,0.864114071499893,0.952484128639539,"PSME3-interacting protein-like, transcript variant X2","liver"
"LOC115112150",209.838213921035,-0.0230288556301562,0.0928663884453763,-0.247978369953535,0.804151142478254,0.931458852222038,"B-cadherin-like","liver"
"LOC115130335",446.931095927102,-0.0230329385109367,0.117570147966226,-0.195908050720097,0.84468213581042,0.945322995919874,"protein CDV3 homolog","liver"
"LOC115138072",80.8923947459916,-0.0231070997929131,0.104181918344657,-0.221795683551054,0.824472939807,0.939616874447622,"thyroid receptor-interacting protein 6-like, transcript variant X3","liver"
"LOC115136630",57.5826685747744,-0.0232157631529133,0.126508986803868,-0.183510782430861,0.85439725927804,0.949433813745171,"nuclear fragile X mental retardation-interacting protein 2-like, transcript variant X1","liver"
"LOC115105527",171.151488724268,-0.0232420204299511,0.124967944032988,-0.185983858579092,0.852457419473069,0.948625660083242,"nuclear receptor corepressor 1-like, transcript variant X1","liver"
"LOC115145182",74.8159035423998,-0.0232697653900558,0.105092749610853,-0.221421225310226,0.824764467143036,0.939616874447622,"ecotropic viral integration site 5 protein homolog, transcript variant X3","liver"
"LOC115143366",103.142944399655,-0.0234339218425792,0.130268109634437,-0.179889935520982,0.857238976600341,0.950563255550715,"WD repeat-containing protein 1-like","liver"
"LOC115145968",74.0256141157941,-0.0234815015475718,0.199217231114741,-0.117868827993334,0.906171592693096,0.969355131596105,"calmin-like","liver"
"LOC115109029",748.395649875139,-0.0238120377197289,0.13603427479713,-0.175044397856644,0.861044747659514,0.951562731267769,"26S proteasome non-ATPase regulatory subunit 1, transcript variant X2","liver"
"LOC115139444",191.217674341599,-0.0238599812286621,0.116989906855474,-0.203949057401491,0.838393308400066,0.942961127218176,"mannosyl-oligosaccharide 1,2-alpha-mannosidase IA-like","liver"
"eif4ebp2",95.2106894547962,-0.0238618895378348,0.112074796449381,-0.212910398178703,0.831396851757009,0.942624393217894,"eukaryotic translation initiation factor 4E binding protein 2","liver"
"LOC115144448",328.214451973481,-0.0238758582270859,0.106607571086909,-0.223960249573849,0.8227882338239,0.939436400348969,"Na(+)/H(+) exchange regulatory cofactor NHE-RF1-like","liver"
"LOC115145155",535.888903164244,-0.0239343237838105,0.116320422678023,-0.205762008362548,0.836976819074645,0.942929108498688,"plasminogen activator inhibitor 1 RNA-binding protein-like, transcript variant X3","liver"
"LOC115140904",581.32956368339,-0.0239743651581842,0.112915383667,-0.212321513505079,0.831856212679877,0.942624393217894,"LIM domain and actin-binding protein 1-like, transcript variant X2","liver"
"plekhf2",195.33003174133,-0.0240653469754393,0.183621003513201,-0.131059881576724,0.895727937215533,0.966098205471291,"pleckstrin homology and FYVE domain containing 2, transcript variant X2","liver"
"LOC115133526",148.731786313049,-0.0242272744397121,0.123138990089488,-0.196747386202417,0.844025225944365,0.945322995919874,"dnaJ homolog subfamily C member 3-like","liver"
"nol7",111.497626427847,-0.0243688482509458,0.10563981266678,-0.230678639385822,0.817564469308894,0.937381934431238,"nucleolar protein 7","liver"
"LOC115107632",68.6506500769519,-0.0245093302185646,0.141672614431693,-0.17299977357573,0.86265160559965,0.951859216140815,"cell cycle control protein 50A-like, transcript variant X2","liver"
"LOC115116430",446.094988237013,-0.0245909901197284,0.232884823530859,-0.10559292678198,0.915905336986396,0.97168926433018,"mitochondrial uncoupling protein 2-like","liver"
"ndufa3",68.5725052877257,-0.0246650902228925,0.123964813956242,-0.198968476906673,0.842287403340058,0.944524807811806,"NADH:ubiquinone oxidoreductase subunit A3, transcript variant X1","liver"
"LOC115141038",215.955407578844,-0.0249059227351566,0.1115234414384,-0.223324553241243,0.823282919050466,0.939436400348969,"cytosolic 5'-nucleotidase 3, transcript variant X1","liver"
"LOC115142908",106.305820334255,-0.0249252874114015,0.0826883501088044,-0.301436506818722,0.763081659673995,0.91335623489441,"synaptophysin-like protein 1","liver"
"LOC115146236",73.7559288116174,-0.0249804620992692,0.162296124473487,-0.153919030292988,0.87767357890644,0.957803884236319,"rRNA-processing protein FCF1 homolog","liver"
"LOC115106848",76.3648466367409,-0.0251169231770217,0.100623491962053,-0.249612915307032,0.802886709729752,0.931293747540828,"lysine-specific demethylase 5A-like, transcript variant X1","liver"
"LOC115122811",507.102435956547,-0.0251675440416133,0.116864618692402,-0.21535640404438,0.829489457040634,0.941916768058809,"heterogeneous nuclear ribonucleoprotein A1-like, transcript variant X5","liver"
"LOC115131974",74.4339434287254,-0.0252233576930815,0.21769648369039,-0.115864791500052,0.907759700025106,0.969355131596105,"inosine-5'-monophosphate dehydrogenase 2-like, transcript variant X1","liver"
"LOC115115367",86.1262560899624,-0.0254657470240263,0.0991050539004981,-0.256957097764096,0.797211892286438,0.92912946054769,"transformer-2 protein homolog alpha-like","liver"
"LOC115113442",65.0904187594425,-0.0256093191913799,0.203809100246401,-0.125653462776779,0.900006241116395,0.966098205471291,"triadin-like, transcript variant X27","liver"
"LOC115146158",73.0334090853909,-0.0257392025723992,0.136893075525555,-0.188024138354568,0.850857728969051,0.948603966979719,"hypoxia-inducible factor 1-alpha","liver"
"LOC115113359",1066.83014186598,-0.0258406043171072,0.170324013351426,-0.151714393106689,0.879412204530491,0.958297808089117,"insulin-degrading enzyme-like, transcript variant X3","liver"
"LOC115135831",59.7995515358943,-0.026186391448556,0.148040638773452,-0.176886506742444,0.859597537552319,0.951562731267769,"serrate RNA effector molecule homolog","liver"
"LOC115137941",881.544601938288,-0.0263950059881816,0.149556798966651,-0.176488171521158,0.859910440586741,0.951562731267769,"calpain-1 catalytic subunit-like, transcript variant X2","liver"
"LOC115146762",98.3405466520599,-0.0265103530927324,0.108042080425122,-0.245370627707463,0.806169469647361,0.931458852222038,"gephyrin-like","liver"
"LOC115121575",120.11782260501,-0.0266687677963289,0.141660944057072,-0.188257730271689,0.850674619202807,0.948603966979719,"ubiquitin carboxyl-terminal hydrolase 16-like","liver"
"negr1",192.816784643826,-0.02680474713495,0.412893106107112,-0.0649193380525862,0.948238223532312,0.983638766333216,"neuronal growth regulator 1, transcript variant X2","liver"
"LOC115101058",633.014765335077,-0.0268458806136993,0.201030184457818,-0.133541540968602,0.893765113510747,0.965541108579328,"polyubiquitin-B, transcript variant X3","liver"
"LOC115143449",76.6138118943252,-0.0269106933864705,0.115748981382151,-0.232491837639793,0.816156026175705,0.936475416861364,"guanine nucleotide-binding protein G(I)/G(S)/G(T) subunit beta-1-like","liver"
"LOC115103165",38924.8842615055,-0.0269124141238874,0.136099596171641,-0.197740587635153,0.84324803232411,0.944771572224594,"serotransferrin","liver"
"LOC115142781",151.8592831287,-0.0269374076099292,0.118382129816545,-0.227546232287539,0.819999023742955,0.938523137052342,"phosphatidate phosphatase LPIN2-like, transcript variant X3","liver"
"LOC115138046",10597.7156846746,-0.0269773394578551,0.149329346668983,-0.180656649611248,0.856637087408381,0.950459740511379,"ceruloplasmin-like","liver"
"LOC115104890",205.984976151694,-0.0270233977272093,0.141185670505,-0.191403260901412,0.848209665466633,0.947465770469168,"melanoma receptor tyrosine-protein kinase-like","liver"
"LOC115140366",126.515013991933,-0.0270962693882592,0.119004696026619,-0.227690757532781,0.819886658152398,0.938523137052342,"terminal uridylyltransferase 7-like","liver"
"LOC115111608",73.447977448858,-0.0275121512007886,0.129881562584308,-0.211824916896346,0.832243628721028,0.942624393217894,"ubiquitin-conjugating enzyme E2 D4, transcript variant X1","liver"
"LOC115129214",85.0341293683207,-0.0275637370397784,0.140624549156028,-0.19600942513384,0.844602788903752,0.945322995919874,"serine/arginine repetitive matrix protein 1-like, transcript variant X2","liver"
"LOC115113591",392.45627802696,-0.0277172662884946,0.115069141413117,-0.240874885726183,0.809652087404277,0.932770465873327,"sorbitol dehydrogenase-like, transcript variant X1","liver"
"LOC115105942",59.3210313361721,-0.0279316170042775,0.160860594019239,-0.173638653857867,0.862149452053943,0.951562731267769,"heterogeneous nuclear ribonucleoprotein K-like, transcript variant X1","liver"
"LOC115101794",84.4164569891056,-0.0279980487023646,0.291823281910521,-0.0959417923034306,0.923566802198109,0.975668718997416,"urokinase plasminogen activator surface receptor-like","liver"
"LOC115102780",304.146903296115,-0.0281175506794269,0.147318962837225,-0.190861720296622,0.848633931574174,0.947507817776998,"matrix metalloproteinase-14-like","liver"
"LOC115130531",69.7614454119927,-0.0282102490051332,0.373098814782105,-0.0756106636833151,0.939728852360637,0.980509219639167,"H-2 class II histocompatibility antigen gamma chain-like, transcript variant X1","liver"
"LOC115137178",179.66507365096,-0.028250809077453,0.0931937603024636,-0.303140564194041,0.761782741873175,0.912974553329921,"protein IWS1 homolog","liver"
"tmco1",217.354978740132,-0.0283543732877013,0.128094394920106,-0.221355300560858,0.824815794105395,0.939616874447622,"transmembrane and coiled-coil domains 1","liver"
"LOC115143411",78.6336794747179,-0.0283709110523078,0.225685924392011,-0.125709705329377,0.899961719076237,0.966098205471291,"neural cell adhesion molecule L1-like protein, transcript variant X1","liver"
"LOC115104102",95.1663661004823,-0.0284143368962223,0.112623108869695,-0.25229579596402,0.80081243739258,0.929850269135189,"prohibitin-like, transcript variant X2","liver"
"LOC115102686",59.5854516793373,-0.0286774688614896,0.182856677269446,-0.156830307154889,0.875378586745034,0.95709311147338,"rRNA 2'-O-methyltransferase fibrillarin-like","liver"
"LOC115132375",136.36694533626,-0.0287078181344378,0.0903588198219861,-0.317709086849456,0.750705617785712,0.905556702602712,"ubiquitin-conjugating enzyme E2 variant 1, transcript variant X2","liver"
"LOC115136523",58.1648613772593,-0.0287985938878422,0.195078393541558,-0.147625748628626,0.882638133279656,0.960136917867061,"vacuolar fusion protein MON1 homolog B-like, transcript variant X4","liver"
"LOC115132968",81.8879231986142,-0.0289884113369937,0.14371006678853,-0.201714549194736,0.840139887788197,0.94362363808892,"protein SCAF11-like, transcript variant X1","liver"
"LOC115112533",88.5672227898634,-0.0290219436542953,0.122140172174897,-0.237611779462188,0.812182213461335,0.93489260154431,"eukaryotic translation initiation factor 4 gamma 2-like","liver"
"LOC115104996",58.6819669056819,-0.0290574416576394,0.178984855236405,-0.162345811992082,0.871033540399048,0.95424581463412,"methionine-R-sulfoxide reductase B2, mitochondrial-like","liver"
"zfp36l1",408.582353542517,-0.0291792830288514,0.152961887578754,-0.190761787074759,0.848712228337542,0.947507817776998,"ZFP36 ring finger protein like 1","liver"
"LOC115103144",171.25658484053,-0.0292541474215546,0.268383306508738,-0.109001367492289,0.913201405697392,0.971348885600879,"cAMP-responsive element modulator-like, transcript variant X1","liver"
"LOC115115466",60.5175635327717,-0.029436979129173,0.207058342174764,-0.142167559249205,0.886947655443877,0.962645667671134,"pseudokinase FAM20A-like, transcript variant X1","liver"
"LOC115110237",93.5933877504949,-0.0295873170827407,0.124745316998025,-0.237181786016137,0.812515765866751,0.935012496237401,"LIM and SH3 domain protein 1-like","liver"
"oip5",109.651823195131,-0.0296038894251801,0.178899729269766,-0.165477552962307,0.868568116400351,0.95348334027682,"Opa interacting protein 5, transcript variant X2","liver"
"stra6",304.146645775558,-0.0297628206793662,0.119730927525028,-0.248580891291807,0.803684991146981,0.931458852222038,"stimulated by retinoic acid 6, transcript variant X2","liver"
"LOC115136999",63.4126479297236,-0.0297941431469032,0.145631890935363,-0.204585293478932,0.837896146475434,0.942961127218176,"unconventional myosin-Ic-like","liver"
"LOC115111626",64.9335237694259,-0.0299660887617565,0.13095713959584,-0.228823635383591,0.819005995738289,0.938506730005416,"CAP-Gly domain-containing linker protein 1-like, transcript variant X2","liver"
"LOC115101972",120.451721469677,-0.0299762555021518,0.235222869285837,-0.127437674717442,0.898593999198607,0.966098205471291,"catechol O-methyltransferase B-like","liver"
"LOC115112906",116.839134358874,-0.0302023584892088,0.191901632074506,-0.157384583771975,0.874941762411677,0.956872182342365,"transcription factor MafF-like, transcript variant X1","liver"
"LOC115144161",57.7365022603158,-0.030325007746395,0.21053856492326,-0.144035406327807,0.885472510929963,0.961505769501835,"C-Jun-amino-terminal kinase-interacting protein 4-like, transcript variant X4","liver"
"LOC115106241",82.071653815817,-0.0307305524825543,0.14000505578811,-0.219496019694197,0.826263680098226,0.940567903027087,"plectin-like, transcript variant X5","liver"
"LOC115120521",98.1933673345894,-0.0308114675488207,0.153898243740157,-0.200206752202079,0.841318886589866,0.944167340787526,"signal peptidase complex catalytic subunit SEC11A","liver"
"LOC115101371",77.2475010176184,-0.030815394241222,0.21892357285805,-0.140758685046688,0.888060582582698,0.963029430750541,"calpain-5-like, transcript variant X3","liver"
"nfia",89.6935649655104,-0.0308200326567078,0.178796639008431,-0.172374787510712,0.863142892136974,0.952143553004142,"nuclear factor I A, transcript variant X2","liver"
"LOC115128382",1621.0722526593,-0.03099126011946,0.242997758883437,-0.12753722611214,0.898515211556195,0.966098205471291,"BOLA class I histocompatibility antigen, alpha chain BL3-7-like","liver"
"LOC115130509",73.416893554707,-0.031156958709438,0.202398762693685,-0.153938484083481,0.877658239830566,0.957803884236319,"receptor expression-enhancing protein 2-like","liver"
"LOC115128846",64.6375244327695,-0.0312388562282393,0.116714005743963,-0.267653020981631,0.788966414543978,0.925310532724739,"M-phase phosphoprotein 8-like, transcript variant X4","liver"
"LOC115119445",59.6343171437623,-0.0312648245496456,0.114395128975688,-0.273305557934117,0.784618343307064,0.923773647406006,"uncharacterized LOC115119445","liver"
"fcho2",99.5948395851745,-0.0313022360432207,0.107660576426918,-0.290749288942077,0.771243072054832,0.918070421469318,"FCH domain only 2, transcript variant X1","liver"
"LOC115113608",204.213404387759,-0.0314111660528229,0.0944428656439765,-0.332594376913914,0.739440488526634,0.900342680539803,"ATP-dependent RNA helicase DDX3X-like, transcript variant X6","liver"
"LOC115142970",3194.67829172259,-0.0314374033347051,0.129479466682917,-0.242798369039412,0.808161599091442,0.93184347323811,"peptidyl-prolyl cis-trans isomerase FKBP5-like","liver"
"LOC115111512",125.501483412045,-0.0317229556456834,0.258153741458076,-0.122883966223032,0.902198982490753,0.967727119113766,"E3 ubiquitin-protein ligase RNF34-like, transcript variant X1","liver"
"hectd1",106.402635597754,-0.0318305792324437,0.106774616885063,-0.29810998307498,0.76561922240706,0.914267973129301,"HECT domain E3 ubiquitin protein ligase 1, transcript variant X1","liver"
"LOC115106893",81.6208309459656,-0.0318618509020469,0.177169201526894,-0.179838542068557,0.857279324682146,0.950563255550715,"calumenin-A, transcript variant X1","liver"
"LOC115114877",6961.66951179466,-0.0319485243480508,0.457653208174555,-0.0698094622246484,0.944345315787992,0.982427643479289,"fatty acid-binding protein 10-A, liver basic","liver"
"LOC115132228",271.749484987833,-0.0320013675572188,0.100211639601203,-0.319337830261733,0.749470348790798,0.9043342633722,"cold shock domain-containing protein E1-like, transcript variant X14","liver"
"LOC115138084",727.279437610437,-0.0320800072727954,0.115394967780166,-0.278001787165534,0.781010986852043,0.922724864466356,"protein transport protein Sec24D-like, transcript variant X2","liver"
"kpna4",355.969623023495,-0.0321240665948445,0.131715387507169,-0.243890005585687,0.807316009883631,0.931458852222038,"karyopherin subunit alpha 4","liver"
"LOC115139502",114.69176269438,-0.0322722890032299,0.14439346738417,-0.223502417303734,0.823144501974329,0.939436400348969,"serine/arginine-rich splicing factor 3, transcript variant X1","liver"
"gpatch4",115.602505892261,-0.0322728894639637,0.141968509606516,-0.227324281655221,0.820171593272925,0.938523137052342,"G-patch domain containing 4, transcript variant X1","liver"
"prpf40a",106.739395416476,-0.0324958350080533,0.107902884610155,-0.30115816760097,0.763293887251839,0.91335623489441,"pre-mRNA processing factor 40 homolog A, transcript variant X3","liver"
"enpp4",74.6257502879244,-0.0327022133432245,0.11239838480384,-0.290949139529869,0.771090218234894,0.918070421469318,"ectonucleotide pyrophosphatase/phosphodiesterase 4, transcript variant X1","liver"
"LOC115108054",242.311849811114,-0.0328718205120975,0.0928986436781396,-0.35384607579403,0.723454240989387,0.891145205884781,"profilin-2-like, transcript variant X1","liver"
"LOC115106764",64.5362891779795,-0.0330171461113647,0.109256823649793,-0.302197565409702,0.762501460057464,0.913298839610409,"protein IWS1 homolog, transcript variant X3","liver"
"LOC115117528",60.7335777684005,-0.0334475253013214,0.130273949248515,-0.256747611431627,0.797373614572085,0.92912946054769,"AKT-interacting protein, transcript variant X1","liver"
"LOC115133057",244.513436507199,-0.0335178507372698,0.121151154886207,-0.276661421583243,0.782040097075546,0.922986466899473,"NEDD4 family-interacting protein 2-like, transcript variant X2","liver"
"LOC115113722",122.47282259133,-0.0337191070535828,0.0977737697789115,-0.344868640432187,0.730193127225213,0.897006385343571,"nucleobindin-2-like, transcript variant X2","liver"
"LOC115124951",174.180833932255,-0.033745380952779,0.162564608107517,-0.207581350858734,0.835555867040227,0.942624393217894,"RNA polymerase-associated protein RTF1 homolog, transcript variant X1","liver"
"LOC115133407",151.132320232751,-0.0341638716749339,0.163229058923768,-0.209300181598726,0.834213910021293,0.942624393217894,"H(+)/Cl(-) exchange transporter 3, transcript variant X4","liver"
"LOC115143439",60.8182671815416,-0.0342651797312762,0.143827040496229,-0.238238787456484,0.811695894988946,0.934596742365803,"T-cell leukemia translocation-altered gene protein homolog, transcript variant X2","liver"
"LOC115140200",65.2783660515309,-0.0343164610278954,0.113456743885841,-0.302462946252223,0.762299176029512,0.913298839610409,"la-related protein 4-like, transcript variant X1","liver"
"LOC115108549",303.546534056673,-0.0343220457105645,0.0967096984132807,-0.354897660458956,0.72266626122742,0.89071293642666,"plasminogen activator inhibitor 1 RNA-binding protein-like, transcript variant X3","liver"
"LOC115121177",185.059843238025,-0.0346674736968719,0.149243485588625,-0.232288019541633,0.81631431700403,0.936475416861364,"beta-2 adrenergic receptor-like, transcript variant X2","liver"
"LOC115102944",1551.20716776906,-0.0347598993642518,0.135909054201704,-0.255758525937972,0.798137300460721,0.929753540062275,"5-beta-cholestane-3-alpha,7-alpha-diol 12-alpha-hydroxylase-like","liver"
"LOC115101945",140.758309006141,-0.0351354644337997,0.329830590699586,-0.106525790586239,0.91516519389684,0.971678380246601,"cytochrome c oxidase subunit 4 isoform 2, mitochondrial-like, transcript variant X2","liver"
"LOC115128318",687.039560411682,-0.0352078816043182,0.142051333740284,-0.247853227965389,0.804247969540404,0.931458852222038,"60S ribosomal protein L11, transcript variant X2","liver"
"LOC115114090",91.5924635366624,-0.035284813306785,0.15092313112544,-0.23379327637629,0.815145469616742,0.936475416861364,"disks large homolog 1-like, transcript variant X4","liver"
"LOC115146260",80.0667662276633,-0.0353549804602458,0.275069657298398,-0.128531008499757,0.897728760495787,0.966098205471291,"adenylosuccinate synthetase isozyme 1 C","liver"
"clip1",149.60596999308,-0.0353620306929539,0.093395779422245,-0.378625575071023,0.704965927593147,0.88115336426546,"CAP-Gly domain containing linker protein 1, transcript variant X4","liver"
"LOC115112268",63.4953836436396,-0.0354648863259327,0.124914126152026,-0.283914137002972,0.776476182351414,0.920837043719629,"SAFB-like transcription modulator","liver"
"LOC115143779",67.5760444412453,-0.0355599550571414,0.165128279078312,-0.21534745747745,0.829496431747468,0.941916768058809,"probable peptidyl-tRNA hydrolase 2","liver"
"LOC115120569",154.858859048416,-0.0356178522332882,0.0934867126027433,-0.380993739555701,0.703207893951252,0.879799605594775,"clathrin interactor 1-like","liver"
"LOC115131162",5558.58138292989,-0.0357365676521228,0.319408561301147,-0.111883562251888,0.910915730185136,0.97018356839159,"saxitoxin and tetrodotoxin-binding protein 2-like","liver"
"LOC115130155",63.5612689267842,-0.0358315092200521,0.146959445583907,-0.243819028288277,0.80737098255654,0.931458852222038,"ranBP-type and C3HC4-type zinc finger-containing protein 1-like, transcript variant X1","liver"
"LOC115110793",81.7787135970706,-0.0359213349282959,0.212482226234498,-0.169055716164479,0.86575281686721,0.952959352295638,"semaphorin-5B-like, transcript variant X3","liver"
"LOC115112463",354.250871529137,-0.0360086277633917,0.424514966240627,-0.0848229877082377,0.932402117851039,0.978746080958237,"cytochrome P450 1A1","liver"
"LOC115102269",93.8913200803476,-0.0363197410010979,0.109963166194182,-0.330290062191931,0.741180801226336,0.900731349373448,"cyclin-dependent kinase 11B-like, transcript variant X10","liver"
"LOC115123914",127.0998564339,-0.0364680330730614,0.101459062162271,-0.359435936976583,0.719268994665432,0.889788021284765,"ras-related protein Rab-5A, transcript variant X5","liver"
"LOC115139927",70.1950151998292,-0.0366225133417166,0.102329128204865,-0.357889429766249,0.720426061342459,0.890374962411117,"ras-related protein Rab-35","liver"
"LOC115145021",994.184912156593,-0.0367307875846773,0.107949084509572,-0.340260297264684,0.733660513417479,0.898462032230135,"sulfhydryl oxidase 1-like","liver"
"LOC115134357",65.6237122249183,-0.0368422939506743,0.123622098282279,-0.298023528661911,0.765685205860825,0.914267973129301,"NEDD4-like E3 ubiquitin-protein ligase WWP2, transcript variant X2","liver"
"LOC115130331",207.377438503381,-0.0371442662760081,0.21355300556505,-0.173934645301415,0.86191682459368,0.951562731267769,"cytochrome P450 2F3-like","liver"
"LOC115146736",64.4338400014817,-0.0374736963467342,0.223308210179326,-0.167811547621295,0.866731537644327,0.95300721538664,"multidrug resistance protein 1-like, transcript variant X1","liver"
"LOC115147158",58.9035006248875,-0.0375360347069583,0.223205656045677,-0.168167937013553,0.866451164241288,0.95300721538664,"microtubule-associated serine/threonine-protein kinase 3-like, transcript variant X1","liver"
"LOC115136228",153.601169049842,-0.0377581113354729,0.0959493763612928,-0.393521175096506,0.693934587469228,0.874877011606734,"protein YIPF5-like","liver"
"LOC115107270",82.9982888428995,-0.0382813607257755,0.185319524391923,-0.206569495855257,0.836346085195639,0.942624393217894,"leucine-rich alpha-2-glycoprotein-like","liver"
"LOC115121063",58.2461666111947,-0.0382821195527085,0.185471485535992,-0.206404339955963,0.836475081027753,0.942624393217894,"interferon-induced 35 kDa protein homolog","liver"
"LOC115113279",143.826755858125,-0.0384487466491868,0.122739901382163,-0.313253849939741,0.754087809251538,0.907220162487977,"ras-related protein ORAB-1-like","liver"
"LOC115119478",104.243518175249,-0.0384984366996837,0.0987791989855681,-0.389742345504426,0.696727080498573,0.877041253895053,"heterogeneous nuclear ribonucleoprotein A/B-like, transcript variant X1","liver"
"LOC115115711",167.066432468952,-0.038884542944902,0.196234006016148,-0.198153947597147,0.842924617471615,0.944668886668767,"complement C4-B-like","liver"
"LOC115139449",947.895876335841,-0.0390465395233435,0.134551920391206,-0.290196820750061,0.771665668290943,0.918070421469318,"serine incorporator 1-like","liver"
"LOC115112975",297.817165709842,-0.0393366205407371,0.149889828088704,-0.262436891431071,0.792984633828265,0.926075391590294,"G-protein coupled receptor family C group 5 member C-like, transcript variant X1","liver"
"LOC115139412",68.5616974042703,-0.039359688961577,0.130625905781219,-0.301316103618062,0.763173462301953,0.91335623489441,"RNA polymerase II subunit A C-terminal domain phosphatase SSU72, transcript variant X1","liver"
"LOC115110577",108.360521231845,-0.0393824820737909,0.0998399953519106,-0.394455968622371,0.693244429304083,0.874547908958045,"interleukin enhancer-binding factor 3 homolog, transcript variant X1","liver"
"LOC115120318",87.8233564373026,-0.0393911181905093,0.110787251006094,-0.355556418566092,0.72217278636838,0.890643351660368,"far upstream element-binding protein 1-like, transcript variant X1","liver"
"LOC115143987",111.526694030889,-0.0394471364521641,0.121191292526414,-0.325494807670002,0.744806611747795,0.903252528855702,"progranulin-like, transcript variant X2","liver"
"LOC115103749",88.5534481399631,-0.0395603899514812,0.116686399319593,-0.339031713911481,0.73458583924957,0.898462032230135,"puromycin-sensitive aminopeptidase-like, transcript variant X3","liver"
"fam50a",71.6632209981586,-0.0397295421530163,0.157589607579335,-0.252107627928545,0.800957874125036,0.929850269135189,"family with sequence similarity 50 member A","liver"
"LOC115142182",1025.19351337337,-0.0399606343776103,0.208370478924015,-0.191776851423288,0.847917004273279,0.947398494906219,"peptidyl-prolyl cis-trans isomerase FKBP5-like","liver"
"LOC115113941",161.171489540821,-0.0403387679194291,0.336985033019792,-0.11970492445301,0.904716899264168,0.96898595708006,"selenoprotein Pb-like, transcript variant X1","liver"
"LOC115137976",57.4164186093456,-0.0403469005573341,0.104443399659167,-0.38630397601954,0.69927155619184,0.878359688644006,"apoptotic chromatin condensation inducer in the nucleus-like","liver"
"LOC115135011",81.2795874093418,-0.0403498811340499,0.120526078475334,-0.334781332343006,0.737790043376221,0.900310743517266,"zinc transporter 6-like, transcript variant X1","liver"
"LOC115129609",74.1509595525121,-0.040432588159876,0.092543840623672,-0.436901990314996,0.662182428454944,0.855456851103011,"amyloid-beta A4 protein-like, transcript variant X1","liver"
"LOC115125528",76.0633600411601,-0.0406144671814911,0.148066949819649,-0.274297993110285,0.78385562665651,0.923409113945646,"U2 snRNP-associated SURP motif-containing protein-like, transcript variant X6","liver"
"LOC115108211",174.81224731205,-0.0407552146765567,0.0994930709218696,-0.40962867362453,0.682078359684994,0.867983576046218,"unconventional myosin-IXb-like, transcript variant X3","liver"
"LOC115143211",102.714811341985,-0.0407871272045017,0.115410102598355,-0.35341037124321,0.723780811720015,0.891278123435282,"F-actin-capping protein subunit beta isoforms 1 and 2, transcript variant X1","liver"
"LOC115143423",115.939561601023,-0.0408435983131501,0.66053181805424,-0.0618344146289047,0.950694697003401,0.983966701713714,"tumor necrosis factor receptor superfamily member 8-like","liver"
"hnrnpk",72.5508629550334,-0.040971197606998,0.127790253509427,-0.320612851777272,0.74850379707117,0.904230083892442,"heterogeneous nuclear ribonucleoprotein K, transcript variant X1","liver"
"LOC115109273",64.2874842622867,-0.0410599014177036,0.0885674525451035,-0.46360034344212,0.64293410825301,0.844861624160791,"serine/threonine-protein phosphatase 6 regulatory subunit 3-like, transcript variant X5","liver"
"LOC115106445",763.694863548331,-0.0412322529718603,0.248515787739437,-0.165914018368488,0.868224615335265,0.95348334027682,"glucose-6-phosphatase-like","liver"
"LOC115128351",1461.27532177357,-0.0414023978968612,0.181951247901713,-0.227546655350373,0.819998694814369,0.938523137052342,"glyceraldehyde-3-phosphate dehydrogenase-like","liver"
"LOC115123999",89.6275767260305,-0.0414307668925049,0.215025260908007,-0.192678603051341,0.847210681732082,0.947128562462964,"14-3-3 protein eta-like","liver"
"LOC115135660",166.820708160277,-0.0414637004540709,0.0985261387473647,-0.420839596286117,0.673872215531348,0.861687651672654,"cofilin-2-like","liver"
"LOC115126443",664.346506857086,-0.0414646892545193,0.127861518055812,-0.324293735011186,0.745715662357313,0.903511155280486,"xanthine dehydrogenase/oxidase-like","liver"
"LOC115101892",64.8106092234677,-0.0415211371421359,0.136183787408879,-0.304890456728691,0.760449584366801,0.912181431983249,"disks large-associated protein 4-like","liver"
"cpt2",61.2752624806218,-0.0415576630641793,0.134259938788552,-0.309531372047093,0.756917351626429,0.908746723189786,"carnitine palmitoyltransferase 2","liver"
"LOC115142378",80.4475463175024,-0.0419025972654671,0.118041664179451,-0.354981417423642,0.722603512585403,0.89071293642666,"double-stranded RNA-binding protein Staufen homolog 1-like","liver"
"LOC115106032",116.777007968324,-0.0419403374997147,0.131195389754363,-0.319678439754929,0.749212105388829,0.904290358769579,"AF4/FMR2 family member 1-like, transcript variant X1","liver"
"pcdh1",208.160582961927,-0.0420748813783037,0.171433331661439,-0.24542999293391,0.806123508030475,0.931458852222038,"protocadherin 1, transcript variant X1","liver"
"LOC115121148",82.1025589129331,-0.0421234480010535,0.104430841004711,-0.403362144705445,0.686681830861863,0.869498335692126,"3-hydroxy-3-methylglutaryl-coenzyme A reductase-like","liver"
"LOC115139480",115.838054467314,-0.0423916445316538,0.257565487450772,-0.164585888238447,0.869269939285994,0.953740046441376,"mitogen-activated protein kinase kinase kinase 5-like","liver"
"LOC115145962",101.507597437519,-0.0426670018363075,0.130598396991489,-0.326703870944818,0.743891872189414,0.902888945336447,"MAGUK p55 subfamily member 5-A-like, transcript variant X3","liver"
"pawr",132.203053316925,-0.0426867716261809,0.119092021511475,-0.358435192252303,0.72001765917646,0.890140120959434,"pro-apoptotic WT1 regulator, transcript variant X2","liver"
"LOC115126322",67.0856043414136,-0.042777100671245,0.111092589849236,-0.385058091897021,0.700194376338132,0.878359688644006,"tyrosine-protein phosphatase non-receptor type 11","liver"
"LOC115109291",254.617912234493,-0.0433909887464673,0.131615558776672,-0.329679782160817,0.741641931931597,0.900893066598573,"group XV phospholipase A2-like","liver"
"tex15",133.119109482237,-0.0436362986799196,0.132420230410971,-0.329528943912065,0.741755920388815,0.900893066598573,"testis expressed 15, meiosis and synapsis associated, transcript variant X3","liver"
"LOC115137110",99.1492098990056,-0.0436949263290302,0.0892913338327538,-0.489352375571772,0.6245922465923,0.83632234990038,"coatomer subunit delta-like, transcript variant X2","liver"
"LOC115107027",103.114518848149,-0.0437509087381459,0.164408157818556,-0.26611154409035,0.790153304562341,0.925478410746007,"neuroepithelial cell-transforming gene 1 protein-like","liver"
"LOC115137108",76.8391157591645,-0.0441209275223176,0.197172644031744,-0.223767996513828,0.822937833604392,0.939436400348969,"latexin-like, transcript variant X3","liver"
"LOC115128415",255.786529420827,-0.0443243873355415,0.118325914133217,-0.374595773548296,0.707961116763087,0.882287726690895,"ectonucleotide pyrophosphatase/phosphodiesterase family member 2-like, transcript variant X2","liver"
"LOC115136136",221.348990935882,-0.0443650786560647,0.141417899558655,-0.313716147634222,0.753736635450343,0.907065404811219,"phosphatidylinositol-binding clathrin assembly protein-like, transcript variant X5","liver"
"LOC115121439",95.066630745818,-0.044618695165912,0.110031621827353,-0.405507929674268,0.685104190836644,0.869229610243837,"solute carrier family 41 member 2-like","liver"
"LOC115133559",239.075737159058,-0.0449187015763835,0.167499096390378,-0.26817279940242,0.788566311317473,0.925310532724739,"U2 small nuclear ribonucleoprotein A'-like, transcript variant X1","liver"
"LOC115136144",618.305763215748,-0.04515939673791,0.0583535080066584,-0.773893434697313,0.438993812373481,0.705835284640182,"protein Jade-1-like, transcript variant X1","liver"
"LOC115142398",252.978628429685,-0.04523517312711,0.13292888167447,-0.340296048212355,0.733633592844017,0.898462032230135,"protein transport protein Sec23B","liver"
"LOC115126024",146.397093480542,-0.0454348763875486,0.137295596361309,-0.330927412034263,0.740699315651686,0.900731349373448,"forkhead box protein A2-like","liver"
"LOC115113322",66.224091321379,-0.0454831471394306,0.139315176530898,-0.326476614192446,0.744063780025792,0.902888945336447,"echinoderm microtubule-associated protein-like 4, transcript variant X3","liver"
"LOC115111957",143.55807195461,-0.0458108895623693,0.0854377913895158,-0.536190002308402,0.591827242417879,0.812590224908425,"splicing factor U2AF 65 kDa subunit-like, transcript variant X1","liver"
"LOC115142811",105.23369001824,-0.0458339202497053,0.160282096302948,-0.285957828771311,0.774910421155381,0.919515247927025,"myotubularin-related protein 14-like, transcript variant X2","liver"
"mcoln2",668.180652135692,-0.0458639091063145,0.0772133703551688,-0.593989213206833,0.552519327643805,0.78115462347421,"mucolipin 2, transcript variant X2","liver"
"LOC115105286",107.288895736673,-0.0458700166798109,0.078296925274598,-0.585846973159399,0.557978354269863,0.784560432675476,"S-phase kinase-associated protein 1","liver"
"LOC115120772",120.136946784711,-0.045874180076762,0.107220065435816,-0.427850700242514,0.668759821788717,0.859352154353975,"protein phosphatase 1B-like, transcript variant X1","liver"
"LOC115113640",84.5156389550144,-0.0460121843955822,0.121741271825348,-0.377950580815287,0.705467306379975,0.881223048482612,"ubiquitin carboxyl-terminal hydrolase 47-like, transcript variant X4","liver"
"LOC115107801",85.0967541450567,-0.0469056988366,0.305888748925565,-0.153342347508225,0.878128307065791,0.957895746678349,"histone deacetylase 4-like, transcript variant X1","liver"
"LOC115126837",2170.91889310131,-0.0469375553697387,0.1854853173378,-0.253052673081705,0.800227510188014,0.929850269135189,"BCL2/adenovirus E1B 19 kDa protein-interacting protein 3-like","liver"
"LOC115145225",103.118841101284,-0.0472723359293174,0.103409274798394,-0.45713825980773,0.647571671838758,0.848441701836959,"protein arginine N-methyltransferase 1-like, transcript variant X4","liver"
"LOC115105656",118.157400513539,-0.0474688203967644,0.111736122007794,-0.424829674985974,0.670960843399482,0.861216977405008,"THO complex subunit 2-like, transcript variant X2","liver"
"LOC115115089",193.998507791756,-0.0474885808180857,0.187810717568854,-0.252853412376084,0.800381491319289,0.929850269135189,"phosphatidylinositol 4-kinase type 2-alpha","liver"
"LOC115119901",92.8700940194394,-0.048263564059514,0.235648334093681,-0.204811819464538,0.837719152169733,0.942961127218176,"collagen alpha-2(I) chain-like, transcript variant X1","liver"
"LOC115132933",163.193607724064,-0.0483238914006397,0.107094039477733,-0.451228580379464,0.651824812931097,0.851277775554999,"protein kinase C and casein kinase substrate in neurons protein 2-like, transcript variant X3","liver"
"LOC115139667",147.056366656961,-0.0484645663694727,0.0949701483176576,-0.510313685173658,0.609831716638932,0.826904217238951,"serine/threonine-protein phosphatase 2A 56 kDa regulatory subunit alpha isoform-like","liver"
"LOC115131523",81.2061907145801,-0.0487138125310826,0.088193763378646,-0.552349856326433,0.580708678557064,0.803997477513108,"A-kinase anchor protein 9-like, transcript variant X2","liver"
"LOC115138421",86.7294171777349,-0.0489573452847537,0.150804282488927,-0.324641611476441,0.745452330134609,0.903497977290712,"transmembrane protein 50A-like","liver"
"LOC115137081",169.683579227916,-0.0490377677250516,0.380770542181348,-0.128785613099494,0.897527289804787,0.966098205471291,"rho-related GTP-binding protein RhoU-like","liver"
"LOC115135363",132.353096350408,-0.0494612224216768,0.0923797207601091,-0.535412123079667,0.5923649089392,0.812590224908425,"kinesin light chain 1-like, transcript variant X1","liver"
"LOC115101986",231.704510359367,-0.0496675073614108,0.676067340242463,-0.0734653257227279,0.941435835553365,0.9811537882167,"complement C1q tumor necrosis factor-related protein 3-like","liver"
"LOC115107121",95.0978340782127,-0.0497546144651324,0.116047114006248,-0.428744953213173,0.668108842513728,0.859180422952549,"protein SCAF11-like, transcript variant X1","liver"
"LOC115137919",213.74861715076,-0.0503744087545946,0.22261552381379,-0.226284348420962,0.820980270854534,0.93908726733479,"protein NDRG2-like, transcript variant X1","liver"
"LOC115128539",123.890065664614,-0.0503843239857795,0.148429483354215,-0.339449567883634,0.734271082990909,0.898462032230135,"phosphatase and actin regulator 4A-like, transcript variant X2","liver"
"LOC115138738",213.94722109059,-0.0506480530195232,0.126959489274188,-0.398930818870428,0.689944180017421,0.871193456552357,"trifunctional enzyme subunit alpha, mitochondrial-like","liver"
"LOC115129349",4661.95843477038,-0.0507164182306558,0.12650957574362,-0.400889955819915,0.688501145213812,0.870449959023418,"fructose-bisphosphate aldolase B-like","liver"
"LOC115114347",144.405531856816,-0.0509304490054643,0.0929447193354089,-0.547964955617026,0.583715965983922,0.806244079075048,"integrin beta-1-like","liver"
"LOC115101583",148.975068187766,-0.0509814179900856,0.131232849144197,-0.388480615353157,0.69766039657049,0.877944975739833,"eukaryotic translation initiation factor 4 gamma 1-like","liver"
"LOC115132199",95.4928172703322,-0.0512240878655011,0.104608793009961,-0.48967286966616,0.624365402902253,0.83632234990038,"probable ubiquitin carboxyl-terminal hydrolase FAF-X, transcript variant X2","liver"
"LOC115135342",113.417464018566,-0.0512491299651595,0.196649515838475,-0.260611523738786,0.794392102052025,0.926714999417303,"prominin-1-A-like","liver"
"LOC115144978",88.6968552498805,-0.0512568828789387,0.116867805228344,-0.438588564051406,0.660959684858002,0.854759755834176,"inhibitor of growth protein 5-like","liver"
"LOC115104886",249.674863858019,-0.0512952923989306,0.13329310458696,-0.384830802447591,0.700362776294829,0.878359688644006,"aspartyl/asparaginyl beta-hydroxylase-like, transcript variant X9","liver"
"LOC115132931",61.9295109371222,-0.0513277887024158,0.165706406295199,-0.309751384089384,0.756750024282594,0.908746723189786,"ADP-ribosylation factor GTPase-activating protein 3-like","liver"
"LOC115112929",73.3227053464767,-0.0514291956187113,0.172576403385575,-0.298008271176024,0.7656968508057,0.914267973129301,"probable low-specificity L-threonine aldolase 2, transcript variant X2","liver"
"LOC115142689",346.665410993086,-0.051659913475406,0.111445277975646,-0.463545108539233,0.642973689437383,0.844861624160791,"ribosome-binding protein 1-like, transcript variant X1","liver"
"LOC115142753",127.37808466818,-0.0517461004561336,0.457835575685648,-0.113023328033518,0.910012060617705,0.97018356839159,"glutaredoxin-1-like","liver"
"LOC115124621",83.9500660641371,-0.0520218230707532,0.106308660847596,-0.489346988815254,0.624596059608525,0.83632234990038,"ankyrin repeat and KH domain-containing protein 1-like","liver"
"LOC115128567",65.0433590182741,-0.052867777639002,0.143293222529145,-0.368948207778976,0.712166329613655,0.885807128320189,"septin-7-like, transcript variant X3","liver"
"LOC115102242",85.3619310118486,-0.0530518243769036,0.113072255091436,-0.469185162478656,0.638937290188235,0.843720700940341,"bile acid receptor-like, transcript variant X4","liver"
"gata4",121.912375570461,-0.0530594939546427,0.106832944817592,-0.496658535859299,0.619429866964343,0.83406650311848,"GATA binding protein 4, transcript variant X2","liver"
"arglu1",57.3254170815453,-0.0531901097269813,0.140238578255142,-0.379283007491778,0.704477716719258,0.880813243358189,"arginine and glutamate rich 1, transcript variant X1","liver"
"atg4c",65.2541047712577,-0.0532873360592855,0.118270020098365,-0.450556582428637,0.652309164906117,0.851624063141288,"autophagy related 4C cysteine peptidase","liver"
"LOC115122446",464.371097053194,-0.0534605359766967,0.164495066253913,-0.324997808105536,0.745182730606692,0.903439860188245,"solute carrier family 2, facilitated glucose transporter member 2-like, transcript variant X1","liver"
"LOC115107902",62.7125693121742,-0.0534737607918595,0.115246646304691,-0.463994072768804,0.642651992233716,0.844861624160791,"RNA-binding protein 25-like, transcript variant X2","liver"
"LOC115106409",73.5009676642609,-0.0536584144972994,0.100015094982869,-0.536503159912913,0.591610852618186,0.812590224908425,"mitogen-activated protein kinase 8, transcript variant X2","liver"
"LOC115146240",114.064805554159,-0.0537111015279649,0.13188500907699,-0.407257063587949,0.683819194415673,0.869229610243837,"zinc finger FYVE domain-containing protein 1-like","liver"
"LOC115102434",148.23597192058,-0.0537724919538131,0.119104765744212,-0.451472211190055,0.651649248858273,0.851277775554999,"DAZ-associated protein 2-like","liver"
"LOC115106271",65.7900638810098,-0.0540832852391136,0.109558919068244,-0.493645662982724,0.621556446056693,0.834934682276343,"NADH dehydrogenase [ubiquinone] 1 alpha subcomplex subunit 12-like","liver"
"LOC115105139",88.9983928985046,-0.054086002592214,0.107135579456244,-0.504836981950554,0.613673338658162,0.829904621224509,"ubiquitin-protein ligase E3C-like","liver"
"LOC115119919",353.366700624002,-0.054193964938018,0.146432144960544,-0.370096094355652,0.711310892090466,0.885013185641251,"peptidyl-prolyl cis-trans isomerase A-like","liver"
"LOC115114484",554.078169111323,-0.0542033100901158,0.130748897850048,-0.414560359447773,0.678463772180879,0.865274823344575,"glutamine synthetase","liver"
"rpf1",61.5853400527714,-0.0543788744503067,0.199623888399455,-0.272406648754845,0.785309360976892,0.923786711498358,"ribosome production factor 1 homolog","liver"
"LOC115102228",96.6733704667133,-0.0547975565560801,0.103549439722755,-0.529192207150476,0.596672122050592,0.81584554494405,"E3 ubiquitin-protein ligase UBR5-like, transcript variant X1","liver"
"LOC115101318",67.8942218330165,-0.0550429564678492,0.211677267997236,-0.26003243989604,0.794838750645208,0.926970743241736,"peptidyl-prolyl cis-trans isomerase FKBP2-like","liver"
"LOC115144992",7419.34707789734,-0.0550707499596291,0.115452203540922,-0.477000423297327,0.633361820213964,0.840906442733589,"leucine-rich repeat-containing protein 7-like","liver"
"LOC115144095",60.5023748731345,-0.055353425893437,0.259386112938429,-0.213401655417753,0.831013689406539,0.942624393217894,"protein quaking-B-like, transcript variant X2","liver"
"LOC115138434",93.6184468431161,-0.0555324203016362,0.101544156963971,-0.546879524750397,0.584461503426478,0.806453990509927,"KH domain-containing, RNA-binding, signal transduction-associated protein 1-like, transcript variant X1","liver"
"LOC115138326",58.5590627366075,-0.0555895913202773,0.263220630534837,-0.211190100135103,0.83273893549228,0.942624393217894,"disintegrin and metalloproteinase domain-containing protein 17-like, transcript variant X2","liver"
"gmppb",66.1914024622151,-0.0556860690403332,0.182849648524312,-0.30454567175681,0.760712203034244,0.912227990458246,"GDP-mannose pyrophosphorylase B","liver"
"LOC115113265",171.873807640078,-0.0557737309595754,0.100001930517985,-0.557726542584541,0.577031130064376,0.801355668191618,"core histone macro-H2A.2-like, transcript variant X2","liver"
"LOC115131480",71.8880963276428,-0.0558459840518254,0.206504954304413,-0.270434112537086,0.786826299418604,0.923982559860941,"CMP-N-acetylneuraminate-beta-galactosamide-alpha-2,3-sialyltransferase 1-like, transcript variant X1","liver"
"LOC115127112",76.147200548596,-0.0558784354425589,0.106074225128684,-0.526786176140056,0.598342083741181,0.817306411973543,"programmed cell death protein 10-like","liver"
"LOC115105023",175.114923349354,-0.056186584935194,0.168533216196199,-0.333385822707994,0.738843063490866,0.900342680539803,"T-complex protein 1 subunit epsilon-like","liver"
"LOC115138153",65.5281036912049,-0.0562257718970961,0.120724500817561,-0.465736213579916,0.641404327668771,0.844705667068792,"DNA-directed RNA polymerase II subunit RPB1-like","liver"
"LOC115135598",64.5489005142331,-0.0564726796714661,0.166634851285468,-0.338900771572213,0.734684483175427,0.898462032230135,"U2 snRNP-associated SURP motif-containing protein-like, transcript variant X2","liver"
"LOC115142710",238.110346227805,-0.0566005234805678,0.167241607592258,-0.338435657821241,0.735034906723767,0.898620959749872,"protein bicaudal D homolog 2-like, transcript variant X4","liver"
"LOC115143880",466.046848081895,-0.056962020918541,0.273057244138295,-0.208608349133164,0.834753992307759,0.942624393217894,"histone H1.0-B-like","liver"
"LOC115101306",95.7692958492866,-0.0569864266739386,0.0939620550720151,-0.606483400456308,0.544193801864855,0.775842580063361,"AMME syndrome candidate gene 1 protein-like, transcript variant X1","liver"
"LOC115138704",62.1070165103728,-0.0572768535031675,0.106593468900754,-0.537339239390888,0.591033305449048,0.812222438641375,"AT-rich interactive domain-containing protein 4A-like, transcript variant X1","liver"
"LOC115118125",206.428576044506,-0.0575031401312525,0.0966357885703268,-0.59505014634826,0.551809951499232,0.780469839198218,"serine/arginine-rich splicing factor 5-like, transcript variant X2","liver"
"LOC115139811",279.194217248193,-0.0577774866981142,0.213799445280463,-0.270241518271114,0.78697445354196,0.923982559860941,"AN1-type zinc finger protein 5-like, transcript variant X1","liver"
"LOC115134403",130.032617269628,-0.0579792603063536,0.10587685407611,-0.547610342338612,0.583959486411043,0.806307204136657,"salivary glue protein Sgs-3-like, transcript variant X1","liver"
"LOC115129513",137.600652523813,-0.058025237561398,0.173432098021208,-0.33457034899216,0.737949215142623,0.900310743517266,"signal recognition particle subunit SRP72-like, transcript variant X3","liver"
"LOC115139812",299.107204537341,-0.0582587941605146,0.207186829281112,-0.281189660378792,0.778564934689265,0.921915924490754,"protein OS-9-like, transcript variant X2","liver"
"dync1h1",215.090719153435,-0.0586509781637052,0.136481815686304,-0.429734744286456,0.667388606414431,0.859180422952549,"dynein cytoplasmic 1 heavy chain 1, transcript variant X1","liver"
"LOC115104119",114.119846060415,-0.0587291443762977,0.117608921197046,-0.499359604514193,0.617526071712907,0.832904125844411,"dnaJ homolog subfamily C member 7-like, transcript variant X1","liver"
"sc5d",626.967009967756,-0.0588080067665415,0.253575830253694,-0.231914874172772,0.816604131536048,0.936544299420634,"sterol-C5-desaturase, transcript variant X1","liver"
"apom",93.3277918063711,-0.0593628347865367,0.197631440597318,-0.300371411588761,0.763893867702415,0.91335623489441,"apolipoprotein M","liver"
"LOC115140887",66.2067235634261,-0.0596792462993768,0.165052459883647,-0.361577442356493,0.717667824084639,0.889122811844678,"serine protease hepsin-like","liver"
"rab3il1",79.3227323225395,-0.0600859370473794,0.130039622020045,-0.462058687298534,0.644039235236863,0.845234929698462,"RAB3A interacting protein like 1, transcript variant X1","liver"
"LOC115135119",200.994101419525,-0.0601242659759458,0.117669808881786,-0.51095745414483,0.609380848819424,0.82682320995247,"apoptosis-stimulating of p53 protein 2-like, transcript variant X3","liver"
"ccdc186",65.0120173241549,-0.0601430511985631,0.126860810438506,-0.474086922436277,0.635437923848572,0.84167206276547,"coiled-coil domain containing 186, transcript variant X4","liver"
"cdc73",90.613793090769,-0.0601572487796428,0.148045472025276,-0.406343050933512,0.684490557360077,0.869229610243837,"cell division cycle 73","liver"
"LOC115136850",154.773626366626,-0.0602840897721154,0.121220950868358,-0.497307514421183,0.618972213507107,0.833751071465621,"stAR-related lipid transfer protein 13-like","liver"
"LOC115141171",65.7930392094466,-0.0603110325090696,0.123756464468511,-0.48733642131814,0.626019941300031,0.837135049950938,"carboxy-terminal domain RNA polymerase II polypeptide A small phosphatase 2-like","liver"
"amdhd1",100.909992247292,-0.060763956627831,0.284939232746247,-0.213252334689707,0.831130149768314,0.942624393217894,"amidohydrolase domain containing 1","liver"
"LOC115105927",70.5392427231152,-0.0610581303374433,0.128810595554357,-0.474014812792923,0.635489344214573,0.84167206276547,"heterogeneous nuclear ribonucleoprotein D-like, transcript variant X1","liver"
"st5",131.479929825356,-0.0615166387037081,0.226112813996076,-0.272061709447283,0.78557457082707,0.923832068866456,"suppression of tumorigenicity 5, transcript variant X3","liver"
"LOC115131629",113.199438140293,-0.0616771338198728,0.170283924763076,-0.362201739862921,0.717201279483824,0.888814963568278,"protein capicua homolog","liver"
"LOC115111587",700.205990786498,-0.0623447131329497,0.149448642729275,-0.417164799856274,0.676557870140035,0.86413714634781,"bone morphogenetic protein 1-like, transcript variant X1","liver"
"LOC115130339",99.0433756633311,-0.0624855712965662,0.0955968639460988,-0.653636204340322,0.513346213318464,0.761057923821543,"poly(U)-binding-splicing factor PUF60-like, transcript variant X4","liver"
"LOC115111358",312.917818839964,-0.0627649581581288,0.106092284587668,-0.591607188044515,0.554113659381302,0.782250760109554,"proprotein convertase subtilisin/kexin type 5-like, transcript variant X1","liver"
"LOC115144285",148.234097877958,-0.0628625676462206,0.299207487650042,-0.210096906798488,0.83359203962284,0.942624393217894,"collagen alpha-1(I) chain-like","liver"
"LOC115106008",82.1941423709362,-0.0632247443142994,0.0965213594101745,-0.65503371171578,0.512446049322199,0.760144684417698,"UV excision repair protein RAD23 homolog B-like","liver"
"LOC115131796",78.1258543698235,-0.0635107246424736,0.221135147507836,-0.287203211964408,0.773956727086147,0.919152526966405,"plexin-A1-like","liver"
"LOC115103833",121.959207798222,-0.0636130853454025,0.100493975542533,-0.633003968665556,0.526731051340289,0.768966964635751,"probable helicase with zinc finger domain, transcript variant X5","liver"
"LOC115124538",78.4939217331793,-0.0644372278141687,0.229496777690819,-0.28077617673996,0.778882077090003,0.921915924490754,"amyloid-like protein 2","liver"
"LOC115110859",100.079076573614,-0.0644992202186331,0.17598301139097,-0.366508219792531,0.713985880179833,0.886819001174329,"uncharacterized LOC115110859","liver"
"LOC115143446",234.461070509288,-0.0645258063954665,0.145795649773803,-0.442577035018371,0.65807169862884,0.854366108435857,"hepatocyte growth factor-like protein","liver"
"LOC115111727",69.7737366315065,-0.0647458385331031,0.170548061479156,-0.379633975147916,0.704217137129585,0.880757609984716,"B-cell linker protein-like","liver"
"LOC115102893",80.8856138944832,-0.0653012308088578,0.113272680167134,-0.576495856834199,0.564280069511647,0.790019412923563,"insulin receptor-like","liver"
"LOC115105571",139.963072433106,-0.0653301348771696,0.220598295470698,-0.296149771863705,0.76711570534605,0.91559695900161,"dolichyl-diphosphooligosaccharide--protein glycosyltransferase subunit STT3A-like","liver"
"gk5",135.522587972879,-0.0654855884713414,0.147393906809862,-0.444289658159463,0.656833177315843,0.853715571026587,"glycerol kinase 5","liver"
"LOC115117335",75.438781206341,-0.0658565806657037,0.306440427155735,-0.214908265456225,0.829838840554264,0.941916768058809,"phosphatidylinositol 4-kinase type 2-alpha-like, transcript variant X1","liver"
"LOC115139814",823.344427694992,-0.0659012146856381,0.154625497582393,-0.426198885151671,0.669962929785634,0.860626820613377,"guanine deaminase-like, transcript variant X3","liver"
"LOC115142820",132.793921959633,-0.0661687612433326,0.118092777068443,-0.560311670924489,0.575266868140055,0.80054208075755,"ubiquitin-conjugating enzyme E2 variant 1-like","liver"
"LOC115131256",83.1388475417899,-0.0663174635366865,0.100146224079192,-0.662206330258091,0.507838997826242,0.758224086131782,"serine/arginine-rich splicing factor 6-like","liver"
"LOC115141134",157.124800466247,-0.0664246068819421,0.112481497400117,-0.590538074414655,0.554829967486929,0.782250760109554,"transmembrane protein 106B-like","liver"
"LOC115144985",94.0322379572444,-0.0664582428202553,0.206508290534329,-0.321818764022976,0.747589998280907,0.904230083892442,"ankyrin repeat domain-containing protein 24-like","liver"
"LOC115118068",88.5947568746489,-0.0667974580269074,0.171365550983887,-0.389795134689517,0.69668804173252,0.877041253895053,"cyclin-G1-like, transcript variant X1","liver"
"LOC115143245",1542.71998579424,-0.0671568950017095,0.0946069877831584,-0.709851318336387,0.477796341604272,0.733165339596667,"ERBB receptor feedback inhibitor 1-like, transcript variant X1","liver"
"LOC115117337",75.7609916927975,-0.0674934033857803,0.235577698338155,-0.286501667440941,0.774493916540629,0.919288644094235,"phosphoglycerate mutase 1-like","liver"
"LOC115101362",67.6424904652999,-0.0682707490918063,0.108681676592942,-0.628171659032354,0.529891494013006,0.769709401192759,"leucine-rich repeat neuronal protein 4-like","liver"
"LOC115136672",81.3689160880933,-0.0682823866210746,0.150773995655964,-0.45287906793212,0.650635824416671,0.850542533778816,"vasodilator-stimulated phosphoprotein-like, transcript variant X1","liver"
"abhd6",380.008149291958,-0.068492256791526,0.170509857807685,-0.401690891495417,0.687911528751597,0.870358242046126,"abhydrolase domain containing 6, transcript variant X1","liver"
"LOC115135655",206.911316569355,-0.0689352607383348,0.104959332531252,-0.65678066995909,0.511321955092364,0.760144684417698,"calmodulin","liver"
"f5",6675.94711861154,-0.0690382889056327,0.127711246950236,-0.540581119942663,0.588796334093312,0.809584272328801,"coagulation factor V","liver"
"LOC115113439",116.191067392898,-0.0692185694498215,0.170679482307754,-0.405547102170212,0.685075402877033,0.869229610243837,"alpha-(1,3)-fucosyltransferase 9-like","liver"
"LOC115141503",441.72193063051,-0.0693378639187236,0.133947589566451,-0.517649209986907,0.604703040867837,0.824337657049266,"inositol-trisphosphate 3-kinase C-like, transcript variant X1","liver"
"LOC115134836",225.326374192794,-0.0694618657290219,0.207622068786866,-0.334559163844609,0.73795765384581,0.900310743517266,"hepatocyte growth factor receptor-like","liver"
"LOC115138070",382.461068993888,-0.0696735130400322,0.160798658135646,-0.433296607371296,0.66479930251644,0.857778397295667,"dolichyl-diphosphooligosaccharide--protein glycosyltransferase subunit 1-like","liver"
"LOC115127545",228.965887022646,-0.0699309121204678,0.125815533649119,-0.555820971323737,0.57833324767807,0.80261706419333,"eukaryotic translation initiation factor 3 subunit C-like, transcript variant X2","liver"
"LOC115126414",103.463392333131,-0.0701140614755924,0.124208219374374,-0.564488097718096,0.5724219981114,0.79867092571223,"RELT-like protein 1","liver"
"LOC115131622",121.839985643435,-0.0701674306284894,0.146242032308762,-0.479803443105496,0.631367164364363,0.83995494027948,"tubulin beta chain","liver"
"LOC115107725",261.774841212086,-0.0705496262588041,0.119292679968718,-0.591399457848579,0.554252803560843,0.782250760109554,"gap junction Cx32.2 protein-like","liver"
"LOC115103718",175.052659523365,-0.0705700396411279,0.113969289728013,-0.619202241319067,0.535783135517628,0.773111844948287,"trinucleotide repeat-containing gene 6C protein-like, transcript variant X1","liver"
"LOC115144726",245.886270681119,-0.0708731590949807,0.17545437961617,-0.403940666799116,0.686256350776415,0.869229610243837,"nucleobindin-2-like","liver"
"LOC115146152",500.513901031112,-0.0711279805117794,0.161381558336235,-0.440744167084975,0.65939821788135,0.854596863619836,"estrogen receptor beta-like, transcript variant X5","liver"
"ralgapa2",162.914484750877,-0.0712166669829712,0.220424549322149,-0.323088636007092,0.746628116295077,0.904116518722144,"Ral GTPase activating protein catalytic alpha subunit 2, transcript variant X1","liver"
"LOC115131812",82.0914045476614,-0.0714552508936479,0.152303932062631,-0.469162220081513,0.638953687760209,0.843720700940341,"vitamin D3 receptor B-like","liver"
"ahcy",5732.22891505315,-0.0716722418841382,0.118152302987352,-0.606608928239094,0.544110473697707,0.775842580063361,"adenosylhomocysteinase","liver"
"LOC115102923",87.2413284012057,-0.0718416859231417,0.101819905996753,-0.705576038593402,0.480451829702871,0.735934482476101,"sterile alpha motif domain-containing protein 13-like, transcript variant X2","liver"
"LOC115128210",69.5369149593802,-0.071873727362342,0.0969506574938495,-0.741343372188081,0.458485270146654,0.718606378374628,"histone-lysine N-methyltransferase ASH1L-like, transcript variant X1","liver"
"LOC115132246",1473.27732331457,-0.0719179897659038,0.120151156381991,-0.598562610061433,0.549464595754982,0.779811174198227,"E3 ubiquitin-protein ligase MIB2-like, transcript variant X1","liver"
"LOC115107494",87.5518204253413,-0.072155890834549,0.200946156949519,-0.359080720576685,0.719534703884731,0.889812940847744,"forkhead box protein N3-like","liver"
"LOC115107029",59.8367789485677,-0.072279125280517,0.213121455440009,-0.33914523120767,0.734500325825917,0.898462032230135,"transcription termination factor 1-like, transcript variant X1","liver"
"LOC115127392",61.4874011507897,-0.0723378737805878,0.111355716924214,-0.649610776874789,0.515943670034014,0.762093304551333,"E3 ubiquitin-protein transferase RMND5B-like, transcript variant X1","liver"
"LOC115143982",63.8417628777072,-0.0732702824873309,0.174213111076969,-0.420578462977792,0.674062923183415,0.861687651672654,"NACHT, LRR and PYD domains-containing protein 12-like, transcript variant X2","liver"
"acp7",250.760487872972,-0.073295847056208,0.136945030400293,-0.535220933844497,0.592497092352267,0.812590224908425,"acid phosphatase 7, tartrate resistant (putative), transcript variant X1","liver"
"atxn3",119.188786104692,-0.0733200693523115,0.103492877546315,-0.708455220210683,0.478662611050323,0.733529635413696,"ataxin 3, transcript variant X4","liver"
"LOC115143248",63.9177911946145,-0.0737252073133169,0.112150707001626,-0.657376215312204,0.510939041198125,0.760144684417698,"ubiquitin-conjugating enzyme E2 R2-like, transcript variant X2","liver"
"LOC115140205",135.020730261769,-0.0741185228995588,0.14265678355995,-0.519558348716107,0.603371434765267,0.823348499532383,"putative aminopeptidase W07G4.4","liver"
"LOC115124927",158.515074445309,-0.0741430678677146,0.216083926544159,-0.343121624331288,0.731506963691065,0.897947443519878,"mesencephalic astrocyte-derived neurotrophic factor-like","liver"
"LOC115107887",83.5250027673735,-0.074222020323084,0.118236516389695,-0.627741941232913,0.530173005283526,0.769709401192759,"protein sel-1 homolog 1-like, transcript variant X2","liver"
"LOC115121758",239.946967602104,-0.0743826464193522,0.0858973560799564,-0.865948031626423,0.38651866134365,0.662789256893865,"ER degradation-enhancing alpha-mannosidase-like protein 3","liver"
"LOC115117856",82.2295927065582,-0.0750371371206182,0.268203176270373,-0.279777212798457,0.77964843536294,0.921915924490754,"serum paraoxonase/arylesterase 2-like","liver"
"LOC115132282",126.337231504649,-0.0753141903265237,0.0833462882039835,-0.903629807031096,0.36619173049534,0.645866505192127,"cytidine and dCMP deaminase domain-containing protein 1-like","liver"
"LOC115131752",98.6512893761567,-0.0753275252227979,0.0856138423461216,-0.879852172949581,0.378939396806239,0.658661272964502,"dolichyl-diphosphooligosaccharide--protein glycosyltransferase subunit STT3B-like","liver"
"farsb",80.8128051067529,-0.0753764709296065,0.18715105049513,-0.402757402270462,0.687126701119673,0.869791439057077,"phenylalanyl-tRNA synthetase subunit beta","liver"
"LOC115108266",93.3855418810387,-0.0756064013289332,0.113775354301977,-0.664523541084851,0.506355287043055,0.757363748897249,"protein strawberry notch homolog 2-like, transcript variant X2","liver"
"snap29",155.083302081495,-0.0756958898324,0.149202816578377,-0.507335528700534,0.611919413773632,0.828900509140573,"synaptosome associated protein 29, transcript variant X1","liver"
"ddx46",62.3264269460524,-0.0760855391845315,0.103039281774031,-0.738412941885504,0.460263552476155,0.718606378374628,"DEAD-box helicase 46","liver"
"LOC115133226",148.939021957671,-0.0765803961965262,0.218846861933255,-0.349926864475133,0.726393585150645,0.893146381017807,"regulator of nonsense transcripts 2-like, transcript variant X2","liver"
"LOC115116794",83.7972489477296,-0.0767216276966561,0.204746600868617,-0.374715025163653,0.707872416665602,0.882287726690895,"transmembrane emp24 domain-containing protein 10-like","liver"
"LOC115112977",98.8680220997065,-0.0769038152850575,0.103546604713129,-0.742697604601484,0.457664780330544,0.718606378374628,"nuclear protein localization protein 4 homolog","liver"
"LOC115102875",101.578222622393,-0.076907787984456,0.124864054378828,-0.615932170127391,0.537939288270716,0.773215962598105,"far upstream element-binding protein 3-like, transcript variant X3","liver"
"LOC115118515",116.993472556883,-0.0771161414125181,0.119372667292818,-0.646011714083212,0.518271769151368,0.763177648504688,"tumor protein D54-like, transcript variant X3","liver"
"LOC115108066",69.3596458458331,-0.0772678577626652,0.11403368630553,-0.677588002861203,0.498032954944063,0.751566947186967,"guanine nucleotide-binding protein subunit beta-4, transcript variant X1","liver"
"slc7a2",186.338147574011,-0.0774014313763784,0.168905532090652,-0.458252790292487,0.646770837173842,0.847664930006617,"solute carrier family 7 member 2, transcript variant X1","liver"
"LOC115143868",167.332673080357,-0.0776374283041422,0.102066543256103,-0.760655018063424,0.446863148693545,0.710102999639333,"casein kinase II subunit alpha-like, transcript variant X2","liver"
"LOC115111779",68.227898043735,-0.0778104231255269,0.16460517273643,-0.472709464909215,0.636420472998959,0.842223976605116,"erlin-2-like, transcript variant X3","liver"
"LOC115126173",136.255609050268,-0.0779836763117509,0.10870415984461,-0.717393671256248,0.473131223536354,0.731323585074834,"ubiquitin-conjugating enzyme E2 L3, transcript variant X1","liver"
"LOC115103792",571.831697185516,-0.0780744123876109,0.199112266112156,-0.39211251979641,0.694975077307992,0.875647114407225,"protein disulfide-isomerase-like","liver"
"LOC115125548",302.386739778359,-0.0783335379646778,0.114978451628088,-0.681288857655324,0.495688732261555,0.749836795726722,"probable palmitoyltransferase ZDHHC8","liver"
"LOC115127865",181.194744170425,-0.0784670932103955,0.0754711070572451,-1.03969712741696,0.29848063561124,0.591734956591156,"neurobeachin-like protein 1","liver"
"LOC115106877",950.527679001417,-0.0788599064237064,0.0922903741695038,-0.85447596386238,0.392841321760466,0.668515788611603,"solute carrier organic anion transporter family member 1C1-like","liver"
"LOC115104263",73.5149911629353,-0.0790430077683775,0.125844028947642,-0.628102965467384,0.529936490568039,0.769709401192759,"histone acetyltransferase p300-like, transcript variant X3","liver"
"LOC115135732",102.536454298027,-0.0791527150802631,0.112490253798895,-0.703640648031329,0.481656590763102,0.737225784434999,"neuronal PAS domain-containing protein 2-like, transcript variant X1","liver"
"LOC115131902",78.0603017944428,-0.0791634147349569,0.195779710712893,-0.404349431545787,0.68595578042828,0.869229610243837,"proteasome subunit alpha type-7-like","liver"
"LOC115124380",182.646688598126,-0.0793777268337558,0.166348386672422,-0.477177617538717,0.633235647940922,0.840906442733589,"uncharacterized LOC115124380","liver"
"farp1",69.2137064143858,-0.079713974813033,0.182561065284585,-0.436642800526886,0.662370417586139,0.855456851103011,"FERM, ARH/RhoGEF and pleckstrin domain protein 1, transcript variant X4","liver"
"LOC115137258",369.553744378596,-0.079793032756333,0.127500307523074,-0.625826198434015,0.531428945980794,0.769709401192759,"succinate--CoA ligase [ADP/GDP-forming] subunit alpha, mitochondrial","liver"
"LOC115101737",6826.48335807038,-0.0798254414450965,0.208160956555967,-0.383479413074441,0.701364331740883,0.878537497288211,"apolipoprotein Eb-like","liver"
"LOC115101281",70.392176917002,-0.079844644561869,0.185055808608783,-0.431462514806355,0.666132102973214,0.858682622301968,"nucleophosmin-like, transcript variant X2","liver"
"LOC115136063",73.4679223694358,-0.0799474153400469,0.141795840692358,-0.563820595510287,0.572876233830853,0.79867092571223,"40S ribosomal protein S3, transcript variant X6","liver"
"LOC115136805",79.8785732051346,-0.0801778471094469,0.0900774193481878,-0.890099291138939,0.373412573576049,0.653943185832166,"clustered mitochondria protein homolog, transcript variant X6","liver"
"LOC115125676",114.406205508419,-0.0804915941687089,0.173965820014425,-0.462686257346614,0.643589270247621,0.845234929698462,"RING finger protein 145-like, transcript variant X5","liver"
"LOC115139197",83.6689661183339,-0.0805073013005332,0.140384703485427,-0.573476306903269,0.566322236894968,0.791879738450734,"ADP-ribosylation factor 6-like, transcript variant X4","liver"
"LOC115135001",115.956771281983,-0.0807161094302711,0.085844728068065,-0.940257034378076,0.347085732725657,0.627159470088032,"atlastin-2-like, transcript variant X5","liver"
"tjap1",145.937874517474,-0.0809094924597923,0.161105187486046,-0.502215314865637,0.615516071205207,0.831484038380346,"tight junction associated protein 1, transcript variant X3","liver"
"LOC115105958",102.135397623918,-0.0810678285374557,0.123629544526213,-0.655731838600011,0.511996679496671,0.760144684417698,"adenomatous polyposis coli protein-like, transcript variant X1","liver"
"LOC115114581",159.382967600925,-0.0812090842159874,0.192699914635533,-0.421427712459468,0.673442786556717,0.861687651672654,"ubiquitin carboxyl-terminal hydrolase 14-like, transcript variant X2","liver"
"LOC115112896",58.6859635625137,-0.0812545298345042,0.17172730799905,-0.473160214186514,0.636098880176668,0.842071788113056,"aquaporin-8-like, transcript variant X2","liver"
"LOC115102163",63.8048956087628,-0.0812804338198155,0.103115511032174,-0.788246433598672,0.430552573512295,0.698290615620397,"serine/arginine-rich splicing factor 6-like","liver"
"LOC115128529",59.1614062395934,-0.0813599388539735,0.215587891658372,-0.37738640249286,0.705886470386587,0.881223048482612,"nuclear migration protein nudC-like","liver"
"LOC115129450",143.766251625072,-0.0814054532149202,0.222177336584343,-0.366398546613314,0.714067704085905,0.886819001174329,"histidine--tRNA ligase, cytoplasmic-like, transcript variant X2","liver"
"LOC115110600",69.2921947900946,-0.0814735015885889,0.136769599248549,-0.595698912888738,0.551376384581336,0.780469839198218,"telomerase RNA component interacting RNase-like","liver"
"LOC115145782",89.6612331411379,-0.0815838710250562,0.0982121688882052,-0.830690045323436,0.406148751380228,0.679582229320941,"large neutral amino acids transporter small subunit 3-like","liver"
"hpgd",1458.40323373016,-0.0818341514782003,0.151137190754296,-0.541456084169502,0.588193259397433,0.809137943065791,"15-hydroxyprostaglandin dehydrogenase","liver"
"cwf19l2",65.1281396161455,-0.0825964406443513,0.173709501747564,-0.475486025884648,0.634440591161338,0.84167206276547,"CWF19 like cell cycle control factor 2","liver"
"LOC115114161",101.700334476244,-0.0828329580011849,0.0910258899824546,-0.909993387783971,0.362825996918683,0.643999158199693,"nucleolin-like, transcript variant X2","liver"
"LOC115139654",823.367516985836,-0.0831831343635782,0.123415996126364,-0.674006101108708,0.500307434829158,0.753247175397088,"heat shock protein HSP 90-beta, transcript variant X1","liver"
"LOC115125645",91.8942717337959,-0.0831892888450754,0.128727310204426,-0.646244287346379,0.518121162235686,0.763177648504688,"plakophilin-3-like","liver"
"LOC115140088",118.230954136354,-0.0835157944314754,0.129801599342215,-0.643411135569222,0.519957359735953,0.764830818579481,"guanine nucleotide-binding protein G(i) subunit alpha-2-like","liver"
"fdft1",467.008299061102,-0.0836665402511472,0.400663468487842,-0.208819986925476,0.834588767977101,0.942624393217894,"farnesyl-diphosphate farnesyltransferase 1, transcript variant X2","liver"
"upf3b",191.30485291358,-0.0838982121669149,0.090913933808757,-0.922831172869495,0.356095192957716,0.636040318359181,"UPF3B regulator of nonsense mediated mRNA decay, transcript variant X3","liver"
"LOC115102267",229.470275696274,-0.0841338467263243,0.124128715006615,-0.677795196074019,0.497901557395765,0.751566947186967,"E3 ubiquitin-protein ligase MIB2-like, transcript variant X2","liver"
"LOC115103917",61.5050275129818,-0.0842038686457874,0.285030124590061,-0.295420944599775,0.767672335427523,0.915725033421885,"cytochrome P450 2D14-like","liver"
"LOC115129233",834.032994264742,-0.0844251225975451,0.180370340988545,-0.468065437670303,0.639737794563368,0.843720700940341,"phospholipase A and acyltransferase 4-like, transcript variant X2","liver"
"LOC115128393",93.6504567212165,-0.0846466604157393,0.188265464589336,-0.449613319152183,0.652989282571343,0.851877000584101,"zinc transporter Slc39a7-like","liver"
"LOC115145754",1078.23271410067,-0.0847490309765652,0.14658458971211,-0.578157848263662,0.563157554220499,0.789350134457618,"ATP-binding cassette sub-family A member 1-like, transcript variant X1","liver"
"LOC115140103",110.268916252231,-0.0848298484002185,0.174846674536482,-0.485167067804419,0.62755784048778,0.838001930804863,"AP-1 complex subunit beta-1-like, transcript variant X2","liver"
"LOC115106712",97.9930456882152,-0.08497537091204,0.127793529292213,-0.664942672627307,0.506087160671224,0.757363748897249,"vascular endothelial growth factor A-A, transcript variant X2","liver"
"LOC115105350",77.7041531558606,-0.0852641223210357,0.128332774959515,-0.664398649120883,0.506435197238635,0.757363748897249,"histone H3.3","liver"
"LOC115117468",103.581579591717,-0.0853495565469916,0.11421183048828,-0.747291731356587,0.454887482577476,0.717261655313653,"nuclear factor erythroid 2-related factor 2-like","liver"
"LOC115119968",3127.08066493603,-0.0854283927646418,0.202804869066731,-0.421234426755959,0.673583907621057,0.861687651672654,"L-rhamnose-binding lectin CSL1, transcript variant X1","liver"
"LOC115102536",213.02601034194,-0.085639586670097,0.11693316770173,-0.732380626928234,0.463936279996592,0.721757357735156,"heterogeneous nuclear ribonucleoprotein A1-like, transcript variant X2","liver"
"LOC115139781",125.572331483073,-0.0858810843041527,0.152536259399561,-0.563020783662929,0.573420731521779,0.798791148900468,"myosin light polypeptide 6","liver"
"LOC115136947",74.0356717370399,-0.0860177391459135,0.155863614523234,-0.551878252079746,0.581031769503001,0.804064514063545,"ribosome biogenesis protein NOP53-like","liver"
"LOC115140091",216.351021195026,-0.0861074862334488,0.375396111886765,-0.229377672029332,0.818575388707546,0.938277076595038,"S-adenosylmethionine synthase","liver"
"acoxl",194.335061130707,-0.0861402749444505,0.189345856269323,-0.45493615039521,0.649155174465734,0.849294294651073,"acyl-CoA oxidase like, transcript variant X1","liver"
"LOC115128334",61.6072341055998,-0.086179480543814,0.0903030152066277,-0.954336689053202,0.339913242170704,0.621015856157682,"cohesin subunit SA-2-like, transcript variant X10","liver"
"sec16a",84.3094576664952,-0.0863171504488978,0.120802611108606,-0.714530502749612,0.474899201511977,0.732153832186083,"SEC16 homolog A, endoplasmic reticulum export factor, transcript variant X3","liver"
"LOC115134530",60.0424350513445,-0.0865382376897547,0.112269977508542,-0.770804801160403,0.440822641021809,0.706666998644961,"inositol hexakisphosphate and diphosphoinositol-pentakisphosphate kinase 1-like, transcript variant X3","liver"
"LOC115127439",802.951854039779,-0.0876732571432817,0.12298546704777,-0.712874937566631,0.47592314901197,0.732576569249542,"extracellular matrix protein 1-like","liver"
"LOC115144815",96.9604136409858,-0.0879296590403376,0.209142121276661,-0.420430176874896,0.67417122698334,0.861687651672654,"5-hydroxyisourate hydrolase-like, transcript variant X1","liver"
"LOC115113252",131.158055349325,-0.088162653850379,0.103062062997114,-0.855432651807563,0.392311673850461,0.668224982287706,"baculoviral IAP repeat-containing protein 6-like, transcript variant X18","liver"
"LOC115144166",144.713291663794,-0.0882607442125962,0.115039696824006,-0.767219895821026,0.442950785581904,0.707778594440931,"ER lumen protein-retaining receptor 2","liver"
"LOC115106352",104.86532130531,-0.0883275441262916,0.147185906120412,-0.600108709145232,0.548433788739502,0.779584923708898,"phosphatidylcholine:ceramide cholinephosphotransferase 1-like, transcript variant X3","liver"
"LOC115105918",170.454030185627,-0.0887785018204655,0.106803648510942,-0.831230983755859,0.405843154629652,0.679349773417028,"ubiquitin-conjugating enzyme E2 L3-like","liver"
"LOC115145020",297.765417539441,-0.0894124130227453,0.148872249393735,-0.600598253783813,0.548107601314452,0.779584923708898,"centrosome-associated protein 350-like, transcript variant X2","liver"
"LOC115135672",1316.01771189884,-0.0898524786054877,0.114623041736343,-0.783895430136699,0.433101471465157,0.699899417378417,"55 kDa erythrocyte membrane protein-like, transcript variant X1","liver"
"LOC115103021",258.157675735485,-0.0902898850135817,0.256138306489741,-0.352504419393426,0.724460004710479,0.89172023206053,"glutamine synthetase","liver"
"jak1",59.4251370801247,-0.0908832955427788,0.142098844600946,-0.639578005000707,0.52244698572841,0.766832522084623,"Janus kinase 1","liver"
"LOC115111672",75.0976138968376,-0.0915408258598933,0.204906201898559,-0.446745022901802,0.655059170160934,0.853670707268556,"mitochondrial sodium/calcium exchanger protein-like, transcript variant X1","liver"
"LOC115105266",61.7437602340114,-0.0916679008422923,0.144438120085041,-0.634651716515842,0.525655590639156,0.768773658932616,"serine/threonine-protein kinase 10-like","liver"
"LOC115105600",695.141036055814,-0.0924066962038341,0.124754110815587,-0.740710631495186,0.458868911761239,0.718606378374628,"solute carrier family 13 member 5-like","liver"
"LOC115136859",149.065962033073,-0.0924373022698656,0.106327648876667,-0.869362797413931,0.384648724839467,0.66181330070431,"importin subunit alpha-3-like","liver"
"LOC115113815",73.6474310401144,-0.0928480278224741,0.257333897518434,-0.360807607228748,0.718243275600719,0.889565357444099,"fatty acid synthase-like","liver"
"LOC115139719",59.0140083180085,-0.092969838115019,0.136053596554552,-0.683332454778155,0.494396790679589,0.749105848998376,"rho-related BTB domain-containing protein 2-like, transcript variant X2","liver"
"LOC115108597",132.190611978592,-0.0930644143547334,0.139202232836733,-0.668555471117238,0.50377908563414,0.756318067419799,"beta-1,4-galactosyltransferase 6-like, transcript variant X5","liver"
"LOC115116515",609.340402517305,-0.0931519692956853,0.161637116458714,-0.576303087660431,0.564410336220171,0.790019412923563,"cytochrome P450 2K1-like","liver"
"macf1",57.9492383094476,-0.0932413512673829,0.124988432139583,-0.745999847115885,0.455667507391976,0.717658717206218,"microtubule actin crosslinking factor 1, transcript variant X17","liver"
"sh2d4a",148.883270475656,-0.0932461731995766,0.125944225066572,-0.740376727478278,0.459071436035406,0.718606378374628,"SH2 domain containing 4A, transcript variant X1","liver"
"LOC115101981",182.587593862941,-0.0933458510257534,0.0833055869304513,-1.12052329819949,0.26249083002984,0.559917519583386,"F-actin-capping protein subunit alpha-1-like","liver"
"LOC115139464",128.56271389606,-0.0935869147579309,0.130171092197837,-0.718953134507741,0.472169796139902,0.730571208289576,"protein 4.1-like, transcript variant X14","liver"
"LOC115110663",302.119335400668,-0.0937565186721968,0.131223312695007,-0.714480657031638,0.474930012831208,0.732153832186083,"rho GDP-dissociation inhibitor 1-like, transcript variant X3","liver"
"LOC115110605",133.620937316059,-0.093798695996564,0.106404242411944,-0.881531543013314,0.378030189082852,0.65792102933463,"transcription activator BRG1-like, transcript variant X1","liver"
"LOC115135025",80.9803416755781,-0.0941245866418657,0.116074678997021,-0.810896807599886,0.417424933752885,0.691195242032154,"attractin-like protein 1, transcript variant X4","liver"
"LOC115112315",252.74459787466,-0.094141349639027,0.245080893062309,-0.384123578393737,0.700886856532626,0.878479344165739,"cytochrome P450 2D15-like","liver"
"LOC115144246",75.0170666172108,-0.0942408761259683,0.135335172869872,-0.696351688386161,0.486208610472207,0.740682716463247,"cytochrome b-c1 complex subunit 2, mitochondrial","liver"
"dmxl1",67.0332209981184,-0.0943361357158282,0.088922259085285,-1.06088325562389,0.288742959762842,0.583993995263798,"Dmx like 1, transcript variant X8","liver"
"LOC115118112",100.924704080863,-0.0943600179922972,0.192655327111644,-0.489786705651879,0.624284839079046,0.83632234990038,"deoxyribonuclease gamma-like","liver"
"LOC115139170",234.535761752448,-0.0945607138222607,0.190143342825818,-0.497312776860581,0.618968503088732,0.833751071465621,"matrix remodeling-associated protein 8-like","liver"
"LOC115108389",86.2609335864378,-0.0948171703936743,0.118438352144956,-0.800561377936327,0.423385617316737,0.694454638303026,"nuclear factor 1 C-type-like, transcript variant X3","liver"
"LOC115101452",75.7905127096575,-0.0950606409443692,0.12370912852621,-0.768420585262054,0.442237354481362,0.707440917137375,"histone-lysine N-methyltransferase 2B-like, transcript variant X1","liver"
"LOC115108204",146.310884055537,-0.0950684103044684,0.138386098246189,-0.686979483555794,0.492095657232014,0.747032364572697,"coiled-coil domain-containing protein 124-like","liver"
"LOC115105542",221.758369010525,-0.0951015347523688,0.0895729731897524,-1.06172131353622,0.288362220577687,0.583993995263798,"clathrin heavy chain 1, transcript variant X2","liver"
"LOC115146867",131.885398801568,-0.0951194267346739,0.188290455703059,-0.505173915371901,0.613436689490233,0.82985992245675,"superoxide dismutase [Cu-Zn]-like","liver"
"LOC115125306",76.6367379377159,-0.0958070562584063,0.148665005603511,-0.644449282932955,0.519284135416754,0.764116294569924,"ankyrin repeat domain-containing protein 12-like","liver"
"LOC115144078",99.1898257242906,-0.0959185686436882,0.0863384405686258,-1.11096017037101,0.266585493871226,0.563006462704206,"protein transport protein Sec24C-like, transcript variant X1","liver"
"LOC115137978",65.8137074560088,-0.0959468868032943,0.156283175650269,-0.613929723427203,0.53926176764917,0.773215962598105,"matrix metalloproteinase-14-like","liver"
"LOC115136001",204.864864212937,-0.0960023396762942,0.155320676215964,-0.618091177653699,0.536515237505965,0.773111844948287,"zinc finger and BTB domain-containing protein 16-A-like, transcript variant X2","liver"
"LOC115122005",1107.0310265508,-0.0960861006570615,0.254071585124701,-0.378185150495682,0.705293055921954,0.881223048482612,"uncharacterized LOC115122005","liver"
"LOC115130453",88.4372733501425,-0.0961049825937682,0.0901397808255714,-1.06617723843527,0.286343529390662,0.583021643712864,"WW domain-containing adapter protein with coiled-coil-like","liver"
"LOC115116401",6131.46525170026,-0.0962877430666812,0.464452375932147,-0.207314566694666,0.835764198688746,0.942624393217894,"metalloproteinase inhibitor 2-like","liver"
"LOC115137359",167.826371450711,-0.0963002961153388,0.158897985010439,-0.606051084342023,0.544480831573403,0.775980373948668,"membrane-spanning 4-domains subfamily A member 12-like","liver"
"kiaa0232",291.647157505708,-0.096329549029965,0.299597814836399,-0.321529544808488,0.747809126370239,0.904230083892442,"KIAA0232 ortholog, transcript variant X1","liver"
"LOC115139196",62.1990882913368,-0.0964945213590977,0.13502452854553,-0.714644386457234,0.474828810269538,0.732153832186083,"pre-mRNA-processing factor 39-like","liver"
"LOC115137966",120.106443261414,-0.0973816984024002,0.112334969545708,-0.866886765503388,0.386004055573916,0.66277343806359,"GMP reductase 2-like, transcript variant X1","liver"
"tsg101",72.2509153060265,-0.0974069126590517,0.101889094951041,-0.956009204967984,0.339067583965414,0.620225883494352,"tumor susceptibility 101","liver"
"LOC115146833",108.076280855462,-0.0975007527523913,0.21467317782984,-0.454182277162147,0.649697637973909,0.849588569901076,"uncharacterized LOC115146833","liver"
"LOC115105130",70.4288001955087,-0.0975086415110864,0.109189458559138,-0.893022484018225,0.371845132131463,0.652449745401568,"LYR motif-containing protein 4B","liver"
"LOC115114216",90.740341170011,-0.0976603590746713,0.191107290437882,-0.511023723118586,0.609334445324568,0.82682320995247,"calponin-2-like","liver"
"LOC115118153",232.216221312544,-0.0977345819655826,0.348907908071805,-0.28011569730735,0.779388741896191,0.921915924490754,"protein Tob1-like","liver"
"LOC115135744",107.961140199938,-0.0977999743580719,0.126248888890211,-0.774660079924512,0.438540545744434,0.705681509851683,"androgen receptor-like, transcript variant X2","liver"
"LOC115141622",34058.433620456,-0.0982796842728052,0.202619934185463,-0.485044498054408,0.627644781084781,0.838001930804863,"apolipoprotein A-I-2","liver"
"ivns1abp",157.932898228594,-0.0982807023280139,0.16392081598301,-0.599562061344305,0.548798137708986,0.779584923708898,"influenza virus NS1A binding protein, transcript variant X2","liver"
"LOC115138680",110.414421685793,-0.09833901414349,0.174098815629277,-0.564845968584251,0.572178537193836,0.79867092571223,"tectonin beta-propeller repeat-containing protein 2-like, transcript variant X2","liver"
"LOC115138208",129.226173403183,-0.0986078705412652,0.0966075234246295,-1.02070591446427,0.307393791524385,0.598746474685021,"uncharacterized protein KIAA0232-like","liver"
"rps2",2183.85034106201,-0.0988582006657742,0.144089234461034,-0.686090123495718,0.49265627861564,0.747326755354429,"ribosomal protein S2","liver"
"LOC115108048",88.0441553852782,-0.0993527049579167,0.168923904838381,-0.588150653117881,0.556431176426119,0.78369505014266,"nuclear receptor subfamily 5 group A member 2, transcript variant X1","liver"
"LOC115104047",172.823484967626,-0.099530486557505,0.310712730375666,-0.320329606183718,0.748718482123894,0.904230083892442,"pyruvate dehydrogenase (acetyl-transferring) kinase isozyme 2, mitochondrial-like","liver"
"dnah17",155.847501123392,-0.100126839728199,0.378895243786757,-0.264259954090505,0.791579615722592,0.926075391590294,"dynein axonemal heavy chain 17","liver"
"LOC115107033",101.147596592645,-0.100285530349665,0.139129907477713,-0.720804981241931,0.471029510234227,0.729568582743055,"serine/threonine-protein phosphatase 6 regulatory subunit 2-like, transcript variant X5","liver"
"LOC115103502",105.499675290713,-0.100650692614661,0.158381018618748,-0.635497192103212,0.525104197452182,0.768773658932616,"G patch domain-containing protein 8-like","liver"
"LOC115120287",107.843088601746,-0.100676461360721,0.0906118840222482,-1.11107348056025,0.266536721765291,0.563006462704206,"amino-terminal enhancer of split-like, transcript variant X1","liver"
"LOC115129745",285.909334403197,-0.101197018543597,0.202163317535146,-0.500570626646963,0.616673339073312,0.832304811279079,"ribose-phosphate pyrophosphokinase 2, transcript variant X1","liver"
"LOC115108057",118.156234076999,-0.101333610289315,0.230326688719639,-0.439956007063784,0.659968970383128,0.854759755834176,"glutaminase kidney isoform, mitochondrial-like, transcript variant X5","liver"
"xylb",63.9351356070741,-0.101347025737648,0.123091686506065,-0.823345821430873,0.410311363311466,0.683763649741703,"xylulokinase, transcript variant X1","liver"
"LOC115127662",266.75147635617,-0.10141736299173,0.197349305809921,-0.513897743777278,0.607323485027586,0.825425316763068,"filaggrin-2-like","liver"
"LOC115127657",122.632497738273,-0.101777160890695,0.246824421007822,-0.412346397796147,0.680085545420814,0.866529754027896,"translocon-associated protein subunit gamma-like","liver"
"LOC115122878",986.384627717415,-0.101820508771218,0.136600313793061,-0.745390006390967,0.456035983544656,0.717961633421406,"60S ribosomal protein L7-like","liver"
"LOC115113572",129.57803585577,-0.102108670601288,0.108036185016706,-0.9451339899266,0.344590474340849,0.624522353674211,"adenine phosphoribosyltransferase-like","liver"
"LOC115140926",76.9334524241373,-0.102673135328447,0.101916451006453,-1.00742455525602,0.313730796110729,0.602661842209239,"E3 ubiquitin-protein ligase UBR5, transcript variant X1","liver"
"LOC115105132",226.637242111735,-0.102855128653078,0.0939278548362062,-1.0950439444448,0.273497384802256,0.571050078285483,"repressor of RNA polymerase III transcription MAF1 homolog","liver"
"LOC115128910",3338.52242529222,-0.102936833327976,0.137691373740532,-0.747591011198364,0.454706888218549,0.717254363923686,"acyl-CoA-binding protein-like","liver"
"LOC115132043",216.490811789098,-0.103105299666862,0.13469901755262,-0.765449529923889,0.444003908959661,0.708043792222056,"tubulin alpha chain-like","liver"
"LOC115134223",59.293597243696,-0.103133095831134,0.116150704541004,-0.887924840737626,0.374581181606437,0.654713934917598,"ras and EF-hand domain-containing protein-like, transcript variant X3","liver"
"LOC115135861",675.894367848132,-0.103189439785361,0.135184241679545,-0.763324471131566,0.445269911455067,0.709104231142651,"alpha-2-antiplasmin-like, transcript variant X4","liver"
"LOC115141946",92.2737800210708,-0.103424197242745,0.169396461152546,-0.610545205838796,0.541500707278726,0.774441011532662,"glycerophosphodiester phosphodiesterase domain-containing protein 5-like, transcript variant X1","liver"
"LOC115109140",63.0520313237101,-0.103635301526001,0.109558098984562,-0.945939209301221,0.344179593326723,0.624522353674211,"regulator of nonsense transcripts 1, transcript variant X2","liver"
"LOC115112254",116.55499830449,-0.103642911775028,0.145219242869416,-0.713699574017373,0.47541296988049,0.732344393512047,"ubiquitin carboxyl-terminal hydrolase 10-like, transcript variant X1","liver"
"LOC115105343",455.947534318098,-0.103645076854446,0.124127943610675,-0.834985852819147,0.403725673864038,0.677474617813841,"mannosyl-oligosaccharide 1,2-alpha-mannosidase IA-like, transcript variant X3","liver"
"LOC115105371",88.1216813019984,-0.103809265816735,0.249153239994224,-0.416648267624943,0.676935698795034,0.86413714634781,"histone H2A-like","liver"
"LOC115109083",102.36336559205,-0.104212056781333,0.0891380675329211,-1.169108324486,0.242359990416683,0.536838563244212,"rab GTPase-activating protein 1-like, transcript variant X2","liver"
"LOC115110281",130.52941573424,-0.1042598097317,0.149648582559986,-0.696697609480578,0.485992055148894,0.740682716463247,"signal transducer and activator of transcription 3, transcript variant X7","liver"
"LOC115130182",176.398154314843,-0.10513970697872,0.17648167832734,-0.595754233386798,0.551339421963162,0.780469839198218,"melanoma receptor tyrosine-protein kinase-like, transcript variant X1","liver"
"LOC115134108",134.155010124804,-0.105149929654888,0.132935109268057,-0.790986897546068,0.428951637413042,0.697735722521961,"bile acid receptor-like, transcript variant X2","liver"
"LOC115110661",58.2274504589957,-0.105275227999904,0.134870623500322,-0.780564553404412,0.435058646530196,0.701463229136502,"THO complex subunit 4-like","liver"
"LOC115104850",60.1000791906532,-0.105310518698115,0.155626267263104,-0.676688585739034,0.498603560060655,0.751593236245278,"polyadenylate-binding protein 2-like, transcript variant X1","liver"
"LOC115110601",83.0093582374178,-0.105878556371495,0.116919352590188,-0.905569129711212,0.365163954440365,0.645709761079545,"protein Hook homolog 2-like, transcript variant X2","liver"
"map3k19",83.1440917153806,-0.105945083447386,0.250595072450749,-0.422774009126648,0.672460152371807,0.861687651672654,"mitogen-activated protein kinase kinase kinase 19, transcript variant X1","liver"
"LOC115109089",67.914605275962,-0.106337830389888,0.144084705390876,-0.738023026811991,0.460500456406901,0.718606378374628,"ELAV-like protein 1, transcript variant X2","liver"
"LOC115131641",62.9052766575781,-0.106594992387406,0.132751685555406,-0.802965265122126,0.421994811313758,0.693432360397224,"chromodomain-helicase-DNA-binding protein 4-like, transcript variant X4","liver"
"LOC115126548",183.636804636782,-0.106616792964911,0.106951968467861,-0.996866111884138,0.318829502671057,0.604704843863596,"COP9 signalosome complex subunit 4-like, transcript variant X1","liver"
"LOC115121040",1342.14772349076,-0.106737164623788,0.477546249694723,-0.223511680160866,0.823137293599697,0.939436400348969,"betaine--homocysteine S-methyltransferase 1-like","liver"
"LOC115134485",61.0033840633006,-0.106753872137487,0.192508676020643,-0.554540576270129,0.579208944291484,0.803012128208193,"ATP-sensitive inward rectifier potassium channel 11-like","liver"
"LOC115103373",215.740739234514,-0.106862249674276,0.143641640521919,-0.74395035649826,0.456906509001108,0.718606378374628,"arf-GAP domain and FG repeat-containing protein 1-like, transcript variant X3","liver"
"slc25a33",80.1765082635096,-0.106943558039869,0.19138907151334,-0.558775677180788,0.57631482411864,0.801094440886155,"solute carrier family 25 member 33","liver"
"LOC115126344",122.249996867713,-0.107454318647805,0.140206801046983,-0.766398761296874,0.44343906963506,0.707778594440931,"putative pre-mRNA-splicing factor ATP-dependent RNA helicase DHX32","liver"
"LOC115136112",114.954430944147,-0.107788496042933,0.139867393637696,-0.770647777437973,0.440915733746176,0.706666998644961,"RNA-binding protein 5-B-like, transcript variant X1","liver"
"LOC115104134",67.213338476,-0.107853959088102,0.121308872751409,-0.889085494258293,0.373957134145576,0.654184239818613,"myosin light chain kinase, smooth muscle-like, transcript variant X1","liver"
"LOC115101442",3673.77580908933,-0.108476616015112,0.150580136064876,-0.720391273709409,0.471284121286178,0.729568582743055,"complement factor B-like, transcript variant X1","liver"
"LOC115126565",188.827106000565,-0.108674184758357,0.11459259274478,-0.948352612986031,0.342949974773016,0.62401625361105,"ETS-related transcription factor Elf-2-like","liver"
"LOC115134630",315.473219631413,-0.10873416238709,0.16324066672463,-0.666097269564043,0.505348929666631,0.757363748897249,"insulin-like growth factor II","liver"
"LOC115122370",114.698932081435,-0.108738250133928,0.206242795140291,-0.527234175913695,0.598030978420785,0.817155302729842,"AN1-type zinc finger protein 5-like","liver"
"LOC115114101",69.1941533251385,-0.108861453010495,0.134349678789011,-0.810284430835566,0.417776721424192,0.691375524370688,"ATP-dependent zinc metalloprotease YME1L1-like, transcript variant X3","liver"
"LOC115102287",166.439851170933,-0.108946300345704,0.144652377613897,-0.753159416684466,0.451354123325121,0.713991757099885,"vitamin D3 receptor A-like, transcript variant X1","liver"
"LOC115104128",266.064157820308,-0.109076295779499,0.153127768019983,-0.712322116294839,0.476265331800132,0.732826535453883,"signal transducer and activator of transcription 3-like, transcript variant X3","liver"
"LOC115136943",99.6628885594864,-0.109131627727025,0.171890803009334,-0.63488927747402,0.525500630779941,0.768773658932616,"serine/arginine-rich splicing factor 7-like, transcript variant X2","liver"
"LOC115125859",83.3930400606576,-0.109433333228778,0.130962522051793,-0.835608016051336,0.403375457674698,0.677474617813841,"myotrophin-like","liver"
"LOC115110297",102.927563659556,-0.109967760080498,0.1258320771789,-0.873924698263964,0.382159263351457,0.661435735635049,"max-like protein X","liver"
"LOC115124412",64.8311530883569,-0.110111703525571,0.113931778086563,-0.966470508710141,0.333808797126652,0.616215877304454,"vesicle-associated membrane protein-associated protein A-like","liver"
"LOC115128323",69.8269081344237,-0.110246525449494,0.114710633276002,-0.961083748742221,0.33651006020245,0.617950638777758,"splicing factor, proline- and glutamine-rich-like, transcript variant X1","liver"
"LOC115144921",87.1747843860695,-0.110247166134606,0.109711993274852,-1.00487797955154,0.3149556089646,0.602661842209239,"AP-3 complex subunit delta-1-like, transcript variant X2","liver"
"mogs",66.3539299255568,-0.110554793311176,0.169393026808859,-0.652652564239998,0.513980290008497,0.761258598137585,"mannosyl-oligosaccharide glucosidase, transcript variant X1","liver"
"LOC115135267",73.4088118098819,-0.110624541618127,0.104205892258359,-1.06159583897477,0.288419203534599,0.583993995263798,"poly(rC)-binding protein 2-like, transcript variant X4","liver"
"LOC115137210",97.1231583588275,-0.110758579966579,0.152775606338452,-0.724975554809511,0.468467027250167,0.727417753551117,"dnaJ homolog subfamily A member 1-like, transcript variant X2","liver"
"LOC115124847",123.033296554899,-0.110889228008829,0.288917718649909,-0.383809025375827,0.701119998186108,0.878501417954681,"fatty acid desaturase 2-like","liver"
"LOC115102681",258.19156259638,-0.110945795029341,0.222689541104265,-0.498208377812387,0.618337178096239,0.83344654031755,"translocon-associated protein subunit delta-like","liver"
"LOC115106403",291.178437539867,-0.111083808739136,0.10989439613362,-1.010823232552,0.31210104148864,0.601817480450145,"anthrax toxin receptor 1-like","liver"
"LOC115132660",168.015774156271,-0.11122166068261,0.0923382196390839,-1.20450297956073,0.228395231129357,0.523719817470933,"E3 ubiquitin-protein ligase UBR4-like","liver"
"LOC115142458",75.5931734022981,-0.111455344709587,0.15406673347603,-0.723422520845012,0.469420339185588,0.728620450312435,"trinucleotide repeat-containing gene 6C protein-like, transcript variant X1","liver"
"LOC115108423",74.0937181626137,-0.111731845973495,0.1786074939142,-0.625571993228729,0.53159571351003,0.769709401192759,"cytosolic carboxypeptidase 6-like","liver"
"LOC115136827",61.8757683890043,-0.112119706810002,0.146959169807234,-0.762931002924615,0.445504545475935,0.709104231142651,"T-box transcription factor TBX2b-like, transcript variant X1","liver"
"LOC115133284",104.007898094212,-0.112121524771883,0.198728270212264,-0.564195142704781,0.572621333140377,0.79867092571223,"rho GTPase-activating protein 6-like, transcript variant X1","liver"
"gpatch8",145.31279250848,-0.112606163886967,0.12057897239689,-0.933878947950559,0.350366339344521,0.630783215180331,"G-patch domain containing 8, transcript variant X3","liver"
"LOC115128369",72.2856611342484,-0.112950581240316,0.109988146134427,-1.02693413072231,0.304451481537051,0.597110690743404,"ETS domain-containing transcription factor ERF-like, transcript variant X2","liver"
"LOC115114541",112.605519393416,-0.11297018882315,0.169690861536613,-0.665741147167054,0.50557656818656,0.757363748897249,"serine/arginine-rich splicing factor 11-like, transcript variant X2","liver"
"LOC115110596",436.525385446528,-0.113251522504993,0.184029134474004,-0.615399962775956,0.538290615989312,0.773215962598105,"myosin-9-like","liver"
"LOC115103500",95.8954209112989,-0.11346960623298,0.168053723062871,-0.675198407776601,0.49954971810536,0.752741090941755,"unconventional myosin-X-like","liver"
"LOC115141698",175.601461812574,-0.113938808759721,0.186048045987201,-0.612416046377393,0.540262527855393,0.773215962598105,"alpha-2-macroglobulin-like, transcript variant X2","liver"
"LOC115106130",107.572916060847,-0.114108993038291,0.191692301878374,-0.595271651079089,0.551661902344417,0.780469839198218,"PRKC apoptosis WT1 regulator protein-like","liver"
"LOC115144075",92.7551575813809,-0.114115913402167,0.111514523561087,-1.02332781200159,0.306152878110861,0.598503180422,"protein phosphatase 1B-like, transcript variant X2","liver"
"fam32a",254.968051009287,-0.114134644462491,0.21467702141387,-0.531657481135133,0.594963245513051,0.814875735454031,"family with sequence similarity 32 member A","liver"
"dpep1",4156.09207567667,-0.114228328063135,0.145666537439784,-0.784176860868647,0.432936340538032,0.699899417378417,"dipeptidase 1, transcript variant X1","liver"
"LOC115143090",95.5860209251722,-0.114255132909456,0.0787884195082499,-1.45015134993909,0.147016318234808,0.435493105468807,"gastrula zinc finger protein XlCGF57.1-like, transcript variant X14","liver"
"LOC115110395",197.060132757984,-0.114439557177592,0.318418804990639,-0.359399493321244,0.719296253712782,0.889788021284765,"hemoglobin subunit beta-like","liver"
"LOC115111242",522.020593152513,-0.114490874949879,0.180337939705881,-0.634868487111509,0.525514191299377,0.768773658932616,"excitatory amino acid transporter 1-like","liver"
"LOC115107163",134.015503462728,-0.11451315645736,0.0981870687742699,-1.16627533428688,0.243503142492885,0.536838563244212,"E3 ubiquitin-protein ligase MYCBP2, transcript variant X16","liver"
"gpam",575.342358789654,-0.115189301365232,0.18330124787654,-0.628415260123141,0.529731942900769,0.769709401192759,"glycerol-3-phosphate acyltransferase, mitochondrial","liver"
"LOC115123203",284.74159271801,-0.115303369065628,0.167036239779522,-0.690289539670083,0.490012124661747,0.74528339119838,"sodium-dependent lysophosphatidylcholine symporter 1-B-like, transcript variant X1","liver"
"LOC115118691",221.025542637952,-0.115550459223911,0.195492811425336,-0.59107267618402,0.554471726733044,0.782250760109554,"long-chain-fatty-acid--CoA ligase 4-like, transcript variant X2","liver"
"cdc5l",244.236276823013,-0.115597743502519,0.127879078985372,-0.903961339256614,0.366015901757011,0.645866505192127,"cell division cycle 5 like","liver"
"LOC115106399",108.481532978382,-0.115853596571624,0.100324576235297,-1.15478779895273,0.248177334706947,0.543563039368896,"Golgi to ER traffic protein 4 homolog","liver"
"LOC115125274",124.651263767931,-0.116242639523886,0.126105497821292,-0.921788831828866,0.356638734008109,0.636732141838394,"ER membrane protein complex subunit 3-like","liver"
"LOC115143132",119.641882638864,-0.11655847811372,0.11942682813048,-0.9759823645854,0.329073203705638,0.613285735480822,"ubiquitin carboxyl-terminal hydrolase 4-like","liver"
"LOC115116859",63.3802568315864,-0.116620544134973,0.184869129955085,-0.630827570635002,0.528153274125663,0.769709401192759,"serine/threonine-protein kinase 19-like","liver"
"ND5",906.548974470285,-0.116640816938812,0.161426146207431,-0.722564588693891,0.469947430502821,0.729160916151313,NA,"liver"
"LOC115123719",82.3831544393736,-0.116721432068254,0.13915892007049,-0.83876356620998,0.401601999597747,0.677062232707639,"tensin-3-like","liver"
"LOC115135942",657.898217140577,-0.116928953597067,0.113462215918433,-1.03055411575185,0.30274996261791,0.595276819889339,"drebrin-like","liver"
"LOC115144760",256.539881797792,-0.117058691972057,0.157550540554206,-0.742991370009183,0.45748690530582,0.718606378374628,"MOB kinase activator 2-like, transcript variant X4","liver"
"LOC115140778",1365.70435335576,-0.11729961436237,0.0796395959010005,-1.47288058201833,0.140783238852047,0.428662337025698,"retinol-binding protein 1-like, transcript variant X2","liver"
"LOC115103845",65.3613813508646,-0.117585373896649,0.137884066517365,-0.852784348957685,0.393778904781416,0.669046609374344,"exportin-1-like","liver"
"LOC115121421",78.7333222891779,-0.117592442019101,0.197142443946619,-0.596484651732035,0.550851504195,0.780469839198218,"phosphatidylinositol 3-kinase regulatory subunit alpha, transcript variant X2","liver"
"LOC115129338",622.724177624851,-0.117665708552346,0.189231650991254,-0.621807757507669,0.534068284760337,0.771663356498806,"integral membrane protein 2B-like","liver"
"LOC115124445",186.496246085948,-0.117823655242168,0.0967509813083011,-1.21780320621988,0.223298765638241,0.516643694750874,"protein SON-like","liver"
"LOC115135218",63.1485475999857,-0.117843305829654,0.195194415253968,-0.603722732929255,0.546027997599217,0.777429785420277,"ATP-dependent RNA helicase DDX18-like","liver"
"LOC115135233",68.0722568701967,-0.118020741328826,0.133068965538542,-0.886914096394946,0.375125151712399,0.655029417315574,"E3 ubiquitin-protein ligase UBR2-like, transcript variant X2","liver"
"LOC115104113",89.276020988477,-0.118262338437428,0.192997934766678,-0.612764787252256,0.540031877188277,0.773215962598105,"protein phosphatase 1 regulatory subunit 1B-like","liver"
"LOC115139160",57.8116990114656,-0.11848491654051,0.169804826365634,-0.697771194591261,0.485320296169536,0.740331409875384,"transmembrane protein 183A-like","liver"
"LOC115140924",701.335483993122,-0.118812792004838,0.151238339267591,-0.785599687091374,0.43210204785146,0.699463044893784,"protein LYRIC-like, transcript variant X2","liver"
"LOC115133440",96.2293017242151,-0.119819859960868,0.117439112526532,-1.02027218516146,0.307599391067329,0.598746474685021,"apoptotic chromatin condensation inducer in the nucleus-like, transcript variant X1","liver"
"LOC115140889",1355.66149097853,-0.119846337673399,0.0963309374502128,-1.24411057180192,0.213458870706851,0.512113441838229,"transmembrane protein 91-like","liver"
"LOC115114054",118.205876808946,-0.120008705477411,0.122706062823106,-0.978017733731843,0.328065553297001,0.613285735480822,"probable ubiquitin carboxyl-terminal hydrolase FAF-X","liver"
"LOC115115840",66.0238564597694,-0.120050941473113,0.123272016061307,-0.973870188132621,0.330120997626385,0.613285735480822,"serine/arginine-rich splicing factor 5-like","liver"
"LOC115136696",166.060322559046,-0.120172976870775,0.221180790953164,-0.54332465469943,0.586906291989422,0.80818582640165,"vacuole membrane protein 1-like","liver"
"LOC115113302",128.232035302616,-0.120176332691803,0.237009258103073,-0.507053326328458,0.61211740248114,0.828900509140573,"cullin-9-like, transcript variant X2","liver"
"LOC115122602",277.49078087595,-0.120320878917257,0.115543863581846,-1.04134373896911,0.297716043792349,0.59079386294918,"threonine--tRNA ligase, cytoplasmic-like","liver"
"LOC115130495",83.7449440650072,-0.120599099448084,0.112188245626889,-1.07497090068746,0.282387756661831,0.579855161790238,"heterogeneous nuclear ribonucleoprotein A0-like, transcript variant X1","liver"
"LOC115108938",459.74594104811,-0.120887721514369,0.145248303180426,-0.832283192762698,0.405249115165293,0.679192184791832,"eukaryotic translation initiation factor 4 gamma 2-like","liver"
"LOC115133926",240.647282025519,-0.121214205554265,0.0855948177893421,-1.41613953607082,0.156734654537009,0.446659174059623,"CUGBP Elav-like family member 2, transcript variant X2","liver"
"LOC115133797",102.23262245144,-0.121555781966532,0.105481562975436,-1.1523888965775,0.249161301605383,0.544547702597072,"golgin subfamily B member 1-like","liver"
"LOC115108371",70.9895945529219,-0.121796774026404,0.109486796093663,-1.11243344742877,0.265951830241722,0.562909598388969,"UDP-N-acetylglucosamine transporter-like","liver"
"LOC115142929",131.076857021716,-0.121856606705985,0.116406688434233,-1.0468179135156,0.295183566803989,0.589635548521163,"bombesin receptor-activated protein C6orf89 homolog, transcript variant X3","liver"
"LOC115104089",112.294883582596,-0.12219595740823,0.116231421455474,-1.05131603724765,0.293113463866922,0.588827244318174,"LIM and SH3 domain protein 1-like","liver"
"LOC115113721",60.7614265964035,-0.122464458327682,0.120801110212716,-1.01376931149091,0.31069284204489,0.601817480450145,"caprin-1-like, transcript variant X4","liver"
"LOC115145611",333.310232945521,-0.122531769092712,0.230231222875083,-0.532211780672309,0.594579324577704,0.814623639320579,"F-box/WD repeat-containing protein 7-like, transcript variant X1","liver"
"LOC115131713",120.046622907604,-0.122584691188112,0.199900055195636,-0.613229901653313,0.539724335955472,0.773215962598105,"inter-alpha-trypsin inhibitor heavy chain H3-like","liver"
"LOC115121095",674.376933235238,-0.122710740470279,0.14059175047711,-0.872816079562635,0.382763333797259,0.6616067391248,"phosphoethanolamine N-methyltransferase 3-like, transcript variant X1","liver"
"LOC115123112",73.0638455940987,-0.12288415003413,0.13993653290443,-0.878142022555709,0.379866650561249,0.659608891016053,"discoidin, CUB and LCCL domain-containing protein 2-like, transcript variant X2","liver"
"LOC115133040",316.682144292526,-0.123610052165416,0.14427581714835,-0.856762100597326,0.391576375040738,0.667530449463005,"cholinephosphotransferase 1-like, transcript variant X2","liver"
"LOC115130171",139.793269906846,-0.123651982814415,0.120744293036573,-1.02408138475714,0.305796836123356,0.59838113492021,"histone-lysine N-methyltransferase 2C-like, transcript variant X1","liver"
"LOC115138387",112.290247147704,-0.123821381591221,0.0962453436647306,-1.28651815117987,0.198262288244868,0.494866556574453,"probable palmitoyltransferase ZDHHC14, transcript variant X2","liver"
"LOC115125648",140.388184242226,-0.123988878392663,0.251401901099393,-0.493189899720141,0.621878413876168,0.834934682276343,"cysteine-rich and transmembrane domain-containing protein 1-like","liver"
"LOC115120012",113.425963109728,-0.124010736141007,0.096883942646335,-1.27999266703767,0.200547714886151,0.496617549134843,"glypican-4-like","liver"
"LOC115101036",62.4443356792145,-0.124167532626802,0.116349099315968,-1.06719805616717,0.285882410149153,0.583021643712864,"protein kish-A","liver"
"LOC115127850",91.8729826964068,-0.124652942099904,0.133279490825499,-0.935274747283592,0.349646725872262,0.630044232827294,"N-lysine methyltransferase KMT5A-A-like, transcript variant X1","liver"
"LOC115128322",72.406425007279,-0.124802424327321,0.0976418038594682,-1.27816590224966,0.201190936057828,0.496718234682126,"acyl-protein thioesterase 2-like, transcript variant X1","liver"
"LOC115137153",65.8272347235577,-0.124997731284783,0.101575875938442,-1.23058482272439,0.218478184556774,0.514503686801253,"AP-2 complex subunit mu-B-like, transcript variant X1","liver"
"LOC115103726",126.695069809172,-0.125179287196552,0.20231700918393,-0.618728438609673,0.536095272021858,0.773111844948287,"probable C-mannosyltransferase DPY19L1","liver"
"LOC115130341",85.2499564161207,-0.125385400326133,0.179658119782844,-0.697911124071035,0.48523277715446,0.740331409875384,"anion exchange protein 2-like, transcript variant X2","liver"
"ttc3",96.3577878632929,-0.125398923707726,0.118835468001655,-1.05523145418151,0.291319481838814,0.586669075086465,"tetratricopeptide repeat domain 3, transcript variant X1","liver"
"LOC115121843",58.5078830647717,-0.125407338095911,0.192007524886846,-0.653137621402159,0.513667560262974,0.761071964969786,"pleckstrin homology domain-containing family A member 6-like","liver"
"LOC115141184",245.568718541973,-0.125481931752728,0.114577577519503,-1.09517005394331,0.27344214247028,0.571050078285483,"natural resistance-associated macrophage protein 2-like, transcript variant X1","liver"
"LOC115144026",86.7561241443194,-0.125712000791995,0.201226697169647,-0.624728242127889,0.532149433896269,0.769709401192759,"serine-rich coiled-coil domain-containing protein 2-like, transcript variant X2","liver"
"LOC115102157",81.0250178999881,-0.125958900143782,0.148603778637443,-0.847615728877867,0.396652011801304,0.672806325469044,"NADH dehydrogenase [ubiquinone] 1 alpha subcomplex subunit 4-like 2","liver"
"LOC115113025",136.971396765389,-0.126837705379809,0.202830882478914,-0.625337245638591,0.531749739716198,0.769709401192759,"chitin synthase chs-2-like, transcript variant X1","liver"
"LOC115113674",111.739307587908,-0.126842230711487,0.137184016641753,-0.92461376927552,0.355166848114831,0.635347056144885,"dual specificity protein phosphatase 22-A-like, transcript variant X3","liver"
"LOC115126875",111.013850849131,-0.126856222699992,0.0862497633311731,-1.47080082078489,0.141344990422605,0.428662337025698,"tetratricopeptide repeat protein 31-like","liver"
"LOC115111239",114.045174246116,-0.126940901006909,0.122155157703168,-1.03917757869356,0.298722156082823,0.591752816572608,"nipped-B-like protein A, transcript variant X2","liver"
"LOC115147104",66.511435397228,-0.12703454547298,0.126127805585599,-1.00718905623682,0.313843931122012,0.602661842209239,"volume-regulated anion channel subunit LRRC8A-like, transcript variant X2","liver"
"LOC115111868",63.8461929900011,-0.127344039467383,0.1630880133094,-0.780830159637755,0.434902393082878,0.701463229136502,"cyclic AMP-responsive element-binding protein 3-like protein 4","liver"
"LOC115120700",66.4510775353802,-0.127544045976745,0.131791764002466,-0.967769472865985,0.333159512925461,0.616121761806781,"5'-AMP-activated protein kinase catalytic subunit alpha-1-like","liver"
"zcchc14",153.381373709615,-0.127652195786477,0.166982718691418,-0.764463513271556,0.444591072059127,0.708702858706689,"zinc finger CCHC-type containing 14","liver"
"ppm1b",132.277133108233,-0.1279887478657,0.0910858097087105,-1.40514475608225,0.15997823764053,0.451572920098892,"protein phosphatase, Mg2+/Mn2+ dependent 1B, transcript variant X3","liver"
"bmt2",66.1259791693655,-0.128244810826405,0.173734936330717,-0.738163627505992,0.460415022617537,0.718606378374628,"base methyltransferase of 25S rRNA 2 homolog, transcript variant X1","liver"
"LOC115109709",58.8187950020235,-0.1284184956263,0.119303025932198,-1.07640602258724,0.281745710053464,0.579412469312775,"uncharacterized LOC115109709, transcript variant X5","liver"
"LOC115133925",149.233060874148,-0.128706609013522,0.169648255948722,-0.758667445732094,0.448051515513308,0.711086038234986,"probable 2-oxoglutarate dehydrogenase E1 component DHKTD1, mitochondrial","liver"
"LOC115108065",81.6331559547402,-0.128730218980763,0.12332261346482,-1.04384926141292,0.296555136077168,0.590091121146007,"mitofusin-1-like, transcript variant X3","liver"
"LOC115135833",247.71949775445,-0.12880374035302,0.162833801673633,-0.791013530539447,0.428936095836695,0.697735722521961,"ceramide-1-phosphate transfer protein-like","liver"
"LOC115136816",827.627977380947,-0.12886533800531,0.127776318164193,-1.00852286133114,0.31320351833939,0.602462265574022,"vitronectin-like","liver"
"LOC115135139",155.885246368471,-0.129316509507655,0.13097337731965,-0.987349583206129,0.323471291173506,0.608430541219756,"microtubule-associated proteins 1A/1B light chain 3A","liver"
"LOC115135518",123.879165948733,-0.129517910834923,0.0893591826101369,-1.4494079629174,0.147223686225193,0.435647932552669,"ubiquitin-conjugating enzyme E2 D2","liver"
"LOC115128374",453.721221373021,-0.130037596244113,0.127426663916829,-1.02048968596548,0.307496278367028,0.598746474685021,"tubulin beta chain","liver"
"LOC115131769",70.3753350251304,-0.130058922166657,0.106215357961302,-1.22448320716522,0.22076999739439,0.515384077401978,"heterogeneous nuclear ribonucleoprotein R-like, transcript variant X4","liver"
"LOC115129322",97.9833221249466,-0.13038078992733,0.106992715059359,-1.2185950216797,0.222997939501584,0.516643694750874,"heterogeneous nuclear ribonucleoprotein A/B-like","liver"
"LOC115141271",59.4189403806197,-0.130623463498936,0.144288781520525,-0.905291888408905,0.365310772583275,0.645709761079545,"remodeling and spacing factor 1-like","liver"
"LOC115135806",193.477075873654,-0.130994685102837,0.0877374741517045,-1.49303004638973,0.135429322045177,0.422025930165245,"THO complex subunit 2-like, transcript variant X2","liver"
"LOC115104882",81.4214642457649,-0.13100808577938,0.133467066183778,-0.981576126045871,0.326308713790184,0.611510030992547,"activin receptor type-2B-like","liver"
"LOC115103852",811.783320183589,-0.131199366369187,0.187438054481533,-0.699961204420811,0.483951532919522,0.73962746463441,"malate dehydrogenase, cytoplasmic-like, transcript variant X1","liver"
"sugp1",73.4188057978981,-0.131245155522208,0.100236926928511,-1.30934935401413,0.190416038728277,0.486229707127124,"SURP and G-patch domain containing 1","liver"
"LOC115141221",448.920486424979,-0.131459040922348,0.20268295495831,-0.648594456052747,0.516600539861465,0.762093304551333,"complement C3-like","liver"
"LOC115137137",60.5086881542305,-0.13176648629974,0.216071235236199,-0.609828912005332,0.541975147190503,0.774575981749119,"serine/threonine-protein kinase SIK2-like, transcript variant X1","liver"
"LOC115104260",63.0120873347406,-0.131768683804982,0.120556552654889,-1.09300308364149,0.274392445842311,0.571050078285483,"protein LSM12 homolog A-like","liver"
"LOC115128714",133.57559559909,-0.131897700289407,0.353930339542761,-0.372665707211775,0.709397262455096,0.883441259323853,"protein NDRG1-like, transcript variant X1","liver"
"ccar1",89.5680547991095,-0.132141359998061,0.139988896778159,-0.943941719945592,0.34519943098748,0.625347946979986,"cell division cycle and apoptosis regulator 1, transcript variant X3","liver"
"nop56",140.539466592075,-0.133209390020866,0.164904800032864,-0.807795709975203,0.419208195174545,0.69146125084874,"NOP56 ribonucleoprotein","liver"
"LOC115110749",121.875486405253,-0.133261683744443,0.0897441024051426,-1.48490742202584,0.137568349674081,0.424172995847644,"signal transducing adapter molecule 2-like","liver"
"LOC115104337",131.316310243567,-0.133610006746912,0.138060795098144,-0.967762112712244,0.333163189583338,0.616121761806781,"tubulin beta-4B chain-like","liver"
"LOC115110364",107.070373194122,-0.133886644065199,0.333650153914923,-0.401278532301648,0.688215067250899,0.870358242046126,"hemoglobin subunit alpha-like, transcript variant X1","liver"
"dyrk1a",68.6071097515172,-0.134234257680872,0.101917084153445,-1.31709279946404,0.187807520330507,0.482967478149619,"dual specificity tyrosine phosphorylation regulated kinase 1A, transcript variant X3","liver"
"LOC115119830",109.426573017854,-0.134242098299568,0.206930976806305,-0.648728867815781,0.516513641809251,0.762093304551333,"mRNA decay activator protein ZFP36L1-like","liver"
"LOC115110479",313.808090555039,-0.13441609500329,0.139170842105687,-0.965835177610076,0.334126662922634,0.616244469716134,"WW domain-binding protein 2-like","liver"
"dcp2",61.5348186974042,-0.134613812345402,0.123869212137443,-1.08674149146954,0.27715107161128,0.574894538365178,"decapping mRNA 2, transcript variant X1","liver"
"LOC115128358",75.4930165774842,-0.134990189547884,0.129410829918698,-1.04311354492272,0.296895708150045,0.590091121146007,"chromodomain-helicase-DNA-binding protein 4-like, transcript variant X14","liver"
"LOC115136313",445.652817971861,-0.135155192951654,0.220097098456725,-0.614070761947042,0.539168568038787,0.773215962598105,"GDH/6PGL endoplasmic bifunctional protein-like, transcript variant X1","liver"
"LOC115136908",164.848051197415,-0.13536673029007,0.110177174112791,-1.22862772057933,0.219211417245168,0.514938140304512,"E3 ubiquitin-protein ligase TRIP12-like, transcript variant X2","liver"
"LOC115127147",98.1441861244247,-0.135632392479865,0.152220988127128,-0.891022940716894,0.372916863196257,0.653486300252771,"putative oxidoreductase GLYR1, transcript variant X5","liver"
"LOC115126136",187.613032745842,-0.135745612090739,0.290011197719158,-0.468070244039999,0.639734357536023,0.843720700940341,"endothelial lipase-like, transcript variant X2","liver"
"LOC115138449",74.8716834344518,-0.135873440989424,0.174937599115748,-0.776696614542666,0.437337784709694,0.704580557500677,"pleckstrin homology domain-containing family G member 3-like, transcript variant X2","liver"
"LOC115104222",148.475006944752,-0.135949246785302,0.336540219500361,-0.403961366005934,0.686241129171159,0.869229610243837,"hemoglobin subunit alpha-4","liver"
"LOC115129555",65.710919637601,-0.136000287069291,0.148030598830417,-0.918730912012947,0.358236336971212,0.63865893305983,"peptidyl-prolyl cis-trans isomerase D-like","liver"
"leng8",106.041549327648,-0.136162118648498,0.121890271152146,-1.1170876671407,0.263956843131269,0.561821458278356,"leukocyte receptor cluster member 8","liver"
"LOC115104054",58.6860435703818,-0.136224323767537,0.171434968296617,-0.794612237637783,0.42683909751007,0.697033718530067,"coatomer subunit zeta-1-like, transcript variant X6","liver"
"LOC115142965",58.1479166351407,-0.13665223169615,0.0980635594233907,-1.39350674704915,0.163466606171506,0.455221463268407,"transforming protein RhoA-like, transcript variant X2","liver"
"LOC115120351",253.481038812746,-0.136915168120907,0.11200475325793,-1.22240497959593,0.221554517100533,0.516327165066765,"non-muscle caldesmon-like, transcript variant X1","liver"
"LOC115107575",65.9896392656522,-0.137037590399095,0.4104687148615,-0.333856358444599,0.738487952981939,0.900342680539803,"ammonium transporter Rh type A-like","liver"
"LOC115118033",143.614818585025,-0.137600436333523,0.126868486617768,-1.08459113844472,0.278102781560615,0.576282123864293,"small ubiquitin-related modifier 3-like","liver"
"LOC115103278",62.3416970665852,-0.137829621085351,0.120293664173338,-1.14577623046501,0.251887752650606,0.546695676146897,"60S ribosomal protein L5-like","liver"
"LOC115113361",148.828384105116,-0.137889909651777,0.137332536464288,-1.00405856617695,0.315350385187243,0.602661842209239,"opsin-3-like","liver"
"LOC115134299",63.9564167546757,-0.137899248488342,0.154264598338444,-0.893913768768916,0.371368030297658,0.652174102323677,"alpha-1,6-mannosylglycoprotein 6-beta-N-acetylglucosaminyltransferase A-like","liver"
"ifih1",135.251205450206,-0.137981809649618,0.110168686560867,-1.25245942342596,0.210402504945992,0.509264020284955,"interferon induced with helicase C domain 1, transcript variant X1","liver"
"LOC115101256",248.912439753179,-0.138360566472285,0.107297602862413,-1.28950286661767,0.19722332039529,0.494088662526859,"sodium-dependent phosphate transporter 1-B-like","liver"
"LOC115140761",457.946463365961,-0.138802982981901,0.159502577568246,-0.870224074733286,0.384177961797634,0.66181330070431,"glyceraldehyde-3-phosphate dehydrogenase","liver"
"LOC115131908",65.5717149249974,-0.138810552265311,0.113444307585378,-1.22360085948643,0.2211028352282,0.515864428385886,"bromodomain adjacent to zinc finger domain protein 2A-like, transcript variant X2","liver"
"LOC115142007",102.320660772727,-0.138874711902192,0.16459218296338,-0.843750349511375,0.39880892559377,0.675038167739272,"intraflagellar transport protein 20 homolog, transcript variant X1","liver"
"LOC115103776",60.8268908998465,-0.138929915830132,0.105308460976114,-1.31926641546537,0.187080061451645,0.482488355032437,"pre-mRNA-splicing factor CWC25 homolog","liver"
"LOC115125774",123.388559977589,-0.139133819068101,0.114215039915788,-1.21817423669147,0.223157767796953,0.516643694750874,"glycerol-3-phosphate acyltransferase 3-like","liver"
"LOC115142900",76.9325733756836,-0.139636404644421,0.116611483948355,-1.19744985585007,0.23113126118379,0.526562154159259,"msx2-interacting protein-like, transcript variant X5","liver"
"LOC115138927",195.825513905036,-0.139827554992132,0.122590838795666,-1.1406036239396,0.254034908508594,0.550183999511705,"DNA-binding protein inhibitor ID-3-A-like","liver"
"cog2",116.263374577681,-0.140334636138455,0.101265543989444,-1.38580834714208,0.165805432888429,0.458239415732302,"component of oligomeric golgi complex 2, transcript variant X1","liver"
"LOC115109313",77.9108881860314,-0.140467589116625,0.0993003319020134,-1.4145732086297,0.157193668609299,0.446807108264647,"NEDD4-like E3 ubiquitin-protein ligase WWP2, transcript variant X1","liver"
"lrrfip2",98.1156346683825,-0.1411820007622,0.100971479690353,-1.39823642473261,0.162042081995493,0.455191954661357,"LRR binding FLII interacting protein 2, transcript variant X2","liver"
"LOC115116917",1389.8605446521,-0.141297425632154,0.1052367935258,-1.34266182860763,0.179381500075792,0.475752428727641,"ERBB receptor feedback inhibitor 1-like","liver"
"LOC115113633",107.050192283694,-0.141409266695216,0.117117520380341,-1.20741342743586,0.22727296699671,0.522525201010823,"RNA polymerase-associated protein CTR9 homolog","liver"
"LOC115112562",99.4504927875358,-0.141451986687854,0.154970130317476,-0.912769360121667,0.361363856113942,0.642370768585617,"ras-related protein R-Ras2-like","liver"
"LOC115145981",207.825192646143,-0.141507992102708,0.253507697282158,-0.558199982169405,0.576707833049419,0.801179661727823,"HHIP-like protein 1","liver"
"LOC115105510",352.381558702535,-0.142293865177941,0.304463162350199,-0.467359873948467,0.640242425909832,0.843720700940341,"complement C3-like","liver"
"LOC115110259",497.688690311575,-0.142922221472174,0.181069394422719,-0.789322910853238,0.429923299252322,0.697735722521961,"protein phosphatase 1 regulatory subunit 1B-like","liver"
"farp2",115.205447008956,-0.143298097427008,0.180815350043701,-0.792510687794894,0.428062962376333,0.697735722521961,"FERM, ARH/RhoGEF and pleckstrin domain protein 2","liver"
"LOC115133551",57.574238353248,-0.143641788197965,0.179849509268699,-0.798677676586598,0.424477334161671,0.695405793425631,"inactive ubiquitin carboxyl-terminal hydrolase 53-like, transcript variant X1","liver"
"LOC115127886",119.228400693756,-0.143696785011433,0.127350330549052,-1.12835816280889,0.259168689075873,0.557158004574504,"transmembrane protein 131-like","liver"
"ppargc1b",423.636671590507,-0.143894196533616,0.154776239702566,-0.929691771877505,0.352530695893111,0.633002253947277,"PPARG coactivator 1 beta","liver"
"LOC115146486",96.3976324434237,-0.144557694225961,0.111360929084122,-1.29810064817941,0.194252751619741,0.489959291832961,"serine/arginine-rich splicing factor 5-like","liver"
"LOC115113160",503.600256729456,-0.145018722220316,0.216142011563565,-0.670941855177782,0.502257571232821,0.754867942605081,"GDNF family receptor alpha-1-like","liver"
"ncl",370.396478814276,-0.145072846660897,0.123227827510994,-1.17727342590661,0.239086389994368,0.53398143869427,"nucleolin","liver"
"arhgap1",84.669460152945,-0.145342745881318,0.107628426800295,-1.35041224890337,0.176883783967058,0.472681035223712,"Rho GTPase activating protein 1","liver"
"ddah1",149.220797867197,-0.145818923278028,0.130998387043553,-1.11313525737952,0.265650343275121,0.562909598388969,"dimethylarginine dimethylaminohydrolase 1, transcript variant X1","liver"
"LOC115101911",220.727341525351,-0.14636015044364,0.0988641058241256,-1.48041748037461,0.138761867840955,0.426141188301776,"receptor tyrosine-protein kinase erbB-3-like","liver"
"LOC115141222",15235.5172145321,-0.146800009738948,0.20352030015927,-0.721304015491653,0.470722486953506,0.729530363810833,"complement C3","liver"
"LOC115123726",132.304524210139,-0.146865924010098,0.195024879244845,-0.753062504531609,0.451412354770953,0.713991757099885,"glutathione peroxidase 1-like","liver"
"LOC115145245",123.770143570488,-0.147606801671974,0.0868931009117009,-1.69871716077861,0.0893724884489587,0.354360177935755,"serine/arginine repetitive matrix protein 2-like, transcript variant X2","liver"
"LOC115106410",62.3789376093677,-0.147617320136477,0.132616234323809,-1.11311651163341,0.265658393104394,0.562909598388969,"inhibitor of Bruton tyrosine kinase-like","liver"
"ppig",72.1278911676522,-0.147791679849319,0.129043882204467,-1.14528234368482,0.252092217541439,0.546848259020173,"peptidylprolyl isomerase G","liver"
"ND4",3152.15047395693,-0.148146625670633,0.137541685421354,-1.07710346297409,0.281434046171505,0.57906369116358,NA,"liver"
"LOC115136275",154.671472891361,-0.148297787646969,0.166052755956746,-0.893076340663672,0.371816292059043,0.652449745401568,"mediator of RNA polymerase II transcription subunit 13-like","liver"
"LOC115126171",125.670303333855,-0.148371239618069,0.173514659805045,-0.855093395478941,0.392499445609864,0.668265555683293,"TSC22 domain family protein 3-like","liver"
"LOC115118216",208.96109145756,-0.148519324728082,0.148173289061812,-1.00233534443664,0.31618165755912,0.602661842209239,"uncharacterized LOC115118216, transcript variant X1","liver"
"efr3a",61.6136091706181,-0.14873865033114,0.151119428829304,-0.984245715348396,0.324994713238935,0.609608122946112,"EFR3 homolog A, transcript variant X1","liver"
"LOC115135717",114.643776604005,-0.148888426092423,0.182456037929619,-0.816023562617617,0.414486659414191,0.688446464454866,"unconventional myosin-XVIIIa-like, transcript variant X6","liver"
"LOC115144984",69.3099335373556,-0.148920851940511,0.400746150498588,-0.371608939362814,0.710184032365917,0.884150921173939,"C3 and PZP-like alpha-2-macroglobulin domain-containing protein 8","liver"
"LOC115109554",201.246501380534,-0.149351615799778,0.0917886635949332,-1.62712485344456,0.103710583517674,0.37878524947853,"bile acid receptor-like, transcript variant X3","liver"
"LOC115113642",126.973487557856,-0.149638753567647,0.150557607954703,-0.99389699132752,0.320273019281931,0.605207615481293,"ubiquitin carboxyl-terminal hydrolase 10-like, transcript variant X2","liver"
"LOC115121787",105.289193023203,-0.149929461451284,0.0720516638154052,-2.08086050358809,0.0374466762299717,0.238861740709491,"baculoviral IAP repeat-containing protein 2-like","liver"
"LOC115143141",382.65337356667,-0.150737388502023,0.137912241111434,-1.09299498932968,0.274395999746501,0.571050078285483,"guanine nucleotide-binding protein G(i) subunit alpha-2-like","liver"
"LOC115127676",614.800281311377,-0.150989568572114,0.159039027737255,-0.949386894024285,0.342423873591969,0.62392476922703,"polyadenylate-binding protein 1","liver"
"LOC115142772",109.869329680635,-0.151201984660156,0.0952945717062229,-1.5866799331056,0.112585153439474,0.393228008071377,"plexin-A1-like, transcript variant X2","liver"
"setx",67.3190015123119,-0.151668710226322,0.123667094993746,-1.2264273712744,0.220037891042265,0.515149020039213,"senataxin","liver"
"LOC115104237",58.2917690450876,-0.151856969705979,0.110631150618262,-1.37264205296,0.169863651780865,0.464016753366823,"RNA-binding protein 8A-like, transcript variant X2","liver"
"LOC115105211",95.6510218941189,-0.15200437977159,0.228175698836885,-0.666172517697657,0.505300836894426,0.757363748897249,"solute carrier family 23 member 1-like","liver"
"LOC115131343",60.8390969897757,-0.152232599411067,0.124260596855732,-1.22510758247693,0.22053468865782,0.515384077401978,"focal adhesion kinase 1-like, transcript variant X19","liver"
"LOC115107105",266.678707894606,-0.152564474264603,0.0850673382698541,-1.79345536568491,0.0729001414877485,0.326705500361967,"myotrophin, transcript variant X1","liver"
"ogt",85.9001227186069,-0.152774865860568,0.139158130702207,-1.0978508053367,0.272269642410081,0.569990273478936,"O-linked N-acetylglucosamine (GlcNAc) transferase, transcript variant X1","liver"
"LOC115110344",414.46933285408,-0.152878672194738,0.23939907759519,-0.638593405331525,0.523087472511304,0.767220056839177,"isocitrate dehydrogenase [NADP] cytoplasmic-like, transcript variant X1","liver"
"LOC115130271",156.497771169036,-0.152971810373251,0.104051777928163,-1.47015085584469,0.141520901301269,0.428876723943473,"abl interactor 1, transcript variant X1","liver"
"LOC115135615",193.349162657131,-0.153426529109483,0.10882729049662,-1.40981667750193,0.158593820821843,0.449532971953986,"stress-induced-phosphoprotein 1-like","liver"
"LOC115118061",204.489417445467,-0.153595492572857,0.143285143932711,-1.0719568571951,0.283739410469655,0.580899804711564,"NEDD4 family-interacting protein 1-like, transcript variant X1","liver"
"LOC115138671",132.521421890885,-0.154056352496597,0.129970367179677,-1.1853190526393,0.235891323203878,0.529853169515691,"disheveled-associated activator of morphogenesis 1-like, transcript variant X2","liver"
"gtf2f1",83.2406890859645,-0.154059101834232,0.107112463748258,-1.43829295343546,0.150350950405926,0.441218436245599,"general transcription factor IIF subunit 1, transcript variant X4","liver"
"LOC115118267",258.30255853564,-0.154176651565073,0.276729772079183,-0.557137927035032,0.577433196180249,0.80164090859356,"monocarboxylate transporter 1-like","liver"
"LOC115115483",135.047686889727,-0.15446680157959,0.153155726023498,-1.00856040835124,0.313185502982592,0.602462265574022,"lactadherin-like","liver"
"LOC115142380",58.9494445915022,-0.154516538664477,0.174535113554477,-0.885303452799186,0.37599298824545,0.656056258599509,"RNA binding protein fox-1 homolog 2-like, transcript variant X1","liver"
"LOC115126625",162.584197190956,-0.154887330535208,0.331261008788419,-0.467568854848644,0.640092941808582,0.843720700940341,"uncharacterized LOC115126625, transcript variant X2","liver"
"LOC115146285",176.649313934856,-0.15490353005319,0.125637111727549,-1.23294405548821,0.217596637224384,0.514503686801253,"uncharacterized protein KIAA1522 homolog, transcript variant X1","liver"
"LOC115138095",143.629413486369,-0.15582638024593,0.138048545271723,-1.12877958937716,0.258990824875059,0.557069447066353,"DENN domain-containing protein 4C-like, transcript variant X3","liver"
"LOC115125623",294.981291187707,-0.156083154722518,0.136157155636307,-1.14634558861846,0.251652186792364,0.546695676146897,"sterol-4-alpha-carboxylate 3-dehydrogenase, decarboxylating-like, transcript variant X2","liver"
"LOC115107164",100.945889258841,-0.156098215787467,0.14640362016733,-1.06621827799788,0.286324981494637,0.583021643712864,"myosin phosphatase Rho-interacting protein-like","liver"
"LOC115143069",104.41766427182,-0.156132725867611,0.166366414780324,-0.938487050248538,0.347994168847993,0.628177250763693,"leucine-rich repeat flightless-interacting protein 1-like, transcript variant X2","liver"
"baz2b",117.525640067412,-0.157434933481316,0.222242682170337,-0.708391979181794,0.478701871982442,0.733529635413696,"bromodomain adjacent to zinc finger domain 2B, transcript variant X17","liver"
"LOC115122031",95.1798336096767,-0.157613557395519,0.24271668950534,-0.649372557432031,0.516097597456751,0.762093304551333,"transmembrane protein 132D-like","liver"
"LOC115130975",67.0817110333816,-0.157820885510615,0.125086077885842,-1.26169824954179,0.207057387030394,0.505671605473867,"zinc finger C4H2 domain-containing protein, transcript variant X4","liver"
"LOC115128231",104.027513603728,-0.158329598729776,0.134376146108888,-1.17825673167824,0.238694271724173,0.53398143869427,"dolichyl-diphosphooligosaccharide--protein glycosyltransferase subunit STT3B, transcript variant X2","liver"
"LOC115121287",61.0932351778005,-0.158937707410514,0.17575746547055,-0.904301316504509,0.365835648902062,0.645866505192127,"probable global transcription activator SNF2L2","liver"
"LOC115128705",170.566461295083,-0.158980526356352,0.128893145012332,-1.23342887118738,0.217415798963993,0.514503686801253,"probable acyl-CoA dehydrogenase 6","liver"
"LOC115111550",65.6206564338991,-0.159224461189182,0.237641483285226,-0.670019640460143,0.50284526998487,0.755472657743579,"phosducin-like protein 3","liver"
"LOC115146085",318.842982990607,-0.15935025383824,0.192337146905808,-0.828494424513208,0.407390551184599,0.680821601733672,"syntaxin-binding protein 6-like, transcript variant X2","liver"
"LOC115134486",157.821411029619,-0.159387814271445,0.158486605238035,-1.00568634195967,0.314566475251843,0.602661842209239,"MOB kinase activator 2-like, transcript variant X4","liver"
"LOC115131630",226.265245282904,-0.15980581968438,0.194786421890453,-0.8204156025529,0.411979223868439,0.685119264172891,"glycogen synthase kinase-3 beta-like","liver"
"foxn3",97.3043776837059,-0.160094911358016,0.151495566089823,-1.05676301617365,0.290619757131962,0.585549248675173,"forkhead box N3","liver"
"LOC115136245",691.280860309061,-0.160108684336329,0.121907996236794,-1.31335670570234,0.189062778938847,0.484057717936395,"la-related protein 1-like","liver"
"dnajb9",198.247730989249,-0.160330683098398,0.198431128914978,-0.807991588694209,0.419095424282152,0.69146125084874,"DnaJ heat shock protein family (Hsp40) member B9, transcript variant X2","liver"
"LOC115108338",98.441427155341,-0.160755491454215,0.116288721189065,-1.38238248568281,0.166854290932586,0.459483178110225,"amino-terminal enhancer of split-like, transcript variant X2","liver"
"LOC115129446",189.059293298143,-0.160780206234545,0.257180320821308,-0.625165275947598,0.531862589470175,0.769709401192759,"N-alpha-acetyltransferase 15, NatA auxiliary subunit-like","liver"
"LOC115110537",104.544823711917,-0.161093251085356,0.120145634783359,-1.34081651302465,0.179980033487498,0.476053612261547,"primary amine oxidase, liver isozyme-like","liver"
"LOC115110486",136.326196560741,-0.161098294408057,0.161603253324344,-0.99687531713688,0.3188250339274,0.604704843863596,"sterol regulatory element-binding protein 2-like, transcript variant X2","liver"
"ogg1",58.1336987309133,-0.161099040569183,0.133610432850041,-1.20573698574867,0.227918919268893,0.523378881656343,"8-oxoguanine DNA glycosylase, transcript variant X2","liver"
"LOC115104519",209.482585226728,-0.161174067821572,0.156191970946722,-1.03189726619526,0.302120246790564,0.594714532960469,"partitioning defective 3 homolog","liver"
"LOC115105097",137.718076392989,-0.161427014159809,0.142327013640635,-1.1341979995969,0.256711502945964,0.553910749199936,"ras-related protein Rab-18-like","liver"
"LOC115118813",148.545059365445,-0.161816604082302,0.122396777816501,-1.32206588252593,0.186146213442072,0.48142891243013,"microtubule-actin cross-linking factor 1, isoforms 1/2/3/5-like, transcript variant X1","liver"
"LOC115141651",123.869199202546,-0.161998194824466,0.154437831114357,-1.04895409146553,0.294199248193893,0.589635548521163,"uncharacterized protein KIAA1671-like, transcript variant X1","liver"
"LOC115122236",455.083340884192,-0.162004412204576,0.196379363793889,-0.82495639600202,0.409396346573023,0.683613071950693,"calreticulin-like","liver"
"LOC115131546",107.991977833189,-0.162052765505838,0.135402433346627,-1.19682314047478,0.231375496762858,0.526562154159259,"chromatin target of PRMT1 protein-like","liver"
"LOC115113007",344.973991522999,-0.16215802925491,0.0942745449583154,-1.72006164894893,0.085421236003318,0.350278629727892,"probable E3 ubiquitin-protein ligase TRIM8, transcript variant X2","liver"
"LOC115107020",848.410292190937,-0.162662686386978,0.125459235581897,-1.29653815944698,0.194790142147205,0.490830051295152,"DNA/RNA-binding protein KIN17-like","liver"
"LOC115135309",61.126466689606,-0.163457307917296,0.16145498818897,-1.01240172106657,0.311346015795012,0.601817480450145,"SEC23-interacting protein-like, transcript variant X2","liver"
"ssr1",119.22730651633,-0.163640724408365,0.189297152986144,-0.864464794250463,0.387332612166387,0.663069184036201,"signal sequence receptor subunit 1, transcript variant X1","liver"
"slc2a9",217.631984600858,-0.163920509458603,0.176555050043007,-0.928438520555904,0.353180144772987,0.633584947467429,"solute carrier family 2 member 9, transcript variant X1","liver"
"LOC115114491",60.7668458571007,-0.164403412938925,0.111378154799526,-1.47608310835138,0.139921582911926,0.427526515703904,"histone-lysine N-methyltransferase 2C-like, transcript variant X3","liver"
"LOC115131483",78.7731780330997,-0.164841481089189,0.1681438368028,-0.980359936014286,0.326908478742528,0.611979627914037,"uncharacterized aarF domain-containing protein kinase 5-like, transcript variant X2","liver"
"LOC115137887",72.3297613021205,-0.165066259159964,0.188093459137289,-0.8775757536549,0.380173992085384,0.659608891016053,"serine protease HTRA3-like, transcript variant X1","liver"
"btg1",688.23211430337,-0.165296957403715,0.170941638632724,-0.966978898329527,0.33355458261584,0.616127007304481,"BTG anti-proliferation factor 1","liver"
"LOC115102360",172.152432453306,-0.165381416789288,0.255911414215334,-0.646244784729021,0.518120840171043,0.763177648504688,"protein SET-like, transcript variant X1","liver"
"LOC115105411",367.592504420641,-0.165955183951757,0.149954377324609,-1.10670449847897,0.268421709818542,0.564544318483166,"opioid-binding protein/cell adhesion molecule homolog, transcript variant X2","liver"
"nid2",87.3070160778548,-0.166090914974155,0.170651338918419,-0.973276365874606,0.330415965435693,0.613285735480822,"nidogen 2, transcript variant X3","liver"
"LOC115108519",58.832940024737,-0.166218898066562,0.0987262889680838,-1.68363360766348,0.0922524995321964,0.359285719078632,"protein furry homolog-like, transcript variant X11","liver"
"LOC115128506",344.978137351908,-0.166531182426855,0.347929273804743,-0.478635156524114,0.632198203201304,0.840182548499679,"type-4 ice-structuring protein-like","liver"
"LOC115114520",2758.48544324582,-0.167088601601893,0.344515310238663,-0.484996157314874,0.627679071331513,0.838001930804863,"insulin-like growth factor-binding protein 1","liver"
"dock9",58.5601065160537,-0.167129723381682,0.128004928809868,-1.30565068810692,0.19167137450539,0.487125116673347,"dedicator of cytokinesis 9, transcript variant X11","liver"
"LOC115110428",65.8561736296558,-0.167207930198452,0.123294069004068,-1.35617172463449,0.175044536233792,0.470730067742526,"casein kinase I, transcript variant X2","liver"
"nr2f1",152.535209078418,-0.167680108870639,0.0835913564655019,-2.00595032741023,0.0448615479280909,0.261970873001287,"nuclear receptor subfamily 2 group F member 1, transcript variant X2","liver"
"LOC115141777",117.268081420096,-0.167993894656971,0.090947689899434,-1.8471485624619,0.0647256119009374,0.310607773214372,"lissencephaly-1 homolog A, transcript variant X2","liver"
"LOC115143994",83.6556963396972,-0.168194184963438,0.106444208256043,-1.58011589093566,0.114080328768391,0.394843487389548,"ral GTPase-activating protein subunit beta-like, transcript variant X3","liver"
"LOC115141657",142.464572007301,-0.168858134712684,0.111673432308438,-1.51207078731406,0.130515855498272,0.41540889168661,"alpha-actinin-4, transcript variant X2","liver"
"LOC115120130",62.6940086481988,-0.168904362633105,0.21337504966289,-0.791584409236018,0.428603040597676,0.697735722521961,"SEC14-like protein 2, transcript variant X2","liver"
"LOC115118594",61.182593740673,-0.168986633829974,0.137292738660545,-1.2308490272584,0.218379334895063,0.514503686801253,"serine/arginine repetitive matrix protein 2-like, transcript variant X1","liver"
"LOC115139154",153.64581854169,-0.169021486103933,0.100183108142819,-1.6871255966922,0.0915792041373272,0.359279148153416,"RNA-binding protein 25-like","liver"
"psme4",62.6179547070146,-0.16914087913853,0.12767145772958,-1.32481356558791,0.185232994328492,0.479980727834032,"proteasome activator subunit 4","liver"
"LOC115104220",102.207786656062,-0.170403745813103,0.315323625861801,-0.540409064964221,0.588914957668031,0.809584272328801,"hemoglobin subunit beta","liver"
"LOC115110164",153.227779595748,-0.170826433737719,0.154007646768086,-1.10920747977508,0.267340686608128,0.563456157875353,"endoplasmic reticulum membrane sensor NFE2L1-like","liver"
"LOC115140004",134.278887914708,-0.170845493807781,0.216860352579129,-0.787813409763049,0.430805856106818,0.698290615620397,"calcineurin-binding protein cabin-1-like, transcript variant X1","liver"
"tp53i11",106.123893112439,-0.171224494805608,0.140269521751787,-1.22068210304871,0.22220640654289,0.51642870199588,"tumor protein p53 inducible protein 11, transcript variant X1","liver"
"LOC115142627",3621.54961279047,-0.171444219534592,0.181320844396146,-0.945529567246137,0.344388583163315,0.624522353674211,"complement C3-like","liver"
"acin1",165.274581684604,-0.171509137879147,0.129792282810189,-1.32141244583829,0.186363878423436,0.481686219691773,"apoptotic chromatin condensation inducer 1, transcript variant X4","liver"
"LOC115111654",65.7374685505061,-0.171648457093422,0.152351694050724,-1.12665932704545,0.259886545186134,0.558112517480866,"RNA-binding protein EWS-like, transcript variant X3","liver"
"LOC115130030",69.2847131805076,-0.171678267616457,0.166877724685777,-1.02876682876471,0.303589257749689,0.596639254863902,"uncharacterized LOC115130030","liver"
"ctnnb1",393.170070183247,-0.171753473000236,0.107636195222793,-1.59568510058098,0.110559116782699,0.389715104987415,"catenin beta 1","liver"
"LOC115109719",66.0754983267604,-0.172183386870569,0.147911030906944,-1.16410105328044,0.24438306185689,0.536984021632714,"ETS domain-containing protein Elk-3-like","liver"
"LOC115142049",297.222478295634,-0.17227971826259,0.348447771771968,-0.494420490584551,0.621009245795672,0.834839606155395,"type-4 ice-structuring protein LS-12-like","liver"
"LOC115116842",84.774028041441,-0.172872857652467,0.133439400044601,-1.29551584910218,0.195142337523496,0.491137928346786,"cytoplasmic polyadenylation element-binding protein 4-like, transcript variant X1","liver"
"LOC115140263",209.721922436311,-0.172945695822296,0.12110058729316,-1.42811607844336,0.15325845036851,0.443919583110383,"lysyl oxidase homolog 2B","liver"
"LOC115111300",70.3312673775057,-0.173272056996705,0.121037042324871,-1.4315622198668,0.152269148388181,0.442688337254084,"ras GTPase-activating protein 1-like, transcript variant X1","liver"
"COX2",12866.1482565368,-0.173544984219668,0.119017779778395,-1.45814335087413,0.144801034452945,0.434170287903332,NA,"liver"
"LOC115137492",140.012203982654,-0.173809157107582,0.12756500829693,-1.36251437151958,0.173035611785751,0.46719384371525,"high mobility group protein B2-like","liver"
"LOC115139329",81.5566543127729,-0.1738817163384,0.136042061846794,-1.2781467288714,0.201197695157063,0.496718234682126,"CSC1-like protein 2","liver"
"LOC115123875",3378.93423619911,-0.173914262284654,0.127654505598768,-1.36238248285012,0.17307720903092,0.46719384371525,"heparan sulfate glucosamine 3-O-sulfotransferase 3B1-like","liver"
"LOC115129336",150.098873782675,-0.17431489528692,0.129552092170884,-1.3455197238883,0.178457456129441,0.474799341503657,"putative monooxygenase p33MONOX, transcript variant X2","liver"
"LOC115120858",88.7785104253925,-0.174418507354268,0.147445656442514,-1.18293418444829,0.236835232384226,0.530990322991257,"uncharacterized LOC115120858","liver"
"epas1",64.245903524801,-0.174521816611164,0.153514677685344,-1.13684124047655,0.255604659637004,0.552838963517804,"endothelial PAS domain protein 1, transcript variant X2","liver"
"LOC115123341",61.719174252373,-0.174635254855123,0.203937718501365,-0.856316605571688,0.39182267863413,0.667671086167523,"ATP-citrate synthase, transcript variant X1","liver"
"LOC115128399",333.308599382815,-0.174706071348621,0.158526989489038,-1.10205884759265,0.270436088686352,0.567609421980211,"class I histocompatibility antigen, F10 alpha chain-like, transcript variant X2","liver"
"LOC115142582",91.8868148849224,-0.174920427806375,0.122174271167498,-1.43172884220904,0.152221438722457,0.442688337254084,"regulatory-associated protein of mTOR, transcript variant X6","liver"
"LOC115101387",69.2676313882944,-0.175672456106573,0.0939293868041456,-1.87026086386439,0.0614476014095996,0.303588391933973,"heterogeneous nuclear ribonucleoprotein U-like protein 1","liver"
"LOC115104053",138.662131827647,-0.176236075072907,0.238892463812597,-0.737721367431493,0.460683784876121,0.718617339133207,"chromobox protein homolog 1-like","liver"
"LOC115106784",70.6450213100338,-0.176811031305978,0.101580861137912,-1.74059393989512,0.0817547806573821,0.344681911946485,"eukaryotic translation initiation factor 4H-like, transcript variant X3","liver"
"LOC115139963",427.149544150545,-0.176861020459689,0.175288956171387,-1.0089684160522,0.312989781649633,0.602462265574022,"serine/threonine-protein kinase ULK1-like, transcript variant X5","liver"
"LOC115107555",2497.41300028562,-0.177439238203024,0.284002223534617,-0.624781158382008,0.532114698473948,0.769709401192759,"apolipoprotein B-100-like","liver"
"LOC115111669",99.9736855229455,-0.177453593462092,0.166938599466003,-1.06298719427217,0.287787758682371,0.583886746645261,"WD repeat and FYVE domain-containing protein 2","liver"
"LOC115122691",64.9681087495315,-0.177717337912911,0.161798066430296,-1.09838975108811,0.272034335774408,0.569790314808062,"SHC-transforming protein 1-like","liver"
"LOC115133564",72.4790392660211,-0.178424931642645,0.1450114537429,-1.23041957746997,0.218540025866074,0.514503686801253,"serine/threonine-protein phosphatase 2B catalytic subunit alpha isoform, transcript variant X1","liver"
"auh",97.055193611152,-0.178630552455154,0.165155645933392,-1.08158913639075,0.279435133834283,0.577796523365651,"AU RNA binding methylglutaconyl-CoA hydratase, transcript variant X2","liver"
"LOC115105240",258.292893469316,-0.178770676494767,0.103748055134948,-1.72312315890872,0.084866255637711,0.349518919030781,"cytoplasmic polyadenylation element-binding protein 4-like, transcript variant X2","liver"
"LOC115129674",512.787778942577,-0.179476658753526,0.275470607005419,-0.651527437734929,0.514706071279347,0.761263014833398,"formimidoyltransferase-cyclodeaminase-like","liver"
"LOC115119999",118.897652633497,-0.179586062887076,0.120481047665908,-1.49057520968,0.13607305690902,0.422520506115968,"transcriptional activator protein Pur-beta-like","liver"
"LOC115144998",58.8295174389384,-0.179986199524658,0.232655769383686,-0.773615887546857,0.439157973978412,0.705835284640182,"formin-binding protein 1-like, transcript variant X4","liver"
"LOC115135015",1271.79195945362,-0.18012818484656,0.136018030970356,-1.32429637130843,0.185404635195223,0.480120262424225,"reticulon-1-A-like, transcript variant X1","liver"
"LOC115105599",385.251971921757,-0.180281406577129,0.181578393041653,-0.992857154186697,0.3207795723169,0.605794282606699,"alpha-2-antiplasmin-like, transcript variant X3","liver"
"LOC115138664",67.8668879281411,-0.180467646825701,0.153848895677488,-1.17301879893902,0.240788267115708,0.536020194846327,"F-box only protein 33-like","liver"
"LOC115106304",256.236072022935,-0.180960320925289,0.167521717379167,-1.08022006791934,0.280044194038728,0.578106723951892,"forkhead box protein K2-like, transcript variant X2","liver"
"dbi",147.761621417598,-0.181186841761489,0.180588256144386,-1.00331464309963,0.315709073171571,0.602661842209239,"diazepam binding inhibitor, acyl-CoA binding protein","liver"
"LOC115135711",105.771976639161,-0.181343505196058,0.2066937573858,-0.877353566404889,0.380294625585801,0.659608891016053,"acetyl-CoA carboxylase, transcript variant X1","liver"
"LOC115140272",95.6262830741108,-0.181586263957445,0.136950879297646,-1.32592258544606,0.184865341051527,0.479980727834032,"rab-like protein 6, transcript variant X2","liver"
"pum1",129.424984094519,-0.182126057823645,0.0909673312663129,-2.00210400028621,0.045273547391948,0.262535331534949,"pumilio RNA binding family member 1, transcript variant X4","liver"
"LOC115108366",79.1505932501683,-0.182127219633304,0.10207345103418,-1.78427610498167,0.0743788110360441,0.329172675117172,"ER degradation-enhancing alpha-mannosidase-like protein 3, transcript variant X2","liver"
"LOC115112251",187.781167147731,-0.182832037288888,0.17112637440694,-1.06840361646483,0.285338486406552,0.582393425434705,"hepatocyte nuclear factor 4-beta-like","liver"
"LOC115128719",106.600235522948,-0.184015382323596,0.101375980070647,-1.81517734472563,0.0694966601096443,0.319261722777012,"casein kinase II subunit alpha-like, transcript variant X1","liver"
"LOC115109257",173.633317238694,-0.184729201261559,0.18680590692875,-0.988883083509863,0.322720348074041,0.607859583525782,"cold-inducible RNA-binding protein B-like, transcript variant X5","liver"
"LOC115108300",379.145847705817,-0.18497700287862,0.116735338011339,-1.58458446285266,0.113060777361578,0.394213625770567,"cyclic AMP-responsive element-binding protein 3-like protein 3-B","liver"
"LOC115117745",733.095894023459,-0.185368695415289,0.193916278687468,-0.955921270096386,0.339112011984222,0.620225883494352,"long-chain fatty acid transport protein 6-like","liver"
"LOC115118585",217.27060926235,-0.185376533590496,0.186266322310827,-0.995223029534846,0.319627803488895,0.604704843863596,"complement C3 alpha chain-like","liver"
"LOC115109271",193.994940858716,-0.185612983058035,0.210153702522785,-0.883224900774284,0.377114770310537,0.657169646766032,"A disintegrin and metalloproteinase with thrombospondin motifs 20-like","liver"
"LOC115110758",154.911282549928,-0.185678543497803,0.281371373196622,-0.659905595186654,0.509314413404983,0.759314392479411,"very-long-chain (3R)-3-hydroxyacyl-CoA dehydratase 2-like","liver"
"LOC115132150",67.7017668915709,-0.185701326856012,0.123264271514683,-1.5065300315663,0.131931163713267,0.416538670251956,"ubiquitin carboxyl-terminal hydrolase 19-like, transcript variant X1","liver"
"LOC115113237",87.3548885527336,-0.185866403595126,0.139373790651432,-1.33358218016736,0.182340826217126,0.477648591041778,"bifunctional heparan sulfate N-deacetylase/N-sulfotransferase 2-like, transcript variant X1","liver"
"LOC115126316",2388.81744141595,-0.185876522251128,0.126056307023367,-1.47455154478444,0.140333150225223,0.428462861661431,"prosaposin-like, transcript variant X3","liver"
"LOC115141837",1719.03337452387,-0.18609606316179,0.126960216515963,-1.46578249682169,0.142707550947712,0.430233711289107,"alpha-2-antiplasmin-like","liver"
"LOC115103267",64.7988782297168,-0.186548904049588,0.186062953777499,-1.00261175189485,0.316048223406829,0.602661842209239,"lysine-specific demethylase 4A-like, transcript variant X1","liver"
"LOC115134190",4434.48888252399,-0.186687639389269,0.707948929340978,-0.263702128292014,0.792009455429602,0.926075391590294,"zona pellucida sperm-binding protein 3-like","liver"
"LOC115105055",81.9622908147973,-0.186712177344269,0.150245861993776,-1.2427109463554,0.213974368733613,0.512432154499533,"calponin-3-like","liver"
"LOC115122218",100.245337879868,-0.18728222533474,0.215804266355703,-0.867833748133824,0.385485352046467,0.66277343806359,"retinol dehydrogenase 7-like, transcript variant X1","liver"
"clybl",64.6152438399759,-0.188298728286054,0.0993423335902823,-1.895453040822,0.0580324073966403,0.294660212954273,"citrate lyase beta like, transcript variant X2","liver"
"LOC115110267",626.439881046938,-0.188417618439404,0.176913235024312,-1.06502839323192,0.286863081192358,0.583021643712864,"putative methyltransferase DDB_G0268948, transcript variant X2","liver"
"LOC115143469",2322.17227930879,-0.188664092634752,0.140194577775749,-1.34573031017315,0.178389507580947,0.474799341503657,"sodium-coupled neutral amino acid transporter 3-like, transcript variant X2","liver"
"LOC115120425",164.922073448396,-0.189607231957008,0.188915859424488,-1.0036596849763,0.315542675390315,0.602661842209239,"protein max, transcript variant X2","liver"
"LOC115129408",258.770552440597,-0.189731895237067,0.100458606525014,-1.88865744608775,0.0589377441135104,0.295850055426932,"proto-oncogene DBL-like","liver"
"LOC115125186",343.549163715416,-0.189867299655293,0.128528797039693,-1.47723548362984,0.13961252523221,0.427222712347214,"death-associated protein 1-like","liver"
"LOC115104090",61.2576626998253,-0.190071402480318,0.17577453182306,-1.08133641722141,0.279547493682189,0.577796523365651,"plexin domain-containing protein 1-like, transcript variant X3","liver"
"LOC115129735",321.075962010384,-0.191307057552678,0.123171265638555,-1.55317927895673,0.120380310213714,0.401530396424794,"NEDD4 family-interacting protein 2-like","liver"
"LOC115135140",465.071080097347,-0.191449128405827,0.125314907465915,-1.52774424270233,0.126576050726194,0.410052665416657,"bifunctional heparan sulfate N-deacetylase/N-sulfotransferase 2-like, transcript variant X1","liver"
"LOC115129673",102.047379955949,-0.191551930029664,0.189134063857939,-1.01278387468871,0.311163404606376,0.601817480450145,"signal transducer and activator of transcription 1-alpha/beta-like, transcript variant X1","liver"
"LOC115104794",69.2647191206914,-0.192124343195224,0.128825278010643,-1.49135593698739,0.135868070139407,0.422520506115968,"nuclear fragile X mental retardation-interacting protein 2-like","liver"
"LOC115102509",60.3840576879063,-0.192487647392967,0.213586150432202,-0.901217831790397,0.367472511742644,0.647005597349035,"hepatocyte nuclear factor 4-alpha-like, transcript variant X3","liver"
"LOC115113263",94.3534845196946,-0.192853559218312,0.083252797677592,-2.31648142282454,0.0205319976008255,0.181536707637668,"Golgi-specific brefeldin A-resistance guanine nucleotide exchange factor 1-like, transcript variant X1","liver"
"LOC115143152",576.01734035906,-0.193356408000221,0.23902031182187,-0.808953877293572,0.418541676697799,0.69146125084874,"histone H1x","liver"
"LOC115110408",91.5878092007407,-0.1933794606475,0.103490876331296,-1.86856530259201,0.0616833168714428,0.304015960783556,"histone acetyltransferase p300-like, transcript variant X5","liver"
"LOC115131418",111.724190891699,-0.193399095668255,0.126618476251253,-1.52741607223646,0.126657582374772,0.410052665416657,"glucocorticoid-induced transcript 1 protein-like","liver"
"LOC115129404",180.761352497372,-0.193488182093714,0.200267838124972,-0.966147055389759,0.333970601352804,0.616235478095984,"retinol dehydrogenase 12-like","liver"
"LOC115101417",548.0643202193,-0.193641769734088,0.222467957177992,-0.870425440995798,0.384067948471373,0.66181330070431,"diamine acetyltransferase 1-like","liver"
"LOC115114250",186.877448719467,-0.193782457152153,0.146007637719186,-1.32720767337427,0.184439994777346,0.479980727834032,"sarcosine dehydrogenase, mitochondrial-like","liver"
"LOC115109252",63.0022838478201,-0.1938848317135,0.135827591225732,-1.42743333636302,0.153455027625743,0.443919583110383,"transcriptional repressor p66-alpha-like, transcript variant X1","liver"
"LOC115120666",357.439607513634,-0.194092261822162,0.151453200931686,-1.28153291332356,0.200006546945607,0.496181792666034,"solute carrier family 22 member 18-like","liver"
"LOC115114862",65.7504259318033,-0.19427956136953,0.230046301395825,-0.844523733660236,0.398376806663775,0.674609000399479,"phosphoglucomutase-1-like","liver"
"LOC115105111",78.0349289397578,-0.194285512094014,0.116007765878959,-1.67476298351206,0.093980744313135,0.362302933203603,"kinesin-1 heavy chain-like","liver"
"dgkd",88.2425175422505,-0.194498337310555,0.125457246933159,-1.55031568175714,0.121065765235142,0.402499232543588,"diacylglycerol kinase delta, transcript variant X4","liver"
"LOC115142940",127.402720590111,-0.194597463669554,0.111717729860281,-1.7418673286051,0.0815316620224289,0.344681911946485,"neurofascin-like","liver"
"LOC115104749",231.1702873369,-0.194811419447122,0.347365750841497,-0.56082506400009,0.574916798546469,0.800328166282585,"cryptic protein-like","liver"
"miox",72.8614373912429,-0.194925268843432,0.253522937360372,-0.768866402673275,0.441972624144834,0.707440917137375,"myo-inositol oxygenase","liver"
"LOC115138047",18073.1828018256,-0.195076299722353,0.15474504218651,-1.26063036958065,0.207442051553096,0.505814444934547,"histidine-rich glycoprotein-like","liver"
"LOC115101624",104.951186206357,-0.195318803270527,0.158556880334559,-1.23185321796443,0.218003919510943,0.514503686801253,"renin-like","liver"
"LOC115134259",62.5552822381845,-0.195383198344577,0.137736782153109,-1.41852593976958,0.156037270932244,0.446008356465516,"COUP transcription factor 2-like, transcript variant X1","liver"
"LOC115143505",74.281265535009,-0.196197937197024,0.161674135587426,-1.21353942289012,0.224923651392987,0.519721543694906,"uncharacterized LOC115143505, transcript variant X3","liver"
"LOC115136143",780.886216796904,-0.196207378012316,0.179536373657726,-1.09285585987367,0.27445709110924,0.571050078285483,"sodium-coupled neutral amino acid transporter 3-like, transcript variant X1","liver"
"LOC115103823",83.1652389820154,-0.196254651802492,0.206789861658101,-0.949053547542735,0.342593378446602,0.6239546964023,"sterol regulatory element-binding protein cleavage-activating protein-like, transcript variant X4","liver"
"LOC115136940",153.308003379106,-0.197476623555201,0.0850230614949578,-2.32262423962365,0.0201993473820291,0.181137621423119,"heterogeneous nuclear ribonucleoprotein L-like, transcript variant X1","liver"
"LOC115131660",93.2814177939893,-0.197621613521307,0.209006993497491,-0.9455263205041,0.344390239898889,0.624522353674211,"neurofascin-like","liver"
"LOC115142844",88.945501401623,-0.198338633228497,0.145194811036111,-1.36601736531182,0.17193351296588,0.466254197287682,"cadherin-22-like, transcript variant X1","liver"
"LOC115103990",116.466889230439,-0.198554062854234,0.126303575020361,-1.57203834350869,0.115941659040755,0.396791101805304,"bromodomain-containing protein 4-like","liver"
"LOC115118093",354.320791864899,-0.199084453995111,0.295999593151688,-0.672583539306045,0.501212276750026,0.753658039245653,"hydroxymethylglutaryl-CoA synthase, cytoplasmic-like, transcript variant X5","liver"
"LOC115140935",72.1134169472392,-0.199195053656486,0.455583777366273,-0.437230348297367,0.661944302525644,0.855448629389513,"squalene monooxygenase-like","liver"
"fasn",400.466656084025,-0.199354453653584,0.203732024115855,-0.978513095909842,0.327820617480258,0.61321562039905,"fatty acid synthase, transcript variant X3","liver"
"fxr1",60.7330840092466,-0.199539310410486,0.0966101675002696,-2.06540693980195,0.0388845124964852,0.245726004551432,"FMR1 autosomal homolog 1","liver"
"LOC115133082",138.463133313345,-0.199840208262185,0.174284557901585,-1.1466317536579,0.251533847102416,0.546695676146897,"DNA/RNA-binding protein KIN17-like","liver"
"LOC115104489",72.4827739049037,-0.199852474265546,0.168183683690865,-1.18829882827927,0.234715699196197,0.529170367849425,"histone-lysine N-methyltransferase 2C-like","liver"
"LOC115142564",68.3509178199845,-0.200058600421491,0.133095655595117,-1.50311893748116,0.13280837620832,0.418013082181553,"zinc finger CCCH domain-containing protein 18-like, transcript variant X3","liver"
"LOC115110771",326.446588499245,-0.201764708756064,0.211569431657881,-0.953657185610483,0.34025719890172,0.621087479947788,"3 beta-hydroxysteroid dehydrogenase type 7-like","liver"
"LOC115138712",108.50700740918,-0.201990462863276,0.125300234544461,-1.61205175391433,0.106950678167563,0.38441883969223,"eukaryotic translation initiation factor 4 gamma 3-like, transcript variant X5","liver"
"LOC115136244",92.825696944467,-0.202123269634664,0.155263688030092,-1.301806444244,0.192982560307281,0.488373778121627,"la-related protein 1-like, transcript variant X1","liver"
"LOC115117308",59.5924153920836,-0.202186071266012,0.179853232005954,-1.12417257677815,0.260939820787047,0.558608565928574,"ubiquitin-conjugating enzyme E2 H-like","liver"
"LOC115144966",81.1099718542645,-0.203060253845286,0.11335688318058,-1.79133589551687,0.0732394091733768,0.327688070022705,"nuclear factor 1 C-type-like, transcript variant X3","liver"
"LOC115116738",256.878803097975,-0.2032336944905,0.136452356825318,-1.48941139031167,0.136379070995028,0.422520506115968,"cytosolic Fe-S cluster assembly factor narfl-like","liver"
"LOC115140248",158.603254209575,-0.203271820413314,0.16168629561248,-1.25719882222117,0.208681649683984,0.507083282246149,"nucleolysin TIA-1-like, transcript variant X3","liver"
"pcf11",78.426878577281,-0.203409681114941,0.120285014907951,-1.69106418842448,0.0908245439408187,0.358113368975222,"PCF11 cleavage and polyadenylation factor subunit, transcript variant X2","liver"
"LOC115103147",63.9410984753621,-0.203552416204289,0.116951269257667,-1.74048915840171,0.0817731621325444,0.344681911946485,"enhancer of polycomb homolog 1-like, transcript variant X2","liver"
"LOC115113379",262.718758190045,-0.204464050201158,0.161795908875937,-1.26371582335829,0.20633204362465,0.504504744939455,"eukaryotic translation initiation factor 3 subunit A-like, transcript variant X1","liver"
"LOC115142436",145.162596243184,-0.204708687687104,0.152326872799446,-1.34387770145209,0.178987937785094,0.475589852941357,"40S ribosomal protein SA, transcript variant X2","liver"
"LOC115107900",127.235208222897,-0.205041766984671,0.132122162052842,-1.55191047284456,0.120683646672437,0.402213036661369,"calmodulin","liver"
"LOC115112174",167.459990961164,-0.20524843483173,0.160821670487418,-1.27624861879412,0.201867646955416,0.497468276293999,"tight junction protein ZO-1-like","liver"
"ppp1r36",58.3627379523823,-0.205403665552309,0.184635670818562,-1.11248094499657,0.265931418574786,0.562909598388969,"protein phosphatase 1 regulatory subunit 36, transcript variant X1","liver"
"LOC115129140",137.616015445427,-0.206089370066134,0.317658082309886,-0.648777353837599,0.51648229714998,0.762093304551333,"kinesin-like protein KIF26A","liver"
"LOC115104028",62.3542808580372,-0.206231038321605,0.113387931445617,-1.81880942435675,0.0689405100790726,0.318235015948244,"KAT8 regulatory NSL complex subunit 1-like, transcript variant X1","liver"
"LOC115138344",65.4463619993708,-0.206624261375304,0.137709241031352,-1.5004386040314,0.1335008260276,0.419544615951039,"saccharopine dehydrogenase-like oxidoreductase","liver"
"LOC115146295",188.143022859772,-0.207071471204546,0.158702591892868,-1.3047768705903,0.191968837172272,0.487213561839465,"low density lipoprotein receptor adapter protein 1-B-like, transcript variant X1","liver"
"LOC115134080",72.5817472789407,-0.207270070989279,0.16485110461922,-1.25731684642356,0.208638926158136,0.507083282246149,"thromboxane-A synthase-like, transcript variant X1","liver"
"LOC115130759",59.1889106599383,-0.208892805925417,0.179783532529345,-1.16191290151294,0.245270845996723,0.53806456850519,"signal recognition particle subunit SRP72-like","liver"
"LOC115126711",1273.52703798489,-0.208972857406474,0.432022407414727,-0.483708376741364,0.62859284742318,0.838672486447425,"complement factor H-like","liver"
"LOC115114248",92.0065951230705,-0.209297778869352,0.172032337463058,-1.21661881687968,0.223749279996423,0.51730122817097,"ATP-binding cassette sub-family F member 2-like, transcript variant X1","liver"
"LOC115113849",197.71695412499,-0.209420523225515,0.132315339171044,-1.58273805998257,0.11348117961402,0.394843487389548,"dystonin-like","liver"
"LOC115103327",717.481950953896,-0.209510514550702,0.353699467616763,-0.592340486013138,0.553622610220876,0.782250760109554,"coagulation factor XIII B chain-like, transcript variant X1","liver"
"LOC115106600",64.3445905014087,-0.210395509294634,0.145699510918922,-1.44403716915504,0.148728520207424,0.438018387547297,"putative leucine-rich repeat-containing protein DDB_G0290503, transcript variant X1","liver"
"LOC115143358",147.079976173781,-0.210655638424105,0.13942415722315,-1.51089769965005,0.130814517048313,0.41540889168661,"nuclear receptor coactivator 3-like, transcript variant X2","liver"
"LOC115140872",703.396180026867,-0.211501467369969,0.130331197646932,-1.62279999868433,0.104632166035298,0.379769108423754,"amyloid-like protein 1","liver"
"LOC115105818",59.5707357768743,-0.211700889998478,0.1891450918634,-1.11925130022072,0.263032945507902,0.560440295812969,"histone-lysine N-methyltransferase SETD1B-A-like, transcript variant X2","liver"
"LOC115113510",159.657306141957,-0.211776002893921,0.242236689105489,-0.874252383798461,0.381980824197355,0.661407748270356,"carbonic anhydrase 7-like","liver"
"LOC115127643",7028.43452805502,-0.211839087233658,0.176518056867865,-1.20009868107846,0.230101017733904,0.525265193135949,"sulfotransferase family cytosolic 2B member 1-like, transcript variant X1","liver"
"LOC115105493",84.0120901472024,-0.212250561234494,0.126392059855564,-1.6793029679004,0.0930930128814693,0.361008794954762,"phosphoglycerate kinase-like","liver"
"LOC115104247",3733.68690228318,-0.212616535001885,0.178058260456011,-1.19408408493585,0.232445078079018,0.527531257377548,"type-4 ice-structuring protein LS-12-like","liver"
"pemt",59.5412354321277,-0.212920545047489,0.199838540030416,-1.06546287325299,0.286666517899389,0.583021643712864,"phosphatidylethanolamine N-methyltransferase, transcript variant X3","liver"
"LOC115139965",142.294202546364,-0.213207938102686,0.235905550045592,-0.903785171910882,0.366109325879939,0.645866505192127,"RIMS-binding protein 2-like, transcript variant X4","liver"
"LOC115143187",101.754919735719,-0.213463631884774,0.160649559907216,-1.32875329386561,0.183929375957641,0.479980727834032,"epidermal growth factor receptor kinase substrate 8-like protein 3, transcript variant X3","liver"
"LOC115130347",75.0621846542277,-0.213519612334926,0.145346629853639,-1.4690372425555,0.141822688037231,0.429471973580798,"SWI/SNF-related matrix-associated actin-dependent regulator of chromatin subfamily D member 3, transcript variant X3","liver"
"LOC115141109",63.0625259212627,-0.213711262518256,0.169544503224338,-1.26050245483616,0.207488162887773,0.505814444934547,"eukaryotic translation initiation factor 3 subunit A-like, transcript variant X2","liver"
"LOC115113790",89.7036708098944,-0.214207454839622,0.119872401939156,-1.78696223129281,0.0739435931469351,0.328709888003268,"leukocyte receptor cluster member 8 homolog","liver"
"LOC115131709",6945.60178880783,-0.214348979726545,0.089103244127745,-2.40562486612988,0.016144833571766,0.166512586801537,"syndecan-2-A-like","liver"
"LOC115144030",73.2640197978637,-0.214826581017934,0.341301081940085,-0.629434222114908,0.529064819398769,0.769709401192759,"protein FRA10AC1","liver"
"LOC115126697",219.207057769598,-0.215013021480701,0.17504235120576,-1.22834856821568,0.219316146115955,0.514938140304512,"uncharacterized protein C6orf62 homolog","liver"
"LOC115141405",137.974730143517,-0.215020514714881,0.159249223538494,-1.35021389704237,0.176947381741743,0.472681035223712,"activating transcription factor 7-interacting protein 1-like, transcript variant X1","liver"
"LOC115137323",131.818334054736,-0.215060291265868,0.122896328271614,-1.74993260002496,0.0801299445918119,0.342229155758065,"protocadherin Fat 1-like","liver"
"LOC115123256",391.906354098611,-0.215201080280266,0.0986444069948425,-2.1815842056967,0.0291402335978499,0.216900438975056,"protein TFG-like, transcript variant X3","liver"
"LOC115109305",68.4361472521475,-0.215799623126502,0.139854886058085,-1.54302526861219,0.122824645104044,0.405246159641015,"septin-7-like, transcript variant X1","liver"
"LOC115124613",73.0502032402747,-0.216122236951444,0.21543471038611,-1.0031913453691,0.315768547952102,0.602661842209239,"retinoblastoma-like protein 2, transcript variant X2","liver"
"LOC115114326",180.196588830253,-0.216208655120674,0.138526955633914,-1.56076955659121,0.118578132874113,0.399022611236311,"eukaryotic translation initiation factor 4 gamma 1-like, transcript variant X6","liver"
"LOC115107678",90.5578272745605,-0.216212104857569,0.113322703083449,-1.90793282347276,0.0563998992555073,0.291717484848935,"S-adenosylmethionine decarboxylase proenzyme-like","liver"
"LOC115103956",74.9788668725159,-0.216275258298557,0.232483329805931,-0.93028286578266,0.352224646857701,0.632731450238868,"egl nine homolog 1-like, transcript variant X1","liver"
"LOC115134076",57.3843038038965,-0.216369878407598,0.188143289749031,-1.15002708146658,0.250132717335634,0.545539345742569,"trafficking protein particle complex subunit 10-like","liver"
"LOC115141334",181.062762866114,-0.216481959722674,0.120280085222244,-1.79981548335849,0.0718897783006766,0.32558081817062,"ubiquitin carboxyl-terminal hydrolase 5-like, transcript variant X1","liver"
"LOC115141553",68.8322918828945,-0.217462736738432,0.156981707646378,-1.38527437367605,0.165968586535391,0.458239415732302,"hepatocyte nuclear factor 3-gamma-like","liver"
"LOC115125030",70.1956826469403,-0.21766358122682,0.148748571326694,-1.4632986339665,0.143385681373646,0.430685362770068,"calcium uptake protein 3, mitochondrial-like, transcript variant X3","liver"
"LOC115101599",104.131667589013,-0.217708389703714,0.320970606939373,-0.678281390871521,0.49759329540529,0.751459900730628,"uncharacterized LOC115101599","liver"
"LOC115104218",174.683928974352,-0.217931569037503,0.293494597249786,-0.74254030936054,0.457760038591955,0.718606378374628,"hemoglobin subunit beta-1-like","liver"
"LOC115116017",175.62978903284,-0.218108036632251,0.199439971525533,-1.09360242565181,0.274129384933551,0.571050078285483,"dystrophin-like","liver"
"LOC115103719",86.7093037102305,-0.219223828060792,0.147327555936512,-1.48800288355603,0.136750133179524,0.422717936195613,"BUB3-interacting and GLEBS motif-containing protein ZNF207-like, transcript variant X1","liver"
"LOC115139575",127.300283917615,-0.21929807402472,0.134273675687776,-1.63321718051907,0.102423327852263,0.376444981357823,"eukaryotic translation initiation factor 5-like, transcript variant X5","liver"
"LOC115121375",127.305243975957,-0.219405568044943,0.360608833476408,-0.608430930351285,0.542901702522441,0.775242068292631,"squalene monooxygenase-like","liver"
"LOC115140172",67.2287935393565,-0.219806870796503,0.109558318842651,-2.00630014332543,0.0448242347526847,0.261970873001287,"ras GTPase-activating-like protein IQGAP1, transcript variant X1","liver"
"LOC115130876",92.7465088771962,-0.220874157318353,0.125101022139005,-1.76556636821825,0.0774686265452472,0.335514965148738,"ecto-NOX disulfide-thiol exchanger 2-like, transcript variant X2","liver"
"LOC115136823",141.665000246188,-0.221162567406737,0.138371579374582,-1.59832364714169,0.109970967315576,0.38868828339188,"breast carcinoma-amplified sequence 3-like, transcript variant X1","liver"
"LOC115133794",162.245199518136,-0.221194521047151,0.11989855939726,-1.84484719548854,0.0650597698076046,0.310833883962236,"UHRF1-binding protein 1-like","liver"
"LOC115113114",85.3257191039395,-0.221834471480958,0.247606595202536,-0.895915035298245,0.37029814337253,0.650575531201049,"acyl-CoA desaturase-like, transcript variant X4","liver"
"LOC115103828",113.1335010777,-0.222278590486419,0.144924062194276,-1.53375903987873,0.12508894315244,0.408851159107954,"testis-expressed protein 2-like, transcript variant X2","liver"
"klhl29",112.497531342509,-0.223094457634344,0.124615108306024,-1.7902681357583,0.0734108161778632,0.327974970113139,"kelch like family member 29, transcript variant X1","liver"
"LOC115135156",61.2490387688329,-0.223177927979657,0.0921561930738242,-2.42173553980116,0.0154465871588422,0.164057073949211,"baculoviral IAP repeat-containing protein 6-like, transcript variant X14","liver"
"LOC115126051",85.9374966397684,-0.223453053138898,0.210393762595976,-1.06207071151629,0.288203585144926,0.583993995263798,"sodium/potassium-transporting ATPase subunit beta-233-like","liver"
"LOC115114290",532.129639443641,-0.223530211807089,0.234320547909343,-0.953950534007679,0.340108682007569,0.621087479947788,"dihydropyrimidine dehydrogenase [NADP(+)]","liver"
"LOC115111939",73.6581970355354,-0.22358132187733,0.139648724915577,-1.60102659019976,0.109371029889962,0.387902142635137,"GRIP and coiled-coil domain-containing protein 2-like","liver"
"LOC115133264",91.7343513573308,-0.22400179653003,0.303184580651907,-0.73882977837587,0.460010367102478,0.718606378374628,"ankyrin repeat and BTB/POZ domain-containing protein BTBD11-A-like","liver"
"LOC115112993",210.408344041497,-0.224516966069299,0.127596584004028,-1.75958445770157,0.0784782886715547,0.338136897066868,"ras-related protein Rab-40B-like","liver"
"LOC115113550",166.399332824375,-0.225528722620952,0.170976330079042,-1.31906400445424,0.187147715727743,0.482488355032437,"thymosin beta-12, transcript variant X1","liver"
"LOC115133550",239.984228457436,-0.226416440711967,0.100036153928088,-2.26334611859157,0.0236143614316445,0.195237600801994,"receptor-type tyrosine-protein phosphatase delta-like, transcript variant X1","liver"
"LOC115110650",79.6496774247875,-0.22669045484149,0.27258588377979,-0.831629472876969,0.405618120803065,0.679349773417028,"cytoglobin-1-like, transcript variant X1","liver"
"LOC115103704",173.474686960798,-0.226778776303198,0.155785625651948,-1.45571053397353,0.145472656632589,0.435493105468807,"40S ribosomal protein SA-like","liver"
"LOC115130173",112.052886137958,-0.227755233947198,0.171600233921714,-1.32724314380074,0.184428264840286,0.479980727834032,"polypeptide N-acetylgalactosaminyltransferase 11-like, transcript variant X1","liver"
"LOC115112747",1101.7297249419,-0.227761262828356,0.265763986487549,-0.857005743473926,0.391441710453019,0.667530449463005,"membrane transport protein XK-like, transcript variant X1","liver"
"LOC115117104",58.6051406730898,-0.227944281077682,0.129136773796218,-1.7651384216659,0.0775405047031677,0.335514965148738,"talin-1-like","liver"
"LOC115109591",62.530319413949,-0.228798972944727,0.133377386836096,-1.71542551831437,0.0862672401550613,0.350923424023982,"FYVE, RhoGEF and PH domain-containing protein 4-like, transcript variant X1","liver"
"LOC115139046",260.854098023738,-0.229896706125322,0.478555545852412,-0.48039712028794,0.630945041591134,0.83995494027948,"probable E3 ubiquitin-protein ligase TRIML1","liver"
"LOC115114121",153.203782268702,-0.230293609865441,0.154958696941427,-1.48616124432493,0.137236475931625,0.423769602952504,"UDP-N-acetylglucosamine/UDP-glucose/GDP-mannose transporter-like","liver"
"LOC115139900",110.818560627648,-0.230528199496692,0.220418573518112,-1.04586558118592,0.295623097335956,0.58979918979019,"ral guanine nucleotide dissociation stimulator-like, transcript variant X3","liver"
"LOC115143402",271.501558824725,-0.231000461423207,0.158770266964044,-1.45493527119609,0.145687182074044,0.435493105468807,"forkhead box protein P1-B-like, transcript variant X5","liver"
"LOC115143219",91.4567142206629,-0.231245926043419,0.120896867738669,-1.91275365829395,0.0557795963255728,0.289477462151457,"ubiquitin-associated protein 2-like, transcript variant X2","liver"
"LOC115145224",123.879487395061,-0.232163974806102,0.109595428181175,-2.11837280677718,0.0341435070026662,0.232335449988092,"U1 small nuclear ribonucleoprotein 70 kDa-like","liver"
"LOC115132987",373.29295173133,-0.232215819111439,0.135879055404013,-1.70898905957938,0.0874529760432576,0.35292903995279,"guanine nucleotide-binding protein G(i) subunit alpha-1","liver"
"LOC115117122",64.1377758420124,-0.232411068280666,0.282667128436218,-0.822207624800307,0.410958739944776,0.684259732032233,"gamma-adducin-like","liver"
"LOC115143092",333.185934409544,-0.233122945147849,0.128588831533243,-1.81293307022221,0.069842144881691,0.319690666576679,"interleukin-17 receptor C-like, transcript variant X1","liver"
"LOC115106637",89.0059484347792,-0.233136996722698,0.15092543222187,-1.54471644235527,0.122414865980116,0.404346024096395,"glucose-6-phosphate exchanger SLC37A1-like, transcript variant X1","liver"
"LOC115123355",65.9102937902144,-0.233426922986846,0.147552475467423,-1.58199259109267,0.113651261852062,0.394843487389548,"myosin-IIIb-like, transcript variant X1","liver"
"COX1",8377.84404254021,-0.233894017130072,0.164169004245817,-1.42471484312503,0.154239646712419,0.444006832320837,NA,"liver"
"LOC115105598",218.87076511788,-0.234510613131766,0.218418115520149,-1.07367748583168,0.282967255464583,0.580168276294588,"pigment epithelium-derived factor-like, transcript variant X2","liver"
"LOC115143757",92.8045454881659,-0.234517805793514,0.149006734802056,-1.57387386620512,0.115516612798412,0.396770356824195,"myotubularin-related protein 14-like","liver"
"LOC115144915",61.5889217361802,-0.234934942130406,0.0965840069261917,-2.43244145285814,0.0149974159128156,0.164057073949211,"amino-terminal enhancer of split-like, transcript variant X1","liver"
"med13",1603.1904023679,-0.235356903291679,0.212953019414643,-1.1052057582401,0.269070442337728,0.565616876208654,"mediator complex subunit 13","liver"
"lss",192.255979426224,-0.235396514613185,0.299802492856682,-0.785171972288149,0.432352746050036,0.699591025367188,"lanosterol synthase","liver"
"LOC115143015",58.9020264580424,-0.235500680003835,0.175914900562832,-1.33871934242273,0.180662056995038,0.476599777265298,"RNA-binding protein Musashi homolog 1-like","liver"
"trappc9",171.373554283496,-0.236065748014664,0.110238481654121,-2.14140964636409,0.0322410177154737,0.225797917883627,"trafficking protein particle complex 9, transcript variant X1","liver"
"LOC115128765",83.7901082712071,-0.23728130861311,0.174115165753505,-1.36278369311625,0.172950691869596,0.46719384371525,"syndecan-2-A-like","liver"
"LOC115130305",66.96212844864,-0.238224655985899,0.238755184705489,-0.997777938434113,0.318387050300369,0.604704843863596,"60 kDa heat shock protein, mitochondrial-like","liver"
"LOC115142816",84.007679647106,-0.238967283898487,0.173137579607807,-1.38021615203238,0.16752010228539,0.460115860455021,"plexin-B1-like","liver"
"LOC115139941",171.071277675195,-0.239224194817841,0.0881258368419083,-2.71457501444205,0.00663608692970783,0.118190391394747,"hepatocyte nuclear factor 1-alpha, transcript variant X2","liver"
"LOC115110931",64.0908371306079,-0.239495706211327,0.106722113597484,-2.24410572596618,0.0248255996439071,0.199696279754561,"dynamin-2-like","liver"
"LOC115136968",33609.6674707059,-0.239556628913667,0.207609881267154,-1.15387874339855,0.248549885064351,0.544086644211758,"apolipoprotein A-I-1","liver"
"LOC115125814",164.015815572103,-0.239978911098268,0.157223044048625,-1.52635965389431,0.126920319755056,0.410344791164518,"coagulation factor VIII-like","liver"
"agrn",67.7358826421258,-0.240030161859118,0.168410814308528,-1.42526572800357,0.154080402992412,0.444006832320837,"agrin, transcript variant X6","liver"
"myc",76.4135693079096,-0.240094916347345,0.160102947782404,-1.49962833085159,0.133710704766402,0.419557222962166,"MYC proto-oncogene, bHLH transcription factor","liver"
"LOC115122672",110.160469968442,-0.240157090786907,0.177125049200713,-1.3558618155401,0.175143138763833,0.470730067742526,"uncharacterized LOC115122672","liver"
"LOC115145934",120.561220756269,-0.240553565322524,0.255278263854442,-0.942319027442483,0.34602932937769,0.626294647665837,"microtubule-associated protein RP/EB family member 3-like, transcript variant X1","liver"
"LOC115114422",976.198742757957,-0.240845510971721,0.226998916502356,-1.06099850467445,0.288690580733092,0.583993995263798,"sodium- and chloride-dependent glycine transporter 1-like, transcript variant X1","liver"
"LOC115111950",126.884578626945,-0.240856689538605,0.0962037219430992,-2.5036109276631,0.012293313729017,0.15362064340629,"epsin-1-like, transcript variant X1","liver"
"LOC115102825",134.605785846419,-0.241519208473684,0.178931663734276,-1.34978462410294,0.177085078324791,0.472690752620725,"ski-like protein","liver"
"LOC115109181",117.670929982036,-0.242215838491003,0.134878012868991,-1.79581410890351,0.0725240860912351,0.326705500361967,"serine/arginine-rich splicing factor 11-like","liver"
"LOC115114820",66.5982631412934,-0.242650460884087,0.231759381311231,-1.04699304732019,0.295102784867324,0.589635548521163,"rab effector MyRIP-like","liver"
"LOC115102354",281.586549075396,-0.242800536819655,0.166931274044825,-1.45449400185167,0.145809395238154,0.435493105468807,"rap1 GTPase-activating protein 1-like, transcript variant X10","liver"
"LOC115144088",183.05091564148,-0.242865070612363,0.126385057629234,-1.92162804027702,0.0546525777151838,0.287066890163775,"replication termination factor 2-like, transcript variant X1","liver"
"LOC115112942",98.6179155240281,-0.243363044881757,0.173370918797649,-1.40371318655696,0.16040427415365,0.452300254712374,"ER lumen protein-retaining receptor 2-like","liver"
"LOC115129282",99.6117741473692,-0.243696336469722,0.126038672100358,-1.93350447452889,0.0531740824027498,0.28440666342479,"matrix-remodeling-associated protein 5-like","liver"
"LOC115137761",87.9108216849624,-0.243706621618745,0.261895250031963,-0.930549987405276,0.352086395238339,0.632731450238868,"zinc finger and BTB domain-containing protein 16-A-like","liver"
"LOC115130809",1458.63064979247,-0.244098202584111,0.330383429171608,-0.738833067978484,0.460008369316646,0.718606378374628,"tryptophan 2,3-dioxygenase A-like, transcript variant X1","liver"
"LOC115139183",14347.0798480926,-0.244203310745972,0.419918908738154,-0.581548736349589,0.56087068148086,0.787367733880117,"alpha-1-antitrypsin homolog","liver"
"LOC115113234",152.501473650753,-0.246423735810393,0.171611027862509,-1.43594347565952,0.15101842602944,0.441993323287318,"ras and Rab interactor 2-like, transcript variant X1","liver"
"LOC115110062",384.807337163951,-0.246570745135957,0.257682137497413,-0.956879462156867,0.338628098541934,0.620225883494352,"uncharacterized LOC115110062, transcript variant X1","liver"
"LOC115112936",393.04711362681,-0.246637849941646,0.199422879462823,-1.23675804203612,0.216176923300448,0.514186959807711,"discoidin, CUB and LCCL domain-containing protein 2-like, transcript variant X1","liver"
"LOC115103914",104.365202909934,-0.247055484249615,0.143499216496815,-1.72165040535325,0.0851328664081103,0.349799963184937,"ERO1-like protein beta, transcript variant X1","liver"
"dnah7",114.326709897519,-0.247342570198114,0.228585770728773,-1.08205584892507,0.279227712489601,0.577796523365651,"dynein axonemal heavy chain 7","liver"
"tmem232",157.700090577598,-0.247521154251917,0.105688452658722,-2.34198862813506,0.0191812993543767,0.178602417127693,"transmembrane protein 232","liver"
"rrp36",114.073954407862,-0.247533313468785,0.180715945110992,-1.36973698317963,0.170769019607509,0.464553299943853,"ribosomal RNA processing 36","liver"
"LOC115137883",157.343786736671,-0.248131727722584,0.114062956534133,-2.17539274153684,0.0296006979721245,0.218899134271184,"SH3 domain and tetratricopeptide repeat-containing protein 1-like, transcript variant X1","liver"
"LOC115126848",62.544285079947,-0.248183794429282,0.455595707416984,-0.544745682167132,0.585928441373782,0.807384829966036,"thrombospondin-4-B-like","liver"
"LOC115131584",88.0526773137908,-0.249245998728082,0.165126182077049,-1.50942749110364,0.131189572080788,0.41540889168661,"ectonucleotide pyrophosphatase/phosphodiesterase family member 2-like","liver"
"LOC115129295",86.759019481204,-0.250208469728487,0.211226826797754,-1.1845487314358,0.236195917912386,0.530140176988372,"mitogen-activated protein kinase kinase kinase kinase 4-like, transcript variant X3","liver"
"LOC115131964",71.1521456967621,-0.250876441338707,0.128660823392398,-1.94990545469749,0.051187388881127,0.281629058451218,"cAMP-dependent protein kinase type II-alpha regulatory subunit-like, transcript variant X2","liver"
"LOC115137911",167.10283847894,-0.250938292263761,0.251478831796395,-0.997850556530849,0.318351830579833,0.604704843863596,"butyrophilin subfamily 2 member A1-like, transcript variant X1","liver"
"LOC115142935",135.668027929172,-0.251416380003471,0.0823137442230987,-3.05436695142972,0.00225536028629992,0.0775050244941065,"msx2-interacting protein-like, transcript variant X1","liver"
"LOC115103362",265.39008183329,-0.251724629695795,0.18970645648868,-1.32691651277992,0.184536301366162,0.479980727834032,"transferrin receptor protein 1-like, transcript variant X1","liver"
"LOC115133337",69.5909250626004,-0.251960732515221,0.16860576614141,-1.49437791056269,0.13507687179523,0.422025930165245,"SH3 domain and tetratricopeptide repeat-containing protein 1-like","liver"
"LOC115111409",77.2813586524827,-0.25275181875796,0.51892224915181,-0.487070691555601,0.626208235353388,0.837135049950938,"prolactin receptor-like","liver"
"LOC115129612",67.1828454112014,-0.252803065989819,0.114569469200697,-2.20654828684744,0.0273456332154272,0.211651140154003,"muscleblind-like protein 2a, transcript variant X10","liver"
"kyat1",175.776714410612,-0.253013922054674,0.107502660702241,-2.35355962728652,0.0185946253455095,0.177115674978197,"kynurenine aminotransferase 1, transcript variant X4","liver"
"LOC115110066",415.888824920636,-0.254276000333966,0.204799145486129,-1.24158721331769,0.214388901905051,0.512822279439546,"thyroid hormone receptor alpha","liver"
"srsf4",95.2442673871772,-0.254713513015928,0.124279499040111,-2.04952156215016,0.040411141609719,0.249948123218838,"serine and arginine rich splicing factor 4","liver"
"LOC115123463",70.4213643891874,-0.255831674023065,0.162326871534739,-1.57602787267613,0.115019379825379,0.395961986628584,"protein LYRIC-like","liver"
"LOC115104488",178.074409634296,-0.256089612380106,0.1456623863144,-1.75810392002887,0.0787298289152313,0.338862494887521,"histone-lysine N-methyltransferase 2C-like","liver"
"LOC115132809",730.650582343161,-0.256149604085898,0.158310483415535,-1.61802047823677,0.105658184497569,0.382131996461481,"bile salt export pump-like","liver"
"LOC115105432",222.212260331613,-0.258293083140591,0.240433048829267,-1.07428277600891,0.282695962316432,0.579903745546943,"zinc finger and BTB domain-containing protein 16-A, transcript variant X1","liver"
"LOC115133094",75.0522462995773,-0.258596316501326,0.214777192893527,-1.2040213069994,0.228581343297544,0.523719817470933,"ADP-sugar pyrophosphatase-like","liver"
"LOC115133979",60.1112194742301,-0.259078858248527,0.149520430439157,-1.73273215899383,0.0831432857896988,0.346910524599496,"zinc finger C3H1 domain-containing protein-like, transcript variant X5","liver"
"taok3",73.1229826590849,-0.260191119456446,0.188294071601131,-1.38183383706109,0.167022726851996,0.459483178110225,"TAO kinase 3, transcript variant X1","liver"
"LOC115138198",64.8203038922052,-0.260645110349,0.196379840378297,-1.32724983301191,0.184426052805116,0.479980727834032,"cGMP-specific 3',5'-cyclic phosphodiesterase-like, transcript variant X3","liver"
"LOC115143907",78.9337661965538,-0.260760967113734,0.134883961428367,-1.93322441269057,0.0532085586309994,0.28440666342479,"nuclear distribution protein nudE-like 1-A, transcript variant X2","liver"
"LOC115105519",63.825344363325,-0.260891407283391,0.198618719595361,-1.31352879433971,0.189004824776305,0.484057717936395,"thyroid hormone receptor-associated protein 3-like, transcript variant X8","liver"
"LOC115101290",75.7902352017812,-0.260902290155231,0.10796849450426,-2.41646687168484,0.0156719522732597,0.164057073949211,"procollagen C-endopeptidase enhancer 2-like","liver"
"LOC115129786",124.873030624269,-0.260974421259312,0.186444079771268,-1.39974635600915,0.161589286898033,0.454546537885702,"unconventional myosin-Ib-like, transcript variant X2","liver"
"LOC115119688",131.387403705223,-0.261071535507377,0.0892929126903,-2.92376547747823,0.00345825190096909,0.0933498989956954,"ERO1-like protein beta, transcript variant X1","liver"
"LOC115141202",438.789268526062,-0.262605669194045,0.13305596657406,-1.97364820199835,0.048421758770701,0.27336161876645,"mannosyl-oligosaccharide 1,2-alpha-mannosidase IA-like, transcript variant X1","liver"
"LOC115114548",76.6073286320783,-0.262787098928471,0.150345627138796,-1.74788654601754,0.0804836749779599,0.342229155758065,"microtubule-associated protein RP/EB family member 2-like, transcript variant X2","liver"
"LOC115134404",284.007206290593,-0.263874407560029,0.141550953713266,-1.86416552229346,0.0622984634696655,0.305705050375339,"low-density lipoprotein receptor-related protein 5-like","liver"
"LOC115110245",84.2928494385985,-0.264414128050884,0.297260402361553,-0.889503364559405,0.373732615792509,0.654072194920681,"probable phosphatase phospho1, transcript variant X1","liver"
"LOC115130567",264.305097066805,-0.265920653923281,0.16963835543429,-1.56757387350578,0.116980613376745,0.397673381316156,"protein diaphanous homolog 1-like","liver"
"LOC115137950",129.500100010216,-0.266029090713838,0.171270204920538,-1.55327128169937,0.120358338131657,0.401530396424794,"microfibrillar-associated protein 3-like, transcript variant X4","liver"
"LOC115147151",90.0727745866251,-0.266223273927281,0.170695485770046,-1.55963863207212,0.118845301776468,0.399022611236311,"tumor necrosis factor receptor superfamily member 10A-like","liver"
"ncoa5",83.8340567133297,-0.266309274609299,0.0986049827896237,-2.7007689375848,0.00691793813539828,0.119738667963907,"nuclear receptor coactivator 5, transcript variant X1","liver"
"LOC115118468",89.3708915826337,-0.266620666803142,0.240798167152174,-1.10723711046625,0.268191426666111,0.564351190031528,"nucleolar protein 58-like","liver"
"LOC115137077",106.254318208427,-0.266841190164663,0.138559093029174,-1.92582950949656,0.0541256654834909,0.286514561702219,"forkhead box protein P1-B-like, transcript variant X6","liver"
"patj",249.381031624545,-0.266891517616596,0.114147154728735,-2.33813552559281,0.019380218832886,0.178602417127693,"PATJ crumbs cell polarity complex component, transcript variant X3","liver"
"LOC115123225",199.616758785709,-0.267446842646527,0.381350371262556,-0.701315280646186,0.483106279587753,0.738739799392718,"pancreatic progenitor cell differentiation and proliferation factor B-like","liver"
"LOC115112080",99.6743162405994,-0.268030482835229,0.128162132055598,-2.09133913845124,0.0364976737246041,0.236820785401117,"rho GTPase-activating protein 1-like","liver"
"afdn",63.7422155744245,-0.26819498357704,0.0993553366656214,-2.69935156557966,0.00694747402817716,0.119738667963907,"afadin, adherens junction formation factor, transcript variant X8","liver"
"LOC115138416",137.967838944179,-0.26887928872169,0.132803601908789,-2.02463852528908,0.0429044953034594,0.257174592436618,"serine/arginine repetitive matrix protein 1-like","liver"
"LOC115138324",98.29924205222,-0.2694188741782,0.118407290713885,-2.27535713851618,0.0228845143609986,0.191590638895676,"kinase D-interacting substrate of 220 kDa B-like, transcript variant X2","liver"
"LOC115124832",80.4859075387365,-0.269431393546385,0.15686709560914,-1.71757749769089,0.0858737076587199,0.350742551825015,"autism susceptibility gene 2 protein homolog, transcript variant X2","liver"
"LOC115110501",164.492663997236,-0.269771736660043,0.160053165254682,-1.68551328698044,0.0918895834847063,0.359285719078632,"sterol regulatory element-binding protein 2-like, transcript variant X2","liver"
"LOC115124994",1244.8351525993,-0.271130743295917,0.232446768401043,-1.16642079027802,0.243444356810937,0.536838563244212,"fatty acid desaturase 2-like","liver"
"LOC115134949",2810.88073174389,-0.271384530891732,0.218831801052935,-1.24015124669236,0.214919457090854,0.513236503615171,"S-adenosylmethionine synthase-like","liver"
"LOC115145150",61.7859690424083,-0.271558559045076,0.232563289452361,-1.16767594612435,0.24293750293523,0.536838563244212,"capping protein, Arp2/3 and myosin-I linker protein 3-like, transcript variant X3","liver"
"LOC115142923",128.072415176775,-0.271720773291012,0.142044515561507,-1.91292688927053,0.0557574126757534,0.289477462151457,"solute carrier family 25 member 34-like, transcript variant X2","liver"
"LOC115132415",93.7826035630614,-0.27226842565188,0.315639358702048,-0.862593393838732,0.388361063792927,0.664550670033573,"transmembrane protein 269-like, transcript variant X2","liver"
"LOC115104347",138.709974332594,-0.272527619730974,0.173719562882867,-1.56877910126179,0.116699419657237,0.397673381316156,"dynamin-2, transcript variant X2","liver"
"LOC115107737",70.4589281521765,-0.272780735761438,0.108859697643454,-2.50580096827819,0.0122174370690578,0.153330095400931,"afadin-like, transcript variant X12","liver"
"LOC115146939",470.42978304731,-0.273147466449117,0.177494063359821,-1.53891043609377,0.123826163044109,0.407006451630996,"monocarboxylate transporter 8-like","liver"
"LOC115105548",81.1062513513775,-0.273298323306645,0.18881367639866,-1.44744982736105,0.147770978916172,0.436430311333655,"autism susceptibility gene 2 protein-like, transcript variant X1","liver"
"LOC115135910",362.415971533967,-0.274077039997408,0.222792560326141,-1.23018937255442,0.218626198611327,0.514503686801253,"vacuole membrane protein 1-like, transcript variant X3","liver"
"LOC115113074",201.449855509628,-0.274259762401277,0.167475214225297,-1.63761404139676,0.101502232083434,0.373942391823035,"semaphorin-4G-like","liver"
"LOC115146897",70.0826283812774,-0.274357800536764,0.132270633793146,-2.0742155130656,0.0380593001285595,0.242012023906409,"inactive carboxypeptidase-like protein X2","liver"
"LOC115114304",88.6595201130446,-0.274391573370216,0.219423492107936,-1.25051137749298,0.21111280177137,0.509772381528497,"acyl-coenzyme A thioesterase 11-like, transcript variant X2","liver"
"LOC115111215",85.1363352807963,-0.274442917995079,0.167076069169043,-1.64262254528747,0.100461053159791,0.373271880291075,"ras GTPase-activating-like protein IQGAP1","liver"
"LOC115142795",512.722338945628,-0.275134941567074,0.185290853938058,-1.4848813944106,0.137575245463833,0.424172995847644,"vitamin D3 receptor B, transcript variant X1","liver"
"LOC115145289",99.286696394493,-0.275158541448299,0.180521505650593,-1.52424244666383,0.127448158274856,0.410979978740752,"prothymosin alpha-A-like, transcript variant X2","liver"
"abcg8",63.7936843378045,-0.275235955175415,0.304990937769001,-0.9024397812891,0.366823296801739,0.646700587268119,"ATP binding cassette subfamily G member 8","liver"
"lmo7",151.942615145368,-0.275324755732243,0.137433708282844,-2.00332770738903,0.0451421253841634,0.262535331534949,"LIM domain 7","liver"
"LOC115139419",118.020612924903,-0.27554477190942,0.196374297513682,-1.40316108267795,0.160568809756822,0.452300254712374,"protein FAM89A-like","liver"
"LOC115135922",171.203355900426,-0.27591443213239,0.143534500322693,-1.92228649914885,0.0545697178437857,0.287001509588736,"nuclear receptor corepressor 1-like, transcript variant X4","liver"
"LOC115104907",163.986880671825,-0.276042936923481,0.183022301024483,-1.50824754895063,0.131491181867186,0.415793682925254,"GRB2-associated and regulator of MAPK protein 1-like, transcript variant X2","liver"
"LOC115131882",361.111664162567,-0.276273460897777,0.143609901562363,-1.92377724580366,0.0543825107439227,0.287001509588736,"RAF proto-oncogene serine/threonine-protein kinase-like","liver"
"akap13",66.8559988285889,-0.276999023629632,0.283934537953521,-0.97557354461392,0.329275839901027,0.613285735480822,"A-kinase anchoring protein 13","liver"
"LOC115110082",141.814264460032,-0.277410807714883,0.159833037898277,-1.73562869956483,0.0826295079950796,0.346143755999943,"bromodomain-containing protein 4-like, transcript variant X1","liver"
"LOC115102131",111.929924082308,-0.278677248835025,0.166429190332071,-1.67444934556846,0.0940423217196791,0.362302933203603,"nuclear receptor coactivator 3-like, transcript variant X1","liver"
"srsf7",76.0791143756401,-0.27976590086381,0.149416586462627,-1.87238851781551,0.0611528724095376,0.303588391933973,"serine and arginine rich splicing factor 7, transcript variant X1","liver"
"LOC115142937",515.183925308352,-0.280429448125375,0.125974586100883,-2.22607953560411,0.0260088544249443,0.205432430986449,"pleckstrin homology domain-containing family A member 6-like, transcript variant X6","liver"
"LOC115114791",124.024882236095,-0.281457260657871,0.142286325149278,-1.97810478528125,0.0479168868559638,0.271937653318768,"cysteine/serine-rich nuclear protein 1-like","liver"
"LOC115133259",86.3918449252157,-0.281514766780704,0.127036994863679,-2.21600618845552,0.0266910783209658,0.208382835814177,"lysine-specific demethylase 5A-like, transcript variant X5","liver"
"LOC115140031",59.3621834581535,-0.281921285085805,0.182219322989421,-1.5471536193896,0.121826206945834,0.403579862749976,"glutamine--fructose-6-phosphate aminotransferase [isomerizing] 1","liver"
"LOC115110246",68.4309316467646,-0.28245463499502,0.167663477477537,-1.68465213321644,0.0920557067226928,0.359285719078632,"zinc finger protein 652-like","liver"
"COX3",8895.11294765333,-0.282946671502405,0.16255700327055,-1.74059970231787,0.0817537698716272,0.344681911946485,NA,"liver"
"LOC115134925",183.156091651359,-0.283238057319366,0.16557247981582,-1.7106590276019,0.0871440754569789,0.352304759982719,"forkhead box protein O1-A-like","liver"
"LOC115104649",81.8128099571727,-0.283321983061206,0.101512062275608,-2.79101790181329,0.00525425661366897,0.104982107633896,"septin-7-like, transcript variant X1","liver"
"LOC115139092",109.658221214899,-0.283330763177813,0.287263983505533,-0.986307993505756,0.323981998408586,0.608562708451282,"protein Smaug homolog 1-like","liver"
"LOC115112216",82.0196004150276,-0.283528674573685,0.20066282274881,-1.41296066052358,0.157667291380923,0.447369174076884,"F-actin-monooxygenase MICAL2-like, transcript variant X3","liver"
"LOC115103919",428.15650719301,-0.283586769671687,0.243332989707416,-1.16542672661307,0.243846304040695,0.536838563244212,"complement C3-like","liver"
"LOC115135929",107.207041617787,-0.283664535547312,0.176247384134006,-1.60946806070968,0.107514033449423,0.385853485798292,"flotillin-2a-like, transcript variant X1","liver"
"LOC115107066",68.3243845177158,-0.283747396975171,0.277872311842537,-1.02114311099828,0.307186640514034,0.598746474685021,"pro-MCH 2-like, transcript variant X1","liver"
"LOC115131511",57.5287314166237,-0.284832802620854,0.228565080478427,-1.24617812145516,0.212699009369253,0.511481511615973,"thioredoxin-interacting protein-like","liver"
"LOC115102104",470.891206137394,-0.285287252989549,0.148112196297353,-1.92615638766709,0.0540848495809059,0.286514561702219,"serine protease hepsin-like, transcript variant X2","liver"
"LOC115105092",75.6998897009363,-0.285793561076445,0.68328740392622,-0.418262592628306,0.675755136372307,0.863441359201731,"cAMP-responsive element modulator-like, transcript variant X2","liver"
"LOC115135102",57.4975565105462,-0.286023010012257,0.14547210662283,-1.96617081207079,0.0492788828529824,0.275151680148981,"phosphatidylcholine:ceramide cholinephosphotransferase 1-like, transcript variant X2","liver"
"LOC115135443",224.884238449321,-0.286192237765566,0.22109114473491,-1.29445364312855,0.195508771758525,0.49130317736606,"putative monooxygenase p33MONOX, transcript variant X2","liver"
"LOC115107640",63.0283691563869,-0.286446251978206,0.137045403145037,-2.09015585641392,0.0366038014726948,0.236820785401117,"heterogeneous nuclear ribonucleoprotein Q-like, transcript variant X7","liver"
"LOC115115135",102.99965365453,-0.287118965874908,0.144527605369396,-1.98660294094726,0.0469664150659967,0.269247690308021,"rho guanine nucleotide exchange factor 11-like, transcript variant X3","liver"
"LOC115132285",162.925454624389,-0.287184585482658,0.141843585603181,-2.02465683775141,0.0429026135738477,0.257174592436618,"specifically androgen-regulated gene protein-like, transcript variant X1","liver"
"LOC115124648",265.992243167166,-0.287191751138816,0.0958721304880493,-2.99557076364977,0.00273931733471736,0.0833243093754326,"receptor-type tyrosine-protein phosphatase F-like","liver"
"LOC115129597",170.404561068023,-0.287229414800564,0.139331849230051,-2.06147708788619,0.0392575471406551,0.246919597587044,"protein diaphanous homolog 2-like","liver"
"LOC115130311",83.6264326876254,-0.287560951520823,0.200557854849367,-1.43380548090127,0.151627780471265,0.442471925779497,"carbonic anhydrase 1-like, transcript variant X1","liver"
"tm9sf1",63.034572846991,-0.288011764266022,0.147370128169315,-1.95434290411366,0.0506606781070379,0.280180358160497,"transmembrane 9 superfamily member 1, transcript variant X2","liver"
"LOC115138365",57.9514652834028,-0.288503141891749,0.256239163376945,-1.12591353362851,0.260202120300125,0.558372234284449,"uncharacterized LOC115138365, transcript variant X1","liver"
"LOC115123698",65.5437842680012,-0.289096185483335,0.15910460089606,-1.81701964528478,0.0692141053209404,0.318558887877367,"protein-tyrosine sulfotransferase 2-like, transcript variant X2","liver"
"LOC115103132",71.5398505853391,-0.289774010194783,0.113327410923685,-2.55696311980441,0.0105590411670235,0.144392931907347,"extended synaptotagmin-2-B-like, transcript variant X1","liver"
"LOC115106831",123.006474655144,-0.289953442858922,0.163021911845394,-1.77861638093109,0.0753026766353629,0.330036247274988,"claudin-14-like, transcript variant X2","liver"
"LOC115112995",86.8095382103608,-0.290114046821242,0.175746177108341,-1.65075594584567,0.0987884189776909,0.370774950048866,"caskin-2-like, transcript variant X1","liver"
"LOC115130984",68.3255640041329,-0.290161459957821,0.236746617937382,-1.22562029601862,0.220341596504753,0.515384077401978,"sterol-4-alpha-carboxylate 3-dehydrogenase, decarboxylating-like, transcript variant X1","liver"
"CYTB",9452.01741391626,-0.291071853009062,0.141460128935286,-2.05762468336374,0.0396261753267745,0.246919597587044,NA,"liver"
"LOC115134055",66.0469066845778,-0.292352188378693,0.15904537573555,-1.83816842851689,0.0660375904344339,0.3128136385416,"cat eye syndrome critical region protein 2-like, transcript variant X2","liver"
"LOC115142853",5893.73587709561,-0.292457610657257,0.152689655733432,-1.91537278181984,0.0554449797210931,0.288994549032194,"1,25-dihydroxyvitamin D(3) 24-hydroxylase, mitochondrial","liver"
"LOC115103979",117.035161201642,-0.292762932540983,0.170498050621181,-1.71710428051435,0.0859601202356021,0.350742551825015,"serine/arginine-rich splicing factor 7-like, transcript variant X6","liver"
"LOC115110586",106.316629372756,-0.293000300275077,0.344112561570812,-0.851466447308936,0.394510294077776,0.670009982775424,"serine/threonine-protein kinase N1-like, transcript variant X3","liver"
"LOC115113578",99.6896855586508,-0.2943396185992,0.117613694725737,-2.50259648152004,0.0123286017255957,0.15362064340629,"tight junction protein ZO-1-like","liver"
"LOC115123893",62.0782673190236,-0.294825158741661,0.370602349731721,-0.795529653158122,0.426305468836032,0.696720565748062,"phosphatidate phosphatase LPIN1-like","liver"
"LOC115118912",75.1552083080085,-0.295662276199009,0.112180911602013,-2.63558453908751,0.00839925003371899,0.12871512262463,"serine/threonine-protein kinase MRCK beta-like","liver"
"LOC115134161",62.7159946860653,-0.296571386505207,0.227217688818711,-1.30523018717011,0.191814477983494,0.487125116673347,"low-density lipoprotein receptor class A domain-containing protein 3-like","liver"
"LOC115126857",1029.91425461445,-0.297638647388749,0.162460520412374,-1.83206754867738,0.0669413574300606,0.314455366975914,"fructose-1,6-bisphosphatase 1-like","liver"
"LOC115107209",321.044373961798,-0.297820931640811,0.219436228804002,-1.35720948753098,0.174714657009997,0.470367861276584,"cadherin-23-like","liver"
"LOC115109456",124.433117103967,-0.297915701653466,0.222491204099602,-1.33899990725071,0.180570703100369,0.476599777265298,"tensin-1-like, transcript variant X4","liver"
"ythdc1",97.1096903452975,-0.298354176411056,0.112488809518909,-2.65230095053058,0.00799452495783629,0.12637739757133,"YTH domain containing 1, transcript variant X2","liver"
"LOC115138157",629.309325440229,-0.298498275286711,0.118448498622778,-2.52006803595998,0.0117332152924825,0.151824081054472,"equilibrative nucleoside transporter 2-like, transcript variant X1","liver"
"LOC115114360",115.095646267187,-0.298915648693949,0.196855827325152,-1.51844958188727,0.128901100450125,0.413051010561878,"zinc finger MYND domain-containing protein 11-like, transcript variant X4","liver"
"LOC115103360",132.930896166778,-0.299166102785845,0.14887817451075,-2.00946917685535,0.0444874003401788,0.261970873001287,"uncharacterized LOC115103360, transcript variant X2","liver"
"LOC115112882",78.2033714299517,-0.299422580356473,0.316338274639687,-0.946526564632493,0.343880079590991,0.624522353674211,"class A basic helix-loop-helix protein 15-like","liver"
"znf609",81.5148548109139,-0.300465445714266,0.129503548370185,-2.32013291910263,0.0203336880277703,0.181137621423119,"zinc finger protein 609, transcript variant X1","liver"
"LOC115101074",86.9317513232607,-0.301691660776644,0.152761305181011,-1.97492198969603,0.048277001520442,0.272922410814593,"5'-AMP-activated protein kinase catalytic subunit alpha-1-like","liver"
"LOC115102779",117.769086571058,-0.301844135403541,0.115615149570973,-2.61076629251124,0.00903396076317509,0.13271750448203,"apoptotic chromatin condensation inducer in the nucleus-like","liver"
"LOC115121791",193.965464017439,-0.301995324740271,0.323340279711743,-0.933986093565265,0.350311066459397,0.630783215180331,"proline-rich transmembrane protein 4-like","liver"
"LOC115101470",382.86620414537,-0.302307099433941,0.188866983897202,-1.60063497174542,0.109457791747665,0.387902142635137,"high mobility group protein B3-like","liver"
"LOC115139689",78.3367923275671,-0.302379928998977,0.471263639502203,-0.641636450710226,0.521109260044562,0.765972356271776,"MAP kinase-activated protein kinase 5, transcript variant X4","liver"
"LOC115140752",88.8447124109022,-0.303423475966598,0.105516771837284,-2.87559475790732,0.00403267081818797,0.0963575161217609,"gastrula zinc finger protein XlCGF58.1-like, transcript variant X28","liver"
"LOC115122603",407.933245437405,-0.304653826482454,0.181518285677661,-1.67836438816669,0.0932759852712484,0.36105690025224,"uncharacterized LOC115122603","liver"
"LOC115102996",384.037140054563,-0.305909748044764,0.123136878630747,-2.4843065005903,0.0129804031135226,0.156071159559641,"solute carrier family 22 member 23-like","liver"
"LOC115102995",81.7592348727056,-0.306330868225779,0.21566553221705,-1.42039789611574,0.155491874971306,0.444761320970556,"desmoplakin-like, transcript variant X2","liver"
"LOC115110310",144.300949436691,-0.306772859578464,0.21857587856307,-1.40350738423291,0.160465591565667,0.452300254712374,"protein tweety homolog 3-like, transcript variant X1","liver"
"LOC115127007",64.681774562046,-0.307342758358571,0.145819325690904,-2.10769564940968,0.0350573238762263,0.234579746776844,"chromodomain-helicase-DNA-binding protein 7-like","liver"
"acat2",167.403155266992,-0.307719033312311,0.29032396305231,-1.05991606781996,0.289182785070697,0.583993995263798,"acetyl-CoA acetyltransferase 2","liver"
"LOC115130320",83.5817534675796,-0.308664502056376,0.236431066973078,-1.30551583600273,0.19171725836782,0.487125116673347,"ADP-ribosyl cyclase/cyclic ADP-ribose hydrolase 1-like, transcript variant X2","liver"
"LOC115144441",96.1168089098746,-0.309319302602103,0.245986061007232,-1.25746679033577,0.208584657174445,0.507083282246149,"trichohyalin-like","liver"
"LOC115145341",98.6090407402958,-0.309477402005011,0.169651237192901,-1.82419773133232,0.0681221844645361,0.317332598717085,"tyrosine-protein kinase JAK1-like, transcript variant X1","liver"
"LOC115146064",77.3931926475438,-0.31070201878569,0.122549818878346,-2.53531193786684,0.0112347234034133,0.148677703221794,"protein Daple-like","liver"
"fus",65.1619902719291,-0.311018873143384,0.119973507122333,-2.59239627650667,0.00953099166928303,0.136797460692437,"FUS RNA binding protein, transcript variant X2","liver"
"LOC115109363",98.2613017370803,-0.312338555466169,0.264352133517332,-1.18152462516703,0.237394376844218,0.531899783115166,"cholesteryl ester transfer protein-like","liver"
"LOC115145335",91.5130513535705,-0.312424623227964,0.146751515199966,-2.12893626891857,0.0332595335545682,0.229611277294517,"phosphoglucomutase-1-like","liver"
"LOC115114578",216.265627955449,-0.312831782801217,0.2077357906759,-1.50591182089216,0.132089811604228,0.416702574977533,"aquaporin FA-CHIP-like","liver"
"LOC115112441",141.945413125043,-0.312897041586678,0.12196749478582,-2.56541336801365,0.0103052951909793,0.142872051695345,"coatomer subunit beta-like, transcript variant X1","liver"
"tp53inp2",362.973446003685,-0.313123096149734,0.127779903769768,-2.45048780686136,0.0142662794365369,0.16126343215619,"tumor protein p53 inducible nuclear protein 2, transcript variant X1","liver"
"LOC115145297",167.848417495462,-0.313556049231627,0.13957851698195,-2.24644921017592,0.0246752492999341,0.19916102207234,"DENN domain-containing protein 1B-like, transcript variant X5","liver"
"LOC115141397",145.824614396321,-0.313954263590873,0.124101498985375,-2.52981846438351,0.0114121555446875,0.150537042071671,"arginine/serine-rich protein PNISR-like, transcript variant X1","liver"
"LOC115101827",114.240772014294,-0.314479178198208,0.136915709899729,-2.29688162467637,0.0216255235009551,0.187543901680623,"carboxypeptidase N subunit 2-like","liver"
"LOC115105488",83.3172463434862,-0.315694180808649,0.144274976972521,-2.18814230598545,0.0286592380873973,0.21568917379431,"homeobox protein cut-like 1, transcript variant X2","liver"
"LOC115130321",210.938685146158,-0.315852023202562,0.145727877363089,-2.16740975658075,0.0302036239873838,0.219056888563303,"RB1-inducible coiled-coil protein 1-like, transcript variant X3","liver"
"kazn",111.357077396419,-0.31661861856291,0.110638677697301,-2.86173538180883,0.00421328517275521,0.0963575161217609,"kazrin, periplakin interacting protein, transcript variant X2","liver"
"LOC115146304",95.8362692297587,-0.316668791880058,0.117580425942434,-2.69321010994718,0.00707676563737224,0.120187069741372,"serine/arginine repetitive matrix protein 1-like, transcript variant X1","liver"
"LOC115135526",137.125571837843,-0.31768394712294,0.141710117779468,-2.24178733389612,0.0249751202375012,0.200390925370187,"rho GTPase-activating protein 31-like, transcript variant X2","liver"
"LOC115129550",408.224094258357,-0.318880433718058,0.431837628460867,-0.738426697216256,0.460255196281218,0.718606378374628,"tryptophan 2,3-dioxygenase A-like","liver"
"LOC115121388",253.956716978784,-0.318944774495545,0.336303993220273,-0.948382359190847,0.342934836748511,0.62401625361105,"large neutral amino acids transporter small subunit 4-like","liver"
"LOC115127896",268.825641185803,-0.319759037155384,0.135140753283315,-2.36611850523748,0.0179756895375915,0.173623010794368,"lysosome membrane protein 2-like","liver"
"LOC115140397",96.2413740392346,-0.32095644031622,0.187336382169571,-1.71326272344525,0.0866642169103426,0.351485918533887,"utrophin-like","liver"
"LOC115122143",194.603042888231,-0.321308279017321,0.192112043826605,-1.67250461042059,0.0944248594956763,0.36343317025909,"mRNA decay activator protein ZFP36L1-like","liver"
"LOC115139611",378.979145677027,-0.322654219535539,0.222643324923403,-1.44919781289892,0.147282348149553,0.435647932552669,"unconventional myosin-VI-like, transcript variant X10","liver"
"LOC115111123",61.1407853420651,-0.323022071937389,0.225348038422036,-1.43343636003801,0.151733173692002,0.442471925779497,"5-hydroxyisourate hydrolase-like","liver"
"LOC115113613",1624.67749227223,-0.323384299197891,0.1360831209829,-2.37637332875784,0.0174837633082859,0.171935049223734,"UDP-glucuronosyltransferase 2C1-like, transcript variant X2","liver"
"dhrs7",143.828183910208,-0.32367801574164,0.158742008845603,-2.0390192747054,0.0414481039066883,0.253287063753615,"dehydrogenase/reductase 7, transcript variant X2","liver"
"LOC115129410",77.5702941915135,-0.325932846146615,0.199830085154361,-1.63104992871741,0.102879784713205,0.377305094940093,"phospholipid-transporting ATPase IG-like, transcript variant X8","liver"
"LOC115118046",57.6852054318686,-0.328292021563591,0.223740474520567,-1.46728937742292,0.142297352158128,0.429510379412954,"insulin receptor substrate 2-like","liver"
"LOC115135656",409.703899292382,-0.328486674679305,0.306444225551568,-1.0719297258353,0.28375159744375,0.580899804711564,"4F2 cell-surface antigen heavy chain-like","liver"
"LOC115108554",77.8520078408004,-0.330119132967675,0.136349906646382,-2.42111741098456,0.0154728788381697,0.164057073949211,"carboxyl-terminal PDZ ligand of neuronal nitric oxide synthase protein-like","liver"
"LOC115137365",78.3154000288522,-0.33105688911756,0.179850242625461,-1.84073640538249,0.0656601961979314,0.311938109246699,"bifunctional UDP-N-acetylglucosamine 2-epimerase/N-acetylmannosamine kinase-like, transcript variant X3","liver"
"LOC115121172",92.041368261699,-0.331407002155292,0.295990159849635,-1.11965547207261,0.262860606955401,0.560366021940488,"high affinity copper uptake protein 1-like, transcript variant X1","liver"
"LOC115142954",121.772652289419,-0.33277285462855,0.14357876995578,-2.31770236456991,0.0204655024344338,0.181536707637668,"receptor-type tyrosine-protein phosphatase gamma-like","liver"
"LOC115124238",67.6925373892265,-0.333850380101331,0.178104982249597,-1.87445840023427,0.0608672706334949,0.303270077232676,"acetyl-coenzyme A synthetase, cytoplasmic-like","liver"
"LOC115136041",107.511172090772,-0.334087842403265,0.0996392502879452,-3.35297426905353,0.00079948138695232,0.0498324214572744,"serine/arginine-rich splicing factor 7-like, transcript variant X2","liver"
"LOC115116746",119.185403481934,-0.334108036867683,0.110644636108424,-3.01964965152291,0.00253067235710418,0.0805860978715363,"fibrillin-1-like","liver"
"pam",80.2698811997388,-0.334473101546349,0.167158984700887,-2.00092805148854,0.0454001440621611,0.262535331534949,"peptidylglycine alpha-amidating monooxygenase, transcript variant X2","liver"
"LOC115127091",215.200873533148,-0.335275043935499,0.115045219097617,-2.9142892383126,0.00356499438397195,0.0937478523165784,"oncoprotein-induced transcript 3 protein-like","liver"
"LOC115103915",71.8660233429009,-0.335404497344691,0.306836395236313,-1.0931053243745,0.274347558535261,0.571050078285483,"integral membrane protein GPR137B-like, transcript variant X3","liver"
"LOC115135904",58.5680064969755,-0.337287327133231,0.15870215549197,-2.12528510458887,0.0335628304135255,0.229611277294517,"coxsackievirus and adenovirus receptor homolog","liver"
"LOC115102192",240.294285679306,-0.338158741160517,0.167179417382226,-2.0227295109384,0.0431010425722185,0.257491084209723,"oxysterol-binding protein-related protein 2-like, transcript variant X2","liver"
"LOC115116332",66.5643791833029,-0.339414387435625,0.14330686084692,-2.36844478645154,0.0178630464034806,0.173510085563171,"aryl hydrocarbon receptor-like","liver"
"LOC115132979",159.407147744224,-0.339680295794754,0.639348759969975,-0.531291084087981,0.595217082876483,0.814949556534949,"cystine/glutamate transporter-like","liver"
"LOC115129421",136.09931968968,-0.340669294105978,0.135303554579422,-2.51781481399299,0.0118085388762372,0.152315203985895,"disks large homolog 1-like, transcript variant X3","liver"
"LOC115112528",170.734785337669,-0.340736888818186,0.139980611732065,-2.43417202283974,0.0149258996751909,0.163983738749537,"immunoglobulin superfamily DCC subclass member 4-like","liver"
"LOC115107146",65.067754958944,-0.341763532145944,0.160635504692887,-2.1275715651988,0.0333726218831751,0.229611277294517,"protein mono-ADP-ribosyltransferase PARP12-like","liver"
"LOC115113702",158.218641741565,-0.342181459884364,0.194838558610285,-1.75623070877255,0.0790490231977825,0.339519303007546,"glycerol kinase-like","liver"
"LOC115145809",613.622575043974,-0.345181529208577,0.0961924994320471,-3.5884453699264,0.000332655678153857,0.0436490093123143,"long-chain-fatty-acid--CoA ligase 1-like, transcript variant X1","liver"
"LOC115132937",194.991350297055,-0.345942896083385,0.320301361103464,-1.08005440530001,0.280117953828505,0.578106723951892,"dipeptidyl peptidase 4-like","liver"
"LOC115126342",114.727640205263,-0.346090794921952,0.120026209718625,-2.88346016868554,0.00393332386711573,0.0960013657626569,"transcriptional regulator ATRX-like","liver"
"LOC115103495",99.3955854476606,-0.347190416621115,0.182517734902977,-1.9022283878642,0.0571413031054017,0.292965976676248,"signal transducer and activator of transcription 5B-like","liver"
"LOC115103031",57.6981842465009,-0.347329113236121,0.187779047691474,-1.84966915907888,0.0643612482047841,0.310072065194594,"TGF-beta receptor type-1-like","liver"
"LOC115138206",109.14420976616,-0.347329575312699,0.143418661027849,-2.42178788187999,0.0154443626317059,0.164057073949211,"membrane-associated guanylate kinase, WW and PDZ domain-containing protein 1-like, transcript variant X2","liver"
"ND6",1680.97546519652,-0.34777689290827,0.144932558821157,-2.39957740163421,0.0164140092343053,0.167677948969996,NA,"liver"
"LOC115109209",61.0034926693077,-0.34847596283219,0.110275573670137,-3.16004670149867,0.0015774385210595,0.0659698748694656,"scaffold attachment factor B2-like, transcript variant X1","liver"
"LOC115110608",306.19242985322,-0.349064152364662,0.171360927969215,-2.03701133333833,0.0416489062922694,0.253610698023486,"low-density lipoprotein receptor-like","liver"
"pck1",1897.5219468036,-0.349267590435055,0.548135900381321,-0.637191598273494,0.524000049648591,0.768244644532764,"phosphoenolpyruvate carboxykinase 1","liver"
"LOC115130244",179.162421309343,-0.349712483399671,0.142763828092652,-2.44958746253786,0.0143019970478924,0.16126343215619,"microtubule-associated protein 4-like, transcript variant X4","liver"
"LOC115106827",170.040855290578,-0.34990640281881,0.132763789991871,-2.6355559964071,0.00839995648139148,0.12871512262463,"stromal interaction molecule 1-like, transcript variant X2","liver"
"ATP6",2379.82788486397,-0.351443788686171,0.16779583088019,-2.09447271033277,0.0362178915828215,0.236541417772181,NA,"liver"
"ND3",1481.12680807825,-0.352403071877478,0.266519341391071,-1.32224201830211,0.18608757337114,0.48142891243013,NA,"liver"
"LOC115118567",109.763668483273,-0.352822783514067,0.450215055771332,-0.783676109875074,0.433230184015149,0.699899417378417,"heat shock protein HSP 90-alpha 1, transcript variant X2","liver"
"LOC115124099",39469.6276310917,-0.35295055141364,0.284615465139675,-1.24009618114191,0.214939821312831,0.513236503615171,"butyrophilin-like protein 1, transcript variant X1","liver"
"LOC115142766",266.498876499314,-0.354561753236497,0.191741208346771,-1.84916824241171,0.0644335228704175,0.310072065194594,"peroxisome proliferator-activated receptor delta-like, transcript variant X3","liver"
"nrcam",184.024439793112,-0.354667626360517,0.198275587289396,-1.7887609423285,0.0736533235857,0.328458366450015,"neuronal cell adhesion molecule, transcript variant X15","liver"
"LOC115133272",254.85876199468,-0.354778159508044,0.249269303176989,-1.42327256098654,0.154657158033862,0.444242973241375,"6-phosphofructo-2-kinase/fructose-2,6-bisphosphatase-like","liver"
"LOC115130482",87.5613115395778,-0.355661279922049,0.27549304467219,-1.29099912611315,0.196703980540213,0.49369792160216,"mitogen-activated protein kinase kinase kinase kinase 4-like","liver"
"LOC115130742",94.0733009044544,-0.357776802132492,0.297034619070824,-1.20449529839882,0.228398198185864,0.523719817470933,"ATP-binding cassette sub-family A member 1-like","liver"
"LOC115106396",272.290381744127,-0.358355131898432,0.307105470470494,-1.16687967605859,0.243258964607003,0.536838563244212,"arginase-1-like, transcript variant X1","liver"
"klf12",298.193382428537,-0.360262037306265,0.195431668193632,-1.84341688650644,0.0652681664359537,0.311023985430262,"Kruppel like factor 12","liver"
"LOC115130517",69.8876540477343,-0.362762152346116,0.160465732924299,-2.26068298654924,0.0237788947535566,0.195803585889893,"dual specificity protein kinase CLK4-like, transcript variant X1","liver"
"LOC115118279",115.184784024213,-0.36595627445533,0.163978515514215,-2.23173306154004,0.0256326107606413,0.203935293286921,"insulin receptor-like","liver"
"LOC115111174",168.336398277898,-0.368370814852421,0.128277627691443,-2.87166843885275,0.00408311117909546,0.0963575161217609,"unconventional myosin-Ib-like, transcript variant X1","liver"
"LOC115112301",287.182269507309,-0.368651776417536,0.147439089846442,-2.50036660428036,0.0124064846395161,0.15362064340629,"furin-1-like, transcript variant X2","liver"
"LOC115111867",273.119134436684,-0.369742021251852,0.288624125713379,-1.28105029452399,0.200176000974429,0.496300109471881,"growth arrest and DNA damage-inducible protein GADD45 gamma-like","liver"
"LOC115144388",144.645377583994,-0.369886785440238,0.159424817324182,-2.32013303605105,0.0203336817032571,0.181137621423119,"mitogen-activated protein kinase kinase kinase 4-like, transcript variant X1","liver"
"LOC115138736",93.7155276000843,-0.371430210446405,0.381075801538922,-0.974688523769903,0.329714787295756,0.613285735480822,"cysteine-rich protein 2-like","liver"
"LOC115122577",75.1034378442678,-0.373296474111279,0.200316230123578,-1.86353583971197,0.0623869150122997,0.305705050375339,"retinoic acid receptor RXR-gamma-B-like, transcript variant X2","liver"
"LOC115135032",606.537250638024,-0.373810808253416,0.283047757008815,-1.32066338275832,0.186613628638378,0.481720804515534,"protein phosphatase 1 regulatory subunit 3C-B-like","liver"
"LOC115102558",1927.85097847973,-0.374198355991093,0.0886466478688835,-4.22123526367931,2.42967189468186e-05,0.0230517281281126,"low-density lipoprotein receptor-related protein 1-like","liver"
"LOC115134970",253.817419193703,-0.374373861578409,0.325191980453465,-1.15123952643716,0.249633708199828,0.545287778468649,"catechol O-methyltransferase domain-containing protein 1-like","liver"
"LOC115139244",106.619692058952,-0.374447580373859,0.203910104847111,-1.83633655945895,0.0663078959028317,0.3128136385416,"transcription factor SOX-13-like, transcript variant X2","liver"
"LOC115112901",68.9318946927137,-0.375495481783806,0.265238750863222,-1.41568862227616,0.156866691049567,0.446659174059623,"serine/threonine-protein kinase SIK2-like, transcript variant X1","liver"
"LOC115135951",343.313823592477,-0.376480127445934,0.131782233329017,-2.85683523442791,0.00427887890530881,0.0963575161217609,"phosphoglycerate kinase","liver"
"LOC115124033",61.1449300620569,-0.377713162344224,0.246525344784744,-1.532147384984,0.125486068843481,0.408851159107954,"microfibril-associated glycoprotein 4-like","liver"
"LOC115114499",89.4539553033673,-0.377830446863248,0.132701459947062,-2.84722147754798,0.00441026675172911,0.0970184912679679,"laminin subunit alpha-3-like","liver"
"LOC115140321",67.1387693136355,-0.379232440130893,0.154776268317081,-2.45019759330275,0.0142777839110981,0.16126343215619,"growth hormone receptor-like","liver"
"LOC115138133",63.867831195141,-0.381493364889384,0.181415053733222,-2.10287601298173,0.0354766091481207,0.234876676173821,"regulator of G-protein signaling 12-like, transcript variant X1","liver"
"LOC115118837",97.1233907083934,-0.383145995120988,0.204816638063402,-1.87067807939696,0.0613897149443597,0.303588391933973,"mitogen-activated protein kinase kinase kinase 4-like, transcript variant X1","liver"
"ank2",119.645714375361,-0.386248687828909,0.349899422619111,-1.10388489623021,0.269643071495814,0.566393768236678,"ankyrin 2, transcript variant X7","liver"
"LOC115101056",77.1160840562052,-0.386619888578858,0.277270204635063,-1.39437949738494,0.16320303603796,0.455221463268407,"tubulin alpha chain, testis-specific, transcript variant X2","liver"
"LOC115111929",209.163646415948,-0.387009838739208,0.209255514260178,-1.84946064674798,0.0643913252320684,0.310072065194594,"heparan sulfate glucosamine 3-O-sulfotransferase 1-like","liver"
"LOC115124980",72.9793713066706,-0.387595332051434,0.122717089747149,-3.15844625104824,0.00158612554887331,0.0659698748694656,"far upstream element-binding protein 1-like, transcript variant X1","liver"
"LOC115138079",100.725620036908,-0.38995932983207,0.130456723223566,-2.98918538037928,0.00279722360600835,0.083834436897721,"receptor-type tyrosine-protein phosphatase delta-like, transcript variant X2","liver"
"LOC115129760",199.196104385524,-0.390241135524414,0.205106428283893,-1.90262752264532,0.0570891652248015,0.292965976676248,"xin actin-binding repeat-containing protein 2-like, transcript variant X1","liver"
"ND2",1022.66222033857,-0.39241879766749,0.206036915751548,-1.9046043095534,0.0568315259805278,0.292851200880697,NA,"liver"
"LOC115105974",136.171099138996,-0.394573568050714,0.252836337484328,-1.56058884564079,0.118620792274642,0.399022611236311,"anthrax toxin receptor 2-like","liver"
"LOC115123863",676.859183950517,-0.394702766610707,0.197686621637196,-1.99660838625227,0.0458677411334091,0.264811491302798,"60S ribosomal protein L4-A, transcript variant X1","liver"
"LOC115134417",106.798331266328,-0.396431808665615,0.252138747971961,-1.57227642262148,0.115886458527165,0.396791101805304,"protein shisa-like-1a","liver"
"LOC115131329",81.7232508841355,-0.396917251641338,0.209953279907032,-1.8905027433584,0.0586907540244234,0.295499831360093,"protein tyrosine phosphatase type IVA 3-like, transcript variant X6","liver"
"LOC115114767",138.039591667358,-0.398355351928778,0.201429697134844,-1.9776396310724,0.0479693750579476,0.271937653318768,"ski-like protein, transcript variant X3","liver"
"LOC115127718",218.287828477605,-0.401528664446069,0.242821924445625,-1.65359312328481,0.0982102108660299,0.369967485665377,"nuclear factor 1 X-type-like","liver"
"LOC115133611",117.97082441175,-0.402172247989019,0.160255250941624,-2.50957298201429,0.0120877234506306,0.153195161526808,"CLIP-associating protein 1-like","liver"
"LOC115101929",639.6860461919,-0.402663302298524,0.29064937403472,-1.38539194737926,0.165932651955379,0.458239415732302,"monocarboxylate transporter 5-like, transcript variant X1","liver"
"LOC115143984",129.580704709898,-0.402870275857037,0.189854664888992,-2.12199303131474,0.0338383232445681,0.23064382198137,"growth factor receptor-bound protein 7-like, transcript variant X1","liver"
"LOC115131367",222.71689957094,-0.404528264541041,0.1623817067593,-2.4912182080995,0.0127305907217508,0.155344040114578,"thyroid hormone receptor-associated protein 3-like, transcript variant X2","liver"
"plxdc2",110.124244037419,-0.406145111521925,0.184768889905481,-2.19812497509559,0.0279402011976875,0.213911449817034,"plexin domain containing 2","liver"
"LOC115105288",279.17667945405,-0.406199343064012,0.202402776474975,-2.00688622032926,0.0447617794103443,0.261970873001287,"protein Jade-1-like","liver"
"LOC115111821",124.654624412677,-0.40850839755084,0.212967594830664,-1.91817162547972,0.0550892528173828,0.288570477361303,"testosterone 17-beta-dehydrogenase 3-like, transcript variant X1","liver"
"LOC115110892",140.399913255603,-0.408695361273931,0.201059206961251,-2.03271149553821,0.042081679213399,0.254488018507143,"microfibril-associated glycoprotein 4-like","liver"
"cacna2d4",90.5279865842495,-0.408985759245919,0.229833679533834,-1.77948575715906,0.0751601579184907,0.330036247274988,"calcium voltage-gated channel auxiliary subunit alpha2delta 4, transcript variant X2","liver"
"LOC115138292",68.2471693489387,-0.4115032835026,0.143908575660927,-2.85947714799272,0.00424339990097441,0.0963575161217609,"protein quaking-A-like, transcript variant X3","liver"
"LOC115108486",461.494800886193,-0.413645731642307,0.184994886090558,-2.23598468251615,0.0253527745366001,0.202623351002318,"transcription factor AP-1-like","liver"
"macrod2",333.912489251297,-0.414175927726933,0.136516788286046,-3.033882740188,0.00241428249308444,0.0775679555562892,"mono-ADP ribosylhydrolase 2","liver"
"nfyc",152.249948415636,-0.418265261157563,0.164326749748198,-2.54532668478188,0.0109175545440614,0.146381422110507,"nuclear transcription factor Y subunit gamma, transcript variant X5","liver"
"LOC115145790",440.990484281707,-0.421415899970417,0.42015417739081,-1.00300299901203,0.315859414259028,0.602661842209239,"fibrinogen gamma chain-like, transcript variant X2","liver"
"LOC115134611",58.306914985807,-0.422498472464787,0.19636537044319,-2.15159359061744,0.0314293773814944,0.223513442448635,"junctional adhesion molecule A-like","liver"
"LOC115134427",114.498962945508,-0.423013146666737,0.193116524916989,-2.19045546127433,0.0284912215368911,0.215410920359566,"potassium voltage-gated channel subfamily KQT member 1-like, transcript variant X1","liver"
"oaf",305.761807325834,-0.423954828803294,0.228666992817284,-1.85402721914506,0.063735265958292,0.309636405299164,"out at first homolog","liver"
"LOC115143111",622.686824639944,-0.424042855228202,0.215764843651109,-1.96530096401561,0.049379414089875,0.275335830137251,"class E basic helix-loop-helix protein 40-like","liver"
"stxbp5l",98.4011532023701,-0.425580891852718,0.343353092341523,-1.23948466271393,0.215166065208318,0.513475926106034,"syntaxin binding protein 5 like, transcript variant X1","liver"
"LOC115103411",159.204692215162,-0.4317886560816,0.216526709382459,-1.99415886064622,0.0461346964110796,0.265225701793456,"tumor protein p53-inducible nuclear protein 1-like, transcript variant X3","liver"
"LOC115130084",67.064060005343,-0.432433514276485,0.16749768321184,-2.58172833190518,0.0098306936704211,0.138172094484953,"UDP-N-acetylglucosamine--peptide N-acetylglucosaminyltransferase 110 kDa subunit-like","liver"
"LOC115132601",87.0907933359493,-0.433855796083384,0.13339525855132,-3.25240792510231,0.00114431663817082,0.0583029327148034,"nuclear receptor coactivator 3-like","liver"
"LOC115132580",477.934177024209,-0.435489652044022,0.33842799408774,-1.28680150475707,0.198163482336891,0.494866556574453,"trichohyalin-like","liver"
"LOC115140855",259.267566452463,-0.436324467421236,0.170515379619631,-2.55885696876461,0.0105016939622565,0.144392931907347,"maternal B9.15 protein-like, transcript variant X2","liver"
"LOC115128715",75.1397233334449,-0.43705612799463,0.554840888857626,-0.787714346169573,0.430863812140652,0.698290615620397,"WNT1-inducible-signaling pathway protein 1-like","liver"
"LOC115129419",68.4596069856954,-0.440443640377729,0.130677467033988,-3.37046355714236,0.000750418309465938,0.0497293541243035,"disks large homolog 3, transcript variant X1","liver"
"LOC115112100",142.069399713335,-0.441171864189492,0.282511763992018,-1.56160528664554,0.118381003296696,0.399022611236311,"7-dehydrocholesterol reductase-like","liver"
"LOC115102554",175.14771834637,-0.444875374066758,0.148206412225582,-3.00172824769296,0.00268451705039417,0.0833243093754326,"low-density lipoprotein receptor-related protein 1-like","liver"
"LOC115139614",221.449782897467,-0.446556872727517,0.240385997575451,-1.85766590912749,0.063216472542139,0.307849871065422,"sentrin-specific protease 6-like, transcript variant X3","liver"
"LOC115126022",84.0215033080444,-0.448975462006406,0.211259755838489,-2.12522948454818,0.0335674689223671,0.229611277294517,"pantothenate kinase 1-like","liver"
"LOC115128454",57.7789039903661,-0.449951455988195,0.141438806858091,-3.18124470916701,0.00146643704244271,0.0634810769012427,"chromatin target of PRMT1 protein-like, transcript variant X3","liver"
"dhcr7",172.636158058097,-0.452868071942145,0.33740926521196,-1.34219216433684,0.179533696455126,0.475799315182766,"7-dehydrocholesterol reductase","liver"
"LOC115138828",820.854049652904,-0.457278771605938,0.342300585988102,-1.33589830203163,0.181582516028188,0.476599777265298,"B-cell lymphoma/leukemia 11B-like","liver"
"ND1",1151.96859024375,-0.457346285141128,0.180028114995829,-2.54041589643775,0.011072071943296,0.147390361191738,NA,"liver"
"LOC115127920",203.864664397272,-0.465512599894747,0.303095278038943,-1.53586226386192,0.124572164985362,0.408398547228038,"NADPH oxidase organizer 1-like, transcript variant X2","liver"
"LOC115121214",212.143802695821,-0.466645907830592,0.312275036740552,-1.49434265608075,0.135086081382053,0.422025930165245,"phosphatidylserine decarboxylase proenzyme, mitochondrial-like, transcript variant X4","liver"
"aacs",629.923302837311,-0.467281954293037,0.293425674903657,-1.59250534039485,0.111271204121247,0.390983989653623,"acetoacetyl-CoA synthetase","liver"
"LOC115123096",90.5265285799374,-0.470057200861455,0.198777005048838,-2.3647463686555,0.0180424224355335,0.173855588291335,"nuclear factor 1 X-type-like","liver"
"LOC115123980",176.154981275476,-0.471011452971276,0.231424915564445,-2.03526682432823,0.0418240323943181,0.253682672677441,"uncharacterized LOC115123980, transcript variant X3","liver"
"LOC115129280",63.4297856092003,-0.47196438278015,0.829345364235492,-0.56908063049851,0.569301422520534,0.795499690844599,"selenoprotein T2-like","liver"
"LOC115127564",58.1758432156607,-0.472881679793669,0.589085018310437,-0.802739273780799,0.422125447917225,0.693432360397224,"protein shisa-5-like, transcript variant X2","liver"
"LOC115105427",83.5554273613753,-0.476075051657529,0.177917976889051,-2.67581196673796,0.00745484568306625,0.12140826255928,"cell adhesion molecule 1-like, transcript variant X2","liver"
"LOC115135506",100.271424259645,-0.480238597203334,0.217820336233735,-2.2047463772529,0.0274718967618665,0.211651140154003,"phosphofurin acidic cluster sorting protein 1-like, transcript variant X2","liver"
"LOC115120696",68.0141328482037,-0.481538875497074,0.23018292826303,-2.09198344608259,0.0364399965489832,0.236820785401117,"E3 ubiquitin-protein ligase SH3RF3-like","liver"
"LOC115136609",128.793583461552,-0.483025642127219,0.240664069736316,-2.00705341124018,0.0447439761595627,0.261970873001287,"phosphatidylinositol 4,5-bisphosphate 3-kinase catalytic subunit beta isoform-like","liver"
"LOC115112886",67.2021439278212,-0.497600790889252,0.24465734028563,-2.03386822691818,0.0419648832484632,0.254158787697974,"extracellular serine/threonine protein kinase FAM20C-like","liver"
"ddx31",109.432014231662,-0.499615147599964,0.142356845209814,-3.50959693482671,0.000448786440276009,0.0455752763343709,"DEAD-box helicase 31, transcript variant X2","liver"
"LOC115123699",392.091676821597,-0.504783497818228,0.230515078161167,-2.18980685274437,0.028538247545183,0.215410920359566,"polyubiquitin-B","liver"
"LOC115120401",816.087125230698,-0.507357069872804,0.219518203438758,-2.31123005712075,0.0208201509823972,0.182463925527092,"arrestin domain-containing protein 3-like","liver"
"LOC115128540",92.6679113562632,-0.507632866918167,0.192189706379099,-2.64131142339564,0.00825857678303379,0.12871512262463,"phosphatase and actin regulator 4B-like","liver"
"LOC115138574",64.640341795556,-0.523359913772335,0.238142473394915,-2.19767564479957,0.0279722283494797,0.213911449817034,"sacsin-like, transcript variant X3","liver"
"LOC115142428",246.42656309816,-0.523905061178223,0.225821887842739,-2.31999238950242,0.0203412890400663,0.181137621423119,"VPS10 domain-containing receptor SorCS3-like","liver"
"LOC115130089",92.4399292243984,-0.526508501001222,0.190875636880737,-2.75838503857983,0.00580877327976366,0.112211184304818,"zinc finger homeobox protein 4-like","liver"
"LOC115130958",155.724536854848,-0.532215849702835,0.253116981457016,-2.10264774271265,0.0354965732392232,0.234876676173821,"cathepsin F-like","liver"
"LOC115103810",57.5005187349687,-0.537020303725459,0.285709550306527,-1.87960221542931,0.0601623111155559,0.300516642287997,"centrosomal protein of 95 kDa-like","liver"
"LOC115119915",221.905180534874,-0.538171701514284,0.284671587207964,-1.8905002314865,0.0586910896493481,0.295499831360093,"unconventional myosin-XVI-like","liver"
"LOC115146086",66.3291075859445,-0.539176434756832,0.297702333792815,-1.8111259924891,0.0701213508519859,0.319881198728937,"fermitin family homolog 2-like","liver"
"LOC115106696",217.976583234674,-0.53928544033219,0.249847994797774,-2.15845414636481,0.0308925398033283,0.221296998661452,"transforming growth factor beta-2 proprotein-like","liver"
"LOC115125917",90.6473534916497,-0.54078240655206,0.173621869354662,-3.11471365077512,0.00184123559132239,0.0682261479111823,"fibrinogen alpha chain-like","liver"
"ifi27",141.402022645548,-0.543073326045532,0.324314414146596,-1.67452725613377,0.0940270223032883,0.362302933203603,"interferon alpha inducible protein 27","liver"
"csmd3",356.01645550312,-0.543646783551064,0.201468065220302,-2.69842658664834,0.00696681022280836,0.119738667963907,"CUB and Sushi multiple domains 3, transcript variant X2","liver"
"LOC115101146",58.2530030471708,-0.545646264310859,0.249986999145879,-2.18269856502597,0.0290580156801404,0.216900438975056,"atrial natriuretic peptide receptor 2-like","liver"
"itpr1",276.073686308,-0.547336719701706,0.692568257274499,-0.790300037509183,0.429352564921559,0.697735722521961,"inositol 1,4,5-trisphosphate receptor type 1, transcript variant X1","liver"
"LOC115106381",1663.38534339368,-0.553346363658053,0.493498691020548,-1.12127220137857,0.262172014557481,0.559917519583386,"retinol-binding protein 4-B","liver"
"LOC115113481",381.596455376329,-0.554103178578105,0.325360919773479,-1.70304159136223,0.088560285253049,0.353757565046943,"CUGBP Elav-like family member 1, transcript variant X4","liver"
"LOC115127760",4882.27100916989,-0.558476431073678,0.221070642631648,-2.52623516368124,0.0115292278085251,0.151103320088579,"complement C1q-like protein 2","liver"
"LOC115102051",117.609308827077,-0.560611262350367,0.17747188621481,-3.15887363518416,0.00158380146571186,0.0659698748694656,"membrane-associated guanylate kinase, WW and PDZ domain-containing protein 1-like, transcript variant X9","liver"
"LOC115139663",62.4013751430344,-0.577337679138868,0.312603089187954,-1.84687131735842,0.0647657926403241,0.310607773214372,"ectonucleotide pyrophosphatase/phosphodiesterase family member 1-like, transcript variant X1","liver"
"LOC115116781",882.706243296794,-0.58592950048448,0.277011397507863,-2.11518192303928,0.0344144450288243,0.233098244761177,"complement C4-like","liver"
"LOC115143106",122.966389950703,-0.609795260039878,0.987674396634472,-0.617405151047523,0.536967525281796,0.773111844948287,"leucine-rich repeat neuronal protein 1-like, transcript variant X1","liver"
"LOC115107503",151.018372397083,-0.61184832325083,0.284811845081945,-2.14825448384982,0.031693544588498,0.223887153800204,"1-phosphatidylinositol 4,5-bisphosphate phosphodiesterase beta-1-like","liver"
"LOC115112488",146.268299365229,-0.612972891403415,0.320797083057124,-1.91078075137692,0.0560327623462428,0.290202718326919,"protein naked cuticle homolog 1-like","liver"
"LOC115113034",147.877758631296,-0.61472603188297,0.925874568595517,-0.663940940526603,0.506728111695085,0.757363748897249,"glutathione S-transferase 3-like","liver"
"LOC115132060",436.273703905455,-0.617810276846541,0.520066368535583,-1.18794506667714,0.234855052855645,0.529170367849425,"intelectin","liver"
"LOC115122923",133.686379163842,-0.639192397054724,0.373236845321106,-1.71256510461825,0.0867925776410173,0.351656606823844,"regulator of G-protein signaling 3-like, transcript variant X4","liver"
"LOC115103255",102.363998044616,-0.650849898825916,0.261870671790233,-2.48538675360817,0.0129410754535531,0.156058649552315,"angiopoietin-related protein 4-like, transcript variant X1","liver"
"LOC115144792",66.9251400197412,-0.652287937101674,0.337400168258497,-1.93327685776946,0.0532021011058282,0.28440666342479,"receptor-type tyrosine-protein phosphatase zeta-like, transcript variant X4","liver"
"LOC115113139",202.281570975328,-0.659221827580689,0.382037964570815,-1.72554009997741,0.0844301836487951,0.348555537061404,"reticulon-4-like, transcript variant X1","liver"
"ctso",118.463393415029,-0.666767498506452,0.459355353542349,-1.45152874210484,0.146632684772877,0.435493105468807,"cathepsin O, transcript variant X2","liver"
"LOC115108286",63.8824318219061,-0.673773358036538,0.332146696485381,-2.02854150038549,0.0425050122016637,0.255531607277258,"follistatin-related protein 3-like","liver"
"LOC115101535",96.6927674757452,-0.675577853730133,0.331702009946993,-2.03670111567335,0.0416800026661371,0.253610698023486,"histone-lysine N-methyltransferase PRDM16-like","liver"
"slc2a4rg",67.8787049518224,-0.680035187513703,0.265885716310594,-2.55762211280022,0.0105390548300087,0.144392931907347,"SLC2A4 regulator, transcript variant X1","liver"
"LOC115129453",196.851273908394,-0.721335759239473,0.356801129248867,-2.02167454110366,0.0432099856720929,0.257491084209723,"saxitoxin and tetrodotoxin-binding protein 1-like","liver"
"LOC115103085",292.575966151498,-0.740870113843606,0.226372473807499,-3.27279240882274,0.0010649065842242,0.0575369878701222,"sodium- and chloride-dependent glycine transporter 1-like, transcript variant X3","liver"
"LOC115145167",293.398560768979,-0.780289964641553,0.221816602348268,-3.51772570845008,0.000435262015570778,0.0455752763343709,"palladin-like","liver"
"LOC115107543",70.3369688879812,-0.795314328531262,0.202425984689691,-3.92891421400488,8.5330270727845e-05,0.0238352665667346,"pleckstrin homology domain-containing family G member 3-like, transcript variant X4","liver"
"LOC115130515",66.3300344613439,-0.808888602312955,0.337851277938017,-2.394215014517,0.0166559815034026,0.168880051263356,"collagen alpha-1(XXIII) chain-like, transcript variant X8","liver"
"LOC115120566",95.549824151983,-0.848762933282014,0.247744854917321,-3.42595584301951,0.000612639971268373,0.0466002202576675,"E3 ubiquitin-protein ligase RNF19A-like","liver"
"LOC115119914",74.829884789362,-0.890637876667804,0.212749501313122,-4.18632180649381,2.83511316426523e-05,0.0230517281281126,"unconventional myosin-XVI-like","liver"
"LOC115112270",119.800821201623,-0.974934358595757,0.27158336719871,-3.58981615351438,0.000330911266072751,0.0436490093123143,"disintegrin and metalloproteinase domain-containing protein 10-like","liver"
"LOC115102993",573.156500794175,-1.00713344068882,0.726089763859214,-1.38706464519737,0.165422051512598,0.458057256769939,"insulin-like growth factor-binding protein 1","liver"
"LOC115112540",94.3936256194758,-1.07903603612438,0.435259276886072,-2.47906499281074,0.0131727300965551,0.156834820487416,"hepatic triacylglycerol lipase-like","liver"
"LOC115107457",91.8495683510638,-1.12601200634151,0.40711360144645,-2.76584226697623,0.00567759895158329,0.110199492031683,"synaptotagmin-like protein 3","liver"
"LOC115116544",234.119529787756,-1.40736780886171,0.358406180590687,-3.92673978596639,8.61050477200278e-05,0.0238352665667346,"alpha-tubulin N-acetyltransferase 1-like, transcript variant X2","liver"
"LOC115126934",73.5122567358827,-1.90368040561581,0.779428718295674,-2.44240475226326,0.0145897789607935,0.162037981046851,"gamma-crystallin M3-like","liver"
