"gene","baseMean","log2FoldChange","lfcSE","stat","pvalue","padj","description","treatment"
"LOC115112827",73.9283352640066,1.17466584529997,0.120133780227991,3.27069929303157,0.00107281920464408,0.0575369878701222,"serum amyloid A-5 protein-like","liver"
"LOC115138574",64.640341795556,0.868616205929333,0.123942575128145,-2.19767564479957,0.0279722283494797,0.213911449817034,"sacsin-like, transcript variant X3","liver"
"LOC115117925",79.5360811812178,0.672034371174853,0.11712651026266,1.83191228919884,0.0669644893363821,0.314455366975914,"lysozyme C II","liver"
"LOC115127642",126.239346903355,0.588819238969178,0.121269407355778,0.958897025899069,0.337610623199401,0.619209648745586,"lysozyme C II","liver"
"smc5",119.328697531419,0.529342387638756,0.122895877468092,1.87108377418197,0.0613334702305914,0.303588391933973,"structural maintenance of chromosomes 5","liver"
"LOC115131673",100.828268389963,0.512328788834676,0.114927281332966,4.4593620796394,8.22039500797565e-06,0.0230517281281126,"NADH dehydrogenase [ubiquinone] iron-sulfur protein 5-like","liver"
"LOC115123393",64.7158361251913,0.48240505936281,0.117143740465016,1.72927352946529,0.0837601518502609,0.347664337007804,"COP9 signalosome complex subunit 1-like","liver"
"LOC115133286",1165.23663080331,0.481173863534366,0.115324646503974,2.03600407950685,0.0417499456265357,0.253610698023486,"40S ribosomal protein S4","liver"
"LOC115122299",289.917971707057,0.479676166477965,0.123329606524955,3.92227813441691,8.77156522328309e-05,0.0238352665667346,"mannose-binding protein C-like","liver"
"LOC115122904",1451.66527029585,0.471630037123202,0.113505962044701,2.21870614508478,0.0265067226952932,0.20817225762238,"40S ribosomal protein S4-like","liver"
"wdr45",103.888393846575,0.467446129558833,0.114965331832425,4.06780267086817,4.74585435867113e-05,0.0230517281281126,"WD repeat domain 45","liver"
"LOC115123161",148.108566323141,0.461704430406212,0.113450334535955,4.07031044235454,4.69505305265709e-05,0.0230517281281126,"ferritin, middle subunit-like","liver"
"LOC115133295",217.205891168774,0.460542318462129,0.112880344528049,4.08223627232722,4.4604415318871e-05,0.0230517281281126,"oligosaccharyltransferase complex subunit ostc, transcript variant X2","liver"
"LOC115143107",70.0593520219347,0.447815503173784,0.0946352833681893,1.31375067294415,0.188930122215003,0.484057717936395,"uncharacterized LOC115143107, transcript variant X1","liver"
"LOC115125161",136.916425934153,0.437376727818529,0.109401407619476,3.99709653677668,6.41241551713899e-05,0.0237609142253259,"60S ribosomal protein L32-like","liver"
"LOC115103576",155.560057498132,0.429795680210781,0.124151553893227,3.47174584528478,0.000517085627288074,0.0466002202576675,"dispanin subfamily A member 2b-like","liver"
"LOC115128702",153.550384216592,0.429050912489234,0.100415429073349,4.27269731349395,1.93122531444919e-05,0.0230517281281126,"26S proteasome complex subunit SEM1","liver"
"LOC115115591",159.659982995134,0.414982099977435,0.123871218791585,3.35824935492819,0.000784378204732006,0.0498324214572744,"dispanin subfamily A member 2b-like","liver"
"LOC115102635",163.755141995053,0.413999732628173,0.120970082483615,3.42593933840295,0.000612677198689343,0.0466002202576675,"keratin, type I cytoskeletal 18-like","liver"
"atp5mpl",683.925896584146,0.411417798841643,0.121189824563668,3.39894444942916,0.000676464543688789,0.047539128966819,"ATP synthase membrane subunit 6.8PL","liver"
"LOC115135536",522.407341118967,0.410657887759682,0.118786487115107,3.45970764100961,0.000540762169241079,0.0466002202576675,"V-type proton ATPase catalytic subunit A-like","liver"
"LOC115105984",82.9916507740992,0.410152046984044,0.119926235366503,3.42581941628256,0.000612947755396336,0.0466002202576675,"NADH dehydrogenase [ubiquinone] 1 alpha subcomplex subunit 8-like","liver"
"LOC115108050",229.733258146963,0.409099942906238,0.124109913347054,3.31153327324082,0.000927862050923426,0.0540280817080555,"kinesin-like protein KIF14, transcript variant X1","liver"
"LOC115135049",94.6064474653255,0.405750372600397,0.105183216222662,3.85836930128879,0.00011414608158846,0.0267734674773602,"bladder cancer-associated protein, transcript variant X2","liver"
"LOC115145095",311.162069601426,0.405673821182366,0.113332644887056,3.58121100605732,0.00034200529751663,0.0436490093123143,"proteasome subunit beta type-5-like","liver"
"LOC115139187",143.999694322358,0.404804861749131,0.0982112632386103,4.12119425301757,3.7691344526152e-05,0.0230517281281126,"splicing factor 3B subunit 6","liver"
"LOC115110057",3360.3129211003,0.402165671669779,0.12419516186032,3.24695653402504,0.00116646202682034,0.0586975212508605,"ferritin, middle subunit-like","liver"
"LOC115123160",252.12253219629,0.398122072623493,0.124069715211788,3.22187631563704,0.00127354098618116,0.0594443493952692,"ferritin, middle subunit-like","liver"
"LOC115143174",80.8883605309104,0.397296429508656,0.096042666076092,1.01120480117579,0.311918418347811,0.601817480450145,"signal transducer and activator of transcription 1-alpha/beta-like, transcript variant X1","liver"
"LOC115105069",181.193886984798,0.397007606856851,0.106898535375304,3.71465994435028,0.000203477137231579,0.0360596874502572,"eukaryotic translation initiation factor 1b","liver"
"znhit2",158.25734298771,0.395766676640631,0.102817487992126,3.84975889035689,0.000118234154708656,0.0267734674773602,"zinc finger HIT-type containing 2, transcript variant X2","liver"
"LOC115125976",519.08057814341,0.395534529674889,0.116863703085631,3.38603757714674,0.00070909673080094,0.0481713045790772,"60S ribosomal protein L3","liver"
"LOC115138705",700.210109238123,0.393132578526029,0.0995472755233483,3.94947390424738,7.83231488008436e-05,0.0238352665667346,"proteasome subunit alpha type-3","liver"
"grpel1",142.98283190015,0.391607964706039,0.119247440650257,3.28498134483758,0.00101989124203117,0.0561767121962035,"GrpE like 1, mitochondrial","liver"
"LOC115128224",85.0745774021184,0.391577292541982,0.123243505776496,3.19658074204674,0.00139066898917049,0.0609501806436442,"ATPase inhibitor A, mitochondrial-like","liver"
"LOC115111363",98.3469336555325,0.388258066384932,0.100263597229092,3.86998708019311,0.00010884112112365,0.0267734674773602,"glutaredoxin-1-like, transcript variant X1","liver"
"LOC115135968",118.176869419857,0.387820399973841,0.101174643703756,3.83206364177868,0.000127072854897194,0.0272604713979455,"malate dehydrogenase, mitochondrial-like","liver"
"LOC115130477",169.720784417405,0.38532619904468,0.118527171906377,3.2533305721517,0.00114060721427949,0.0583029327148034,"lysozyme g-like","liver"
"zmat2",94.898061111777,0.383515031646691,0.120760424273307,3.17866224741309,0.00147956386300737,0.0634810769012427,"zinc finger matrin-type 2","liver"
"ndufb5",193.309710071905,0.38104539561766,0.11073619774884,3.44143018598247,0.000578647771455205,0.0466002202576675,"NADH:ubiquinone oxidoreductase subunit B5","liver"
"LOC115140097",81.1122763616699,0.37832175194799,0.102621169390609,3.68550538668857,0.000228249254223304,0.0372137584085675,"transcobalamin-2-like","liver"
"LOC115109447",704.51609107576,0.374220908691512,0.118792101320936,3.15257633166113,0.00161836503348991,0.0660133230068067,"ADP-ribosylation factor 4-like","liver"
"LOC115107636",84.8333385619588,0.372127172798943,0.101806211653893,3.65459887301936,0.000257584384358777,0.0397966689816656,"COP9 signalosome complex subunit 8-like, transcript variant X1","liver"
"LOC115132717",76.6393436159539,0.371494325742136,0.104013638090026,3.57264779365026,0.000353389918377422,0.0436490093123143,"ras-related protein Rab-39B-like","liver"
"LOC115118779",172.382657034697,0.369711939882702,0.121599070350837,1.27312316421076,0.202974340277241,0.499893299679778,"carnitine O-acetyltransferase-like","liver"
"LOC115147101",65.6823138431096,0.368484978124146,0.115063958428814,3.20439914884719,0.00135344697657877,0.06062252611577,"dolichol phosphate-mannose biosynthesis regulatory protein-like, transcript variant X2","liver"
"LOC115141548",123.209165585089,0.367144406936756,0.121136811138056,3.03356053025576,0.00241686220697957,0.0775679555562892,"flavin reductase (NADPH)-like, transcript variant X2","liver"
"dhfr",121.315096438226,0.366405373205994,0.117582225945554,3.11768721074047,0.00182276140452023,0.0681612429800408,"dihydrofolate reductase","liver"
"LOC115123569",173.917895044511,0.365501197245828,0.123633450846439,2.96012396195706,0.0030751527914379,0.0891065651600948,"ferritin, middle subunit-like, transcript variant X1","liver"
"LOC115104196",106.875930269911,0.364033899660208,0.102803748945368,3.54000641871022,0.000400117300497941,0.0453021699119336,"SUMO-conjugating enzyme UBC9-B, transcript variant X2","liver"
"anapc16",283.993417182409,0.363982904741007,0.102143923940639,3.56324821333206,0.000366294025886747,0.0439121896915994,"anaphase promoting complex subunit 16","liver"
"LOC115134326",114.47635109517,0.363040764031533,0.122950460349241,2.97086285148032,0.00296964366109722,0.087081061601671,"heat shock factor-binding protein 1-like","liver"
"LOC115121896",83.8215562505802,0.361095839395122,0.103059728435267,3.50393555093167,0.000458436292862907,0.0455752763343709,"vacuolar protein sorting-associated protein 29, transcript variant X2","liver"
"LOC115147159",403.724922292986,0.360659946117653,0.122494893179875,2.94712667453777,0.00320741782069361,0.0895440755968982,"phosphatidylinositol 3-kinase regulatory subunit alpha-like, transcript variant X1","liver"
"LOC115117313",95.6016421759522,0.360653230071796,0.123782464011144,2.92569501249928,0.00343687693019841,0.0933498989956954,"HMG domain-containing protein 4-like, transcript variant X1","liver"
"LOC115142782",62.9232902367079,0.358792606754093,0.115133419800362,3.11799425485769,0.0018208635297738,0.0681612429800408,"myosin regulatory light polypeptide 9","liver"
"LOC115125749",80.1559409703033,0.356977306397117,0.122948485362673,2.91705839137012,0.00353349616688607,0.0935229245209585,"trypsinogen-like protein 3","liver"
"LOC115110214",169.6555699466,0.355660220205061,0.115816510335326,3.07238365043114,0.00212356600228493,0.0752665654375074,"nucleoside diphosphate kinase A-like","liver"
"LOC115133187",275.556666573045,0.353727583483496,0.11834137763605,2.99093039999665,0.00278128877029342,0.083834436897721,"aldo-keto reductase family 1 member B1-like","liver"
"LOC115132815",158.184996508307,0.353666209611092,0.112494099446794,3.14550572215816,0.00165799951525961,0.0669109507346352,"NADH dehydrogenase [ubiquinone] 1 beta subcomplex subunit 11, mitochondrial-like","liver"
"LOC115110656",73.048111008013,0.353474287335753,0.104286228865013,3.38714934230623,0.000706229330442647,0.0481713045790772,"SEC14-like protein 1, transcript variant X2","liver"
"LOC115111365",91.1797224554729,0.353199659053452,0.109580247554785,3.22380708377471,0.00126498587420524,0.0594443493952692,"osteoclast-stimulating factor 1-like","liver"
"LOC115132763",115.306453899614,0.352000551284343,0.11703921196223,3.05104273856998,0.0022804811125581,0.0775050244941065,"protein S100-A1-like, transcript variant X1","liver"
"LOC115141395",103.474588566078,0.351154172112878,0.122468673857551,2.88645306773163,0.00389610849840715,0.0960013657626569,"NADP-dependent malic enzyme-like","liver"
"LOC115123568",154.235709163636,0.350807823317004,0.121512048021884,2.90633202805263,0.00365693180240791,0.0941930515003751,"ferritin, middle subunit-like, transcript variant X2","liver"
"LOC115116869",559.328758645918,0.348712511753232,0.0942510469360377,3.69989947704503,0.000215684883174304,0.0366304826591026,"cytochrome c oxidase subunit NDUFA4-like","liver"
"LOC115112928",104.181276359076,0.348290822793952,0.108891893773238,0.116543693418157,0.907221659661819,0.969355131596105,"myocardin-related transcription factor A-like, transcript variant X4","liver"
"LOC115109368",21560.2011986255,0.347984616989958,0.114445190332765,3.04147995509157,0.00235418239655232,0.0775050244941065,"metallothionein A","liver"
"LOC115126009",252.464003404165,0.34728024322236,0.101028091162963,3.43818474427688,0.000585628005461248,0.0466002202576675,"ATP synthase F(0) complex subunit B1, mitochondrial-like","liver"
"LOC115134514",107.365890738346,0.347081242933103,0.098532316757249,3.52157352576958,0.000428993683539674,0.0455752763343709,"40S ribosomal protein S13","liver"
"LOC115112920",65.1284244089856,0.346334384386629,0.0858615212655983,4.03098446011704,5.55437163808693e-05,0.0230517281281126,"renin receptor-like","liver"
"LOC115112959",335.047571698218,0.345332476906051,0.117160245120183,2.94927117505956,0.00318524352828092,0.089538293939814,"cell cycle control protein 50C-like","liver"
"LOC115131775",1336.90479125622,0.344334811953272,0.105865852821975,3.25297529270268,0.00114203426710588,0.0583029327148034,"40S ribosomal protein S27","liver"
"LOC115145216",204.780302746805,0.343632526896206,0.0942984759445833,3.64404747710785,0.000268383879765791,0.0397966689816656,"V-type proton ATPase 16 kDa proteolipid subunit","liver"
"gps1",67.9021499002825,0.340596354831987,0.0896493700852887,3.79795913576361,0.000145892367850791,0.0297328645679912,"G protein pathway suppressor 1, transcript variant X3","liver"
"sugt1",106.345275197893,0.340126579764559,0.118806359881827,2.86404237517588,0.00418272051821678,0.0963575161217609,"SGT1 homolog, MIS12 kinetochore complex assembly cochaperone, transcript variant X2","liver"
"LOC115110978",1606.54115977384,0.339303025440809,0.109308888378597,3.10459665523914,0.00190538661519796,0.069756855154556,"cytochrome c oxidase subunit 7C, mitochondrial-like","liver"
"LOC115123317",75.3482378700742,0.3392963470581,0.102881113827779,3.29536619382245,0.000982935010706774,0.0553773240994464,"cytochrome c, transcript variant X1","liver"
"LOC115106415",338.497566742022,0.338514857680131,0.118574381866767,2.85720877374032,0.00427384626591816,0.0963575161217609,"zinc transporter ZIP11-like, transcript variant X2","liver"
"LOC115114956",643.122525833237,0.338092623320035,0.121481198631756,2.78525283742377,0.00534859990920399,0.105829578785997,"40S ribosomal protein S17-like","liver"
"ndufa1",731.06682744857,0.337682773353376,0.11227535341667,3.00846728581787,0.00262569069168543,0.0829636841806963,"NADH:ubiquinone oxidoreductase subunit A1","liver"
"LOC115140758",171.694610596652,0.337599084769908,0.104564109129159,3.22942711168337,0.00124038495043948,0.0594443493952692,"tumor necrosis factor receptor superfamily member 1A-like, transcript variant X3","liver"
"LOC115132418",125.043507466417,0.337298941748675,0.100277018686638,3.3638499176352,0.000768633294855525,0.0497293541243035,"serine/threonine-protein kinase PINK1, mitochondrial-like","liver"
"ddx49",62.2699235784404,0.336689746855487,0.12265589369523,2.74607475511138,0.00603130189598517,0.113288417179887,"DEAD-box helicase 49","liver"
"LOC115125925",76.5594708916325,0.336440143773136,0.100839371346576,3.33718971242252,0.000846301598267938,0.0514854524558226,"peptidyl-prolyl cis-trans isomerase A-like","liver"
"LOC115145882",67.8220315411759,0.335022516282838,0.106866539590038,3.13544912462538,0.00171591188139058,0.0681612429800408,"MICOS complex subunit Mic10-like","liver"
"LOC115121200",611.625340051307,0.334785376293244,0.119217607593899,2.80988694126434,0.00495589058901465,0.10202665760367,"transcription factor BTF3, transcript variant X2","liver"
"LOC115110056",72.4125409997342,0.333830381942355,0.124272383249182,2.69012484835418,0.00714252920115057,0.120800618356389,"ferritin, middle subunit-like","liver"
"LOC115120964",679.334056449519,0.332031203118429,0.0998938751998704,3.32406046549567,0.000887169583802161,0.0531779885820237,"cytochrome c oxidase subunit 4 isoform 1, mitochondrial-like","liver"
"LOC115103957",358.411584845549,0.331660747702284,0.117859681889204,2.84599836342208,0.00442724224137439,0.0970184912679679,"cathepsin S-like","liver"
"LOC115101234",262.800734807576,0.331620493735169,0.100435574695369,3.30154986551605,0.000961522417839841,0.0551995123255661,"BCL2/adenovirus E1B 19 kDa protein-interacting protein 3-like","liver"
"hadh",65.2671928821802,0.33150686847048,0.118823345352994,2.79448227546715,0.00519828903054045,0.104916091990504,"hydroxyacyl-CoA dehydrogenase","liver"
"LOC115140186",155.996380722397,0.330458249918089,0.0945508957721022,3.49286279282956,0.000477871978136607,0.0463763376877336,"dynein light chain 1, cytoplasmic-like","liver"
"LOC115113712",765.507935780703,0.330118517529179,0.0967530698428275,3.41209986078336,0.000644644927739824,0.0466002202576675,"ferritin, heavy subunit-like","liver"
"LOC115132128",363.373681509995,0.329889193809611,0.124070542777323,2.6669875701439,0.00765345024079003,0.121857278052579,"neurotensin receptor type 1-like","liver"
"LOC115138170",325.028728089755,0.327535788351575,0.107876215649273,3.03675131665007,0.0023914266245891,0.0775679555562892,"ependymin-like","liver"
"nenf",104.080672406611,0.327518084453404,0.101052503271114,3.24006990171907,0.0011950040051509,0.0594004429877446,"neudesin neurotrophic factor","liver"
"LOC115102205",485.663604983162,0.327043280144992,0.107567638820292,3.04102185020002,0.00235776719901619,0.0775050244941065,"60S ribosomal protein L22","liver"
"LOC115103192",66.905700812383,0.32596744103565,0.115725743484412,2.81710769414437,0.00484582740548002,0.101812332498642,"transmembrane protein 56-B-like, transcript variant X2","liver"
"npc2",398.110129019525,0.32546202159148,0.101148929349288,3.21765503989577,0.00129243155440575,0.0594443493952692,"NPC intracellular cholesterol transporter 2","liver"
"LOC115101429",1129.86188689661,0.324975141706011,0.12159504360866,2.67482822415172,0.007476754832952,0.12140826255928,"ADP/ATP translocase 2-like","liver"
"LOC115142321",89.2864026483265,0.324924394239082,0.108337814083918,2.99713506869746,0.00272529935169364,0.0833243093754326,"MAP kinase-activated protein kinase 2-like","liver"
"LOC115102637",150.166976849513,0.324710814352467,0.121588548827818,2.67217209594565,0.00753619877282436,0.12140826255928,"keratin, type II cytoskeletal 8-like","liver"
"LOC115114211",842.194092606941,0.324092108069066,0.112076616170293,2.8922426328292,0.0038250242432878,0.0960013657626569,"40S ribosomal protein S28","liver"
"LOC115110806",662.366194763291,0.323861252705617,0.100695932015441,3.21657699805878,0.00129729716843298,0.0594443493952692,"cytochrome c oxidase subunit NDUFA4-like","liver"
"LOC115145073",96.011369336583,0.323748209740474,0.118086658325489,2.74368736328694,0.00607533672753085,0.113592075694568,"peroxiredoxin-6-like","liver"
"ndufb3",301.818280216943,0.323501903194065,0.109618459414077,2.9522985873039,0.00315417767123568,0.0893500245512373,"NADH:ubiquinone oxidoreductase subunit B3","liver"
"LOC115102139",713.10469079888,0.323126836518505,0.112298492693766,2.87797144298503,0.00400241368914396,0.0963575161217609,"nascent polypeptide-associated complex subunit alpha-like, transcript variant X1","liver"
"LOC115101480",137.094698707325,0.323102702416758,0.104260606832568,3.1002019609868,0.00193388729942709,0.069756855154556,"NADH dehydrogenase [ubiquinone] 1 alpha subcomplex subunit 2-like","liver"
"LOC115118407",145.306938415996,0.322649558777221,0.123962166382456,2.60815639431286,0.00910313527993205,0.132990607172054,"c-Myc-binding protein-like","liver"
"commd9",79.4010147603519,0.320951370621754,0.122846569764935,2.61779718477371,0.00884993881039634,0.132438555290576,"COMM domain containing 9, transcript variant X1","liver"
"spata1",68.9687060755248,0.320481872840383,0.122493118296384,2.61700924361073,0.00887039391421176,0.132438555290576,"spermatogenesis associated 1, transcript variant X1","liver"
"LOC115122703",93.9453310222085,0.320151015234653,0.0964687083361419,3.31616745425341,0.000912611277341178,0.0539101966151107,"pyridoxal phosphate homeostasis protein-like, transcript variant X1","liver"
"LOC115129029",66.222080311856,0.319363800067615,0.112908744559451,2.82887407283459,0.00467120751346564,0.101066948222283,"thioredoxin-like protein 4A","liver"
"LOC115119183",101.811365475874,0.319194162770971,0.114219043243172,2.79281152995184,0.00522521262857517,0.104916091990504,"hydroxyacylglutathione hydrolase, mitochondrial-like","liver"
"LOC115138930",247.348124609799,0.318316783434313,0.0920639893860126,3.45795336979094,0.000544295583480975,0.0466002202576675,"ATPase inhibitor B, mitochondrial-like, transcript variant X2","liver"
"LOC115143167",66.2406955859994,0.318002790809885,0.0904320417942473,3.51479701534868,0.00044009023276281,0.0455752763343709,"GTP-binding protein Rheb-like","liver"
"LOC115142868",132.139874556434,0.315857940622805,0.0926119166153449,3.40981291828069,0.000650074553832238,0.0466002202576675,"cytochrome c1, heme protein, mitochondrial-like","liver"
"LOC115144376",328.080197415305,0.31431253446581,0.113617987611712,2.76729745746258,0.00565231558018487,0.110199492031683,"cytochrome c oxidase assembly protein COX14 homolog","liver"
"LOC115143985",149.714335201736,0.313029937950998,0.0874970203259466,3.57669022888567,0.000347972117627897,0.0436490093123143,"ADP-ribosylation factor 1","liver"
"LOC115101900",100.121047264529,0.312768178157804,0.0928876644008273,3.36607564467238,0.000762457964262816,0.0497293541243035,"gamma-secretase subunit PEN-2","liver"
"LOC115142589",99.382477783106,0.311976836145971,0.0878639110369537,3.5492836549385,0.000386280733622227,0.0449851505784057,"phosphoribosyl pyrophosphate synthase-associated protein 1-like, transcript variant X2","liver"
"LOC115135016",283.984900242854,0.311570793823115,0.0954479727429773,3.26327452639202,0.001101327800941,0.058298858657604,"cytochrome c1, heme protein, mitochondrial-like","liver"
"asah2",64.8486179578886,0.311335907347084,0.119103021256998,2.61260800426569,0.00898542963990866,0.13271750448203,"N-acylsphingosine amidohydrolase 2","liver"
"gys2",1303.72205052129,0.311003401340668,0.122962045714758,2.53949428846257,0.0111012857914288,0.147390361191738,"glycogen synthase 2, transcript variant X1","liver"
"LOC115139625",82.9731148521565,0.310962829139664,0.094418335816636,3.2928447825117,0.000991792114636798,0.0553773240994464,"5'-3' exoribonuclease 2-like","liver"
"LOC115133055",121.575352511435,0.310235345990463,0.123679259442392,2.51201050306156,0.0120045515788703,0.153195161526808,"protein mono-ADP-ribosyltransferase PARP12-like","liver"
"LOC115107123",1552.03193193263,0.310027726590676,0.123553832622645,2.51196038071999,0.0120062567066739,0.153195161526808,"sodium-coupled neutral amino acid transporter 4-like, transcript variant X2","liver"
"LOC115102966",941.166681436714,0.309418822612058,0.108704424519672,2.84662377714128,0.00441855479715427,0.0970184912679679,"CCAAT/enhancer-binding protein delta-like","liver"
"LOC115145370",124.640454772879,0.309212898385899,0.123873413534234,2.49959184132742,0.0124336466096147,0.15362064340629,"cytochrome P450 2J2-like","liver"
"LOC115108282",448.938976710955,0.309012005589656,0.100888382554381,3.06319851573806,0.0021898473689914,0.0769467058276633,"ATP synthase subunit delta, mitochondrial-like, transcript variant X1","liver"
"LOC115129427",1188.89348656547,0.308316130702044,0.106589271163312,2.89278050718071,0.00381848041649829,0.0960013657626569,"ADP/ATP translocase 2-like","liver"
"LOC115111478",57.7200190832153,0.308101299674225,0.117684190818216,2.62280543146649,0.00872090603092049,0.13214279918971,"small nuclear ribonucleoprotein Sm D3, transcript variant X1","liver"
"LOC115132995",1251.02889875504,0.307475757749868,0.117485022848113,2.6182754275135,0.00883754409653239,0.132438555290576,"ribose-phosphate pyrophosphokinase 2-like, transcript variant X1","liver"
"LOC115103239",275.552708701141,0.307003291088722,0.103263155103848,2.97330316191237,0.00294613303653233,0.0870176685283026,"ubiquitin-60S ribosomal protein L40-like","liver"
"LOC115128076",97.9705654551206,0.306848533481987,0.12355058373317,2.49049631936058,0.0127564817065801,0.155344040114578,"protein CREG1-like, transcript variant X2","liver"
"LOC115107282",70.4621530555186,0.306734701986391,0.123145078318802,2.49680037567144,0.0125319482301214,0.154320909323187,"small integral membrane protein 8-like","liver"
"LOC115146361",491.230865527366,0.306732221356819,0.0981300961981329,3.12600583279723,0.00177198037178329,0.0681612429800408,"cytochrome c oxidase subunit 7A2, mitochondrial-like","liver"
"LOC115103161",349.845892906869,0.306709832522928,0.112524045977438,2.72670091334123,0.00639709942907237,0.117067626263223,"T-complex protein 1 subunit gamma-like, transcript variant X1","liver"
"LOC115137610",60.5012822499812,0.306237955099447,0.105914446753397,2.88940247355445,0.00385974712952339,0.0960013657626569,"dehydrogenase/reductase SDR family member 11-like","liver"
"LOC115135586",64.8317819903526,0.306206252317641,0.112295604640514,2.72837881319904,0.006364647147352,0.117067626263223,"proteasome subunit beta type-6-like, transcript variant X3","liver"
"sptssa",190.624500402747,0.305660670811843,0.0889867029485821,3.43513811367147,0.000592251899888623,0.0466002202576675,"serine palmitoyltransferase small subunit A","liver"
"LOC115102499",61.053872350021,0.305306354628057,0.101716912906863,2.9995514698781,0.00270377437413185,0.0833243093754326,"transcription initiation factor TFIID subunit 8-like","liver"
"LOC115132550",120.331132873945,0.304859169096272,0.107897021888592,2.82614672718435,0.00471116785138218,0.101066948222283,"ATP synthase F(0) complex subunit B1, mitochondrial-like","liver"
"psen2",95.8529032742696,0.304812891731756,0.0909933409133492,3.35041565773268,0.000806903782183541,0.0498324214572744,"presenilin 2, transcript variant X1","liver"
"LOC115135730",1117.09692256009,0.304139679137439,0.115218083745551,2.6404519022224,0.00827955440631672,0.12871512262463,"60S ribosomal protein L36a","liver"
"LOC115122029",79.7929891512178,0.303494208857611,0.122945248380219,2.470625046086,0.013487715468088,0.157883405011815,"keratinocyte-associated protein 2-like","liver"
"LOC115102020",114.230862607734,0.303222454736161,0.10753274303717,2.81868601717181,0.00482206615291427,0.101812332498642,"40S ribosomal protein S23","liver"
"LOC115132503",278.287297908528,0.302782839232197,0.104952708851099,2.8849172022824,0.00391516616240059,0.0960013657626569,"myosin light polypeptide 6-like","liver"
"LOC115107535",2862.4172705146,0.302588043308665,0.124213933399426,2.43985172068655,0.0146932915506403,0.162303133768049,"complement C1q-like protein 4, transcript variant X2","liver"
"ski",103.760332519371,0.302211931800342,0.12419269194335,2.44088135349011,0.0146514674825755,0.162280927877657,"SKI proto-oncogene","liver"
"LOC115115084",129.996283159779,0.302204757743291,0.0945148299391284,3.19802141911148,0.00138374002167931,0.0609501806436442,"uncharacterized LOC115115084","liver"
"thoc7",141.127740410038,0.301517289369653,0.102132942758309,2.95205910680658,0.00315662500867963,0.0893500245512373,"THO complex 7, transcript variant X2","liver"
"LOC115101740",155.084673277335,0.30078973227225,0.101661768390026,2.95939471841652,0.0030824400607393,0.0891065651600948,"succinate dehydrogenase cytochrome b560 subunit, mitochondrial-like, transcript variant X1","liver"
"LOC115116667",88.4393854548743,0.300196447802928,0.103906904988632,2.88913275775825,0.00386305943276288,0.0960013657626569,"proteasome subunit alpha type-1-like","liver"
"LOC115136651",156.614730291269,0.300097619031321,0.124216489898203,2.41818510934654,0.0155981395439799,0.164057073949211,"tsukushin-like, transcript variant X3","liver"
"rpl39",1685.63512493942,0.299665946091161,0.101915458699599,2.94050489769168,0.00327677821244317,0.0905449372632689,"ribosomal protein L39","liver"
"LOC115131603",1075.79265338979,0.29953196459329,0.113453017122116,2.64074837263142,0.00827231331782805,0.12871512262463,"40S ribosomal protein S18","liver"
"LOC115139699",778.561921895274,0.299485018959565,0.11061854560465,2.70757131995114,0.00677775061565582,0.119078066850919,"cysteine dioxygenase type 1-like","liver"
"LOC115117228",12862.3128120475,0.299475422031115,0.115415370803864,2.59538351775533,0.00944854233628801,0.136568292775567,"gamma-aminobutyric acid type B receptor subunit 2-like, transcript variant X1","liver"
"LOC115112294",267.897940351861,0.299182008482708,0.110403962178726,2.7104168554646,0.00671986940253453,0.119078066850919,"probable ribosome biogenesis protein RLP24","liver"
"LOC115107125",108.583073596139,0.299019041031286,0.107286973607475,2.86230797589876,0.00420568020434693,0.0963575161217609,"anoctamin-4-like, transcript variant X2","liver"
"LOC115104936",92.4194988837223,0.298924756973709,0.102642443396446,2.91006294543636,0.00361355971480085,0.094113651909579,"mitochondrial fission regulator 1-like","liver"
"LOC115110327",146.12802801956,0.298738109877176,0.102372868646342,2.91807279514819,0.00352202116658617,0.0935229245209585,"ubiquitin domain-containing protein UBFD1-like, transcript variant X3","liver"
"LOC115122032",146.835619309866,0.297892506591561,0.124269937266216,2.40236721011741,0.0162893474413357,0.166822563243428,"protein S100-A1-like","liver"
"LOC115113623",192.360911133868,0.297580896844282,0.108620225371239,2.7403436096439,0.00613749827000238,0.113744391401639,"cytochrome c oxidase subunit 5A, mitochondrial-like","liver"
"LOC115110871",101.299772827179,0.297471926152377,0.120196805908464,2.47761073772256,0.0132265357688657,0.156834820487416,"uncharacterized LOC115110871","liver"
"LOC115108996",134.622218687677,0.297048553866563,0.122856804439568,2.42074495263548,0.0154887401035742,0.164057073949211,"cytochrome c oxidase subunit 8B, mitochondrial-like","liver"
"LOC115106648",122.338210324329,0.296270061693487,0.0924287794316355,3.20607923816455,0.00134556930141526,0.06062252611577,"ras-related protein Rab-5C, transcript variant X4","liver"
"LOC115110534",167.652561641131,0.296181946749616,0.0939688622227371,3.15236058257225,0.00161956140841037,0.0660133230068067,"transmembrane protein 106B-like, transcript variant X4","liver"
"rpl37a",1567.77862792598,0.2961048162243,0.112251648356117,2.63841523046236,0.00832945221897831,0.12871512262463,"ribosomal protein L37a","liver"
"LOC115103834",502.018989742158,0.295924639526298,0.122195098953078,2.42355870510537,0.015369268970041,0.164057073949211,"integral membrane protein GPR155-like, transcript variant X2","liver"
"LOC115107579",84.4850618697084,0.295328486099849,0.123176344424915,2.398068122689,0.0164817996668793,0.1679495386055,"zinc transporter 1-like","liver"
"LOC115130426",111.030801602674,0.29530393575849,0.117545390202109,2.51252523804733,0.0119870530649802,0.153195161526808,"cytochrome b5-like","liver"
"LOC115135463",133.373861103397,0.294135694171024,0.123533776944658,2.38263919603057,0.0171890321725007,0.171721801801747,"dnaJ homolog subfamily C member 16-like","liver"
"LOC115112233",216.219266478795,0.293778048018211,0.106729421610363,2.75322579447381,0.00590111809577063,0.112516378984712,"26S proteasome non-ATPase regulatory subunit 7","liver"
"LOC115144429",75.7192612011235,0.293468524573222,0.091080683916946,3.2197439086964,0.00128305159766758,0.0594443493952692,"vacuolar protein sorting-associated protein 26A-like","liver"
"LOC115115463",76.0460918008365,0.29209960702491,0.108773353826527,2.68535822984898,0.00724521046584071,0.120988282645798,"OCIA domain-containing protein 1-like","liver"
"LOC115145863",79.9568680641811,0.291555702709243,0.103736660326707,2.8103645918846,0.00494854070269636,0.10202665760367,"acid ceramidase-like","liver"
"LOC115137284",59.2153474599521,0.291006624071744,0.101124687306458,2.87548906105081,0.00403402123482774,0.0963575161217609,"LON peptidase N-terminal domain and RING finger protein 1-like, transcript variant X1","liver"
"LOC115127027",76.2552127985313,0.290064796468862,0.118004499241579,2.45852608824478,0.0139508640120039,0.160631982239909,"ferritin, heavy subunit-like","liver"
"LOC115102234",65.4824515960026,0.289473155724166,0.11947751519918,2.425289007316,0.0152962042883768,0.164057073949211,"NADH dehydrogenase [ubiquinone] 1 beta subcomplex subunit 11, mitochondrial-like","liver"
"LOC115101638",308.295938254413,0.289270060764901,0.110807661963601,2.61140738973767,0.00901704065705979,0.13271750448203,"ATP synthase subunit epsilon, mitochondrial-like","liver"
"LOC115128695",120.786028850858,0.289264753866225,0.0923879705991797,3.13144979561122,0.0017394552370815,0.0681612429800408,"cytochrome b-c1 complex subunit 7-like","liver"
"LOC115110529",1423.85699368188,0.288982100559605,0.116079309032136,2.49019002499841,0.0127674812164827,0.155344040114578,"60S ribosomal protein L23","liver"
"LOC115133149",192.120380426121,0.288393647786592,0.0991334561492881,2.90906763641677,0.00362508423694895,0.094113651909579,"NADH dehydrogenase [ubiquinone] 1 alpha subcomplex subunit 5-like","liver"
"LOC115129047",1248.20611560568,0.287625322439151,0.105681147946757,2.72188910404356,0.00649099203520322,0.117067626263223,"60S ribosomal protein L14-like","liver"
"srek1ip1",88.1192107128222,0.287443732466421,0.1137713864681,2.52810871528451,0.0114678835494009,0.150784172088251,"SREK1 interacting protein 1","liver"
"LOC115104729",486.108115545581,0.287125061387436,0.0764976838957765,3.75315286797401,0.000174624290901607,0.0338937433197595,"cytochrome b-c1 complex subunit 9-like","liver"
"LOC115146256",83.8975168568156,0.287087559052328,0.121309917264532,2.36644742358851,0.0179597249869216,0.173623010794368,"GTP cyclohydrolase 1 feedback regulatory protein","liver"
"LOC115137167",1511.22303835299,0.287000167226566,0.114573099093973,2.50555956389676,0.0122257804232832,0.153330095400931,"60S ribosomal protein L35a, transcript variant X1","liver"
"LOC115111499",331.406302592937,0.286342509192341,0.100458483431107,2.85033739294376,0.00436728749293919,0.0970184912679679,"C-type lectin domain family 4 member E-like","liver"
"rps27a",1275.61579085629,0.285746912747811,0.113359671062732,2.52118524659135,0.0116960260349511,0.151824081054472,"ribosomal protein S27a","liver"
"LOC115131938",336.276789032743,0.28465646835733,0.117347669329405,2.42689725595412,0.0152285678886448,0.164057073949211,"ATP synthase subunit epsilon, mitochondrial-like","liver"
"derl1",741.667723792834,0.28457079659552,0.104852731255525,2.71436801480801,0.00664023543410133,0.118190391394747,"derlin 1","liver"
"LOC115122735",72.5743582095092,0.284480527974036,0.118395423355419,2.4048890612534,0.0161773759502965,0.166512586801537,"surfeit locus protein 4-like","liver"
"LOC115106562",687.498094276931,0.284105374417082,0.0831196029634781,3.41810312077559,0.000630592102003621,0.0466002202576675,"histone H3.3, transcript variant X3","liver"
"c8g",2183.90522234269,0.284014315926824,0.0994035877396131,2.85724670410998,0.00427333553603185,0.0963575161217609,"complement C8 gamma chain, transcript variant X2","liver"
"LOC115113672",258.928134659453,0.284011237239684,0.101145724967283,2.80831318510067,0.0049801767887743,0.10202665760367,"probable ribosome biogenesis protein RLP24","liver"
"LOC115125102",117.704189547147,0.283291366285565,0.118625503819535,2.38933785924981,0.0168787723571439,0.169452896866302,"translation machinery-associated protein 7","liver"
"LOC115103257",1340.01541601553,0.282841614145192,0.117476466264261,2.40836943098885,0.016023956954257,0.16619248993779,"40S ribosomal protein S28","liver"
"LOC115142640",109.095304773969,0.282590224053724,0.0759587184685798,3.72009197839113,0.000199150237343466,0.0360596874502572,"protein dpy-30 homolog, transcript variant X1","liver"
"LOC115132527",170.353149271136,0.282470734619571,0.124113918675686,2.27892108375822,0.0226717568606838,0.191325219387468,"keratin, type II cytoskeletal 8-like","liver"
"bpnt1",71.4893952333444,0.28246751944769,0.10515343427791,2.6865630803811,0.00721913154124653,0.120988282645798,"3'(2'), 5'-bisphosphate nucleotidase 1","liver"
"msmb",8606.03818048327,0.282407434108915,0.123102250996463,2.29593941899611,0.0216793454714868,0.187611490746879,"microseminoprotein beta","liver"
"LOC115143646",228.346945069676,0.282028902781908,0.0989264971515166,2.85068726235907,0.00436248536853406,0.0970184912679679,"cytochrome c oxidase subunit 6C-1","liver"
"tpp1",98.0892749246012,0.281956882969644,0.113150531649565,2.49171762865089,0.0127127059244979,0.155344040114578,"tripeptidyl peptidase 1, transcript variant X1","liver"
"LOC115110500",146.048266089194,0.281915679303176,0.105132421165362,2.68195412003374,0.00731934972157717,0.120988282645798,"NADH dehydrogenase [ubiquinone] 1 alpha subcomplex subunit 6-like","liver"
"LOC115113675",1433.04796335557,0.28150632247002,0.100060875907754,2.81351660689266,0.00490028549508229,0.10202665760367,"cytochrome c oxidase subunit 4 isoform 1, mitochondrial","liver"
"LOC115123117",128.074863955727,0.281214331468239,0.120615849741834,2.33161477231927,0.0197209659924081,0.179507590461062,"nucleus accumbens-associated protein 2-like, transcript variant X1","liver"
"LOC115128406",2220.88803076246,0.281077929034939,0.108633101598639,2.58772060309909,0.00966133095779201,0.137211097505088,"40S ribosomal protein S18","liver"
"LOC115129598",831.169747066377,0.281046591764161,0.114851729570847,2.4475804705352,0.014381900585662,0.16126343215619,"60S ribosomal protein L36a-like","liver"
"LOC115140802",156.066029931021,0.280559022599093,0.115205074437509,2.43732987533879,0.0147961746731969,0.16299785937284,"gamma-aminobutyric acid receptor-associated protein-like 1","liver"
"LOC115113988",94.0418729235451,0.279732981375927,0.122667277381926,2.28844830029193,0.0221114275964861,0.188884564125092,"microsomal glutathione S-transferase 3-like, transcript variant X1","liver"
"mcts1",129.538979332416,0.279638398666822,0.112907973369873,2.47734726316996,0.0132363047712638,0.156834820487416,"MCTS1 re-initiation and release factor","liver"
"LOC115119076",88.5615472324174,0.278810622609106,0.117381445850489,2.37502343084801,0.0175478362308816,0.171935049223734,"mid1-interacting protein 1-B-like","liver"
"LOC115115072",265.404688751201,0.278549176198206,0.105233054876203,2.64739807715108,0.00811138069657933,0.127652462236515,"signal peptidase complex subunit 3","liver"
"LOC115101041",58.5478153259554,0.278343223711877,0.109592862200121,2.54181735230187,0.0110277783908776,0.147374507282679,"uncharacterized LOC115101041","liver"
"washc4",66.2036932223502,0.277636915237226,0.100958812124045,2.74626371048051,0.00602782897238764,0.113288417179887,"WASH complex subunit 4, transcript variant X2","liver"
"LOC115123309",139.920766314597,0.276806939362796,0.119361438141169,2.31976597965729,0.0203535403856204,0.181137621423119,"transcription factor jun-B-like, transcript variant X2","liver"
"LOC115108166",133.825655850166,0.27667149373268,0.0941435466651366,2.93947419661976,0.00328769644626197,0.0905449372632689,"membralin-like, transcript variant X3","liver"
"LOC115112919",109.79237279985,0.276502800134054,0.102541623826648,2.69745723374161,0.00698712588977641,0.119738667963907,"thyrotroph embryonic factor-like, transcript variant X2","liver"
"pxmp2",159.858707590533,0.275782172858639,0.107904136859044,2.555122879712,0.0106150317125679,0.144392931907347,"peroxisomal membrane protein 2","liver"
"LOC115106253",116.392299178008,0.275457127926952,0.108036219847594,2.55012191141611,0.0107685255900242,0.144859769983296,"NADH dehydrogenase [ubiquinone] 1 alpha subcomplex subunit 5-like","liver"
"LOC115128493",159.376965607875,0.275074010821109,0.121890925950299,2.2578008266019,0.0239580796735935,0.196485176558485,"thioredoxin-interacting protein-like","liver"
"LOC115147075",1740.86812751107,0.274753829239252,0.115685699680997,2.37556847875556,0.0175219407890302,0.171935049223734,"40S ribosomal protein S14","liver"
"LOC115135501",127.073379824732,0.274569534111887,0.0982703235190178,2.79397025047033,0.00520652681937953,0.104916091990504,"ras-related protein Rab-1B-like","liver"
"ndufb1",428.45153591816,0.274428564635569,0.100154503363804,2.74024741950039,0.00613929492354283,0.113744391401639,"NADH:ubiquinone oxidoreductase subunit B1","liver"
"LOC115130168",79.3505986534603,0.274289483370159,0.121760484629171,2.25307539854094,0.0242543953442013,0.197327176492943,"gamma-glutamyl hydrolase-like, transcript variant X1","liver"
"LOC115138378",703.432819033702,0.274201985127182,0.102241227447438,2.68221381165911,0.00731366991978904,0.120988282645798,"cytochrome c oxidase subunit 7A2, mitochondrial-like","liver"
"LOC115113739",77.4859074888473,0.274125943817159,0.109150240190691,2.51110097993248,0.0120355263530527,0.153195161526808,"importin-7-like","liver"
"LOC115120267",460.941061721967,0.274114323555661,0.0936849586206005,2.926200840703,0.00343129340581651,0.0933498989956954,"transitional endoplasmic reticulum ATPase-like","liver"
"ppib",695.686723511688,0.273848062047663,0.120823903872002,2.26779891238989,0.0233414657378467,0.193767442662858,"peptidylprolyl isomerase B","liver"
"LOC115128083",2608.60971601268,0.273707320388159,0.111944775943472,2.4453694892669,0.014470381020996,0.161321322634664,"60S ribosomal protein L30","liver"
"LOC115128602",882.266058299077,0.273507461490389,0.115510965853432,2.36811742035492,0.0178788606321226,0.173510085563171,"digestive cysteine proteinase 1-like, transcript variant X2","liver"
"LOC115112864",112.809569092862,0.273441930369103,0.0796482655921246,3.43229129410056,0.000598504339136972,0.0466002202576675,"casein kinase I, transcript variant X3","liver"
"LOC115116511",72.9666499585541,0.273033578634057,0.113071452165711,2.41671405630409,0.0156613147314094,0.164057073949211,"kelch-like protein 23","liver"
"lg3h2orf76",77.9954874111851,0.272907407132468,0.111327402109066,2.45276961947179,0.0141761097346473,0.16126343215619,"linkage group 3 C2orf76 homolog","liver"
"LOC115123736",4167.87281080873,0.272559833341122,0.110716979665593,2.46208371180077,0.0138132422217841,0.159951066181795,"40S ribosomal protein S8-like","liver"
"LOC115125554",1565.01379509135,0.272000371563824,0.116921087946325,2.32695686264549,0.0199675612839272,0.180302431495568,"60S ribosomal protein L30","liver"
"LOC115135885",1356.78160361933,0.271886773797821,0.112509657369105,2.41693754956886,0.0156517022110302,0.164057073949211,"60S acidic ribosomal protein P2-like","liver"
"LOC115135539",310.750561531028,0.271872378024902,0.124080611930504,2.1938240563461,0.0282480606939915,0.215038736162119,"thiosulfate:glutathione sulfurtransferase-like","liver"
"LOC115128922",102.274551539047,0.271624026413172,0.123963010723913,2.1957692990135,0.0281084601574126,0.214550718355082,"macrophage receptor MARCO-like","liver"
"LOC115131685",550.960139459047,0.271523878789296,0.121074101246159,2.24388887731901,0.0248395519714334,0.199696279754561,"elongation factor 1-alpha-like","liver"
"ngdn",149.31254006742,0.271496242452487,0.117545157987481,2.31160390886337,0.0207995210356294,0.182463925527092,"neuroguidin","liver"
"LOC115140061",148.876558429552,0.27136700685778,0.112152779783323,2.42138991292498,0.015461283307352,0.164057073949211,"transmembrane emp24 domain-containing protein 2-like, transcript variant X1","liver"
"LOC115112854",260.988621443685,0.271355315749591,0.086996410663214,3.11918944414735,0.00181349320731578,0.0681612429800408,"proteasome subunit beta type-1-B-like","liver"
"LOC115144962",206.847991768062,0.270821262702731,0.11009378783775,2.45942792086499,0.0139158638111004,0.160631982239909,"MAP kinase-interacting serine/threonine-protein kinase 2-like","liver"
"LOC115103830",2671.48806013347,0.270435452939267,0.0908629332872208,2.97632400018629,0.00291726475819312,0.0867939500320815,"beta-2-glycoprotein 1-like","liver"
"LOC115132002",1697.48765900131,0.270373062995948,0.114735085602905,2.35696336322727,0.0184250645733505,0.176292401880227,"60S ribosomal protein L22-like","liver"
"LOC115129589",1497.05758093396,0.270293320236074,0.117178238541723,2.30730504152184,0.021037820671434,0.183415687521539,"60S ribosomal protein L39","liver"
"LOC115117859",68.5964228466853,0.270099070662752,0.0898866581351018,3.00538302775341,0.00265246596422436,0.0831650097706037,"protein kish-A-like","liver"
"rps9",1000.16947615765,0.269719036529711,0.109237206464499,2.4694966444444,0.013530328753222,0.157883405011815,"ribosomal protein S9, transcript variant X2","liver"
"slc5a12",147.811129250787,0.269292755096478,0.12132268143452,2.23045787546881,0.0257170610278404,0.203935293286921,"solute carrier family 5 member 12","liver"
"bola2b",86.3672499865227,0.269136468060967,0.107690089056755,2.49948510843886,0.0124373926212158,0.15362064340629,"bolA family member 2B","liver"
"becn1",65.7938087984022,0.268697171621362,0.092015750173682,2.91963696551909,0.00350439361065278,0.0935229245209585,"beclin 1, transcript variant X2","liver"
"LOC115128209",440.815439397287,0.268408975154599,0.108330720276963,2.47804284601872,0.0132105280325602,0.156834820487416,"40S ribosomal protein S27","liver"
"aldh7a1",611.437071727558,0.268329962214837,0.114146642670627,2.35107632394086,0.0187191937289967,0.17744054334742,"aldehyde dehydrogenase 7 family member A1","liver"
"LOC115106689",379.878911351024,0.268203327571197,0.106264827052489,2.52431300129967,0.0115924661604249,0.151445166890679,"26S proteasome regulatory subunit 8","liver"
"LOC115116310",78.0417944528638,0.267911548884611,0.123200963443937,2.17357702324605,0.029736915534181,0.218899134271184,"60S ribosomal protein L32","liver"
"pfdn6",120.254742612979,0.267193597760493,0.0998785391045165,2.67532137547858,0.00746576454251555,0.12140826255928,"prefoldin subunit 6","liver"
"LOC115111930",244.820098305034,0.267078691712846,0.0970232541785532,2.752878257186,0.00590738594276947,0.112516378984712,"histone H2A.V","liver"
"LOC115102153",286.833553083318,0.266783245922375,0.111539659299938,2.39233363528736,0.0167416160486004,0.169125591053966,"poly(rC)-binding protein 2-like, transcript variant X3","liver"
"LOC115106793",1683.09308714272,0.266673381581789,0.109916656616842,2.42644657479772,0.0152474950976271,0.164057073949211,"60S ribosomal protein L35a","liver"
"LOC115140540",359.565298868985,0.266588882459715,0.104371392415269,2.5547127368651,0.0106275465093729,0.144392931907347,"glutathione S-transferase theta-1-like, transcript variant X1","liver"
"LOC115135239",110.486731010294,0.266531933688124,0.0969935292956772,2.74783026641842,0.00599910561732856,0.113288417179887,"cytochrome c oxidase subunit 7A-related protein, mitochondrial","liver"
"nemf",108.521606843478,0.266444806772339,0.0994157242963864,2.68109206842909,0.00733823232268269,0.120988282645798,"nuclear export mediator factor","liver"
"LOC115130323",210.384400225427,0.266432792630879,0.0956068910070444,2.7863599102691,0.00533036523147059,0.105829578785997,"MOB-like protein phocein, transcript variant X5","liver"
"ccs",63.3178451248825,0.26639461745795,0.108407344176233,2.4564569967664,0.0140314594539279,0.161104869673831,"copper chaperone for superoxide dismutase","liver"
"LOC115129673",102.047379955949,0.266007645257203,0.11953940428929,-1.01278387468871,0.311163404606376,0.601817480450145,"signal transducer and activator of transcription 1-alpha/beta-like, transcript variant X1","liver"
"LOC115110178",376.806571728151,0.265498429008496,0.0990859631995362,2.68003679494305,0.00736140679493568,0.120988282645798,"ATP synthase F(0) complex subunit C3, mitochondrial-like","liver"
"LOC115130693",58.2884838111164,0.265062477019526,0.108235821093732,2.44749856881685,0.0143851696498742,0.16126343215619,"uncharacterized LOC115130693","liver"
"LOC115135321",86.4114954822584,0.265009511008072,0.121672456393672,2.18697042526101,0.028744683064966,0.215770401791531,"cytochrome c oxidase subunit 5B, mitochondrial-like","liver"
"LOC115105948",4299.34882878153,0.265000960800356,0.100524376649714,2.63627138125522,0.00838226631465292,0.12871512262463,"cathepsin L1-like","liver"
"LOC115138700",274.376762179229,0.264990194037867,0.0868306390920958,3.05200406311638,0.00227319023801343,0.0775050244941065,"signal recognition particle 54 kDa protein-like, transcript variant X1","liver"
"LOC115105853",752.407153920372,0.264054753461354,0.123572188900575,2.13866770977631,0.0324625895243502,0.226571087159677,"lipocalin-like, transcript variant X1","liver"
"LOC115110573",625.768082777852,0.264045555265252,0.12202535667907,2.16527136280691,0.030366910090157,0.219820045083074,"choline transporter-like protein 2, transcript variant X3","liver"
"LOC115109117",362.229105607969,0.26316266051007,0.112919895598649,2.33027001681611,0.0197918844158931,0.179507590461062,"growth arrest and DNA damage-inducible protein GADD45 beta-like","liver"
"LOC115134231",331.31616901982,0.263004050448033,0.11371573207223,2.31343322958326,0.0206988318730892,0.182221249923783,"pro-cathepsin H-like, transcript variant X1","liver"
"LOC115104582",127.587772136366,0.262939723192129,0.0949138795207393,2.77103795442182,0.0055877913121695,0.109499218213475,"proteasome maturation protein-like","liver"
"LOC115136404",113.235293593115,0.262583724191812,0.10166027397744,2.5819819852079,0.00982347125807276,0.138172094484953,"cytochrome c oxidase subunit 8B, mitochondrial-like","liver"
"LOC115126802",1354.63330245244,0.262438191293735,0.107066430929681,2.45145481822143,0.0142280047443972,0.16126343215619,"40S ribosomal protein S27-like, transcript variant X3","liver"
"dusp11",60.3395069185367,0.262296226093588,0.10052655161685,2.61008847526219,0.00905188082581065,0.13271750448203,"dual specificity phosphatase 11","liver"
"LOC115112011",89.0809190368425,0.262091151224209,0.0915657743482169,2.86169372251007,0.0042138389615853,0.0963575161217609,"serine/threonine-protein phosphatase 2A catalytic subunit beta isoform-like","liver"
"ten1",89.7092195592681,0.261742291424593,0.121911422799374,2.14849905088846,0.0316741317088134,0.223887153800204,"TEN1 subunit of CST complex","liver"
"LOC115135638",58.7710811222779,0.261621380736971,0.116238203833921,2.24909989953199,0.0245061409508157,0.198335606979539,"peroxiredoxin-5, mitochondrial-like","liver"
"LOC115109312",200.968961036424,0.26161447381272,0.0835133973465063,3.13149882031265,0.00173916484775187,0.0681612429800408,"anamorsin, transcript variant X3","liver"
"LOC115105128",133.605352275077,0.261051343208302,0.114143561794975,2.28533014897776,0.0222934763951669,0.189703987028602,"cytochrome b5-like","liver"
"lyplal1",60.9067137445455,0.260803172603617,0.096727756286663,2.69724361032123,0.00699161015098376,0.119738667963907,"lysophospholipase like 1, transcript variant X1","liver"
"LOC115126942",885.306737408539,0.260740917823387,0.108028857305993,2.4140149545682,0.01577781476646,0.164057073949211,"alpha-aspartyl dipeptidase-like, transcript variant X1","liver"
"LOC115101340",71.9688027915369,0.260476687845552,0.101105510180299,2.5764828564726,0.00998111548662245,0.139804215544581,"ubiquinol-cytochrome-c reductase complex assembly factor 3","liver"
"selenop",1627.30121478001,0.260453776907234,0.12422652887694,2.09902931427313,0.0358143166987033,0.236098373869557,"selenoprotein P, transcript variant X1","liver"
"LOC115116375",137.43483245697,0.260308044727265,0.109209103317039,2.38493619896814,0.0170820835810859,0.171072660138835,"NADH dehydrogenase [ubiquinone] 1 alpha subcomplex subunit 13-like","liver"
"LOC115101316",3101.77392355214,0.260226421605641,0.110372587110612,2.3579581988012,0.018375762031455,0.176234367153436,"pyruvate carboxylase, mitochondrial-like","liver"
"LOC115109712",198.667896808025,0.259450791572582,0.0644290353742,4.02674303811489,5.65547795095991e-05,0.0230517281281126,"rab GDP dissociation inhibitor beta-like","liver"
"LOC115110483",230.400742276966,0.259447424155053,0.080661015867292,3.21642705763483,0.00129797524440112,0.0594443493952692,"NADH dehydrogenase [ubiquinone] 1 alpha subcomplex subunit 6-like","liver"
"LOC115129697",220.571617002974,0.259407191645407,0.0962540658140281,2.69508469531153,0.00703707413077867,0.120013029945832,"integral membrane protein 2B-like, transcript variant X2","liver"
"LOC115101055",60.7065044758226,0.259394851466558,0.112934354724033,2.32348780384774,0.0201529620905401,0.181137621423119,"tubulin alpha chain, testis-specific-like","liver"
"LOC115144019",734.941297950166,0.25930022852876,0.11324571833784,2.29005657786204,0.0220180370810259,0.188884564125092,"arginase-1-like","liver"
"LOC115109605",697.189768055998,0.258651643055444,0.0968386285768265,2.67086189208109,0.007565676813066,0.12140826255928,"cytochrome P450 2F2-like","liver"
"LOC115119000",370.058749408274,0.258505128784473,0.0710264433873305,3.6392978799599,0.000273382416949617,0.0397966689816656,"transmembrane emp24 domain-containing protein 10-like","liver"
"LOC115133189",137.933537149447,0.258147619028977,0.0848745884792802,3.04187171637588,0.00235112071148197,0.0775050244941065,"short transmembrane mitochondrial protein 1","liver"
"LOC115110394",1764.86329997426,0.257917975960484,0.114035924503971,2.26211699046691,0.023690176132615,0.19546793100514,"60S ribosomal protein L23","liver"
"LOC115101601",129.382998328326,0.25783163169967,0.103879952194739,2.48086326351289,0.0131064639561547,0.156834820487416,"probable ATP-dependent RNA helicase ddx6, transcript variant X1","liver"
"LOC115108251",127.658965985998,0.257767616515068,0.100671835075333,2.56129595799619,0.010428247755463,0.144086568987347,"NADH dehydrogenase [ubiquinone] 1 alpha subcomplex subunit 11-like","liver"
"LOC115141923",120.258379745092,0.257572572823053,0.122036460891401,2.11211104762729,0.0346769256427969,0.233239519670034,"tsukushin-like, transcript variant X4","liver"
"ndufs2",87.1826076439365,0.257339220405504,0.0963885908229783,2.66779972039662,0.00763497558659253,0.121857278052579,"NADH:ubiquinone oxidoreductase core subunit S2","liver"
"LOC115141465",237.140340345753,0.257036857209867,0.109943606201949,2.33854009010859,0.0193592485141395,0.178602417127693,"NADPH--cytochrome P450 reductase, transcript variant X2","liver"
"LOC115111545",75.6561493131742,0.25695330018445,0.123440209896197,2.090753663873,0.0365501517192866,0.236820785401117,"GTPase-activating protein and VPS9 domain-containing protein 1-like, transcript variant X3","liver"
"LOC115143940",400.663201636143,0.256851152777127,0.109790250331111,2.33991798156075,0.0192879751675766,0.178602417127693,"26S proteasome regulatory subunit 8-like","liver"
"LOC115111133",92.8031376893536,0.256622405600923,0.107918124458549,2.37869989708354,0.0173738140288819,0.171935049223734,"proteasome subunit alpha type-1-like","liver"
"LOC115111685",1026.24456162359,0.256251439790066,0.0996023947925621,2.57294520009656,0.0100837172546898,0.140757642226423,"transitional endoplasmic reticulum ATPase-like","liver"
"LOC115112424",1000.21596779796,0.256160928635441,0.109516594981814,2.33934230706361,0.0193177247916246,0.178602417127693,"60S acidic ribosomal protein P2-like","liver"
"LOC115143133",99.9748570895589,0.255961456543682,0.123147651780475,2.08177797852675,0.0373627541174039,0.238699977715578,"CD302 antigen-like","liver"
"hmces",70.5926980762126,0.255646409743717,0.109035183093768,2.34559387269509,0.0189967942268405,0.178002145445062,"5-hydroxymethylcytosine binding, ES cell specific, transcript variant X1","liver"
"LOC115108511",109.62139808212,0.255125016016519,0.0902419662274922,2.82683100072249,0.00470111308406522,0.101066948222283,"F-box/LRR-repeat protein 5","liver"
"LOC115101422",350.413226536381,0.254825231990906,0.112791772607248,2.25931355422304,0.0238638873753045,0.196107268027704,"cystatin-B-like","liver"
"LOC115111717",122.149748445696,0.254044676752709,0.0819028967005797,3.10151459045384,0.00192533383947404,0.069756855154556,"ubiquitin recognition factor in ER-associated degradation protein 1","liver"
"gsto1",661.838340570976,0.253782800950676,0.120525607572046,2.10635981242461,0.0351731093717971,0.234579746776844,"glutathione S-transferase omega 1","liver"
"LOC115141504",160.460505467492,0.253772108623052,0.0900499719789641,2.81734766203363,0.00484220793445831,0.101812332498642,"coatomer subunit delta-like","liver"
"LOC115101455",230.896022574008,0.253474812425796,0.0812866680346726,3.11824491167992,0.00181931553784078,0.0681612429800408,"ras-related protein Rab-1A-like","liver"
"LOC115106326",265.161668700201,0.253424561587166,0.0930800447890472,2.72254376267101,0.00647814527664663,0.117067626263223,"eukaryotic translation initiation factor 3 subunit E","liver"
"LOC115128732",359.507379603292,0.253364443460145,0.120471019131136,2.10479290913009,0.0353093386887365,0.234579746776844,"60S acidic ribosomal protein P1-like","liver"
"LOC115140993",194.388316819064,0.253308142393429,0.117222189124315,2.16185796186858,0.0306291261516756,0.220446979380943,"T-complex protein 1 subunit gamma-like","liver"
"f9",2950.3494955666,0.253121277696757,0.114153029587335,2.21774369876066,0.0265723128886994,0.208286052566036,"coagulation factor IX","liver"
"dpp7",153.091402870022,0.253105596934241,0.106767080234825,2.3713058891163,0.0177253545778731,0.172843409711509,"dipeptidyl peptidase 7","liver"
"LOC115108458",2502.33602330323,0.252367335074339,0.112018431327606,2.25322220438796,0.0242451420479881,0.197327176492943,"kininogen-1-like","liver"
"LOC115102776",166.245179856961,0.252148451497213,0.0897916820370888,2.8082480851558,0.00498118372500746,0.10202665760367,"NEDD8-like","liver"
"rpl21",2497.11887369325,0.252119331815589,0.123360840081092,2.04522410934696,0.0408327686337579,0.251032224662439,"ribosomal protein L21, transcript variant X1","liver"
"LOC115125694",258.7791966053,0.251542748088047,0.102628631445887,2.45162712082424,0.0142211944568699,0.16126343215619,"cytochrome b-c1 complex subunit 8-like, transcript variant X1","liver"
"LOC115112120",107.858784016251,0.251483357004414,0.0930252262543673,2.70233533836718,0.00688542796143353,0.119738667963907,"cytochrome b-c1 complex subunit Rieske, mitochondrial-like","liver"
"as3mt",116.059689267372,0.251376567121893,0.121681350484555,2.06732918513837,0.0387031459877955,0.245268670562614,"arsenite methyltransferase, transcript variant X2","liver"
"manbal",126.547769197364,0.251305338262413,0.0954560829303127,2.63219811092126,0.00848343789411806,0.129466550717594,"mannosidase beta like, transcript variant X1","liver"
"LOC115135886",199.405296909903,0.251103119744736,0.101753553875594,2.4687864173852,0.0135572109308477,0.157883405011815,"etoposide-induced protein 2.4 homolog, transcript variant X1","liver"
"LOC115119163",359.674069479448,0.251066186546651,0.115855950498731,2.18423403707328,0.0289450550209908,0.216477145441392,"copper transport protein ATOX1-like","liver"
"arpc3",103.33441563197,0.25086365016506,0.105660066193526,2.37541579795004,0.017529191334519,0.171935049223734,"actin related protein 2/3 complex subunit 3","liver"
"LOC115117545",71.2890576053139,0.250493456950367,0.1013035784525,2.47354586458473,0.0133779631274485,0.157883405011815,"zinc finger CCHC-type and RNA-binding motif-containing protein 1-like","liver"
"LOC115145367",85.358156623265,0.249927012178357,0.110043727648858,2.27109532126646,0.0231412081746218,0.192890724989281,"protein mago nashi homolog","liver"
"LOC115113723",756.362964793955,0.249840223209961,0.108971924453397,2.29294966699467,0.0218509029008203,0.188695508948609,"40S ribosomal protein S13-like","liver"
"LOC115104186",136.767314437991,0.249163267893834,0.108870449159095,2.28863180676245,0.0221007542378071,0.188884564125092,"ubiquitin domain-containing protein UBFD1-like, transcript variant X1","liver"
"LOC115114935",804.906624559947,0.249027054995206,0.122063710932613,2.04118081588511,0.0412328578290266,0.252624703929944,"40S ribosomal protein S12","liver"
"LOC115104324",300.08546681155,0.248656565648904,0.115620657704005,2.1515636014336,0.0314317414881094,0.223513442448635,"eukaryotic translation initiation factor 3 subunit D, transcript variant X1","liver"
"LOC115124641",294.079854288374,0.248375422506994,0.124249159580953,2.00101602147474,0.0453906633466113,0.262535331534949,"eukaryotic translation initiation factor 4E-binding protein 3-like","liver"
"LOC115103088",96.7025393264705,0.247796055620588,0.102549960000446,2.41452938265531,0.0157555521379374,0.164057073949211,"V-type proton ATPase 21 kDa proteolipid subunit","liver"
"LOC115128589",108.101344462052,0.247202637481416,0.0969109959308959,2.55037982300296,0.0107605615551964,0.144859769983296,"mediator of RNA polymerase II transcription subunit 10","liver"
"LOC115112206",58.1260815547113,0.246667282221089,0.118179111258336,2.08910704250626,0.0366980885552001,0.237054530825667,"cytochrome c oxidase copper chaperone-like","liver"
"mrps30",61.4409153947836,0.246666504111382,0.11721617735317,2.10591336256446,0.0352118787266826,0.234579746776844,"mitochondrial ribosomal protein S30","liver"
"psmg1",78.7690508271324,0.246616179521181,0.118333807754028,2.08632709553063,0.0369490038927604,0.238297689662803,"proteasome assembly chaperone 1, transcript variant X2","liver"
"LOC115131311",529.424924376496,0.246503626173338,0.0852458014125819,2.89136829029089,0.00383568331877027,0.0960013657626569,"26S proteasome complex subunit SEM1-like","liver"
"LOC115115514",124.541874450287,0.246335136058087,0.0977028258734577,2.52179354148045,0.0116758213576495,0.151824081054472,"long-chain specific acyl-CoA dehydrogenase, mitochondrial-like","liver"
"vti1b",146.906210630018,0.246264058793416,0.11804728493136,2.09706913849059,0.0359874554575008,0.236107404549631,"vesicle transport through interaction with t-SNAREs 1B, transcript variant X3","liver"
"LOC115132221",71.5026139685098,0.245614350872625,0.107473903925945,2.2840742531578,0.0223671674374324,0.189934530156197,"lysosomal amino acid transporter 1 homolog, transcript variant X1","liver"
"LOC115107973",1692.37611843051,0.24558846978359,0.113167886279859,2.17040887306463,0.0299758852128138,0.218899134271184,"ubiquitin-like protein FUBI","liver"
"atp5f1a",130.498824204286,0.24514248602868,0.0945367184610357,2.59237717949345,0.00953152081370266,0.136797460692437,"ATP synthase F1 subunit alpha, transcript variant X1","liver"
"LOC115130603",120.686463966486,0.24497861788561,0.116812937961635,2.09734037359737,0.0359634552911683,0.236107404549631,"tubulin beta-4B chain-like","liver"
"LOC115113710",1090.54027451744,0.244657251710507,0.11156206641552,2.19340919616016,0.0282779103490912,0.215038736162119,"60S acidic ribosomal protein P2-like, transcript variant X1","liver"
"LOC115140185",1843.60103921301,0.244340218690224,0.11492488727386,2.12644706937985,0.0334660520770949,0.229611277294517,"60S ribosomal protein L6-like","liver"
"LOC115136834",78.2945116827821,0.244215938095599,0.124257148490956,1.96843045761234,0.0490185303212178,0.274827413465315,"complement C4-B-like","liver"
"LOC115106324",337.874628784568,0.244107695804747,0.0931589248296669,2.6204982859994,0.00878013714778872,0.132438555290576,"nucleoside diphosphate kinase A-like","liver"
"LOC115129611",217.071619727795,0.244030949126914,0.0909170102498684,2.68386558478944,0.00727763591913856,0.120988282645798,"ATP synthase-coupling factor 6, mitochondrial-like","liver"
"LOC115132820",24793.7875872474,0.243936207662149,0.114593412778153,2.12901411608905,0.0332530925242486,0.229611277294517,"cathepsin K-like","liver"
"LOC115115330",597.413561816775,0.243928545276256,0.0941615981414415,2.59070938650397,0.00957783357218002,0.136979823298968,"eukaryotic translation initiation factor 3 subunit F-like","liver"
"LOC115109168",270.252491422839,0.243904822666401,0.0913126315966181,2.67088839432187,0.00756507952101074,0.12140826255928,"NADH-quinone oxidoreductase subunit B-like, transcript variant X1","liver"
"cdkl1",112.012669501929,0.243535125747192,0.119332499443275,2.04072935150503,0.0412777362162274,0.252624703929944,"cyclin dependent kinase like 1, transcript variant X1","liver"
"LOC115104581",142.732463533201,0.243316746959526,0.105577697540586,2.30567231164698,0.021128949370459,0.183628139944543,"NADH dehydrogenase [ubiquinone] 1 beta subcomplex subunit 4-like","liver"
"LOC115145480",388.317758752343,0.243061699764342,0.114314912490232,2.12654672715093,0.033457762854844,0.229611277294517,"dolichyl-diphosphooligosaccharide--protein glycosyltransferase subunit DAD1-like","liver"
"LOC115139684",74.2294812227071,0.24301470581211,0.11377335997138,2.13534886300167,0.0327325243978959,0.227675374480928,"rho-related GTP-binding protein RhoB","liver"
"LOC115122065",1827.40724230252,0.242434787653494,0.124004817056747,1.95665724567372,0.0503877797222762,0.279429374351017,"complement C1q-like protein 2","liver"
"LOC115133349",187.487319482589,0.242276965362183,0.0710676016806586,3.40914371901094,0.000651671382406048,0.0466002202576675,"ER membrane protein complex subunit 4, transcript variant X2","liver"
"LOC115130904",2324.90113174701,0.241957953509178,0.124047087365042,1.95224315989258,0.0509093422461175,0.280793611630819,"ribonuclease-like 3","liver"
"LOC115109873",58.1795327786791,0.241906810572693,0.108619964224426,2.22694336272663,0.025951059277791,0.205391296342284,"proteasome assembly chaperone 3-like, transcript variant X1","liver"
"LOC115104993",63.8985372487901,0.241900757598047,0.0936403488779664,2.58372024438884,0.00977410392945379,0.138172094484953,"eukaryotic translation initiation factor 5A-1-like","liver"
"LOC115127407",240.133756834181,0.241733487008973,0.119575236717561,2.02205757469628,0.0431704042375875,0.257491084209723,"immediate early response gene 2 protein-like","liver"
"LOC115134246",206.84155048531,0.241496574453551,0.0963865196214125,2.50565928145915,0.012222333399546,0.153330095400931,"electron transfer flavoprotein subunit alpha, mitochondrial-like","liver"
"atp5pf",106.54123117697,0.24139420462211,0.0999488675387368,2.41573828027101,0.0157033440517017,0.164057073949211,"ATP synthase peripheral stalk subunit F6, transcript variant X2","liver"
"LOC115117576",637.691112906752,0.241206912822058,0.111971321232343,2.15457872027282,0.0311948157295468,0.222679630321599,"60S ribosomal protein L18","liver"
"proc",2951.19627057297,0.241039408904077,0.113998236211056,2.11472667734563,0.0344532492910063,0.233098244761177,"protein C, inactivator of coagulation factors Va and VIIIa","liver"
"LOC115141890",428.429403652077,0.240690770615745,0.102305691340733,2.35272710597832,0.0186363055266484,0.177115674978197,"glucose-6-phosphate exchanger SLC37A4-like","liver"
"socs3",283.287109204076,0.240603077209489,0.123915588502569,1.94464006501326,0.0518183136989355,0.283191413425724,"suppressor of cytokine signaling 3","liver"
"LOC115142780",91.2365882020642,0.240521988878962,0.0935786693739336,2.57006136733779,0.0101680501098961,0.141450417228452,"MICOS complex subunit mic25a-like, transcript variant X1","liver"
"LOC115143262",1724.41890778826,0.240267230685232,0.10932980022734,2.1978552485939,0.0279594228406536,0.213911449817034,"60S ribosomal protein L22","liver"
"LOC115129749",224.614179341732,0.239733457483234,0.106256160658975,2.25646713343843,0.0240413913936785,0.196772512692035,"26S proteasome non-ATPase regulatory subunit 14","liver"
"LOC115124622",59.1622796914558,0.239677915226158,0.124183497280208,1.93266331364216,0.0532776873418084,0.28440666342479,"eukaryotic translation initiation factor 4E-binding protein 3-like","liver"
"LOC115119420",387.170783577238,0.239642370592903,0.111476575545744,2.15022861528425,0.0315371357378346,0.223557156986806,"protein disulfide-isomerase A3-like","liver"
"LOC115109114",62.0571339285538,0.239237154451922,0.111553682763909,2.14175861754645,0.0322129110510818,0.225797917883627,"thimet oligopeptidase-like","liver"
"chchd10",222.331458509674,0.239166657386963,0.123420561783085,1.93901669018321,0.0524993058906776,0.284120957496779,"coiled-coil-helix-coiled-coil-helix domain containing 10","liver"
"LOC115132965",1411.1986056771,0.239001286799604,0.124218929528551,1.92587224727204,0.0541203275368996,0.286514561702219,"sodium-coupled neutral amino acid transporter 4-like, transcript variant X2","liver"
"LOC115125424",314.806983664301,0.238911932098058,0.119227029745166,2.00433386921071,0.045034308092059,0.262535331534949,"neutral cholesterol ester hydrolase 1-like","liver"
"plod1",114.852553451972,0.238586236992591,0.124154448970715,1.92645247570782,0.0540479004871636,0.286514561702219,"procollagen-lysine,2-oxoglutarate 5-dioxygenase 1, transcript variant X2","liver"
"LOC115129572",76.8395471269883,0.238427485241524,0.0997277025385203,2.38942469537596,0.0168747828809618,0.169452896866302,"protein farnesyltransferase/geranylgeranyltransferase type-1 subunit alpha-like","liver"
"LOC115112201",113.816714792806,0.238321583482637,0.107962516707135,2.20840564243142,0.0272160088261084,0.211299908524224,"cytochrome c oxidase subunit 5A, mitochondrial-like","liver"
"LOC115112235",2393.41559909146,0.238265241440557,0.12117960122357,1.966960918145,0.0491877165559555,0.275151680148981,"60S ribosomal protein L13","liver"
"cdipt",100.864483033387,0.237719659773305,0.0982636938376698,2.41966713757285,0.0155347198687783,0.164057073949211,"CDP-diacylglycerol--inositol 3-phosphatidyltransferase","liver"
"lg27h9orf64",78.248513654013,0.237522838936019,0.114129485433291,2.08186751434139,0.0373545727902313,0.238699977715578,"linkage group 27 C9orf64 homolog","liver"
"LOC115138224",802.060828402074,0.237368269973927,0.106956707494126,2.21955193150664,0.0264491983191251,0.20812149102076,"60S ribosomal protein L34","liver"
"stx17",231.08637222846,0.237165598569462,0.111641915059039,2.12514913120802,0.0335741710666174,0.229611277294517,"syntaxin 17, transcript variant X4","liver"
"LOC115137319",179.814275421959,0.237133900173466,0.0779446045958612,3.04101044827368,0.00235785648608175,0.0775050244941065,"acid ceramidase-like","liver"
"LOC115141382",78.5246150503356,0.237020449724515,0.101008546539502,2.34782961650306,0.0188831570365982,0.177754614506176,"ER membrane protein complex subunit 2-like","liver"
"LOC115112425",2541.17016693705,0.236993274797111,0.117117636256436,2.02389040960275,0.0429814289278647,0.257257421894239,"ferritin, heavy subunit","liver"
"ydjc",203.634694383103,0.236866411992053,0.121512591135394,1.94922888838215,0.0512680965090294,0.281629058451218,"YdjC chitooligosaccharide deacetylase homolog","liver"
"LOC115102232",387.579163910278,0.236595285677218,0.122484393418843,1.93679252684683,0.0527707098062898,0.28440666342479,"properdin-like","liver"
"LOC115112381",119.968667004739,0.236261180256534,0.11062107807575,2.13647940118502,0.0326403582121815,0.227422393286926,"transcription factor 25-like","liver"
"LOC115107950",83.4910414808796,0.236148744605603,0.110998595153693,2.12807408412107,0.0333309416499352,0.229611277294517,"platelet-activating factor acetylhydrolase-like, transcript variant X1","liver"
"LOC115103078",86.3489605608005,0.235784222400417,0.109179522447381,2.16021589623293,0.0307559601355257,0.220706502662681,"target of EGR1 protein 1-like","liver"
"LOC115109228",174.701163388029,0.235435451158419,0.0983498328107421,2.39456015016754,0.0166403138193047,0.168880051263356,"NADH dehydrogenase [ubiquinone] 1 alpha subcomplex subunit 11-like","liver"
"kctd10",70.1442856690546,0.235293297843322,0.0809945056803583,2.90484407751839,0.00367436093929334,0.0941930515003751,"potassium channel tetramerization domain containing 10","liver"
"LOC115111574",62.1995203002675,0.235280427766836,0.113186601612985,2.07910142695579,0.0376080289825296,0.239516134582486,"ectonucleoside triphosphate diphosphohydrolase 4-like, transcript variant X1","liver"
"cmc1",177.793907802626,0.235211411296243,0.0894043444724832,2.63103523484002,0.00851252099909598,0.129466550717594,"C-X9-C motif containing 1","liver"
"LOC115101029",228.797914176912,0.235160723217482,0.100584278432105,2.33753465682263,0.0194114010764396,0.178602417127693,"ras-related protein rab7-like, transcript variant X1","liver"
"LOC115131616",125.797308048914,0.234875733068388,0.104867703308818,2.24020603901839,0.0250775497957059,0.200817471448522,"proteasome subunit beta type-8-like","liver"
"LOC115102029",703.97272614252,0.234360468847018,0.0947772688897839,2.47270475096793,0.0134094875054807,0.157883405011815,"60S ribosomal protein L32-like","liver"
"LOC115133930",70.0544679960374,0.234037485596147,0.102693507629814,2.28002799027514,0.0226060284500981,0.191166331872614,"rab GDP dissociation inhibitor beta-like","liver"
"LOC115140916",136.535574630642,0.233539979615938,0.0766462567399641,3.04657553038605,0.00231464318038637,0.0775050244941065,"RWD domain-containing protein 1-like, transcript variant X1","liver"
"LOC115144273",2470.67819848893,0.233397313731587,0.113461480867653,2.05735454168902,0.0396521344585589,0.246919597587044,"60S ribosomal protein L38-like, transcript variant X2","liver"
"tmem18",72.0040274847694,0.233189517738361,0.111158546898717,2.09856823731201,0.0358549787598763,0.236098373869557,"transmembrane protein 18, transcript variant X1","liver"
"LOC115103921",93.9088986526279,0.233079725753928,0.110733418743,2.1046688530965,0.0353201435479048,0.234579746776844,"mitochondrial import receptor subunit TOM20 homolog","liver"
"LOC115130871",1118.23390017497,0.232922055472739,0.106296930300633,2.19140906385182,0.0284222037880577,0.215332532788333,"60S ribosomal protein L36a-like, transcript variant X2","liver"
"LOC115108147",95.8002104956528,0.232451706840556,0.10849592728323,2.14291816697158,0.0321196699393886,0.225723749436117,"thimet oligopeptidase-like","liver"
"LOC115146233",224.027667045909,0.232377520431617,0.115339395662741,2.01581852107192,0.0438189561191787,0.260297721072378,"dihydrolipoyllysine-residue succinyltransferase component of 2-oxoglutarate dehydrogenase complex, mitochondrial-like, transcript variant X1","liver"
"LOC115143058",326.047219051415,0.232361805397428,0.122865532823957,1.89192600694117,0.0585008401323673,0.295476362304249,"cathepsin Z-like","liver"
"LOC115122004",71.5196740524863,0.232120816164128,0.121532319574468,1.91659856875836,0.0552889499895129,0.288920205329814,"transmembrane protein 53-like, transcript variant X1","liver"
"LOC115147170",65.1237479423348,0.232027755348392,0.101844389950046,2.27653660861626,0.0228139120870517,0.191590638895676,"V-type proton ATPase subunit G 1-like","liver"
"LOC115129393",644.718658573397,0.231230491484581,0.101058114661212,2.28813357934455,0.0221297432727041,0.188884564125092,"60S ribosomal protein L31","liver"
"LOC115117293",158.669221810922,0.231098253645915,0.0953849805728206,2.42217815152435,0.0154277851424252,0.164057073949211,"ATP synthase membrane subunit DAPIT, mitochondrial-like","liver"
"LOC115132748",186.092997663318,0.231024224862684,0.0990391191919475,2.33235044093731,0.0196822629938662,0.179507590461062,"cytochrome c oxidase subunit 6B1-like, transcript variant X2","liver"
"LOC115101374",377.546795238457,0.23070497306933,0.104093555042318,2.21651113242091,0.0266565163169987,0.208382835814177,"proteasome subunit beta type-6-like, transcript variant X1","liver"
"LOC115113733",73.4215803260361,0.230465352171829,0.0886901742146226,2.59674100538875,0.00941128568835057,0.136532534842098,"transmembrane protein 9B-like","liver"
"LOC115126080",680.894931611843,0.230372515381453,0.112723333135788,2.04380245435529,0.0409730666144685,0.251515390844237,"glutathione S-transferase A-like","liver"
"LOC115110121",105.896804508234,0.230277188580983,0.0971317935539365,2.37144993613073,0.0177184469120447,0.172843409711509,"SUMO-conjugating enzyme UBC9-like, transcript variant X1","liver"
"LOC115114264",511.126013078322,0.230171939183699,0.0886450549150648,2.596694067936,0.00941257171016427,0.136532534842098,"stress-associated endoplasmic reticulum protein 1-like","liver"
"srprb",123.071704799794,0.22991896608374,0.0848744793476503,2.70868198626237,0.00675510538227814,0.119078066850919,"SRP receptor subunit beta","liver"
"LOC115137281",147.673427738365,0.229448145172713,0.101385388164417,2.26425968533899,0.0235581475662176,0.195168718455087,"ribosomal protein S6 kinase beta-2-like, transcript variant X2","liver"
"LOC115106857",205.699491937676,0.229312774261506,0.124118170279633,1.84987285453558,0.0643318771904254,0.310072065194594,"cysteine-rich with EGF-like domain protein 2, transcript variant X1","liver"
"LOC115133021",139.401576452339,0.22913499317185,0.106858355518073,2.14508906204735,0.0319457268030899,0.225278170327672,"methionine aminopeptidase 2-like, transcript variant X1","liver"
"LOC115101131",77.8491618850594,0.228716528983061,0.122050867771374,1.87395411270956,0.0609367500622084,0.303270077232676,"complement component C6-like","liver"
"LOC115134531",286.144509610876,0.228713900989472,0.122180353113374,1.8733328496979,0.0610224363886906,0.303326159415003,"protein disulfide-isomerase A3-like","liver"
"LOC115129540",79765.8844068798,0.228661933650896,0.118170703069552,1.93540447363737,0.0529406807736711,0.28440666342479,"leukocyte cell-derived chemotaxin-2-like, transcript variant X2","liver"
"LOC115114346",70.6228892409173,0.2285570406658,0.116068091916377,1.98082844361043,0.0476105158699801,0.271034165762624,"UDP-glucuronosyltransferase-like, transcript variant X2","liver"
"LOC115121769",419.283158747323,0.228538885389085,0.101469136783065,2.25206512080709,0.0243181570628625,0.197451809139896,"proteasomal ubiquitin receptor ADRM1-like","liver"
"LOC115131360",2096.54251578148,0.228386927360936,0.1230047751962,1.8607804381888,0.0627751890663432,0.30646889973186,"fatty acid-binding protein, liver-like","liver"
"LOC115142016",281.706300195779,0.228356349019166,0.0917754027708419,2.48831929654093,0.0128348443713968,0.155698885886349,"cytochrome c oxidase subunit 6B1-like","liver"
"abhd18",113.962383445311,0.227977564287058,0.0880759714065739,2.58804672664446,0.00965218863923959,0.137211097505088,"abhydrolase domain containing 18","liver"
"LOC115143221",252.338163825975,0.227827219083987,0.0977764006722669,2.33030133991665,0.0197902299986336,0.179507590461062,"succinate dehydrogenase [ubiquinone] iron-sulfur subunit, mitochondrial-like","liver"
"LOC115123078",63.1006776813269,0.227572740761317,0.095605898622908,2.37921187021778,0.0173497006867787,0.171935049223734,"protein unc-50 homolog","liver"
"sdf4",157.550027406414,0.227543685374058,0.111188014082988,2.04671334761407,0.0406862379340382,0.250591556217182,"stromal cell derived factor 4","liver"
"LOC115102048",63.9381837935589,0.227044850269903,0.0998741858406009,2.27250335013073,0.0230561258836746,0.1925753465202,"MAP kinase-activated protein kinase 2-like, transcript variant X2","liver"
"LOC115122485",249.663635957951,0.226948242527122,0.114532954003005,1.98262934861141,0.0474088466299119,0.27081595532493,"eukaryotic translation initiation factor 3 subunit D-like, transcript variant X2","liver"
"LOC115109260",348.511301951405,0.226921077582291,0.114530583944602,1.98204014444781,0.0474747477815688,0.27081595532493,"ATP synthase subunit delta, mitochondrial-like, transcript variant X1","liver"
"LOC115108195",138.193891781901,0.226866020720129,0.0736605618255076,3.0793492864452,0.00207453304427498,0.0741736551619719,"NADH-quinone oxidoreductase subunit B-like","liver"
"LOC115112862",1110.91136673418,0.226806886152122,0.110787359285387,2.04742476917908,0.0406163964596496,0.250591556217182,"60S ribosomal protein L38","liver"
"LOC115123534",272.233265152407,0.22659830723233,0.103727234978074,2.18470004401182,0.0289108469681525,0.216477145441392,"proteasome maturation protein-like","liver"
"LOC115113529",177.024077061559,0.226562423731066,0.0788767352590635,2.8724197262344,0.00407341551819413,0.0963575161217609,"dnaJ homolog subfamily A member 2","liver"
"LOC115141794",131.385783502347,0.226440061104844,0.120225716191898,1.89026161892333,0.0587229792447682,0.295499831360093,"claudin-4-like","liver"
"LOC115138249",593.119021585147,0.226404954291647,0.120275428212174,1.88270064849888,0.0597409475196681,0.299461536782545,"GTP cyclohydrolase 1","liver"
"LOC115103691",71.5905443250552,0.22536890146792,0.0942552619327476,2.39186111823279,0.0167631841967131,0.169125591053966,"dynactin subunit 3-like","liver"
"LOC115115363",1165.65984416294,0.225248914200081,0.124078905864376,1.8177913158977,0.069096034436957,0.318558887877367,"ferritin, middle subunit-like","liver"
"LOC115114507",83.1715544327755,0.225215068511624,0.0849066485022276,2.65209705575259,0.00799935440956896,0.12637739757133,"proteasome subunit alpha type-7-like","liver"
"ndufb10",383.752792844991,0.225082658087384,0.0919932978087784,2.44709351650724,0.0144013467381877,0.16126343215619,"NADH:ubiquinone oxidoreductase subunit B10","liver"
"LOC115134506",100.353299163596,0.224904391507989,0.10074076267297,2.23315125883346,0.0255389713064012,0.203712029442058,"proteasome subunit alpha type-1","liver"
"LOC115113028",245.038601483018,0.224807727945309,0.0824607423510005,2.72598694971829,0.00641095330688988,0.117067626263223,"ribonuclease T2-like, transcript variant X4","liver"
"echs1",89.2907237369422,0.224283834389071,0.120576261748882,1.86072858480496,0.0627825150333913,0.30646889973186,"enoyl-CoA hydratase, short chain 1","liver"
"anxa2",212.765666030118,0.224250408491301,0.123318836276895,1.81886580472905,0.0689319059294366,0.318235015948244,"annexin A2, transcript variant X1","liver"
"LOC115103739",1743.06021643696,0.223551208279387,0.117963435535648,1.89549654781969,0.0580266486601497,0.294660212954273,"fucolectin-6-like, transcript variant X2","liver"
"LOC115121194",145.259317834194,0.223510623901691,0.121349787281732,1.84307480610279,0.0653180891875134,0.311023985430262,"anaphase-promoting complex subunit CDC26-like, transcript variant X1","liver"
"LOC115143503",1302.97766429462,0.223507352884013,0.121068428291962,1.84681845569884,0.064773456141368,0.310607773214372,"40S ribosomal protein S10-like","liver"
"LOC115131347",3144.57926612264,0.223248121044676,0.122941276264919,1.81681701838017,0.0692451360793295,0.318558887877367,"60S acidic ribosomal protein P1-like","liver"
"gnmt",1220.47627713896,0.222583550796478,0.102636065753248,2.16870622850615,0.030104994218904,0.218899134271184,"glycine N-methyltransferase","liver"
"LOC115128684",454.938970630976,0.222147657379942,0.095895091824832,2.31674222933995,0.0205177777021977,0.181536707637668,"mitogen-activated protein kinase 15-like, transcript variant X1","liver"
"rpe",58.6823410954787,0.222032289686912,0.1107055798939,2.00616613236472,0.0448385259609402,0.261970873001287,"ribulose-5-phosphate-3-epimerase","liver"
"LOC115138665",142.847000798923,0.221985748089285,0.0959150671530823,2.31504461222895,0.0206104907161378,0.181836277400385,"gem-associated protein 2-like","liver"
"c8b",676.152829804591,0.221522605528208,0.122257528135218,1.8126662493443,0.0698833130323408,0.319690666576679,"complement C8 beta chain","liver"
"LOC115142802",606.252002281741,0.221286846105561,0.105681915577497,2.09408637744958,0.0362522863574994,0.236541417772181,"thioredoxin reductase 1, cytoplasmic-like","liver"
"LOC115109966",231.817797516141,0.221163170366135,0.0778666477140652,2.83975033545582,0.0045148854434554,0.0984100164038728,"V-type proton ATPase 16 kDa proteolipid subunit-like","liver"
"LOC115114316",366.708868058081,0.220893094321893,0.0795636757983167,2.77620463949486,0.0054997580150685,0.10829475202618,"ras-related protein Rab-2A-like","liver"
"LOC115106315",106.356841354029,0.220747452124632,0.101155953145483,2.18129917346878,0.029161295524615,0.216900438975056,"histone H3.3","liver"
"ociad1",68.9749325343994,0.220564526934834,0.113600616262601,1.94266476491553,0.0520566761354612,0.283288400438104,"OCIA domain containing 1, transcript variant X2","liver"
"LOC115140026",157.491793646678,0.220537681081589,0.103806773001975,2.12439848488835,0.0336368365916968,0.229654515825387,"ras-related protein rab7-like","liver"
"LOC115121634",120.77877293033,0.220441798832787,0.116379168510386,1.89569654709566,0.0580001821739036,0.294660212954273,"stromal cell-derived factor 2-like","liver"
"LOC115126710",1553.97029299949,0.220328625949345,0.123997262461379,1.77925415493972,0.0751981034314112,0.330036247274988,"complement factor H-related protein 1-like","liver"
"LOC115115624",2648.0414457226,0.218839087572454,0.0836815841970761,2.6151333560174,0.0089192623738322,0.132682165823869,"glutathione peroxidase 3-like","liver"
"ndufa7",148.263812440142,0.21831557835059,0.0981354751289023,2.22536034170713,0.0260570576104009,0.205432430986449,"NADH:ubiquinone oxidoreductase subunit A7","liver"
"abcc2",2248.66802473973,0.218176178979364,0.0762239552005269,2.86225356636607,0.00420640231449919,0.0963575161217609,"ATP binding cassette subfamily C member 2","liver"
"LOC115113147",1273.93805594744,0.217875633082339,0.101295389183659,2.15100085150646,0.0314761324743661,0.223513442448635,"ubiquitin-40S ribosomal protein S27a-like","liver"
"LOC115138938",552.094621128643,0.217321839248728,0.0974280022746886,2.23080909982,0.0256937769217411,0.203935293286921,"60S ribosomal protein L22-like","liver"
"LOC115105321",109.309995295942,0.217279725742669,0.102805026328057,2.11432341653054,0.0344876536792089,0.233098244761177,"glucose-6-phosphate exchanger SLC37A2-like, transcript variant X2","liver"
"tmem129",74.9363856536875,0.21720868036903,0.114190958164581,1.90387576325369,0.0569263663185935,0.292965976676248,"transmembrane protein 129","liver"
"btf3",357.806417440062,0.217027466831596,0.0872624391148251,2.4872612867402,0.0128730813662117,0.155699346138513,"basic transcription factor 3, transcript variant X1","liver"
"LOC115110743",105.113203818963,0.216779185148712,0.0775629989557585,2.79450776174672,0.00519787929866918,0.104916091990504,"ER membrane protein complex subunit 10-like, transcript variant X1","liver"
"LOC115126864",67.5329604610936,0.216737221014091,0.122351322152521,1.77118933560798,0.0765292220630261,0.333098555422861,"transgelin-2-like","liver"
"LOC115101415",267.180273372221,0.216672859053982,0.0733116349117688,2.95587345601934,0.00311784983152572,0.0893500245512373,"pyruvate dehydrogenase E1 component subunit alpha, mitochondrial-like, transcript variant X1","liver"
"LOC115144743",394.228749801123,0.21636533202324,0.110437870501818,1.95955171206363,0.0500482100611478,0.277924392655638,"60S ribosomal protein L27a-like","liver"
"LOC115139195",133.900088398587,0.216294177243593,0.12106066001822,1.78780299044747,0.0738077982478535,0.328709888003268,"ubiquitin-like protein FUBI","liver"
"LOC115139545",338.186730919956,0.216263908493287,0.113411348593194,1.90685054156545,0.056539944315667,0.291717484848935,"uricase-like","liver"
"LOC115113310",1024.9593763596,0.216243453629693,0.107798904011554,2.00611637333665,0.0448438333456926,0.261970873001287,"60S ribosomal protein L24","liver"
"LOC115136949",278.504266684864,0.216140340744556,0.0908971248723039,2.37779775619885,0.017416375344807,0.171935049223734,"histone H3.3, transcript variant X1","liver"
"LOC115128329",66.6970509067042,0.215766791394442,0.115441221492791,1.87107248442163,0.0613350348429748,0.303588391933973,"NADH dehydrogenase [ubiquinone] iron-sulfur protein 5-like, transcript variant X1","liver"
"LOC115129784",57.9982386084052,0.215676800614315,0.105466310164891,2.04657725507343,0.040699609964616,0.250591556217182,"small ubiquitin-related modifier 3","liver"
"LOC115104268",128.508751713256,0.215534504042162,0.0996102008444987,2.16391805215718,0.0304706392227519,0.219820045083074,"RING-box protein 1","liver"
"LOC115129686",151.911631260517,0.215469667275945,0.10458227488833,2.06056675896837,0.039344390763038,0.246919597587044,"ras-related protein M-Ras-like","liver"
"LOC115104164",124.925503953164,0.214826639808524,0.105914385345712,2.02870495054415,0.0424883513682674,0.255531607277258,"beta-1,3-N-acetylglucosaminyltransferase lunatic fringe-like","liver"
"LOC115119847",1875.73109729824,0.214695149661981,0.124180216478963,1.73021015517184,0.083592734626488,0.347664337007804,"complement factor H-like","liver"
"adipor1",88.3733549462088,0.214679087160321,0.0789421419795996,2.71973780756999,0.00653336976153102,0.117312842061676,"adiponectin receptor 1, transcript variant X2","liver"
"LOC115105933",4278.77411633309,0.214599042973736,0.115971183058649,1.85073963919378,0.0642070184914417,0.310072065194594,"serine protease inhibitor Kazal-type 1-like","liver"
"LOC115123537",102.117086358306,0.214347852188505,0.116739353013158,1.83781748530421,0.0660893042012037,0.3128136385416,"NADH dehydrogenase [ubiquinone] 1 beta subcomplex subunit 4-like","liver"
"LOC115139428",3514.58609033824,0.214262279477767,0.0910750343761807,2.35262409909619,0.0186414682447612,0.177115674978197,"plasminogen-like","liver"
"LOC115107007",88.1820911438502,0.213910032912305,0.119404486721134,1.79660129807977,0.0723989381904971,0.326705500361967,"suppressor of cytokine signaling 2-like, transcript variant X1","liver"
"LOC115118410",207.011959015391,0.213774094562589,0.0868055869223883,2.46234614788043,0.0138031378818517,0.159951066181795,"succinate dehydrogenase [ubiquinone] flavoprotein subunit, mitochondrial-like","liver"
"LOC115135980",137.795367962359,0.213719187648707,0.101177682034454,2.11245790566417,0.0346471928256518,0.233239519670034,"rho-related GTP-binding protein RhoA-D","liver"
"spr",67.7449169099603,0.213427848150187,0.120178825070376,1.77867049570199,0.0752937990501414,0.330036247274988,"sepiapterin reductase, transcript variant X3","liver"
"LOC115115566",4164.31005525425,0.213167551624202,0.0995859309291155,2.19250543586241,0.02834303102167,0.215132578108616,"metallothionein B","liver"
"LOC115139707",126.410761045247,0.21305984930892,0.122651733552626,1.7388526683042,0.082060681571873,0.345018683779301,"tetraspanin-36-like","liver"
"LOC115103393",1627.87356249413,0.212649279893615,0.124193524311226,1.71423007532114,0.0864864794222899,0.351114432395671,"pancreatic alpha-amylase-like","liver"
"acadm",297.909756512928,0.212573564758406,0.0753915554805736,2.81952704380886,0.00480944781217855,0.101812332498642,"acyl-CoA dehydrogenase medium chain","liver"
"tymp",350.554822159867,0.212415110128602,0.119775724689623,1.77348187173626,0.0761488931900739,0.332671906369498,"thymidine phosphorylase","liver"
"LOC115107347",371.175123412961,0.212191810466026,0.109166994205823,1.94382270553895,0.0519168347139797,0.283191413425724,"40S ribosomal protein S29","liver"
"LOC115125163",288.285072908948,0.211946709410762,0.0917397187316995,2.3104962821068,0.0208606941353349,0.182463925527092,"NADH dehydrogenase [ubiquinone] 1 subunit C2-like","liver"
"LOC115134984",1404.71590995898,0.211720718241091,0.105193048284335,2.01281814546876,0.044133764261474,0.261166487020082,"40S ribosomal protein S24, transcript variant X3","liver"
"LOC115112296",111.41989917082,0.211637522185858,0.10160880201348,2.08396802581631,0.0371630757799872,0.238699977715578,"tumor necrosis factor receptor type 1-associated DEATH domain protein-like","liver"
"LOC115131912",265.216046377339,0.211405773172901,0.115091880278753,1.8378524921387,0.0660841442184449,0.3128136385416,"prostaglandin E synthase 3-like, transcript variant X1","liver"
"LOC115103228",78.0852716064719,0.211333929550192,0.0991803539952154,2.13217041112996,0.0329928399541429,0.229095086291459,"tropomyosin alpha-3 chain-like, transcript variant X2","liver"
"LOC115123305",96.4941894974684,0.211209364986277,0.123811447878889,1.70623956311639,0.0879634854184818,0.353721798164998,"transcription factor jun-B-like, transcript variant X2","liver"
"LOC115145997",332.2129250835,0.211126676192455,0.0925111469119463,2.28230003993081,0.0224716321962249,0.19042489154223,"proteasome subunit alpha type-3-like","liver"
"LOC115109070",164.813509696957,0.211111076131192,0.0922715410220951,2.28777136104809,0.0221508394631486,0.188884564125092,"cytochrome b-c1 complex subunit 6, mitochondrial-like","liver"
"LOC115112856",65.5984338844688,0.211057646786213,0.113161130275634,1.86497123621441,0.0621854361183349,0.305705050375339,"protein phosphatase 1G-like","liver"
"LOC115145826",504.96191759815,0.211007114949405,0.114931970734838,1.83645390146733,0.066290553964539,0.3128136385416,"succinate--CoA ligase [ADP/GDP-forming] subunit alpha, mitochondrial-like","liver"
"LOC115129765",871.645838859351,0.210651984952871,0.106968166364528,1.96949586402951,0.0488961770609264,0.27463759149096,"ATP synthase subunit beta, mitochondrial","liver"
"LOC115135455",1495.25607892271,0.210311466375037,0.108172057731649,1.94428050998743,0.051861633636682,0.283191413425724,"cytidine deaminase-like","liver"
"znf593",127.68496176667,0.210239064008856,0.109759439205442,1.91578511843518,0.0553924527195509,0.288994549032194,"zinc finger protein 593","liver"
"LOC115108503",1232.17306432197,0.209972833532475,0.115200433662074,1.82290557532636,0.0683176933674604,0.317602663333683,"proteasome subunit beta type-5-like","liver"
"LOC115114283",105.822639757226,0.209962675305776,0.1045901979392,2.00854478085511,0.0445854324215889,0.261970873001287,"cyclic AMP-dependent transcription factor ATF-6 alpha-like, transcript variant X4","liver"
"LOC115130925",86.9383112920092,0.209819177001839,0.0866557561337256,2.42001122346207,0.0155200280742042,0.164057073949211,"ADP-ribose glycohydrolase MACROD1-like, transcript variant X2","liver"
"LOC115139232",147.858194577542,0.209691200280418,0.123137929304876,1.70389216959661,0.0884012341756424,0.353721798164998,"cell division control protein 42 homolog, transcript variant X1","liver"
"polr2c",118.193985390716,0.209560713011642,0.089791112343365,2.33296594468966,0.0196499327660842,0.179507590461062,"RNA polymerase II subunit C","liver"
"dcxr",268.394132504117,0.209551094441245,0.118040167119936,1.77572432979032,0.0757783652314281,0.33140838699925,"dicarbonyl and L-xylulose reductase, transcript variant X2","liver"
"LOC115109223",118.361664522266,0.209368698251958,0.0964278178952091,2.16937809121175,0.0300539908960847,0.218899134271184,"cystinosin-like","liver"
"LOC115138191",1857.76248620162,0.209313022407412,0.123545418436742,1.6950576720962,0.0900644808375479,0.356756874532405,"acidic mammalian chitinase-like, transcript variant X2","liver"
"LOC115141328",122.476181645535,0.209269488617155,0.101593057171453,2.05956068208199,0.0394405582467518,0.246919597587044,"peroxisomal targeting signal 1 receptor-like, transcript variant X1","liver"
"afg3l2",110.765863046358,0.2090603865859,0.110370338928793,1.89555553743419,0.0580188413494692,0.294660212954273,"AFG3 like matrix AAA peptidase subunit 2","liver"
"LOC115134348",65.7932323317372,0.208794742188914,0.0964184547607025,2.1641020876419,0.030456515336112,0.219820045083074,"reticulophagy regulator 2-like, transcript variant X2","liver"
"LOC115146517",1471.54330376048,0.208319913190632,0.108552551082522,1.91927543532523,0.0549494851170632,0.288254956675868,"60S ribosomal protein L13a","liver"
"LOC115143532",66.6910012255828,0.208140374177082,0.11985428962219,1.74121581230131,0.0816457565830556,0.344681911946485,"glycerol-3-phosphate dehydrogenase [NAD(+)], cytoplasmic-like","liver"
"LOC115105834",103.661138451277,0.208075685016378,0.0913916274787649,2.27728613446696,0.0227691443889019,0.191590638895676,"prostaglandin reductase 3-like","liver"
"LOC115113788",132.973166321519,0.20777325814366,0.0827918686508016,2.50914826918322,0.0121022674218921,0.153195161526808,"tetraspanin-3-like, transcript variant X1","liver"
"LOC115143933",161.419981179642,0.207303976939316,0.0960984098446141,2.15722521099029,0.030988121023821,0.221592247882622,"V-type proton ATPase 16 kDa proteolipid subunit-like","liver"
"tmem120a",110.090580201521,0.207237436386636,0.104653788565847,1.9795020920805,0.0477595043307754,0.271503123643293,"transmembrane protein 120A","liver"
"LOC115128587",212.291977820822,0.207061929578815,0.0939447720457308,2.2045095411701,0.0274885296958564,0.211651140154003,"NADH dehydrogenase [ubiquinone] iron-sulfur protein 6, mitochondrial-like","liver"
"LOC115113496",28218.4076179466,0.206942899182782,0.113308430302689,1.82653439407196,0.0677698053742279,0.316414349032478,"prothrombin-like","liver"
"pgls",58.7147301080608,0.206808966973658,0.112942616269393,1.83242329311654,0.0668883803364496,0.314455366975914,"6-phosphogluconolactonase, transcript variant X2","liver"
"LOC115143303",369.543879828963,0.20674428011537,0.0953626761314874,2.16840128027104,0.0301281683822705,0.218899134271184,"signal peptidase complex subunit 1-like","liver"
"LOC115121374",94.1713062806575,0.206591641990027,0.107293421309643,1.92603529614152,0.0540999667741612,0.286514561702219,"oxidation resistance protein 1-like, transcript variant X1","liver"
"LOC115142960",109.600471397614,0.206481282854144,0.114624037049932,1.80317174823899,0.0713612459216844,0.324268047242793,"double-stranded RNA-binding protein Staufen homolog 1-like, transcript variant X1","liver"
"LOC115131962",83.7985672194511,0.206451187339058,0.115895587370721,1.78168647833781,0.0748003731389209,0.32998840097819,"interferon-related developmental regulator 2-like, transcript variant X1","liver"
"LOC115136185",163.19622003013,0.206292607316188,0.0749165277427227,2.75382379830854,0.00589034710468465,0.112516378984712,"S-phase kinase-associated protein 1","liver"
"LOC115123551",75.1338127022042,0.20610583127336,0.120716308589821,1.70848551181362,0.0875462924262285,0.352956170058662,"SRA stem-loop-interacting RNA-binding protein, mitochondrial-like","liver"
"LOC115133988",177.733657672966,0.206073257558957,0.121611821723794,1.69442992312073,0.0901836174423566,0.356881965723345,"glucose-6-phosphate isomerase-like","liver"
"LOC115119255",150.654238242258,0.206050789385456,0.120133449463633,1.72007154886357,0.0854194366627812,0.350278629727892,"ferritin, middle subunit-like","liver"
"LOC115103199",112.547637485203,0.205824569445558,0.105723319081797,1.94653033200466,0.0515910680598184,0.283021794632328,"uncharacterized LOC115103199","liver"
"LOC115108130",124.347330615372,0.20561829436401,0.116068508860259,1.77159113775209,0.0764624518702486,0.333098555422861,"polypyrimidine tract-binding protein 1-like, transcript variant X1","liver"
"mrps21",74.8194570734356,0.205512279337337,0.0911021170633621,2.25540082834541,0.0241081808043681,0.196923737391993,"mitochondrial ribosomal protein S21","liver"
"LOC115146358",96.8004610970163,0.205010880115322,0.0956273067862884,2.14404039984174,0.0320296498617353,0.225479884000748,"cell cycle control protein 50A-like","liver"
"LOC115140246",58.9817356138505,0.20456310871032,0.0970614931960321,2.10623896960614,0.0351835996691401,0.234579746776844,"erlin-2, transcript variant X2","liver"
"LOC115123937",790.762208653706,0.20446968857409,0.124025043425717,1.64984634167645,0.0989743677652742,0.371096080986501,"mesencephalic astrocyte-derived neurotrophic factor-like","liver"
"LOC115143718",70.029039110651,0.204464256054959,0.0870210925170446,2.34905696699682,0.0188210270319817,0.177754614506176,"elongation factor Ts, mitochondrial","liver"
"LOC115121010",877.491862131217,0.204351711778256,0.119829295973494,1.70573463302301,0.0880574983807287,0.353721798164998,"diamine acetyltransferase 1-like","liver"
"LOC115135507",4403.13854769765,0.204314544198941,0.120922919700771,1.69005055928795,0.0910182823773315,0.358113368975222,"complement factor B-like, transcript variant X1","liver"
"LOC115130600",57.3246507210754,0.204253829652429,0.0870404097999324,2.34690792914913,0.0189299318461097,0.177784336877288,"ubiquitin-conjugating enzyme E2 D2-like, transcript variant X1","liver"
"LOC115109216",70.4124732438967,0.204141355565256,0.0875535141427045,2.33191172699653,0.0197053354278686,0.179507590461062,"ras-related protein Rab-8A-like","liver"
"LOC115112196",64.8614355220064,0.204011947880529,0.119246615830386,1.7166673566914,0.0860399677756877,0.350742551825015,"3 beta-hydroxysteroid dehydrogenase/Delta 5-->4-isomerase-like","liver"
"LOC115103662",79.6363482039039,0.203920871606019,0.100312479126605,2.03186405970274,0.0421674198650549,0.25462874573328,"putative RNA-binding protein Luc7-like 2","liver"
"LOC115126510",1630.07722337662,0.203514816208427,0.113503418627802,1.7932411299218,0.0729343760863601,0.326705500361967,"40S ribosomal protein S9-like","liver"
"LOC115125292",118.424790610711,0.203386186498344,0.0831607832002542,2.44498857092315,0.0144856732297073,0.161321322634664,"membrane magnesium transporter 1-like","liver"
"LOC115143241",77.0054192778495,0.203279367715171,0.0932053911185153,2.18050802530436,0.0292198246062939,0.216939899991355,"small nuclear ribonucleoprotein E","liver"
"LOC115112078",18167.2019650442,0.203255646796192,0.122140136076783,1.66465894266378,0.0959808186144736,0.365624127731397,"prothrombin-like","liver"
"LOC115132136",105.6981052137,0.20298131227994,0.112074732190984,1.81087372737097,0.070160400310027,0.319881198728937,"bcl-2-like protein 1, transcript variant X2","liver"
"LOC115120519",79.9140684315119,0.202472201138408,0.0865480257431464,2.33895588615218,0.0193377166807305,0.178602417127693,"tetraspanin-3-like","liver"
"LOC115101346",86.0463340158353,0.202347069551251,0.110630333518942,1.82959592040376,0.0673103842257462,0.315170651201997,"neutral alpha-glucosidase AB-like, transcript variant X1","liver"
"LOC115107122",318.020719417165,0.202327642619603,0.123093215737115,1.64405486832959,0.100164869228682,0.372921081015946,"sodium-coupled neutral amino acid transporter 2-like","liver"
"LOC115139920",60.8055225999045,0.202262857155537,0.0912231105192836,2.2153210917022,0.0267380331528004,0.208382835814177,"serine/threonine-protein phosphatase PP1-gamma catalytic subunit-like","liver"
"gnptg",148.526674748847,0.202207833749729,0.0869077396390865,2.32645513255553,0.0199942833748765,0.180302431495568,"N-acetylglucosamine-1-phosphate transferase subunit gamma","liver"
"LOC115145843",74.4028918175499,0.202161818681059,0.11588230342242,1.7436338637524,0.0812229544518776,0.344142164600679,"LON peptidase N-terminal domain and RING finger protein 1-like, transcript variant X1","liver"
"LOC115135692",1340.3135788912,0.202001550104048,0.108949725197945,1.85431209348341,0.0636945229494282,0.309636405299164,"40S ribosomal protein S10-like","liver"
"LOC115105710",112.715645587665,0.201869881236137,0.0963585741122209,2.09388239591538,0.036270457828168,0.236541417772181,"succinate dehydrogenase assembly factor 1, mitochondrial-like, transcript variant X1","liver"
"LOC115134202",69.8219524344388,0.201825312367138,0.102512159656245,1.9693118236576,0.0489172942645822,0.27463759149096,"calumenin-B-like, transcript variant X2","liver"
"LOC115122632",86.8574471917594,0.201791608198753,0.0958725086638864,2.10578753568406,0.0352228120202514,0.234579746776844,"transmembrane 9 superfamily member 4-like","liver"
"LOC115121087",674.011735296301,0.201426850727365,0.111006413755316,1.81480055101529,0.0695545657080438,0.319261722777012,"60S ribosomal protein L18","liver"
"LOC115138062",190.64492836976,0.201413008931505,0.111195093465358,1.81158711923579,0.0700500166912682,0.319881198728937,"ras-related protein rab7-like","liver"
"LOC115107873",162.0069017067,0.201394301467189,0.109854449216706,1.83299037309393,0.0668040027453297,0.314455366975914,"protein Z-dependent protease inhibitor-like","liver"
"LOC115110052",79.7014923709771,0.201369605324785,0.109400946182846,1.84071642918804,0.0656631250573277,0.311938109246699,"ferritin, middle subunit-like","liver"
"LOC115118649",244.746408662412,0.201120879819741,0.114701225889624,1.75404383877123,0.0794229956787459,0.340766453038493,"inosine-uridine preferring nucleoside hydrolase-like, transcript variant X1","liver"
"LOC115136485",804.84490438989,0.201098723330016,0.0836100323687155,2.40529386716154,0.0161594655078886,0.166512586801537,"cytochrome c oxidase subunit 7B, mitochondrial-like","liver"
"LOC115102385",66.0562323082699,0.201037860798064,0.0911695372997567,2.20404926858848,0.0275208793625175,0.211651140154003,"YTH domain-containing family protein 1-like, transcript variant X1","liver"
"LOC115101435",77.8411429386081,0.201032089617552,0.097596847494767,2.05942056133817,0.0394539677324751,0.246919597587044,"ubiquitin-conjugating enzyme E2 D2","liver"
"LOC115130378",60.7058704274262,0.200716993604555,0.10593052344066,1.8953195013054,0.0580500861143968,0.294660212954273,"tyrosine-protein kinase yes","liver"
"LOC115105494",601.982487374942,0.20031683755812,0.0833444186102272,2.40334273209967,0.0162459532529183,0.166797242969508,"cytochrome c oxidase subunit 7B, mitochondrial-like","liver"
"LOC115129300",72.1028959004244,0.200272348549378,0.0868018617805612,2.30691597374091,0.0210595048479097,0.183415687521539,"stress-70 protein, mitochondrial-like","liver"
"LOC115145407",133.569484008629,0.200040192235959,0.0813570342567098,0.625677961624556,0.531526191302249,0.769709401192759,"vitellogenin-like","liver"
"selenbp1",457.976486183033,0.199775326425837,0.117276911932347,1.70373583833605,0.0884304495412494,0.353721798164998,"selenium binding protein 1","liver"
"LOC115108691",336.972396175682,0.199642739399958,0.116380166111695,1.71588623117731,0.0861828672671897,0.350923424023982,"transmembrane 4 L6 family member 4-like","liver"
"slc27a2",83.1892469073768,0.199454578185111,0.117722563880921,1.70121480177968,0.088902659384625,0.353987042567365,"solute carrier family 27 member 2","liver"
"LOC115131737",70.8722335657168,0.199434735276202,0.118569210739951,1.68312174330549,0.0923515260956984,0.359285719078632,"N(G),N(G)-dimethylarginine dimethylaminohydrolase 2-like, transcript variant X1","liver"
"LOC115145401",94.9985280003394,0.199413745541539,0.0855848986588263,2.32977472357058,0.0198180607721977,0.179507590461062,"GDP-L-fucose synthase-like","liver"
"LOC115112457",81.2420186916644,0.199228902418618,0.103599232370784,1.92234289804512,0.0545626255321003,0.287001509588736,"importin-7","liver"
"LOC115112212",109.19095383648,0.199218562947144,0.0837772065176409,2.37855335210731,0.0173807215354468,0.171935049223734,"BTB/POZ domain-containing protein 10-like","liver"
"LOC115142412",1297.54075381506,0.199217225878507,0.109360951208371,1.82175716214388,0.0684918403018417,0.317602663333683,"40S ribosomal protein S15a","liver"
"LOC115129910",59.4841438582472,0.199206968755899,0.1216817496298,1.63835878703559,0.101346871047053,0.373942391823035,"mitochondrial import receptor subunit TOM5 homolog","liver"
"LOC115109330",1243.64247904743,0.199184584898858,0.0910421000093415,2.18784430889771,0.0286809450923739,0.21568917379431,"aldose reductase-related protein 2-like, transcript variant X2","liver"
"LOC115110576",70.1173032704066,0.199108809113725,0.113916142478401,1.7477359010708,0.080509769158841,0.342229155758065,"phenylalanine--tRNA ligase alpha subunit-like","liver"
"LOC115108391",67.0449532612246,0.199081967978573,0.0980738813822993,2.02904049683577,0.0424541657060622,0.255531607277258,"oxysterol-binding protein-related protein 1-like, transcript variant X1","liver"
"LOC115132769",173.438306990046,0.198838482698206,0.117085090615715,1.7059132539173,0.0880242316893426,0.353721798164998,"extracellular matrix protein 1-like","liver"
"LOC115119248",3446.87580707764,0.19865456607347,0.110319203856585,1.80083563286309,0.0717287907309051,0.325413538258383,"40S ribosomal protein S29-like","liver"
"LOC115133003",510.953725252817,0.198648762876206,0.110786733226825,1.79322263051277,0.072937332885013,0.326705500361967,"40S ribosomal protein S16","liver"
"LOC115137972",377.972464116688,0.198570433364432,0.0913630478996453,2.17357346314501,0.0297371831461846,0.218899134271184,"dehydrogenase/reductase SDR family member 4-like, transcript variant X2","liver"
"LOC115138261",164.986227559034,0.198567808247756,0.102172935235652,1.94338733654109,0.0519693761635037,0.283191413425724,"26S proteasome non-ATPase regulatory subunit 6","liver"
"LOC115113080",2366.22945206013,0.198555918870525,0.107620442530868,1.84506114132377,0.0650286450493833,0.310833883962236,"S-adenosylmethionine synthase-like","liver"
"LOC115123887",1082.99974278123,0.198480890510052,0.112638040145959,1.76233680915089,0.0780124082327797,0.336878197324094,"40S ribosomal protein S12","liver"
"LOC115116268",123179.859227099,0.198365504883927,0.114421077940183,1.73380653259363,0.082952416183646,0.346783639348247,"transmembrane protein 116-like, transcript variant X2","liver"
"LOC115142169",73.7089043020292,0.198251969984832,0.11723852293253,1.69073824940009,0.090886805581183,0.358113368975222,"serine/arginine-rich splicing factor 3-like, transcript variant X1","liver"
"LOC115118318",686.308138429235,0.198147614845488,0.111061633021147,1.78433130545411,0.0743698461956526,0.329172675117172,"40S ribosomal protein S3","liver"
"LOC115144825",57.3969165788124,0.198071168828338,0.120806557339138,1.6412540280378,0.100744694695952,0.373304886891544,"solute carrier family 41 member 2-like","liver"
"LOC115105496",141.408379655112,0.198043110368034,0.107245530713811,1.84609876479751,0.0648778661789025,0.310742870205883,"ras-related protein Rab-24-like, transcript variant X1","liver"
"lamtor1",91.0158059934668,0.197984568351005,0.114835815943424,1.72297544220334,0.0848929661041397,0.349518919030781,"late endosomal/lysosomal adaptor, MAPK and MTOR activator 1","liver"
"LOC115140813",204.527409979748,0.197963828790435,0.0911465711665108,2.17168028409985,0.029879786662525,0.218899134271184,"platelet-activating factor acetylhydrolase IB subunit gamma-like, transcript variant X4","liver"
"LOC115139186",97.6222705596765,0.197960572733147,0.109557904339421,1.80703282396189,0.0707571614591054,0.322241553192529,"platelet-activating factor acetylhydrolase-like, transcript variant X1","liver"
"LOC115131188",58.2645804760878,0.197653629458009,0.108354027432381,1.82208748364613,0.0684417125586085,0.317602663333683,"C1GALT1-specific chaperone 1-like, transcript variant X1","liver"
"spp2",2520.84482121041,0.197349701477821,0.123451564485929,1.59931091269192,0.109751535968419,0.388322274832704,"secreted phosphoprotein 2","liver"
"LOC115130424",337.854820420229,0.196984750000283,0.124159677199835,1.58746702529826,0.112406909517864,0.39294216397497,"protein phosphatase 1 regulatory subunit 3G-like","liver"
"LOC115131257",1304.81287889331,0.196886604632901,0.1155362089894,1.70432210910941,0.0883209267073347,0.353721798164998,"60S ribosomal protein L14-like","liver"
"LOC115125620",191.996723897816,0.196855677400793,0.106755559994367,1.84439464660295,0.0651256469341879,0.310833883962236,"ER membrane protein complex subunit 7-like","liver"
"ndufs4",302.89205890551,0.196765881503705,0.0979289472760268,2.00957841768414,0.0444758273889294,0.261970873001287,"NADH:ubiquinone oxidoreductase subunit S4","liver"
"nudt12",141.613405956942,0.196631797337493,0.098287549492285,2.00084515364501,0.0454090796693177,0.262535331534949,"nudix hydrolase 12, transcript variant X2","liver"
"LOC115111768",73.9127190201166,0.196483270592199,0.113877092943788,1.72694990552986,0.0841766605408809,0.347975728564534,"histone acetyltransferase KAT6A-like","liver"
"LOC115131835",251.43052530504,0.196284057258486,0.0720886485396648,2.72279844155433,0.00647315374318233,0.117067626263223,"14-3-3 protein beta/alpha-2-like","liver"
"LOC115111711",80.424733059091,0.195942293827498,0.113698575861337,1.7252193673907,0.0844879466674847,0.348555537061404,"endoplasmic reticulum-Golgi intermediate compartment protein 2-like, transcript variant X3","liver"
"LOC115122937",231.907936802106,0.19578478709938,0.124044527097309,1.57955237514955,0.114209413118911,0.394843487389548,"ictacalcin-like","liver"
"LOC115143146",615.891983573849,0.195776316379614,0.122108974316315,1.60388693126408,0.108738977998959,0.387833868138358,"protein transport protein Sec61 subunit alpha","liver"
"LOC115109805",99.1304798278701,0.195260501103853,0.0858178157252255,2.27524516334416,0.0228912269730604,0.191590638895676,"NADH dehydrogenase [ubiquinone] 1 alpha subcomplex subunit 10, mitochondrial-like","liver"
"LOC115144749",155.652018103622,0.194842586064686,0.0947949173425203,2.05539471234317,0.0398408958127054,0.247171219684303,"proteasome subunit alpha type-1-like","liver"
"LOC115123807",538.86064387133,0.194764386611091,0.113411175450555,1.71746813187972,0.0858936723378282,0.350742551825015,"40S ribosomal protein S19","liver"
"LOC115145368",141.048718448472,0.194635921518393,0.0930228300461432,2.09277843293957,0.0363689379182878,0.236804777883292,"non-specific lipid-transfer protein-like, transcript variant X2","liver"
"LOC115131913",1762.85279979362,0.194386445123389,0.111235411571968,1.74767933968122,0.0805195682953837,0.342229155758065,"nascent polypeptide-associated complex subunit alpha, transcript variant X2","liver"
"LOC115119189",65.2101358426456,0.194121774881205,0.0862977033695785,2.24881412521085,0.0245243243173914,0.198335606979539,"ras-related protein Rab-18-B-like","liver"
"LOC115129377",65.090850952086,0.194041492844094,0.122736669916155,1.5803473858489,0.114027333611209,0.394843487389548,"ancient ubiquitous protein 1-like","liver"
"LOC115114914",1133.87376873569,0.194009664830178,0.110098098689102,1.762286768654,0.0780208582615174,0.336878197324094,"60S ribosomal protein L24-like","liver"
"LOC115132388",484.74422216198,0.193893215009693,0.112239070087076,1.72731593966205,0.084110938050998,0.347975728564534,"CD63 antigen-like","liver"
"ssh2",74.1663391832755,0.193741480617857,0.123646832024876,1.56865181090967,0.11672909288661,0.397673381316156,"slingshot protein phosphatase 2, transcript variant X2","liver"
"LOC115143888",251.262759210741,0.193721227998547,0.0976054923464232,1.98461418643853,0.0471874127661586,0.270134683195032,"26S proteasome non-ATPase regulatory subunit 11B-like","liver"
"LOC115127207",105.393501482469,0.193427610090541,0.118630785965975,1.63078804709489,0.102935050435079,0.377305094940093,"ATP-binding cassette sub-family D member 3-like","liver"
"tmem106c",73.84561126966,0.193401413582205,0.117788895627212,1.64368445474869,0.100241398637244,0.372921081015946,"transmembrane protein 106C, transcript variant X1","liver"
"LOC115129236",58.687377884551,0.193336679203125,0.0980676293843581,1.97118307030663,0.0487029396520271,0.27456871648916,"calcium-binding protein 39-like, transcript variant X1","liver"
"LOC115129536",2035.18964158399,0.19330973896323,0.124010291837898,1.55965675224644,0.118841017361098,0.399022611236311,"sequestosome-1-like, transcript variant X1","liver"
"mpdu1",80.4450563953042,0.193309483900601,0.0844173080990753,2.28910581110925,0.0220732052728056,0.188884564125092,"mannose-P-dolichol utilization defect 1","liver"
"LOC115112491",60.7230279230583,0.193174323888206,0.104375125461605,1.84993276725844,0.0643232404320274,0.310072065194594,"AKT-interacting protein-like, transcript variant X1","liver"
"LOC115103339",862.264413723567,0.193032926557295,0.0984786516732437,1.96010908368429,0.0499830417523167,0.277924392655638,"translocation protein SEC62-like, transcript variant X2","liver"
"LOC115134509",410.677237448584,0.193030702229212,0.118412908845298,1.63006561530717,0.103087629948789,0.377524869426112,"ethanolamine kinase 1-like, transcript variant X1","liver"
"LOC115143728",125.065329928987,0.192857554106626,0.0956925231351031,2.01530639725757,0.0438725550482639,0.260297721072378,"28S ribosomal protein S16, mitochondrial-like","liver"
"LOC115141572",230.895594140988,0.192839596271396,0.119573640900505,1.61241199538577,0.10687231630142,0.38441883969223,"cytochrome c oxidase subunit 7A2, mitochondrial-like","liver"
"LOC115147094",116.93294332928,0.192797100478879,0.0817189189003602,2.35931943577064,0.0183084883184437,0.176003298080133,"protein SET-like","liver"
"LOC115109963",3522.68185733282,0.19276472580364,0.110250375586516,1.74851590234823,0.0803747344061327,0.342229155758065,"nucleoside diphosphate kinase-like, transcript variant X2","liver"
"LOC115119455",2085.57667564131,0.192583366848809,0.111246983829967,1.73120143952022,0.0834158427153517,0.347399207958451,"sodium/potassium-transporting ATPase subunit alpha-1","liver"
"LOC115113136",124.882884168784,0.192572183038028,0.0978511541132961,2.0126911416076,0.0441471318834241,0.261166487020082,"echinoderm microtubule-associated protein-like 6, transcript variant X1","liver"
"LOC115113577",60.1644153341014,0.192494239915363,0.0918038830939013,2.0965872495514,0.0360301289572793,0.236107404549631,"trafficking protein particle complex subunit 2-like protein","liver"
"LOC115128439",503.384844594091,0.192404954442939,0.103308730264262,1.86254524696894,0.06252627385513,0.305950891036627,"proteasome subunit beta type-4-like","liver"
"LOC115112665",367.469194183048,0.192400607596565,0.0979689447404392,1.96393810632106,0.0495372700432806,0.275838678547011,"uncharacterized LOC115112665, transcript variant X2","liver"
"LOC115116342",159.897598194438,0.19215110676272,0.101461556209646,1.89351994131889,0.0582887588767353,0.294770448116096,"high mobility group-T protein-like","liver"
"LOC115141226",118.945181533935,0.192132130095807,0.121610520665534,1.58048800685406,0.113995151299819,0.394843487389548,"serine/threonine-protein kinase 40-like","liver"
"LOC115132091",143.281878399149,0.191847260010773,0.121055550175166,1.58871276745907,0.112125255133853,0.392631048046036,"small integral membrane protein 11A-like","liver"
"LOC115143997",65.3393621687454,0.191834770346975,0.0896497673796717,2.13884363867445,0.0324483339122534,0.226571087159677,"COP9 signalosome complex subunit 3-like","liver"
"nipsnap2",151.641215028271,0.191604195775316,0.109326413636507,1.75307784334567,0.0795886461568775,0.341118109080371,"nipsnap homolog 2","liver"
"oser1",98.5605610748005,0.191602513962581,0.0817049984086507,2.3438429341062,0.0190862070659371,0.178429770643944,"oxidative stress responsive serine rich 1, transcript variant X2","liver"
"LOC115137968",116.940722846393,0.191503612301465,0.100446561967437,1.90695597821619,0.0565262883163848,0.291717484848935,"protein transport protein Sec61 subunit alpha","liver"
"LOC115141340",112.819993849666,0.1914580395438,0.10476759113598,1.82685703555358,0.0677212676272743,0.316414349032478,"peroxisomal targeting signal 1 receptor-like, transcript variant X1","liver"
"LOC115122307",1178.74608412532,0.191222435144732,0.109935337658066,1.73953858749256,0.0819400708975447,0.345018683779301,"40S ribosomal protein S15a","liver"
"LOC115106928",85.3154997623952,0.190670688218029,0.107761945630134,1.76919642773224,0.0768611001443378,0.333915406164639,"aldo-keto reductase family 1 member B1-like","liver"
"LOC115101315",97.4486010638372,0.190150493264318,0.092294684822335,2.05966864606428,0.0394302287863999,0.246919597587044,"calmodulin","liver"
"LOC115108243",169.181204089234,0.190014997376957,0.120813638416976,1.57290459381432,0.1157409112522,0.396770356824195,"40S ribosomal protein S27-like, transcript variant X1","liver"
"LOC115114313",510.402181216687,0.189862857072489,0.10261618184219,1.85030268211031,0.0642699363074351,0.310072065194594,"alpha-tocopherol transfer protein-like","liver"
"LOC115135361",178.492791825815,0.189676250426716,0.0931631079979267,2.03644464203863,0.0417057265522567,0.253610698023486,"erlin-1-like","liver"
"hmgb1",102.877914962328,0.189594694582863,0.111380317981691,1.70060150865017,0.0890178406848747,0.353987042567365,"high mobility group box 1, transcript variant X2","liver"
"LOC115129376",364.576273177167,0.189567194765951,0.118837666648557,1.595469169255,0.110607359065617,0.389715104987415,"tubulin beta-4B chain-like","liver"
"LOC115115949",1050.38389480569,0.189525884037049,0.117043342542655,1.6195423103438,0.105330630662301,0.381400060528364,"elongation factor 1-beta-like","liver"
"LOC115135604",1601.455584138,0.189487793008685,0.10946692692246,1.73106268373186,0.0834405850322187,0.347399207958451,"40S ribosomal protein S23","liver"
"LOC115102700",236.313238687944,0.189462271147034,0.120032272923931,1.57870443890809,0.114403866194077,0.394843487389548,"intelectin-like","liver"
"LOC115132528",183.917605024767,0.189285693917882,0.124120315115754,1.52624379090056,0.126949161348984,0.410344791164518,"keratin, type I cytoskeletal 18","liver"
"hgd",1203.26756714114,0.189244625079873,0.101789771745316,1.85914261763808,0.0630069258522561,0.307196447097842,"homogentisate 1,2-dioxygenase","liver"
"LOC115113120",1083.29712149644,0.189084030281856,0.108431793603923,1.74391094052175,0.0811746206004872,0.344142164600679,"40S ribosomal protein S24, transcript variant X1","liver"
"LOC115103226",73.274031778072,0.189056058113726,0.113625304654534,1.66467901882927,0.0959768110625782,0.365624127731397,"choline-phosphate cytidylyltransferase A-like, transcript variant X1","liver"
"LOC115122675",172.031275722152,0.188948482788731,0.121928965850646,1.55087737284486,0.120931073879919,0.402379638477182,"lysosome membrane protein 2-like","liver"
"tpmt",66.9561241466219,0.188879382860565,0.112118595623001,1.68619120305228,0.0917589777300554,0.359279148153416,"thiopurine S-methyltransferase, transcript variant X2","liver"
"LOC115108385",410.555972650859,0.188863899947535,0.115094283642316,1.6486710290104,0.0992150484585204,0.371350355846583,"MAP kinase-interacting serine/threonine-protein kinase 2-like, transcript variant X1","liver"
"LOC115126919",69.6909229586924,0.188672857296073,0.086900953688812,2.17019048472049,0.0299924186227742,0.218899134271184,"ubiquitin-conjugating enzyme E2 A-like, transcript variant X2","liver"
"LOC115106260",58.6346251389869,0.188636826631419,0.109651740786235,1.71859695713205,0.0856877861334505,0.350742551825015,"phytanoyl-CoA dioxygenase, peroxisomal-like","liver"
"LOC115109031",376.609349533514,0.188498435810592,0.113593231241093,1.65951803799375,0.0970114489416986,0.366247237042691,"uncharacterized LOC115109031, transcript variant X1","liver"
"LOC115112085",925.968771973068,0.188459782210323,0.0993441437459361,1.89708848924311,0.0578162601573367,0.294660212954273,"26S proteasome regulatory subunit 6A-B, transcript variant X1","liver"
"LOC115123318",123.524239109764,0.188442588518108,0.113059679689886,1.66644445805172,0.0956249220871528,0.365292579594409,"RNA-binding protein 45-like","liver"
"LOC115107013",86.582830567859,0.188290948707101,0.0915286836779928,2.0574928673434,0.0396388403201159,0.246919597587044,"optineurin-like, transcript variant X1","liver"
"LOC115129442",197.273455322519,0.188259420829084,0.120419626801223,1.56314318144261,0.118018920860188,0.399022611236311,"cationic amino acid transporter 3-like","liver"
"LOC115134567",140.911997341219,0.188089128515599,0.0775115624597209,2.42644279124576,0.0152476540826919,0.164057073949211,"sorting nexin-1-like, transcript variant X2","liver"
"LOC115126441",113.962028791537,0.188072626710268,0.113143680943473,1.66242020281725,0.0964285509011584,0.366111140860422,"enolase-phosphatase E1, transcript variant X2","liver"
"LOC115113392",168.095911950705,0.187847755791889,0.0800085271432524,2.34809969462234,0.0188694699761047,0.177754614506176,"ATP-dependent RNA helicase DDX3X-like, transcript variant X1","liver"
"LOC115113500",690.884849216459,0.187678762736369,0.108663765122178,1.72728680685099,0.0841161674099398,0.347975728564534,"synaptotagmin-13-like, transcript variant X2","liver"
"LOC115128625",187.638755670216,0.187609642220716,0.124257470861444,1.51149105543306,0.130663385803046,0.41540889168661,"hydroxyacid oxidase 2-like, transcript variant X6","liver"
"LOC115139474",74.3840454833525,0.187539044959349,0.102475590875487,1.83013634500735,0.067229553369437,0.315170651201997,"NUAK family SNF1-like kinase 2","liver"
"LOC115104972",462.615002180171,0.187521262550289,0.102086885271514,1.83693500426817,0.066219490994631,0.3128136385416,"eukaryotic translation initiation factor 2 subunit 3","liver"
"LOC115105520",72.370640434349,0.187470676532953,0.121944424611139,1.54057124755459,0.123421170171424,0.406024769668059,"GTPase Era, mitochondrial, transcript variant X1","liver"
"LOC115116444",625.539889147832,0.187426044932943,0.0967503836642565,1.93732375035002,0.0527057808036264,0.28440666342479,"proteasome subunit alpha type-4-like","liver"
"LOC115142754",772.729884985728,0.187356053758364,0.12156399131534,1.54177020429972,0.123129444988397,0.405392259913334,"RNA polymerase II elongation factor ELL2-like, transcript variant X2","liver"
"LOC115140780",87.5717418790297,0.187297211971433,0.0890329438115007,2.10448001857233,0.0353365958098582,0.234579746776844,"cell division control protein 42 homolog","liver"
"LOC115124728",67.1797899783411,0.186816639545362,0.117500095543669,1.59039153592616,0.111746577015065,0.391641485738095,"single-stranded DNA-binding protein 3-like, transcript variant X2","liver"
"LOC115119775",2625.0215449487,0.186805247166187,0.124028493631236,1.50692920527466,0.1318288045061,0.416538145090591,"endoplasmic reticulum chaperone BiP","liver"
"LOC115114242",92.8782361970596,0.186794252248791,0.100085872308026,1.86602444570054,0.062037945421835,0.305394523598308,"coatomer subunit beta'-like","liver"
"kiaa1143",67.4765570664368,0.186422402143951,0.0934896673314267,1.9943771862937,0.0461108497568765,0.265225701793456,"KIAA1143 ortholog","liver"
"LOC115102501",99.4895868309557,0.186401939968343,0.0923351986571581,2.01779149774564,0.0436129807478255,0.25951315259582,"V-type proton ATPase subunit S1-like","liver"
"LOC115115620",66.5633888911584,0.186296667606745,0.110715800015907,1.6829866158404,0.0923776824323861,0.359285719078632,"E3 ubiquitin-protein ligase synoviolin-like, transcript variant X2","liver"
"LOC115126013",70.9386252007714,0.186272045772608,0.123316879398694,1.51167521730572,0.130616506233008,0.41540889168661,"transmembrane protein 14C-like, transcript variant X2","liver"
"LOC115107006",96.0204699012881,0.186060007888071,0.104211219767058,1.78562928750827,0.0741593015881476,0.329172675117172,"calphotin-like","liver"
"LOC115138515",135.271743221054,0.186047916254443,0.08803557587579,2.11369242875965,0.0345415455926769,0.233098244761177,"transmembrane emp24 domain-containing protein 10-like","liver"
"LOC115114642",4469.10304169294,0.185994891543287,0.107597487487411,1.72870190019456,0.0838624610981509,0.347734884472089,"peroxiredoxin","liver"
"LOC115132993",90.1696874162623,0.185947529893732,0.118451924241196,1.5697525916179,0.116472680793547,0.397673381316156,"NADH dehydrogenase [ubiquinone] 1 beta subcomplex subunit 2, mitochondrial-like, transcript variant X2","liver"
"LOC115134253",518.277144818283,0.185914451736896,0.111436448538982,1.66822836643329,0.0952704018312198,0.364621744473288,"chromodomain-helicase-DNA-binding protein 2-like, transcript variant X1","liver"
"LOC115128279",120.149573456315,0.185425523356973,0.124263929869492,1.49310574698257,0.135409508441276,0.422025930165245,"sialidase-1-like","liver"
"phykpl",67.8871471995815,0.185200126642965,0.11587739979667,1.59798775877504,0.110045701431361,0.38868828339188,"5-phosphohydroxy-L-lysine phospho-lyase, transcript variant X1","liver"
"LOC115139890",1203.45168515924,0.185110708749152,0.111204299075268,1.66470629732809,0.0959713660142772,0.365624127731397,"60S ribosomal protein L35-like","liver"
"fmc1",132.975264552842,0.185082100225667,0.0888630368073559,2.08236306489461,0.0373093194712521,0.238699977715578,"formation of mitochondrial complex V assembly factor 1 homolog","liver"
"aco1",722.542964760854,0.18490189867192,0.0748152393242808,2.47156488517453,0.0134523136793247,0.157883405011815,"aconitase 1, transcript variant X1","liver"
"LOC115118723",127.220982394907,0.184690279828049,0.0944198839102635,1.95571082483609,0.0504992288343947,0.279666924903523,"eukaryotic translation initiation factor 3 subunit J-A-like","liver"
"LOC115137212",1078.20384049173,0.184569508194332,0.111524414855228,1.65515738889656,0.097892576218344,0.369112063520786,"40S ribosomal protein S6","liver"
"LOC115103785",113.079746865209,0.184446203319632,0.114357689597073,1.61347722184664,0.106640868061541,0.384321996656799,"nicotinate-nucleotide pyrophosphorylase [carboxylating]-like, transcript variant X2","liver"
"vps26c",109.248810235377,0.184225563341304,0.111832512754037,1.64651504333705,0.0996577655117678,0.372665185528409,"VPS26 endosomal protein sorting factor C, transcript variant X1","liver"
"LOC115118543",106.794334858086,0.184073212697393,0.0845690714449066,2.17671328997749,0.0295019660845792,0.2186363886559,"ER membrane protein complex subunit 10-like, transcript variant X1","liver"
"itm2b",157.034203494152,0.18401593598983,0.0967590859684791,1.90158524960729,0.0572253978132862,0.293028544581601,"integral membrane protein 2B","liver"
"mtor",1169.24620163797,0.183888275012637,0.11587515432687,1.59374801829046,0.110992484492584,0.390341127516629,"mechanistic target of rapamycin kinase, transcript variant X2","liver"
"LOC115146682",214.209443445955,0.183645845247497,0.109517296746135,1.67702952355958,0.0935367087538385,0.361722604251087,"ATPase inhibitor B, mitochondrial-like","liver"
"LOC115110905",63.5377867683306,0.183289499462129,0.10916023435343,1.68075198410846,0.0928110986799605,0.360627300495252,"nucleosome-remodeling factor subunit BPTF-like","liver"
"LOC115135451",1091.91899876957,0.183163021831614,0.104219330544653,1.75760662928065,0.0788144645969224,0.338868942718413,"40S ribosomal protein S14","liver"
"LOC115106595",1053.65536466817,0.182890737475528,0.0999754033503855,1.82933938208039,0.0673487824330076,0.315170651201997,"V-type proton ATPase 16 kDa proteolipid subunit-like","liver"
"LOC115113035",293.773493709201,0.18287180436371,0.10309888088909,1.79760454019134,0.072239698359612,0.326440144693768,"transmembrane protein 14A-like, transcript variant X1","liver"
"sec13",71.6952074807342,0.182835845314936,0.114283364998641,1.600274836402,0.109537626637155,0.387902142635137,"SEC13 homolog, nuclear pore and COPII coat complex component, transcript variant X2","liver"
"atg3",79.0803218732041,0.182818740760243,0.0826806783155869,2.21078013483433,0.0270510661227551,0.210420125031202,"autophagy related 3, transcript variant X1","liver"
"LOC115125732",191.01303253316,0.182782293753594,0.0885388904809068,2.06466120633321,0.0389550676072479,0.245790798091552,"actin-related protein 2/3 complex subunit 3-B-like","liver"
"LOC115113514",69.9727339158068,0.182728903217855,0.0883927933124997,2.06681097885798,0.0387519685579793,0.245268670562614,"cytoplasmic dynein 1 light intermediate chain 2-like, transcript variant X2","liver"
"LOC115138660",101.727643698212,0.182561696376944,0.119426599723452,1.53032151956981,0.125937164183183,0.409345997775641,"NF-kappa-B inhibitor alpha-like","liver"
"LOC115126363",469.449381795945,0.182347995934179,0.111802533389591,1.6312733129102,0.102832661880191,0.377305094940093,"tumor necrosis factor receptor superfamily member 14-like, transcript variant X1","liver"
"LOC115121065",1353.12745824996,0.181815297565996,0.0940427485445752,1.93340224346694,0.0531866651079435,0.28440666342479,"60S ribosomal protein L27","liver"
"LOC115129554",278.053694681478,0.181755230245088,0.0836458585650572,2.17309312441317,0.0297733090955678,0.218899134271184,"electron transfer flavoprotein-ubiquinone oxidoreductase, mitochondrial-like","liver"
"LOC115128031",207.471892747524,0.181568022028279,0.104612683002769,1.73590267409062,0.082581044902798,0.346143755999943,"60S ribosomal protein L28-like","liver"
"LOC115129842",67.5876743547515,0.181496662026644,0.112790033895245,1.6077831796557,0.107882673572297,0.386745626632086,"histone deacetylase complex subunit SAP18-like","liver"
"LOC115130688",132.918039338148,0.181427467357769,0.120648776892943,1.50367076036043,0.132666161527688,0.417888156404061,"nocturnin-like, transcript variant X1","liver"
"LOC115135251",97.4904595283907,0.181131579017097,0.101532970359545,1.78455409912846,0.0743336723309325,0.329172675117172,"calmodulin","liver"
"LOC115112549",187.241733857446,0.181075974321966,0.0868609117993614,2.08461819614027,0.037103971450101,0.238699977715578,"ATP synthase subunit O, mitochondrial-like","liver"
"LOC115132427",170.875345059545,0.180930909023693,0.105772153052937,1.71107275060738,0.0870676837382378,0.352304759982719,"polypyrimidine tract-binding protein 1-like, transcript variant X1","liver"
"LOC115126314",90.192834093641,0.180918508591733,0.117355700434726,1.54252137797615,0.122946947074101,0.405246159641015,"cytochrome c oxidase subunit 7A-related protein, mitochondrial-like","liver"
"LOC115109286",111.119972222703,0.180913411797667,0.123873467606481,1.46164709890251,0.143837940729068,0.431725660096968,"zinc finger protein 708-like, transcript variant X1","liver"
"LOC115132762",81.720426715795,0.180684436187605,0.118361711630803,1.5319548236979,0.125533583243752,0.408851159107954,"ictacalcin-like","liver"
"LOC115141892",2413.83892703264,0.180594267657417,0.112432310996848,1.60639664762013,0.108186786999926,0.387154823364089,"40S ribosomal protein S25-like","liver"
"agxt",1867.9756505831,0.180128059722434,0.124244002179021,1.45083737967204,0.146825148310785,0.435493105468807,"alanine--glyoxylate and serine--pyruvate aminotransferase","liver"
"LOC115144689",76.8892778779423,0.180031143220717,0.086910435297913,2.07087119901751,0.0383708343166953,0.243612960552726,"cytochrome c oxidase subunit 5A, mitochondrial-like","liver"
"LOC115135671",67.5088520327555,0.179618953005293,0.120425652703959,1.49166279781009,0.135787566462908,0.422520506115968,"H/ACA ribonucleoprotein complex subunit DKC1-like","liver"
"LOC115105431",63.5969198498291,0.179607463051229,0.106172126781203,1.69003141023229,0.0910219455982164,0.358113368975222,"ras-related GTP-binding protein C","liver"
"LOC115112893",351.850666663989,0.179514497646763,0.123495525512054,1.45390442566906,0.145972805655013,0.435493105468807,"cystathionine beta-synthase-like","liver"
"LOC115122329",65.9598119407592,0.179439734129491,0.112523705096657,1.59497035817145,0.110718864468947,0.389715104987415,"protein jagunal homolog 1-B","liver"
"LOC115107550",2511.28756650074,0.179346185166568,0.0932757745451983,1.9227376874782,0.0545130012328421,0.287001509588736,"leucine-rich alpha-2-glycoprotein-like","liver"
"LOC115143168",168.681748099668,0.179264052092245,0.0904596841048269,1.98176326333373,0.0475057428992455,0.27081595532493,"5'-AMP-activated protein kinase subunit gamma-1-like","liver"
"LOC115114176",64.2713283030512,0.179183098952621,0.124142068614125,1.44357602873249,0.148858271892652,0.438083982840758,"volume-regulated anion channel subunit LRRC8D-like","liver"
"rpl27a",1314.7015899205,0.178979836006137,0.112195404092004,1.5953826836226,0.110626685909518,0.389715104987415,"ribosomal protein L27a","liver"
"LOC115102094",216.099175458322,0.178941015045694,0.0922701409322655,1.93915024799593,0.0524830456852565,0.284120957496779,"phospholemman-like, transcript variant X2","liver"
"rps21",1127.76346629332,0.178894719016739,0.100940471979479,1.77226978028684,0.0763497851093541,0.333098555422861,"ribosomal protein S21","liver"
"LOC115109348",70.017494822881,0.178794308532128,0.110270770884172,1.62232815348242,0.104733103639094,0.37979726906846,"heat shock factor-binding protein 1-like","liver"
"cops9",157.788192976912,0.178700673852484,0.111637660250046,1.60062095565061,0.109460897978396,0.387902142635137,"COP9 signalosome subunit 9","liver"
"LOC115108626",78.2793067935792,0.178521158831109,0.092463033170036,1.92961106069724,0.0536550473106299,0.285879703056376,"protein mago nashi homolog","liver"
"LOC115123753",384.157415664015,0.178465400095867,0.121615315238943,1.46804802590496,0.142091177945615,0.429510379412954,"transmembrane protein 258","liver"
"LOC115132410",99.2906584590323,0.178319033658495,0.0918822598836772,1.94014026573038,0.0523626456584547,0.284120957496779,"C4b-binding protein alpha chain-like, transcript variant X2","liver"
"LOC115102726",60.8287043243658,0.17809849495832,0.104604679790264,1.70256904220109,0.0886487476419809,0.353757565046943,"ubiquitin-conjugating enzyme E2 R1","liver"
"LOC115105717",70.9248113841685,0.17804082943689,0.0892317355337292,1.99432539711522,0.0461165054989657,0.265225701793456,"ras-related GTP-binding protein A, transcript variant X1","liver"
"LOC115112440",597.100087985284,0.177907338836493,0.105883757030187,1.68019762776457,0.0929188707553494,0.360702206856004,"40S ribosomal protein S13-like","liver"
"LOC115114749",64.6072200770246,0.177785332370238,0.0997280194218396,1.78165195378876,0.0748060065024159,0.32998840097819,"cytochrome b-c1 complex subunit 10","liver"
"LOC115113961",494.677881694326,0.177511524805726,0.118830614396942,1.49404405154183,0.135164105801563,0.422025930165245,"protein transport protein Sec61 subunit gamma-like, transcript variant X1","liver"
"fem1c",58.6575637379766,0.177417218171763,0.105641506445964,1.67888228189122,0.0931749882954882,0.361008794954762,"fem-1 homolog C","liver"
"LOC115103775",213.16083133671,0.177393439946558,0.0927612245798439,1.91242496162777,0.0558217088447117,0.289477462151457,"proteasome subunit beta type-3","liver"
"LOC115120883",333.573743069546,0.177301015755079,0.106574494812741,1.66391459433857,0.0961294980529385,0.365848584560016,"FAD synthase-like","liver"
"LOC115112536",2521.33503614597,0.177138854346358,0.113023025246917,1.56741775295366,0.117017077015494,0.397673381316156,"polyamine-modulated factor 1-binding protein 1-like","liver"
"cited2",62.0224776560916,0.176907877130979,0.120515613450027,1.47262591598239,0.140851932766106,0.428662337025698,"Cbp/p300 interacting transactivator with Glu/Asp rich carboxy-terminal domain 2","liver"
"LOC115111993",59.259831425829,0.176760823213147,0.104759054558706,1.6862194475836,0.091753539442057,0.359279148153416,"protein FAM160B2-like, transcript variant X1","liver"
"slc8b1",136.206975655152,0.176718210924167,0.118213928669306,1.49920356330405,0.133820830928625,0.419579774511597,"solute carrier family 8 member B1, transcript variant X3","liver"
"LOC115139990",87.4938978414538,0.176618207443834,0.083465471510482,2.11533115244768,0.0344017331319604,0.233098244761177,"transmembrane protein 127-like, transcript variant X1","liver"
"LOC115104235",120.962499659442,0.176435161055931,0.099659931766474,1.77092339582985,0.0765734412245389,0.333098555422861,"glucosidase 2 subunit beta-like, transcript variant X4","liver"
"LOC115106841",198.947579161991,0.176340287685873,0.10769667036004,1.63734244365442,0.101558937131526,0.373942391823035,"cyclin-dependent kinase inhibitor 1B-like","liver"
"LOC115142616",591.204674384731,0.176326682209976,0.12302399097988,1.43372244034339,0.151651485761452,0.442471925779497,"N-acetylmuramoyl-L-alanine amidase-like, transcript variant X2","liver"
"LOC115104181",116.429400761166,0.176237169197981,0.09026087451317,1.95247892813242,0.0508813703269874,0.280793611630819,"lipopolysaccharide-induced tumor necrosis factor-alpha factor homolog, transcript variant X1","liver"
"LOC115144414",68.6139885311723,0.176215974991571,0.119078905254931,1.47965399719291,0.138965608290729,0.426203024373974,"glutathione S-transferase 3-like","liver"
"LOC115130653",1455.34345233884,0.176171697278436,0.115052233655563,1.5313431037319,0.12568461785139,0.408851159107954,"ADP/ATP translocase 2-like","liver"
"LOC115101134",580.969045944648,0.175923956149687,0.122641595148986,1.43491451099939,0.151311460101174,0.442428630826675,"growth hormone receptor-like, transcript variant X1","liver"
"LOC115136793",254.061140035594,0.175887683298266,0.110612877424399,1.59041094994455,0.111742203723287,0.391641485738095,"T-complex protein 1 subunit zeta","liver"
"LOC115138299",861.101615772544,0.175852611451233,0.106476887313357,1.65164935695061,0.0986060521043681,0.370449604895423,"60S ribosomal protein L13a-like","liver"
"LOC115141493",699.09693021315,0.175625736861841,0.10819002503771,1.62345786038353,0.104491564536191,0.379596806639496,"translocon-associated protein subunit alpha","liver"
"LOC115129293",81.4672720974212,0.17549599210018,0.119792844812666,1.46415630366717,0.143151246296741,0.430615852328795,"COMM domain-containing protein 5-like","liver"
"LOC115138099",59.7308396866843,0.175364226217612,0.110629846938051,1.58468703546707,0.113037458923061,0.394213625770567,"phospholipase A-2-activating protein-like","liver"
"rcl1",5076.98871141191,0.175288071862384,0.0977531585118738,1.79320814614404,0.0729396480199681,0.326705500361967,"RNA terminal phosphate cyclase like 1","liver"
"LOC115136183",336.852045677145,0.175180345689949,0.0962361634111899,1.82028874909064,0.0687150438426059,0.318235015948244,"serine/threonine-protein phosphatase 2A catalytic subunit alpha isoform-like, transcript variant X2","liver"
"LOC115107684",93.8100935912072,0.17506531156742,0.0852610973224128,2.05331823672026,0.04004172330398,0.248039611226478,"m-AAA protease-interacting protein 1, mitochondrial-like","liver"
"LOC115121668",984.170557192459,0.174874085475138,0.0958346795404841,1.82480398997204,0.0680306135512239,0.317268627957424,"60S ribosomal protein L27-like","liver"
"LOC115128392",177.07678798933,0.174871499249921,0.085053209367028,2.05554575376201,0.0398263211614108,0.247171219684303,"ATP synthase subunit O, mitochondrial-like","liver"
"haao",83.9214918107747,0.174647424847807,0.124246827533624,1.40642874193328,0.159596850495725,0.451121194605114,"3-hydroxyanthranilate 3,4-dioxygenase","liver"
"LOC115131258",103.47040829425,0.174446413978925,0.0961696034280095,1.81409041099718,0.069663807604067,0.319403464335407,"small nuclear ribonucleoprotein Sm D1, transcript variant X3","liver"
"LOC115131739",766.989959692479,0.174382457091814,0.10656575690352,1.63644649210565,0.101746175647483,0.374293693085867,"40S ribosomal protein S5","liver"
"rab13",74.672977665242,0.174348398508946,0.0920622054354865,1.89379249760866,0.0582525578718635,0.294770448116096,"RAB13, member RAS oncogene family","liver"
"aifm2",63.1338061945869,0.174064624239571,0.12206323918339,1.4248176649242,0.154209914632549,0.444006832320837,"apoptosis inducing factor mitochondria associated 2","liver"
"LOC115139206",151.705843278878,0.173886259901471,0.0963533073425327,1.80462483931278,0.0711334084206811,0.323593496342295,"methylmalonate-semialdehyde dehydrogenase [acylating], mitochondrial-like, transcript variant X1","liver"
"LOC115108107",100.325086186689,0.17385299959327,0.113802587239696,1.528193416226,0.126464522961933,0.410052665416657,"cytochrome b-c1 complex subunit 6, mitochondrial-like","liver"
"LOC115107721",312.780397813226,0.17381926038708,0.0920068745909749,1.88893675556639,0.05890030365788,0.295850055426932,"serine incorporator 1-like","liver"
"LOC115119588",94.1717148272135,0.173723374754932,0.101392477764674,1.71477926738672,0.0863857040740881,0.351054964911249,"ribonuclease H1-like, transcript variant X3","liver"
"LOC115123566",143.833569123039,0.173571908882595,0.121961740285359,1.42498674816171,0.154161031782373,0.444006832320837,"ferritin, middle subunit-like","liver"
"LOC115107584",95.396415438412,0.173563614649739,0.0799155652847699,2.17178825324802,0.0298716381181785,0.218899134271184,"serine/threonine-protein phosphatase 2A 56 kDa regulatory subunit alpha isoform-like","liver"
"LOC115102708",150.527065802286,0.173339200104364,0.0893957067425599,1.93853327875728,0.0525581947871862,0.284120957496779,"TAR DNA-binding protein 43-like","liver"
"LOC115105004",116.280786841945,0.173338532158245,0.106543500412679,1.62627673467529,0.103890798708979,0.378875711617528,"cullin-1-like","liver"
"LOC115131981",81.7458106537503,0.17328082643723,0.0971637944858787,1.78337103609636,0.0745259248473204,0.329466019173187,"rho-related GTP-binding protein RhoA-B","liver"
"ufsp2",72.8522768431329,0.173142934804296,0.0935504590634481,1.85084780937867,0.0641914508309594,0.310072065194594,"UFM1 specific peptidase 2","liver"
"LOC115122746",58.2660206834732,0.17288707025307,0.0912695244427932,1.89365578211642,0.0582707141273815,0.294770448116096,"golgin subfamily A member 2-like, transcript variant X1","liver"
"LOC115145049",232.601152761464,0.172717386633954,0.123655121553381,1.39826093925106,0.162034722992276,0.455191954661357,"polymeric immunoglobulin receptor-like, transcript variant X3","liver"
"rbp4",7173.30062078947,0.172688097616077,0.11648431363246,1.48261591743369,0.138176485631962,0.425370860964421,"retinol binding protein 4","liver"
"LOC115133282",131.694481382638,0.172587214583749,0.123608392868487,1.39645603289224,0.162577211769478,0.455221463268407,"insulin receptor substrate 2-B-like","liver"
"LOC115116664",140.32036487725,0.172465123519054,0.0917243513977123,1.88051646914293,0.0600377239881931,0.300262285859969,"coatomer subunit beta, transcript variant X2","liver"
"snap23",58.9345360016721,0.172445814716028,0.102849583360648,1.67562138875815,0.0938123765631048,0.362302933203603,"synaptosome associated protein 23, transcript variant X3","liver"
"LOC115144421",447.546754665778,0.172399643226715,0.0925082224456915,1.86343541774093,0.0624010308911388,0.305705050375339,"mitochondrial pyruvate carrier 1-like","liver"
"srp19",125.814026096992,0.172304595513573,0.1013606906618,1.69992630165805,0.0891447889076366,0.354146354373808,"signal recognition particle 19","liver"
"LOC115130744",209.377829938091,0.172143257364096,0.123360739923901,1.39575413199686,0.16278854711468,0.455221463268407,"protein NipSnap homolog 3A-like, transcript variant X2","liver"
"LOC115101330",1347.45989142158,0.172078218673054,0.117473399258098,1.46497041259657,0.142928990281122,0.430582826597082,"peroxiredoxin-5, mitochondrial-like","liver"
"srp9",71.3978955710647,0.171982200022067,0.109882413115979,1.56471458586424,0.117649846901462,0.399022611236311,"signal recognition particle 9","liver"
"LOC115118419",276.557272748153,0.171977985772345,0.0894297265326931,1.92294843430716,0.054486526164199,0.287001509588736,"serine/threonine-protein phosphatase 2A catalytic subunit beta isoform","liver"
"LOC115119306",133.957766896685,0.171890601675999,0.0994267764200467,1.72939925846558,0.0837376626486347,0.347664337007804,"protein SET-like","liver"
"LOC115124171",187.963244743707,0.171835629953222,0.110635752256809,1.55335633271234,0.120338029053519,0.401530396424794,"sodium-dependent phosphate transporter 1-B-like","liver"
"LOC115126561",69.8540266858752,0.171740255301607,0.115555042993346,1.48801504047053,0.136746927187985,0.422717936195613,"heat shock factor-binding protein 1-like","liver"
"LOC115106933",180.249492004698,0.171735693659641,0.0966787839864534,1.77696028588668,0.0755747742671579,0.330873018166419,"short transmembrane mitochondrial protein 1-like","liver"
"LOC115117204",276.618313559365,0.171728185210329,0.0834870188925992,2.05707325719629,0.0396791796907542,0.246919597587044,"protein SREK1IP1-like","liver"
"LOC115112121",66.9088711625896,0.171381949080963,0.0956991986524371,1.78993437350045,0.0734644621475211,0.327974970113139,"vacuolar protein sorting-associated protein 35-like, transcript variant X1","liver"
"LOC115119315",757.154158288586,0.171269274125414,0.115127006110713,1.48784343514465,0.136792187890582,0.422717936195613,"60S ribosomal protein L31-like","liver"
"LOC115107021",158.531066972436,0.171228042688449,0.102657899794794,1.66823614771613,0.0952688577478756,0.364621744473288,"ATP synthase subunit gamma, mitochondrial-like, transcript variant X1","liver"
"LOC115141359",70.8081553276492,0.171197786190423,0.114156272064065,1.50225859014693,0.133030338633242,0.418388626750845,"platelet-activating factor acetylhydrolase IB subunit alpha-like","liver"
"LOC115103371",163.708786429659,0.170974942517652,0.116751980766402,1.46350922256336,0.14332809191317,0.430685362770068,"nuclear receptor-binding protein 2-like, transcript variant X2","liver"
"LOC115132130",324.765913462177,0.17091517264209,0.0878443440051718,1.94565697474377,0.0516959581653163,0.283191413425724,"syntenin-1-like","liver"
"znf414",85.2965055574675,0.170762267064487,0.11547853828097,1.48012122767927,0.138840897464367,0.426141188301776,"zinc finger protein 414, transcript variant X1","liver"
"LOC115136381",113.689344743229,0.170618445312786,0.118857258558261,1.43581796638242,0.151054146059675,0.441993323287318,"mitochondrial fission 1 protein-like","liver"
"gcat",81.2324986042887,0.170451096720886,0.123386666132218,1.38133160499552,0.167177024812921,0.459483178110225,"glycine C-acetyltransferase","liver"
"LOC115133233",3765.4709271905,0.169961606870086,0.11575334594044,1.46847779690159,0.141974483006864,0.429510379412954,"L-lactate dehydrogenase B chain-like, transcript variant X2","liver"
"LOC115142915",1565.89190801898,0.169953251877858,0.111652625727486,1.52225325614457,0.127945635569847,0.411700045088005,"60S ribosomal protein L10a-like","liver"
"bnip3",107.430551896785,0.169950093039112,0.094728112401304,1.79418018692333,0.0727844134836674,0.326705500361967,"BCL2 interacting protein 3, transcript variant X1","liver"
"LOC115122295",70.8663462206216,0.169867065073401,0.119755358007105,1.41740445400645,0.156364711219649,0.446631088248977,"Krueppel-like factor 15","liver"
"LOC115111380",576.362148409335,0.169744076471036,0.12388208856902,1.37068783994925,0.170472287097012,0.464553299943853,"Krueppel-like factor 9","liver"
"LOC115113375",252.693791721102,0.169691780396422,0.120622876541172,1.40665749984421,0.159528973908611,0.451121194605114,"lysophosphatidylserine lipase ABHD12-like","liver"
"LOC115119022",242.103376297865,0.169615799590774,0.101527598341352,1.67078003475898,0.0947651334864573,0.364055310170405,"transmembrane emp24 domain-containing protein 9-like","liver"
"LOC115114539",93.0510078770924,0.169554176409343,0.0948906274757088,1.78691232426348,0.0739516602794399,0.328709888003268,"EF-hand calcium-binding domain-containing protein 14-like","liver"
"LOC115110055",971.694614274358,0.16938250523737,0.124113953230877,1.36566935968744,0.172042765633139,0.466254197287682,"ferritin, middle subunit-like","liver"
"LOC115108220",220.147605474463,0.169171424776112,0.11643144022152,1.45356367032146,0.146067315317298,0.435493105468807,"myeloid-derived growth factor-like","liver"
"LOC115125303",119.192681076749,0.169072507286117,0.119763369789577,1.41316554461127,0.157607054826973,0.447369174076884,"tubulin alpha chain","liver"
"LOC115146294",85.2068706950803,0.16876690664719,0.0881314750260722,1.91472139682126,0.0555280433460949,0.28905786038146,"BSD domain-containing protein 1-like","liver"
"LOC115119004",665.857808387166,0.168707870996709,0.110164835730514,1.53152203738483,0.125640424212016,0.408851159107954,"60S ribosomal protein L35","liver"
"LOC115136059",85.7266553076383,0.168651323522556,0.108539405594618,1.55485411160997,0.119980818349979,0.401425114690011,"ras-related protein Rap-1A-like, transcript variant X1","liver"
"LOC115138225",971.23763022466,0.168643529013058,0.0971111926582121,1.73665222594719,0.0824485751278026,0.346097211350076,"oligosaccharyltransferase complex subunit ostc-like","liver"
"LOC115135651",306.599930943144,0.168519039942351,0.111489453015181,1.51195271856496,0.130545891176579,0.41540889168661,"peptidyl-prolyl cis-trans isomerase FKBP2-like","liver"
"LOC115127823",134.597636934111,0.168514314929575,0.0878356856622689,1.9176829326347,0.0551512271502588,0.288570477361303,"protein strawberry notch homolog 1-like, transcript variant X3","liver"
"LOC115141381",239.809374333948,0.168513620905393,0.0660609292246777,2.55092455899538,0.0107437578959426,0.144859769983296,"eukaryotic translation initiation factor 3 subunit E","liver"
"uprt",59.3864761048615,0.168181315009181,0.111008007346613,1.51740318033247,0.129164921471573,0.413266182521849,"uracil phosphoribosyltransferase homolog, transcript variant X1","liver"
"LOC115112217",69.1774565980089,0.167987140545934,0.0923421406707321,1.81959282358577,0.068821035361714,0.318235015948244,"ubiquitin carboxyl-terminal hydrolase 47-like, transcript variant X4","liver"
"LOC115143444",69.1578860857392,0.167893628810095,0.101692448184951,1.65162583923546,0.0986108491932124,0.370449604895423,"tumor suppressor candidate 2-like, transcript variant X1","liver"
"LOC115123159",294.921715162025,0.167844699912611,0.124136576459822,1.3530839420804,0.176028815031446,0.471414881779352,"ferritin, middle subunit-like","liver"
"LOC115128497",556.926519165706,0.167827436238864,0.109494279231617,1.53293113222393,0.125292824201234,0.408851159107954,"translocon-associated protein subunit beta-like","liver"
"LOC115134219",193.596973053019,0.167799585202431,0.110582056000369,1.5173789732582,0.129171029571353,0.413266182521849,"ADP-ribosylation factor 4-like","liver"
"LOC115112485",111.118170479957,0.167747536551025,0.100983669361747,1.66102627011516,0.0967081707634194,0.366232141905617,"terminal nucleotidyltransferase 4A-like","liver"
"LOC115103321",104.175978581044,0.167730477701777,0.111121037637439,1.50956460695274,0.131154558161734,0.41540889168661,"TSC22 domain family protein 2-like, transcript variant X2","liver"
"LOC115135688",91.4573068422672,0.167707886767771,0.110803486624553,1.51365914413038,0.130112312158089,0.414974792141135,"nucleophosmin-like","liver"
"LOC115113592",39891.2143299596,0.167591904137608,0.114444280687001,1.46449463244276,0.143058848581993,0.430615852328795,"haptoglobin-like, transcript variant X1","liver"
"LOC115134791",64.9654910359669,0.167573497803789,0.107184690516817,1.56302219317174,0.118047374853424,0.399022611236311,"RNA-binding protein 45-like, transcript variant X3","liver"
"LOC115129586",101.124697127954,0.167503203926212,0.0893643138867271,1.87503253768282,0.0607882473750155,0.303270077232676,"NF-kappa-B-activating protein-like, transcript variant X1","liver"
"LOC115107559",86.916832339842,0.167470701373254,0.0979005317439918,1.71029221559789,0.0872118505452806,0.352304759982719,"rho-related GTP-binding protein RhoB-like","liver"
"LOC115134140",743.1569612402,0.16743313173636,0.10225460352012,1.63754706524291,0.101516213237112,0.373942391823035,"40S ribosomal protein S17, transcript variant X1","liver"
"LOC115121566",1540.14620149682,0.16723335027264,0.108721629572317,1.53827361747138,0.12398172760621,0.407006451630996,"60S ribosomal protein L26","liver"
"LOC115121105",30661.0139628788,0.16697525620958,0.122042181032327,1.3701319169856,0.170645726239002,0.464553299943853,"metalloproteinase inhibitor 2-like","liver"
"LOC115111634",90.1089188117105,0.16697327524678,0.100114292530509,1.66746183817844,0.0954226065742573,0.364861673918079,"cyclin-dependent kinase 2-associated protein 1-like","liver"
"LOC115127083",64.9285114096292,0.166857989941568,0.12383897228337,1.34826701432737,0.17757251737414,0.473681662838348,"aminoacyl tRNA synthase complex-interacting multifunctional protein 1-like","liver"
"LOC115139681",370.712223863557,0.166797282099917,0.116176141429502,1.43626102191742,0.150928080880907,0.441993323287318,"lysosomal-associated transmembrane protein 4A-like, transcript variant X3","liver"
"LOC115138300",65.4625909916781,0.166694528640891,0.100551102099882,1.65936165511083,0.0970429381761793,0.366247237042691,"CAAX prenyl protease 1 homolog","liver"
"LOC115143486",2722.24794712035,0.166535752596052,0.124272583861242,1.34086610723553,0.179963928080584,0.476053612261547,"60S acidic ribosomal protein P2-like","liver"
"LOC115122847",140.736329114118,0.166509629219537,0.0845555583324324,1.96974684928243,0.0488673907863962,0.27463759149096,"rab GDP dissociation inhibitor beta-like","liver"
"LOC115107931",79.0320374157429,0.166415670075104,0.0733320052903381,2.26882984711448,0.0232786751656761,0.193640571378154,"AN1-type zinc finger protein 3-like, transcript variant X1","liver"
"LOC115138144",559.411261548364,0.166389061495456,0.0950599671341458,1.75026716579469,0.08007222380657,0.342229155758065,"gamma-aminobutyric acid receptor-associated protein-like","liver"
"LOC115143067",662.370249766949,0.166370563653527,0.0956867529908706,1.73858948244546,0.0821069978571938,0.345018683779301,"probable Bax inhibitor 1, transcript variant X1","liver"
"LOC115112169",90.4222819987005,0.166169546564461,0.100113599714449,1.66027453208679,0.096859236745401,0.366232141905617,"IST1 homolog, transcript variant X2","liver"
"LOC115137195",314.082027659711,0.166063734517631,0.109208941504691,1.52083521384627,0.128301195161964,0.411700045088005,"probable signal peptidase complex subunit 2","liver"
"LOC115106702",97.6924156199937,0.166043848218063,0.0939746032014125,1.76717138542636,0.077199530293852,0.334750303699724,"mitochondrial amidoxime-reducing component 1-like","liver"
"LOC115131937",73.666266145217,0.165645466706329,0.0852804652633021,1.94194183288362,0.0521441423732085,0.283386032417597,"PRELI domain containing protein 3B-like, transcript variant X2","liver"
"LOC115140965",169.260189971169,0.165610803460682,0.0788673210569648,2.09980016633988,0.0357464236204514,0.236098373869557,"tetraspanin-31-like","liver"
"LOC115105184",238.078760787325,0.165564613874873,0.0954358961779248,1.73471539331128,0.0827912284022873,0.346465140623945,"electron transfer flavoprotein subunit beta-like, transcript variant X1","liver"
"dhrs7b",86.4702837826547,0.16538612337138,0.108695423738551,1.52068204678097,0.128339646154084,0.411700045088005,"dehydrogenase/reductase 7B, transcript variant X1","liver"
"dpm3",58.9603101296718,0.165379950239495,0.100598276939688,1.64507330834097,0.0999546942247666,0.372921081015946,"dolichyl-phosphate mannosyltransferase subunit 3, regulatory","liver"
"LOC115114198",65.3870744292082,0.165146417144889,0.108539755966861,1.52205120060567,0.127996252066861,0.411700045088005,"DET1- and DDB1-associated protein 1-like","liver"
"LOC115144409",145.443113502585,0.165105623620017,0.113755884785786,1.45152396463811,0.146634014075824,0.435493105468807,"glutamate--cysteine ligase catalytic subunit-like, transcript variant X1","liver"
"LOC115137482",169.761156034686,0.165019441415363,0.112035434575377,1.47338875975006,0.140646239385409,0.428662337025698,"signal peptidase complex subunit 3","liver"
"LOC115108593",248.566677837402,0.165001526179327,0.101599656597037,1.62389182196219,0.104398898254832,0.379596806639496,"proteasome subunit alpha type-7-like","liver"
"LOC115146872",1522.90725624064,0.164985409911841,0.102519737309365,1.60935313707463,0.107539146189122,0.385853485798292,"60S ribosomal protein L7a","liver"
"LOC115109529",591.534555168631,0.164961356376069,0.107433704893393,1.53557064832648,0.124643717554387,0.408398547228038,"40S ribosomal protein S17","liver"
"LOC115136676",2086.08790453393,0.16495926395146,0.116494521375622,1.41619254062043,0.156719139289123,0.446659174059623,"40S ribosomal protein S25-like","liver"
"capn8",71.7061048928362,0.164779147601815,0.118616746359353,1.39427489673354,0.16323460846762,0.455221463268407,"calpain 8","liver"
"eci2",817.628599312659,0.164245317568777,0.0939746982051179,1.7477541033691,0.080506615856653,0.342229155758065,"enoyl-CoA delta isomerase 2, transcript variant X4","liver"
"LOC115109380",129.284063753302,0.164157562936161,0.115028602846955,1.4275616790782,0.153418060159726,0.443919583110383,"cytochrome c","liver"
"gpnmb",170.40484021809,0.164064536063918,0.106388599130088,1.5548382477236,0.119984597429831,0.401425114690011,"glycoprotein nmb","liver"
"LOC115132943",191.850992747901,0.164053543472656,0.112886153386594,1.4542264812875,0.145883525454959,0.435493105468807,"ADP-ribosylation factor GTPase-activating protein 3-like","liver"
"LOC115111419",1488.34636471504,0.163858702158963,0.0823555224152061,1.98959684819992,0.046635363635839,0.267726397436169,"lipocalin-like, transcript variant X2","liver"
"LOC115131562",149.481691372512,0.163779255788306,0.105123970405676,1.55839912655921,0.119138663560481,0.399678347878619,"proteasome subunit beta type-4-like","liver"
"dpagt1",74.5302607487274,0.163691870838233,0.110825059268086,1.47749287226578,0.139543567527721,0.427222712347214,"dolichyl-phosphate N-acetylglucosaminephosphotransferase 1","liver"
"LOC115138755",65.6326248983689,0.163641202732316,0.121664740296117,1.34616529131398,0.178249215914346,0.474799341503657,"aspartate--tRNA ligase, cytoplasmic-like","liver"
"nfatc2ip",207.187856221248,0.163555255290254,0.123942407899745,1.32073782321498,0.186588797879237,0.481720804515534,"nuclear factor of activated T cells 2 interacting protein, transcript variant X2","liver"
"LOC115111647",80.509102993515,0.163474788262775,0.117780023864917,1.38906482291679,0.16481303933463,0.457926345145162,"transcobalamin-2-like","liver"
"eif3i",298.836252222028,0.16335926072086,0.0966462920926267,1.69056308546877,0.090920279985479,0.358113368975222,"eukaryotic translation initiation factor 3 subunit I","liver"
"LOC115142560",91.8911551222051,0.163281958033455,0.0990039790001303,1.64944711705224,0.0990560687225988,0.371096080986501,"proteasome subunit beta type-3-like","liver"
"LOC115103781",541.326277246719,0.163125605878138,0.123869632581425,1.31767014339272,0.187614093396438,0.482967478149619,"group XIIB secretory phospholipase A2-like protein, transcript variant X2","liver"
"LOC115101312",952.976781727732,0.16312114007909,0.0829658211943572,1.96626142739993,0.0492684200213966,0.275151680148981,"cofilin-2-like","liver"
"LOC115111413",443.066510793548,0.163118196186227,0.122091076109699,1.33626301280363,0.181463321419544,0.476599777265298,"glycine dehydrogenase (decarboxylating), mitochondrial-like","liver"
"LOC115141048",175.49599964002,0.162788172966063,0.119645862363212,1.36137253026743,0.173395992525867,0.467435228528727,"tubulin alpha-1C chain","liver"
"LOC115109217",93.6324469674266,0.162736866174884,0.109153567543729,1.49123459234326,0.13589991457501,0.422520506115968,"tax1-binding protein 3","liver"
"rfk",99.1694946300444,0.162661660877021,0.0781033642173692,2.08272198203311,0.0372765725636213,0.238699977715578,"riboflavin kinase, transcript variant X1","liver"
"taf7",61.5857731613813,0.162622719139066,0.11448687627716,1.42136304933871,0.155211242776399,0.444270383115592,"TATA-box binding protein associated factor 7","liver"
"LOC115139006",78.4517079430132,0.162564597060654,0.123768214263023,1.31337795869018,0.18905562087693,0.484057717936395,"delta-1-pyrroline-5-carboxylate dehydrogenase, mitochondrial-like, transcript variant X2","liver"
"LOC115110308",877.733941204828,0.162517565395327,0.109581180720144,1.48315157459422,0.138034143877145,0.425266190811218,"40S ribosomal protein S11","liver"
"LOC115116228",101.839687596592,0.162416217765215,0.096116234985415,1.68887257997452,0.0912438509851581,0.358640247459503,"HMG box-containing protein 1-like","liver"
"LOC115105477",599.007776070305,0.162038428348855,0.104145791089343,1.55595632183678,0.119718479033989,0.401293191235641,"malate dehydrogenase, mitochondrial-like","liver"
"LOC115117867",2428.11969080628,0.161996261597972,0.112027658042266,1.44615409396321,0.148133986204226,0.436898789991625,"40S ribosomal protein S8","liver"
"rpl7a",1971.93142944058,0.161951939640109,0.105967664310043,1.52836783628681,0.126421235875957,0.410052665416657,"ribosomal protein L7a","liver"
"LOC115111458",607.374756436806,0.161948498541384,0.105000229319711,1.54236201143602,0.122985647565244,0.405246159641015,"60S ribosomal protein L35","liver"
"LOC115103982",73.4470229202121,0.161883164724707,0.0988690285814914,1.63803382075611,0.101414638803366,0.373942391823035,"eukaryotic initiation factor 4A-III","liver"
"LOC115108729",182.034175973585,0.161801666589793,0.123076102199238,1.31656943970814,0.187982988148766,0.483018160085824,"midnolin-like","liver"
"LOC115141350",5725.26724050577,0.161768925696132,0.116104792700042,1.3933976765091,0.163499567959267,0.455221463268407,"CD209 antigen-like protein E","liver"
"LOC115133068",388.800765682528,0.16159026768123,0.124220995803782,1.30168215312563,0.193025062942576,0.488373778121627,"protein ADM2-like","liver"
"LOC115105375",9797.18486256252,0.161573505766075,0.120454144143367,1.34157283510764,0.179734539020161,0.476022079952032,"heat shock cognate 70 kDa protein","liver"
"LOC115114233",192.938041089437,0.161564503097996,0.0950233941898572,1.70068835088043,0.0890015237244053,0.353987042567365,"ubiquitin-60S ribosomal protein L40-like","liver"
"LOC115104314",106.327089392114,0.161550151939404,0.121733696166228,1.32853919562385,0.184000043982838,0.479980727834032,"hepatic leukemia factor-like","liver"
"LOC115131407",276.650635214674,0.161433148484948,0.116398888416078,1.38713103396774,0.165401810388923,0.458057256769939,"ATP-binding cassette sub-family F member 1-like, transcript variant X1","liver"
"LOC115132243",226.524844241969,0.161271762981492,0.101574447936684,1.58780565134197,0.112330293170515,0.39294216397497,"dolichyl-diphosphooligosaccharide--protein glycosyltransferase 48 kDa subunit-like","liver"
"LOC115108757",1392.67791496027,0.161217329530011,0.114480845162434,1.40838916806708,0.159015864899666,0.450103239813223,"60S ribosomal protein L5-like","liver"
"LOC115101941",176.01699093752,0.16104790854135,0.0904568533320608,1.78038262792475,0.0750133628337562,0.330036247274988,"small nuclear ribonucleoprotein G-like","liver"
"LOC115139915",232.908430259201,0.160987157392101,0.100469970450483,1.60254176706845,0.109035859182749,0.387902142635137,"sarcoplasmic/endoplasmic reticulum calcium ATPase 2-like, transcript variant X1","liver"
"LOC115146490",111.257200364064,0.160796125265474,0.0917878263321358,1.75210621465697,0.0797555458584748,0.341474374915066,"uncharacterized LOC115146490, transcript variant X1","liver"
"LOC115137017",63.3994356209994,0.160473969252151,0.115865716936124,1.385081722288,0.166027480099263,0.458239415732302,"mitochondrial import inner membrane translocase subunit TIM50-like, transcript variant X2","liver"
"LOC115144425",1680.66707080069,0.160460015307483,0.118383067737905,1.35560214093653,0.175225790296964,0.470730067742526,"nucleolar RNA helicase 2-like","liver"
"LOC115108501",139.959822662387,0.160413260253026,0.108800033515776,1.47408239133064,0.14045940896674,0.428527358494335,"CD302 antigen-like","liver"
"LOC115103788",107.574522952065,0.160290722129682,0.10621173837757,1.51038994133942,0.130943953734628,0.41540889168661,"rho GDP-dissociation inhibitor 1-like, transcript variant X1","liver"
"LOC115121109",64.8700368976822,0.159994163466977,0.10391941082832,1.53812056094811,0.124019139579415,0.407006451630996,"torsin-1A-interacting protein 2-like, transcript variant X1","liver"
"lman1",236.028395443921,0.159905239667102,0.107382222953604,1.48941238658163,0.13637880880933,0.422520506115968,"lectin, mannose binding 1, transcript variant X2","liver"
"mospd1",136.804833665281,0.15989015955716,0.0908708244698475,1.75978854698109,0.0784436656819598,0.338136897066868,"motile sperm domain containing 1, transcript variant X1","liver"
"LOC115106356",61.525724631821,0.159798887334878,0.107994739703034,1.48025469095143,0.138805289947058,0.426141188301776,"phosphatidylinositol 3,4,5-trisphosphate 3-phosphatase and dual-specificity protein phosphatase PTEN-like, transcript variant X1","liver"
"LOC115145288",363.205016098705,0.159766518854213,0.0998149089226825,1.60067930977863,0.109447966062891,0.387902142635137,"cytochrome c oxidase subunit 6C-1-like","liver"
"LOC115133938",693.4532148161,0.159665157014398,0.105359151331414,1.51566725655298,0.129603511133292,0.413829624157594,"phosphate carrier protein, mitochondrial-like, transcript variant X1","liver"
"med31",74.9591066723055,0.159632789850176,0.097061135356361,1.6441451593765,0.10014622168321,0.372921081015946,"mediator complex subunit 31","liver"
"LOC115113119",97.111083253915,0.159381916482002,0.098408573431812,1.61939531335365,0.105362234581682,0.381400060528364,"eukaryotic translation initiation factor 4E-binding protein 2-like","liver"
"LOC115102203",75.1168947660982,0.1593022965259,0.0824215191221032,1.9324109351591,0.0533088054113198,0.28440666342479,"protein RCC2 homolog, transcript variant X1","liver"
"LOC115113001",74.1981563362118,0.15924473318811,0.112000473544507,1.4224679429883,0.154890451325982,0.444270383115592,"leucine-rich repeat-containing protein 59-like","liver"
"LOC115137352",126.964610662466,0.159236284279216,0.0873782725562855,1.82248871153934,0.0683808650250331,0.317602663333683,"NADH dehydrogenase [ubiquinone] iron-sulfur protein 8, mitochondrial-like","liver"
"LOC115131509",453.459493605014,0.158928360704257,0.122221945311562,1.30066911362565,0.193371738780653,0.488817721822308,"translocon-associated protein subunit beta","liver"
"LOC115144141",64.9905542286669,0.1588562470105,0.102425808755494,1.55140425526841,0.120804836112775,0.402287999996464,"dual specificity mitogen-activated protein kinase kinase 4-like, transcript variant X3","liver"
"lg9ah11orf74",64.6789016426735,0.158833036274859,0.11027853431584,1.44165653880177,0.149399289979686,0.43935895090707,"linkage group 9a C11orf74 homolog, transcript variant X1","liver"
"lrrc47",60.5501534780795,0.158739135180307,0.121387350467887,1.30767156944517,0.190984730400031,0.486229707127124,"leucine rich repeat containing 47","liver"
"LOC115108625",70.5241669554301,0.158683027842531,0.0989014571126346,1.60469869124498,0.108560130105948,0.387833868138358,"non-specific lipid-transfer protein-like","liver"
"psmd10",86.2428358312811,0.158394163091061,0.107672380748009,1.47122681447345,0.1412297878176,0.428662337025698,"proteasome 26S subunit, non-ATPase 10","liver"
"LOC115130279",142.852684666448,0.158384072590346,0.0964290669145872,1.64207036884203,0.100575421622937,0.373304886891544,"proteasome activator complex subunit 2-like","liver"
"LOC115134589",1628.31020714737,0.158366370565289,0.103646653186964,1.52797541183197,0.126518642911989,0.410052665416657,"60S ribosomal protein L28-like, transcript variant X2","liver"
"LOC115130150",59.9896641271308,0.158316362036508,0.112080255000214,1.41277910848909,0.157720682813661,0.447369174076884,"ER membrane protein complex subunit 9-like, transcript variant X1","liver"
"LOC115136988",91.6307069192464,0.158225067011728,0.106216245732845,1.48968584096207,0.136306859259341,0.422520506115968,"bleomycin hydrolase-like, transcript variant X2","liver"
"LOC115137287",2094.9454247571,0.158161707202255,0.116706176194384,1.35533405723899,0.175311148879577,0.470730067742526,"plasma protease C1 inhibitor-like, transcript variant X2","liver"
"LOC115120229",60.4830757641864,0.157983999259181,0.108771936059202,1.451326042991,0.146689092750347,0.435493105468807,"calcium-binding protein 39-like","liver"
"LOC115143250",180.660400930253,0.157966596510323,0.104597890361499,1.50978074431953,0.131099380012982,0.41540889168661,"aflatoxin B1 aldehyde reductase member 4-like","liver"
"LOC115121186",57.7418268677904,0.157960281984489,0.101035158606404,1.5637873725891,0.117867510717791,0.399022611236311,"V-type proton ATPase subunit G 1-like","liver"
"LOC115113332",188.284463396645,0.157770819344786,0.102001068664608,1.54690617760867,0.121885871208347,0.403579862749976,"calmodulin","liver"
"abhd4",127.080753591141,0.157341513363698,0.109776485172521,1.43296078593411,0.15186904420155,0.442471925779497,"abhydrolase domain containing 4","liver"
"LOC115109479",113.930977463326,0.157304257276702,0.114833719281727,1.37024082524048,0.17061173818427,0.464553299943853,"MOB kinase activator 2-like, transcript variant X1","liver"
"LOC115132401",134.552726141412,0.157214923245923,0.0806494676458367,1.94942342072947,0.0512448798314242,0.281629058451218,"DAZ-associated protein 2-like","liver"
"LOC115136230",85.5466684930353,0.156907998210992,0.0939775038098384,1.66942607595813,0.0950329694459176,0.364621744473288,"NEDD4 family-interacting protein 1-like, transcript variant X2","liver"
"LOC115135313",61.0673822937033,0.156875587648427,0.0911523221048325,1.72195920230177,0.085076909231194,0.349799963184937,"dynactin subunit 2-like, transcript variant X3","liver"
"ube2j1",64.3556354795468,0.156777113121411,0.0995927119106627,1.57376539996035,0.115541695879179,0.396770356824195,"ubiquitin conjugating enzyme E2 J1","liver"
"pcnp",165.355581302858,0.156770293821709,0.106147717250851,1.47729883771885,0.139595549429392,0.427222712347214,"PEST proteolytic signal containing nuclear protein, transcript variant X1","liver"
"LOC115124645",80.0257955586456,0.156744511608016,0.0962645126889456,1.62802640317065,0.103519287379174,0.378765363875687,"cyclin-L1-like, transcript variant X1","liver"
"psme1",363.452901095056,0.15618521813148,0.101092421542187,1.54511693492815,0.122317981427455,0.404346024096395,"proteasome activator subunit 1","liver"
"LOC115138085",290.375244129282,0.156157315804278,0.124219368964608,1.25805322327548,0.208372508598298,0.507083282246149,"inter-alpha-trypsin inhibitor heavy chain H3-like","liver"
"LOC115140857",1156.19884177022,0.156020061997278,0.122730092252548,1.27152932752503,0.203540400839743,0.50038038228154,"apolipoprotein A-IV-like","liver"
"LOC115114718",85.6466100627716,0.155873168119234,0.0950145810958028,1.64147453815496,0.100698948260615,0.373304886891544,"apoptosis-associated speck-like protein containing a CARD","liver"
"LOC115105768",164.453789079297,0.155850381042297,0.124249465518145,1.25545266843865,0.209314480011495,0.507534693948158,"galectin-9-like, transcript variant X2","liver"
"LOC115112651",502.052966224033,0.155411968463164,0.0968856537774127,1.60380454652454,0.108757142120251,0.387833868138358,"cystatin","liver"
"LOC115118532",96.74159181423,0.155361222230456,0.0878125393897483,1.76881312708951,0.0769250653553964,0.333915406164639,"RNA polymerase-associated protein RTF1 homolog","liver"
"LOC115102189",298.812421897881,0.155321148996284,0.0896364642851365,1.73267759548618,0.0831529888453649,0.346910524599496,"rho-related GTP-binding protein RhoA-B-like","liver"
"LOC115109102",58.8981948022092,0.155279857813667,0.0920662675039456,1.68672760939004,0.0916557406623504,0.359279148153416,"RNA 3'-terminal phosphate cyclase-like","liver"
"picalm",114.85810192332,0.155166279356081,0.0998617455096024,1.55454995213871,0.120053291169559,0.401425114690011,"phosphatidylinositol binding clathrin assembly protein, transcript variant X5","liver"
"LOC115107967",60.2060963012432,0.155138301773537,0.0933868037441165,1.66042892518623,0.0968281951944087,0.366232141905617,"serine/threonine-protein phosphatase 2A 56 kDa regulatory subunit gamma isoform-like, transcript variant X4","liver"
"LOC115119573",902.827629804592,0.15513142146526,0.101143630783868,1.53386132290866,0.125063772830856,0.408851159107954,"60S ribosomal protein L26","liver"
"cope",132.441661246404,0.154822968327684,0.0992236189409074,1.56022221701136,0.118707377169071,0.399022611236311,"coatomer protein complex subunit epsilon","liver"
"LOC115137581",150.173252520436,0.154812578877663,0.0980906838590778,1.57806035491024,0.114551744891654,0.395019384245672,"DNA topoisomerase 1-like","liver"
"LOC115112058",59.1818005795527,0.154782922826211,0.085920064813335,1.800555264334,0.0717730056168515,0.325413538258383,"oxysterols receptor LXR-alpha-like, transcript variant X2","liver"
"LOC115144188",83.8408176462414,0.154716992186098,0.121097469031789,1.27683597608117,0.201660161376369,0.497325662961862,"transcription factor MafF-like, transcript variant X1","liver"
"LOC115131683",762.726558073902,0.15470390271938,0.108326111698368,1.42816741653527,0.153243676688336,0.443919583110383,"60S ribosomal protein L11-like","liver"
"LOC115107100",995.329212622924,0.154581189221536,0.109248621335186,1.41499897922742,0.157068795323772,0.446763719287993,"40S ribosomal protein S16, transcript variant X2","liver"
"LOC115145864",78.5959067074284,0.154454896596183,0.111294422983852,1.38813025678836,0.165097384680245,0.457977404363521,"protein FRG1-like","liver"
"LOC115133660",1044.79388012239,0.15426482100105,0.0962973381362741,1.62728554830395,0.103676465775423,0.37878524947853,"phospholipase A2 inhibitor 31 kDa subunit-like","liver"
"LOC115129791",62.004603887385,0.154154611587204,0.107955518245853,1.42795985755392,0.153303413074622,0.443919583110383,"obg-like ATPase 1","liver"
"LOC115125763",1358.7961891904,0.153908143691929,0.108046280970834,1.42455593022204,0.154285606734257,0.444006832320837,"60S ribosomal protein L17-like","liver"
"LOC115132132",215.008575335286,0.153693571509385,0.101877122120993,1.50912211454627,0.131267579119812,0.41540889168661,"NSFL1 cofactor p47-like, transcript variant X2","liver"
"wdr33",105.093073043427,0.153665835748154,0.107794012786066,1.42603327687187,0.153858736809356,0.444006832320837,"WD repeat domain 33, transcript variant X1","liver"
"LOC115136138",208.559964651439,0.153294003432265,0.0793188800043905,1.93275456684674,0.0532664396286298,0.28440666342479,"GTP-binding protein SAR1a","liver"
"LOC115126147",127.824707852714,0.153290898356413,0.093167223064799,1.64527196675753,0.0999137381970424,0.372921081015946,"stromal cell-derived factor 2-like","liver"
"LOC115125854",488.309313694026,0.152722604087141,0.120481611823022,1.26746422276062,0.204989348515944,0.502427290770287,"ras-related protein Rab-9B-like","liver"
"LOC115135390",133.659392339585,0.152651879329779,0.0875345827902976,1.74366455459548,0.0812175995268465,0.344142164600679,"ATP synthase subunit g, mitochondrial-like","liver"
"LOC115106483",98.3326050098434,0.152473263999549,0.0985899177029412,1.54701685577568,0.12185918117335,0.403579862749976,"charged multivesicular body protein 2a-like","liver"
"LOC115134057",196.672572514072,0.152395775958752,0.0800824591088587,1.90275917747008,0.0570719761982218,0.292965976676248,"V-type proton ATPase subunit E 1-like","liver"
"LOC115103254",1194.87656282054,0.152274201213664,0.106912376112833,1.424304208542,0.154358429758456,0.444006832320837,"40S ribosomal protein S15","liver"
"gsr",85.5724593544543,0.152273275595345,0.124215779835134,1.22683267128203,0.219885488458229,0.515088075261921,"glutathione-disulfide reductase","liver"
"LOC115110813",59.7286634469468,0.152269323773458,0.118407016291828,1.28405319636428,0.199123342861811,0.495196305982148,"nucleolar transcription factor 1-like, transcript variant X4","liver"
"LOC115129573",122.337253667434,0.152100458173251,0.116979162712382,1.3000290670404,0.193591007003867,0.488817721822308,"glutathione S-transferase P-like","liver"
"LOC115105912",447.95606355013,0.152047739152764,0.0992034059813967,1.53278611814679,0.125328562098991,0.408851159107954,"tricarboxylate transport protein B, mitochondrial-like","liver"
"LOC115120174",691.613313250895,0.152044648062806,0.117403472059834,1.29514674502707,0.195269611965713,0.491137928346786,"60S ribosomal protein L37","liver"
"LOC115133681",129.079183465206,0.152035638992511,0.106170312156648,1.43253268059659,0.151991432202713,0.442512198327327,"glucosidase 2 subunit beta-like","liver"
"LOC115129808",166.595149510357,0.152016805537537,0.111140597057549,1.36861235909803,0.171120478643015,0.464681592904018,"programmed cell death protein 10-B-like","liver"
"LOC115115997",252.862949030707,0.15200658826265,0.122184424460622,1.24409565080082,0.213464361551313,0.512113441838229,"kelch-like ECH-associated protein 1, transcript variant X3","liver"
"LOC115135956",65.0132106205118,0.15195967238503,0.124270507579946,1.22315758573189,0.221270181947819,0.515959531818827,"monocarboxylate transporter 1-like","liver"
"LOC115121643",246.74922223434,0.151865398589638,0.0710323826481982,0.488797936547456,0.624984759027615,0.83632234990038,"vitellogenin-like","liver"
"LOC115117380",410.807201811852,0.151760800801914,0.104267676219595,1.45552204860701,0.145524790752543,0.435493105468807,"cathepsin B-like","liver"
"atp6v0b",118.918817844219,0.151721062700198,0.0900063184340898,1.68504055072488,0.0919807481291747,0.359285719078632,"ATPase H+ transporting V0 subunit b, transcript variant X1","liver"
"LOC115106206",648.983707817007,0.151718737609443,0.116324782712448,1.30782826537045,0.190931564837253,0.486229707127124,"C-reactive protein-like","liver"
"LOC115107019",1557.50587840587,0.151638527595656,0.113289681999979,1.33859004983826,0.180704167127297,0.476599777265298,"inter-alpha-trypsin inhibitor heavy chain H2-like","liver"
"LOC115131350",134.260478548645,0.151634441552802,0.0997222644682205,1.52052731969566,0.128378497867236,0.411700045088005,"proteasome subunit alpha type-2-like","liver"
"LOC115131440",75.7047026680452,0.151609011389272,0.0924253300081345,1.64044983131875,0.100911671529258,0.373583990148278,"splicing factor 3A subunit 3-like","liver"
"LOC115103230",71.1911425140714,0.151544264846892,0.115873548155048,1.30846302382899,0.190716308261583,0.486229707127124,"coatomer subunit beta'-like, transcript variant X2","liver"
"LOC115111973",63.9874841024484,0.151531211969194,0.113359074826356,1.33695359373905,0.18123778515519,0.476599777265298,"PR domain zinc finger protein 12-like","liver"
"LOC115133279",65.8384641482317,0.151460344852408,0.0844288219247617,1.79355446186636,0.0728843104944676,0.326705500361967,"ankyrin repeat domain-containing protein 46","liver"
"LOC115109095",4652.99968967017,0.151406482206707,0.117765154155954,1.28580667130801,0.198510541375715,0.495034422284806,"antithrombin-III-like","liver"
"LOC115142807",419.48267649127,0.151356699056477,0.117792360612518,1.28493400786433,0.198815345750792,0.495034422284806,"60S ribosomal protein L10a","liver"
"LOC115139282",327.655435433626,0.151345332761383,0.116420695796876,1.30016802942736,0.193543385528177,0.488817721822308,"solute carrier family 22 member 16-like","liver"
"LOC115137305",338.565679507465,0.151303492291427,0.11755144584057,1.28750734045482,0.197917512750719,0.494866556574453,"N-acyl-aromatic-L-amino acid amidohydrolase (carboxylate-forming) B-like","liver"
"LOC115137356",59.2164229840092,0.151261492627996,0.0967772296717031,1.56178652064335,0.11833828827718,0.399022611236311,"uncharacterized LOC115137356, transcript variant X3","liver"
"ifih1",135.251205450206,0.15125840906378,0.0915326332643846,-1.25245942342596,0.210402504945992,0.509264020284955,"interferon induced with helicase C domain 1, transcript variant X1","liver"
"LOC115128063",662.299766062866,0.151254350735523,0.11742068335342,1.28819346131867,0.197678627543669,0.494866556574453,"pyruvate kinase PKM-like","liver"
"LOC115106816",550.484228582179,0.151240008743555,0.118224829527522,1.2793912171431,0.200759325139436,0.496718234682126,"vitronectin-like","liver"
"commd10",66.9205199331002,0.151036352240694,0.0956022979362921,1.58005656759919,0.114093912531122,0.394843487389548,"COMM domain containing 10","liver"
"rnf103",173.45427458726,0.150997892156483,0.109738334789989,1.37592334031428,0.168845368234279,0.463131709907754,"ring finger protein 103","liver"
"LOC115140718",59.5981926867919,0.150933458907037,0.123901431477483,1.21811082938875,0.223181859128085,0.516643694750874,"probable isoprenylcysteine alpha-carbonyl methylesterase ICMEL1","liver"
"LOC115138886",70.8011585131562,0.150443356509891,0.116882602453814,1.2875911670725,0.197888315700114,0.494866556574453,"transmembrane protein 256-like","liver"
"LOC115131941",64.4620049307464,0.150167807000654,0.0987005522056737,1.52136602269611,0.128168010434573,0.411700045088005,"charged multivesicular body protein 4c-like","liver"
"edem1",76.0513743134613,0.150078331122242,0.104740466994583,1.43331171222424,0.151768776352038,0.442471925779497,"ER degradation enhancing alpha-mannosidase like protein 1","liver"
"LOC115128614",67.2774194693632,0.150013952082746,0.116741946051545,1.28655302836578,0.19825012456256,0.494866556574453,"WD repeat-containing protein 3-like","liver"
"LOC115141644",227.495125391962,0.149960129899925,0.087354341536608,1.71660879122551,0.0860506751288063,0.350742551825015,"histone H3.3","liver"
"LOC115112194",358.337360412104,0.149942862382894,0.110702155487992,1.35442947751793,0.175599398491628,0.471121619369691,"UDP-glucuronosyltransferase 2C1-like, transcript variant X1","liver"
"LOC115103835",136.554169334649,0.149872761697771,0.101830618099419,1.47156729449525,0.141137762801176,0.428662337025698,"26S proteasome non-ATPase regulatory subunit 12","liver"
"LOC115124839",100.068691401744,0.149663628308462,0.0900777385984453,1.66177562427862,0.0965577714487129,0.366111140860422,"ubiquitin-conjugating enzyme E2 D2","liver"
"LOC115124725",269.011736330682,0.149630974270298,0.0968414188170745,1.54512531585529,0.122315954608501,0.404346024096395,"transmembrane protein 120B-like","liver"
"LOC115106918",125.242819766575,0.149576846926212,0.116640826950409,1.28268357660092,0.199602956052129,0.496086371261268,"ras-related and estrogen-regulated growth inhibitor","liver"
"LOC115114573",125.983495468966,0.149549422314014,0.124241624949512,1.20434260419801,0.228457186147114,0.523719817470933,"HIG1 domain family member 1A, mitochondrial-like","liver"
"LOC115120410",191.884212731117,0.149397620457963,0.111107110613125,1.34468231341457,0.178727848642872,0.475208552555999,"protein Tob1-like, transcript variant X2","liver"
"LOC115113692",89.8567198689221,0.149347156799746,0.124255666013596,1.20239228328882,0.229211577540634,0.524279680165894,"CD81 antigen-like","liver"
"tomm7",119.838746575184,0.149202309101494,0.087639827978189,1.70229670395531,0.0886997623841943,0.353757565046943,"translocase of outer mitochondrial membrane 7","liver"
"LOC115131881",473.311985095003,0.148905231202411,0.0791109527443295,1.88223478983884,0.0598041439992619,0.299461536782545,"cellular nucleic acid-binding protein-like","liver"
"LOC115105170",217.888067132129,0.148840438693576,0.0688669610345415,2.16138371740032,0.0306657108216376,0.220446979380943,"myosin regulatory light polypeptide 9-like","liver"
"LOC115124752",671.062088563362,0.148800523487406,0.10282740793904,1.44710302252959,0.147868071627031,0.436430311333655,"rho-related GTP-binding protein RhoF-like, transcript variant X1","liver"
"mrps18c",155.647497690722,0.148752230967174,0.0900647222379555,1.65169173696679,0.0985974079976515,0.370449604895423,"mitochondrial ribosomal protein S18C, transcript variant X3","liver"
"LOC115101889",433.897330527425,0.14872871412691,0.117857625675106,1.26471056623252,0.205975100856016,0.50423694359707,"apolipoprotein C-II-like","liver"
"LOC115113954",1599.87965800433,0.148720437304044,0.108005565817515,1.37700262602373,0.168511435946934,0.462527012067139,"60S ribosomal protein L8","liver"
"LOC115102089",60.2336076525644,0.148642119653024,0.119021318359012,1.24758055971825,0.212184701391225,0.510847514985607,"androgen-dependent TFPI-regulating protein-like","liver"
"LOC115118164",392.379827589214,0.148609288326076,0.106561868372847,1.39485782590461,0.163058717081329,0.455221463268407,"eukaryotic initiation factor 4A-I","liver"
"lg22h18orf32",171.342402772214,0.148527449690976,0.0794502828730542,1.86911188647613,0.0616072496363587,0.304008655590554,"linkage group 22 C18orf32 homolog","liver"
"LOC115102474",63.9781654511305,0.14844091283995,0.0905959924068209,1.6375652391654,0.101512419311334,0.373942391823035,"pituitary tumor-transforming gene 1 protein-interacting protein-like","liver"
"LOC115139938",285.246258292285,0.148194221761668,0.0917396590791291,1.61569814764756,0.106159591682778,0.383223370677579,"cytochrome c oxidase subunit 6A, mitochondrial-like","liver"
"LOC115135224",207.957249556606,0.147812121719881,0.0969714438767784,1.52430207526547,0.127433269001615,0.410979978740752,"nuclear receptor coactivator 4-like, transcript variant X3","liver"
"LOC115122994",63.1005566831812,0.147787418363812,0.0997827359298945,1.48223853011519,0.138276837776707,0.425370860964421,"E3 ubiquitin-protein ligase KCMF1-like, transcript variant X1","liver"
"LOC115136936",107.765649699203,0.147148525640726,0.120791046113501,1.21769966822132,0.223338123197017,0.516643694750874,"eukaryotic translation initiation factor 3 subunit K-like, transcript variant X1","liver"
"LOC115108042",58.5884227198979,0.147117064313028,0.0976489854795512,1.50553126868509,0.132187544025012,0.416702574977533,"sialomucin core protein 24-like, transcript variant X1","liver"
"LOC115131831",1303.97172415527,0.147029532385451,0.0904342227144267,1.62579282589503,0.103993735027317,0.378875711617528,"60S ribosomal protein L32, transcript variant X1","liver"
"LOC115121319",258.580467330657,0.147005649246093,0.105911502223078,1.38807940986243,0.165112865638985,0.457977404363521,"cysteine and histidine-rich protein 1-like, transcript variant X1","liver"
"LOC115102446",72.7912801213227,0.146994050262567,0.0923774150871637,1.59097746501536,0.111614647361462,0.391641485738095,"C4b-binding protein alpha chain-like, transcript variant X3","liver"
"LOC115108228",117.556952889052,0.146868372190739,0.0967692211552948,1.51695982243956,0.129276828243651,0.413280276016567,"myosin light chain kinase, smooth muscle-like","liver"
"LOC115142570",105.768859039987,0.146861568488607,0.117137481335684,1.25401933550959,0.209834977576659,0.508494273842128,"group XIIB secretory phospholipase A2-like protein","liver"
"LOC115140133",89.0572890014977,0.146773742752747,0.117007568903474,1.25598785739395,0.209120372568254,0.507365856302503,"acyl-CoA dehydrogenase family member 11-like, transcript variant X3","liver"
"LOC115139488",71.5653326408753,0.146676423395876,0.0914253390335976,1.60412063454203,0.108687464347424,0.387833868138358,"glycoprotein integral membrane protein 1-like","liver"
"LOC115109398",91.9834765285556,0.146613395066577,0.117563075211988,1.24647191882535,0.21259119230579,0.511481511615973,"choline kinase alpha-like, transcript variant X2","liver"
"psmb7",586.221139701575,0.146576341510353,0.10404044783043,1.40884637529252,0.15888059887696,0.45003288465774,"proteasome subunit beta 7, transcript variant X1","liver"
"LOC115130130",1233.61360632621,0.146542119754132,0.102540719179175,1.42919530671221,0.15294810627756,0.443919583110383,"60S ribosomal protein L21","liver"
"LOC115141356",7178.25224182292,0.1464435405146,0.115798113936325,1.26471741059435,0.205972646454048,0.50423694359707,"C-type lectin domain family 4 member E-like","liver"
"cryl1",69.1002207426961,0.146440278762272,0.123598515171568,1.18520082797079,0.235938052667071,0.529853169515691,"crystallin lambda 1","liver"
"pacsin3",109.438805169697,0.146384871734603,0.094486808986768,1.54941309204367,0.121282448564681,0.40256291559417,"protein kinase C and casein kinase substrate in neurons 3, transcript variant X6","liver"
"LOC115130819",57.5972573525681,0.146292261191795,0.112633374500775,1.29976877408833,0.193680230800547,0.488817721822308,"electron transfer flavoprotein-ubiquinone oxidoreductase, mitochondrial-like, transcript variant X2","liver"
"pfdn4",85.6013319163541,0.146137787367334,0.107916818781694,1.35378893441914,0.175803724990506,0.471121619369691,"prefoldin subunit 4","liver"
"LOC115110783",117.950277702572,0.146102860394583,0.108220325470724,1.35015748911268,0.176965470989054,0.472681035223712,"coiled-coil domain-containing protein 47-like","liver"
"LOC115119285",103.75275007385,0.145671968663972,0.110544934475989,1.31721116361525,0.187767852923187,0.482967478149619,"GRIP and coiled-coil domain-containing protein 2-like, transcript variant X1","liver"
"LOC115135279",115.845177142815,0.145411493913683,0.0726305478980045,2.00191953130528,0.0452933866840466,0.262535331534949,"insulin-degrading enzyme","liver"
"LOC115116167",253.855136902324,0.145388198184385,0.108075736759007,1.34559361434759,0.178433612168168,0.474799341503657,"exocyst complex component 7-like","liver"
"LOC115141084",125.752085660819,0.145298714566767,0.101015955118695,1.43827397986511,0.150356331684283,0.441218436245599,"ras-related protein Rab-11A-like","liver"
"sesn1",256.716176764189,0.145284825277647,0.118511280579006,1.22839987300809,0.219296895535733,0.514938140304512,"sestrin 1, transcript variant X1","liver"
"LOC115103871",7113.8905399124,0.145220610679765,0.0921304477001177,1.57625525909055,0.114966988115566,0.395961986628584,"beta-2-glycoprotein 1-like","liver"
"rpl29",2335.95236247375,0.145062577209647,0.104210262271115,1.39204064803108,0.163910089348399,0.456039265654658,"ribosomal protein L29","liver"
"ppp4c",59.9073657459049,0.14505390554304,0.0867637191010686,1.67150529897617,0.0946219129283957,0.363848034996359,"protein phosphatase 4 catalytic subunit","liver"
"LOC115120579",28540.6279483836,0.144973311853651,0.123961197990424,1.16985207626063,0.242060502512745,0.536838563244212,"beta-microseminoprotein-like","liver"
"LOC115141784",108.359819037974,0.144967134290461,0.110746848476796,1.30885591374163,0.190583162656902,0.486229707127124,"T-complex protein 1 subunit zeta-like","liver"
"LOC115135911",207.095072613575,0.14493999869725,0.0850247087788868,1.70506163618605,0.0881829296451069,0.353721798164998,"clathrin heavy chain 1-like, transcript variant X5","liver"
"LOC115124714",100.688295352555,0.144765090589406,0.092714230025447,1.56162702751865,0.118375878554715,0.399022611236311,"glycogen synthase kinase-3 beta-like","liver"
"LOC115142386",315.750734314141,0.144750609000603,0.0903406940878151,1.602306656381,0.109087814464772,0.387902142635137,"ATP synthase membrane subunit DAPIT, mitochondrial-like","liver"
"LOC115145012",224.219533420041,0.144709283651493,0.117548972576285,1.23113618964541,0.218271932217529,0.514503686801253,"calreticulin-like","liver"
"LOC115120937",555.191166230875,0.144676059272815,0.113856508601046,1.27085822355417,0.20377909090816,0.500665204666462,"40S ribosomal protein S19","liver"
"LOC115117358",414.628361171417,0.144559123659473,0.103636730395023,1.39489155895499,0.163048542943191,0.455221463268407,"cathepsin B-like","liver"
"gpcpd1",85.9829249892196,0.144548624253536,0.10515998007748,1.37423502560237,0.169368730279652,0.463320097060311,"glycerophosphocholine phosphodiesterase 1, transcript variant X2","liver"
"LOC115145819",1738.0107655272,0.144361039010297,0.118395086366713,1.21946417322745,0.222668065889888,0.516643694750874,"40S ribosomal protein S6","liver"
"lg4h9orf78",65.9183408262205,0.144216847744152,0.0913331007913013,1.5790104819931,0.114333652799013,0.394843487389548,"linkage group 4 C9orf78 homolog","liver"
"suox",198.566019680473,0.144143929245365,0.112437490995327,1.2816857607407,0.199952901984031,0.496181792666034,"sulfite oxidase","liver"
"LOC115135293",131.701707508389,0.143949751642652,0.0800342517957987,1.79840841947832,0.072112309515426,0.326226163801195,"transmembrane 9 superfamily member 3","liver"
"txndc16",61.5493308447909,0.143934219113643,0.103231693503115,1.39435892192417,0.163209246125807,0.455221463268407,"thioredoxin domain containing 16, transcript variant X1","liver"
"LOC115133588",214.684890410715,0.143820102938327,0.116406947203598,1.2352355425342,0.216742854964195,0.514503686801253,"ceramide-1-phosphate transfer protein-like, transcript variant X2","liver"
"LOC115107821",137.173496777514,0.143740899056983,0.105038762002545,1.36871041503189,0.17108981340438,0.464681592904018,"alpha-1,6-mannosyl-glycoprotein 2-beta-N-acetylglucosaminyltransferase-like","liver"
"LOC115132041",907.656943939627,0.143605102162682,0.116370188999304,1.23423513574761,0.217115298324442,0.514503686801253,"nuclease-sensitive element-binding protein 1-like, transcript variant X1","liver"
"LOC115139333",163.290087440547,0.143579197698108,0.102130989526487,1.40596865320229,0.159733433242139,0.451194368603576,"WD repeat-containing protein 26-like, transcript variant X1","liver"
"LOC115133296",845.656422254371,0.143499212007051,0.107298723213014,1.33745068738133,0.181075568584828,0.476599777265298,"60S ribosomal protein L34, transcript variant X1","liver"
"LOC115109284",309.038483599886,0.143471285797814,0.09074933338973,1.5806442401313,0.11395940437413,0.394843487389548,"microtubule-associated proteins 1A/1B light chain 3B","liver"
"LOC115102873",153.767315081527,0.14343953739078,0.114911205443979,1.2484728018138,0.211857962657789,0.510664137074599,"NADH dehydrogenase [ubiquinone] 1 alpha subcomplex subunit 13-like","liver"
"LOC115146891",10647.5815567107,0.143323163974444,0.0847695079941481,1.69073425297876,0.0908875691999615,0.358113368975222,"extracellular matrix protein 1-like, transcript variant X2","liver"
"LOC115104927",93.309921820896,0.143237316151263,0.0880976140066672,1.62569661586132,0.104014210328757,0.378875711617528,"brefeldin A-inhibited guanine nucleotide-exchange protein 1-like","liver"
"LOC115140301",247.746852141844,0.143127039704454,0.107883977656912,1.32682194343389,0.18456758987997,0.479980727834032,"ATP synthase subunit alpha, mitochondrial-like","liver"
"LOC115144311",72.8834311395548,0.142896128259436,0.1162513197532,1.22913475895374,0.219021284822277,0.514938140304512,"rho-related GTP-binding protein RhoU-like","liver"
"LOC115130375",106.173338622326,0.142828073978748,0.0921719823493045,1.54957045188538,0.121244649610267,0.40256291559417,"charged multivesicular body protein 5","liver"
"LOC115105290",83.5615681170755,0.142693947834315,0.108334719034182,1.31587675983877,0.188215410217665,0.483102022699751,"protein transport protein Sec24A-like, transcript variant X1","liver"
"habp2",545.671773244569,0.142566293012721,0.121724037695932,1.17158464588931,0.241363855480026,0.536715261831198,"hyaluronan binding protein 2","liver"
"LOC115109240",110.958660825124,0.142494438219864,0.112047422535401,1.27205178513578,0.2033547204432,0.50038038228154,"DNA-directed RNA polymerases I, II, and III subunit RPABC1","liver"
"LOC115145582",57.5440639839466,0.142434873617138,0.122239167730971,1.16545538613432,0.243834709110656,0.536838563244212,"ATP-binding cassette sub-family E member 1-like","liver"
"LOC115131303",349.582924270332,0.142244274661156,0.0836952313467721,1.69943175750397,0.0892378625191989,0.354170912977853,"cytochrome b-c1 complex subunit 7-like","liver"
"LOC115142061",91.1303671266933,0.142108779892529,0.115418248258244,1.23164295463972,0.218082487758806,0.514503686801253,"apoptosis-associated speck-like protein containing a CARD","liver"
"LOC115113313",708.776259178033,0.142018555072418,0.119929060035311,1.18586630589397,0.235675101273526,0.529846504573023,"nuclear receptor coactivator 4-like, transcript variant X1","liver"
"LOC115121671",92.475158153515,0.141964023501507,0.113046074941837,1.25614895153066,0.209061970948567,0.507365856302503,"interferon-induced 35 kDa protein homolog, transcript variant X1","liver"
"LOC115137271",67.4088937105614,0.141793399267082,0.101980156620075,1.39083916374131,0.164274204139247,0.456740556665464,"protein PAT1 homolog 1-like, transcript variant X2","liver"
"LOC115129309",295.553298771209,0.141612770917209,0.0746768613878072,1.89612934841089,0.0579429426589187,0.294660212954273,"heterogeneous nuclear ribonucleoprotein A0-like","liver"
"LOC115140949",132.484409023418,0.141571093328734,0.102986709862647,1.3743582838277,0.169330480241872,0.463320097060311,"nectin-2-like, transcript variant X1","liver"
"LOC115113384",1435.75801847511,0.141492278298668,0.0984188966155727,1.43765682312247,0.150531449581932,0.441414524097808,"60S ribosomal protein L8-like","liver"
"LOC115126751",75.634576022782,0.141417625008364,0.121029093072458,1.16811684082745,0.242759638130839,0.536838563244212,"profilin-1-like","liver"
"LOC115114568",198.46513504001,0.141170162592224,0.0928111725444119,1.52136474728778,0.128168330317156,0.411700045088005,"ADP-ribosylation factor 1-like","liver"
"slc31a1",3455.10899944978,0.141104334099124,0.108177209180134,1.3044055644206,0.192095338968377,0.487231239349785,"solute carrier family 31 member 1","liver"
"LOC115101930",696.744381272404,0.140791095139383,0.111639711773128,1.26113791601079,0.207259161999645,0.505814444934547,"ragulator complex protein LAMTOR5-like","liver"
"ndufc1",248.737496607524,0.140785836976515,0.0843873899840499,1.66852245182638,0.0952120587616199,0.364621744473288,"NADH:ubiquinone oxidoreductase subunit C1","liver"
"LOC115108696",1475.51140690528,0.140704652396098,0.104798903856851,1.342606932705,0.179399284336208,0.475752428727641,"60S ribosomal protein L36","liver"
"LOC115130914",142.814862853489,0.140661364621395,0.105739928569384,1.33035739028992,0.183400546535009,0.479807848316236,"thiosulfate:glutathione sulfurtransferase-like","liver"
"LOC115109143",124.606588815513,0.140539157698416,0.0954527908694215,1.47219012688505,0.140969542801927,0.428662337025698,"U6 snRNA-associated Sm-like protein LSm4","liver"
"LOC115143343",395.822736331232,0.140536899661376,0.095185731301435,1.47666727669986,0.139764847984392,0.427367982283856,"protein transport protein Sec61 subunit alpha","liver"
"LOC115130838",62.4787311371187,0.140293860126445,0.0887733808147272,1.57943514155613,0.114236282216861,0.394843487389548,"protein farnesyltransferase/geranylgeranyltransferase type-1 subunit alpha-like, transcript variant X4","liver"
"LOC115138127",149.889211947776,0.140241765282756,0.123320710279955,1.13811027429961,0.25507443845797,0.552142013358834,"perilipin-2-like, transcript variant X2","liver"
"hint1",169.946792222237,0.140158186335714,0.112920815184777,1.24117767281207,0.21454012092957,0.512883010503769,"histidine triad nucleotide binding protein 1","liver"
"LOC115101024",59.7440858194676,0.140127914983609,0.0938821159730916,1.4930813208302,0.135415901410793,0.422025930165245,"beta-centractin-like","liver"
"LOC115137336",214746.43808828,0.140099783685948,0.0787004643699355,1.78016697335866,0.0750486386404131,0.330036247274988,"lecithin retinol acyltransferase-like, transcript variant X2","liver"
"LOC115125541",65.7725142746764,0.140054358225189,0.109691427559379,1.28511541568203,0.198751955376396,0.495034422284806,"NLR family CARD domain-containing protein 3-like","liver"
"fuom",372.191135284583,0.139988067501085,0.095420199985801,1.46705075847513,0.142362247935942,0.429510379412954,"fucose mutarotase, transcript variant X1","liver"
"LOC115102263",285.516596761398,0.139879764581491,0.116950106212041,1.19637121318458,0.231551729863414,0.526562154159259,"dolichyl-diphosphooligosaccharide--protein glycosyltransferase 48 kDa subunit","liver"
"LOC115112408",91.8850064188922,0.139838255685718,0.119274815339827,1.17184727371168,0.241258379061265,0.536715261831198,"CD81 antigen-like","liver"
"LOC115105863",30016.1328527614,0.139824335815353,0.124260627272115,1.12572612170845,0.260281463479012,0.558372234284449,"protein AMBP-like","liver"
"LOC115143345",217.543852355702,0.1397504578698,0.0840875295385764,1.66183607441619,0.0965456469491834,0.366111140860422,"cytochrome b-c1 complex subunit 1, mitochondrial-like","liver"
"LOC115103832",10262.8586966935,0.139647698270273,0.114008642205591,1.22495092472067,0.220593711459671,0.515384077401978,"beta-2-glycoprotein 1-like","liver"
"LOC115106462",218.953189472456,0.139627201378441,0.115659795866025,1.20736717594167,0.227290770704659,0.522525201010823,"26S proteasome non-ATPase regulatory subunit 11B-like","liver"
"LOC115134516",732.363756944591,0.139588737915632,0.089053692759009,1.56745514521125,0.117008342837773,0.397673381316156,"nucleobindin-2-like","liver"
"lg15h1orf50",92.6738181049424,0.139401567662098,0.10703136381504,1.30240296110663,0.192778670876746,0.488356657858059,"linkage group 15 C1orf50 homolog","liver"
"LOC115130488",121.226544616016,0.139336552146454,0.120295693979591,1.15828692540207,0.24674696515909,0.540720768810995,"stress-70 protein, mitochondrial","liver"
"LOC115103926",85.9782182060581,0.139320203963852,0.0912807207500086,1.525799801094,0.127059730265046,0.410376751632589,"protein dpy-30 homolog, transcript variant X2","liver"
"LOC115111720",2386.07487541868,0.139293520875875,0.112678344062725,1.23626079120146,0.2163616404032,0.514221601331453,"60S ribosomal protein L6-like","liver"
"LOC115127632",73.3583048952312,0.139168129449743,0.102089806329102,1.36448377462077,0.172415357391889,0.466699452216275,"DEP domain-containing protein 7-like","liver"
"LOC115105724",69.6846388477904,0.139161257945493,0.111092825874377,1.25339938070155,0.210060396750612,0.50873807317617,"MICOS complex subunit MIC27-like, transcript variant X2","liver"
"LOC115131594",77.0901750012578,0.139159650419425,0.119210468605041,1.16865366719362,0.242543196414498,0.536838563244212,"proteasome subunit beta type-7-like","liver"
"pex14",130.388402709787,0.139096016161137,0.0981776896581614,1.41677712282721,0.156548100316932,0.446659174059623,"peroxisomal biogenesis factor 14","liver"
"ece1",236.522764231762,0.138860554959498,0.116157703103891,1.19515016245089,0.232028366240018,0.526878897378447,"endothelin converting enzyme 1, transcript variant X2","liver"
"tlk1",75.1753358595317,0.138713771030875,0.0975614560753211,1.42141020925381,0.155197540212684,0.444270383115592,"tousled like kinase 1, transcript variant X3","liver"
"LOC115101086",60.2345162259562,0.138712469897836,0.113646321503421,1.22085722591806,0.22214008218629,0.51642870199588,"protein phosphatase 1 regulatory subunit 26-like, transcript variant X1","liver"
"LOC115105880",80.5815119584439,0.138678273898017,0.0942427756982571,1.47083502616982,0.141335737503772,0.428662337025698,"BRCA1-A complex subunit Abraxas 1","liver"
"dnajc22",211.599257734641,0.138572077154951,0.0628381122089054,2.20503946723072,0.0274513251529899,0.211651140154003,"DnaJ heat shock protein family (Hsp40) member C22, transcript variant X1","liver"
"ubxn8",76.2815551190261,0.138250078717962,0.122195514187626,1.13312437322735,0.257162027304676,0.554305882228376,"UBX domain protein 8","liver"
"LOC115131983",57.5762432554278,0.138206841242765,0.117669152210157,1.17361950268479,0.240547465935238,0.536020194846327,"helicase ARIP4-like, transcript variant X2","liver"
"LOC115132781",506.421848344024,0.137774134960909,0.100216740975671,1.3748634277848,0.169173789415258,0.463320097060311,"ATP synthase subunit beta, mitochondrial-like","liver"
"LOC115102419",151.843749522136,0.137601855816859,0.113641572213944,1.21032987611755,0.226152337983232,0.521083623301105,"CD63 antigen-like","liver"
"LOC115104041",102.480386948556,0.137478680206477,0.10290129196232,1.33593925111098,0.181569130174073,0.476599777265298,"26S proteasome non-ATPase regulatory subunit 3-like, transcript variant X1","liver"
"LOC115104018",71.0854975008484,0.137462524580567,0.081660561228183,1.68323058371359,0.0923304624139562,0.359285719078632,"SUMO-conjugating enzyme UBC9-like","liver"
"LOC115133528",92.9186772012827,0.137400009612019,0.105020103887303,1.30799561134617,0.190874797835082,0.486229707127124,"mitochondrial fission 1 protein-like","liver"
"syap1",240.315569998316,0.137332260350787,0.087420110582973,1.57091483258934,0.116202432798246,0.397349929602057,"synapse associated protein 1","liver"
"LOC115146386",79.4152427420382,0.137261932715511,0.084532399525137,1.62352231106481,0.104477797887323,0.379596806639496,"14-3-3 protein zeta-like","liver"
"LOC115141717",111.812206361454,0.137072854102472,0.0874536679942935,1.56715895762474,0.117077541113687,0.397673381316156,"succinate dehydrogenase [ubiquinone] cytochrome b small subunit B, mitochondrial-like","liver"
"LOC115113562",96.7916455380578,0.136891334635739,0.11486960432106,1.19265016422124,0.233006410828846,0.527687459896506,"two pore calcium channel protein 2-like","liver"
"LOC115105068",61.0796051077091,0.136889457170311,0.117817011733614,1.16101288272357,0.245636660460184,0.538577207119801,"putative ferric-chelate reductase 1, transcript variant X4","liver"
"tmem254",388.561011740125,0.13682532009044,0.124251606854523,1.10161801050573,0.27062777496629,0.56771940852424,"transmembrane protein 254","liver"
"LOC115126636",284.753713688771,0.136674060983534,0.114629409024977,1.1925854840376,0.233031753634375,0.527687459896506,"calponin-3-like, transcript variant X2","liver"
"LOC115140191",160.224069066197,0.135577761861568,0.0995430950874643,1.36181869127408,0.17325511128965,0.467364549051365,"ubiquitin recognition factor in ER-associated degradation protein 1-like, transcript variant X1","liver"
"LOC115105090",282.602634174124,0.135321530697719,0.108372634516417,1.24880701445558,0.21173566776498,0.510664137074599,"Krueppel-like factor 6","liver"
"mrpl48",59.420743263309,0.135292211760865,0.097497604581056,1.3878967268258,0.165168494704214,0.457977404363521,"mitochondrial ribosomal protein L48","liver"
"LOC115110453",286.31018662452,0.135082587937496,0.118915640173953,1.13587029897804,0.256010850298464,0.552994290310831,"transmembrane protein 56-B-like, transcript variant X4","liver"
"cnp",155.160597005154,0.135000515884737,0.124167391163453,1.08774185332251,0.27670908548444,0.574269975781353,"2',3'-cyclic nucleotide 3' phosphodiesterase, transcript variant X2","liver"
"LOC115139701",131.502322699922,0.134995482837179,0.120937048296365,1.11659648306816,0.264166896049425,0.561930173304232,"transmembrane emp24 domain-containing protein 7-like, transcript variant X3","liver"
"LOC115101926",105.182785003698,0.134981203739765,0.105469819983856,1.2790964549848,0.200863091832349,0.496718234682126,"para-nitrobenzyl esterase-like, transcript variant X2","liver"
"LOC115122135",440.882461201312,0.13476439939527,0.101045880818171,1.33370231117624,0.182301437054587,0.477648591041778,"cathepsin B-like","liver"
"LOC115144463",208.929001108143,0.134748995985967,0.102353899410623,1.31632723189714,0.188064234557459,0.483018160085824,"voltage-dependent anion-selective channel protein 2","liver"
"cideb",1682.6918403661,0.134613502287163,0.090132788643501,1.49347712196185,0.135312338513528,0.422025930165245,"cell death inducing DFFA like effector b","liver"
"LOC115101141",211.829002797788,0.134491170443062,0.0944495773613499,1.42393400807911,0.154465576111616,0.444006832320837,"cytochrome c oxidase subunit 6B1-like, transcript variant X1","liver"
"LOC115110241",1318.83392395297,0.134446404986724,0.0971745613797465,1.38359381599901,0.166482862923854,0.458812812222873,"60S ribosomal protein L19-like","liver"
"LOC115146375",123.988803671308,0.134246237080304,0.123360978023054,1.08924675282433,0.27604508681897,0.57347592959945,"saccharopine dehydrogenase-like oxidoreductase","liver"
"LOC115111015",737.130815354998,0.13422734977516,0.106215097715291,1.26374843225939,0.2063203354827,0.504504744939455,"cytochrome c oxidase subunit 6A, mitochondrial-like","liver"
"LOC115133083",197.332089637021,0.134175931169308,0.0897169831474186,1.49551251671633,0.134780735742537,0.422025930165245,"ATP synthase subunit gamma, mitochondrial-like, transcript variant X1","liver"
"cct7",225.475743299127,0.134109914053745,0.0914004330029687,1.46736450286635,0.142276925439747,0.429510379412954,"chaperonin containing TCP1 subunit 7","liver"
"LOC115110748",313.283136124567,0.134002451375233,0.0975514531081024,1.37363642079899,0.169554584126392,0.463517427833115,"serine/threonine-protein phosphatase alpha-2 isoform-like, transcript variant X1","liver"
"LOC115135488",77.0251041756134,0.133970709343534,0.0830887453598763,1.61207166264529,0.106946346313896,0.38441883969223,"sorting nexin-12-like, transcript variant X2","liver"
"hadhb",288.945856157005,0.133958150658462,0.0677858136354127,1.97625817840628,0.0481255436705783,0.272444050001774,"hydroxyacyl-CoA dehydrogenase trifunctional multienzyme complex subunit beta","liver"
"LOC115106855",69.9636365989627,0.133901988085922,0.122801105376305,1.09130467656335,0.275138840654849,0.572176486994472,"serine/threonine-protein kinase pim-3-like","liver"
"LOC115102725",60.4321520946487,0.133720846056789,0.0957363944336163,1.39588452663884,0.162749270927639,0.455221463268407,"cactin-like","liver"
"LOC115140062",669.388011694777,0.133676344783513,0.122264874126368,1.09360066077566,0.274130159313216,0.571050078285483,"protein transport protein Sec61 subunit alpha-like, transcript variant X2","liver"
"LOC115110513",58.1889445142298,0.133668068672729,0.0959176559651262,1.39357596741029,0.163445689951268,0.455221463268407,"DNA-directed RNA polymerases I, II, and III subunit RPABC2","liver"
"LOC115141348",75.9724545797608,0.133243651575499,0.109145014687635,1.22169864742269,0.221821607978483,0.51642870199588,"citrate synthase, mitochondrial-like, transcript variant X2","liver"
"LOC115112912",234.970414877057,0.133198025861499,0.0824553075262188,1.61531727673496,0.106242004137798,0.383223370677579,"28 kDa heat- and acid-stable phosphoprotein-like, transcript variant X1","liver"
"nfkb2",74.064859416402,0.133148334516758,0.119668612286672,1.11486334714553,0.264908985489355,0.562460659673982,"nuclear factor kappa B subunit 2","liver"
"wdr83os",126.336062371794,0.133143143511777,0.120088195043686,1.10918269530163,0.267351376185214,0.563456157875353,"WD repeat domain 83 opposite strand","liver"
"LOC115109448",560.47090259246,0.132938336612624,0.0916583127174717,1.45020408808321,0.147001615405722,0.435493105468807,"small EDRK-rich factor 2-like","liver"
"LOC115137929",149.97763219817,0.13279591237702,0.0966280503945994,1.37430315616568,0.169347586900937,0.463320097060311,"cytochrome b-c1 complex subunit 1, mitochondrial-like","liver"
"katnal1",98.0369761347404,0.132637101154209,0.119596612123053,1.11121188571082,0.26647715636497,0.563006462704206,"katanin catalytic subunit A1 like 1, transcript variant X1","liver"
"LOC115104162",638.835262564489,0.132588717308579,0.11336008825603,1.16965948327024,0.242138029295442,0.536838563244212,"40S ribosomal protein S11, transcript variant X2","liver"
"LOC115135161",81.0265630985999,0.132400606379422,0.0956129141141756,1.38500821604922,0.166049955112024,0.458239415732302,"protein YIPF4-like","liver"
"LOC115107552",206.372321948231,0.132314864315419,0.119369519517176,1.10876679586523,0.267530798019133,0.563542910969502,"protein disulfide-isomerase A6-like","liver"
"LOC115118210",1018.37054128121,0.132261899210807,0.110226209761167,1.19995219147389,0.230157908474192,0.525265193135949,"40S ribosomal protein S23","liver"
"LOC115101778",1635.65707622561,0.132257470791802,0.118048119688875,1.12047159418518,0.262512850815469,0.559917519583386,"protein transport protein Sec61 subunit gamma-like","liver"
"LOC115107685",111.857373958913,0.132182349625095,0.0839820827147768,1.57371968165045,0.115552269631425,0.396770356824195,"glycoprotein integral membrane protein 1-like, transcript variant X1","liver"
"LOC115104015",122.63831855071,0.132000685868531,0.124236590119075,1.0629841811659,0.287789125125203,0.583886746645261,"cathepsin D-like","liver"
"LOC115144396",473.924952688542,0.131971209814964,0.0845151289488308,1.56119487032709,0.118477778965782,0.399022611236311,"CD209 antigen-like, transcript variant X2","liver"
"LOC115114670",59.3489013874991,0.131917133994876,0.0816630191506734,1.6153749203356,0.106229528018318,0.383223370677579,"TOX high mobility group box family member 4-A-like, transcript variant X6","liver"
"ost4",326.358013233858,0.131566299968469,0.111782818440237,1.17739806499249,0.239036661844579,0.53398143869427,"oligosaccharyltransferase complex subunit 4, non-catalytic","liver"
"rps7",753.710282813617,0.131488679817497,0.108816556371375,1.20832540838754,0.226922118849285,0.52226683028215,"ribosomal protein S7","liver"
"LOC115129181",153.539423901853,0.13147468795841,0.0799999930172396,1.64352117267382,0.100275148379165,0.372921081015946,"matrin-3-like","liver"
"LOC115113503",104.638611609727,0.131281368989585,0.0907461075092453,1.44718567222112,0.147844928303036,0.436430311333655,"mitochondrial carrier homolog 2-like","liver"
"LOC115123973",312.469523909586,0.13121903349799,0.10857880632886,1.20873245675495,0.226765648023274,0.52220157138015,"26S proteasome regulatory subunit 10B-like","liver"
"LOC115126082",220.542365878619,0.131079313616625,0.091766197957912,1.42823480413908,0.153224286047415,0.443919583110383,"high mobility group protein B2-like","liver"
"LOC115141460",209.450037988619,0.130968590421562,0.0998960475864755,1.31139399600616,0.189724686246865,0.485142924179563,"probable signal peptidase complex subunit 2","liver"
"LOC115128431",72.1315667540793,0.130691852043015,0.108691102715693,1.20259468758842,0.229133204457808,0.524279680165894,"CDC42 small effector protein 1-like","liver"
"med19",95.9296324333061,0.130652064576037,0.0932603947303473,1.40114303575865,0.161171304574364,0.453683865638885,"mediator complex subunit 19","liver"
"LOC115109068",741.021745923657,0.130643659909101,0.1150154682482,1.13590697995881,0.255995496766661,0.552994290310831,"MAP kinase-interacting serine/threonine-protein kinase 1-like","liver"
"LOC115134734",1637.34562776711,0.130611280232105,0.102335797662753,1.28538290150241,0.198658513228427,0.495034422284806,"zona pellucida sperm-binding protein 4-like","liver"
"LOC115117957",150.20472274128,0.130578832555068,0.106087166680456,1.23045845502706,0.218525475215484,0.514503686801253,"2-hydroxyacyl-CoA lyase 1-like","liver"
"LOC115108401",201.68875756257,0.130502812502362,0.108186443164643,1.20608002423546,0.227786636259817,0.523369971474077,"inhibitor of growth protein 5-like, transcript variant X2","liver"
"LOC115130259",92.7681678609324,0.130501277219512,0.109153217013943,1.19583823494621,0.231759691992569,0.526562154159259,"zinc finger CCHC domain-containing protein 2-like, transcript variant X1","liver"
"LOC115105876",1014.87566294209,0.130420087005556,0.111760037165876,1.16708036004555,0.24317791844178,0.536838563244212,"60S ribosomal protein L17","liver"
"LOC115101113",89.7489118949328,0.130399743252642,0.110525036776446,1.17897236146424,0.238409181557208,0.533638563441615,"hepatic leukemia factor-like, transcript variant X2","liver"
"LOC115101924",28390.5719714283,0.130337938786954,0.089824499190938,1.45103043306364,0.146771386098859,0.435493105468807,"apolipoprotein C-I-like","liver"
"LOC115141754",78.8400985693669,0.130288160725744,0.123295576010254,1.05742087963801,0.290319546490906,0.585326021350416,"complement C4-like","liver"
"LOC115123776",58.858785399725,0.130245592045984,0.120745691995055,1.07875236497376,0.280698135116334,0.578133197945517,"BCL2/adenovirus E1B 19 kDa protein-interacting protein 3-like","liver"
"rabggta",75.0343131822081,0.130201411339916,0.0934164949896545,1.39338145504112,0.16350447061456,0.455221463268407,"Rab geranylgeranyltransferase subunit alpha","liver"
"LOC115133390",2113.7381769045,0.130101543437828,0.124267381940763,1.04727042351896,0.294974873073566,0.589635548521163,"purine nucleoside phosphorylase-like","liver"
"LOC115104665",129.495218956378,0.130047817009293,0.120627670862545,1.07892055711161,0.280623143854618,0.578133197945517,"nucleolar protein 16-like","liver"
"LOC115131400",70.1260269555268,0.130002428192161,0.111614311923301,1.1649998044929,0.244019071976282,0.536838563244212,"NADH dehydrogenase [ubiquinone] iron-sulfur protein 6, mitochondrial-like","liver"
"LOC115103223",632.422642751122,0.13000122656001,0.101418777552989,1.28186134417559,0.199891290315878,0.496181792666034,"stress-associated endoplasmic reticulum protein 1","liver"
"LOC115146299",115.202808925559,0.129960017679634,0.109076130779709,1.19136249740371,0.233511308774604,0.528186511967417,"transmembrane protein 50A","liver"
"cir1",164.894136292065,0.129938643460834,0.108558876980389,1.19755908601385,0.231088712138439,0.526562154159259,"corepressor interacting with RBPJ, 1","liver"
"LOC115114215",1084.59007860201,0.129902386243827,0.10215201395783,1.27168352281594,0.20348558730655,0.50038038228154,"40S ribosomal protein S15-like","liver"
"LOC115129832",310.85762061188,0.129812048097519,0.101684491446471,1.27675781582987,0.201687762727173,0.497325662961862,"receptor expression-enhancing protein 6-like","liver"
"ccz1",73.5397627088447,0.129741382215585,0.082432711724403,1.57329022065073,0.11565163271742,0.396770356824195,"CCZ1 homolog, vacuolar protein trafficking and biogenesis associated, transcript variant X1","liver"
"LOC115136739",1966.0134746781,0.129578808868926,0.0896456132269299,1.44545063210776,0.148331350272868,0.437164557998705,"alpha-2-antiplasmin-like","liver"
"LOC115136811",61.1540122963309,0.129428816677761,0.124184727864912,1.04273213546682,0.297072370115703,0.590091121146007,"prothymosin alpha-like","liver"
"dcaf11",67.3589276902526,0.129327733518049,0.0898056462652575,1.43996860366347,0.1498762819188,0.440443925811845,"DDB1 and CUL4 associated factor 11, transcript variant X3","liver"
"LOC115133066",86.2762648455403,0.129265165867925,0.0777237791667825,1.66280484401153,0.0963515066926519,0.366111140860422,"serine/threonine-protein phosphatase 6 regulatory subunit 2-like, transcript variant X3","liver"
"LOC115104156",165.892717621742,0.129254394466239,0.0924902288278971,1.39782401157202,0.162165921953716,0.455221463268407,"ADP-ribosylation factor 2","liver"
"LOC115119824",177.50789578984,0.129171051542252,0.0888961166882921,1.45304390064141,0.146211565403633,0.435493105468807,"dynactin subunit 2-like","liver"
"hax1",62.3305831253732,0.128913168493964,0.0971202993758761,1.3268842908697,0.184546961627904,0.479980727834032,"HCLS1 associated protein X-1, transcript variant X1","liver"
"LOC115136854",944.441544154039,0.128782749090598,0.110076370014305,1.17000679232124,0.241998235438858,0.536838563244212,"40S ribosomal protein S3-like","liver"
"LOC115131967",234.138223213321,0.128766711902084,0.120923920475889,1.06487253417833,0.286933615625124,0.583021643712864,"monoglyceride lipase-like","liver"
"paip2b",162.558926775031,0.12876588369377,0.102909943244288,1.25074862948467,0.211026202294204,0.509772381528497,"poly(A) binding protein interacting protein 2B, transcript variant X2","liver"
"LOC115108068",61.3781747814097,0.128764006296855,0.104357829741545,1.23456658042351,0.216991853188244,0.514503686801253,"GRAM domain-containing protein 2B-like, transcript variant X1","liver"
"LOC115103209",59.9668806326273,0.12871135436376,0.105497311413458,1.22061562979862,0.222231585696951,0.51642870199588,"actin-related protein 2/3 complex subunit 5-like","liver"
"LOC115107605",177.802964858687,0.128711315580697,0.123889006162905,1.03998751104109,0.298345702995139,0.591734956591156,"NF-kappa-B inhibitor alpha-like","liver"
"atf3",91.2642526028172,0.12861839059754,0.122513301485442,1.05047966518963,0.293497635365248,0.589308552585592,"activating transcription factor 3","liver"
"LOC115143533",58.9240741873142,0.128599695854563,0.0996115515365356,1.29002862934143,0.197040718047045,0.493934788905139,"SWI/SNF-related matrix-associated actin-dependent regulator of chromatin subfamily D member 1-like","liver"
"LOC115135202",1045.31033199917,0.128512934809994,0.0802687271681152,1.60107404102423,0.109360521000741,0.387902142635137,"glutamate dehydrogenase, mitochondrial-like, transcript variant X1","liver"
"LOC115101635",98.8710477644754,0.128448166041387,0.101169923644411,1.26950420240556,0.20426129266543,0.50094406071257,"mitochondrial import receptor subunit TOM40 homolog, transcript variant X4","liver"
"LOC115128364",183.172519285309,0.128370854366083,0.123699362181354,1.03775464265895,0.299384298303989,0.592373980527698,"C-type lectin domain family 4 member M-like","liver"
"acot13",71.5093534820937,0.128181781422181,0.110091083973007,1.16525490440078,0.24391582715884,0.536838563244212,"acyl-CoA thioesterase 13, transcript variant X2","liver"
"LOC115129426",129.294688995245,0.127827304996273,0.122026341767876,1.04801463223431,0.294631865425884,0.589635548521163,"LON peptidase N-terminal domain and RING finger protein 2-like","liver"
"rbp2",4599.3080009075,0.127696266342704,0.105506316998789,1.21035571526822,0.226142427088644,0.521083623301105,"retinol binding protein 2","liver"
"llph",176.940655245849,0.127477947228682,0.122199795114637,1.04360642420963,0.296667519452045,0.590091121146007,"LLP homolog, long-term synaptic facilitation factor","liver"
"LOC115105002",624.150903269267,0.127453891336017,0.124247742588108,1.0262015900059,0.304796572066733,0.597110690743404,"protein disulfide-isomerase A4-like","liver"
"cops3",123.429122017675,0.127414434066572,0.107242949555705,1.18819341441353,0.234757217666927,0.529170367849425,"COP9 signalosome subunit 3","liver"
"arl6ip4",71.5119700647839,0.127315741518695,0.105136402035944,1.21122436841535,0.225809425818362,0.521083623301105,"ADP ribosylation factor like GTPase 6 interacting protein 4","liver"
"aldh6a1",81.708416062198,0.127224892938287,0.123070790212579,1.03368755280115,0.301282253933429,0.594139323259205,"aldehyde dehydrogenase 6 family member A1, transcript variant X2","liver"
"LOC115117682",136.777817296781,0.127224768951066,0.109215776677283,1.16490469579179,0.244057572515029,0.536838563244212,"nuclear protein localization protein 4 homolog, transcript variant X1","liver"
"LOC115109183",79.1224808729648,0.127091964929797,0.122699538423718,1.03605332795735,0.300177264271103,0.593366890964605,"cystathionine gamma-lyase-like","liver"
"LOC115118659",95.0299168278367,0.12681434718351,0.0978504072869407,1.29639678775298,0.194838818203031,0.490830051295152,"ubiquitin-conjugating enzyme E2 D2","liver"
"LOC115133589",82.173435629971,0.126724375799708,0.123420839483531,1.02613194860292,0.304829392746221,0.597110690743404,"extensin-like, transcript variant X1","liver"
"LOC115145942",127.351933517957,0.126638379730143,0.11295187506788,1.12198132382853,0.261870380794807,0.559917519583386,"trifunctional enzyme subunit alpha, mitochondrial-like","liver"
"LOC115110379",8003.21244385279,0.126516448896903,0.122304994422617,1.03458025756152,0.300864977841589,0.593862300088289,"microfibril-associated glycoprotein 4-like","liver"
"aven",120.720596469146,0.126408174127343,0.0809256548776726,1.56155469520029,0.118392929347007,0.399022611236311,"apoptosis and caspase activation inhibitor, transcript variant X1","liver"
"LOC115110776",164.263586389426,0.126091384144546,0.0804514246471121,1.56726317976045,0.11705318804361,0.397673381316156,"elongin-B","liver"
"LOC115137198",101.638653717532,0.126023777517284,0.102741470607453,1.22687135691751,0.219870945686671,0.515088075261921,"eukaryotic translation initiation factor 4H-like, transcript variant X1","liver"
"LOC115134943",72.7042264991511,0.125858407519333,0.124224244540094,1.01226162473833,0.311412978189415,0.601817480450145,"charged multivesicular body protein 4b","liver"
"acp1",91.693690118323,0.125821710954441,0.107291540586496,1.17359333904844,0.240557950489516,0.536020194846327,"acid phosphatase 1, transcript variant X1","liver"
"LOC115139194",96.0692193310787,0.125819883922074,0.11228965108347,1.12058587268052,0.262464181209048,0.559917519583386,"peptidyl-prolyl cis-trans isomerase FKBP3-like, transcript variant X1","liver"
"LOC115130793",2865.79497947232,0.125602046137482,0.123589259269802,1.01685087413875,0.309224376235368,0.600632855049678,"sequestosome-1-like","liver"
"LOC115140749",5335.85775901998,0.125597667145746,0.102359279364951,1.22705204056709,0.219803031913923,0.515088075261921,"complement C1r subcomponent-like","liver"
"fbxo34",58.4292816452318,0.125510179824197,0.114039596659803,1.10082989417489,0.270970698422726,0.567854275974824,"F-box protein 34, transcript variant X1","liver"
"mrpl3",61.0631089064383,0.125504533686736,0.0998523688632624,1.25699598294755,0.208755090188675,0.507083282246149,"mitochondrial ribosomal protein L3","liver"
"LOC115102811",171.189971231724,0.125291485496443,0.0986799275966938,1.27002506929772,0.204075700415458,0.50094406071257,"lactoylglutathione lyase-like","liver"
"LOC115130665",401.631972056451,0.125196356106898,0.106363803093564,1.17742863142668,0.239024467649369,0.53398143869427,"cofilin-2-like","liver"
"sparc",92.3601647622417,0.125061399584415,0.120879364893923,1.03519531353307,0.300577706974496,0.593641960776684,"secreted protein acidic and cysteine rich","liver"
"LOC115135292",154.559007851168,0.124865399487865,0.124119026288031,1.00681381478783,0.314024254608411,0.602661842209239,"lysophosphatidylserine lipase ABHD12-like, transcript variant X2","liver"
"LOC115110104",57.3387502760164,0.124856348757708,0.119503144106808,1.04485702636781,0.296089053814263,0.590091121146007,"nuclear body protein SP140-like, transcript variant X2","liver"
"LOC115136068",97.4130583524375,0.124827955166659,0.0918412407865951,1.35954961351086,0.173972492163913,0.468679364216859,"histone H3.3","liver"
"LOC115134382",113.10664764603,0.124755685456909,0.107227503046065,1.16340321432971,0.244665946017279,0.537315946102602,"group XV phospholipase A2-like, transcript variant X1","liver"
"rabl3",66.0729366579784,0.124679775986577,0.0940110930427839,1.3255473578197,0.184989672987206,0.479980727834032,"RAB, member of RAS oncogene family like 3, transcript variant X2","liver"
"LOC115107068",1234.25882170323,0.124652043496269,0.119674198586673,1.04277934179539,0.29705050118707,0.590091121146007,"phenylalanine-4-hydroxylase-like","liver"
"LOC115143144",158.1358237176,0.124478609200412,0.11738646767967,1.0605746759686,0.288883236293069,0.583993995263798,"inositol hexakisphosphate kinase 2-like","liver"
"LOC115137274",545.537793469347,0.124351314868402,0.124091959718885,1.00239353185174,0.316153564837945,0.602661842209239,"ecto-ADP-ribosyltransferase 4-like, transcript variant X1","liver"
"aurkaip1",60.6948575572032,0.124339532122306,0.110490937614998,1.12530251399166,0.260460864786953,0.558390215565125,"aurora kinase A interacting protein 1","liver"
"LOC115121009",239.292228736467,0.124314327056425,0.0938214594091253,1.32505376122681,0.185153320767725,0.479980727834032,"eukaryotic translation initiation factor 2 subunit 3-like","liver"
"echdc2",62.107071187872,0.124200197113896,0.0918868744612496,1.35161629487271,0.176498094821959,0.472361283318651,"enoyl-CoA hydratase domain containing 2, transcript variant X2","liver"
"LOC115115736",87.7288658681846,0.124089734872909,0.107873564568032,1.15011336326505,0.250097183102155,0.545539345742569,"heme oxygenase 2-like","liver"
"LOC115108137",4165.00275640945,0.124062229763644,0.0997949855416561,1.24318641730721,0.21379914673561,0.512432154499533,"antithrombin-III-like, transcript variant X1","liver"
"LOC115122343",58.576205230847,0.124061419279699,0.0904709519692585,1.37162385992087,0.170180562174949,0.464294492252405,"cell division control protein 42 homolog","liver"
"LOC115131259",75.5072123027188,0.124017503536395,0.123647713593856,1.00294349575993,0.315888124731427,0.602661842209239,"E3 ubiquitin-protein ligase znrf2-like","liver"
"LOC115109596",71.6575299899874,0.12393823397192,0.103601578710312,1.19649230415334,0.231504500007079,0.526562154159259,"NADH dehydrogenase [ubiquinone] 1 alpha subcomplex subunit 9, mitochondrial-like","liver"
"mrpl24",92.2510722363217,0.123622330864016,0.0913064112149102,1.35406936293093,0.175714249439683,0.471121619369691,"mitochondrial ribosomal protein L24, transcript variant X1","liver"
"rtn4ip1",433.941968639432,0.123594547813914,0.120980832482724,1.02165176825709,0.306945746584339,0.598746474685021,"reticulon 4 interacting protein 1, transcript variant X2","liver"
"LOC115103365",1785.59718004582,0.123443983117018,0.105540264749221,1.16965004384278,0.242141829511195,0.536838563244212,"ATP-binding cassette sub-family F member 2-like, transcript variant X2","liver"
"lmf2",5614.65437015303,0.123315321289343,0.124261698174709,0.992649628911821,0.320880730163853,0.605794282606699,"lipase maturation factor 2","liver"
"LOC115103751",90.2932688462489,0.123200094958455,0.115503641762633,1.06646524426627,0.286213381831217,0.583021643712864,"fucolectin-1-like","liver"
"LOC115119899",77.2363018663648,0.123102834735536,0.103345267448014,1.19083685504426,0.233717637466579,0.528360005720342,"solute carrier family 35 member F6-like","liver"
"LOC115113789",185.691298345476,0.123083242766094,0.110671810093774,1.11235111475484,0.265987214547879,0.562909598388969,"signal peptidase complex catalytic subunit SEC11A-like","liver"
"LOC115104149",288.578987480601,0.12293586749589,0.0765215546081052,1.60664001438307,0.108133359387695,0.387154823364089,"ubiquilin-4-like","liver"
"LOC115144182",187.20256059676,0.122916189778403,0.0825222912861704,1.48926607470971,0.136417317480033,0.422520506115968,"28 kDa heat- and acid-stable phosphoprotein-like","liver"
"LOC115113683",190.346031905498,0.12289070546308,0.124187218161418,0.99017622817022,0.322087989606929,0.60722971583619,"COX assembly mitochondrial protein 2 homolog, transcript variant X1","liver"
"glyctk",412.189781967231,0.122853881694173,0.0864204400774202,1.42148795291045,0.155174953385607,0.444270383115592,"glycerate kinase, transcript variant X3","liver"
"LOC115123629",65.72685624121,0.122675722463271,0.0897295940489211,1.36738921667457,0.171503340488337,0.46541119562614,"ATP-dependent RNA helicase DDX3X-like, transcript variant X1","liver"
"LOC115107629",76.8031568113372,0.122568855076755,0.110499316174903,1.10964220980265,0.267153234738302,0.563456157875353,"N-alpha-acetyltransferase 20","liver"
"LOC115123532",65.9885724092747,0.122341118158029,0.117160643043024,1.0445517029696,0.296230211355418,0.590091121146007,"ATP-binding cassette sub-family E member 1","liver"
"LOC115136789",121.898477144521,0.122179313817885,0.124172520031831,0.984551229195061,0.324844555914607,0.609607002720046,"claudin-3-like","liver"
"LOC115129470",74.9583005007292,0.122134688651115,0.0950939286529093,1.2843307259175,0.19902626031851,0.495196305982148,"GTP-binding nuclear protein Ran-like","liver"
"rpl7l1",120.019822792904,0.122044640354486,0.117674320236497,1.03702880006313,0.29972243527004,0.592755286831967,"ribosomal protein L7 like 1","liver"
"LOC115103870",6056.52899654362,0.122004096754352,0.116182976755595,1.05015616105989,0.293646321360554,0.589316792646783,"beta-2-glycoprotein 1-like","liver"
"LOC115113421",66.0490549477878,0.121989903213136,0.103386798942308,1.18717298811862,0.2351593932339,0.529270947996342,"C-X-C motif chemokine 9-like","liver"
"LOC115115068",69.9820961936384,0.121811362937864,0.104499513503134,1.16538642293958,0.243862610560627,0.536838563244212,"transcription and mRNA export factor ENY2-2, transcript variant X2","liver"
"LOC115122609",302.327170892081,0.121773571948733,0.104602789360266,1.16458959863962,0.244185156097834,0.536838563244212,"myosin-9-like, transcript variant X3","liver"
"LOC115105255",157.749436118434,0.121692047565461,0.112926823015099,1.07796041346547,0.2810514227543,0.578568484417438,"heat shock 70 kDa protein 4-like","liver"
"ccdc90b",77.8948770305331,0.121562792325846,0.0891060984426907,1.36343297983396,0.172746093088313,0.46719384371525,"coiled-coil domain containing 90B, transcript variant X1","liver"
"rgn",78.9959638026329,0.121420119538707,0.123831387912903,0.980154778856286,0.327009722668492,0.611979627914037,"regucalcin, transcript variant X2","liver"
"LOC115129234",145.859363333353,0.121409233015091,0.0911931429370329,1.33183051742023,0.182915887375516,0.478847242737702,"N-terminal kinase-like protein, transcript variant X2","liver"
"LOC115105576",75.1483576649592,0.121370624210735,0.11830728776754,1.02672512104237,0.304549916856143,0.597110690743404,"serine/threonine-protein kinase 40, transcript variant X1","liver"
"slc25a20",76.0753237871195,0.12136840276231,0.092490628896872,1.31201865075407,0.189513841721884,0.48490798421745,"solute carrier family 25 member 20","liver"
"LOC115141662",264.618708145643,0.121362642614891,0.096138402523205,1.26242753229227,0.206794987358221,0.505333554239872,"eukaryotic translation initiation factor 3 subunit K","liver"
"LOC115146050",283.562602790567,0.121326619773232,0.115317673051085,1.05227860896112,0.292671742885981,0.588604086000291,"NF-kappa-B inhibitor alpha-like","liver"
"LOC115146438",279.869882992035,0.121311238030186,0.11591032426913,1.04667010709057,0.295251755282555,0.589635548521163,"heme-binding protein 1-like","liver"
"LOC115129303",214.59056753191,0.121291023263749,0.0790362334660106,1.53489071020291,0.124810675816462,0.408617120183051,"casein kinase I-like, transcript variant X2","liver"
"LOC115129232",353.639506780517,0.121197435109639,0.102094691379654,1.18740029990871,0.235069761766194,0.529270947996342,"neutral alpha-glucosidase AB-like, transcript variant X3","liver"
"timm9",66.2613879207302,0.121182718349524,0.096860327290848,1.25113526024822,0.210885133042816,0.509772381528497,"translocase of inner mitochondrial membrane 9","liver"
"LOC115110516",122.84882546619,0.121137327845029,0.0914146609094022,1.32490927524332,0.185201244131115,0.479980727834032,"trinucleotide repeat-containing gene 6B protein-like","liver"
"LOC115105347",72.1209272937253,0.120998618463743,0.114291287532826,1.05834653056159,0.289897486747508,0.584961463357843,"40S ribosomal protein S3-like","liver"
"LOC115110120",278.790369373769,0.120996409845121,0.120446176861771,1.00453169946148,0.31512239982532,0.602661842209239,"interleukin-2 receptor subunit beta-like, transcript variant X3","liver"
"LOC115121614",337.299924556701,0.120986921892437,0.090344886412687,1.33919111565865,0.180508463950033,0.476599777265298,"ATP synthase F(0) complex subunit C2, mitochondrial-like","liver"
"LOC115109270",472.88167149605,0.120916763116166,0.100555538812572,1.20251616281714,0.229163607814044,0.524279680165894,"ATP synthase F(0) complex subunit C3, mitochondrial-like, transcript variant X1","liver"
"LOC115137969",65.2378628734932,0.120762106106037,0.0972181103250796,1.24294492898334,0.213888127804532,0.512432154499533,"NEDD8","liver"
"LOC115132929",87.2307662245518,0.120669095844706,0.117692273274565,1.02607846644773,0.304854599469338,0.597110690743404,"UHRF1-binding protein 1-like","liver"
"LOC115130705",165.232960321636,0.120630883940633,0.0971308878542692,1.24178707885873,0.214315131324872,0.512822279439546,"GTP-binding nuclear protein Ran, transcript variant X1","liver"
"hsd17b4",146.003908314941,0.120537850736603,0.0932454281575832,1.29254797390152,0.196167443375028,0.492654651384236,"hydroxysteroid 17-beta dehydrogenase 4, transcript variant X2","liver"
"LOC115108468",77.9868330998022,0.120498046467015,0.123703891246673,0.974903839205743,0.329607961551784,0.613285735480822,"dolichyl-diphosphooligosaccharide--protein glycosyltransferase subunit DAD1-like","liver"
"LOC115105397",59.3424381517911,0.120417389183759,0.116704575634214,1.03241895170707,0.301875897576888,0.594714532960469,"complement component 1 Q subcomponent-binding protein, mitochondrial-like, transcript variant X2","liver"
"LOC115125726",115.093102329903,0.120369013263861,0.0802661377346024,1.49969252703588,0.133694067224191,0.419557222962166,"vacuolar protein sorting-associated protein 29, transcript variant X2","liver"
"LOC115109288",185.114530806603,0.120346977934732,0.120731273381327,0.996911979091258,0.318807236574613,0.604704843863596,"carbonic anhydrase 5B, mitochondrial-like, transcript variant X2","liver"
"LOC115110030",94.0664732977238,0.120276255052174,0.107287751242497,1.12065437459396,0.262435010193589,0.559917519583386,"protein spinster homolog 1-like, transcript variant X1","liver"
"LOC115130284",64.696711789009,0.120259038288955,0.117363443773318,1.02513170868591,0.305301045721249,0.597697916599333,"N-myc-interactor-like, transcript variant X1","liver"
"LOC115144542",80.4961864342168,0.120258899704349,0.12424268475423,0.968145220176602,0.332971848610918,0.616121761806781,"glucose-6-phosphatase-like","liver"
"LOC115125575",79.5550672071313,0.120114835889272,0.0823811564298469,1.45790962871322,0.144865454256264,0.434170287903332,"SPRY domain-containing protein 7","liver"
"LOC115117629",180.200992942569,0.120030779970187,0.0980373861894882,1.22448184727325,0.220770510094174,0.515384077401978,"probable C-mannosyltransferase DPY19L1","liver"
"atp5me",451.306420351935,0.119998060430105,0.115522185021649,1.03880226159128,0.298896709340293,0.591752816572608,"ATP synthase membrane subunit e","liver"
"LOC115104250",153.795034457569,0.119975050374427,0.0999252629669155,1.2010111153717,0.229746889635956,0.524914978787082,"eukaryotic translation initiation factor 3 subunit G","liver"
"LOC115111889",19397.1340741735,0.119902374670996,0.0947771801703438,1.27842996374086,0.201097864573769,0.496718234682126,"apolipoprotein A-I-like","liver"
"LOC115133435",283.768985199626,0.119768641864799,0.0757130568532775,1.58195516919496,0.113659805123459,0.394843487389548,"cell death activator CIDE-B-like","liver"
"lg9bh14orf119",61.0029885554393,0.119741205378584,0.0952738863424632,1.25760578893627,0.208534358750041,0.507083282246149,"linkage group 9b C14orf119 homolog","liver"
"c9",4690.58351396752,0.119716473176999,0.121391735460021,0.986292764293967,0.323989469415918,0.608562708451282,"complement C9","liver"
"LOC115122693",78.3936212897561,0.119426467117204,0.0940570466848284,1.26960841524624,0.204224150331706,0.50094406071257,"SNW domain-containing protein 1","liver"
"LOC115101483",62.8492284765919,0.119370523408796,0.122588764265412,0.973414946015195,0.330347113622859,0.613285735480822,"uncharacterized LOC115101483","liver"
"LOC115134105",133.778972731953,0.119305209894466,0.119839727347811,0.995124343886391,0.319675792058251,0.604704843863596,"poly(U)-specific endoribonuclease-C-like","liver"
"psma5",584.372945576865,0.119072721995795,0.103931144466881,1.14579317895648,0.251880738173413,0.546695676146897,"proteasome subunit alpha 5","liver"
"LOC115118673",20816.6467212652,0.119010624739473,0.120072976412115,0.991227783848352,0.321574366696437,0.606576390909716,"pentraxin fusion protein-like","liver"
"LOC115143979",720.559842232744,0.11875631974545,0.123648237778,0.960668270435341,0.336718989874331,0.617950638777758,"glucose-6-phosphatase-like","liver"
"snrnp27",116.607358597516,0.118755889759129,0.0952142774782877,1.24761005994348,0.212173892603113,0.510847514985607,"small nuclear ribonucleoprotein U4/U6.U5 subunit 27","liver"
"rbis",190.725565765341,0.118691288617243,0.115066053433354,1.03153419949978,0.302290379116566,0.594714532960469,"ribosomal biogenesis factor","liver"
"LOC115134466",65.8629069825335,0.118670365148462,0.0866907501177011,1.36949278473562,0.170845288669243,0.464553299943853,"dihydrolipoyl dehydrogenase, mitochondrial-like","liver"
"LOC115103882",182.365773126659,0.118572615391825,0.105471400230292,1.12421458134329,0.260922005064583,0.558608565928574,"T-complex protein 1 subunit delta","liver"
"LOC115110190",703.530424763063,0.118542946807536,0.0906501277082261,1.30780103966117,0.190940801501291,0.486229707127124,"eukaryotic translation initiation factor 1","liver"
"LOC115129560",2085.44336073951,0.118445133924924,0.115820654737649,1.02270421717356,0.306447716864323,0.598735748568934,"dihydropteridine reductase-like","liver"
"LOC115114641",107.449559796831,0.11839094314259,0.11634376269343,1.01732791255826,0.30899746242342,0.600632855049678,"HORMA domain-containing protein 1-like","liver"
"LOC115129818",196.706439140086,0.118310638478855,0.123680320615925,0.95665335864135,0.338742247083087,0.620225883494352,"transcription factor CP2-like protein 1, transcript variant X3","liver"
"LOC115137705",58.8079336990073,0.118172388529482,0.118369653582231,0.999430669097503,0.317586109116675,0.604704843863596,"DNA-binding protein inhibitor ID-1-like","liver"
"cacybp",70.1535060928331,0.118065695645218,0.0982396682631524,1.20191223546241,0.229397533405813,0.524410738172795,"calcyclin binding protein","liver"
"LOC115104132",86.6357856373506,0.117820399238737,0.102567975246019,1.14839807105777,0.250804269642419,0.545797225340363,"ras-related protein Rab-11A-like","liver"
"LOC115131490",58.5534150331918,0.117808013157767,0.119388146321753,0.987499656425731,0.323397751262694,0.608430541219756,"heat shock factor-binding protein 1-like","liver"
"gch1",88.4814406332734,0.117706372009304,0.116401173020918,1.01118931986456,0.311925826510578,0.601817480450145,"GTP cyclohydrolase 1","liver"
"LOC115103252",197.181891238061,0.117653370147057,0.102339178243171,1.14974605233743,0.250248480615639,0.545539345742569,"calponin-2-like","liver"
"LOC115109138",620.971015241119,0.117644797731246,0.108305183102962,1.08632240362519,0.277336378509979,0.574986306615806,"ubiquitin-60S ribosomal protein L40","liver"
"LOC115124959",652.681799247561,0.117615155305237,0.107387458561926,1.09537049006313,0.27335435702155,0.571050078285483,"eukaryotic translation initiation factor 5A-1-like, transcript variant X1","liver"
"LOC115142973",225.919147857766,0.117514713558778,0.0939172420612009,1.25127695063566,0.210833451816117,0.509772381528497,"serine/arginine-rich splicing factor 3-like","liver"
"ap1m1",90.5219267584282,0.117468518564448,0.0825733946447289,1.42289806569317,0.154765707066426,0.444242973241375,"adaptor related protein complex 1 subunit mu 1","liver"
"LOC115111469",93.7646971796098,0.117465121002382,0.0993132847035655,1.18323018979938,0.236717931247049,0.530990322991257,"protein SET-like","liver"
"LOC115142866",388.891011861757,0.117404795169606,0.122487064771659,0.958701215706876,0.337709285859038,0.619209648745586,"eukaryotic translation initiation factor 2 subunit 2-like","liver"
"LOC115111733",64.3319367617917,0.117284731385742,0.118751877282801,0.988172645797981,0.323068102393875,0.608233526723988,"prisilkin-39-like","liver"
"LOC115131669",80.995625173804,0.117219173268495,0.12180271880863,0.963980671973043,0.33505561617985,0.616841324096237,"adenylate kinase 2, mitochondrial-like, transcript variant X2","liver"
"LOC115122412",78.5924119840677,0.11703460112016,0.0857593280709864,1.36441795956125,0.172436058645169,0.466699452216275,"acyl-CoA dehydrogenase family member 9, mitochondrial-like","liver"
"snx3",141.68163644428,0.117015929375892,0.0914333008005647,1.2803809047861,0.200411206308362,0.496581201770749,"sorting nexin 3","liver"
"LOC115130936",70.4037964982497,0.116958098113042,0.0844479483135583,1.38458040425972,0.16618080677898,0.458290235745009,"UBX domain-containing protein 1-like, transcript variant X1","liver"
"LOC115146268",62.0427809232408,0.116834809854042,0.121121024857069,0.965357769106493,0.334365646036956,0.616247300594547,"signal recognition particle 14 kDa protein-like","liver"
"LOC115135866",164.954201607663,0.11676195130753,0.113223631826108,1.03147508844983,0.302318084468619,0.594714532960469,"non-histone chromosomal protein HMG-14-like","liver"
"lztr1",70.1878008953392,0.1165858221337,0.0942798854666348,1.23663959073591,0.216220914894607,0.514186959807711,"leucine zipper like transcription regulator 1","liver"
"LOC115125838",123.040141712013,0.11635487410861,0.109208880689303,1.06600126109171,0.286423071834209,0.583021643712864,"polypyrimidine tract-binding protein 1-like, transcript variant X1","liver"
"LOC115112359",167.333179634346,0.116143748423496,0.0958477542190429,1.21189659134378,0.225551967127807,0.520878083860022,"transcription factor 25-like, transcript variant X1","liver"
"LOC115102427",101.112026807506,0.116060989817945,0.103183526991995,1.12505946968228,0.260563834643,0.558390215565125,"citrate synthase, mitochondrial-like","liver"
"LOC115139898",245.785209763015,0.11601561761194,0.119403468474127,0.971552805548696,0.331273070892683,0.614313839159739,"calcium-binding mitochondrial carrier protein SCaMC-2-A-like","liver"
"LOC115111724",150.049753389498,0.115837613778367,0.120559897240756,0.960708182919925,0.336698915644697,0.617950638777758,"voltage-dependent anion-selective channel protein 2-like, transcript variant X3","liver"
"LOC115109651",66.237168608648,0.115814719302776,0.122337073498984,0.946757434241227,0.343762396399457,0.624522353674211,"TBC1 domain family member 15-like","liver"
"saraf",222.575591339847,0.115659550904018,0.0763231828136734,1.51547670707446,0.12965172474221,0.413829624157594,"store-operated calcium entry associated regulatory factor","liver"
"LOC115129439",271.280723391881,0.11556453546532,0.0934443106878143,1.2370231651207,0.21607848266757,0.514186959807711,"cofilin-2-like","liver"
"LOC115105060",353.107467139929,0.115467712658866,0.114687519618415,1.00670710928508,0.314075544724389,0.602661842209239,"dihydropyrimidine dehydrogenase [NADP(+)]-like","liver"
"LOC115106552",88.8677826884281,0.115433113511606,0.0864299474688464,1.33525231663891,0.181793779249248,0.476828471184,"3-phosphoinositide-dependent protein kinase 1-like","liver"
"LOC115104315",93.2294109252895,0.115400838233722,0.122585941255277,0.941655024125148,0.346369288714338,0.626631700310538,"forkhead box protein K2-like, transcript variant X2","liver"
"LOC115118566",65.4111706461169,0.115353587728311,0.12264549161453,0.94078660305279,0.346814227644537,0.627158292759154,"zinc finger protein 665-like, transcript variant X2","liver"
"LOC115101331",76.3798955279564,0.1152668582968,0.116862189922467,0.986487041205001,0.32389417124239,0.608562708451282,"mannose-P-dolichol utilization defect 1 protein-like","liver"
"LOC115113321",36172.75141835,0.115227529125059,0.0980092448631494,1.17568460411062,0.23972093312657,0.534812547030049,"serum amyloid P-component-like","liver"
"LOC115108258",150.523571883954,0.11510203450799,0.0934606962073933,1.23139541841332,0.218175009701612,0.514503686801253,"ras-related protein Rab-11B-like","liver"
"LOC115104052",127.822763281709,0.115057749855515,0.104446402278945,1.10097685863236,0.270906728993743,0.567854275974824,"endoplasmic reticulum membrane sensor NFE2L1-like","liver"
"LOC115124133",74.1117232291077,0.115026912913653,0.119254599817952,0.964969761498542,0.334559957635296,0.616247300594547,"double-stranded RNA-specific adenosine deaminase-like","liver"
"LOC115109711",111.310528685277,0.114988251381399,0.0988704292495872,1.16251593005152,0.245025957742371,0.537816803316051,"transcription initiation factor TFIID subunit 3-like","liver"
"LOC115108489",92.4874925054459,0.114704250125585,0.1238339554896,0.926238544590439,0.354322025516041,0.635099637644408,"dimethylaniline monooxygenase [N-oxide-forming] 5-like, transcript variant X5","liver"
"pold4",59.9957431204787,0.114594805846673,0.123473350004802,0.929353008158054,0.352706172472202,0.633038467193614,"DNA polymerase delta 4, accessory subunit","liver"
"LOC115130213",67.8443600086678,0.114592957867297,0.114408388487241,1.00216398986071,0.316264396586252,0.602661842209239,"transmembrane protein 14C-like","liver"
"LOC115141947",72.1435440820172,0.114572551273747,0.124235705787821,0.923121709729429,0.35594378220749,0.636040318359181,"heat shock 70 kDa protein 13-like","liver"
"LOC115133558",76.758008630793,0.114559483786878,0.0925666545827824,1.23718693424872,0.216017691052101,0.514186959807711,"alkaline ceramidase 2-like","liver"
"LOC115146154",68.1918462391488,0.114501956207886,0.0803291141230257,1.42548292121817,0.154017653529802,0.444006832320837,"serine/threonine-protein phosphatase 2A 56 kDa regulatory subunit epsilon isoform, transcript variant X1","liver"
"LOC115140856",9022.29014492203,0.11418880112622,0.11474759561449,0.995154378178213,0.3196611865715,0.604704843863596,"apolipoprotein Eb-like","liver"
"LOC115141291",87.1143828302601,0.114135095528024,0.119879759002229,0.952886053198308,0.340647807235694,0.621522140686074,"pre-rRNA-processing protein TSR1 homolog","liver"
"LOC115133659",419.857237209636,0.114083618529756,0.118742839716763,0.960968067604066,0.336568223867413,0.617950638777758,"calcium/calmodulin-dependent protein kinase type II delta chain, transcript variant X15","liver"
"LOC115134283",77.3583721603308,0.114067180860699,0.113317906546897,1.00874944402945,0.313094812534519,0.602462265574022,"1-acyl-sn-glycerol-3-phosphate acyltransferase gamma-like, transcript variant X2","liver"
"LOC115112256",99.8600323144842,0.11392151147575,0.102673313876344,1.10982463318219,0.267074602264954,0.563456157875353,"AP-1 complex subunit gamma-1-like, transcript variant X1","liver"
"LOC115114223",418.082447683501,0.113842590459574,0.105822646456269,1.07593671972822,0.281955558283146,0.579503527523722,"gamma-interferon-inducible lysosomal thiol reductase-like","liver"
"LOC115123727",94.5747592285472,0.113289120043594,0.104929550884851,1.07950586211649,0.280362281951354,0.578133197945517,"probable protein BRICK1-A","liver"
"ccdc25",85.7411041842586,0.113219382637797,0.105551107379586,1.07294801715421,0.283294440199356,0.580547078055594,"coiled-coil domain containing 25, transcript variant X1","liver"
"LOC115135546",501.039845685624,0.113132844755217,0.123972491479049,0.91275205989951,0.361372956910407,0.642370768585617,"diamine acetyltransferase 1-like","liver"
"glb1",66.8806136486972,0.11310403979027,0.116084613797397,0.974046352676203,0.330033524662973,0.613285735480822,"galactosidase beta 1","liver"
"LOC115117885",94.0062271152542,0.113043643472939,0.122226158634113,0.925696136765689,0.354603916115445,0.635325521796287,"myosin light chain kinase, smooth muscle-like","liver"
"LOC115112317",66.9309603716384,0.112921350445642,0.124151536878278,0.908742869535516,0.363485869516322,0.644440367180743,"lysosomal protective protein-like","liver"
"LOC115132498",91.8124242672036,0.112765695468088,0.101820890926997,1.10744645508367,0.268100950404194,0.564351190031528,"proliferation-associated protein 2G4-like","liver"
"LOC115119134",244.99491772892,0.112685732355302,0.105896923847452,1.06851352147029,0.285288934378139,0.582393425434705,"glutathione-specific gamma-glutamylcyclotransferase 1-like","liver"
"pptc7",99.1242848476879,0.112628224953329,0.124232559959444,0.906534624035077,0.364652947147681,0.645415736934422,"PTC7 protein phosphatase homolog","liver"
"LOC115121786",892.883836396232,0.11260704334168,0.100270076802019,1.12305225324567,0.261415302785137,0.559332689843684,"60S ribosomal protein L23a","liver"
"LOC115107932",109.901525450102,0.112423933218237,0.0990750492457224,1.13417075466976,0.256722928916604,0.553910749199936,"protein yippee-like 5, transcript variant X2","liver"
"LOC115111528",471.302738527761,0.112195034741436,0.12381789447285,0.906503539893728,0.364669392090278,0.645415736934422,"interleukin-1 receptor type 2-like","liver"
"LOC115104711",71.0967900872415,0.11209596818303,0.10480957468849,1.07009218256873,0.284577817552314,0.581820978127182,"vacuolar ATPase assembly integral membrane protein vma21-like","liver"
"LOC115102631",78.0374255717273,0.112079543015431,0.0913267335887385,1.22694259911064,0.219844166003104,0.515088075261921,"tensin-2-like, transcript variant X1","liver"
"amacr",134.775460977685,0.112070913595321,0.0816824925010879,1.37231653718695,0.169964919719496,0.464016753366823,"alpha-methylacyl-CoA racemase, transcript variant X2","liver"
"LOC115119947",510.209593656016,0.112001792470264,0.107813838068437,1.03874105080056,0.298925183837831,0.591752816572608,"methionine synthase reductase-like, transcript variant X5","liver"
"LOC115113540",140.715641116778,0.111995374980428,0.0908208600107448,1.23332065167896,0.217456155914944,0.514503686801253,"cytochrome b-c1 complex subunit Rieske, mitochondrial-like","liver"
"erg28",126.012927983289,0.111919932231082,0.120230398703652,0.932544739111495,0.351055076857669,0.631465354488904,"ergosterol biosynthesis 28 homolog","liver"
"LOC115108158",972.743376099592,0.111629973349386,0.108144786242418,1.03228719423816,0.301937598265385,0.594714532960469,"growth arrest and DNA damage-inducible protein GADD45 beta-like","liver"
"LOC115102565",473.127294308716,0.111392598867248,0.103675332878034,1.07443191059573,0.282629146758111,0.579903745546943,"40S ribosomal protein S26-like","liver"
"LOC115141347",119.551068542352,0.111352537337674,0.083235654819791,1.33779401049469,0.180963594898271,0.476599777265298,"COP9 signalosome complex subunit 7a-like","liver"
"LOC115105363",69.0616910643044,0.111231037502903,0.0947849981918078,1.17334603920887,0.240657066859921,0.536020194846327,"calcium uptake protein 2, mitochondrial-like","liver"
"LOC115143332",9939.13930372918,0.111200228803465,0.121158694537213,0.917873310465814,0.358685195991813,0.638986389363038,"inter-alpha-trypsin inhibitor heavy chain H3-like","liver"
"LOC115143249",61.3085210553093,0.111173269063333,0.0967780415609337,1.14900983031247,0.250551927190895,0.545539345742569,"protein/nucleic acid deglycase DJ-1-like","liver"
"LOC115133600",153.995908744609,0.111008667948483,0.0842179750815768,1.31828978104365,0.187406660490615,0.482850536131319,"DNA-directed RNA polymerase II subunit RPB1-like","liver"
"ankrd28",62.8168354532501,0.110937666557707,0.111285521530966,0.995735903334263,0.319378480606455,0.604704843863596,"ankyrin repeat domain 28","liver"
"lgmn",951.423759026128,0.110898577337962,0.114632821584021,0.967479591473818,0.333304338759557,0.616121761806781,"legumain, transcript variant X2","liver"
"LOC115115645",2289.24467946827,0.110863602498347,0.118320532214774,0.937034332865864,0.348740897760755,0.628953800290015,"complement C3-like","liver"
"LOC115143991",57.5971577443556,0.11070816139746,0.0907803134090523,1.22018691080669,0.222394027644915,0.516511713208362,"vesicle transport through interaction with t-SNAREs homolog 1A-like, transcript variant X2","liver"
"LOC115140869",31466.1479209623,0.110698932758255,0.0925664895193704,1.19588618930256,0.23174097531301,0.526562154159259,"apolipoprotein C-I-like","liver"
"LOC115103268",139.426872640922,0.110654668294905,0.0968381328902396,1.14225602250027,0.253347615403909,0.54898717723888,"CMP-N-acetylneuraminate-beta-1,4-galactoside alpha-2,3-sialyltransferase-like, transcript variant X2","liver"
"LOC115130183",117.130546490493,0.110630138015038,0.115103526985769,0.960667409010662,0.336719423141658,0.617950638777758,"regulator of MON1-CCZ1 complex-like, transcript variant X1","liver"
"LOC115110071",125.970876158397,0.11059330203526,0.100200815846276,1.10371235311835,0.269717935266779,0.566393768236678,"26S proteasome non-ATPase regulatory subunit 11","liver"
"mppe1",61.525859358477,0.110492165613779,0.103640718997178,1.0655824314318,0.286612444493545,0.583021643712864,"metallophosphoesterase 1, transcript variant X1","liver"
"LOC115121021",196.148426418184,0.110456064833533,0.105051428282248,1.05198734594464,0.292805355335566,0.588604086000291,"cytochrome c oxidase subunit 5B, mitochondrial-like","liver"
"LOC115112951",353.575323816203,0.110394948485635,0.0647688663188127,1.70439262048959,0.0883077616552124,0.353721798164998,"glycine N-acyltransferase-like, transcript variant X4","liver"
"LOC115111594",1087.76580990324,0.110359551706482,0.104107248278129,1.06006963326583,0.289112921590174,0.583993995263798,"60S ribosomal protein L31","liver"
"LOC115113567",141.709528444894,0.110343324338588,0.0833062555670383,1.32493407356216,0.185193018329212,0.479980727834032,"cytosolic iron-sulfur assembly component 2B-like","liver"
"LOC115110285",121.185227742065,0.110300640074062,0.0846751164290205,1.30273383156793,0.192665647645913,0.488356657858059,"V-type proton ATPase 116 kDa subunit a-like, transcript variant X2","liver"
"LOC115134883",487.263941627929,0.11014006016257,0.112723042613524,0.977267600051061,0.328436688893834,0.613285735480822,"cyclin-I-like","liver"
"LOC115101228",57.4248886330318,0.110050874474935,0.0823941137599536,1.33587644865406,0.181589659983564,0.476599777265298,"bromodomain-containing protein 3-like, transcript variant X3","liver"
"LOC115110447",528.629665841514,0.10986603234321,0.0922070093576464,1.19142554060162,0.233486571307878,0.528186511967417,"glutaryl-CoA dehydrogenase, mitochondrial-like","liver"
"acad11",152.252726176351,0.109814705236741,0.100350717183841,1.09394169899681,0.273980548774683,0.571050078285483,"acyl-CoA dehydrogenase family member 11","liver"
"LOC115107740",3435.43515505223,0.109725286536682,0.0820328978575902,1.33759039295362,0.181029997874021,0.476599777265298,"plasminogen-like","liver"
"ogfod3",94.0052808365268,0.109688248835213,0.121954213218986,0.900371489020225,0.367922588245587,0.647463107254176,"2-oxoglutarate and iron dependent oxygenase domain containing 3","liver"
"LOC115106825",85.7652485908404,0.109625514543085,0.107245724896977,1.02245493816614,0.306565629848716,0.598735748568934,"CD166 antigen homolog","liver"
"LOC115135860",849.180405424162,0.109563009515787,0.0876805038758311,1.24968494547068,0.211414658840075,0.510199022754378,"solute carrier family 13 member 5-like, transcript variant X2","liver"
"LOC115105176",78.6669321378898,0.109407513218215,0.0954107271862883,1.14579277905813,0.251880903677895,0.546695676146897,"vacuolar protein sorting-associated protein 41 homolog","liver"
"LOC115141336",115.357973311161,0.109390457203879,0.101721429118134,1.07567118842912,0.282074337244128,0.579503527523722,"ubiquitin carboxyl-terminal hydrolase 5-like, transcript variant X2","liver"
"LOC115139683",86.8582221311588,0.109256954859378,0.0772135053911997,1.41549826202869,0.156922457618592,0.446659174059623,"pumilio homolog 2-like, transcript variant X11","liver"
"LOC115118184",132.734652360638,0.109138321611936,0.0926848305043399,1.17694080272285,0.239219134774564,0.533985319463922,"interleukin-6 receptor subunit beta-like","liver"
"LOC115145847",65.7386970510395,0.109084104815169,0.0996004698310943,1.09600576976361,0.273076249505633,0.571050078285483,"AH receptor-interacting protein-like, transcript variant X2","liver"
"LOC115129186",358.966331011248,0.109003998652226,0.0922940727373469,1.18125392268145,0.237501865865947,0.531899783115166,"transmembrane emp24 domain-containing protein 9","liver"
"LOC115125594",1098.08427356619,0.108942582531622,0.10397112082426,1.04783974307908,0.294712448233898,0.589635548521163,"40S ribosomal protein S5","liver"
"LOC115109482",84.7134491053738,0.108644240447785,0.0959372435921046,1.13270155475179,0.257339604551682,0.554395469425293,"dnaJ homolog subfamily A member 2-like","liver"
"LOC115126025",1401.93725938128,0.108590478965134,0.110630994988966,0.981582199584013,0.326305720416283,0.611510030992547,"60S ribosomal protein L23a-like","liver"
"dkc1",161.758072942933,0.108567702366797,0.113499069761764,0.956402505988933,0.338868919141438,0.620225883494352,"dyskerin pseudouridine synthase 1","liver"
"LOC115125947",68.66947877036,0.108321422115624,0.101972227570647,1.06249137375523,0.288012672041164,0.583993995263798,"regulator of G-protein signaling 5-like, transcript variant X2","liver"
"LOC115110316",84.5830363407169,0.10817694332096,0.0941123698429194,1.14929593529047,0.25043397359714,0.545539345742569,"transmembrane protein 184B-like, transcript variant X1","liver"
"LOC115142509",63.7261638700703,0.108169469733547,0.124249993083152,0.870917546136076,0.383799175617505,0.66181330070431,"lysozyme G-like","liver"
"LOC115133216",229.38802346786,0.108110179661101,0.0937590759015674,1.15318860175787,0.24883298091634,0.544413972203436,"ADP-ribosylation factor 4","liver"
"bsdc1",114.632256273596,0.108100346230039,0.0950974051517693,1.13669053918714,0.255667675719102,0.552838963517804,"BSD domain containing 1","liver"
"shmt2",873.423917459377,0.108075039501277,0.117662352382327,0.918523817082905,0.358344695757564,0.63865893305983,"serine hydroxymethyltransferase 2, transcript variant X1","liver"
"LOC115129593",79.054003547975,0.107985145655726,0.087255833430551,1.23776779081992,0.215802174566829,0.514186959807711,"ubiquitin-conjugating enzyme E2 A","liver"
"LOC115106835",108.153044916008,0.107885815609247,0.0781041625373977,1.38151174144504,0.167121670180684,0.459483178110225,"transcription initiation factor TFIID subunit 12-like, transcript variant X1","liver"
"cgnl1",61.1753160834621,0.107525159183371,0.120951154804457,0.889939331212582,0.373498463350658,0.653943185832166,"cingulin like 1","liver"
"LOC115141973",65.2611543697944,0.107515707005086,0.0985376817827126,1.09074498546973,0.275385110058103,0.572396587759729,"integral membrane protein 2C-like, transcript variant X1","liver"
"LOC115135550",131.307075341509,0.107409207583715,0.107926281735124,0.994748504093355,0.319858597490165,0.604704843863596,"eukaryotic translation initiation factor 1A, X-chromosomal-like","liver"
"LOC115136083",102.856755322254,0.107228653958047,0.107750940687652,0.994851763609255,0.319808366087337,0.604704843863596,"tubulin-specific chaperone cofactor E-like protein, transcript variant X2","liver"
"LOC115119515",141.382926805524,0.107175177873093,0.0861382752199462,1.24430848246215,0.213386050339129,0.512113441838229,"transmembrane 9 superfamily member 4","liver"
"LOC115129381",115.877638944506,0.106852930117345,0.0897387365862556,1.1904889948056,0.233854252956256,0.528375795482094,"tetraspanin-7-like","liver"
"LOC115109573",88.1839485193936,0.106634606336073,0.118870938940152,0.89723564917738,0.369593186287705,0.649617001857993,"protein C19orf12 homolog","liver"
"LOC115101986",231.704510359367,0.106617527813952,0.0805199357074782,-0.0734653257227279,0.941435835553365,0.9811537882167,"complement C1q tumor necrosis factor-related protein 3-like","liver"
"LOC115135887",441.836929810066,0.106611202947265,0.124021355323988,0.859867817248024,0.389861910601853,0.666279726462538,"dolichyl-diphosphooligosaccharide--protein glycosyltransferase subunit STT3A","liver"
"LOC115129279",169.869263430118,0.106573088512476,0.109475435359774,0.976202238679813,0.328964254078288,0.613285735480822,"lateral signaling target protein 2 homolog","liver"
"LOC115130934",107.903233047979,0.106525165040154,0.114420073435737,0.931596782853745,0.351544946368042,0.632067578913162,"neutral alpha-glucosidase AB-like, transcript variant X1","liver"
"LOC115129291",90.7116833384546,0.106433362784061,0.101960643407495,1.04357222460941,0.296683349078286,0.590091121146007,"protein FAM199X-like, transcript variant X3","liver"
"aldh16a1",188.32805935262,0.106294198995294,0.105058401421122,1.01139903031784,0.311825485099842,0.601817480450145,"aldehyde dehydrogenase 16 family member A1","liver"
"LOC115144177",334.909966111003,0.106254922340066,0.124030524361023,0.856917945256193,0.391490234430033,0.667530449463005,"thyrotroph embryonic factor-like, transcript variant X1","liver"
"LOC115140048",88.229244003449,0.106123838325746,0.098344570445648,1.07896453807136,0.280603536456613,0.578133197945517,"drebrin-like protein B, transcript variant X1","liver"
"LOC115102162",120.503581896368,0.10592681506518,0.0869524983267732,1.21837726682572,0.223080639891224,0.516643694750874,"charged multivesicular body protein 4b-like","liver"
"LOC115132954",142.357893211912,0.10592276627443,0.109578641403377,0.966869059194734,0.333609495858928,0.616127007304481,"26S proteasome non-ATPase regulatory subunit 14","liver"
"LOC115133081",662.342568806142,0.105716886201188,0.120174244560076,0.879850495822908,0.378940305471481,0.658661272964502,"inter-alpha-trypsin inhibitor heavy chain H2-like","liver"
"LOC115134119",204.036610499136,0.105648876060571,0.0993332374024873,1.06352855481196,0.287542322863182,0.583886746645261,"GTPase KRas, transcript variant X2","liver"
"LOC115132193",108.413323355184,0.105461507345458,0.111284495048452,0.948084451064774,0.34308646328321,0.62401625361105,"dTDP-D-glucose 4,6-dehydratase-like","liver"
"LOC115112302",991.010115436341,0.104976030953925,0.109843151104241,0.955684857538763,0.339231475056271,0.620225883494352,"transcriptional repressor CTCF-like, transcript variant X3","liver"
"gspt1",218.53204346286,0.104744314104162,0.105678510225174,0.991190363552067,0.321592635121662,0.606576390909716,"G1 to S phase transition 1, transcript variant X1","liver"
"LOC115117269",468.848306190734,0.104712285832609,0.100276225362746,1.04417955683478,0.296402323363746,0.590091121146007,"retinoic acid receptor RXR-beta-like","liver"
"LOC115135101",357.072360285151,0.104554134163688,0.0936893258356051,1.11600146055115,0.264421509420392,0.561930173304232,"multiple inositol polyphosphate phosphatase 1-like, transcript variant X2","liver"
"LOC115128685",71.3988038265009,0.104494739194009,0.0964562792867006,1.08398929204647,0.278369546601663,0.576541804851819,"protein lifeguard 1-like, transcript variant X1","liver"
"LOC115104066",331.985282609944,0.104365572720529,0.0777156829218194,1.34312330433812,0.179232050672478,0.475752428727641,"ATP synthase F(0) complex subunit C3, mitochondrial-like","liver"
"LOC115118427",246.299653437133,0.104250305101865,0.10020610805545,1.04591336271247,0.295601034262108,0.58979918979019,"docking protein 5-like","liver"
"LOC115136031",562.997999390176,0.10422304187219,0.119165713883636,0.874777213799401,0.381695137718879,0.661366763265898,"hypoxia up-regulated protein 1-like","liver"
"LOC115122039",65.027145758303,0.104121216867219,0.0933786163479023,1.11477437203721,0.264947121338088,0.562460659673982,"telomerase RNA component interacting RNase-like","liver"
"LOC115141500",138.294389899343,0.104072490033364,0.0993480777135784,1.04780063538691,0.294730469711584,0.589635548521163,"NLR family member X1-like, transcript variant X3","liver"
"LOC115143065",144.964756467777,0.103961683489687,0.0844638255768257,1.23030742596436,0.218582004558246,0.514503686801253,"carboxy-terminal domain RNA polymerase II polypeptide A small phosphatase 2-like","liver"
"LOC115107612",66.3914893826095,0.103945718610928,0.0909760880676818,1.14235648163181,0.253305872567471,0.54898717723888,"14-3-3 protein zeta-like, transcript variant X1","liver"
"LOC115120624",84.5553741451178,0.103916504840857,0.0795354848808476,1.30660824741055,0.191345794170395,0.486844854580855,"RNA exonuclease 4-like","liver"
"LOC115101839",107.729593374061,0.103857758626339,0.103860626420589,1.00415248051251,0.315305122738652,0.602661842209239,"RNA-binding Raly-like protein, transcript variant X1","liver"
"odc1",1526.85264414928,0.103715975057855,0.123835483815257,0.837806752811077,0.402139245559326,0.677322134256122,"ornithine decarboxylase 1","liver"
"LOC115107922",245.362888466808,0.103714754996958,0.106411552512992,0.974667860527625,0.329725040253708,0.613285735480822,"26S proteasome regulatory subunit 10B-like","liver"
"LOC115111497",91.2340752810977,0.103557351250542,0.0868503369841463,1.19298500721209,0.232875244855828,0.527687459896506,"RING finger protein 10-like","liver"
"LOC115110416",249.018619341792,0.10355410773306,0.102990216398144,1.00541002958062,0.314699452374627,0.602661842209239,"MOB-like protein phocein, transcript variant X4","liver"
"tardbp",107.31957633321,0.103490033784922,0.080218033046855,1.29056627883063,0.196854115351081,0.493770691797542,"TAR DNA binding protein, transcript variant X2","liver"
"tpra1",112.879595673935,0.103479321204918,0.0917837048643631,1.12725127726569,0.259636255981276,0.557868940105262,"transmembrane protein adipocyte associated 1","liver"
"LOC115104691",60.6762971248561,0.103455242761383,0.110750908473221,0.936749791723214,0.348887277344387,0.628953800290015,"toll-like receptor 5","liver"
"tmem59",227.343213804228,0.103400769112614,0.0869484835385233,1.18934118136038,0.23430543629424,0.528808947029526,"transmembrane protein 59","liver"
"pfdn5",93.9796628763497,0.103374082625748,0.0981319972974269,1.05387625981023,0.291939573251971,0.587627506456807,"prefoldin subunit 5","liver"
"mpc2",200.152371770298,0.103287841018286,0.105328895638447,0.980162645445547,0.327005840174687,0.611979627914037,"mitochondrial pyruvate carrier 2","liver"
"LOC115124347",87.3967495712937,0.103263461197483,0.1011432571269,1.02128413428205,0.307119841052094,0.598746474685021,"caprin-1-like","liver"
"LOC115104330",66.116089175392,0.103250867048679,0.0996770097318369,1.03513106773661,0.300607705358949,0.593641960776684,"nucleolar transcription factor 1-like, transcript variant X6","liver"
"LOC115106333",64.6923425276081,0.103143862295713,0.0954788165717651,1.08102917383313,0.279684136555552,0.577796523365651,"ER membrane protein complex subunit 2, transcript variant X1","liver"
"LOC115141566",232.831358466141,0.103104315210032,0.118556007660674,0.87049344140538,0.384030801859849,0.66181330070431,"tribbles homolog 2-like, transcript variant X2","liver"
"LOC115102288",78.1200649038758,0.102807917730719,0.0924912533167115,1.11153874660528,0.266336521660113,0.563006462704206,"E3 ubiquitin-protein ligase Itchy-like, transcript variant X1","liver"
"LOC115105757",81.7369930544269,0.102752434247978,0.096097801365162,1.0686804090126,0.285213702195749,0.582393425434705,"non-POU domain-containing octamer-binding protein-like, transcript variant X1","liver"
"LOC115114563",59.2111923152307,0.102722828427968,0.0943832612323382,1.08830444293786,0.276460729807006,0.57404683377145,"ATP-binding cassette sub-family B member 8, mitochondrial-like, transcript variant X2","liver"
"LOC115141057",135.415140135947,0.102698707137019,0.0893480866298291,1.14946130785558,0.250365812502739,0.545539345742569,"induced myeloid leukemia cell differentiation protein Mcl-1 homolog","liver"
"adamts13",263.653715679155,0.102593292046078,0.0792159903920405,1.29499336710719,0.19532251762761,0.491137928346786,"ADAM metallopeptidase with thrombospondin type 1 motif 13","liver"
"pno1",113.514503255675,0.102477756226033,0.123560138014202,0.829409778322325,0.406872570211365,0.680234863076916,"partner of NOB1 homolog","liver"
"LOC115106378",113.547089090523,0.102427307345092,0.120712167676741,0.848519634715557,0.396148642330701,0.672512230795476,"solute carrier family 35 member G1-like","liver"
"imp4",60.6053245073539,0.102425426230676,0.102659410392034,0.997612395146407,0.318467348206271,0.604704843863596,"IMP U3 small nucleolar ribonucleoprotein 4, transcript variant X2","liver"
"LOC115142878",73.9732581870121,0.102391722755312,0.106535769718279,0.961312192788531,0.336395219131119,0.617950638777758,"synaptophysin-like protein 1, transcript variant X2","liver"
"LOC115130449",278.663608930458,0.10228985122243,0.0821408607297951,1.24520530079478,0.213056294625052,0.512038594865395,"zinc finger CCCH domain-containing protein 15-like","liver"
"LOC115111831",145.616988830966,0.102098375918098,0.107470839997478,0.94974333169498,0.342242686331828,0.623873519449254,"small integral membrane protein 15, transcript variant X1","liver"
"gars",61.8879023294272,0.102038040925337,0.124201324966449,0.822722628551161,0.410665744112287,0.684051317123694,"glycyl-tRNA synthetase","liver"
"slc2a8",132.804205644042,0.101978818253088,0.116472214967587,0.87549911906337,0.38130238933822,0.661075516351589,"solute carrier family 2 member 8, transcript variant X1","liver"
"LOC115133504",234.10705133963,0.101753145193356,0.11303689690539,0.900131914503083,0.36805005385376,0.647463107254176,"dedicator of cytokinesis protein 11-like","liver"
"LOC115122257",217.774597673191,0.101642791590092,0.115217516567656,0.882439603805328,0.377539126935997,0.65762798350048,"intracellular hyaluronan-binding protein 4-like","liver"
"LOC115114132",358.544180576282,0.101591162927037,0.0822183516207233,1.23575900174819,0.216548158643349,0.514364973560776,"profilin-2-like, transcript variant X1","liver"
"LOC115104990",90.7240156413749,0.101588884482146,0.121575258670405,0.835437161735557,0.403471613579985,0.677474617813841,"neutral cholesterol ester hydrolase 1-like, transcript variant X1","liver"
"LOC115112816",57.4914865918095,0.10142958396465,0.121129307180741,0.837174856446143,0.402494288456624,0.677474617813841,"ADM-like","liver"
"gnpnat1",74.9641412886869,0.101132757740008,0.106758386143988,0.947401170397775,0.343434394962123,0.624370470056028,"glucosamine-phosphate N-acetyltransferase 1","liver"
"LOC115141406",83.4238118079515,0.101123138011212,0.0961885246693267,1.05187267487004,0.292857970168938,0.588604086000291,"putative RNA-binding protein Luc7-like 2","liver"
"LOC115132210",837.856532368402,0.100987420510665,0.0892508679349856,1.13146497832592,0.257859435831678,0.55522190198094,"properdin-like","liver"
"LOC115102959",145.88742089247,0.100941224648999,0.109154277745504,0.924760863502853,0.355090312306477,0.635347056144885,"RB1-inducible coiled-coil protein 1-like, transcript variant X2","liver"
"LOC115114488",83.1850142840918,0.1009294517873,0.122914045281569,0.821547110220366,0.411334701403844,0.68432662976411,"rho GTPase-activating protein 21-like, transcript variant X4","liver"
"LOC115136650",91.4263046997709,0.10083658541439,0.120771810368226,0.835261950947508,0.403570235540349,0.677474617813841,"serine/threonine-protein kinase ULK2-like, transcript variant X3","liver"
"LOC115114350",73.5722727588326,0.100834440445951,0.115885095953087,0.870572317550298,0.383987716910352,0.66181330070431,"cAMP-responsive element modulator-like, transcript variant X1","liver"
"LOC115130839",66.4204067926245,0.100430105764947,0.0988734761069197,1.02126240925366,0.307130131067811,0.598746474685021,"glutathione S-transferase P-like","liver"
"LOC115139553",96.0431435837502,0.100426650518718,0.108805916367126,0.923131420370821,0.355938722292642,0.636040318359181,"protein disulfide-isomerase A6-like, transcript variant X2","liver"
"LOC115130480",110.235240681381,0.100407772756208,0.0839497764034057,1.19629691384012,0.231580712681673,0.526562154159259,"protein FAM199X, transcript variant X1","liver"
"virma",70.1167463721452,0.100397975965123,0.0899649468251295,1.11615904523935,0.264354061611395,0.561930173304232,"vir like m6A methyltransferase associated","liver"
"LOC115136213",132.564936380694,0.100301316835431,0.11760598783277,0.853175366141269,0.393562061945273,0.668957032730998,"heat shock 70 kDa protein 4-like","liver"
"atrx",70.8729743057057,0.100298657665363,0.123706547628958,0.810769234130723,0.417498205565055,0.691195242032154,"ATRX chromatin remodeler, transcript variant X1","liver"
"LOC115110711",206.751924481466,0.0998737581236523,0.114535747218079,0.872314802603452,0.383036664432768,0.6616067391248,"hepatic leukemia factor-like","liver"
"LOC115134345",10115.0353517504,0.0997062805581618,0.11925458819595,0.836109401931119,0.403093359604471,0.677474617813841,"tyrosine aminotransferase-like, transcript variant X1","liver"
"LOC115101168",184.868955376364,0.0994473008697654,0.108006179361704,0.920716974215814,0.357198211721352,0.637451799902028,"ATP-dependent RNA helicase DDX54-like","liver"
"LOC115111637",69.1375746109194,0.0993112734367573,0.0966684853839557,1.02702689443324,0.30440780025517,0.597110690743404,"MOB kinase activator 1A","liver"
"cavin1",125.214382648241,0.0992933541058173,0.122731717383021,0.808990995894133,0.418520325482675,0.69146125084874,"caveolae associated protein 1","liver"
"LOC115115533",61.1822043216739,0.0992435069780263,0.0979527977047344,1.01255443909435,0.311273031375911,0.601817480450145,"myomegalin-like, transcript variant X4","liver"
"LOC115129650",239.607511289562,0.0990276884460922,0.101479806265161,0.975797539074815,0.329164804527343,0.613285735480822,"kynureninase-like","liver"
"LOC115101325",92.0602686945075,0.0989882498772013,0.0829780858562605,1.19274078287006,0.232970908175711,0.527687459896506,"U4/U6.U5 tri-snRNP-associated protein 1-like","liver"
"LOC115105735",67.5166338257209,0.0987879161738039,0.1201670642041,0.82178724107792,0.411197996558613,0.68432662976411,"moesin-like, transcript variant X1","liver"
"LOC115109231",75.2855362359894,0.0987715182508001,0.114000601038376,0.866307597499808,0.386321500995645,0.66277343806359,"mitochondrial import inner membrane translocase subunit Tim13","liver"
"LOC115133433",1020.46428281843,0.098684588249191,0.113133810502233,0.872254318355655,0.383069652682661,0.6616067391248,"thioredoxin-like","liver"
"LOC115145280",223.288670764394,0.0985746428537778,0.110927219379879,0.88852496676018,0.374258432075911,0.654430445792112,"60S ribosomal protein L36","liver"
"LOC115107538",14751.6491414108,0.0985264637811864,0.123819954653118,0.795962612317557,0.426053766774095,0.696588509174171,"complement C1q-like protein 2","liver"
"LOC115103328",8846.58699617082,0.0982486053220372,0.122062093375709,0.804968776727246,0.420837697808654,0.692213642489393,"complement factor H-related protein 5-like, transcript variant X3","liver"
"LOC115110168",76.1606433988813,0.0982127511763302,0.12363229257553,0.794692985337756,0.426792113762798,0.697033718530067,"cyclin-T2-like, transcript variant X1","liver"
"fuca2",153.460915096003,0.0980319774150671,0.116701363583339,0.83970809051664,0.401072076620456,0.676923306130426,"alpha-L-fucosidase 2","liver"
"LOC115117582",93.0437707605463,0.0978557122935963,0.0946508751053982,1.03365633064177,0.301296855048277,0.594139323259205,"NADH dehydrogenase [ubiquinone] 1 alpha subcomplex subunit 3-like","liver"
"midn",109.770909342401,0.0977398457315238,0.120473298154971,0.812077562339675,0.416747127133697,0.690864604089969,"midnolin","liver"
"LOC115101099",268.893994086477,0.0977390467388251,0.114529402550382,0.853425410252256,0.393423435174885,0.668957032730998,"ribosome biogenesis protein NSA2 homolog","liver"
"LOC115144942",123.016051364088,0.0974916439425707,0.115628658230265,0.843477456385126,0.398961468617249,0.675038167739272,"uncharacterized protein C1orf21 homolog","liver"
"LOC115112318",106.548529927109,0.0974597846511638,0.118365046385789,0.823776133333589,0.410066771045404,0.683763649741703,"lysosomal protective protein-like","liver"
"LOC115112450",81.2808609463421,0.0974119541305474,0.084514182613507,1.1525782334582,0.249083541592173,0.544547702597072,"transmembrane protein 9B-like","liver"
"LOC115142404",82.6819429072291,0.0973928965270959,0.107528479063445,0.905927995393734,0.364973965361245,0.645674428304008,"stromal membrane-associated protein 1-like","liver"
"LOC115136070",129.225311459263,0.0972411015367212,0.0803140087728429,1.21046427126124,0.226100792612555,0.521083623301105,"mitochondrial import inner membrane translocase subunit Tim17-A","liver"
"LOC115114550",611.278255927076,0.0969464302215205,0.121013220374678,0.80111073237719,0.423067543560356,0.694212281623193,"CCAAT/enhancer-binding protein delta-like","liver"
"LOC115143312",137.23732401798,0.0969052520716408,0.0959386826376626,1.01653620356379,0.309374116476834,0.600632855049678,"interferon-induced GTP-binding protein Mx3, transcript variant X2","liver"
"LOC115109887",81.2147102399517,0.0966911138805729,0.0881887419125613,1.09681490499823,0.272722313222887,0.570644840193268,"RING-box protein 1","liver"
"LOC115101021",267.963628278492,0.0966838658238099,0.095146587326473,1.01618410540895,0.30954172392906,0.600632855049678,"cytochrome c oxidase subunit 5B, mitochondrial-like","liver"
"LOC115128583",106.317699107614,0.0964401542865997,0.0953597551368737,1.01105385570036,0.311990654169614,0.601817480450145,"28S ribosomal protein S18b, mitochondrial-like","liver"
"tfb2m",83.649132847139,0.0964240678434385,0.0953662597983768,1.01076260056712,0.3121300671422,0.601817480450145,"transcription factor B2, mitochondrial, transcript variant X1","liver"
"ddx24",205.040905465891,0.0963749431650414,0.0939061840564296,1.02631900242432,0.304741243119472,0.597110690743404,"DEAD-box helicase 24","liver"
"LOC115116301",217.781791660162,0.0963222530590125,0.121432709509502,0.793653943507644,0.427396919393721,0.697531273400348,"protein disulfide-isomerase A4-like","liver"
"LOC115129178",68.8316997821497,0.0962808291633042,0.0987546446457978,0.974911974467789,0.32960392579481,0.613285735480822,"polyadenylate-binding protein-interacting protein 2-like","liver"
"LOC115139221",133.399615445555,0.0961974750500839,0.121644639862008,0.79080525635049,0.42905764213426,0.697735722521961,"glycerophosphocholine phosphodiesterase GPCPD1-like, transcript variant X2","liver"
"LOC115105110",93.9381020870915,0.0960489156902871,0.0955548239823319,1.00478864871118,0.314998630914054,0.602661842209239,"rho GTPase-activating protein 12-like, transcript variant X1","liver"
"LOC115131409",61.2151316608508,0.0959189207544933,0.119152716771745,0.805453584042126,0.420557981013763,0.692058651904533,"serine/threonine-protein phosphatase 1 regulatory subunit 10-like, transcript variant X1","liver"
"LOC115108105",232.816115803675,0.0958972224766934,0.119923502726352,0.799694947692025,0.423887560885588,0.694998269577497,"aspartate--tRNA ligase, cytoplasmic-like","liver"
"erp44",165.212430063575,0.0958492510432184,0.104368491905248,0.918636662133169,0.3582856490101,0.63865893305983,"endoplasmic reticulum protein 44","liver"
"rbks",259.455414849616,0.0958414957665102,0.0807984047269655,1.18612124033868,0.235574423559359,0.529846504573023,"ribokinase, transcript variant X1","liver"
"LOC115102695",316.257014574149,0.0957407341899065,0.0961435253337265,0.9958292189608,0.319333130851477,0.604704843863596,"myosin light polypeptide 6, transcript variant X3","liver"
"LOC115102044",141.961759153878,0.0956686514257876,0.0804233203487591,1.18948856353498,0.234247468718307,0.528808947029526,"14-3-3 protein beta/alpha-2","liver"
"LOC115146282",314.392240572954,0.0956200191930252,0.0783394783140916,1.22068068933377,0.222206942017426,0.51642870199588,"KH domain-containing, RNA-binding, signal transduction-associated protein 1-like, transcript variant X5","liver"
"LOC115119450",62.2487924673591,0.0954611123565272,0.085742397620971,1.11306714243203,0.265679594112134,0.562909598388969,"leukocyte receptor cluster member 9-like, transcript variant X2","liver"
"LOC115142752",183.286990275161,0.0954489642478264,0.107340165696518,0.891452351405742,0.372686543079658,0.653363591222662,"rho-related BTB domain-containing protein 3-like, transcript variant X2","liver"
"LOC115131437",723.6308112656,0.095136081647131,0.112976094548827,0.842140636806734,0.399709237316207,0.675742368851457,"60S ribosomal protein L15-like","liver"
"LOC115126145",72.0701318654752,0.0950194045899775,0.11747748355835,0.807959105515389,0.419114124196568,0.69146125084874,"transcription elongation factor SPT6-like","liver"
"LOC115134968",340.742713309236,0.0947501569504974,0.116158338887703,0.815719880118743,0.414660366081617,0.688454440793757,"eukaryotic translation initiation factor 2 subunit 2-like","liver"
"LOC115126306",102.125854279341,0.0947229098373863,0.12342790463916,0.767996333980444,0.44248936288899,0.707566356663603,"keratinocyte-associated protein 2-like","liver"
"LOC115116223",1290.48618659585,0.0946548710769916,0.119953868422909,0.789178161606206,0.430007883948765,0.697735722521961,"endoplasmin-like, transcript variant X1","liver"
"LOC115106777",147.388572427413,0.0945607907178788,0.124221064772281,0.761448529677051,0.446389210504245,0.709735498671783,"discoidin, CUB and LCCL domain-containing protein 1-like, transcript variant X3","liver"
"LOC115106814",253.537298469847,0.0943794102021126,0.108812910352864,0.867429843958155,0.385706535804383,0.66277343806359,"fatty aldehyde dehydrogenase-like, transcript variant X2","liver"
"apof",790.426836498376,0.0943671057843168,0.109896308066165,0.858734190761234,0.390487182491708,0.666789172951906,"apolipoprotein F","liver"
"LOC115134394",241.98893001026,0.0943122128249345,0.106922584197164,0.881803674786559,0.377882984083336,0.65792102933463,"microtubule-associated proteins 1A/1B light chain 3B-like","liver"
"LOC115105469",99.3640711762075,0.0942607498001712,0.108828370869504,0.866356930466802,0.386294455095966,0.66277343806359,"derlin-2","liver"
"LOC115120150",155.317984740523,0.0942385724210919,0.096485728839469,0.977126343289855,0.328506607438888,0.613285735480822,"vesicle-associated membrane protein-associated protein A-like","liver"
"LOC115101414",204.678693242277,0.0942028632280531,0.103397459752141,0.910925597406431,0.362334577437509,0.643518839928229,"eukaryotic translation initiation factor 1A, X-chromosomal-like, transcript variant X1","liver"
"LOC115145610",388.180718862427,0.0941009655074918,0.12272692446012,0.766870819144598,0.443158324931096,0.707778594440931,"40S ribosomal protein S3a","liver"
"LOC115103004",125.787302637122,0.0939373372125772,0.10261701964154,0.915715062471813,0.359816362722292,0.640441700635835,"proteasome subunit alpha type-7","liver"
"LOC115146196",118.947245365646,0.0938008883342923,0.108060289350795,0.867736632317544,0.385538526991513,0.66277343806359,"60 kDa lysophospholipase-like, transcript variant X3","liver"
"LOC115104093",2009.00229147521,0.0937665519107094,0.103306711688249,0.907669481468103,0.36405287260629,0.644884619184371,"60S ribosomal protein L19-like","liver"
"LOC115141522",216.184267030422,0.0934615586213589,0.075520365089374,1.23767035241238,0.215838316539154,0.514186959807711,"cleft lip and palate transmembrane protein 1 homolog","liver"
"LOC115141129",100.308074049544,0.0932836074635447,0.0800038167043169,1.16643457913249,0.243438784596755,0.536838563244212,"septin-7, transcript variant X1","liver"
"LOC115107081",280.790957471693,0.0930869140866653,0.120026139703761,0.775809304109646,0.437861589568354,0.705145728597634,"methionine aminopeptidase 2-like","liver"
"LOC115134190",4434.48888252399,0.0930646839345265,0.0776851876090883,-0.263702128292014,0.792009455429602,0.926075391590294,"zona pellucida sperm-binding protein 3-like","liver"
"LOC115144256",63.3018710345031,0.0929521907744201,0.117186472130369,0.792380416518764,0.428138894716759,0.697735722521961,"vesicle-associated membrane protein-associated protein B-like","liver"
"LOC115136845",91.8205323787285,0.0929360228862516,0.106923049385522,0.869359429157434,0.384650566577161,0.66181330070431,"DCN1-like protein 5, transcript variant X5","liver"
"LOC115133484",72.9254622088705,0.0929036833326952,0.0933016200140419,0.99581368566474,0.3193406794681,0.604704843863596,"RNA-binding protein 4B-like, transcript variant X1","liver"
"LOC115140304",681.877750772856,0.0928727916142501,0.106353658544561,0.873200953543278,0.382553555201507,0.6616067391248,"60S ribosomal protein L37-like","liver"
"mrps34",94.6843625583684,0.0928367835878348,0.107272202145217,0.86512893229273,0.386968026386981,0.663069184036201,"mitochondrial ribosomal protein S34","liver"
"LOC115140086",60.3129272067519,0.092739927613124,0.104914796540396,0.88442692775915,0.376465792143227,0.656319319407952,"MOB kinase activator 1A","liver"
"agt",6424.07048521879,0.0924865407979181,0.0927634529210687,0.99700983515427,0.318759736049004,0.604704843863596,"angiotensinogen","liver"
"LOC115124230",67.2329166071066,0.0924252938858466,0.114474164520618,0.806741359414848,0.419815510210583,0.691660476806118,"serine-rich adhesin for platelets-like, transcript variant X5","liver"
"LOC115120914",147.980936103419,0.0923387960065266,0.0908630998620561,1.01606169791475,0.309600006982182,0.600632855049678,"ras-related protein rab7-like, transcript variant X2","liver"
"LOC115113079",118.288853254313,0.0922069056387021,0.0957901528901972,0.962933614370982,0.335580839233452,0.617529345695508,"peroxiredoxin-like 2A, transcript variant X2","liver"
"LOC115132307",58.0155156657924,0.0920544317752024,0.0899437806951441,1.0234676200536,0.306086801976402,0.598503180422,"eukaryotic translation initiation factor 4E type 3-like","liver"
"LOC115137942",7634.90013679998,0.0918850167375034,0.109825083949772,0.836646068787759,0.402791542171211,0.677474617813841,"purine nucleoside phosphorylase-like","liver"
"LOC115118793",124.414704089861,0.0918554403406167,0.109215473895497,0.84128850438575,0.400186329088822,0.675988179596368,"transmembrane emp24 domain-containing protein 2-like","liver"
"LOC115135742",173.161468037541,0.0917756800445623,0.0856567011458379,1.07133287734231,0.284019781930452,0.581156943347651,"protein YIPF6","liver"
"LOC115129845",512.625908968121,0.091702321801467,0.123472529424285,0.743032714435558,0.457461874361786,0.718606378374628,"uncharacterized LOC115129845","liver"
"LOC115106479",1009.84265962266,0.0915802895819262,0.0689194864497134,1.32874889385815,0.183930828078501,0.479980727834032,"calcium-binding and coiled-coil domain-containing protein 2-like","liver"
"LOC115120412",271.441814719146,0.091516745234731,0.10580912273409,0.864853078351745,0.387119433974162,0.663069184036201,"RPE-retinal G protein-coupled receptor-like, transcript variant X3","liver"
"LOC115111722",145.346096119792,0.091206720422339,0.0938946646813773,0.971253587313326,0.331422014796925,0.614313839159739,"dynein light chain 1, cytoplasmic","liver"
"immt",225.371589890739,0.0911607856583383,0.0965990645520601,0.943519789889541,0.345415097724921,0.625460656742238,"inner membrane mitochondrial protein, transcript variant X2","liver"
"LOC115118403",193.585625480442,0.0911535982410987,0.0778672270445639,1.17049851251018,0.241800412407726,0.536838563244212,"proteasome subunit alpha type-2","liver"
"LOC115111861",66.9560619592475,0.0911206972254005,0.123852209170715,0.735461440175787,0.462058515396812,0.720210519601302,"UDP-N-acetylglucosamine/UDP-glucose/GDP-mannose transporter-like, transcript variant X2","liver"
"LOC115137056",301.838320354845,0.0910511719711707,0.124075139743137,0.734040337423552,0.462924154091327,0.720526116844767,"mRNA decay activator protein ZFP36-like","liver"
"LOC115102402",362.0205007974,0.0909036663116311,0.11508259382319,0.78995793180854,0.429552336877327,0.697735722521961,"CCAAT/enhancer-binding protein beta-like","liver"
"nfil3",95.8858015299731,0.0908224991706861,0.0998906186243507,0.908779636319721,0.363466457738727,0.644440367180743,"nuclear factor, interleukin 3 regulated, transcript variant X1","liver"
"LOC115132306",64.4026318745514,0.0907642119478508,0.111828673356036,0.812002834111051,0.416790005264287,0.690864604089969,"forkhead box protein P1-B-like, transcript variant X3","liver"
"LOC115133393",910.836296170591,0.0905758642243156,0.119738090207057,0.756489494106783,0.44935576896285,0.711843806565323,"complement C1q-like protein 2","liver"
"fam133b",502.620259698261,0.0903233706087142,0.0799444471516349,1.12982375322105,0.258550497175169,0.556415959073912,"family with sequence similarity 133 member B","liver"
"LOC115109492",207.226579688306,0.0902589771045923,0.0928146624615844,0.972505366739317,0.330799196297212,0.613717580385724,"26S proteasome non-ATPase regulatory subunit 7-like","liver"
"LOC115131613",1203.59194101517,0.0902304597594673,0.108361199249105,0.832696817056395,0.405015740095791,0.679080278334201,"BOLA class I histocompatibility antigen, alpha chain BL3-7-like, transcript variant X2","liver"
"LOC115143072",133.096964008715,0.0901358637497042,0.10697107275885,0.842519156188784,0.399497421713538,0.67566451904746,"SAP domain-containing ribonucleoprotein-like, transcript variant X2","liver"
"fahd1",222.011165407918,0.0900772278517171,0.104535670565638,0.86157650651991,0.388920603781914,0.665228863203979,"fumarylacetoacetate hydrolase domain containing 1","liver"
"LOC115128327",59.7583627665935,0.0899553533396167,0.120715633616332,0.746548778443934,0.455335977056556,0.717524370666526,"adenylate kinase 2, mitochondrial, transcript variant X3","liver"
"LOC115135710",62.3064412633641,0.0899256989574862,0.119623219770677,0.751437625767629,0.45238932580577,0.715259461592056,"T-box transcription factor TBX2b-like, transcript variant X1","liver"
"LOC115113103",200.367386985511,0.0899034791434785,0.0891342375026704,1.00871298903816,0.313112300582906,0.602462265574022,"voltage-dependent anion-selective channel protein 2-like","liver"
"LOC115142750",62.9220886344302,0.0897714962591671,0.088481759502218,1.01456010173576,0.310315566285456,0.601734656603006,"ubiquitin-conjugating enzyme E2 R2-like","liver"
"LOC115105641",283.272916533421,0.0897213697053818,0.110087890589628,0.816622322937773,0.4141442940601,0.688158231793301,"RING finger protein 121, transcript variant X1","liver"
"acmsd",72.7710346889201,0.0896421928448944,0.124271798500494,0.721342111245645,0.470699053655593,0.729530363810833,"aminocarboxymuconate semialdehyde decarboxylase, transcript variant X2","liver"
"LOC115138064",61.6297304659962,0.0895896779092729,0.099078699672815,0.904290642714647,0.365841307206222,0.645866505192127,"insulin receptor substrate 1-B-like, transcript variant X1","liver"
"LOC115109980",77.398936924789,0.089570687068855,0.101786628771775,0.879918450699659,0.378903488673353,0.658661272964502,"protein arginine N-methyltransferase 1, transcript variant X2","liver"
"LOC115109408",424.977499983591,0.0894685693458379,0.061660127831295,1.45096017098462,0.146790951195617,0.435493105468807,"chromodomain-helicase-DNA-binding protein 2-like, transcript variant X2","liver"
"aifm1",62.1514600687595,0.0893697399143105,0.101900024125244,0.877509495904682,0.380209963355252,0.659608891016053,"apoptosis inducing factor mitochondria associated 1, transcript variant X1","liver"
"LOC115110115",162.279407606601,0.0885219951595895,0.115192412007014,0.768458953050098,0.442214567780677,0.707440917137375,"cyclic AMP-dependent transcription factor ATF-4-like, transcript variant X3","liver"
"LOC115118439",94.3075794498797,0.0884727878202195,0.0948717528734896,0.93281276907274,0.350916647161515,0.631465354488904,"Golgi phosphoprotein 3, transcript variant X2","liver"
"gns",68.7866287490622,0.0881898833756096,0.110862972501104,0.796041132302339,0.426008128243337,0.696588509174171,"glucosamine (N-acetyl)-6-sulfatase","liver"
"LOC115146300",282.436034075417,0.0880930313509937,0.10947553600672,0.804686871578544,0.421000397382533,0.692213642489393,"microsomal glutathione S-transferase 3-like","liver"
"LOC115107146",65.067754958944,0.0879716985166454,0.112696711923628,-2.1275715651988,0.0333726218831751,0.229611277294517,"protein mono-ADP-ribosyltransferase PARP12-like","liver"
"LOC115114170",6859.30438259797,0.0879649635595446,0.116054705328433,0.757974468215053,0.448466267557454,0.711086038234986,"serine--pyruvate aminotransferase-like","liver"
"LOC115119774",102.314389728995,0.0879138479658715,0.102492402347887,0.858072971343292,0.390852171055795,0.667132935185687,"golgin subfamily A member 2-like, transcript variant X2","liver"
"LOC115107699",1816.62052875668,0.0878945241782994,0.12387876466882,0.709616886916474,0.477941744792293,0.733165339596667,"protein THEMIS-like","liver"
"LOC115128742",558.545035587418,0.0878467893373259,0.0862518409721206,1.0184605449381,0.308459141948536,0.600133395027319,"alpha-1,3-mannosyl-glycoprotein 2-beta-N-acetylglucosaminyltransferase-like, transcript variant X1","liver"
"LOC115122625",541.617549475938,0.0876888515193056,0.119342885843481,0.734970797943228,0.462357278954468,0.720400714456579,"transmembrane protein 258","liver"
"LOC115110751",222.089727561077,0.0876136430702221,0.1096887644185,0.798775808695691,0.424420420178246,0.695405793425631,"serine/threonine-protein phosphatase alpha-2 isoform-like, transcript variant X1","liver"
"LOC115110448",175.651196380959,0.0876079430616717,0.100209463447514,0.874593923065103,0.3817948954771,0.661366763265898,"choline transporter-like protein 2, transcript variant X1","liver"
"LOC115137149",190.070280741728,0.0875455294209709,0.104671725607628,0.83634413050186,0.402961333340421,0.677474617813841,"RNA-binding protein FUS-like, transcript variant X3","liver"
"LOC115138519",103.938021957167,0.087316173870553,0.11312446743707,0.77259045571864,0.439764794745852,0.706257408740777,"C-type lectin domain family 10 member A-like, transcript variant X2","liver"
"LOC115120339",66.2568488095429,0.0872052125093226,0.122390258626597,0.712953956056048,0.475874249519801,0.732576569249542,"nicotinamide riboside kinase 2-like","liver"
"ncstn",208.867304090184,0.0871780971488755,0.089274328925205,0.976769710281477,0.328683174753382,0.613285735480822,"nicastrin","liver"
"LOC115143450",283.004001428219,0.0868408703789391,0.0952327456122354,0.911940221159021,0.36180018696072,0.642849852681733,"TAR DNA-binding protein 43-like, transcript variant X1","liver"
"LOC115124764",61.8707599584017,0.0867185568962212,0.105144535732028,0.823973686627892,0.409954509418051,0.683763649741703,"integral membrane protein DGCR2/IDD-like, transcript variant X6","liver"
"LOC115120140",383.202624803862,0.0866484741894764,0.103303434122529,0.838905053237552,0.401522591910327,0.677062232707639,"transmembrane 6 superfamily member 2-like","liver"
"LOC115146494",135.987944432506,0.0865451127184575,0.123876579735457,0.698499473630742,0.484864886933576,0.740307397818966,"L-threonine 3-dehydrogenase, mitochondrial-like","liver"
"htatsf1",86.4770483413275,0.0864576130297118,0.102173999070599,0.845933642213847,0.39758976358733,0.673836123235741,"HIV-1 Tat specific factor 1, transcript variant X2","liver"
"LOC115102194",84.5624573610561,0.0864219383634471,0.105582001887445,0.817839628676442,0.413448766471683,0.687282696630742,"acetyl-coenzyme A synthetase, cytoplasmic-like, transcript variant X2","liver"
"LOC115130242",151.6363044447,0.0862778954228882,0.109224319510402,0.790088069794888,0.429476336690604,0.697735722521961,"isocitrate dehydrogenase [NADP] cytoplasmic-like, transcript variant X2","liver"
"LOC115128548",83.5703578605841,0.0862349595497436,0.114209431541201,0.755404696115383,0.450006196363741,0.712320487914023,"CTP synthase 1-like, transcript variant X2","liver"
"LOC115120972",63.5888047932608,0.0861842938715059,0.0865762372434181,0.99556155333722,0.319463222933718,0.604704843863596,"beta-centractin-like","liver"
"LOC115104043",77.6773393083605,0.0859757056409104,0.124270548324287,0.692007164341997,0.488932829831886,0.744449090173615,"collagen alpha-1(I) chain-like","liver"
"LOC115138652",179.147790401505,0.0859351573240396,0.0909125016983407,0.945210874779244,0.344551228633699,0.624522353674211,"26S proteasome regulatory subunit 4-like","liver"
"LOC115111267",86.0850208372252,0.0858009971324606,0.106211909849627,0.807952225312699,0.419118085054221,0.69146125084874,"transmembrane emp24 domain-containing protein 7-like","liver"
"LOC115145042",9243.21853000262,0.0856945690929221,0.118947284475971,0.720469581769914,0.47123592176012,0.729568582743055,"kininogen-1-like","liver"
"LOC115119181",307.388478546153,0.0855534830057697,0.114333716389582,0.748099546140093,0.454400115761471,0.717254363923686,"D-dopachrome decarboxylase-A-like","liver"
"LOC115141324",142.336809483234,0.0852306428362218,0.111780564627344,0.762425877246934,0.445805866646106,0.709252424843687,"triosephosphate isomerase B-like","liver"
"LOC115123229",83.2351355774517,0.0851817928533653,0.103191552380495,0.825394745287237,0.409147517220318,0.683477573848367,"endothelial differentiation-related factor 1 homolog, transcript variant X2","liver"
"LOC115112086",59.8301593793007,0.0851182378632532,0.0960379738743353,0.886783993484619,0.375195206932394,0.655029417315574,"mitochondrial carrier homolog 2-like","liver"
"LOC115127300",7110.42337776125,0.0850878195111048,0.114639581124583,0.742242079417909,0.457940677690756,0.718606378374628,"uncharacterized LOC115127300","liver"
"LOC115106417",259.735967901763,0.0850485110203184,0.111915428718316,0.75972696801309,0.447417805260615,0.710707316540244,"somatostatin receptor type 2-like","liver"
"LOC115143384",58.4532779230158,0.084890445062943,0.0800965418474556,1.05971396220335,0.289274748880669,0.583993995263798,"CXXC-type zinc finger protein 1-like, transcript variant X1","liver"
"LOC115110301",133.166090215785,0.0848606767601128,0.086215617841275,0.984669459894408,0.324786458702575,0.609607002720046,"ADP-ribosylation factor 2","liver"
"keap1",380.619923981671,0.0848466398451554,0.113657731561563,0.746432538529937,0.455406169507925,0.717524370666526,"kelch like ECH associated protein 1","liver"
"LOC115113644",108.777314117835,0.0848305848793516,0.0784722314185672,1.08104058247213,0.279679061886461,0.577796523365651,"AP-1 complex subunit gamma-1, transcript variant X3","liver"
"LOC115103811",332.407146553331,0.084811188750107,0.113894931092748,0.744752546494974,0.456421326759055,0.718290860181432,"probable ATP-dependent RNA helicase DDX5","liver"
"LOC115129409",1906.61342156159,0.0847623382381409,0.0833773314932007,1.0166221266016,0.309333224084698,0.600632855049678,"coagulation factor IX-like","liver"
"LOC115139231",71.0159537519882,0.0847198988036088,0.121656465685007,0.696502356047985,0.486114282304857,0.740682716463247,"peptidyl-prolyl cis-trans isomerase FKBP1B-like, transcript variant X2","liver"
"LOC115145085",80.4493280400165,0.0847067291915301,0.116660572401235,0.725963089579443,0.467861398323917,0.726754214774498,"histone H2A deubiquitinase MYSM1-like","liver"
"LOC115140859",191.002995140331,0.0846678580217193,0.123981608233558,0.682838441755203,0.494708935627388,0.749105848998376,"apolipoprotein A-IV-like","liver"
"LOC115123596",111.102953966735,0.0844035123447659,0.100728511560073,0.838218667241695,0.401907904833055,0.677212327449166,"bromodomain-containing protein 3-like, transcript variant X1","liver"
"LOC115123136",88.9810170352149,0.0843094557866056,0.0852168631043009,0.989168136461619,0.322580885291015,0.607859583525782,"RNA-binding protein 39-like, transcript variant X2","liver"
"LOC115112131",118.89014653098,0.0840602254757158,0.0752362155286243,1.11758259588643,0.263745305362979,0.561664506091693,"T-cell immunomodulatory protein-like","liver"
"LOC115119577",191.975414248812,0.0839518272510465,0.0922520318841788,0.909813227946908,0.36292101726808,0.643999158199693,"V-type proton ATPase subunit e 1-like","liver"
"LOC115134396",59.1534073890571,0.0838712580688387,0.0894679147350542,0.937580461284813,0.348460056327618,0.628739791762449,"muscleblind-like protein 2a, transcript variant X2","liver"
"faxdc2",412.975324048619,0.0837201841380394,0.122458091195481,0.683806721700612,0.494097221539652,0.749105848998376,"fatty acid hydroxylase domain containing 2, transcript variant X1","liver"
"LOC115130629",81.2510806467127,0.0836577409776267,0.0961392088696417,0.870417657450526,0.384072200532071,0.66181330070431,"transmembrane 9 superfamily member 2-like, transcript variant X1","liver"
"LOC115119596",101.157155049927,0.0833983187898367,0.122987380005417,0.678520271980016,0.497441874899014,0.751459900730628,"tropomyosin beta chain, transcript variant X4","liver"
"LOC115132366",197.977165647914,0.0832527912251236,0.100991988703225,0.824444892082484,0.409686815996493,0.683763649741703,"ras-related protein Rap-1A-like, transcript variant X2","liver"
"LOC115103809",135.965101916558,0.0832306692548537,0.113775987205116,0.731556465125045,0.464439328468841,0.722264289522699,"signal recognition particle subunit SRP68-like","liver"
"LOC115140112",62.1752399616688,0.083094558402078,0.115958374260224,0.717242251931809,0.473224632666071,0.731323585074834,"phosphoinositide-3-kinase-interacting protein 1-like","liver"
"LOC115134575",231.694301832483,0.0829371754286472,0.0883708467949577,0.938832275390143,0.347816865081934,0.628135375309688,"proteasome subunit alpha type-4, transcript variant X2","liver"
"LOC115136367",87.5911599231164,0.0829260044684058,0.0937493015728482,0.884713694820839,0.376311067570942,0.656319319407952,"guanine nucleotide-binding protein G(I)/G(S)/G(T) subunit beta-1-like","liver"
"LOC115116509",10113.3754491782,0.0828095930524085,0.124181033379751,0.666922269826998,0.504821785168947,0.757363748897249,"uncharacterized LOC115116509","liver"
"LOC115129532",233.681051856222,0.0826580517948358,0.105409824083318,0.784321181564884,0.432851673762519,0.699899417378417,"calnexin-like, transcript variant X3","liver"
"rab5if",143.983781780033,0.0826101946467545,0.0977740543077232,0.84474648688254,0.39825239835806,0.674609000399479,"RAB5 interacting factor","liver"
"LOC115132214",125.28580935054,0.0824644242384071,0.0865800640231662,0.952446337049839,0.340870668982242,0.621650490725557,"rho-related GTP-binding protein RhoA-C-like","liver"
"LOC115119687",112.227549076591,0.0823195958288139,0.119207259168919,0.690262198709419,0.490029315115716,0.74528339119838,"surfeit locus protein 1","liver"
"LOC115118818",107.771245205016,0.0822594041054572,0.111341616602055,0.738454784823304,0.460238133667596,0.718606378374628,"zinc finger protein 706-like, transcript variant X2","liver"
"LOC115106795",59.5153784292255,0.0821903313600878,0.115841287981699,0.709443137979427,0.478049526029793,0.733165339596667,"CTP synthase 1-like, transcript variant X1","liver"
"hal",3043.41734694575,0.082013760068611,0.0723291663858687,1.13388493899532,0.256842815502424,0.553910749199936,"histidine ammonia-lyase","liver"
"LOC115124220",117.39096235396,0.0819439745439636,0.100620862668894,0.814436134074338,0.415395145413525,0.689393571948505,"HBS1-like protein","liver"
"LOC115136656",126.85856276669,0.0819045222281905,0.0976353868531296,0.838673205910799,0.401652718029213,0.677062232707639,"sialate O-acetylesterase-like","liver"
"c8a",789.957807261447,0.081866584065385,0.100820138694095,0.812090800518315,0.41673953150231,0.690864604089969,"complement C8 alpha chain","liver"
"LOC115129187",87.4035527861249,0.081781784329589,0.0940497159177631,0.869656035523337,0.384488405087161,0.66181330070431,"vesicular integral-membrane protein VIP36-like, transcript variant X2","liver"
"LOC115102666",187.51856842684,0.0815557338962478,0.103092627750806,0.790847375906516,0.429033060055722,0.697735722521961,"signal transducer and activator of transcription 6-like, transcript variant X1","liver"
"LOC115134083",93.4691611421229,0.0814645658476376,0.0892703218213377,0.912917036941925,0.361286176447197,0.642370768585617,"cytochrome b-c1 complex subunit Rieske, mitochondrial-like","liver"
"LOC115134935",86.1592891889677,0.0814377071453034,0.0880091224238785,0.924988778502203,0.354971744538432,0.635347056144885,"matrin-3-like","liver"
"LOC115143579",58.7844507628044,0.0813989314008312,0.122528856410442,0.664127885452592,0.506608463963458,0.757363748897249,"3-oxo-5-alpha-steroid 4-dehydrogenase 2-like","liver"
"LOC115144746",621.569072975023,0.0812861631926185,0.106553317130447,0.76287365742411,0.445538747781239,0.709104231142651,"40S ribosomal protein S13-like","liver"
"LOC115134965",155.811344031008,0.0811938841273084,0.101825609232924,0.797023685800265,0.425437275384358,0.696418608219535,"annexin A11-like, transcript variant X1","liver"
"LOC115142607",206.274107848292,0.0811895964859543,0.103218815088697,0.78634638890332,0.431664582391119,0.699032514035041,"testis-expressed protein 2-like, transcript variant X2","liver"
"LOC115112679",10098.9702173323,0.0811477371207358,0.124199038697912,0.653442004495292,0.513471366660757,0.761057923821543,"uncharacterized LOC115112679","liver"
"LOC115129441",278.863027983821,0.0810447295381137,0.121855531718221,0.664966073369234,0.506072192976157,0.757363748897249,"ubiquitin-like protein 3","liver"
"LOC115144627",101.095167925045,0.0809786912224219,0.10992712254329,0.736395163842684,0.461490246945593,0.719599941296954,"cystatin-like","liver"
"LOC115113376",128.295661100029,0.0808844593170929,0.0974862982315838,0.829689736552254,0.406714225771484,0.680234863076916,"transmembrane 9 superfamily member 3-like","liver"
"mphosph8",70.5857209422245,0.0808491802438948,0.103465422242898,0.780835143389279,0.4348994615022,0.701463229136502,"M-phase phosphoprotein 8, transcript variant X1","liver"
"LOC115137016",305.934312595837,0.0808426229232912,0.0905615760364677,0.892551802210202,0.372097239863166,0.652611165956224,"delta-like protein C","liver"
"LOC115114723",2878.46326221188,0.0807858980554766,0.103296407751702,0.782086142770115,0.434163949933343,0.700852380169627,"elongation factor 2-like","liver"
"LOC115145573",241.842960771769,0.0806931049795093,0.100104703412133,0.80623761239999,0.42010585530191,0.691859178266904,"ELMO domain-containing protein 2-like, transcript variant X1","liver"
"LOC115116214",650.444228850341,0.0806374062249944,0.122863672908918,0.65632664408913,0.511613977771902,0.760144684417698,"complement C3 alpha chain-like","liver"
"LOC115139940",85.8747242057332,0.0804448322779628,0.100221368378866,0.802520401647841,0.422251991782608,0.693432360397224,"proliferation-associated protein 2G4-like","liver"
"utp23",64.8837093138883,0.0803819239936039,0.0892063725911744,0.901259793511132,0.367450205853289,0.647005597349035,"UTP23 small subunit processome component","liver"
"LOC115138544",1855.93492334353,0.0803089220192906,0.0890909909515279,0.901408549426145,0.367371137412913,0.647005597349035,"protein Z-dependent protease inhibitor-like","liver"
"LOC115120078",121.573835351881,0.0802059774506568,0.116091012651793,0.690852732932524,0.489658092686337,0.745274976022968,"biorientation of chromosomes in cell division protein 1-like, transcript variant X2","liver"
"LOC115147012",327.347391899463,0.0799033017923252,0.0871677272322322,0.916757897857742,0.359269519246412,0.639747732830221,"succinyl-CoA:3-ketoacid coenzyme A transferase 1, mitochondrial-like, transcript variant X2","liver"
"LOC115107606",92.4558105707406,0.0798189578165378,0.0928813041268976,0.859546609026797,0.390039016877039,0.666303031345687,"proteasome subunit alpha type-6-like","liver"
"LOC115130741",74.1660554125943,0.0798187746353314,0.0941356782118393,0.847932924979536,0.396475326853379,0.672786607932711,"beta-1,4-galactosyltransferase 1-like","liver"
"LOC115139797",14100.818085458,0.0797558929491991,0.0765649077093398,1.04167791759781,0.297561030338604,0.590773872216341,"alpha-1-antitrypsin-like, transcript variant X2","liver"
"LOC115139174",132.763283646722,0.0797201479399657,0.0862142661422967,0.924474281132343,0.355239435955396,0.635347056144885,"AN1-type zinc finger protein 3-like, transcript variant X2","liver"
"LOC115133351",69.8732232295095,0.0796020886772868,0.106299375216944,0.748200198139005,0.454339411521705,0.717254363923686,"H/ACA ribonucleoprotein complex subunit 3-like","liver"
"LOC115110494",230.912601452883,0.0794711661109804,0.0945394921774714,0.840695215317614,0.400518701724614,0.67626935717876,"WW domain-binding protein 2-like","liver"
"LOC115111465",65.7857326125467,0.0794481779995243,0.117948724077672,0.673797635761707,0.500439978158811,0.753247175397088,"calcium-binding mitochondrial carrier protein SCaMC-2-A-like, transcript variant X1","liver"
"LOC115136526",290.926559272432,0.0793850784478794,0.123932279500124,0.640727870812502,0.521699502960498,0.76628726993405,"nuclear factor NF-kappa-B p100 subunit-like","liver"
"cops6",97.1255343906484,0.0793661764678785,0.0814839415448517,0.974009792570765,0.330051677029417,0.613285735480822,"COP9 signalosome subunit 6","liver"
"LOC115111483",125.146246658557,0.0793451464762837,0.0822488202852892,0.964926223905948,0.334581765509257,0.616247300594547,"sarcoplasmic/endoplasmic reticulum calcium ATPase 2-like, transcript variant X1","liver"
"pgd",358.591620455499,0.0792429822233448,0.121957568353622,0.64998657615621,0.515700892710569,0.762093304551333,"phosphogluconate dehydrogenase","liver"
"LOC115133030",2022.57119044918,0.0790205900808101,0.0973554649332398,0.811646146994223,0.41699470375467,0.69092293191221,"phenylalanine-4-hydroxylase-like","liver"
"LOC115109525",364.76567757964,0.0787909975449973,0.0897253576054374,0.878022386662111,0.379931570018243,0.659608891016053,"calcium and integrin-binding protein 1-like","liver"
"LOC115113472",152.684985971897,0.07870806460147,0.094325868872576,0.833994371560485,0.404284155539124,0.678132599990729,"oxysterols receptor LXR-alpha-like, transcript variant X2","liver"
"LOC115135398",102.23150915467,0.0784900763306665,0.0885637000871943,0.886693775718328,0.375243790341478,0.655029417315574,"coatomer subunit delta-like","liver"
"id2",146.409174040627,0.0783696084515005,0.114850169050489,0.682278935030769,0.495062590324487,0.749303794341853,"inhibitor of DNA binding 2, transcript variant X2","liver"
"usp24",72.7608289598283,0.0783527613857399,0.0897941568098165,0.872688320010923,0.382832985729441,0.6616067391248,"ubiquitin specific peptidase 24, transcript variant X1","liver"
"LOC115118672",248.413540135068,0.0782112019862057,0.115579898788857,0.676746204224468,0.498566995522245,0.751593236245278,"dolichyl-diphosphooligosaccharide--protein glycosyltransferase subunit 2-like, transcript variant X1","liver"
"atic",185.333131511871,0.0781779619576961,0.111471558615347,0.70118194450064,0.483189476246562,0.738739799392718,"5-aminoimidazole-4-carboxamide ribonucleotide formyltransferase/IMP cyclohydrolase","liver"
"LOC115126487",95.6784012688061,0.0781759024945105,0.0861004233494552,0.907754172053123,0.364008115836845,0.644884619184371,"septin-2B, transcript variant X1","liver"
"LOC115128317",5174.44442998997,0.0780662342249504,0.105565884410149,0.739507907396421,0.459598639934991,0.718606378374628,"elongation factor 1-alpha, oocyte form","liver"
"LOC115131689",108.691157211282,0.0777702659795413,0.090388675824831,0.860380193522162,0.389579500222863,0.666076360280365,"adenylyl cyclase-associated protein 1-like, transcript variant X1","liver"
"LOC115133610",202.215653486075,0.0777320377208701,0.123718877515117,0.62865811943226,0.529572901943566,0.769709401192759,"Y-box-binding protein 2-A-like, transcript variant X1","liver"
"LOC115103821",230.496136614936,0.0776398261701557,0.114246288335143,0.679643016181167,0.496730525430118,0.750991699426247,"E3 ubiquitin/ISG15 ligase TRIM25-like, transcript variant X1","liver"
"LOC115140043",58.9305124354894,0.0776394505686819,0.12306519206568,0.631344704240524,0.527815162853142,0.769709401192759,"glycerol-3-phosphate acyltransferase 4, transcript variant X1","liver"
"LOC115106897",69.9197232808541,0.0775929286642039,0.115204784997211,0.673468338873433,0.500649384731032,0.753284197919411,"V-type proton ATPase subunit F-like","liver"
"LOC115121568",89.5877502659447,0.0775185888601442,0.108594845963564,0.713785134385068,0.475360053298187,0.732344393512047,"V-type proton ATPase subunit e 1-like","liver"
"txndc17",85.2868292580593,0.0773638379391319,0.0999072109268431,0.774287917573995,0.438760547129671,0.705756902170694,"thioredoxin domain containing 17","liver"
"LOC115138501",65.1408523928193,0.0771798563446588,0.0955186126787637,0.807540237143699,0.419355302281179,0.69146125084874,"dihydrolipoyllysine-residue succinyltransferase component of 2-oxoglutarate dehydrogenase complex, mitochondrial-like, transcript variant X1","liver"
"LOC115141088",236.55432712273,0.077153842045681,0.0721129633708863,1.06997671128289,0.284629791556821,0.581820978127182,"ubiquilin-4-like","liver"
"LOC115125022",283.532528550915,0.0771351352090984,0.11047046618774,0.698377244661957,0.484941303281806,0.740307397818966,"uncharacterized LOC115125022","liver"
"LOC115142636",2705.59945226044,0.0770573992619603,0.0794366101188403,0.970025106046922,0.332033978037163,0.615168406581581,"catalase-like, transcript variant X1","liver"
"LOC115139362",244.154152802438,0.0769810573894896,0.0818602165396983,0.9401851229172,0.347122611510942,0.627159470088032,"epoxide hydrolase 1-like","liver"
"bcap31",319.141462932714,0.0769108870100461,0.0727358692221552,1.0573204528939,0.290365361916227,0.585326021350416,"B cell receptor associated protein 31","liver"
"LOC115134178",115.549471303122,0.0767473295281137,0.0994668131839195,0.771607341529585,0.440347024742961,0.706666998644961,"26S proteasome non-ATPase regulatory subunit 7-like","liver"
"LOC115106105",155.596082985202,0.0765913850842641,0.0730902668592013,1.04779001961398,0.294735361764481,0.589635548521163,"UV excision repair protein RAD23 homolog B-like","liver"
"LOC115109846",141.778720623136,0.0764999881531986,0.103281602228973,0.740899002500731,0.458754680361865,0.718606378374628,"3-mercaptopyruvate sulfurtransferase-like","liver"
"ttr",4042.36864779211,0.0764639526399258,0.106630900466578,0.717095907376069,0.473314920860503,0.731323585074834,"transthyretin","liver"
"LOC115125585",318.127010838764,0.0764255613458892,0.123472244177003,0.619063481121906,0.535874539873989,0.773111844948287,"translocon-associated protein subunit delta-like","liver"
"LOC115110341",119.867843169265,0.0761986846936852,0.123816640676754,0.615414754205267,0.538280850121292,0.773215962598105,"probable G-protein coupled receptor 146","liver"
"LOC115140841",80.0888342794507,0.0761217959802649,0.0943177141423399,0.807053124155501,0.419635877201077,0.691644090364574,"probable ATP-dependent RNA helicase ddx6, transcript variant X2","liver"
"LOC115129583",282.740545070188,0.076117839008645,0.0726676374820398,1.04741241369643,0.294909408802997,0.589635548521163,"lysosome-associated membrane glycoprotein 2-like, transcript variant X2","liver"
"nagpa",552.897894423251,0.0760724326851786,0.0996721511227359,0.763152641178864,0.445372368889729,0.709104231142651,"N-acetylglucosamine-1-phosphodiester alpha-N-acetylglucosaminidase, transcript variant X1","liver"
"LOC115145599",778.372185057547,0.0760615407076247,0.105349921190804,0.722020207527551,0.470282053716042,0.729402454698093,"40S ribosomal protein S3a","liver"
"LOC115105558",119.103638202039,0.0757277941876553,0.113173346134141,0.668943732330378,0.503531371852884,0.756224713217522,"protein eva-1 homolog B-like, transcript variant X2","liver"
"apeh",62.6062459777899,0.0757232078909108,0.0981686454089196,0.771467719416605,0.440429749022675,0.706666998644961,"acylaminoacyl-peptide hydrolase","liver"
"LOC115121748",3125.13868777334,0.0756618586522847,0.123007153120588,0.61524542797119,0.538392651100516,0.773215962598105,"microfibril-associated glycoprotein 4-like","liver"
"LOC115143480",100.651784887343,0.0755784884338013,0.0891791330659931,0.847162850414254,0.396904357038317,0.672954309188096,"F-actin-capping protein subunit alpha-1","liver"
"LOC115103338",414.881583327194,0.0755377146975306,0.123364129391188,0.612412708961991,0.540264735397302,0.773215962598105,"angiopoietin-related protein 3-like, transcript variant X2","liver"
"LOC115118965",179.427380633216,0.0752296410533251,0.110822673134577,0.679035425763541,0.497115415880846,0.7512949333075,"profilin-2-like","liver"
"LOC115115054",1884.30697474686,0.0751616602313384,0.0944052092149562,0.796144521131998,0.425948039430683,0.696588509174171,"ganglioside GM2 activator-like, transcript variant X3","liver"
"LOC115146573",87.9570299778043,0.0751316555529892,0.122586389280755,0.613667175615496,0.539435283261947,0.773215962598105,"transmembrane protein 134-like","liver"
"fabp1",108.576747450215,0.0749899233967956,0.114099330703633,0.657754837937235,0.510695678618188,0.760144684417698,"fatty acid binding protein 1","liver"
"LOC115133616",514.779618785153,0.0749579618490185,0.0741505183027785,1.01090190692416,0.312063381261947,0.601817480450145,"gamma-aminobutyric acid receptor-associated protein","liver"
"LOC115107698",729.611553410706,0.0748145706903082,0.122069944570395,0.612960366427365,0.53990254636249,0.773215962598105,"protein LEG1 homolog","liver"
"dao",136.61945884646,0.0746036387064452,0.118617035367995,0.628993859023565,0.529353076582946,0.769709401192759,"D-amino acid oxidase, transcript variant X4","liver"
"LOC115119394",206.519970197664,0.0745800234443281,0.121272085614542,0.615050416653138,0.538521425593907,0.773215962598105,"uncharacterized LOC115119394, transcript variant X1","liver"
"LOC115117657",204.197266413358,0.0742034807986789,0.124268053120139,0.597410677312065,0.550233226793952,0.780469839198218,"minor histocompatibility antigen H13-like, transcript variant X1","liver"
"LOC115132635",24226.6206561922,0.0741292480970962,0.112951548054151,0.656299402251768,0.511631502084096,0.760144684417698,"hemopexin-like","liver"
"LOC115142959",76.4740518296306,0.0740135490708046,0.109289592668712,0.677000450763475,0.498405668367959,0.751593236245278,"protein polybromo-1-like, transcript variant X1","liver"
"LOC115138520",70.5594755691191,0.0740038418141041,0.0941018222062825,0.789500797629448,0.429819363767516,0.697735722521961,"C-type lectin domain family 4 member K-like","liver"
"rpl12",2087.89360561007,0.0739869490230941,0.0964841804989406,0.766834464452017,0.443179942372262,0.707778594440931,"ribosomal protein L12, transcript variant X2","liver"
"LOC115111382",155.452503679807,0.0739804644279499,0.122640781371979,0.60337271137532,0.546260771698644,0.777429785420277,"beta,beta-carotene 9',10'-oxygenase-like, transcript variant X2","liver"
"LOC115116688",117.78910080252,0.0738610479022183,0.105763556931732,0.698699660538612,0.484739746141706,0.740307397818966,"glycogen synthase kinase-3 beta-like","liver"
"slc17a5",79.0362077988805,0.0735068310964594,0.119198946433338,0.61707130516648,0.537187694534677,0.773155735495531,"solute carrier family 17 member 5, transcript variant X1","liver"
"pdzd7",802.683509515388,0.0734289723180093,0.107547503473989,0.682776590806272,0.494748023921401,0.749105848998376,"PDZ domain containing 7, transcript variant X1","liver"
"LOC115130637",206.707903992746,0.0730769489090516,0.124261814185354,0.588194404592176,0.556401812688584,0.78369505014266,"phospholipid-transporting ATPase 11C-like, transcript variant X3","liver"
"LOC115132078",111.03833707174,0.0730580060102857,0.110447874731554,0.661359019196481,0.508382100481717,0.758637327093198,"DENN domain-containing protein 2D-like, transcript variant X1","liver"
"cog7",66.1123801418628,0.0730573487909392,0.0843239523814724,0.866261393773751,0.386346832394281,0.66277343806359,"component of oligomeric golgi complex 7","liver"
"LOC115120316",81.6162384903578,0.0730126186803648,0.123575516077605,0.591290170528767,0.554326014487284,0.782250760109554,"mitoguardin 1-like","liver"
"LOC115133971",71.0154971249526,0.0728971861227449,0.110686450470025,0.658705446125754,0.510084935071256,0.759907235142704,"signal transducer and activator of transcription 1-alpha/beta-like, transcript variant X1","liver"
"LOC115110427",77.3702137851303,0.0727988232153329,0.100122237708793,0.726444533799284,0.467566298692594,0.726572715772403,"trinucleotide repeat-containing gene 6B protein-like, transcript variant X2","liver"
"LOC115116690",82.8996257318968,0.072531940055576,0.117972245849536,0.614424802215803,0.538934650387595,0.773215962598105,"lysosome-associated membrane glycoprotein 1-like","liver"
"LOC115114130",95.7961042107288,0.0725266420743826,0.123588177209533,0.586800993610878,0.557337369418034,0.78442925336599,"beta-1,3-galactosyltransferase 2-like, transcript variant X1","liver"
"LOC115113377",88.5833325262994,0.0724352141257379,0.110486081131107,0.655583655738911,0.51209204454725,0.760144684417698,"thioredoxin-dependent peroxide reductase, mitochondrial-like","liver"
"LOC115102537",57.9032006129211,0.0723709049983955,0.096779299041042,0.747829384927512,0.454563075324363,0.717254363923686,"chromobox protein homolog 5-like","liver"
"acsf2",110.91187339104,0.072287910082492,0.0954820775131562,0.757225526015511,0.448914759882991,0.711421680125611,"acyl-CoA synthetase family member 2, transcript variant X2","liver"
"LOC115139628",384.327337105284,0.0722208196573847,0.089230864919421,0.809373278547694,0.418300467666911,0.69146125084874,"forkhead box protein A2-like","liver"
"LOC115139652",134.142987152525,0.0721330833142595,0.0867703849699798,0.831394288120152,0.405750924761941,0.679349773417028,"proteasome subunit alpha type-6","liver"
"LOC115105031",197.705364690093,0.0719344661121934,0.0971518639363249,0.740578141335085,0.458949265608534,0.718606378374628,"26S proteasome regulatory subunit 6B","liver"
"comtd1",73.4867044813726,0.0716237781140501,0.115907096642088,0.617724361652386,0.536757050337016,0.773111844948287,"catechol-O-methyltransferase domain containing 1, transcript variant X3","liver"
"cops7a",144.586709767372,0.0714792027922286,0.10069276626517,0.709767194914506,0.47784851533291,0.733165339596667,"COP9 signalosome subunit 7A, transcript variant X2","liver"
"LOC115114591",190.354630458876,0.0714689937023143,0.0945311561611607,0.755828461228053,0.449752050146622,0.712194777155258,"NPC intracellular cholesterol transporter 1-like","liver"
"LOC115110996",69.2622174920471,0.0714672466041409,0.12098942227656,0.590610586743347,0.554781369785914,0.782250760109554,"immediate early response 3-interacting protein 1","liver"
"rnf115",123.158195582103,0.0714641248421995,0.10826016636038,0.660526609099292,0.508915948481568,0.758997953168997,"ring finger protein 115, transcript variant X1","liver"
"hat1",85.7725902807852,0.0713255762429569,0.0920886728053872,0.774752163076152,0.438486121166565,0.705681509851683,"histone acetyltransferase 1","liver"
"LOC115120715",1430.11256176381,0.0712417932448292,0.111128037020277,0.641086206202202,0.521466675627494,0.766221402255828,"fibronectin-like","liver"
"asb8",62.8259557133007,0.0709903196229456,0.100044201054935,0.709354710944608,0.478104384849838,0.733165339596667,"ankyrin repeat and SOCS box containing 8","liver"
"LOC115104085",193.85294710061,0.0707492735124161,0.103576317439223,0.68318182970123,0.494491952831672,0.749105848998376,"glycylpeptide N-tetradecanoyltransferase 1-like, transcript variant X4","liver"
"dapl1",158.447442913354,0.0707348622572781,0.111739702624909,0.63309301130095,0.526672905824804,0.768966964635751,"death associated protein like 1","liver"
"LOC115117748",161.567543620802,0.0706722559106633,0.0894479881458132,0.79001774798916,0.42951740344011,0.697735722521961,"coatomer subunit gamma-2-like","liver"
"LOC115130516",918.948153521279,0.0706620575779446,0.109352904782415,0.64616993165712,0.518169310111582,0.763177648504688,"guanine nucleotide-binding protein subunit beta-2-like 1","liver"
"LOC115144813",91.0898785425755,0.0706409458428268,0.10254968869138,0.688827419264533,0.490931878572535,0.746099305392116,"AFG3-like protein 1","liver"
"LOC115139899",171.465015684833,0.0706127841921431,0.0905748968313628,0.779930075714979,0.435432034431427,0.701787652171806,"protein SET-like","liver"
"LOC115128292",62.785166776145,0.0705607451059592,0.100027314728155,0.705105430368379,0.480744627371798,0.736106349048628,"exostosin-1b","liver"
"LOC115141610",89.9016168364642,0.0705405343916884,0.113119000319576,0.624909118464725,0.532030707336648,0.769709401192759,"putative uncharacterized protein DDB_G0292636, transcript variant X2","liver"
"scrn3",1079.56242963694,0.0704232794311131,0.0727695093500338,0.967792758766924,0.333147880964429,0.616121761806781,"secernin 3","liver"
"LOC115125076",168.318919066765,0.0702288202330552,0.109318272462364,0.642290091650944,0.520684846467891,0.765624615513392,"cyclin-G1-like, transcript variant X2","liver"
"LOC115109488",11153.4340130168,0.0701402485086192,0.0765378580105543,0.928165866725318,0.353321537191724,0.633584947467429,"zona pellucida sperm-binding protein 4-like","liver"
"LOC115128708",2492.29394525075,0.0699054313893857,0.082516782075626,0.854235633791866,0.392974442962071,0.668515788611603,"BPTI/Kunitz domain-containing protein-like, transcript variant X1","liver"
"LOC115120631",803.108954271828,0.0698539478578173,0.0975280549363738,0.716242632586316,0.473841542770133,0.731582624367827,"vigilin-like, transcript variant X4","liver"
"LOC115143007",982.165999917505,0.0698390980230476,0.105089083932856,0.664590523362125,0.506312432198856,0.757363748897249,"60S acidic ribosomal protein P0-like","liver"
"LOC115145617",363.944683056,0.0698225060201866,0.0807477659803199,0.864641476655282,0.387235600001407,0.663069184036201,"high mobility group protein B2-like, transcript variant X2","liver"
"zdhhc6",116.792263467256,0.0697276392121404,0.10991075776488,0.634133603307508,0.525993634409273,0.768966964635751,"zinc finger DHHC-type containing 6, transcript variant X1","liver"
"LOC115143900",373.721952177788,0.0697248550567168,0.123759005529076,0.563435332743465,0.573138483245406,0.79867092571223,"calcium-binding and coiled-coil domain-containing protein 2-like, transcript variant X1","liver"
"LOC115103820",72.5405038517876,0.0697124741238077,0.090991268326181,0.766020739593031,0.443663961922615,0.707778594440931,"trafficking protein particle complex subunit 5-like, transcript variant X2","liver"
"LOC115108855",57.7063882288678,0.0696383783496299,0.0981099451488927,0.709918114909683,0.477754916284894,0.733165339596667,"transcription factor BTF3 homolog 4","liver"
"insig2",77.553894239942,0.0695334908303315,0.0941012247612909,0.738878761522575,0.459980619988285,0.718606378374628,"insulin induced gene 2, transcript variant X2","liver"
"LOC115137326",1606.42043049338,0.0693083243811094,0.0873426681143259,0.793500899605988,0.427486045376366,0.697531273400348,"cytochrome P450 4V2-like","liver"
"LOC115127161",70.8824597766251,0.069206331908478,0.0923229471924982,0.749550352226979,0.453525561964905,0.716500073863935,"trafficking protein particle complex subunit 3, transcript variant X3","liver"
"LOC115135247",72.1591443695772,0.0688895217995757,0.10416393999492,0.66119382315339,0.508488021986903,0.758637327093198,"mRNA decay activator protein ZFP36L2-A-like","liver"
"plek2",251.379611426046,0.0687884054926492,0.124056512881461,0.554712939435478,0.579091024235457,0.803012128208193,"pleckstrin 2","liver"
"LOC115132559",526.861999299884,0.0686993362506472,0.0998747012766104,0.687911163570846,0.491508726085276,0.746419361968548,"alpha-enolase, transcript variant X3","liver"
"LOC115141745",140.992923812528,0.0686424026853282,0.100025730673849,0.686161577989212,0.492611223564617,0.747326755354429,"DCN1-like protein 5, transcript variant X1","liver"
"LOC115141195",96.9609713750276,0.0685946910140943,0.117940354395061,0.581400538468265,0.560970534638827,0.787367733880117,"probable aminopeptidase NPEPL1","liver"
"c5",4654.28664114443,0.0685439593865022,0.0976485202749556,0.701946568106694,0.48271248596021,0.73856459938957,"complement C5, transcript variant X1","liver"
"LOC115108172",256.493596005656,0.0684041622995122,0.10830261152335,0.631591832381691,0.527653624991737,0.769709401192759,"ubiquitin-60S ribosomal protein L40-like","liver"
"LOC115133442",79.8539918562147,0.0683263320009365,0.104360881091164,0.654977507558732,0.512482235716348,0.760144684417698,"matrix metalloproteinase-14-like","liver"
"LOC115133632",144.815795059152,0.0683008960142471,0.103792855604571,0.658331972246987,0.510324837732914,0.759986861015476,"cystatin-B-like","liver"
"LOC115143115",117.666380351447,0.0682977649687567,0.112467770061032,0.607009289007142,0.543844747603634,0.775842580063361,"methyltransferase-like protein 7A, transcript variant X1","liver"
"LOC115121364",81.8612823225703,0.0680728261630463,0.092137937545611,0.73854067757471,0.460185957875256,0.718606378374628,"exportin-7, transcript variant X2","liver"
"LOC115101669",205.323548205014,0.0680524139606566,0.120706094744635,0.564136777214594,0.572661050637564,0.79867092571223,"pancreatic progenitor cell differentiation and proliferation factor","liver"
"LOC115106922",1351.83896424648,0.0680192667571469,0.0873281514401801,0.783266598494351,0.433470573306827,0.700010323612769,"galactose-specific lectin nattectin-like, transcript variant X2","liver"
"LOC115103897",75.5024549363481,0.0679947179593078,0.103945127307135,0.65507488551265,0.512419540896431,0.760144684417698,"UTP--glucose-1-phosphate uridylyltransferase-like, transcript variant X2","liver"
"nars",220.505710861706,0.0679050952172435,0.112312901389756,0.60458937293316,0.545451869500555,0.777092562070696,"asparaginyl-tRNA synthetase, transcript variant X1","liver"
"LOC115110101",76.1660864575969,0.0678952216090727,0.0955529261859754,0.710493109019328,0.477398402669297,0.733165339596667,"protein PET100 homolog, mitochondrial","liver"
"LOC115142877",116.089786334047,0.0677546387238472,0.0876217479021259,0.773327165877458,0.43932878241711,0.705835284640182,"14-3-3 protein beta/alpha-1-like","liver"
"LOC115105913",71.3119100689877,0.0676433665753809,0.0982847007870776,0.68815883527768,0.49135276341707,0.746419361968548,"phosphatidylinositol transfer protein beta isoform-like, transcript variant X1","liver"
"LOC115104124",92.5449339561233,0.0674997408263078,0.0876534644435083,0.770404356808333,0.441060069811772,0.706666998644961,"ras-related protein Rab-5C-like","liver"
"plcg1",79.6952959468166,0.0674416010698001,0.0750356745246199,0.898611483250366,0.368859640006913,0.648607373886185,"phospholipase C gamma 1, transcript variant X2","liver"
"LOC115103875",115.370129596686,0.0673029606177996,0.113046531244598,0.595416054878328,0.551565396358968,0.780469839198218,"26S proteasome non-ATPase regulatory subunit 12-like","liver"
"LOC115102312",342.029600774971,0.0673003959461383,0.104136988657352,0.646295784668048,0.518087817297995,0.763177648504688,"40S ribosomal protein S10","liver"
"LOC115110163",81.0884501684398,0.0672750856043103,0.1083262685015,0.621280072548693,0.534415362801832,0.771891218561399,"coatomer subunit zeta-1-like, transcript variant X1","liver"
"LOC115139156",74.6578383088273,0.0672412938860804,0.114248532781923,0.588519483271237,0.55618366028006,0.78369505014266,"V-type proton ATPase subunit D-like","liver"
"LOC115128437",72.4012429037519,0.0670395719971412,0.123608849604271,0.542466699126917,0.58749704208956,0.808596260799826,"phosphatidylinositol 4-kinase beta-like","liver"
"spag7",74.913529171771,0.0669439573417895,0.0919605871815583,0.727603278357047,0.466856473195419,0.725746370993336,"sperm associated antigen 7","liver"
"LOC115138674",95.2024223686094,0.0669407306295969,0.0868429094513242,0.770471601524131,0.441020194405595,0.706666998644961,"protein tyrosine phosphatase type IVA 2-like","liver"
"LOC115134813",381.212185700826,0.0669111800010966,0.0939774498253002,0.711996979633917,0.476466646352786,0.732859641710927,"ATP synthase subunit g, mitochondrial-like","liver"
"LOC115115291",205.66722992179,0.0668975597227821,0.120679923312388,0.554677821979673,0.579115048479475,0.803012128208193,"pancreatic progenitor cell differentiation and proliferation factor","liver"
"LOC115104076",519.540260269374,0.0668197862412589,0.0934695180612235,0.71501286115987,0.474601096208511,0.732153832186083,"eukaryotic translation initiation factor 1","liver"
"LOC115105718",57.4825224472169,0.0667621890934276,0.0992295577601679,0.672496526413757,0.50126765073478,0.753658039245653,"charged multivesicular body protein 1b-like","liver"
"LOC115102750",80.2219845783807,0.0667098694259679,0.111270038800218,0.600453389067573,0.548204115821694,0.779584923708898,"C-C motif chemokine 2-like, transcript variant X1","liver"
"LOC115102696",144.330521152108,0.0664907512553494,0.109240190319891,0.608264891916783,0.543011802005756,0.775242068292631,"neurabin-1-like, transcript variant X1","liver"
"LOC115113037",67.9458269652526,0.066485218848332,0.114926861790101,0.578529380252388,0.562906767478922,0.789288180977357,"F-box only protein 9-like","liver"
"dpy19l4",61.769132645787,0.0664600949540361,0.103782057065867,0.640086591853046,0.522116305458074,0.766623220838296,"dpy-19 like 4","liver"
"LOC115143317",473.117224173105,0.0663646119009385,0.0974317240400248,0.681140377053854,0.495782670383591,0.749836795726722,"26S proteasome non-ATPase regulatory subunit 6-like","liver"
"LOC115125330",244.989859937885,0.0660871943074281,0.105491792284751,0.626311371648196,0.531110728977799,0.769709401192759,"prothymosin alpha-A-like, transcript variant X1","liver"
"LOC115117641",103.974995302453,0.0660491395260726,0.0879285159060787,0.750823931403884,0.452758624927091,0.715565783327965,"splicing factor U2AF 65 kDa subunit-like, transcript variant X2","liver"
"LOC115132792",640.442227598301,0.0660090698074656,0.106894687459057,0.617510224683522,0.536898239269123,0.773111844948287,"retinol dehydrogenase 7-like, transcript variant X2","liver"
"LOC115130343",91.1572845944788,0.0660047044257067,0.118216163963337,0.558577718957246,0.576449949734812,0.801094440886155,"collagen alpha-3(VI) chain-like, transcript variant X1","liver"
"mrpl33",60.5464993936489,0.065868910447161,0.104455707777508,0.630936149438105,0.528082274195627,0.769709401192759,"mitochondrial ribosomal protein L33","liver"
"LOC115142480",148.35421809103,0.0658605149790714,0.068944867390019,0.955492522361088,0.339328685032484,0.620225883494352,"EVI5-like protein, transcript variant X1","liver"
"tcp1",430.563706751745,0.065818063840202,0.100270771299865,0.656364648740914,0.511589530407587,0.760144684417698,"t-complex 1","liver"
"upb1",184.75425377842,0.0657015305705689,0.124047532420554,0.52964742750746,0.596356404630775,0.815687484991624,"beta-ureidopropionase 1","liver"
"LOC115144106",78.9809150450749,0.065617423960936,0.114763032118825,0.571771394648953,0.567476859075899,0.793222111657533,"lethal(2) giant larvae protein homolog 2-like, transcript variant X2","liver"
"LOC115115336",124.640854941056,0.0654804192874699,0.0782449035812502,0.836740476811224,0.402738461816355,0.677474617813841,"succinate dehydrogenase cytochrome b560 subunit, mitochondrial-like, transcript variant X1","liver"
"LOC115145290",1574.5831693578,0.0653375940846969,0.104111017318565,0.627577324905566,0.530280866764097,0.769709401192759,"prohibitin-2-like","liver"
"LOC115142705",137.084721088716,0.065280196270381,0.118258483605831,0.552372158386433,0.580693401741492,0.803997477513108,"equilibrative nucleoside transporter 1-like","liver"
"LOC115130268",74.3198243136305,0.0652509954835612,0.113089415063836,0.577194707557727,0.563807931870241,0.789990075731558,"UBX domain-containing protein 4-like, transcript variant X2","liver"
"LOC115134815",691.436196931121,0.0651172626755454,0.0908979003153982,0.716352379991931,0.473773791107445,0.731582624367827,"zinc finger CCCH domain-containing protein 15-like","liver"
"pdhx",58.8656222312298,0.064940605239917,0.0903482928958509,0.718757629286374,0.472290268361882,0.730571208289576,"pyruvate dehydrogenase complex component X, transcript variant X2","liver"
"LOC115114786",81.8282395622668,0.0649198081109635,0.115554358946807,0.562029054349284,0.574096223767374,0.799458902656582,"mitochondrial ubiquitin ligase activator of nfkb 1-A-like, transcript variant X2","liver"
"LOC115137543",65.9102159276512,0.0648978857041123,0.114427095850596,0.56723111513019,0.570557170813947,0.796981161150668,"vacuolar protein sorting-associated protein 37C-like","liver"
"LOC115131286",78.0609511196501,0.0648408800477149,0.0808893314687457,0.801840269815638,0.422645360996044,0.693798828602447,"ras-related protein Rab-5A-like, transcript variant X2","liver"
"LOC115105405",111.105110112898,0.0648344352142575,0.0812395988280076,0.798014581752476,0.424862028228805,0.695756378891365,"heterogeneous nuclear ribonucleoprotein A/B-like, transcript variant X1","liver"
"LOC115131609",65.3961900847332,0.0647147381829372,0.0872968692443551,0.740946237498255,0.458726038751346,0.718606378374628,"bromodomain-containing protein 2-like, transcript variant X3","liver"
"LOC115112465",84.0209630362127,0.0643524369398396,0.102835476629103,0.626074986190222,0.531265758174721,0.769709401192759,"tyrosine-protein kinase CSK, transcript variant X1","liver"
"LOC115124527",212.702890407619,0.0642564867292614,0.106446415716807,0.603470634403496,0.546195645198625,0.777429785420277,"annexin A4-like","liver"
"LOC115134629",69.0131713194521,0.0641411765969636,0.0844761703815131,0.759166605996062,0.447752899553835,0.710962531586065,"39S ribosomal protein L23, mitochondrial, transcript variant X1","liver"
"lrp10",77.2300700886726,0.0640823042529647,0.0983416519014864,0.651903879212976,0.514463182268729,0.761263014833398,"LDL receptor related protein 10, transcript variant X1","liver"
"LOC115111507",1204.79253562792,0.063962581167159,0.117193989957725,0.545788826018348,0.585211105056473,0.806843889797544,"interleukin-1 receptor type 1-like, transcript variant X1","liver"
"LOC115101174",331.357254016017,0.0637808924592248,0.100709826370969,0.633378232848814,0.526486676059629,0.768966964635751,"surfeit locus protein 4","liver"
"LOC115109203",702.258454988709,0.0636830596740338,0.108386814683047,0.587535114247435,0.556844374512219,0.784006103803732,"calreticulin-like","liver"
"LOC115130430",173.016788834865,0.063599098929178,0.0958523627635772,0.66339601799397,0.507076955530077,0.757363748897249,"enoyl-CoA delta isomerase 2, mitochondrial-like","liver"
"LOC115139615",97.9137027434004,0.0633876404338273,0.0996240123907611,0.635941499620529,0.524814552454156,0.768646825656896,"guanine nucleotide-binding protein G(k) subunit alpha-like","liver"
"LOC115142388",65.6509851811515,0.063381016245225,0.0910278566001336,0.696241718263766,0.486277465469982,0.740682716463247,"protein polybromo-1-like, transcript variant X2","liver"
"lg19h9orf16",60.3079483667943,0.0633535099824034,0.106398037008006,0.594999967394597,0.551843492779505,0.780469839198218,"linkage group 19 C9orf16 homolog, transcript variant X3","liver"
"ndufb9",109.979917863818,0.0633442616809119,0.0994510564204135,0.636941434379354,0.524162992258493,0.768244644532764,"NADH:ubiquinone oxidoreductase subunit B9","liver"
"LOC115111965",70.0985870110239,0.0633092889227992,0.0971671924001937,0.651489828781404,0.514730340746037,0.761263014833398,"endothelial differentiation-related factor 1 homolog","liver"
"LOC115109329",6167.18836867197,0.0633044905436477,0.11817711503893,0.535677961804013,0.592181137239547,0.812590224908425,"tyrosine aminotransferase-like","liver"
"LOC115130376",533.681801999933,0.0632405976842695,0.0785152185045417,0.805438719630048,0.42056655563482,0.692058651904533,"myosin regulatory light polypeptide 9","liver"
"LOC115133350",321.467313286978,0.0631577896543231,0.10889966465105,0.579994819910666,0.561918111046838,0.788426237737318,"lysophospholipid acyltransferase LPCAT4-like","liver"
"ndufv2",214.691414692285,0.0628985183783617,0.1011411525773,0.621900451169136,0.534007328444306,0.771663356498806,"NADH:ubiquinone oxidoreductase core subunit V2","liver"
"LOC115131249",166.699222929768,0.0628138970272334,0.100972286526934,0.621985327892598,0.533951515709828,0.771663356498806,"tubulointerstitial nephritis antigen-like","liver"
"LOC115114758",128.402533298821,0.0628030888674001,0.121530762805684,0.516990652235165,0.605162684234008,0.824688432276101,"purine nucleoside phosphorylase-like","liver"
"LOC115141342",268.466398989275,0.0626289842329324,0.122642479062257,0.510688602028707,0.609569123137187,0.82682320995247,"uncharacterized LOC115141342, transcript variant X1","liver"
"LOC115110595",93.5969142548108,0.0626124343894372,0.095268712191813,0.659012270394052,0.509887889246373,0.759891421048708,"mitochondrial glycine transporter B-like, transcript variant X3","liver"
"LOC115134626",78.4396064910288,0.0625897851926654,0.107034044065931,0.584781376911479,0.558694728037926,0.78498438865308,"nucleosome assembly protein 1-like 4, transcript variant X4","liver"
"LOC115102722",88.3824089134319,0.0624160641735907,0.124115420313163,0.502963844513729,0.614989692302805,0.831133284425144,"elongation factor 2-like","liver"
"LOC115108036",103.408686600624,0.0623351837200901,0.12125384374004,0.514066811828826,0.607205279950041,0.825425316763068,"SAM and SH3 domain-containing protein 1-like, transcript variant X2","liver"
"ube4b",88.6113259691837,0.0621829844950901,0.0811714243790445,0.766081551584745,0.443627779317917,0.707778594440931,"ubiquitination factor E4B, transcript variant X1","liver"
"LOC115129373",123.885433761912,0.0618682115751147,0.0958533639655283,0.645391433264167,0.518673553575469,0.763493464923658,"ubiquitin-conjugating enzyme E2 D2-like, transcript variant X3","liver"
"LOC115137871",89.4860661461606,0.0618487522140784,0.120356663605575,0.514039225694048,0.607224566282411,0.825425316763068,"opioid growth factor receptor-like protein 1","liver"
"LOC115111809",76.9154018613852,0.0617839569008737,0.0840989975542362,0.734576560818241,0.462597417260562,0.720499454625163,"serine/threonine-protein kinase A-Raf-like","liver"
"LOC115108375",7609.13752889751,0.0616375266882616,0.110132525663137,0.559670377353271,0.575704291277065,0.800604125296935,"uridine phosphorylase 2-like","liver"
"hao1",193.525004513181,0.0616273642738181,0.111465532392843,0.552920590216193,0.580317787516897,0.803997477513108,"hydroxyacid oxidase 1","liver"
"LOC115105683",101.086536812894,0.0613807425048297,0.0745452611724413,0.823321322497673,0.410325291282681,0.683763649741703,"ras-related protein Rab-6A, transcript variant X4","liver"
"LOC115145622",1329.83877626821,0.0613759910831988,0.111679130117799,0.549551033330695,0.582627352310326,0.805013250175217,"15-hydroxyprostaglandin dehydrogenase [NAD(+)]-like","liver"
"LOC115105754",106.456007623924,0.0613046126392091,0.100341644039743,0.610915600187547,0.541255456548309,0.774361965914675,"E3 ubiquitin-protein ligase RNF128-like, transcript variant X1","liver"
"LOC115107889",272.71418598913,0.0613033944446404,0.0998542489727999,0.613890527329641,0.539287670240528,0.773215962598105,"activator of 90 kDa heat shock protein ATPase homolog 1-like","liver"
"LOC115108451",65.8947520182152,0.060504296246065,0.0794515018151965,0.761333732640677,0.44645775726066,0.709735498671783,"F-box-like/WD repeat-containing protein TBL1XR1, transcript variant X2","liver"
"mrpl11",88.9420436047478,0.0604333490630806,0.119474852108932,0.506031934512258,0.612834231538656,0.82932016193611,"mitochondrial ribosomal protein L11, transcript variant X1","liver"
"LOC115129184",179.646298858984,0.0602994088014802,0.122351217569556,0.492749321441176,0.622189723271249,0.834934682276343,"solute carrier family 25 member 48-like","liver"
"LOC115110409",184.215896072586,0.0602908905708109,0.100553853170999,0.599375287940651,0.548922652366177,0.779584923708898,"60 kDa heat shock protein, mitochondrial","liver"
"LOC115110273",134.661929782334,0.0602458000207621,0.0990444252122083,0.607961670652124,0.543212895621361,0.775257619941411,"dnaJ homolog subfamily C member 7-like, transcript variant X1","liver"
"LOC115144348",84.0485426379365,0.0601231805362311,0.110154000398842,0.545604362497155,0.585337924958621,0.806843889797544,"translation machinery-associated protein 7-like","liver"
"LOC115124642",124.832508476097,0.0601160797022167,0.0781825151889407,0.768769252383291,0.442030305118999,0.707440917137375,"ankyrin repeat and KH domain-containing protein 1-like","liver"
"nfs1",262.038344531477,0.0601092654811222,0.0891772108784029,0.673970821066933,0.500329864750456,0.753247175397088,"NFS1 cysteine desulfurase, transcript variant X1","liver"
"LOC115122219",462.402998643684,0.0599703408539604,0.103654617166366,0.578510202890351,0.56291971101599,0.789288180977357,"growth hormone receptor-like","liver"
"LOC115135177",145.415696396219,0.059876507653786,0.108847241610447,0.550274262969435,0.582131274166247,0.804600567481052,"collagen alpha-1(XIII) chain-like, transcript variant X5","liver"
"LOC115114969",67.0318279624315,0.059844206223824,0.100294342189276,0.59688683179136,0.550582939562235,0.780469839198218,"dnaJ homolog subfamily A member 2-like","liver"
"LOC115109090",67.1775893219556,0.059842058377194,0.116966339931419,0.511588737969045,0.608938869051199,0.826793747585838,"immediate early response gene 5 protein-like","liver"
"mmp2",82.5141464029004,0.0598394979684808,0.121608485741885,0.492000905848578,0.622718703169795,0.834934682276343,"matrix metallopeptidase 2","liver"
"ik",109.629805238853,0.0597998873266273,0.0789077197281245,0.757870504490541,0.448528509396994,0.711086038234986,"IK cytokine","liver"
"LOC115132047",223.698866885056,0.059349138255706,0.0705006959699652,0.841774122480367,0.399914399363484,0.675808910367149,"protein RER1, transcript variant X2","liver"
"LOC115135433",317.908960760164,0.0593042771383671,0.0782356513994054,0.758013690487987,0.448442786925534,0.711086038234986,"stromal cell-derived factor 2-like","liver"
"LOC115138663",274.942117933111,0.0589002736836147,0.0728233498417474,0.808819364824735,0.418619055801343,0.69146125084874,"melanoma inhibitory activity protein 2-like, transcript variant X5","liver"
"LOC115116388",140.712386656159,0.0588132783336671,0.0852151363289584,0.689952099090201,0.490224310971304,0.745301861812397,"acidic leucine-rich nuclear phosphoprotein 32 family member B-like, transcript variant X1","liver"
"LOC115131695",217.581022691287,0.0586327859172479,0.102074533328779,0.574419251785144,0.565684128334101,0.791402921714379,"proteasome subunit beta type-2-like, transcript variant X1","liver"
"LOC115104995",242.159630843749,0.0583602143693774,0.120560101980117,0.484229092268363,0.628223292397014,0.838453876820639,"lipocalin-like","liver"
"LOC115143335",79.8210304510818,0.0583513983291861,0.122623911071913,0.47554935534902,0.634395463255813,0.84167206276547,"calpastatin-like","liver"
"tubd1",61.9928494757997,0.0582878797672004,0.082495409119483,0.711020634686995,0.477071448992587,0.733165339596667,"tubulin delta 1, transcript variant X2","liver"
"LOC115104203",99.9913367643125,0.0582580861230883,0.105735932765247,0.551703322023518,0.581151633569972,0.804064514063545,"insulin-like growth factor-binding protein complex acid labile subunit","liver"
"LOC115136963",567.320206280503,0.0582092050031644,0.0956579143990262,0.608492073175022,0.542861161739735,0.775242068292631,"complement C2-like, transcript variant X2","liver"
"LOC115143473",109.108701463305,0.0581692079100949,0.091777740374427,0.633630562420884,0.526321950503388,0.768966964635751,"mitochondrial import inner membrane translocase subunit Tim17-A-like","liver"
"LOC115135924",1479.38690387632,0.0580796160730517,0.124271202167811,0.467383471053422,0.640225546162166,0.843720700940341,"polyubiquitin-B","liver"
"LOC115135306",62.9017119647815,0.0579745157164814,0.0967663895832179,0.598767493442451,0.549327942098733,0.779811174198227,"sphingosine-1-phosphate lyase 1-like, transcript variant X2","liver"
"LOC115143334",63.5112401263357,0.0579287409619208,0.123586740086155,0.469165871618441,0.638951077892975,0.843720700940341,"dolichyl-diphosphooligosaccharide--protein glycosyltransferase subunit 1-like","liver"
"alg5",97.7275559227777,0.0576667345326191,0.113723365434161,0.507575129058072,0.611751336212101,0.828900509140573,"ALG5 dolichyl-phosphate beta-glucosyltransferase, transcript variant X1","liver"
"LOC115132516",80.0278811179255,0.0575274950680062,0.123808894847021,0.464840615403314,0.642045599740415,0.844861624160791,"glucose-6-phosphate 1-dehydrogenase-like, transcript variant X3","liver"
"LOC115108213",224.331631207422,0.0572812872678181,0.121865587274435,0.470126486034588,0.638264652221734,0.843720700940341,"cystathionine gamma-lyase-like, transcript variant X2","liver"
"eif3j",230.979275343914,0.0572535392133798,0.108057664127585,0.529903169904114,0.596179068249774,0.815687484991624,"eukaryotic translation initiation factor 3 subunit J","liver"
"LOC115136619",395.764065655411,0.0570569287977921,0.0896856156503458,0.636232216844206,0.524625077574523,0.768645512650523,"26S proteasome non-ATPase regulatory subunit 2","liver"
"LOC115118465",91.4691819732718,0.0568962078233587,0.0903343667742377,0.629791936205047,0.528830722209979,0.769709401192759,"clathrin light chain A-like","liver"
"optn",196.592929191684,0.056739844685223,0.0969788537216873,0.585190857721035,0.558419391450611,0.784868082604375,"optineurin, transcript variant X3","liver"
"LOC115105383",83.5135807108644,0.056555839520162,0.118887089159837,0.475223047306521,0.634628001446968,0.84167206276547,"proline-rich nuclear receptor coactivator 2","liver"
"LOC115138460",227.449482279646,0.0564907285608554,0.117649039471121,0.480003480859922,0.631224917916654,0.83995494027948,"dnaJ homolog subfamily C member 17-like, transcript variant X2","liver"
"LOC115141646",86.5149476838533,0.0564678102757218,0.117305246444045,0.481599845863124,0.630090235709987,0.839845585596438,"histone H3.3, transcript variant X1","liver"
"LOC115118137",60.7027353820465,0.0564566099118652,0.123925771744116,0.454866972743295,0.649204944784275,0.849294294651073,"dual specificity protein phosphatase 7-like","liver"
"LOC115109689",91.3322507768616,0.0564388581459101,0.0898237147400697,0.628085758061773,0.529947762291416,0.769709401192759,"YY1-associated factor 2","liver"
"sall1",287.258326332593,0.0564071154302568,0.114119819140494,0.494426579925605,0.621004946199066,0.834839606155395,"spalt like transcription factor 1","liver"
"LOC115141787",317.700159168363,0.056124302319616,0.0906146674606695,0.619395932039172,0.535655560364444,0.773111844948287,"coiled-coil-helix-coiled-coil-helix domain-containing protein 2-like","liver"
"LOC115103844",165.241021723358,0.0559485087271229,0.101583107378356,0.550730634657561,0.58181834096561,0.804440826925314,"T-complex protein 1 subunit delta-like","liver"
"LOC115104267",77.9887538692043,0.0559106003271958,0.119495068529928,0.467609451386117,0.64006390478711,0.843720700940341,"hsc70-interacting protein-like, transcript variant X2","liver"
"LOC115127301",513.319619103888,0.0558678174205462,0.118930322324982,0.469756295342372,0.638529142486596,0.843720700940341,"coagulation factor VII-like","liver"
"LOC115106750",158.23595681188,0.0555908231058496,0.0993112685365176,0.559689158420667,0.575691478572343,0.800604125296935,"eukaryotic translation initiation factor 3 subunit L-like","liver"
"LOC115112871",61.6122563782116,0.0555419240509125,0.112282279058833,0.494554451550491,0.620914660864273,0.834839606155395,"cytochrome b-c1 complex subunit 2, mitochondrial-like","liver"
"LOC115102102",158.619738639316,0.055485758176783,0.102279720660133,0.542315601009729,0.58760111003167,0.808596260799826,"5-aminolevulinate synthase, nonspecific, mitochondrial-like, transcript variant X1","liver"
"tm4sf5",367.480710570144,0.0553958207144119,0.114605472433418,0.48339304958037,0.628816682318196,0.838696595919165,"transmembrane 4 L six family member 5","liver"
"qars",89.1769483562199,0.0552052806160035,0.120957391083775,0.456775223827283,0.647832615847941,0.848510842608036,"glutaminyl-tRNA synthetase","liver"
"LOC115108070",596.799532145561,0.0551675259695172,0.107315813246925,0.513995894058909,0.607254861340301,0.825425316763068,"receptor-type tyrosine-protein phosphatase S-like","liver"
"tmem248",78.8783219514997,0.055152222074191,0.0751429058816688,0.733968262225904,0.462968081456439,0.720526116844767,"transmembrane protein 248, transcript variant X3","liver"
"LOC115141186",229.157278946106,0.0551486814118641,0.0956448601228083,0.576468632245852,0.564298466064581,0.790019412923563,"electron transfer flavoprotein subunit beta-like, transcript variant X1","liver"
"LOC115130666",65.4613553484535,0.0551373058009451,0.103257666599115,0.53376078281622,0.593507049820671,0.813701559054508,"ubiquitin-like protein 3","liver"
"LOC115139612",93.7681877096368,0.0549645775926106,0.123334348035884,0.446182113925507,0.655465701782863,0.853670707268556,"pepsin A-like","liver"
"LOC115132414",309.749483557094,0.0548334197234785,0.112926941136213,0.485648088997439,0.627216694770002,0.838001930804863,"tyrosine-protein kinase STYK1-like, transcript variant X1","liver"
"LOC115134191",410.976022975315,0.0548206853857582,0.0844475506954427,0.652011383946123,0.514393828593116,0.761263014833398,"zona pellucida sperm-binding protein 4-like","liver"
"LOC115102443",88.6349817781925,0.0547478516132507,0.0971123418423996,0.563501867100931,0.57309318905924,0.79867092571223,"heme transporter hrg1-B","liver"
"LOC115133180",104.33894068863,0.0547227505997508,0.122518225979663,0.446477324136914,0.655252488878174,0.853670707268556,"cyclin-dependent kinase inhibitor 1B-like","liver"
"LOC115144155",355.33947093047,0.0547124371463833,0.124093146678213,0.440862452062447,0.659312577951532,0.854596863619836,"sulfotransferase family cytosolic 2B member 1-like","liver"
"LOC115114114",875.859831708309,0.0547022947520973,0.0992157456437986,0.551360808469586,0.581386361257296,0.804116324562179,"angiopoietin-related protein 3-like","liver"
"rpl22l1",351.022457565225,0.0546292024432066,0.120138593803078,0.454784565773532,0.649264235066914,0.849294294651073,"ribosomal protein L22 like 1","liver"
"LOC115134617",131.90151474744,0.0545160986456649,0.0929673571285765,0.586220966411391,0.557727033902038,0.784560432675476,"catalase-like, transcript variant X1","liver"
"LOC115125824",158.234371453339,0.0544776713992089,0.120569467972176,0.451973671296062,0.651287949852591,0.851122053093671,"heparanase-like, transcript variant X1","liver"
"LOC115102123",76.9513278535293,0.05444511346508,0.123403292221557,0.441257887363325,0.659026309849586,0.854596863619836,"annexin A7-like","liver"
"LOC115134338",883.053516007347,0.0544432740979808,0.124224176442283,0.43829065436067,0.661175599766571,0.854759755834176,"carboxylesterase 5A-like, transcript variant X1","liver"
"LOC115136413",899.632643051624,0.0544055806120917,0.0891811263563415,0.610039485412471,0.54183565158449,0.774575981749119,"hepatocyte growth factor-like protein","liver"
"LOC115145846",13407.5044006513,0.0543457341331151,0.101486270817411,0.535501738326516,0.592302955875824,0.812590224908425,"plasma protease C1 inhibitor-like","liver"
"evi5",159.928191162594,0.0542631963617415,0.0814025562979269,0.666395113742798,0.505158584876783,0.757363748897249,"ecotropic viral integration site 5, transcript variant X3","liver"
"LOC115110162",149.785154948955,0.054251600174321,0.123253633734902,0.440375761677019,0.659664977003118,0.854670834794885,"proline-rich protein 15-like protein A","liver"
"ddx5",74.9649828825674,0.0542247083095363,0.12218325563011,0.444328112469321,0.656805379033457,0.853715571026587,"DEAD-box helicase 5, transcript variant X1","liver"
"LOC115103060",427.550694447776,0.0541423251279274,0.116755764869489,0.463766484580695,0.642815058065054,0.844861624160791,"protein canopy-1-like, transcript variant X2","liver"
"LOC115127517",4510.89335182522,0.0540001501891134,0.10370336103776,0.520714749327146,0.602565498124105,0.822713003714233,"complement C3-like","liver"
"LOC115133377",74.0847082363487,0.0540000919632692,0.123155276332432,0.438254854604293,0.661201548121972,0.854759755834176,"calpain-1 catalytic subunit-like, transcript variant X4","liver"
"LOC115131677",194.06585603851,0.0539810269298842,0.0900165794192485,0.599503505090574,0.548837173414864,0.779584923708898,"splicing factor, proline- and glutamine-rich-like, transcript variant X1","liver"
"LOC115136081",76.08274847344,0.0539329139390154,0.122697099772316,0.439272456230514,0.660464129580011,0.854759755834176,"ubiquitin carboxyl-terminal hydrolase 2-like","liver"
"LOC115102380",339.795906785081,0.053877131238727,0.0856509163532682,0.629043280800204,0.529320721613753,0.769709401192759,"peptidyl-prolyl cis-trans isomerase FKBP1A-like","liver"
"LOC115101140",107.033381221101,0.0538580137122295,0.114604352425833,0.469881727370574,0.63843951987058,0.843720700940341,"AN1-type zinc finger protein 5-like, transcript variant X1","liver"
"LOC115110643",231.987235795805,0.053781951514422,0.105029695740047,0.512077800386481,0.60859656064041,0.826604325614899,"probable ATP-dependent RNA helicase DDX5, transcript variant X2","liver"
"LOC115104219",104.94187657336,0.0536713321796569,0.117043543813305,0.458845277434509,0.64634527791837,0.847664930006617,"hemoglobin subunit alpha-like","liver"
"pebp1",194.874592424235,0.0534716135965944,0.11574885645365,0.461991710695992,0.644087264878171,0.845234929698462,"phosphatidylethanolamine binding protein 1","liver"
"LOC115137896",152.973462406252,0.0533504966511605,0.0804032995867846,0.663490380561248,0.50701653827953,0.757363748897249,"AP-1 complex subunit sigma-1A-like, transcript variant X2","liver"
"csnk1a1",361.856987048423,0.0533357603500999,0.067751267175967,0.787172607171561,0.431180830396043,0.698526655283892,"casein kinase 1 alpha 1, transcript variant X7","liver"
"LOC115139981",195.765694222067,0.053262899079065,0.0861223692305396,0.618471405835661,0.53626464094551,0.773111844948287,"multivesicular body subunit 12B-like","liver"
"LOC115110339",62.7372107965994,0.053174187520204,0.0907629941113661,0.585802830836739,0.558008021179148,0.784560432675476,"SUMO-conjugating enzyme UBC9-B, transcript variant X3","liver"
"LOC115113484",1464.2766305702,0.0530157117421848,0.111882964084048,0.473873056069727,0.635590434051059,0.84167206276547,"insulin-like growth factor-binding protein 2-B","liver"
"LOC115111853",445.499490339707,0.0529850982689261,0.115551845784435,0.45849323320972,0.646598122932008,0.847664930006617,"60S ribosomal protein L37","liver"
"LOC115129448",205.870535421621,0.0529214829061144,0.123300589053555,0.42955834882814,0.667516940764159,0.859180422952549,"malate synthase-like, transcript variant X2","liver"
"LOC115134122",88.3591088023657,0.0528932166185214,0.124271777359185,0.425861838405794,0.670208523681362,0.860671059396734,"fatty acyl-CoA hydrolase precursor, medium chain-like, transcript variant X1","liver"
"LOC115108281",392.810383087651,0.0528526172069056,0.111434433290278,0.4744034057381,0.635212264876243,0.84167206276547,"cold-inducible RNA-binding protein B-like, transcript variant X2","liver"
"LOC115106768",419.326021222815,0.0527077986881987,0.0951718172523656,0.553763804729449,0.57974050243371,0.803475786439919,"coagulation factor IX-like","liver"
"LOC115111850",577.773319473679,0.05255680075161,0.0960457993771107,0.547186447550987,0.584250645968047,0.806436042318239,"ATP synthase subunit alpha, mitochondrial-like","liver"
"LOC115102974",142.905789594502,0.0525104785658457,0.114477880191046,0.458586469664263,0.646531154721433,0.847664930006617,"serine/arginine-rich splicing factor 11-like, transcript variant X1","liver"
"LOC115107839",166.752172881231,0.0523537457831794,0.0830314061078492,0.63061315907074,0.528293492625967,0.769709401192759,"WD repeat-containing protein 26, transcript variant X2","liver"
"LOC115138265",102.77996335826,0.0523125622805099,0.123954467409794,0.422112927103025,0.672942592734677,0.861687651672654,"bifunctional glutamate/proline--tRNA ligase-like","liver"
"LOC115120982",544.264880626261,0.052182206790454,0.121382223523445,0.429888990048791,0.667276394776155,0.859180422952549,"protein FAM3C-like, transcript variant X1","liver"
"LOC115140278",327.956199816535,0.0521623647587072,0.108967408568958,0.478681578505709,0.632165172917912,0.840182548499679,"testosterone 17-beta-dehydrogenase 3-like, transcript variant X3","liver"
"LOC115116931",68.7641465876984,0.0520130054945792,0.112494049494351,0.462400185534944,0.643794366295957,0.845234929698462,"serine/threonine-protein kinase 19-like","liver"
"LOC115125748",11498.4420885734,0.0519212503924219,0.116328281021363,0.446336411304736,0.655354258392063,0.853670707268556,"apolipoprotein C-II-like, transcript variant X2","liver"
"gstz1",487.531872625576,0.0518068047966237,0.117926898771632,0.439269943729384,0.660465949891759,0.854759755834176,"glutathione S-transferase zeta 1, transcript variant X1","liver"
"rnf212b",69.2547214882477,0.0515634548729584,0.120395847079627,0.428364314188733,0.668385901543956,0.859180422952549,"ring finger protein 212B, transcript variant X2","liver"
"LOC115106911",1693.94527394678,0.0515069104015081,0.12359195737069,0.416792057694682,0.676830512271742,0.86413714634781,"peroxisomal succinyl-coenzyme A thioesterase-like, transcript variant X1","liver"
"LOC115139406",143.880349814225,0.0514773946633804,0.09887170516032,0.520516137193076,0.602703883486432,0.822713003714233,"costars family protein ABRACL, transcript variant X2","liver"
"LOC115118597",218.501203945953,0.0514478126832918,0.0792265053833986,0.649402970308619,0.516077944604036,0.762093304551333,"nascent polypeptide-associated complex subunit alpha-like, transcript variant X1","liver"
"LOC115120147",57.6961301231436,0.0514447050150049,0.102132688954324,0.503686133054524,0.614481954433547,0.830722536076662,"serine/threonine-protein phosphatase 4 regulatory subunit 1-like, transcript variant X7","liver"
"LOC115105408",63.5917336320383,0.0514026968377709,0.0804707007577882,0.638943425363481,0.52285973664253,0.767162090192568,"ankyrin repeat and KH domain-containing protein 1-like, transcript variant X7","liver"
"LOC115131922",398.641916934804,0.0513917380397228,0.119112649629723,0.431473621770565,0.666124028572768,0.858682622301968,"glucose-6-phosphate 1-dehydrogenase, transcript variant X4","liver"
"LOC115132494",746.38589471331,0.0513263845747787,0.106700309575478,0.481025045974028,0.63049869806781,0.83995494027948,"40S ribosomal protein S26","liver"
"cmc2",64.3986618976624,0.0512955542075446,0.0893250441855596,0.574267092435243,0.565787074061752,0.791402921714379,"C-X9-C motif containing 2, transcript variant X7","liver"
"LOC115137347",160.306458609754,0.0512935585736616,0.103308771318074,0.496395150919417,0.619615645594396,0.83406650311848,"large neutral amino acids transporter small subunit 3-like","liver"
"LOC115111366",13589.4154861919,0.0511189364119434,0.124165259226208,0.411729243311984,0.680537888276911,0.866564333838391,"alpha-1-antitrypsin-like protein CM55-ST","liver"
"LOC115107524",452.756444972008,0.050967646929679,0.122602146757779,0.415694569076235,0.677633515819731,0.864757110357302,"cholesterol 24-hydroxylase-like, transcript variant X1","liver"
"LOC115102925",297.8621558074,0.0508754948448942,0.123913512777383,0.410480689816005,0.681453365883598,0.867459062879933,"alanine aminotransferase 2-like, transcript variant X2","liver"
"LOC115128665",140.864857520296,0.0506729009093009,0.0849420887116147,0.596510438291141,0.550834282716099,0.780469839198218,"transformer-2 protein homolog alpha-like","liver"
"LOC115109544",171.735241965025,0.0505077145655017,0.0973469956336027,0.518850158541119,0.6038652368358,0.823579412299677,"GTPase KRas, transcript variant X1","liver"
"LOC115139580",77.3020907773343,0.0504675458446617,0.103150644751847,0.488885884224131,0.624922489791915,0.83632234990038,"activator of 90 kDa heat shock protein ATPase homolog 1-like, transcript variant X1","liver"
"LOC115135549",117.176241974024,0.0503900905557111,0.097873789780658,0.514614677800434,0.606822306327198,0.825425316763068,"peroxiredoxin-4-like, transcript variant X2","liver"
"LOC115134982",86.0361440168711,0.0499365440852775,0.101325896763917,0.492880140404903,0.622097280489407,0.834934682276343,"GTP-binding protein SAR1b-like, transcript variant X1","liver"
"LOC115109233",96.4392491764075,0.0499209311595279,0.0993997962667007,0.502014644387043,0.615657219782111,0.831484038380346,"heterogeneous nuclear ribonucleoprotein M-like, transcript variant X2","liver"
"clta",79.3377846353137,0.0499074144265742,0.0961640681590166,0.518736126494895,0.603944765300229,0.823579412299677,"clathrin light chain A, transcript variant X1","liver"
"LOC115116152",77.9586559313716,0.0497742768793951,0.0963978294275197,0.51623844184631,0.605687884365188,0.82490229486555,"cyclin-T2-like","liver"
"LOC115146058",161.827072385596,0.0497246572567881,0.100704958682699,0.493583512591711,0.621600347099588,0.834934682276343,"calmodulin","liver"
"LOC115114676",264.534565516682,0.0496203067167989,0.122571793932216,0.404828072731947,0.685603892113582,0.869229610243837,"putative leucine-rich repeat-containing protein DDB_G0290503","liver"
"LOC115112782",70.6024342845229,0.0495824009083307,0.100640583025709,0.492551324094921,0.622329648766435,0.834934682276343,"COP1-interactive protein 1-like","liver"
"LOC115102834",60.9818211070143,0.0495620262224644,0.124212850052596,0.399363196169656,0.689625608160844,0.871170938403415,"eukaryotic translation initiation factor 3 subunit F-like, transcript variant X1","liver"
"LOC115111476",222.903163613712,0.0494840362686052,0.122378616036975,0.404184657772874,0.686076934879087,0.869229610243837,"glutathione S-transferase theta-1-like","liver"
"LOC115110035",9246.44828049155,0.049438808109819,0.12174928805884,0.406076141406658,0.684686655505746,0.869229610243837,"nuclear protein 1-like, transcript variant X2","liver"
"LOC115107556",3169.37341627655,0.0493467361494319,0.0926597881085405,0.532558879386883,0.5943389734723,0.814568142526259,"apolipoprotein B-100-like","liver"
"LOC115110279",112.800511992851,0.0493048754278836,0.084833086650689,0.581461956772493,0.560929151008306,0.787367733880117,"ras-related protein Rab-5C","liver"
"LOC115111740",158.559445844915,0.0492055929721325,0.116255881166548,0.423202809930146,0.672147296839034,0.861687651672654,"fumarylacetoacetate hydrolase domain-containing protein 2-like, transcript variant X2","liver"
"LOC115128522",295.995048631517,0.0490241515470206,0.118028047074932,0.415283338813251,0.677934496601355,0.864870425085172,"KH domain-containing, RNA-binding, signal transduction-associated protein 3-like, transcript variant X1","liver"
"LOC115126333",132.35692639205,0.0489875729039811,0.105343364356875,0.465132196012714,0.64183679094756,0.844861624160791,"transmembrane emp24 domain-containing protein 2, transcript variant X1","liver"
"LOC115146252",514.098754509608,0.0489361905232497,0.11292811376026,0.433317026895182,0.664784469986395,0.857778397295667,"fibrinogen-like protein 1-like protein","liver"
"LOC115131557",94.4701695889958,0.048931166546606,0.122408001552757,0.399641215770872,0.689420794773783,0.871170938403415,"acidic leucine-rich nuclear phosphoprotein 32 family member E-like","liver"
"LOC115122139",195.008245645031,0.048879492510812,0.115683397266685,0.422647924608218,0.672552155155058,0.861687651672654,"arginase-2, mitochondrial-like","liver"
"parp4",59.610847961709,0.0484886300084012,0.0953794823836781,0.508502058768093,0.611101295658036,0.828350143366197,"poly(ADP-ribose) polymerase family member 4, transcript variant X1","liver"
"LOC115131531",266.836814243336,0.048333158012408,0.108532170793869,0.445206755881937,0.656170344914717,0.853670707268556,"myocyte-specific enhancer factor 2D homolog, transcript variant X2","liver"
"LOC115143523",100.223848660521,0.0483114039622946,0.123327078062509,0.391595135042625,0.695357383076376,0.875858063479391,"PRELI domain containing protein 3B-like","liver"
"LOC115135157",68.4881244871845,0.0482205872413756,0.0952219906816965,0.506520849638862,0.612491056835363,0.829131035423759,"ubiquinol-cytochrome-c reductase complex assembly factor 1","liver"
"LOC115105452",100.739641646597,0.0481504517661639,0.1124669221407,0.428323807821833,0.668415387925057,0.859180422952549,"transducin beta-like protein 2","liver"
"LOC115118871",416.104300784622,0.0480856093360504,0.108857204470871,0.441737638874993,0.658679069639671,0.854596863619836,"elongation factor 1-gamma-like, transcript variant X2","liver"
"LOC115107521",66.261211447692,0.0479216256097681,0.0997605149172486,0.480414571702144,0.630932634918451,0.83995494027948,"cyclin-K-like, transcript variant X3","liver"
"LOC115113395",75.1331483962413,0.0478673430105154,0.090743726304984,0.527545136950316,0.597815080363396,0.817134227887727,"nucleolysin TIAR-like, transcript variant X7","liver"
"LOC115131383",155.767019911129,0.0475482065123801,0.122489919079912,0.388070905570993,0.697963562012281,0.878055394679647,"zinc finger protein 40-like, transcript variant X1","liver"
"LOC115114709",197.87106778307,0.0474520337742813,0.122886654186547,0.386124706110533,0.699404313197131,0.878359688644006,"phospholipid hydroperoxide glutathione peroxidase-like, transcript variant X1","liver"
"LOC115113497",62.5459106528299,0.0473499106877689,0.0943928757828204,0.501724081555394,0.615861622479903,0.831484588681048,"autophagy-related protein 13-like, transcript variant X2","liver"
"LOC115132348",760.050982527514,0.0472177005111018,0.076931470393393,0.613774975503281,0.539364035850689,0.773215962598105,"peptidyl-prolyl cis-trans isomerase FKBP1A-like","liver"
"LOC115145227",138.074191129763,0.0472169305904582,0.091471846580939,0.516186183879061,0.605724378933413,0.82490229486555,"AP-2 complex subunit alpha-2-like, transcript variant X1","liver"
"LOC115106603",262.823546443931,0.0471809341528412,0.122329202201766,0.385735509853264,0.699692561234877,0.878359688644006,"heparan sulfate glucosamine 3-O-sulfotransferase 2-like, transcript variant X3","liver"
"LOC115128084",354.94797205261,0.0470917081527667,0.101377568383215,0.464489233066184,0.642297271779476,0.844861624160791,"eukaryotic translation initiation factor 3 subunit M-like","liver"
"LOC115143574",157.241181965858,0.0470235962384451,0.0860940217771237,0.546318915271132,0.584846736228548,0.80671245240865,"eukaryotic translation initiation factor 4B-like, transcript variant X1","liver"
"LOC115106772",666.382924986327,0.0469281130312013,0.097813458408601,0.479745010007259,0.631408718600669,0.83995494027948,"claudin-10-like, transcript variant X2","liver"
"LOC115139145",128.559713618106,0.0467626230857073,0.0791606045818472,0.590932873659789,0.554565398552627,0.782250760109554,"ER membrane protein complex subunit 7-like","liver"
"LOC115141705",74.8869700051592,0.0465120408593161,0.104813617113747,0.443678619835499,0.657274955255812,0.854017442659449,"glucuronokinase 1-like, transcript variant X1","liver"
"LOC115146122",119.491784457118,0.0464251802052866,0.0854297970287776,0.543575090136015,0.586733905168124,0.80818582640165,"eukaryotic translation initiation factor 4E-like","liver"
"LOC115131604",634.548851434823,0.046412627791279,0.118286660873843,0.39237816030779,0.694778820435478,0.875647114407225,"class I histocompatibility antigen, F10 alpha chain-like, transcript variant X1","liver"
"LOC115109332",57.4832711921175,0.0462543492722825,0.119517901972083,0.387272574734666,0.698554426695704,0.878359688644006,"coactosin-like protein","liver"
"LOC115134468",136.980240282291,0.0461892715657277,0.0870081323110299,0.530735909470899,0.595601798207518,0.815202461213514,"amyloid-beta A4 protein-like, transcript variant X3","liver"
"LOC115122043",312.128046578882,0.0460864340977439,0.096597721977817,0.477088275381756,0.633299263252008,0.840906442733589,"26S proteasome non-ATPase regulatory subunit 4-like, transcript variant X1","liver"
"LOC115111243",365.645972574945,0.0460489086577905,0.108502057755561,0.424409077411969,0.671267501770292,0.861216977405008,"LMBR1 domain-containing protein 2-B-like, transcript variant X6","liver"
"LOC115113389",154.416189215096,0.0458531916268423,0.119268219959912,0.384631318941221,0.700510586818707,0.878359688644006,"pterin-4-alpha-carbinolamine dehydratase-like","liver"
"LOC115136422",433.761690375508,0.0457625169565745,0.106782038514785,0.428542545242113,0.668256165333734,0.859180422952549,"protein ABHD14B-like","liver"
"ccni",137.720590255182,0.0456719645420183,0.0961879736819717,0.474821799387732,0.634913993773008,0.84167206276547,"cyclin I, transcript variant X1","liver"
"LOC115110565",127.932638540939,0.0454864558334315,0.112357295321961,0.404753098444357,0.685659007347782,0.869229610243837,"transmembrane protein 205-like","liver"
"LOC115122471",64.2184289552682,0.0453892815754112,0.109738957882126,0.414085802543824,0.678811269992239,0.865342900230454,"DNA damage-inducible transcript 4-like protein","liver"
"LOC115112746",305.565157877167,0.0451874951266164,0.104897037731449,0.430722330313079,0.66667028011228,0.859104667005265,"eukaryotic translation initiation factor 4 gamma 2-like","liver"
"LOC115132097",221.802058351471,0.0450576454272569,0.0901059084062254,0.500061426108455,0.617031826110304,0.832512983523867,"sodium/potassium-transporting ATPase subunit alpha-1","liver"
"LOC115102909",299.002391956272,0.0448694302620921,0.119833387967683,0.374403499533236,0.708104139722616,0.882287726690895,"microsomal glutathione S-transferase 3-like, transcript variant X1","liver"
"LOC115112904",114.614334475079,0.0445925508849864,0.086662786919444,0.51440601656958,0.606968153633797,0.825425316763068,"eukaryotic peptide chain release factor GTP-binding subunit ERF3A-like","liver"
"LOC115138397",441.050549501338,0.044559886834442,0.123882542589304,0.359701140357093,0.719070639163901,0.889788021284765,"glutaminyl-peptide cyclotransferase-like","liver"
"LOC115147095",60.3297964738405,0.0445586190649639,0.11859637095987,0.376398206833967,0.706620878892414,0.88186978027112,"spectrin alpha chain, non-erythrocytic 1-like, transcript variant X5","liver"
"wwp1",62.1267849051547,0.0444905208704315,0.0951213900213857,0.467655804475731,0.640030751016368,0.843720700940341,"WW domain containing E3 ubiquitin protein ligase 1, transcript variant X1","liver"
"LOC115109495",71.046771291105,0.044188164447234,0.0991504005324553,0.445447879907157,0.655996117423867,0.853670707268556,"ubiquitin-conjugating enzyme E2 H-like","liver"
"LOC115118596",93.6616457517898,0.0441280106067045,0.108644882119561,0.406227538614217,0.684575421528637,0.869229610243837,"prostaglandin E synthase 3-like","liver"
"LOC115137315",74.6488627491138,0.0437338598720642,0.123455191395925,0.354354557341717,0.72307318586506,0.89094507424002,"coiled-coil domain-containing protein 86-like","liver"
"LOC115111163",85.0287796124424,0.0436410038099972,0.105371679435784,0.413907630564653,0.67894175538199,0.865342900230454,"basic leucine zipper and W2 domain-containing protein 1-A","liver"
"LOC115143915",89.4237127082387,0.0435003262887266,0.0954219095317571,0.455807660892412,0.64852829470949,0.849149158122674,"inhibitor of nuclear factor kappa-B kinase subunit alpha-like, transcript variant X2","liver"
"LOC115113042",80.6073538804306,0.0434641569835921,0.115010096557793,0.377595422944226,0.705731165366953,0.881223048482612,"leucine-rich repeat-containing protein 1-like","liver"
"LOC115128659",193.691687669147,0.0434119951789561,0.114032966986412,0.380956795135108,0.703235307906717,0.879799605594775,"phospholipase A1 member A-like, transcript variant X1","liver"
"LOC115120803",254.45022155646,0.0433791958923798,0.0988205237022036,0.438873476647827,0.66075321619569,0.854759755834176,"protein tyrosine phosphatase type IVA 2-like, transcript variant X5","liver"
"nhlrc3",68.4602539950188,0.0433442419558747,0.118782194026607,0.364708206553159,0.715329232024992,0.888115123281714,"NHL repeat containing 3","liver"
"LOC115129805",58.2264822206146,0.0431558709702294,0.106197452029257,0.406668431077023,0.684251529681284,0.869229610243837,"guanine nucleotide-binding protein subunit alpha-11-like, transcript variant X3","liver"
"LOC115135830",93.9679442103331,0.0430464225146965,0.0863712189732622,0.498265711389425,0.618296772228732,0.83344654031755,"E3 ubiquitin-protein ligase RNF167-like, transcript variant X1","liver"
"LOC115112837",60.3146073592506,0.0428955695369772,0.105215126175083,0.407486508588232,0.683650701094834,0.869229610243837,"protein phosphatase 1 regulatory subunit 21-like, transcript variant X2","liver"
"LOC115145050",125.565088429405,0.0428436230549157,0.110771647352855,0.386822648976625,0.698887508560597,0.878359688644006,"zinc finger protein 774-like, transcript variant X2","liver"
"LOC115131466",211.440241774664,0.0427351335476187,0.101135752007581,0.422441809247438,0.672702566310329,0.861687651672654,"nuclear migration protein nudC-like","liver"
"LOC115121826",58.3298996655827,0.0427327594914844,0.0886973178610813,0.482025548059053,0.629787797517179,0.839717063356239,"sin3 histone deacetylase corepressor complex component SDS3-like, transcript variant X1","liver"
"LOC115102421",71.0844808247409,0.0427064335122115,0.10133014699689,0.421268431978087,0.673559079017228,0.861687651672654,"phosphatidylinositide phosphatase SAC1-B","liver"
"lmnb2",113.787660789853,0.0427026955443349,0.0831648052438041,0.513411039673107,0.607663824841941,0.825612583351917,"lamin B2","liver"
"LOC115140341",133.222200640112,0.0424247532239422,0.0944109290452777,0.449432579368443,0.653119633666663,0.851877000584101,"protein NipSnap homolog 1-like","liver"
"LOC115101459",58.569656199437,0.0423171099314627,0.08551194284539,0.49495678059578,0.620630628736741,0.834839606155395,"sorting nexin-12-like, transcript variant X2","liver"
"LOC115139496",640.806768120898,0.0418192870698786,0.122068174149754,0.342568334429406,0.731923227574853,0.897947443519878,"monocarboxylate transporter 10-like","liver"
"psmd8",301.988440879439,0.0417818739321914,0.0947900125000154,0.440773685293235,0.659376845879645,0.854596863619836,"proteasome 26S subunit, non-ATPase 8","liver"
"gart",116.144720469353,0.0415316488071912,0.0937780584792745,0.442656686167125,0.658014076293246,0.854366108435857,"phosphoribosylglycinamide formyltransferase, phosphoribosylglycinamide synthetase, phosphoribosylaminoimidazole synthetase, transcript variant X1","liver"
"LOC115130119",74.2750160823025,0.041461160325905,0.124181992867888,0.333786824038332,0.738540426672093,0.900342680539803,"V-type proton ATPase catalytic subunit A-like, transcript variant X3","liver"
"LOC115141510",11812.1714223888,0.0414528017957976,0.122196977487523,0.33923379284945,0.734433613968374,0.898462032230135,"transcobalamin-1-like","liver"
"LOC115140962",2652.63007460565,0.0411086072773037,0.124268946370394,0.330818176225044,0.740781830575918,0.900731349373448,"metalloreductase STEAP4-like, transcript variant X1","liver"
"lars",93.2300179725378,0.04109637728029,0.106242938283296,0.386954644310207,0.698789785867572,0.878359688644006,"leucyl-tRNA synthetase","liver"
"LOC115101994",313.105784951628,0.041070830127494,0.12351514133711,0.332468334745357,0.739535646331516,0.900342680539803,"deoxynucleoside triphosphate triphosphohydrolase SAMHD1-like, transcript variant X1","liver"
"LOC115136892",3890.35440520191,0.0409849655201069,0.0879578755318783,0.465960663705413,0.641243657313027,0.844705667068792,"alpha-2-macroglobulin-like","liver"
"LOC115109414",76.5359241433974,0.0408453306159225,0.102986795588743,0.396744812840918,0.6915556505943,0.872921777341519,"tropomyosin alpha-1 chain-like, transcript variant X8","liver"
"sf3b5",111.221637522794,0.0407579204438286,0.0850212629126586,0.4792994459244,0.631725616278466,0.840102320375539,"splicing factor 3b subunit 5","liver"
"wars",70.0206518195657,0.0405907981997279,0.118817233533595,0.341682845606947,0.732589583195602,0.898055681535421,"tryptophanyl-tRNA synthetase","liver"
"LOC115117536",189.803307176738,0.0398321296206144,0.114289916972621,0.348489319874793,0.727472733263471,0.894203516520479,"AP-1 complex subunit mu-2-like","liver"
"fam114a2",90.9660583170095,0.0398279966230502,0.103588955446477,0.384543184670882,0.700575894941527,0.878359688644006,"family with sequence similarity 114 member A2, transcript variant X1","liver"
"ergic3",684.095108772094,0.0397958984301448,0.106040155321156,0.375304570034079,0.707433967755722,0.882287726690895,"ERGIC and golgi 3","liver"
"LOC115102067",69.4426485981665,0.0397203416351733,0.123681896872976,0.32182562394207,0.747584801083434,0.904230083892442,"cytosolic sulfotransferase 2-like","liver"
"LOC115138696",61.7840175475249,0.0395420029282762,0.0886831511424464,0.445738562956784,0.655786105253726,0.853670707268556,"sorting nexin-6","liver"
"LOC115133619",182.536344482325,0.0395339662536481,0.121020902841019,0.326620799728676,0.743954709736111,0.902888945336447,"zinc finger and BTB domain-containing protein 38-like","liver"
"srsf2",303.218389826007,0.0395002789408322,0.0892690371587078,0.442438223057602,0.658172124751862,0.854366108435857,"serine and arginine rich splicing factor 2, transcript variant X2","liver"
"LOC115131667",59.7630338198256,0.0393353053856251,0.114161750813566,0.344154766674573,0.730729897714201,0.897395318795747,"zinc finger protein 706-like, transcript variant X1","liver"
"adamts1",72.1309071835747,0.0392823588277323,0.0917040269495988,0.4287448029553,0.668108951874313,0.859180422952549,"ADAM metallopeptidase with thrombospondin type 1 motif 1","liver"
"LOC115136894",385.438210032915,0.0391807179069752,0.11645333193535,0.336428901373864,0.736547458190412,0.899776650646046,"alpha-2-macroglobulin-like, transcript variant X2","liver"
"LOC115130874",61.6071033147416,0.039041759052197,0.102389324141224,0.381280102857071,0.702995416205441,0.879799605594775,"mediator of RNA polymerase II transcription subunit 12","liver"
"LOC115128559",808.211051881855,0.0388878145295833,0.108886040175707,0.357159627528426,0.72097230783426,0.890391307088294,"60S ribosomal protein L15","liver"
"LOC115101259",368.277622908147,0.0388730906073229,0.108888973435915,0.356996229757546,0.721094628238091,0.890391307088294,"vitamin K-dependent gamma-carboxylase-like","liver"
"LOC115139788",179.957447218744,0.0388503302801019,0.110408619867606,0.351759282551442,0.725018797145216,0.891724990091702,"riboflavin kinase-like, transcript variant X2","liver"
"LOC115114571",288.439564488435,0.0386981719019516,0.123136776435976,0.314157839458491,0.753401161995933,0.907065404811219,"5-beta-cholestane-3-alpha,7-alpha-diol 12-alpha-hydroxylase-like","liver"
"LOC115125893",256.562717192278,0.0386321525311448,0.088768624212754,0.435107692601456,0.663484259965539,0.856623960601691,"NEDD4 family-interacting protein 1-like","liver"
"LOC115121166",104.782826469566,0.0382027636959354,0.119114874956856,0.320606510042206,0.748508603554808,0.904230083892442,"progranulin-like, transcript variant X3","liver"
"LOC115108369",129.317297555366,0.0379126456403736,0.0985567995528544,0.384754901613322,0.700419014906066,0.878359688644006,"vesicle-trafficking protein SEC22b-B, transcript variant X1","liver"
"LOC115113536",76.4011771416084,0.0376718419565062,0.0846830660800652,0.444852291032744,0.656426502337908,0.853715571026587,"vacuolar protein sorting-associated protein 35, transcript variant X3","liver"
"LOC115106900",174.710509908577,0.0376340828581712,0.0886238765797945,0.424665064301603,0.67108085479245,0.861216977405008,"ADP-ribosylation factor 4","liver"
"LOC115137920",170.058291297502,0.037481688578056,0.0768657573816417,0.487530027141604,0.625882769064979,0.837135049950938,"heterogeneous nuclear ribonucleoprotein C-like, transcript variant X8","liver"
"LOC115133554",129.106143017616,0.0374752567249202,0.106474093778714,0.352056146956534,0.724796155254302,0.89172023206053,"protein transport protein Sec24D-like","liver"
"LOC115137093",106.870818798726,0.037325415081398,0.0929871280779957,0.401435780685545,0.688099310445961,0.870358242046126,"cleft lip and palate transmembrane protein 1 homolog, transcript variant X3","liver"
"smarcd3",301.312446953192,0.0373125069053719,0.101623341770726,0.367174547389824,0.713488823646684,0.886819001174329,"SWI/SNF related, matrix associated, actin dependent regulator of chromatin, subfamily d, member 3, transcript variant X5","liver"
"rnf10",138.650977370282,0.037309020768231,0.0914040375778575,0.408241175381873,0.68309662142228,0.869008061459805,"ring finger protein 10","liver"
"LOC115111622",165.312692797291,0.037308678320077,0.0992880597947887,0.375808827309205,0.707059024826501,0.882146490723238,"26S proteasome non-ATPase regulatory subunit 9-like","liver"
"LOC115117569",89.2585501461724,0.0372289901832702,0.0975890262121007,0.381395869552795,0.702909525446915,0.879799605594775,"retinoic acid receptor RXR-alpha-A-like","liver"
"LOC115123308",110.50806353157,0.0370597834041601,0.123907655705293,0.29916368002713,0.764815160075717,0.914189616559714,"peroxiredoxin-1-like, transcript variant X1","liver"
"LOC115144216",83.7552750942134,0.0367696857684736,0.0816480535707836,0.450280998428367,0.652507838368558,0.851624063141288,"TOM1-like protein 2, transcript variant X2","liver"
"LOC115121129",344.331386943329,0.0366542494048299,0.123962421939817,0.295675581242971,0.767477847156625,0.915725033421885,"L-threonine 3-dehydrogenase, mitochondrial-like, transcript variant X2","liver"
"naa15",97.6524347758555,0.0366355424888822,0.100629882983179,0.36403262791066,0.715833644987274,0.888419544471221,"N(alpha)-acetyltransferase 15, NatA auxiliary subunit","liver"
"LOC115119397",152.075018433297,0.036577876854405,0.116526852861156,0.313922625510392,0.753579805733361,0.907065404811219,"ubiquitin carboxyl-terminal hydrolase CYLD-like","liver"
"LOC115105801",91.4250310965413,0.0363953731625137,0.108189886235467,0.33630289906189,0.736642463985735,0.899776650646046,"triosephosphate isomerase B-like","liver"
"LOC115103117",357.44499901774,0.0363443515578654,0.0738582415923315,0.492015914618146,0.622708093061307,0.834934682276343,"25-hydroxycholesterol 7-alpha-hydroxylase-like, transcript variant X1","liver"
"LOC115144719",79.3792469701598,0.0362308495258655,0.116037159507862,0.312151213366269,0.754925606932762,0.907692263674908,"E3 ubiquitin/ISG15 ligase TRIM25-like, transcript variant X4","liver"
"LOC115108263",129.37228359816,0.036229167018173,0.10174324839253,0.356127969315737,0.721744732057528,0.890643351660368,"tight junction protein ZO-3-like","liver"
"LOC115146138",105.76733780202,0.0361453157248241,0.0810458687017939,0.445955530640603,0.655629368562544,0.853670707268556,"eukaryotic translation initiation factor 5-like, transcript variant X1","liver"
"LOC115135748",70.895644115456,0.0357757630359644,0.117881964419877,0.303400274936338,0.76158483617346,0.912974553329921,"moesin, transcript variant X1","liver"
"LOC115105605",62.2557157954482,0.0356967620324946,0.100354712425869,0.355654941056731,0.722098993226361,0.890643351660368,"arrestin red cell, transcript variant X4","liver"
"LOC115107603",5224.99104130277,0.0356609923279133,0.12160408993171,0.293256004569208,0.769326479274112,0.916357314296108,"heat shock protein HSP 90-beta-like","liver"
"LOC115129443",64.6855428214534,0.035487158259723,0.123412140317388,0.2873262611932,0.773862516491806,0.919152526966405,"forkhead box protein O4-like","liver"
"LOC115104207",91.4514871985682,0.0354668590661351,0.103654195878372,0.342092891556661,0.732280986815524,0.897947443519878,"DNA-directed RNA polymerase III subunit RPC10","liver"
"LOC115122653",195.280846887684,0.0350876317517031,0.107702544647567,0.325653468760057,0.744686553166044,0.903252528855702,"tyrosine-protein kinase ABL1-like, transcript variant X1","liver"
"eef1d",268.372052628883,0.0350221838781153,0.0955648473877605,0.366451935703744,0.714027871658296,0.886819001174329,"eukaryotic translation elongation factor 1 delta, transcript variant X5","liver"
"LOC115117084",3321.01172430274,0.0349052329654662,0.104901444204538,0.332736465338305,0.739333221095123,0.900342680539803,"glycine-rich RNA-binding protein GRP1A-like","liver"
"LOC115118114",86.2450717082728,0.0348544725155861,0.114102203151547,0.305514691679227,0.759974182183354,0.911879530932985,"bromodomain-containing protein 9-like","liver"
"LOC115139150",126.483546828451,0.0346599113052207,0.104165398852869,0.332777032219513,0.739302596693792,0.900342680539803,"26S proteasome regulatory subunit 4-like","liver"
"LOC115141467",64.6791376443717,0.0345383644265013,0.104094599247642,0.331652113112722,0.740151964016645,0.900731349373448,"RNA-binding protein FUS-like, transcript variant X1","liver"
"LOC115114230",74.7647932298001,0.0344565740922546,0.100624706467105,0.342242378747278,0.732168495051652,0.897947443519878,"pyroglutamyl-peptidase 1-like","liver"
"LOC115130738",227.540625645437,0.0344240623972278,0.122722124390073,0.280489200674996,0.779102209693106,0.921915924490754,"RE1-silencing transcription factor B-like","liver"
"allc",185.139542114282,0.0343831993380847,0.10717936204503,0.320715915926613,0.7484256847796,0.904230083892442,"allantoicase","liver"
"LOC115124634",177.267082580002,0.034352070936474,0.124019648873127,0.277091525354302,0.781709828939808,0.922986466899473,"uncharacterized LOC115124634","liver"
"LOC115137062",228.332135364304,0.0343448346905919,0.0986423869450446,0.348084813280103,0.727776489261383,0.89430719633084,"transmembrane protease serine 4-like, transcript variant X3","liver"
"LOC115110288",16968.1254095819,0.0343218519971179,0.124262769373958,0.276210762527425,0.782386191369172,0.923011900440157,"complement C1q-like protein 2","liver"
"ifrd1",1193.18584837606,0.0342903263795374,0.115106810363368,0.297902035543141,0.765777934313894,0.914267973129301,"interferon related developmental regulator 1","liver"
"LOC115107064",57.5091534690622,0.0342264507636379,0.110308093778786,0.310331503566481,0.756308876528091,0.908746723189786,"insulin-like growth factor I, transcript variant X1","liver"
"LOC115141700",1693.07450157308,0.0341608727968599,0.121312330500276,0.281617830349317,0.778236566715592,0.921915924490754,"alpha-2-macroglobulin-like, transcript variant X2","liver"
"LOC115144331",110.882608289425,0.034144820386592,0.103155291254214,0.331143217482007,0.740536308552567,0.900731349373448,"interferon gamma receptor 1-like, transcript variant X1","liver"
"LOC115116084",88.519244385253,0.0340835670577767,0.0827061933889033,0.41202583770263,0.680320485313125,0.866558218167593,"YTH domain-containing family protein 1-like, transcript variant X2","liver"
"LOC115145279",66.7557993477301,0.0340790177420465,0.108564489187172,0.313814860262044,0.753661657270861,0.907065404811219,"zinc finger Ran-binding domain-containing protein 2-like, transcript variant X2","liver"
"LOC115113326",68.7189724628059,0.033984461354901,0.123411584800487,0.275656124615603,0.782812197821547,0.923247256458514,"mRNA decay activator protein ZFP36L2-A-like","liver"
"tmem62",213.140881602223,0.0338845834553724,0.0859947310611806,0.394146433252459,0.69347293115072,0.874565491141811,"transmembrane protein 62, transcript variant X2","liver"
"LOC115141164",177.879970989094,0.0338582339916858,0.105418017507341,0.321215989491391,0.748046715826507,0.904230083892442,"26S proteasome regulatory subunit 6B-like","liver"
"LOC115123005",83.2065956566675,0.0337767180675883,0.120935128626063,0.279246427475045,0.780055716157249,0.921915924490754,"butyrophilin subfamily 1 member A1-like, transcript variant X1","liver"
"LOC115141220",144.743581187829,0.0337045353247028,0.090793192374948,0.371101124654863,0.710562213393946,0.884351628028618,"MAP7 domain-containing protein 1-like, transcript variant X3","liver"
"ebp",317.109767553919,0.0336900432126374,0.122662140699003,0.274790020093512,0.783477565870896,0.923269326737556,"EBP cholestenol delta-isomerase, transcript variant X1","liver"
"LOC115112471",72.5724489884863,0.0336594245858086,0.10706113615292,0.314489494815832,0.753149293953606,0.907065404811219,"la-related protein 6-like","liver"
"LOC115119682",87.8896961547174,0.0336097778545131,0.103697653148914,0.324041605922855,0.745906535210705,0.903511155280486,"protein transport protein Sec16B-like","liver"
"LOC115106505",307.359782572369,0.0335385161409477,0.113674088940667,0.295008545856818,0.767987351440382,0.915784478748102,"transmembrane protein 150A-like, transcript variant X1","liver"
"LOC115106569",2004.84435323422,0.0335204065167513,0.123979017281035,0.270369749028786,0.786875810518083,0.923982559860941,"histone H1.0-B-like","liver"
"LOC115136181",118.509984325852,0.0334732327204756,0.0940340629910205,0.355895491481242,0.721918832319985,0.890643351660368,"ubiquitin-conjugating enzyme E2 B-like","liver"
"LOC115101136",69.1332485155312,0.0332751938549062,0.119121959127509,0.279188584250435,0.780100103917716,0.921915924490754,"intracellular hyaluronan-binding protein 4-like, transcript variant X2","liver"
"rfng",90.377316654815,0.0332432949395724,0.105200298081947,0.315942716261324,0.752045988369341,0.906368849377124,"RFNG O-fucosylpeptide 3-beta-N-acetylglucosaminyltransferase","liver"
"LOC115129302",76.4866369054033,0.0331491030179274,0.120467518824561,0.275085080371731,0.783250873708542,0.923269326737556,"fibroblast growth factor receptor-like 1, transcript variant X1","liver"
"rps20",1183.43526798755,0.0330221600591703,0.11470675500149,0.287877102516691,0.773440814847242,0.919152526966405,"ribosomal protein S20","liver"
"LOC115137001",234.755570339411,0.0328932643870056,0.0777220104791103,0.423141614963606,0.672191941567041,0.861687651672654,"14-3-3 protein epsilon-like, transcript variant X2","liver"
"LOC115140844",75.5300582556477,0.0328106133845389,0.0827529639079075,0.396493161901088,0.691741251426179,0.872921777341519,"zinc finger protein 696-like, transcript variant X2","liver"
"LOC115104069",73.9679217553723,0.0326594640140161,0.124262469702212,0.262573416645522,0.792879391720146,0.926075391590294,"nuclear receptor subfamily 1 group D member 1-like","liver"
"LOC115103222",119.10301329907,0.0326089861645627,0.08711958693954,0.37420134357164,0.708254524468255,0.882287726690895,"thioredoxin reductase-like selenoprotein T1a","liver"
"LOC115145842",77.2322453111395,0.0325650870783501,0.108367231632776,0.300646641741369,0.763683960933802,0.91335623489441,"ribosomal protein S6 kinase beta-2-like, transcript variant X3","liver"
"LOC115122895",267.763108184048,0.0324864118033192,0.122523628324047,0.265169172245872,0.790879142053992,0.925796491387729,"endoplasmic reticulum chaperone BiP-like","liver"
"LOC115107741",196.253631823305,0.0323414906367505,0.0892006654792717,0.362568840900358,0.716926989958669,0.888745258841707,"solute carrier family 22 member 2-like","liver"
"LOC115131842",58.9937061360002,0.0323340172321069,0.0898918828937722,0.359641030864982,0.719115595637576,0.889788021284765,"MAP kinase-activated protein kinase 2-like","liver"
"prelid1",63.8611282296314,0.0322451844958115,0.0940423005110971,0.342841263802532,0.731717881154121,0.897947443519878,"PRELI domain containing 1, transcript variant X1","liver"
"LOC115105947",116.906424686489,0.0321661680871317,0.100552625973265,0.320012919977545,0.748958536441833,0.904252071841502,"fructose-1,6-bisphosphatase 1-like","liver"
"LOC115141125",114.764924474538,0.03216287837386,0.118808619592078,0.270697617779835,0.786623609165831,0.923982559860941,"nuclear receptor subfamily 1 group D member 2-like","liver"
"LOC115110440",121.828256174571,0.032049947854898,0.0740230711651487,0.432834958851707,0.665134674218572,0.857939535479398,"splicing factor 3B subunit 1, transcript variant X7","liver"
"LOC115146226",99.5338240328544,0.0320327954089586,0.117416055216836,0.272923830915948,0.7849117672785,0.923786711498358,"transmembrane emp24 domain-containing protein 10-like","liver"
"LOC115105495",1619.9349198894,0.0319576946800798,0.087978486640998,0.363240404444924,0.716425307488145,0.888419544471221,"membrane-associated progesterone receptor component 1-like","liver"
"LOC115126955",159.063206211773,0.0319223001672398,0.103710839573226,0.307810609345606,0.758226448210884,0.910050354213063,"catenin delta-1-like","liver"
"LOC115105658",72.0717238753185,0.0316789811117323,0.101462657615237,0.312187969627035,0.754897674393459,0.907692263674908,"long-chain-fatty-acid--CoA ligase 4-like, transcript variant X2","liver"
"LOC115104965",123.186899926213,0.0316624212184904,0.100028518103241,0.316459926437809,0.751653437425382,0.906163682622259,"protein Aster-C-like, transcript variant X1","liver"
"LOC115122566",627.724408438715,0.0315466185369362,0.0942938415375702,0.3345517505975,0.73796324683297,0.900310743517266,"elongation factor 1-gamma, transcript variant X2","liver"
"LOC115137105",120.087057841819,0.0315000264155121,0.124115485232419,0.253890723803302,0.799579981372938,0.929850269135189,"inositol-trisphosphate 3-kinase C-like, transcript variant X1","liver"
"LOC115104290",317.826771815123,0.0314717108880847,0.093428785362881,0.336859935872379,0.736222488460891,0.899776650646046,"probable ATP-dependent RNA helicase DDX5, transcript variant X2","liver"
"LOC115137943",87.3125693005691,0.0313514405057309,0.0785409498848117,0.399245100088902,0.689712614874343,0.871170938403415,"splicing factor 3B subunit 2-like, transcript variant X1","liver"
"LOC115107410",60.5616126369038,0.0312878866622345,0.087486266950786,0.357544742023125,0.720684037405334,0.890391307088294,"protein FAM122A-like, transcript variant X2","liver"
"LOC115118343",93.1185161761163,0.0312260346527836,0.106372255102663,0.293594749885091,0.769067588057229,0.916357314296108,"NADH dehydrogenase [ubiquinone] 1 beta subcomplex subunit 2, mitochondrial-like","liver"
"LOC115141591",190.47032354742,0.0311605937655011,0.0857881949486295,0.363212325112601,0.716446281324068,0.888419544471221,"14-3-3 protein epsilon-like, transcript variant X3","liver"
"LOC115101326",89.2041722632278,0.0311228326986112,0.103411876168581,0.300915457287042,0.763478963089123,0.91335623489441,"barrier-to-autointegration factor-like","liver"
"LOC115130406",177.340966225492,0.0311082001755692,0.120394013373405,0.258354096892982,0.796133639625111,0.928215307526302,"insulin-induced gene 1 protein-like","liver"
"LOC115101264",2517.7884628919,0.0308682415440772,0.123366111836294,0.25022146659638,0.802416085233223,0.931012799149051,"S-adenosylmethionine synthase-like","liver"
"sec61b",59.6800266093021,0.030864998740692,0.0877349698430018,0.352258348309413,0.724644521927976,0.89172023206053,"SEC61 translocon beta subunit","liver"
"LOC115121873",64.638982631397,0.0306500830303343,0.121061531733908,0.253280536349276,0.800051435595583,0.929850269135189,"sarcoplasmic/endoplasmic reticulum calcium ATPase 2-like, transcript variant X2","liver"
"aqp9",81.2314262906057,0.030505894384498,0.123982087780814,0.245887786688804,0.80576909844694,0.931458852222038,"aquaporin 9","liver"
"tp53i3",60.7714101371271,0.0303466683021827,0.119050835703266,0.255409918264317,0.798406511105956,0.929791653728395,"tumor protein p53 inducible protein 3, transcript variant X5","liver"
"LOC115111577",148.561841105689,0.0302467638977405,0.109299044668273,0.276710911433643,0.782002092801207,0.922986466899473,"indoleamine 2,3-dioxygenase 2-like","liver"
"LOC115109601",877.724930398768,0.0301378836916992,0.110630352782382,0.272419148118753,0.785299751190362,0.923786711498358,"fibroblast growth factor 23-like","liver"
"LOC115108229",233.534613980618,0.0297052530256914,0.111417545238343,0.266537017355429,0.789825654405766,0.925360553997672,"calreticulin-like","liver"
"LOC115138588",88.9429029461917,0.0295916247604291,0.112941538247279,0.262052443552995,0.79328101036542,0.926075391590294,"eukaryotic translation initiation factor 5-like","liver"
"LOC115131393",93.9587162029102,0.029379567681282,0.118111744772314,0.248605320477406,0.803666092545383,0.931458852222038,"uncharacterized LOC115131393, transcript variant X1","liver"
"LOC115102248",1606.97388582527,0.0291120423470291,0.0992445387925198,0.293328741670433,0.769270886678126,0.916357314296108,"cold shock domain-containing protein E1-like, transcript variant X14","liver"
"LOC115142669",2371.42399772196,0.0289973236726459,0.107239799423511,0.270461398972765,0.78680530981245,0.923982559860941,"uncharacterized LOC115142669","liver"
"LOC115133487",59.7561778986088,0.0289342121941075,0.103085072593567,0.280681577799691,0.778954639757627,0.921915924490754,"small ubiquitin-related modifier 1","liver"
"LOC115126112",83.9754147272381,0.0287644178240321,0.0975831574509269,0.294767461881641,0.768171524249206,0.915784478748102,"GTP-binding protein 1-like, transcript variant X2","liver"
"LOC115132237",94.1144826284153,0.028760406161757,0.101406538942924,0.283432608201989,0.776845235029129,0.921006741704109,"msx2-interacting protein-like, transcript variant X1","liver"
"LOC115115418",4152.13681236309,0.0286719829536729,0.0790332364988871,0.363420099230933,0.716291089670022,0.888419544471221,"heme oxygenase-like","liver"
"LOC115142758",173.910351991396,0.0286342267237796,0.107029952193217,0.267477005294279,0.789101916523845,0.925310532724739,"isocitrate dehydrogenase [NAD] subunit beta, mitochondrial-like, transcript variant X2","liver"
"LOC115145185",527.023805363765,0.0286282875248704,0.107876553390469,0.265382014740819,0.790715189758039,0.925796491387729,"60S ribosomal protein L5","liver"
"LOC115107587",124.138397004646,0.0286081485257827,0.11619956269357,0.246058068129571,0.805637282065062,0.931458852222038,"ezrin-like, transcript variant X1","liver"
"LOC115122582",924.529603679353,0.0285904919939087,0.120707415476364,0.236862259580556,0.812763649380838,0.935033766547078,"mitochondrial uncoupling protein 2-like","liver"
"LOC115127937",132.491871403811,0.0283979997351536,0.0914094190714472,0.310689287592512,0.756036841778288,0.908746723189786,"60S ribosomal protein L30-like","liver"
"LOC115142577",770.176229608178,0.0283912877358971,0.121440934495156,0.233827142408475,0.815119177016186,0.936475416861364,"protein disulfide-isomerase-like","liver"
"LOC115133545",74.8663955943536,0.0282116693491613,0.0981139991800195,0.287443948605178,0.773772414199504,0.919152526966405,"adhesion G protein-coupled receptor L3-like, transcript variant X2","liver"
"LOC115144468",164.151637312391,0.0280177889343926,0.113804993531624,0.246194828019018,0.805531419013882,0.931458852222038,"ribosome-binding protein 1-like, transcript variant X4","liver"
"nudt7",83.8797428095985,0.0279572750886809,0.115661060457202,0.241547758664232,0.809130605960661,0.932625956525825,"nudix hydrolase 7, transcript variant X1","liver"
"LOC115124110",82.31949778083,0.0278725991403939,0.0996710449449643,0.279667403885568,0.77973268869024,0.921915924490754,"T-complex protein 1 subunit theta-like","liver"
"LOC115123030",113.880521044166,0.0276055188352927,0.0809057676830226,0.341178424044054,0.732969265002454,0.898250969377632,"heterogeneous nuclear ribonucleoprotein H-like, transcript variant X2","liver"
"LOC115132962",110.190816998401,0.027437211364648,0.0886326150862705,0.309630648561624,0.756841846732166,0.908746723189786,"ubiquitin-conjugating enzyme E2 N-like","liver"
"LOC115102093",474.593982869999,0.0273258177558721,0.0862465216753663,0.316836000147857,0.75136804623491,0.906087620252513,"cellular nucleic acid-binding protein-like, transcript variant X1","liver"
"LOC115136868",760.270976823689,0.0272197341490394,0.124073091763975,0.219394312499105,0.826342900083415,0.940567903027087,"alpha-2-macroglobulin-like, transcript variant X3","liver"
"LOC115108239",57.7489298280652,0.0271236735402835,0.122419176704745,0.221381653825304,0.824795276182307,0.939616874447622,"lipoprotein lipase-like","liver"
"LOC115133563",102.264935388237,0.0270301951969475,0.0941903528863681,0.286945911976854,0.774153735298251,0.919152526966405,"nuclear factor 1 B-type-like, transcript variant X6","liver"
"LOC115138154",4268.84170731265,0.0270038449605682,0.106950786225655,0.252495376139208,0.800658187662005,0.929850269135189,"sex hormone-binding globulin-like","liver"
"LOC115139674",304.256624517933,0.0269466154100517,0.105613683391146,0.255125400679305,0.798626246247083,0.929791653728395,"ADP-ribosylation factor-like protein 6-interacting protein 4","liver"
"LOC115114687",305.48669038997,0.0267667825014545,0.0937562791292378,0.285492156118585,0.775267112982179,0.919670766156974,"proteasome subunit beta type-5-like","liver"
"LOC115120904",70.5621427130337,0.0267114093745683,0.100111969608704,0.267014148413525,0.789458267606938,0.925360553997672,"endoplasmic reticulum lectin 1-like","liver"
"LOC115108301",574.786677687042,0.0266620056786925,0.123687904839197,0.2155685351931,0.829324084406362,0.941916768058809,"elongation factor 2, transcript variant X1","liver"
"LOC115116373",526.8708151035,0.0266405374517145,0.118707399353507,0.22440686309296,0.822440730887121,0.939436400348969,"glycine-rich RNA-binding protein-like, transcript variant X1","liver"
"LOC115106789",111.776677815656,0.0266048511485775,0.0962086781605368,0.27653368818499,0.782138188584588,0.922986466899473,"AP-2 complex subunit mu, transcript variant X2","liver"
"LOC115110411",142.551131059101,0.026569326100166,0.107474115890292,0.247180061566035,0.804768875191886,0.931458852222038,"hsc70-interacting protein-like, transcript variant X1","liver"
"idi1",241.909025261209,0.0264144103279538,0.105478260505639,0.250588210348435,0.802132497729277,0.930948764448899,"isopentenyl-diphosphate delta isomerase 1, transcript variant X1","liver"
"LOC115141237",76.507570175737,0.0263887622639233,0.124272772874773,0.212218003294747,0.831936962011113,0.942624393217894,"cytochrome P450 4B1-like","liver"
"kdsr",64.615685343599,0.0263591176291133,0.104335333778284,0.252710088086794,0.800492251702704,0.929850269135189,"3-ketodihydrosphingosine reductase, transcript variant X2","liver"
"LOC115140075",69.1902530037292,0.0263493838487142,0.0983152966533174,0.267894679807444,0.788780388971935,0.925310532724739,"arginine/serine-rich coiled-coil protein 2-like","liver"
"LOC115140149",111.854373356689,0.0260669471346204,0.0978089681558382,0.266676724821502,0.789718076020922,0.925360553997672,"transitional endoplasmic reticulum ATPase","liver"
"LOC115135327",83.0633056400851,0.0259343300060284,0.123864705619613,0.20942578022774,0.834115869237199,0.942624393217894,"DNA damage-inducible transcript 3 protein-like","liver"
"LOC115135237",138.849863916484,0.025813152564859,0.0804335541947422,0.320951089409732,0.74824745652734,0.904230083892442,"14-3-3 protein beta/alpha-1","liver"
"spidr",195.095901509071,0.0257021176575928,0.11252425074914,0.228416247847725,0.819322659338056,0.938523137052342,"scaffold protein involved in DNA repair, transcript variant X1","liver"
"LOC115119595",88.4005228770543,0.0254633364078728,0.0905530008268046,0.281098100021583,0.778635158406252,0.921915924490754,"talin-1-like","liver"
"LOC115102799",66.0310977426324,0.0254336957040711,0.103780240128464,0.244991319863153,0.806463152342498,0.931458852222038,"coatomer subunit alpha-like","liver"
"LOC115105016",283.195832853141,0.0253390554151507,0.116237694545607,0.217966295370019,0.827455372441172,0.941045786291913,"organic solute transporter subunit alpha-like","liver"
"LOC115130947",104.23352605412,0.0253218850850081,0.107725284513202,0.235166730863506,0.814079326868789,0.936018994729812,"autophagy-related protein 2 homolog A-like","liver"
"LOC115145256",57.3465979763109,0.0253196767916624,0.113324398712847,0.223361485019374,0.823254177610816,0.939436400348969,"ataxin-2-like protein","liver"
"LOC115103753",61.1763113453732,0.0251674488611732,0.0920201884462356,0.273464254710244,0.784496366087069,0.923773647406006,"WAS/WASL-interacting protein family member 2-like","liver"
"LOC115112872",130.223169448393,0.0251205028937556,0.10764680023739,0.233275684440861,0.815547338800609,0.936475416861364,"NHP2-like protein 1","liver"
"LOC115129308",407.994546069041,0.0251171003713956,0.0682346393240591,0.368082367623309,0.712811817972305,0.886339527167516,"heterogeneous nuclear ribonucleoprotein A0-like","liver"
"LOC115105143",130.733831925478,0.0251141928648386,0.12384826306438,0.202871781569339,0.839235250677309,0.943387446707312,"insulin-induced gene 1 protein-like, transcript variant X1","liver"
"LOC115120053",57.9187836126843,0.0250999306093606,0.0913711557315531,0.274747218192994,0.78351045171374,0.923269326737556,"nudC domain-containing protein 3-like","liver"
"LOC115127115",114.601285521578,0.0250845935519161,0.102048293088641,0.245794989434745,0.805840935952587,0.931458852222038,"cyclin-L1-like, transcript variant X1","liver"
"LOC115102591",86.469770207885,0.0250320449372589,0.0757454721469834,0.330449676130876,0.741060211446169,0.900731349373448,"serine/threonine-protein kinase 38, transcript variant X3","liver"
"LOC115125590",135.820330082666,0.0250278611112394,0.122417028409613,0.204435378628295,0.838013285781676,0.942961127218176,"zinc transporter ZIP9-A-like","liver"
"lgals3bp",261.096150835635,0.0249046163979117,0.123997498795111,0.200834275689525,0.840828160802534,0.943876503285907,"galectin 3 binding protein","liver"
"LOC115140936",123.099442871505,0.0247870675945375,0.113640947150483,0.218252434355741,0.827232432936886,0.941045786291913,"oxidation resistance protein 1-like, transcript variant X4","liver"
"LOC115109604",201.580778417544,0.0247172144311923,0.0859061323846578,0.287780337187336,0.773514889597599,0.919152526966405,"CCR4-NOT transcription complex subunit 1, transcript variant X1","liver"
"LOC115136867",77.5499128689892,0.0246478273572779,0.120800136798703,0.204230700996145,0.838173221002824,0.942961127218176,"dolichyl-diphosphooligosaccharide--protein glycosyltransferase subunit 2-like, transcript variant X1","liver"
"LOC115103675",170.824292401279,0.0246431222901978,0.124268048561263,0.198361185035684,0.842762483853845,0.944668886668767,"WW domain binding protein 1-like, transcript variant X2","liver"
"prrc1",63.6462081331716,0.0244659483694001,0.0995167453639198,0.245843644860023,0.805803269931228,0.931458852222038,"proline rich coiled-coil 1, transcript variant X2","liver"
"LOC115141505",62.1312013316525,0.0244440830387121,0.0934980374388855,0.261373030453877,0.793804852928504,0.92629504166521,"porphobilinogen deaminase-like, transcript variant X2","liver"
"LOC115142010",473.003864413366,0.0243925324767363,0.117958360632556,0.206808311155488,0.836159565107506,0.942624393217894,"glyceraldehyde-3-phosphate dehydrogenase-like","liver"
"LOC115144880",253.542718538988,0.0242973845111119,0.123892992960935,0.196120736067085,0.844515666386298,0.945322995919874,"elongation factor 2-like, transcript variant X1","liver"
"LOC115110691",228.694675936264,0.0240725523423164,0.094486158548556,0.254751799223008,0.798914805775232,0.929850269135189,"serine/arginine-rich splicing factor 2-like, transcript variant X2","liver"
"LOC115145817",580.504947831381,0.0240083870632971,0.0913991559513802,0.262669936302611,0.792804990654679,0.926075391590294,"microsomal triglyceride transfer protein-like","liver"
"LOC115128688",65.2363889611197,0.0237693445953784,0.090725477772779,0.261911831256569,0.793389417917886,0.926075391590294,"vacuolar protein sorting-associated protein 28 homolog","liver"
"ctsa",284.109077398947,0.0236552747749135,0.124196321638821,0.190428122868006,0.84897366199274,0.9475401550609,"cathepsin A","liver"
"LOC115109103",69.2598689442176,0.0236417026784178,0.0979116789315716,0.241331959020734,0.809297843040197,0.932625956525825,"lipoamide acyltransferase component of branched-chain alpha-keto acid dehydrogenase complex, mitochondrial-like","liver"
"ranbp1",89.8462734239104,0.0235242508101661,0.0812027588897634,0.289670771156984,0.77206811928095,0.918281194686067,"RAN binding protein 1","liver"
"LOC115128472",110.176262352515,0.023502960643916,0.0809264373880938,0.290422070779135,0.771493360926632,0.918070421469318,"transmembrane protein 79-like, transcript variant X2","liver"
"LOC115109620",82.9239839604943,0.0234979544342851,0.10390654473467,0.226097777539031,0.821125373106279,0.93908726733479,"liprin-beta-2-like, transcript variant X4","liver"
"LOC115143188",217.47754217729,0.02340389189362,0.106261746240703,0.220313113743734,0.825627307768848,0.940278543298638,"AMP deaminase 2-like, transcript variant X1","liver"
"LOC115125208",1460.45194626379,0.0233241659132231,0.112672829712151,0.207009445639354,0.836002481725169,0.942624393217894,"60S ribosomal protein L7-like","liver"
"LOC115141144",134.894150136168,0.0231023151025275,0.0945298848553495,0.244380244273223,0.806936340797163,0.931458852222038,"probable Bax inhibitor 1, transcript variant X2","liver"
"LOC115141357",22188.3898136526,0.022833960791292,0.121884029513965,0.187342758789161,0.851391899751904,0.948625660083242,"C-type lectin domain family 4 member E-like","liver"
"LOC115144781",87.3016531511605,0.0227589531789012,0.121842518742061,0.186683687024628,0.85190864710939,0.948625660083242,"acyl-coenzyme A thioesterase 1-like","liver"
"LOC115144704",62.3422760136165,0.0227232958899967,0.09293688972341,0.244395180539687,0.806924774005361,0.931458852222038,"apoptosis inhibitor 5-like, transcript variant X1","liver"
"sde2",63.947000255733,0.0226945924610824,0.0974622961582907,0.232914820906703,0.815827549497463,0.936475416861364,"SDE2 telomere maintenance homolog","liver"
"LOC115135087",90.0930006326727,0.0224459567379509,0.0851492949354051,0.263512215921655,0.792155809237585,0.926075391590294,"survival of motor neuron-related-splicing factor 30-like","liver"
"LOC115103130",64.1644258104187,0.022372381988011,0.100857029157804,0.221646238333184,0.824589284635879,0.939616874447622,"nuclear receptor coactivator 2-like, transcript variant X2","liver"
"LOC115141045",209.524622179871,0.0222622687973786,0.121933147682319,0.182643480485541,0.855077765645909,0.949659185542198,"sterol regulatory element-binding protein cleavage-activating protein-like, transcript variant X5","liver"
"LOC115145221",111.486103562792,0.0221694995159606,0.0820386498360627,0.270126843697901,0.787062671206376,0.923982559860941,"jupiter microtubule associated homolog 2-like","liver"
"LOC115143323",423.705531647687,0.0220423275628994,0.0838129662299105,0.26299385203829,0.792555317733025,0.926075391590294,"succinate--CoA ligase [GDP-forming] subunit beta, mitochondrial-like, transcript variant X1","liver"
"LOC115116331",92.7100572592544,0.0220399829137741,0.093479195469337,0.235693983510384,0.813670138851914,0.935812496038487,"chromobox protein homolog 3-like, transcript variant X2","liver"
"LOC115117899",5799.52083288157,0.0219494797843962,0.120363310300495,0.182361502350088,0.855299035850199,0.949659185542198,"complement factor H-like","liver"
"LOC115102273",204.341139588434,0.0219408319866455,0.0938826710484218,0.233729562901608,0.815194935466134,0.936475416861364,"guanine nucleotide-binding protein G(I)/G(S)/G(T) subunit beta-1-like, transcript variant X1","liver"
"LOC115128678",58.7540173072789,0.0218323674011551,0.0897584170576746,0.243198937987322,0.807851289533099,0.931749251878017,"ubiquilin-4-like","liver"
"etnppl",600.328871129737,0.021791721004225,0.101338080242816,0.215007161129277,0.82976173535415,0.941916768058809,"ethanolamine-phosphate phospho-lyase","liver"
"LOC115103368",91.8824888658407,0.021637231022097,0.123619881725943,0.175058059459783,0.861034013014225,0.951562731267769,"dnaJ homolog subfamily C member 1-like, transcript variant X3","liver"
"LOC115102617",115.736739633397,0.0215205235494205,0.115332030476357,0.186608574009756,0.85196754375288,0.948625660083242,"threonine-rich protein-like","liver"
"LOC115124453",6817.65859565108,0.0214207512361837,0.0843056756853141,0.25408400939398,0.799430656737934,0.929850269135189,"trypsin inhibitor ClTI-1-like","liver"
"LOC115132236",67.6292337036541,0.0214189358164615,0.122476017949355,0.175065138915139,0.861028450321226,0.951562731267769,"ATPase family AAA domain-containing protein 3-like","liver"
"LOC115135418",839.137077637126,0.0213730636666416,0.114732380109286,0.186281696964565,0.852223859953349,0.948625660083242,"transmembrane 4 L6 family member 5-like, transcript variant X2","liver"
"LOC115146055",497.548109489599,0.0213622353063185,0.107393349052064,0.198910699576593,0.842332599704592,0.944524807811806,"26S proteasome regulatory subunit 4","liver"
"LOC115137809",195.249732098811,0.0213154116523327,0.101589919384529,0.209724129499135,0.833882991713779,0.942624393217894,"death-inducer obliterator 1-like, transcript variant X2","liver"
"LOC115143301",61.6748241763198,0.0212934311516602,0.117853986211109,0.180716615828452,0.856590015981233,0.950459740511379,"guanine nucleotide-binding protein-like 3","liver"
"LOC115109098",230.018896989795,0.0212558801550239,0.102734628760329,0.20693949322198,0.836057112900184,0.942624393217894,"zinc transporter 7","liver"
"LOC115130267",68.2274268805151,0.0212410200341496,0.0805532104384093,0.263690588132773,0.79201834851295,0.926075391590294,"ATP-dependent zinc metalloprotease YME1L1-like, transcript variant X2","liver"
"LOC115141534",450.246611792652,0.0211428836573322,0.120960058402052,0.174806906103193,0.861231361611253,0.951562731267769,"mRNA decay activator protein ZFP36-like","liver"
"LOC115133584",81.5601773351611,0.0210875347403117,0.124214894940503,0.169767964308815,0.86519262193912,0.952713079197559,"perilipin-2-like, transcript variant X1","liver"
"LOC115142842",84.4507948182442,0.0210789578092092,0.0876172730841059,0.240496116116478,0.809945673816809,0.932845031499665,"replication termination factor 2-like, transcript variant X2","liver"
"LOC115110741",102.429780640815,0.0209158389088242,0.0970839050126503,0.215436227425109,0.82942722765576,0.941916768058809,"nucleobindin-2-like, transcript variant X2","liver"
"LOC115112422",74.4940692127661,0.0209065847792014,0.0970834538328846,0.215293075112661,0.829538828304774,0.941916768058809,"protein lin-7 homolog C","liver"
"LOC115110396",118.378688956524,0.0207470569207185,0.121972358682021,0.170101438773808,0.864930362028538,0.952713079197559,"dnaJ homolog subfamily B member 11-like","liver"
"LOC115104152",150.269237656928,0.0207456889182307,0.0947020940504976,0.219095608635459,0.826575571476372,0.940570080775459,"max-like protein X","liver"
"LOC115136745",61.4525385149642,0.0206261463997715,0.116087797032285,0.177523406401936,0.859097281558314,0.951562731267769,"nucleoredoxin","liver"
"LOC115143955",160.586685105844,0.0203011763365562,0.116883595239346,0.173722529110547,0.862083531072031,0.951562731267769,"helicase with zinc finger domain 2-like","liver"
"LOC115145781",184.549362702228,0.020030148605123,0.0966163770279935,0.207243331934529,0.83581982783456,0.942624393217894,"sarcoplasmic/endoplasmic reticulum calcium ATPase 2-like, transcript variant X1","liver"
"opa1",60.9104487495087,0.01998456089168,0.103536743464236,0.19280390412925,0.847112545806267,0.947128562462964,"OPA1 mitochondrial dynamin like GTPase, transcript variant X1","liver"
"LOC115109369",66.9323581512322,0.0199421886045759,0.108508822021195,0.183807345759497,0.854164593242656,0.949433813745171,"UPF0183 protein C16orf70 homolog, transcript variant X3","liver"
"LOC115142066",5732.21851846356,0.0198384092625607,0.118685933544048,0.167155550872438,0.867247657539364,0.953060515538001,"hepcidin-like","liver"
"LOC115133954",258.319942543559,0.019779514209864,0.0807769978625383,0.244838144547622,0.806581757521327,0.931458852222038,"eukaryotic translation initiation factor 4 gamma 2-like","liver"
"dnajb11",78.5125539367786,0.01974436650907,0.121785749849953,0.162216212957477,0.871135592800187,0.95424581463412,"DnaJ heat shock protein family (Hsp40) member B11","liver"
"LOC115128388",156.597767463953,0.0196497327544379,0.0959363955656536,0.204805380896136,0.837724182781415,0.942961127218176,"bromodomain-containing protein 2-like, transcript variant X1","liver"
"LOC115119998",65.4631390607149,0.0194400694059312,0.0926104377041563,0.209868135117149,0.833770592858758,0.942624393217894,"histone H2A.V, transcript variant X2","liver"
"hyi",115.141905686776,0.0193701468428456,0.118662792805364,0.163276342242077,0.870300860084526,0.954212447407395,"hydroxypyruvate isomerase (putative)","liver"
"LOC115122704",74.4414686270832,0.019173185531454,0.103996758203144,0.184383455682423,0.853712647761063,0.949253705605705,"small nuclear ribonucleoprotein G","liver"
"LOC115142714",11253.869058166,0.0191380350946257,0.102935834923958,0.185921491840896,0.85250632798943,0.948625660083242,"inter-alpha-trypsin inhibitor heavy chain H3-like, transcript variant X1","liver"
"LOC115146699",132.672744288522,0.0190788781265063,0.10833010080342,0.17606873263573,0.860239944893648,0.951562731267769,"uncharacterized protein C1orf115 homolog","liver"
"LOC115145447",69.5661394022669,0.0189722275960872,0.085038825277549,0.223039235313096,0.823504970178329,0.939436400348969,"MICOS complex subunit MIC13-like","liver"
"LOC115137374",1997.86820667009,0.0189430571083577,0.10278013708736,0.184311105124464,0.85376940253938,0.949253705605705,"ATP-binding cassette sub-family A member 1-like, transcript variant X3","liver"
"LOC115133138",63.0740238975476,0.0189040115353231,0.0983189491106826,0.192269006621495,0.847531494576962,0.947227412090951,"ADP-ribosylation factor-like protein 1","liver"
"LOC115139637",89.4828710681428,0.0188667894927745,0.0908830702249901,0.207619533202591,0.835526051406382,0.942624393217894,"galectin-8-like","liver"
"LOC115133056",81.7396655906326,0.01879636219919,0.113754401161395,0.165151580785573,0.868824674775033,0.953508178347612,"transcription factor ETV6-like, transcript variant X1","liver"
"LOC115134631",193.8604587095,0.0184855041579267,0.114364843604142,0.161660027331756,0.871573583972295,0.954469083361385,"carnitine O-palmitoyltransferase 1, liver isoform-like, transcript variant X2","liver"
"LOC115107975",100.057728792209,0.0184079623425321,0.0909249678618671,0.202526754952093,0.839504944334383,0.943430425449943,"ADP-ribosylation factor 6, transcript variant X1","liver"
"LOC115145153",2938.23679173188,0.0183973518221683,0.0748607532763803,0.245752137087194,0.805874109963115,0.931458852222038,"proteoglycan 4-like, transcript variant X1","liver"
"LOC115136355",120.990635011113,0.0183936087949456,0.101874697423146,0.180551535937157,0.856719599273505,0.950459740511379,"TAR DNA-binding protein 43-like, transcript variant X1","liver"
"LOC115142528",86.796442934075,0.018375059377621,0.098614507369497,0.186355133501103,0.85216627432919,0.948625660083242,"puromycin-sensitive aminopeptidase-like, transcript variant X1","liver"
"LOC115109352",118.924267774334,0.0182192242466804,0.113938466089144,0.159912455808344,0.87295003647469,0.955463036700009,"heterogeneous nuclear ribonucleoprotein A3-like","liver"
"LOC115106587",57.7027992706944,0.018019004223547,0.113643276830448,0.158392551008612,0.874147483120915,0.956260102308333,"calpain-15-like, transcript variant X2","liver"
"LOC115113776",119.81395144152,0.017995785769086,0.110301526575392,0.163146845676448,0.870402816354439,0.954212447407395,"dipeptidase 2-like","liver"
"LOC115106890",139.135935486721,0.0178159777719702,0.10207398917379,0.174461845800055,0.861502513531025,0.951562731267769,"regulator of nonsense transcripts 2-like, transcript variant X3","liver"
"LOC115105521",269.467948385166,0.017531801041943,0.113132329642895,0.154960279346051,0.876852631469798,0.957803884236319,"flotillin-2a, transcript variant X2","liver"
"LOC115136804",62.0816099653768,0.0173505460276398,0.0827277392230837,0.209733625479417,0.833875579833713,0.942624393217894,"lissencephaly-1 homolog A-like, transcript variant X1","liver"
"LOC115107894",81.1466362813231,0.0172935843225614,0.102924529469098,0.16804642816157,0.866546754005967,0.95300721538664,"serine palmitoyltransferase 2-like","liver"
"bsg",863.545330804943,0.0172774169561763,0.103190664759272,0.167424964411272,0.86703568364072,0.953060515538001,"basigin (Ok blood group), transcript variant X2","liver"
"LOC115134201",92.1356242564833,0.0172040909596928,0.123848137837275,0.138903788546606,0.889526177165657,0.963515465885521,"peptidyl-prolyl cis-trans isomerase FKBP4-like","liver"
"LOC115111493",110.770714219348,0.0171499220108388,0.0860380446795661,0.199238850540546,0.842075910246893,0.944524807811806,"ras-related protein Rab-35-like, transcript variant X1","liver"
"LOC115117827",151.183460058832,0.0171378817496162,0.115341020884742,0.14855877817223,0.881901802226446,0.959592030399091,"coagulation factor VII-like","liver"
"ficd",81.2416345976141,0.0170216663089043,0.123765029462327,0.137586743669131,0.890567032901111,0.963874462587608,"FIC domain containing","liver"
"LOC115113093",70.0246601038905,0.016887544818736,0.105732364779334,0.159611604893933,0.873187036804229,0.955465868997057,"thioredoxin domain-containing protein 9-like","liver"
"prodh2",1514.61118219144,0.0168049810582931,0.1203568986223,0.139633766854752,0.888949359883187,0.963402709620811,"proline dehydrogenase 2, transcript variant X2","liver"
"LOC115103174",149.720963958934,0.0167911335862131,0.121381301788093,0.138309440099903,0.88999586509504,0.963734911022422,"aspartyl/asparaginyl beta-hydroxylase-like, transcript variant X3","liver"
"LOC115128149",119.967580497854,0.0167665209607124,0.114387403173542,0.146562082740758,0.883477684003885,0.960537487329911,"uncharacterized LOC115128149","liver"
"LOC115105368",153.117485705904,0.0167279498771915,0.110106311230898,0.151967125277438,0.879212864681691,0.958297808089117,"hypoxia up-regulated protein 1-like, transcript variant X2","liver"
"LOC115130799",258.39825891922,0.0165583586733768,0.084629068461843,0.195629943073803,0.844899821917591,0.945322995919874,"alcohol dehydrogenase class-3","liver"
"LOC115134041",113.150448434895,0.0165379370130065,0.0876263961397604,0.188720614731249,0.850311793692721,0.948603966979719,"CCR4-NOT transcription complex subunit 1-like, transcript variant X16","liver"
"LOC115139862",66.4687572676956,0.0165086030741366,0.117421496176038,0.140635366687859,0.888158007316112,0.963029430750541,"endoplasmic reticulum mannosyl-oligosaccharide 1,2-alpha-mannosidase-like, transcript variant X2","liver"
"asmtl",84.2167058708442,0.0162865916388467,0.100361451275031,0.162367906537581,0.871016142324525,0.95424581463412,"acetylserotonin O-methyltransferase like","liver"
"LOC115144610",149.05107531178,0.0162293010305063,0.0956870060657094,0.169637354973341,0.865295343275113,0.952713079197559,"proteasome subunit beta type-1-B","liver"
"LOC115135100",1291.22227122233,0.0161638947646972,0.118805999975047,0.136052295067856,0.891779939782408,0.964278086802558,"bifunctional 3'-phosphoadenosine 5'-phosphosulfate synthase 2-like","liver"
"LOC115101265",153.252437025022,0.0160214836937041,0.118382811248698,0.135313830927949,0.892363750152317,0.964538489955142,"prosaposin-like, transcript variant X1","liver"
"LOC115125215",522.052550454105,0.0159905801661067,0.111096691293102,0.143940116305444,0.885547757288981,0.961505769501835,"60S ribosomal protein L10","liver"
"LOC115115456",69.0649452320023,0.0157860664098884,0.124188595071377,0.127125554722827,0.898841025805399,0.966098205471291,"complement C3-like","liver"
"LOC115111278",63.2963149073754,0.0157731913121529,0.0947617856535566,0.166414081629134,0.867831092930578,0.953444618540441,"ataxin-2-like, transcript variant X1","liver"
"LOC115141860",289.783151200424,0.0157160522499444,0.123168903746801,0.127584524187968,0.898477778941565,0.966098205471291,"heat shock cognate 70 kDa protein-like","liver"
"mesd",178.059247570082,0.0156842435486912,0.103246140017521,0.151901231032329,0.879264837339036,0.958297808089117,"mesoderm development LRP chaperone","liver"
"LOC115113362",76.4694587116682,0.015562271400149,0.0903785653425824,0.172049378178961,0.863398709564032,0.952168057408819,"probable ubiquitin carboxyl-terminal hydrolase FAF-X, transcript variant X1","liver"
"LOC115139642",148.326949904789,0.015472266537985,0.100251472413082,0.154314171909416,0.877362023590761,0.957803884236319,"14-3-3 protein zeta-like","liver"
"LOC115144250",88.4898852351488,0.0154533921310693,0.0903895941344692,0.171090410410397,0.864152676081702,0.952484128639539,"cAMP-dependent protein kinase type I-alpha regulatory subunit-like","liver"
"LOC115132474",133.737529462509,0.0153664637738737,0.108197551806652,0.142012727056392,0.887069952839249,0.962645667671134,"probable Bax inhibitor 1","liver"
"LOC115110233",319.517452318441,0.0153362237092892,0.0912843732284295,0.168020897730069,0.866566838782149,0.95300721538664,"glycylpeptide N-tetradecanoyltransferase 1-like, transcript variant X4","liver"
"LOC115108524",79.6157544420038,0.015319774522341,0.12355223370471,0.123955481036952,0.901350524115698,0.967071528374726,"DCN1-like protein 4, transcript variant X1","liver"
"LOC115105526",540.944326707736,0.015097925862804,0.124251092002598,0.121503973260858,0.903291867815009,0.968153898947676,"polyubiquitin-like","liver"
"dmgdh",78.9635267476338,0.0150338494008672,0.113358400845709,0.132547436148606,0.894551305357707,0.965981710346729,"dimethylglycine dehydrogenase","liver"
"LOC115103807",440.172462185135,0.0149542760438034,0.118451568878654,0.126233048127403,0.899547451975292,0.966098205471291,"peroxisomal acyl-coenzyme A oxidase 1-like, transcript variant X2","liver"
"ranbp9",125.178042217672,0.0148811834435186,0.109535326195409,0.135917807315547,0.8918862579111,0.964278086802558,"RAN binding protein 9","liver"
"LOC115132944",92.9650310629567,0.0148612157715814,0.107592817014379,0.138049048413077,0.890201653581801,0.963734911022422,"protein kinase C and casein kinase substrate in neurons protein 2-like, transcript variant X1","liver"
"LOC115102406",73.37226240657,0.0148247618774676,0.11487773950607,0.128933663838001,0.897410139087703,0.966098205471291,"solute carrier family 52, riboflavin transporter, member 3-A-like","liver"
"LOC115143578",1177.9037102933,0.0147920126933752,0.101425725204739,0.145856634844023,0.884034565773377,0.960630469232814,"dispanin subfamily A member 2b-like","liver"
"LOC115102871",59.209644242385,0.0145392041148919,0.115734757987445,0.125733248200581,0.899943082450538,0.966098205471291,"transcriptional repressor p66 alpha-like, transcript variant X1","liver"
"LOC115124018",85.3189000579373,0.0143794448634334,0.113493134175255,0.126657817092917,0.899211233952529,0.966098205471291,"neural cell adhesion molecule L1.1-like, transcript variant X1","liver"
"LOC115118896",66.594433475779,0.0143637099122698,0.0875028792698714,0.164083951827327,0.869665055168284,0.953916782794921,"Usher syndrome type-1G protein homolog","liver"
"LOC115142989",64.9503502737692,0.0142801324947057,0.0984067550978824,0.145150285706423,0.884592216396565,0.960980243612046,"arginine-glutamic acid dipeptide repeats protein-like, transcript variant X5","liver"
"LOC115102687",178.02176788628,0.0142555236453877,0.080735023048467,0.176577617385555,0.859840176536557,0.951562731267769,"E3 ubiquitin-protein ligase HUWE1-like, transcript variant X1","liver"
"LOC115101171",69.0186045196259,0.0142383832499127,0.0814311403001578,0.174886742460006,0.86116862771316,0.951562731267769,"ras-related protein Rab-14","liver"
"LOC115141274",134.479949432081,0.0140545411703956,0.124157892451208,0.113223115684565,0.909853669837519,0.97018356839159,"inverted formin-2-like","liver"
"LOC115128496",82.3732363455362,0.0139803010317746,0.120607333226478,0.115874590266775,0.907751934047965,0.969355131596105,"SH2 domain-containing protein 2A-like","liver"
"LOC115134373",73.7465865229851,0.0138087397934386,0.106404072715804,0.129731792518762,0.896778628326401,0.966098205471291,"protein CNPPD1-like","liver"
"LOC115133332",540.934746497541,0.0137672259966426,0.102036119321087,0.134935873705717,0.892662575804176,0.96460568901851,"eukaryotic initiation factor 4A-I","liver"
"idh3a",69.2849948411229,0.0134020554662999,0.106750319609586,0.125498699967528,0.900128754178317,0.966098205471291,"isocitrate dehydrogenase (NAD(+)) 3 alpha","liver"
"kdm6a",90.6451385844126,0.0133148077671095,0.0910384772783014,0.146175870166196,0.883782553752545,0.960612717092099,"lysine demethylase 6A, transcript variant X3","liver"
"LOC115128486",248.867545242434,0.0132934798010057,0.120658889916797,0.110191266608245,0.912257688333443,0.971348885600879,"lanosterol 14-alpha demethylase-like","liver"
"LOC115105289",280.803190099511,0.0132154240588054,0.0722022245476727,0.183021107457694,0.854781456986301,0.9496018584563,"GTP-binding protein SAR1b","liver"
"LOC115128332",214.46801113917,0.0129534996400287,0.0723332186952541,0.179056574656888,0.85789327927734,0.950985315837486,"zinc finger protein 706-like","liver"
"calm1",60.9167970497455,0.012840595443421,0.120968536999197,0.106151511469335,0.915462141739128,0.971678380246601,"calmodulin 1","liver"
"LOC115141958",243.008783238122,0.0128165229732925,0.0828920547922974,0.154620379182752,0.877120602949754,0.957803884236319,"26S proteasome non-ATPase regulatory subunit 2-like","liver"
"pelo",110.090434361224,0.0127863700057976,0.0848605912085805,0.150673985225244,0.880232895696668,0.958774159829339,"pelota mRNA surveillance and ribosome rescue factor, transcript variant X1","liver"
"lamtor3",139.055136064484,0.0127268372554343,0.0816669714072288,0.155807808812433,0.876184515260237,0.957717373076087,"late endosomal/lysosomal adaptor, MAPK and MTOR activator 3","liver"
"ttc25",169.181007785189,0.0126245879203875,0.106610644330467,0.118400683885879,0.905750183928704,0.969355131596105,"tetratricopeptide repeat domain 25, transcript variant X2","liver"
"srpra",250.091460962008,0.0124109063570331,0.10171098260445,0.122020215808478,0.90288300800227,0.968153898947676,"SRP receptor subunit alpha","liver"
"LOC115117624",83.438608450637,0.0123331840225496,0.123184747868674,0.100048829449708,0.920305559591696,0.974075684470463,"AT-rich interactive domain-containing protein 1B-like","liver"
"LOC115111808",74.0432499489056,0.0120787623602741,0.0927834815213596,0.130204841587156,0.896404364158915,0.966098205471291,"leukocyte surface antigen CD53-like, transcript variant X2","liver"
"LOC115142531",64.9397223045978,0.0120648549881396,0.0927306069256204,0.130065203721926,0.896514839625997,0.966098205471291,"junction plakoglobin-like","liver"
"dnajc3",214.34435961675,0.0120143084067899,0.123182376144889,0.0975376986922925,0.92229939771296,0.974932011063599,"DnaJ heat shock protein family (Hsp40) member C3, transcript variant X1","liver"
"LOC115102705",202.812347674985,0.0118623149659476,0.113302679013774,0.104696133783385,0.916616929896711,0.971938243043443,"nuclease-sensitive element-binding protein 1-like, transcript variant X4","liver"
"LOC115102284",310.329061674778,0.0118130753704301,0.113289981319852,0.104274841457467,0.916951242664416,0.972039860884307,"protein LYRIC-like, transcript variant X1","liver"
"LOC115108344",111.528015286961,0.011790107360411,0.105270279642573,0.111922514585479,0.910884844704681,0.97018356839159,"AP-3 complex subunit delta-1-like, transcript variant X2","liver"
"LOC115102308",75.2494157841741,0.0117794633634759,0.0783478501411568,0.150361788129361,0.880479187132249,0.958774159829339,"protein ILRUN-like","liver"
"gtpbp4",73.3282741870207,0.0116790713570481,0.113711581052163,0.102725112748072,0.91818114198782,0.972380399547309,"GTP binding protein 4","liver"
"LOC115128400",69.3237915832607,0.0115677138400321,0.0996660357148304,0.116067770231185,0.907598831767009,0.969355131596105,"class I histocompatibility antigen, F10 alpha chain-like","liver"
"sucla2",60.454289071408,0.0115136012036633,0.100179311114354,0.114860102611193,0.908556009237348,0.969865007228822,"succinate-CoA ligase ADP-forming beta subunit","liver"
"LOC115138107",208.073227494322,0.0114899499252436,0.121802373966155,0.0943223525500895,0.924853094302213,0.975724361621045,"nuclear factor 1 B-type-like, transcript variant X3","liver"
"LOC115135362",3227.81774358521,0.0114887238285492,0.111241366864586,0.103277011691539,0.91774312005613,0.972373526734802,"adenosine kinase-like, transcript variant X1","liver"
"LOC115133586",317.303190855112,0.0114367218316186,0.0907936681297456,0.125958281802951,0.899764947786836,0.966098205471291,"integral membrane protein 2B-like","liver"
"LOC115103322",165.131124106567,0.0114179306598465,0.0813476922210677,0.140368733415986,0.888368660358694,0.963029430750541,"profilin-2-like, transcript variant X2","liver"
"LOC115139012",194.944995476871,0.011109710876786,0.0968880606185939,0.114661958931931,0.908713067371656,0.969865007228822,"proteasome subunit alpha type-6-like","liver"
"snx33",70.6144512610027,0.0110287318094774,0.114633559420104,0.0961129432452331,0.92343087167629,0.975668718997416,"sorting nexin 33","liver"
"LOC115118838",542.868091670848,0.0109987920260087,0.117483869640319,0.0936243620627626,0.925407556485882,0.975724361621045,"1-acyl-sn-glycerol-3-phosphate acyltransferase delta-like, transcript variant X2","liver"
"LOC115102316",114.070120636125,0.0109890326517277,0.116093798097337,0.094602617145077,0.924630470980569,0.975724361621045,"cytoplasmic dynein 1 intermediate chain 2-like, transcript variant X1","liver"
"LOC115105280",197.565901776688,0.0109843439914088,0.0646252507921484,0.169986030150998,0.865021123083487,0.952713079197559,"coiled-coil domain-containing protein 8-like, transcript variant X2","liver"
"LOC115125165",463.629921991718,0.010711370909562,0.100788211132763,0.106277803499234,0.91536194207939,0.971678380246601,"mid1-interacting protein 1A-like","liver"
"LOC115136214",117.34343815416,0.0106538223286153,0.100224750874952,0.106312460301886,0.915334445727128,0.971678380246601,"glucocorticoid receptor, transcript variant X3","liver"
"LOC115143164",626.233280799996,0.0104880179327912,0.122400475823495,0.0856926767742612,0.931710723802588,0.978524326261105,"peptidyl-prolyl cis-trans isomerase FKBP11-like","liver"
"gkap1",58.0573465734001,0.0104190751773061,0.101471688498435,0.102667672586372,0.91822673156467,0.972380399547309,"G kinase anchoring protein 1, transcript variant X1","liver"
"LOC115136771",2399.13534702905,0.0103736975169255,0.120622977073963,0.0860008843697185,0.931465714206934,0.978519136883366,"diablo homolog, mitochondrial-like","liver"
"LOC115117982",201.938320317747,0.0101787618764375,0.121570355960394,0.0837193240383873,0.933279592720953,0.978910864624447,"fish-egg lectin-like","liver"
"LOC115129814",360.423718062462,0.0100382561257894,0.0983659084734173,0.102053655317433,0.9187140865753,0.972643796592447,"protein SON-like, transcript variant X1","liver"
"LOC115135422",95.0992249713082,0.00981473884117175,0.09048444870262,0.108495306649667,0.913602803290779,0.971475309666763,"sentrin-specific protease 3-like, transcript variant X1","liver"
"LOC115143369",320.499783370545,0.00978322545554109,0.0923629161401097,0.105906310004168,0.915656687568007,0.971678380246601,"DNA topoisomerase 1-like, transcript variant X2","liver"
"LOC115113449",95.8320163712343,0.00976916950011227,0.110572429280023,0.0883930772288138,0.929564263331246,0.977925869632291,"src substrate cortactin-like, transcript variant X2","liver"
"masp1",121.912681201399,0.0095081414335887,0.124272367068195,0.076481182712415,0.939036284142136,0.980509219639167,"mannan binding lectin serine peptidase 1, transcript variant X2","liver"
"hm13",162.138336794063,0.00946716985669836,0.114783010998773,0.0824831000356633,0.934262556755434,0.979437803841344,"histocompatibility minor 13, transcript variant X1","liver"
"LOC115101102",75.7632047595218,0.00942060628407182,0.117586727057871,0.0802152709938063,0.936066044803283,0.980509219639167,"rho guanine nucleotide exchange factor 28-like","liver"
"LOC115114129",94.8069466534385,0.0094025671867893,0.112066989900519,0.0838682013587164,0.933161222099456,0.978910864624447,"parafibromin-like","liver"
"LOC115145306",93.0721852562101,0.00939896515113978,0.0963471805581533,0.0975236445846406,0.922310558062128,0.974932011063599,"influenza virus NS1A-binding protein homolog A-like, transcript variant X1","liver"
"LOC115130791",91.6635797060699,0.00888992727788688,0.11553126761047,0.0769164145961525,0.938690039272043,0.980509219639167,"alpha-1,3-mannosyl-glycoprotein 4-beta-N-acetylglucosaminyltransferase B","liver"
"LOC115119173",129.34469564265,0.00876817462549263,0.111085977610485,0.0788848410200527,0.937124220777549,0.980509219639167,"spermatogenesis-associated protein 13-like, transcript variant X1","liver"
"LOC115137145",57.9249680623144,0.00876786608824656,0.0986904500392727,0.0887831804610061,0.929254224945498,0.977925869632291,"cullin-3","liver"
"LOC115108793",154.299093052249,0.00874839250063606,0.0812896892351214,0.107587684653717,0.914322766504711,0.971678380246601,"peptidyl-prolyl cis-trans isomerase G-like","liver"
"LOC115102298",89.4834448891408,0.00872767130832978,0.109785049292239,0.0795034647633897,0.936632175855908,0.980509219639167,"complement receptor type 2-like, transcript variant X1","liver"
"LOC115136708",704.126519327954,0.00856917307272487,0.12426618938811,0.0689536269500203,0.945026531925996,0.982485949486985,"heat shock cognate 70 kDa protein-like","liver"
"LOC115107561",448.840754618939,0.00846371514800393,0.0964287589108914,0.0877742298178955,0.930056120319418,0.978046632203805,"lysosomal-associated transmembrane protein 4A-like","liver"
"LOC115107060",122.620546807764,0.0084006214373036,0.0770155567326516,0.109048731463462,0.913163838650473,0.971348885600879,"cholinephosphotransferase 1-like","liver"
"LOC115139579",95.9315770261757,0.0083591277036648,0.0875784838667378,0.0954404613533635,0.92396497922719,0.975668718997416,"protein sel-1 homolog 1-like","liver"
"LOC115104898",165.735668290236,0.00807236272665986,0.0948751266794262,0.085062724328256,0.932211524538406,0.978746080958237,"5'-AMP-activated protein kinase subunit gamma-1-like, transcript variant X7","liver"
"LOC115140123",75.702285458845,0.00802417546807509,0.10576074273737,0.0759605242299402,0.939450504521626,0.980509219639167,"ubiquitin carboxyl-terminal hydrolase 4-like","liver"
"LOC115120942",253.4990175366,0.00792921096461921,0.124269788555094,0.0638159563731251,0.94911677280805,0.983638766333216,"probable N-acetyltransferase camello","liver"
"LOC115141800",292.398599455899,0.00791985355616054,0.109002028540235,0.0726800912407176,0.942060691531261,0.981554033405271,"60S acidic ribosomal protein P0","liver"
"LOC115122621",134.380028784268,0.00787806456850648,0.121882629718153,0.0646011910607866,0.948491536363437,0.983638766333216,"15-hydroxyprostaglandin dehydrogenase [NAD(+)]-like","liver"
"LOC115142675",149.125483473252,0.00782744643578522,0.117552862652242,0.0665897608938584,0.946908297276481,0.983131850842008,"eukaryotic initiation factor 4A-III","liver"
"LOC115108616",3691.79837187203,0.00776978676754828,0.110201746888298,0.0705064798215595,0.943790543235817,0.982427643479289,"insulin-like growth factor-binding protein 1","liver"
"LOC115107528",255.677845177609,0.00773068768043745,0.11481475226856,0.0673229979632994,0.946324568693399,0.982981381751859,"eukaryotic translation initiation factor 5-like, transcript variant X1","liver"
"ftsj3",114.045122356406,0.00772216290735161,0.110074897425025,0.0701281789683298,0.944091638336838,0.982427643479289,"FtsJ RNA 2'-O-methyltransferase 3","liver"
"LOC115132370",62.6214133035298,0.00758360914380314,0.124263209063953,0.0610825115802452,0.951293496878241,0.983966701713714,"tubulin alpha-8 chain-like","liver"
"LOC115111603",125.852431938425,0.00752616671949807,0.0891188624872619,0.0844416733155273,0.932705275067826,0.978812229963043,"DNA-directed RNA polymerase III subunit RPC4-like, transcript variant X1","liver"
"LOC115137037",167.884728100956,0.00750744897774549,0.110707692767805,0.0678154947983013,0.94593250909304,0.982824600322006,"hepatocyte nuclear factor 3-beta-like","liver"
"LOC115129804",134.70829165311,0.00745150015494703,0.0819789100880455,0.0909048612803314,0.927568187445845,0.976719206011326,"amino-terminal enhancer of split-like, transcript variant X1","liver"
"stx18",70.233843170403,0.00692958869639304,0.0916506483134133,0.0755683721357584,0.939762499868889,0.980509219639167,"syntaxin 18, transcript variant X1","liver"
"LOC115102929",308.78212270735,0.00679742441668615,0.10633474384449,0.0639221031357862,0.949032252510744,0.983638766333216,"NPC intracellular cholesterol transporter 1-like","liver"
"LOC115140072",152.060005114958,0.00673737979486009,0.086955135409467,0.0774610437469857,0.938256780709908,0.980509219639167,"inositol hexakisphosphate kinase 2-like","liver"
"LOC115121458",58.1780255599237,0.00668233538512736,0.104626833856543,0.0638001495584472,0.94912935917285,0.983638766333216,"ankyrin repeat domain-containing protein 12-like","liver"
"LOC115129400",83.4809028859529,0.00663120419415786,0.0888245823745978,0.0746184503986763,0.940518293753002,0.980509219639167,"transmembrane 9 superfamily member 2-like, transcript variant X1","liver"
"LOC115104303",97.2924124042694,0.0065717362009942,0.123340200724374,0.0533156297314497,0.957480427188544,0.986275011680693,"matrix-remodeling-associated protein 7-like, transcript variant X1","liver"
"LOC115128416",339.171358650593,0.00651684405049275,0.106855251430255,0.0609825422631267,0.95137311243197,0.983966701713714,"DEP domain-containing mTOR-interacting protein-like, transcript variant X1","liver"
"LOC115103612",380.596307883979,0.00636408540635506,0.118987824188656,0.053494051780467,0.957338269856956,0.986275011680693,"coenzyme Q-binding protein COQ10 homolog, mitochondrial-like","liver"
"LOC115120017",168.337162415314,0.00631082011308996,0.103882534608295,0.0607459259747379,0.951561555551892,0.983966701713714,"acyl-coenzyme A thioesterase 1-like","liver"
"zcchc17",130.389509684573,0.00628612319320157,0.0926241198785087,0.067877643256764,0.945883035795376,0.982824600322006,"zinc finger CCHC-type containing 17, transcript variant X2","liver"
"LOC115110197",77.5266102626154,0.00615632733924578,0.101889421590878,0.060373904927635,0.951857841586493,0.983966701713714,"importin subunit beta-1, transcript variant X1","liver"
"LOC115122093",58.5338041003392,0.00613843720239865,0.0975304089419278,0.0629462654517091,0.949809293362504,0.983843120646904,"Golgi reassembly-stacking protein 2-like, transcript variant X1","liver"
"LOC115114162",127.853725021474,0.00607729578361718,0.0996720588000777,0.0609802951375351,0.951374902048137,0.983966701713714,"DIS3-like exonuclease 2, transcript variant X1","liver"
"ogdh",83.2794002885279,0.00597572748411609,0.0801388098493121,0.0745449157743099,0.940576802941399,0.980509219639167,"oxoglutarate dehydrogenase, transcript variant X2","liver"
"pum2",95.9663658430638,0.00586566127676458,0.0759328200364542,0.0772180368802336,0.938450093131307,0.980509219639167,"pumilio RNA binding family member 2, transcript variant X2","liver"
"LOC115113026",1689.09026879143,0.00582102795381529,0.11663705901196,0.0499052401192316,0.960197901497617,0.986411356978782,"mitochondrial pyruvate carrier 1","liver"
"LOC115130158",223.960515221466,0.00578335335101852,0.112010176342434,0.0516369339287267,0.958817989563541,0.986374158171334,"translocon-associated protein subunit alpha-like, transcript variant X1","liver"
"LOC115107965",62.6837360688577,0.00568658513996578,0.0956680441808506,0.0594868454087397,0.952564342765667,0.983969051354583,"heat shock protein HSP 90-alpha","liver"
"LOC115128280",676.751136195879,0.00564541622488402,0.0753194195159887,0.0749559281845234,0.940249777412862,0.980509219639167,"transmembrane protein 268-like, transcript variant X1","liver"
"LOC115129325",553.479481646088,0.00551947355058551,0.109855388502229,0.0502411006942344,0.959930259274577,0.986411356978782,"guanine nucleotide-binding protein subunit beta-2-like 1","liver"
"ddit4",241.496237503341,0.00545376588573051,0.10058918190578,0.0542135415631311,0.956765031944365,0.986036477927998,"DNA damage inducible transcript 4","liver"
"LOC115109390",65.2006830559041,0.00536389529179533,0.0957874103686655,0.0559605707496125,0.955373217896989,0.985100236819663,"membrane-bound transcription factor site-1 protease-like","liver"
"ddrgk1",196.498298099134,0.0053060630705282,0.103919404552948,0.0510688616234879,0.959270648427666,0.986374158171334,"DDRGK domain containing 1","liver"
"LOC115138620",74.5851012751416,0.00525670947584048,0.123626643584241,0.0425676398091215,0.966046191788494,0.990094110568243,"ornithine decarboxylase 1-like","liver"
"LOC115146925",188.178078519221,0.0052055794688698,0.0820163574612119,0.0634731982256648,0.949389700914832,0.983658469986999,"26S proteasome non-ATPase regulatory subunit 4-like, transcript variant X1","liver"
"LOC115109631",173.320556773769,0.00514530142496955,0.120784669264773,0.0425946270727395,0.966024678579728,0.990094110568243,"neuron navigator 2-like, transcript variant X1","liver"
"LOC115146310",219.429471531822,0.00500803807684367,0.0807761411548614,0.0619985712556287,0.950563969787179,0.983966701713714,"probable histone deacetylase 1-B","liver"
"LOC115136909",69.0699533195598,0.00486119735665188,0.116383445495494,0.0417630595263953,0.966687583532669,0.990275168960201,"tyrosine-protein kinase BAZ1B-like, transcript variant X2","liver"
"LOC115133774",87.1994187052807,0.00478842897439734,0.119071117673328,0.0402478119923848,0.967895560029877,0.990507355477592,"RING finger protein 227-like","liver"
"LOC115102447",199.279926613771,0.00469045317284714,0.107501658323288,0.0436247236395301,0.965203543840346,0.989888576888297,"C4b-binding protein alpha chain-like, transcript variant X2","liver"
"golga4",196.317559268797,0.00462587879042719,0.0937565288894625,0.0493277641137947,0.960658093881259,0.986537303556677,"golgin A4, transcript variant X3","liver"
"LOC115116588",3972.78557637289,0.00453845681744819,0.124106071339584,0.0365696941903928,0.970828107892427,0.990898533151543,"amine sulfotransferase-like","liver"
"LOC115101194",83.7011809699789,0.00450938638885747,0.0827777271443514,0.0544726220052324,0.956558620669162,0.986036477927998,"protein PRRC2B-like, transcript variant X4","liver"
"LOC115114495",94.6363666391511,0.00437180112983456,0.0835006325460681,0.0523293590731778,0.958266260200758,0.986374158171334,"vacuolar protein sorting-associated protein 4B-like, transcript variant X1","liver"
"LOC115114173",73.8063128720506,0.00422471321831404,0.109717464872717,0.038542203918249,0.969255382605152,0.990643164367753,"selenoprotein F-like","liver"
"LOC115141011",750.160319246504,0.00386251409707089,0.12018189133563,0.0321382798814531,0.974361776235684,0.991346610464745,"tumor protein p53-inducible nuclear protein 1-like","liver"
"LOC115144894",722.406834581328,0.00371538208247121,0.105831804412989,0.035104646938519,0.97199629597662,0.991207631323669,"ornithine decarboxylase antizyme 1-like","liver"
"LOC115124823",66.2058926380384,0.00361290049977628,0.124230348286737,0.0290882345214897,0.976794219320458,0.991346610464745,"60S ribosomal protein L4-B-like, transcript variant X1","liver"
"tm7sf2",211.960424322571,0.00354727189483166,0.113061030948553,0.031384856988263,0.974962617575727,0.991346610464745,"transmembrane 7 superfamily member 2","liver"
"LOC115144174",64.0511942590915,0.00344831899914832,0.0703469277882772,0.0490473960141271,0.960881524808637,0.986537303556677,"phospholipid transfer protein-like, transcript variant X1","liver"
"LOC115142990",111.704447138456,0.00336615139768632,0.115694414278321,0.0290999259460383,0.976784894860569,0.991346610464745,"enolase-like","liver"
"LOC115144454",96.7958853372973,0.00333470267353976,0.110205184586865,0.0302348334749409,0.975879768126727,0.991346610464745,"hepatic leukemia factor-like","liver"
"LOC115114739",74.6799133671568,0.00328730199443678,0.102275975638002,0.0321281195852127,0.974369878794988,0.991346610464745,"splicing factor 3A subunit 2-like, transcript variant X2","liver"
"LOC115138689",61.7960588229108,0.00314105584889427,0.0935526461811062,0.0335597945148233,0.973228183524022,0.991346610464745,"E3 ubiquitin-protein ligase HECTD1-like, transcript variant X6","liver"
"LOC115104868",697.251663106289,0.0031218976511711,0.122714485356386,0.0254416532754533,0.979702687340216,0.991354354673878,"elongation of very long chain fatty acids protein 2-like","liver"
"LOC115107904",90.93510856534,0.00309271828365158,0.110809212401268,0.0279192699062686,0.977726539270921,0.991346610464745,"eukaryotic translation initiation factor 2 subunit 1","liver"
"LOC115130496",76.8922638180363,0.00297882325299064,0.10353947578182,0.0287599338470895,0.977056055809227,0.991346610464745,"heterogeneous nuclear ribonucleoprotein A0-like","liver"
"LOC115126610",1383.34407972787,0.00294625577953736,0.10548298047683,0.0279312892892022,0.977716952929393,0.991346610464745,"60S ribosomal protein L10-like","liver"
"LOC115141225",60.9258432295686,0.00290432447581087,0.116856408683273,0.0248388247080634,0.980183522963998,0.991354354673878,"protein eva-1 homolog B-like","liver"
"LOC115113360",616.516130401684,0.0028514918736609,0.0770335222884511,0.0370152702429521,0.970472830191119,0.990898533151543,"kynurenine 3-monooxygenase-like, transcript variant X1","liver"
"LOC115115475",63.5982549829356,0.00279826186048134,0.104363930374506,0.0268275029462914,0.978597316930086,0.991354354673878,"adapter protein CIKS-like, transcript variant X1","liver"
"LOC115124123",57.6594719851742,0.00269446216610122,0.0870689042203714,0.0309571232948105,0.975303733923462,0.991346610464745,"renin receptor-like","liver"
"LOC115105943",91.5306309942632,0.00262373906879718,0.106828547049555,0.0245554314628351,0.98040956910952,0.991354354673878,"guanine nucleotide-binding protein G(q) subunit alpha-like, transcript variant X1","liver"
"LOC115116615",77.423027856783,0.00260353392910253,0.123864344594338,0.0210136894596542,0.983234735477734,0.99322547256685,"complement C3-like","liver"
"LOC115125296",270.536973753606,0.00231713501204539,0.117484046407674,0.0197265318633973,0.984261525529285,0.993624467943817,"selenide, water dikinase 2-like","liver"
"LOC115145104",127.457415975136,0.00228140947875576,0.0928701358578924,0.0245670835367719,0.980400274903437,0.991354354673878,"tripartite motif-containing protein 16-like","liver"
"LOC115131917",185.743954207053,0.00204684993974736,0.0970705975596536,0.0210831477527145,0.983179328053192,0.99322547256685,"probable ATP-dependent RNA helicase DDX23","liver"
"LOC115105628",76.3372674990979,0.00197947998574286,0.098647875126422,0.0200611231093066,0.983994613163667,0.993624467943817,"serrate RNA effector molecule homolog","liver"
"LOC115105742",140.349558749758,0.00192107678967319,0.12403699024582,0.0154781864680685,0.987650687086112,0.994733429533617,"cytochrome P450 4B1-like","liver"
"LOC115112173",454.6041855527,0.00185924901432098,0.104920160213779,0.0177189698951882,0.985863047235247,0.994489832930061,"sorbitol dehydrogenase-like","liver"
"LOC115132507",204.320060734079,0.00170739057700837,0.0970152109889262,0.0176096001479756,0.985950298054557,0.994489832930061,"E3 ubiquitin-protein ligase HUWE1-like, transcript variant X19","liver"
"LOC115137073",70.2431900540775,0.00170026061832205,0.100110202113964,0.0169960448680961,0.986439771055322,0.994733429533617,"uncharacterized LOC115137073","liver"
"ildr1",101.406357001873,0.00157654177592694,0.0980484063082512,0.016066518147587,0.98718132471375,0.994733429533617,"immunoglobulin like domain containing receptor 1","liver"
"LOC115141372",59.6811021965366,0.00154095701001976,0.117683967710515,0.0130857640588973,0.989559368862724,0.995666252156125,"serine/threonine-protein phosphatase 6 regulatory ankyrin repeat subunit C-like, transcript variant X1","liver"
"LOC115109702",91.3928165416347,0.00148255683712588,0.101183129715051,0.0146538980773207,0.988308299409615,0.994924681793489,"CCR4-NOT transcription complex subunit 4-like","liver"
"LOC115124740",89.6365634676873,0.00146691902411371,0.0934871871343512,0.0156920289182369,0.98748008621736,0.994733429533617,"receptor-type tyrosine-protein phosphatase F-like, transcript variant X2","liver"
"LOC115106398",139.062585919117,0.00143516404679639,0.0927412812332083,0.0154714244162623,0.987656081776877,0.994733429533617,"2-oxoisovalerate dehydrogenase subunit beta, mitochondrial-like","liver"
"LOC115129281",81.0354964639502,0.00121897867980074,0.122222168771157,0.00997767384185649,0.992039100178946,0.996736980652877,"guanylate-binding protein 1-like, transcript variant X2","liver"
"LOC115137313",224.398435429392,0.00107522292661978,0.078435327957155,0.0137074058414887,0.989063414996072,0.995412957907158,"oxysterol-binding protein 1-like, transcript variant X5","liver"
"cenpv",88.1569607514708,0.000724905459101439,0.100949955786087,0.00717982551060545,0.994271377294188,0.997943889153191,"centromere protein V, transcript variant X1","liver"
"LOC115116868",100.608951455119,0.000673190593837818,0.114841696476327,0.00586374481521918,0.995321435354371,0.997947905722678,"solute carrier family 35 member B1-like","liver"
"LOC115103764",108.645076339289,0.000614475764773937,0.115270770564938,0.00533364179187093,0.995744389738501,0.997947905722678,"keratin, type I cytoskeletal 13-like","liver"
"LOC115133340",92.4087598450244,0.000570951619242467,0.0900901360888936,0.00633728378394297,0.994943612956455,0.997947905722678,"dynactin subunit 1-like, transcript variant X5","liver"
"LOC115114557",73.6193161225573,0.000436465434875003,0.0814006923789132,0.00536156616632226,0.99572210962983,0.997947905722678,"RB1-inducible coiled-coil protein 1-like, transcript variant X2","liver"
"hypk",62.4817268135101,2.89136161610215e-05,0.0956484485840263,0.00030211859247831,0.999758944243197,0.999758944243197,"huntingtin interacting protein K","liver"
"LOC115125240",86.8797894080323,-4.94119008646998e-05,0.12320849184036,-0.00040113790848307,0.999679938264652,0.999758944243197,"uncharacterized LOC115125240","liver"
"LOC115140276",404.715094541018,-6.84774452208481e-05,0.0964463634034174,-0.000709994901973802,0.999433506077061,0.999758944243197,"patatin-like phospholipase domain-containing protein 7, transcript variant X3","liver"
"LOC115129238",273.366993323495,-0.000121012132913063,0.0934210572247533,-0.00129535396615676,0.998966457358666,0.99970225391454,"hypoxanthine-guanine phosphoribosyltransferase","liver"
"LOC115145947",479.01361872547,-0.000222535451560024,0.0965213500266889,-0.00230529613172825,0.998160641437594,0.999141152873191,"mRNA decay activator protein ZFP36L1-like, transcript variant X1","liver"
"LOC115112129",87.061242197809,-0.000253644029813306,0.0957013232251909,-0.00265035880420335,0.997885322105263,0.999141152873191,"dnaJ homolog subfamily A member 2-like","liver"
"LOC115136817",69.4090382951569,-0.000288803032119396,0.115196080294697,-0.00250686590538137,0.997999812493082,0.999141152873191,"scavenger receptor class F member 1-like, transcript variant X3","liver"
"LOC115135253",120.726653250047,-0.000528369810540185,0.123781031788629,-0.00426948337762106,0.996593455479754,0.998307919522113,"multiple coagulation factor deficiency protein 2 homolog","liver"
"serpind1",4337.25068189198,-0.00054859437681819,0.099961681109932,-0.00548802028440477,0.995621215326019,0.997947905722678,"serpin family D member 1, transcript variant X2","liver"
"LOC115145904",61.6659502210001,-0.000570838559672115,0.0918759114489738,-0.00621139491999341,0.995044055760208,0.997947905722678,"dnaJ homolog subfamily C member 5B-like, transcript variant X2","liver"
"LOC115136617",69.2942270214773,-0.000575404763613882,0.123046682630255,-0.00467483749380459,0.996270032925285,0.998229266028383,"eukaryotic translation initiation factor 4 gamma 1-like, transcript variant X3","liver"
"LOC115144664",71.9042671555539,-0.000870053217504803,0.0952053071199749,-0.00914172090492927,0.992706063624597,0.996863738687819,"disintegrin and metalloproteinase domain-containing protein 10-like","liver"
"LOC115104854",908.704588889758,-0.000973216544104161,0.101308847532486,-0.00960642932650668,0.992335296243713,0.996736980652877,"phosphoenolpyruvate carboxykinase, cytosolic [GTP]-like","liver"
"LOC115144405",58.0722548711833,-0.00100349333339113,0.123618059896097,-0.00811658403416235,0.993523974018378,0.997439339433229,"cordon-bleu protein-like 1, transcript variant X2","liver"
"LOC115139790",201.711236659615,-0.00105061009866906,0.109191122426454,-0.00962110516597886,0.992323587159097,0.996736980652877,"proprotein convertase subtilisin/kexin type 5-like, transcript variant X1","liver"
"LOC115131686",5631.34893475876,-0.00111342423936318,0.111068665517892,-0.0100246173890991,0.992001646520534,0.996736980652877,"elongation factor 1-alpha, oocyte form-like","liver"
"LOC115110272",134.462265528728,-0.00111762319019348,0.0940975624781464,-0.0118802767907045,0.990521133547235,0.996142151576247,"heat shock 70 kDa protein","liver"
"LOC115122211",3773.90188024383,-0.00119710691416643,0.124244251590834,-0.00963529276627726,0.99231226761655,0.996736980652877,"complement component C7-like","liver"
"ell",262.626057431987,-0.00126233750709252,0.104004936072514,-0.0121357692693196,0.990317294740256,0.996142151576247,"elongation factor for RNA polymerase II","liver"
"LOC115113088",123.218665393249,-0.00139350853056846,0.095300987858375,-0.0146214830316106,0.988334160103493,0.994924681793489,"eukaryotic translation initiation factor 4E-like, transcript variant X2","liver"
"LOC115113474",61.9739040747555,-0.0015712395950333,0.095134167128198,-0.0165179732661152,0.986821163451122,0.994733429533617,"MAP kinase-activating death domain protein-like, transcript variant X7","liver"
"LOC115111917",420.767054030919,-0.00193145959446002,0.105494615951871,-0.0183068163293712,0.9853940897342,0.99442097295286,"glycine-rich RNA-binding protein 1-like","liver"
"LOC115144793",103.443157693585,-0.00194901178918381,0.0900048136626216,-0.0216503449908036,0.982726873433172,0.993204744883117,"dihydrolipoyl dehydrogenase, mitochondrial-like","liver"
"LOC115128360",168.397634750158,-0.00215823515984752,0.0785925599328577,-0.027460762749774,0.97809223482587,0.991354354673878,"cell division control protein 42 homolog, transcript variant X1","liver"
"LOC115141104",232.543190376811,-0.00217073556246092,0.0866499168997518,-0.0250521566514635,0.980013361652371,0.991354354673878,"RNA-binding protein 8A, transcript variant X2","liver"
"LOC115102819",58.4850115710643,-0.00230412879325999,0.100436131301144,-0.022933384139299,0.981703410700708,0.992416443952402,"U6 snRNA-associated Sm-like protein LSm7","liver"
"LOC115136681",103.45981329386,-0.00238565797540278,0.121741872339778,-0.0196017840799679,0.98436104061755,0.993624467943817,"non-histone chromosomal protein HMG-14-like","liver"
"LOC115110604",2029.07532011426,-0.00240721708769429,0.077686774765007,-0.0309858057110582,0.975280859639872,0.991346610464745,"microtubule-associated serine/threonine-protein kinase 1-like, transcript variant X2","liver"
"LOC115109981",137.393113329623,-0.00246729188107607,0.0931208687826415,-0.0264878220481653,0.978868246790319,0.991354354673878,"AP-2 complex subunit alpha-2-like, transcript variant X1","liver"
"LOC115109360",99.2366906416978,-0.00253482884268009,0.102520345879098,-0.0247086837784742,0.980287328542724,0.991354354673878,"nuclear factor erythroid 2-related factor 2-like","liver"
"LOC115128580",381.894931255493,-0.00268385442244807,0.0871356138127769,-0.0307994086289405,0.975429512043284,0.991346610464745,"ATP-binding cassette sub-family F member 1-like, transcript variant X2","liver"
"LOC115121180",334.989375761527,-0.0026972940292692,0.0695503964728663,-0.0387819404680855,0.969064243420436,0.990643164367753,"ras-related protein Rab-10","liver"
"LOC115138633",146.556600115422,-0.00273253747912213,0.110869534652409,-0.0246381188768685,0.980343614052976,0.991354354673878,"fermitin family homolog 2-like, transcript variant X5","liver"
"LOC115137947",60.7846618475179,-0.00278267489444026,0.0893462063407523,-0.0311258928759977,0.9751691401417,0.991346610464745,"H(+)/Cl(-) exchange transporter 3-like, transcript variant X1","liver"
"LOC115141687",240.268827641803,-0.00279484040290737,0.0898259902439905,-0.0311090892238367,0.975182541026726,0.991346610464745,"E3 ubiquitin-protein ligase TRIP12, transcript variant X1","liver"
"LOC115128654",158.029652736822,-0.00280955531625857,0.0990073463214834,-0.0283767866152147,0.977361638341963,0.991346610464745,"protein tyrosine phosphatase type IVA 2","liver"
"LOC115133934",112.774926091276,-0.00289502301123679,0.117511476868637,-0.0246475221944279,0.980336113568825,0.991354354673878,"UDP-xylose and UDP-N-acetylglucosamine transporter","liver"
"LOC115135141",57.2802230026111,-0.00316607259614609,0.0866685039174919,-0.0365384720018198,0.970853002956681,0.990898533151543,"zinc finger SWIM domain-containing protein 8-like, transcript variant X4","liver"
"LOC115111589",185.308214929675,-0.0032647231562596,0.106612186267263,-0.0306142380484517,0.975577187151851,0.991346610464745,"anthrax toxin receptor 1-like, transcript variant X2","liver"
"LOC115135469",83.2707063455009,-0.00330955884546495,0.0959315987090694,-0.0345001168893298,0.972478349140867,0.991346610464745,"rab proteins geranylgeranyltransferase component A 2-like, transcript variant X3","liver"
"LOC115103895",842.458918242127,-0.00334487094690674,0.114824440463944,-0.0291292668323619,0.976761494140398,0.991346610464745,"malate dehydrogenase, cytoplasmic-like, transcript variant X1","liver"
"LOC115110287",470.741832792886,-0.00362224699158916,0.106236851740833,-0.0340990846771761,0.972798138383806,0.991346610464745,"coenzyme Q-binding protein COQ10 homolog, mitochondrial-like","liver"
"LOC115131581",215.596925134012,-0.00365978254371667,0.123424211968507,-0.0296516811362457,0.976344847826123,0.991346610464745,"secretagogin-like","liver"
"LOC115143242",62.359177625163,-0.00371478426071196,0.0901241300307773,-0.0412376607033778,0.967106430295981,0.990275168960201,"cell division control protein 42 homolog, transcript variant X1","liver"
"LOC115108058",100.497695109894,-0.0037404644180632,0.106502255025388,-0.0351166767301898,0.971986703505999,0.991207631323669,"26S proteasome non-ATPase regulatory subunit 1-like","liver"
"LOC115117488",214.587100262432,-0.00379295924442603,0.122133582014643,-0.0310419191174398,0.975236109146295,0.991346610464745,"sterol regulatory element-binding protein 1-like","liver"
"LOC115102545",66.1720900809216,-0.00380576979121554,0.0960007064742786,-0.0396232679839145,0.968393476834692,0.990507355477592,"calcium-binding and coiled-coil domain-containing protein 1-like, transcript variant X2","liver"
"LOC115105622",70.0397837729954,-0.00381202977162354,0.0923306853988802,-0.0412589950953533,0.967089422389002,0.990275168960201,"misshapen-like kinase 1, transcript variant X5","liver"
"LOC115146166",82.5987889242209,-0.00390756700488662,0.0878326550087518,-0.0444856841370267,0.964517263084134,0.98952236706039,"protein phosphatase 1A, transcript variant X2","liver"
"LOC115145200",71.50377436849,-0.0039302068183349,0.109397641796372,-0.0358963354604251,0.97136501786499,0.991059777926834,"CMP-N-acetylneuraminate-beta-1,4-galactoside alpha-2,3-sialyltransferase-like, transcript variant X3","liver"
"LOC115125053",64.577514420652,-0.00402339056078459,0.123471993317589,-0.0326018413717815,0.97399210141011,0.991346610464745,"E3 ubiquitin-protein ligase RNF185, transcript variant X1","liver"
"LOC115114184",123.394590532998,-0.0040566994460541,0.0986148735597691,-0.0411269832121059,0.967194663304848,0.990275168960201,"60S ribosomal protein L5-like","liver"
"LOC115110247",73.5588223824629,-0.00414123713677453,0.0953697909733492,-0.0434285312191447,0.965359934526737,0.989888576888297,"prohibitin","liver"
"LOC115108744",61.7247626232376,-0.00415849098891721,0.0892746345977661,-0.0465659044819718,0.962859206819099,0.988070021901976,"protein PRRC2C-like","liver"
"LOC115137912",217.282825283204,-0.0041779433011275,0.11450398000547,-0.0364808476086222,0.970898949937491,0.990898533151543,"E3 ubiquitin-protein ligase TRIM39-like","liver"
"cdkn1b",191.670522172277,-0.00428664034931469,0.117712954312137,-0.0363994260945242,0.970963871787847,0.990898533151543,"cyclin dependent kinase inhibitor 1B","liver"
"urad",279.052388985572,-0.00437537712773203,0.115533467010249,-0.037868154722249,0.969792803679037,0.990898533151543,"ureidoimidazoline (2-oxo-4-hydroxy-4-carboxy-5-) decarboxylase","liver"
"LOC115125396",1567.06766085587,-0.00448169268382842,0.112485871732729,-0.0398405226513564,0.968220269458705,0.990507355477592,"phosphatidylinositol-binding clathrin assembly protein-like","liver"
"LOC115127916",100.621267828969,-0.00451701076479727,0.0781239746180989,-0.0578149279412304,0.953896047291339,0.984497811104054,"small ubiquitin-related modifier 3-like","liver"
"LOC115125787",64.529688485848,-0.00477054094084117,0.123787921333581,-0.0385557242928098,0.969244602919439,0.990643164367753,"phosphoethanolamine N-methyltransferase 3-like","liver"
"LOC115112143",62.2126080241372,-0.00484596329179016,0.0846722402853373,-0.0572460877065311,0.954349165648911,0.984542444744359,"cytoplasmic dynein 1 light intermediate chain 2-like, transcript variant X2","liver"
"avpi1",1945.44307218138,-0.00494564722559827,0.124233293384156,-0.0398085474065629,0.968245761789498,0.990507355477592,"arginine vasopressin induced 1, transcript variant X1","liver"
"LOC115143423",115.939561601023,-0.00506629658255335,0.0819236015263772,-0.0618344146289047,0.950694697003401,0.983966701713714,"tumor necrosis factor receptor superfamily member 8-like","liver"
"LOC115128311",124.003060710835,-0.00511097818712813,0.0859579287492421,-0.0594592410850583,0.952586328911969,0.983969051354583,"proteasome subunit beta type-2-like","liver"
"LOC115122193",79.8594063202057,-0.0051755502713617,0.103892220067177,-0.0498086869588868,0.96027484408533,0.986411356978782,"serine/threonine-protein kinase ppk4-like, transcript variant X3","liver"
"LOC115143392",113.547841889875,-0.0052303788851846,0.088850964820644,-0.0588651515682154,0.953059514918527,0.984208407096002,"ADP-ribosylation factor-like protein 8B-A","liver"
"LOC115120424",115.80916765079,-0.00529321016578555,0.102290279182671,-0.0517929207358934,0.958693696416608,0.986374158171334,"serine/arginine-rich splicing factor 5-like","liver"
"dnajc25",59.1075450070607,-0.00531429792005202,0.111219644833484,-0.0477979645471256,0.961877258760115,0.987310930925769,"DnaJ heat shock protein family (Hsp40) member C25, transcript variant X1","liver"
"LOC115102921",93.7099573006771,-0.00532172624247435,0.0939934661976572,-0.0566414113646443,0.954830845979586,0.984790113414168,"guanine nucleotide-binding protein G(I)/G(S)/G(O) subunit gamma-5, transcript variant X1","liver"
"LOC115109555",122.822861594745,-0.00544282098508751,0.0753746441421196,-0.0722182851806689,0.942428193698389,0.981657278852381,"liprin-beta-1-like, transcript variant X5","liver"
"LOC115102874",335.840613915868,-0.00561199400188514,0.0974215295284756,-0.0576036207530877,0.954064365520367,0.984497811104054,"cold-inducible RNA-binding protein B-like, transcript variant X8","liver"
"selenos",106.73081982716,-0.0056916479144722,0.109234698076425,-0.0520895186329632,0.95845736454848,0.986374158171334,"selenoprotein S","liver"
"LOC115124241",94.0924686774616,-0.00571424279688596,0.111575864232363,-0.0512201305830906,0.959150111011967,0.986374158171334,"dual specificity protein kinase CLK4-like, transcript variant X1","liver"
"LOC115125895",61.4404585921022,-0.00576296798572014,0.0992408775598313,-0.0580208676340256,0.953732006557072,0.984497811104054,"glucocorticoid receptor-like","liver"
"fam160b1",59.981454015466,-0.00584603707243076,0.0848788630548421,-0.068853156418774,0.945106505741214,0.982485949486985,"family with sequence similarity 160 member B1","liver"
"LOC115102166",151.280517686028,-0.00590131448550261,0.116675150748528,-0.0505677440111551,0.959669966477069,0.986411356978782,"serine/threonine-protein kinase Sgk2-like","liver"
"LOC115125731",339.362815965086,-0.00603008961627545,0.115852310238029,-0.0520632728623084,0.958478277267302,0.986374158171334,"sarcoplasmic/endoplasmic reticulum calcium ATPase 2","liver"
"LOC115133309",352.66434047158,-0.00604216589900206,0.100990535791869,-0.059825563852985,0.952294565028165,0.983969051354583,"high mobility group protein B3-like","liver"
"LOC115131640",107.193604267637,-0.00613188261657831,0.0956196014808338,-0.064146623425898,0.948853478137224,0.983638766333216,"cell division control protein 42 homolog","liver"
"LOC115137179",305.675215458635,-0.00614339712985391,0.101770877033532,-0.0603713966378976,0.951859839268198,0.983966701713714,"coagulation factor X-like","liver"
"LOC115112953",87.1544877266968,-0.00635185596822506,0.0883033754670339,-0.0719503006404132,0.942641459624195,0.981657278852381,"ribosome-binding protein 1-like, transcript variant X2","liver"
"LOC115102404",97.7377646228625,-0.00689091126784962,0.0854968084725146,-0.0806183626648142,0.935745462443556,0.980488047537258,"ubiquitin-conjugating enzyme E2 variant 1, transcript variant X2","liver"
"LOC115121211",2733.70472394223,-0.00690079355691133,0.0916759456958481,-0.0752722781368928,0.939998077734572,0.980509219639167,"fatty acid-binding protein, heart-like","liver"
"negr1",192.816784643826,-0.00713130783345141,0.109820496941164,-0.0649193380525862,0.948238223532312,0.983638766333216,"neuronal growth regulator 1, transcript variant X2","liver"
"LOC115114877",6961.66951179466,-0.00727655273521961,0.104237639091529,-0.0698094622246484,0.944345315787992,0.982427643479289,"fatty acid-binding protein 10-A, liver basic","liver"
"LOC115134352",83.7992822579298,-0.00729748644089012,0.0815897086145833,-0.0894276338580493,0.928742062805567,0.977673721073216,"charged multivesicular body protein 1a-like","liver"
"LOC115133927",179.387775540845,-0.00735158225750649,0.0848066081746378,-0.0866618902155276,0.930940269608292,0.978219267574993,"uncharacterized LOC115133927, transcript variant X2","liver"
"LOC115130790",437.882823811439,-0.0074046198555233,0.0912228736697681,-0.0811682258784632,0.935308168190196,0.980281844572702,"calnexin-like, transcript variant X3","liver"
"LOC115144943",99.972606653241,-0.00745471462923724,0.0845418017600476,-0.0882205803207378,0.929701360359452,0.977925869632291,"ER degradation-enhancing alpha-mannosidase-like protein 3, transcript variant X3","liver"
"LOC115133615",86.5628336315667,-0.00746895649445543,0.112234178626491,-0.0665350836219002,0.946951826890511,0.983131850842008,"eukaryotic translation initiation factor 5A-1, transcript variant X1","liver"
"LOC115103799",95.2182626046632,-0.00772146434258777,0.0849659894737355,-0.0908702449463341,0.927595693442062,0.976719206011326,"phosphoribosyl pyrophosphate synthase-associated protein 1-like, transcript variant X1","liver"
"LOC115118233",190.638807682169,-0.00801629171974119,0.123838217409837,-0.0647350933730129,0.948384920940347,0.983638766333216,"transforming growth factor-beta-induced protein ig-h3-like","liver"
"LOC115145044",69.3209241246821,-0.00818531338454883,0.0884071143647317,-0.0925722752024776,0.926243370326723,0.976051700478729,"methylcrotonoyl-CoA carboxylase subunit alpha, mitochondrial-like, transcript variant X1","liver"
"LOC115105485",145.908410100168,-0.00820685470817163,0.0841123357701653,-0.0975372515845819,0.922299752760393,0.974932011063599,"MAP7 domain-containing protein 1-like, transcript variant X2","liver"
"wdr60",76.4928085411648,-0.00835435522054574,0.121295016392184,-0.068830567118768,0.945124486736622,0.982485949486985,"WD repeat domain 60, transcript variant X1","liver"
"dhcr24",313.101977291448,-0.0084101958720415,0.120421617871109,-0.0698419982686136,0.944319418989496,0.982427643479289,"24-dehydrocholesterol reductase","liver"
"LOC115136882",184.088459457523,-0.00845507860225141,0.102452478704393,-0.0825601459420316,0.934201291972839,0.979437803841344,"succinate dehydrogenase [ubiquinone] cytochrome b small subunit B, mitochondrial-like","liver"
"LOC115110445",105.725371811718,-0.0085209801826564,0.0786976423844914,-0.108250556299604,0.913796942409806,0.971475309666763,"interleukin enhancer-binding factor 3 homolog, transcript variant X1","liver"
"LOC115142255",112.746636451704,-0.00854583039493437,0.0985286614690159,-0.0866975708187215,0.930911907354404,0.978219267574993,"plectin-like","liver"
"LOC115143853",134.304755228724,-0.0085719323789081,0.073561244661045,-0.116548642992456,0.907217737202967,0.969355131596105,"ubiquitin-conjugating enzyme E2 variant 1-like, transcript variant X1","liver"
"LOC115143176",134.620586156785,-0.00858044051104231,0.0910351930526121,-0.0942517318959319,0.924909191523367,0.975724361621045,"myosin light polypeptide 6-like, transcript variant X2","liver"
"LOC115130531",69.7614454119927,-0.00867480827855403,0.114680138338662,-0.0756106636833151,0.939728852360637,0.980509219639167,"H-2 class II histocompatibility antigen gamma chain-like, transcript variant X1","liver"
"LOC115103680",59.5387944626024,-0.0087253912450552,0.088263444517859,-0.0988715861532649,0.921240229304524,0.974558830689136,"stromal membrane-associated protein 1-like","liver"
"LOC115135380",72.8586255971775,-0.00875831027629216,0.115763380439646,-0.0756575881124517,0.939691519019049,0.980509219639167,"eukaryotic translation initiation factor 3 subunit L","liver"
"LOC115110784",82.0951835965517,-0.0087736890767387,0.109904755214645,-0.0798186180698792,0.936381516489827,0.980509219639167,"DDB1- and CUL4-associated factor 7-like","liver"
"snx9",325.037855140729,-0.00881624495630433,0.0737108502891346,-0.119601340275814,0.904798957960429,0.96898595708006,"sorting nexin 9, transcript variant X1","liver"
"LOC115132374",304.124395734942,-0.00892881716859601,0.117644867618788,-0.0759080410473549,0.939492259489122,0.980509219639167,"CCAAT/enhancer-binding protein beta-like","liver"
"LOC115111411",87.7191543668335,-0.00900097174742366,0.113562022674178,-0.0792687440219963,0.936818866706107,0.980509219639167,"ubiquitin-conjugating enzyme E2 E3-like","liver"
"LOC115144058",1109.9656962719,-0.00905880298564572,0.099449187470215,-0.0910922438469592,0.927419295534497,0.976719206011326,"APOBEC1 complementation factor-like, transcript variant X4","liver"
"LOC115112463",354.250871529137,-0.00919194056342803,0.108370588482599,-0.0848229877082377,0.932402117851039,0.978746080958237,"cytochrome P450 1A1","liver"
"LOC115103256",493.607960320169,-0.00945404767501419,0.121356387357067,-0.0779137195526478,0.937896685962985,0.980509219639167,"angiopoietin-related protein 4-like, transcript variant X1","liver"
"LOC115143275",85.3347060570451,-0.0096208545174796,0.0927835458234323,-0.103689942689184,0.917415408202128,0.972279044158053,"eukaryotic translation initiation factor 4 gamma 3-like, transcript variant X3","liver"
"LOC115136686",72.63491688934,-0.00965410066707992,0.123484462843243,-0.078166623721196,0.937695511169992,0.980509219639167,"immunoglobulin superfamily member 5-like","liver"
"LOC115102046",109.675189852509,-0.00974550292740818,0.0762195417712543,-0.127874869189323,0.898247999228214,0.966098205471291,"RNA-binding protein 39-like, transcript variant X2","liver"
"LOC115142746",58.9250947382745,-0.00975429330038336,0.105032984537795,-0.0928990762680622,0.925983739606703,0.976030442885162,"ubiquitin-associated protein 2-like, transcript variant X2","liver"
"vamp3",78.8658166239879,-0.00994114616977961,0.0828604914892351,-0.119951827389588,0.904521308504585,0.96898595708006,"vesicle associated membrane protein 3","liver"
"LOC115139833",213.057478052215,-0.00998193985814969,0.0932006126974033,-0.107084561755191,0.914721894671997,0.971678380246601,"lysosome membrane protein 2-like, transcript variant X2","liver"
"LOC115140792",71.3215984140135,-0.0100501976916417,0.115495751909695,-0.0870529206552192,0.93062944712858,0.978219267574993,"zinc finger MYM-type protein 1-like","liver"
"LOC115108594",70.1905136145782,-0.0106872771048954,0.0917508700708147,-0.116454840021936,0.907292074948893,0.969355131596105,"desmocollin-2-like, transcript variant X1","liver"
"LOC115102492",84.3878295354277,-0.0107291034386499,0.0942508611881764,-0.113822917842973,0.909378170846644,0.97018356839159,"probable phospholipid-transporting ATPase IIA","liver"
"lrrc8a",71.702132146543,-0.0109984507026433,0.111150740121179,-0.0989085628554373,0.921210870071884,0.974558830689136,"leucine rich repeat containing 8 VRAC subunit A","liver"
"LOC115121061",954.321419791488,-0.0110232611538673,0.115304834060102,-0.0956108914060126,0.923829614741687,0.975668718997416,"60S ribosomal protein L3-like","liver"
"LOC115145572",448.612877468232,-0.011601124443773,0.123978648596641,-0.0935659359065051,0.925453970075309,0.975724361621045,"mitochondrial uncoupling protein 2-like","liver"
"LOC115138396",100.138620392081,-0.0116386229625319,0.123873507964018,-0.0939512769252967,0.925147860842441,0.975724361621045,"guanine nucleotide-binding protein-like 3","liver"
"LOC115131428",80.0414175091331,-0.0117320477971826,0.101134959120853,-0.115957674534166,0.907686086266642,0.969355131596105,"septin-7, transcript variant X2","liver"
"LOC115101794",84.4164569891056,-0.0117668827385076,0.122688703759875,-0.0959417923034306,0.923566802198109,0.975668718997416,"urokinase plasminogen activator surface receptor-like","liver"
"LOC115142753",127.37808466818,-0.0117793314795275,0.104215082872831,-0.113023328033518,0.910012060617705,0.97018356839159,"glutaredoxin-1-like","liver"
"LOC115134234",420.77985529676,-0.0117923840338828,0.0890442938064857,-0.132426510295702,0.89464694714399,0.965981710346729,"mucosa-associated lymphoid tissue lymphoma translocation protein 1-like","liver"
"LOC115141448",87.5715967750433,-0.0119733196484887,0.113736934781094,-0.105183750976222,0.916230004036531,0.971780769308587,"rho GTPase-activating protein 35-like","liver"
"LOC115144711",69.9933919425392,-0.0120364579568009,0.107421219159577,-0.11198483085804,0.910835434131995,0.97018356839159,"pleckstrin homology domain-containing family A member 7-like, transcript variant X1","liver"
"LOC115128135",104.446556652564,-0.0121600813330612,0.0969724200690713,-0.125400710190878,0.900206325902837,0.966098205471291,"elongin-C","liver"
"LOC115121482",2718.50277930821,-0.0126216048432702,0.108632305813467,-0.116187951361495,0.907503585499143,0.969355131596105,"C4b-binding protein alpha chain-like, transcript variant X1","liver"
"LOC115113096",106.302304694014,-0.0127101439955152,0.112419850793045,-0.112980114359615,0.910046320700977,0.97018356839159,"annexin A5-like","liver"
"LOC115101945",140.758309006141,-0.0127249281575301,0.1194587253691,-0.106525790586239,0.91516519389684,0.971678380246601,"cytochrome c oxidase subunit 4 isoform 2, mitochondrial-like, transcript variant X2","liver"
"LOC115138480",64.534655459099,-0.0128254390496,0.100142564164401,-0.128106393304932,0.898064776614209,0.966098205471291,"sushi domain-containing protein 6-like, transcript variant X1","liver"
"LOC115133093",105.283946424732,-0.0128303717490207,0.108829167226924,-0.117888317505288,0.90615614997702,0.969355131596105,"cell division cycle protein 123 homolog, transcript variant X1","liver"
"LOC115116430",446.094988237013,-0.0130956823604263,0.124010049034397,-0.10559292678198,0.915905336986396,0.97168926433018,"mitochondrial uncoupling protein 2-like","liver"
"LOC115138626",2431.04228266076,-0.0131319488085859,0.095693551459137,-0.137226684825264,0.890851618992229,0.96392651951482,"apolipoprotein B-100-like, transcript variant X2","liver"
"LOC115113648",89.6569952593797,-0.0131729956453075,0.120332118401066,-0.1095687479779,0.912751396891458,0.971348885600879,"myotubularin-related protein 10-like","liver"
"LOC115144780",331.556351300069,-0.0132310683027148,0.0967651993683564,-0.136715027792096,0.891256050611583,0.964108190629727,"peroxisomal succinyl-coenzyme A thioesterase-like","liver"
"LOC115112503",106.978017417835,-0.0132697675318607,0.120758709912334,-0.109890547279129,0.912496179318559,0.971348885600879,"leucine-rich repeat-containing protein 58-like, transcript variant X2","liver"
"LOC115131162",5558.58138292989,-0.0134776797394338,0.120462904027449,-0.111883562251888,0.910915730185136,0.97018356839159,"saxitoxin and tetrodotoxin-binding protein 2-like","liver"
"LOC115141451",339.220231576111,-0.0134913399296586,0.12029713787322,-0.112167835871081,0.910690331450527,0.97018356839159,"rho-related GTP-binding protein RhoU-like","liver"
"LOC115122861",95.1997768566514,-0.0134934414185532,0.0815212015855998,-0.165523629870492,0.868531852406581,0.95348334027682,"cip1-interacting zinc finger protein-like, transcript variant X3","liver"
"LOC115103144",171.25658484053,-0.0135092040571758,0.12390727616743,-0.109001367492289,0.913201405697392,0.971348885600879,"cAMP-responsive element modulator-like, transcript variant X1","liver"
"LOC115129538",59.1391352087503,-0.0138188703393639,0.113819202418348,-0.121481786572877,0.903309440063301,0.968153898947676,"E3 ubiquitin-protein ligase RNF130-like, transcript variant X4","liver"
"LOC115113239",84.9997031844923,-0.0138790763851041,0.0943123284976057,-0.147208521937416,0.882967434347605,0.960238864034375,"zinc finger SWIM domain-containing protein 8-like, transcript variant X2","liver"
"pgam1",79.7905046819372,-0.0138837537497805,0.106273774521319,-0.130540147701916,0.896139092603409,0.966098205471291,"phosphoglycerate mutase 1","liver"
"LOC115109156",85.1547470058956,-0.0142072644848282,0.0946228691262687,-0.150083355883803,0.880698851324188,0.958774159829339,"small integral membrane protein 7","liver"
"LOC115113941",161.171489540821,-0.0142139350276212,0.118729059837274,-0.11970492445301,0.904716899264168,0.96898595708006,"selenoprotein Pb-like, transcript variant X1","liver"
"LOC115131974",74.4339434287254,-0.0142713739823145,0.123189417738797,-0.115864791500052,0.907759700025106,0.969355131596105,"inosine-5'-monophosphate dehydrogenase 2-like, transcript variant X1","liver"
"LOC115145968",74.0256141157941,-0.0143101256110786,0.121292442281421,-0.117868827993334,0.906171592693096,0.969355131596105,"calmin-like","liver"
"LOC115137081",169.683579227916,-0.0146508207174225,0.11376446591184,-0.128785613099494,0.897527289804787,0.966098205471291,"rho-related GTP-binding protein RhoU-like","liver"
"LOC115119587",1197.74527366528,-0.0149576395529442,0.105734389937579,-0.141480815901507,0.88749011428644,0.962845277037937,"40S ribosomal protein S7-like","liver"
"LOC115105594",80.3271153309711,-0.0150173190595216,0.0937189890582037,-0.160317864306673,0.872630687201191,0.955370045939311,"nuclear pore complex protein Nup98-Nup96-like, transcript variant X1","liver"
"mmd",76.9409398733467,-0.0150277956651816,0.117381252174696,-0.128099879545662,0.898069931372308,0.966098205471291,"monocyte to macrophage differentiation associated, transcript variant X1","liver"
"LOC115109436",66.8826583626034,-0.0150687795923841,0.0975411145905687,-0.154572529107288,0.877158328263091,0.957803884236319,"ras and EF-hand domain-containing protein-like, transcript variant X1","liver"
"LOC115111512",125.501483412045,-0.0152591928126654,0.124183441186474,-0.122883966223032,0.902198982490753,0.967727119113766,"E3 ubiquitin-protein ligase RNF34-like, transcript variant X1","liver"
"cpn1",659.533720141058,-0.015293510146399,0.100906750727157,-0.151556398080134,0.879536825334001,0.958297808089117,"carboxypeptidase N subunit 1, transcript variant X4","liver"
"LOC115113442",65.0904187594425,-0.0153043045791136,0.121865383187664,-0.125653462776779,0.900006241116395,0.966098205471291,"triadin-like, transcript variant X27","liver"
"LOC115143411",78.6336794747179,-0.0155569593917725,0.123696592704869,-0.125709705329377,0.899961719076237,0.966098205471291,"neural cell adhesion molecule L1-like protein, transcript variant X1","liver"
"plekhf2",195.33003174133,-0.0155658625022721,0.118787108229424,-0.131059881576724,0.895727937215533,0.966098205471291,"pleckstrin homology and FYVE domain containing 2, transcript variant X2","liver"
"LOC115135880",91.0565437310671,-0.0156067640465977,0.112089509953079,-0.139114510294747,0.889359662163613,0.963515465885521,"nuclear receptor-interacting protein 1-like, transcript variant X1","liver"
"LOC115101972",120.451721469677,-0.0158081032206637,0.124084413369518,-0.127437674717442,0.898593999198607,0.966098205471291,"catechol O-methyltransferase B-like","liver"
"LOC115128382",1621.0722526593,-0.0158452245469491,0.124241118968246,-0.12753722611214,0.898515211556195,0.966098205471291,"BOLA class I histocompatibility antigen, alpha chain BL3-7-like","liver"
"LOC115112162",507.502885081803,-0.0158897841176189,0.103701568142625,-0.153216211567031,0.878227773635179,0.957895746678349,"ankyrin repeat domain-containing protein 11-like, transcript variant X1","liver"
"LOC115146260",80.0667662276633,-0.0159064958895554,0.123636652873544,-0.128531008499757,0.897728760495787,0.966098205471291,"adenylosuccinate synthetase isozyme 1 C","liver"
"LOC115111494",72.3604173467079,-0.0161232914953715,0.107542126780677,-0.149809487881959,0.880914923591971,0.958774159829339,"eIF-2-alpha kinase activator GCN1-like","liver"
"LOC115101058",633.014765335077,-0.0162307263288202,0.121527130386568,-0.133541540968602,0.893765113510747,0.965541108579328,"polyubiquitin-B, transcript variant X3","liver"
"LOC115105937",62.627789413236,-0.0163378317432365,0.0867242233066731,-0.188316785721185,0.850628327653412,0.948603966979719,"E3 ubiquitin-protein ligase Praja-2-like, transcript variant X1","liver"
"zc3h11a",92.8773490039999,-0.0164969822520676,0.0929672542469381,-0.177372784972146,0.859215582807977,0.951562731267769,"zinc finger CCCH-type containing 11A, transcript variant X5","liver"
"LOC115130338",76.9539624776285,-0.0170630855942296,0.0924476663809972,-0.184524102904872,0.853602320413341,0.949253705605705,"protein scribble homolog","liver"
"LOC115144016",119.884410640141,-0.0172034780406578,0.0766155245999344,-0.224559940694264,0.822321631630055,0.939436400348969,"Golgi to ER traffic protein 4 homolog","liver"
"acot7",115.848325099186,-0.0172166800121783,0.0987689674349699,-0.174279304536683,0.861645962928963,0.951562731267769,"acyl-CoA thioesterase 7, transcript variant X3","liver"
"LOC115101371",77.2475010176184,-0.0173667328935791,0.123278762829915,-0.140758685046688,0.888060582582698,0.963029430750541,"calpain-5-like, transcript variant X3","liver"
"LOC115115466",60.5175635327717,-0.0173890063758687,0.122228805967849,-0.142167559249205,0.886947655443877,0.962645667671134,"pseudokinase FAM20A-like, transcript variant X1","liver"
"LOC115146236",73.7559288116174,-0.0175114884196019,0.113781228767004,-0.153919030292988,0.87767357890644,0.957803884236319,"rRNA-processing protein FCF1 homolog","liver"
"LOC115113359",1066.83014186598,-0.0175826338610217,0.115897214369766,-0.151714393106689,0.879412204530491,0.958297808089117,"insulin-degrading enzyme-like, transcript variant X3","liver"
"LOC115144161",57.7365022603158,-0.0176796703327818,0.122580838097505,-0.144035406327807,0.885472510929963,0.961505769501835,"C-Jun-amino-terminal kinase-interacting protein 4-like, transcript variant X4","liver"
"LOC115134304",71.5149579380496,-0.0178032803268842,0.104049297889752,-0.171139507633952,0.864114071499893,0.952484128639539,"PSME3-interacting protein-like, transcript variant X2","liver"
"LOC115136523",58.1648613772593,-0.0178485884701233,0.12071410107398,-0.147625748628626,0.882638133279656,0.960136917867061,"vacuolar fusion protein MON1 homolog B-like, transcript variant X4","liver"
"LOC115107130",79.9620832782426,-0.0179051414953971,0.0854730167641219,-0.209531542930005,0.834033314139711,0.942624393217894,"ubiquitin-conjugating enzyme E2 N-like","liver"
"LOC115106044",160.156881123407,-0.0180232180923032,0.0922542899250521,-0.19531206219077,0.845148654651115,0.945341908989557,"ornithine decarboxylase antizyme 2-like","liver"
"LOC115103172",105.971286437464,-0.0181343153472422,0.0779972023472254,-0.23251080742872,0.816141294089177,0.936475416861364,"ras-related protein Rab-2A","liver"
"LOC115105034",99.2680261351077,-0.0181598801626831,0.0904013001182466,-0.200892842909833,0.84078236416271,0.943876503285907,"U2 snRNP-associated SURP motif-containing protein-like, transcript variant X1","liver"
"LOC115109029",748.395649875139,-0.0183238901410488,0.104677126515492,-0.175044397856644,0.861044747659514,0.951562731267769,"26S proteasome non-ATPase regulatory subunit 1, transcript variant X2","liver"
"LOC115143366",103.142944399655,-0.0183838689841738,0.102194818332464,-0.179889935520982,0.857238976600341,0.950563255550715,"WD repeat-containing protein 1-like","liver"
"LOC115119706",110.818266140499,-0.0184072845778573,0.0911256067897022,-0.201986755821217,0.839927078110248,0.94362363808892,"catenin alpha-1-like","liver"
"LOC115136630",57.5826685747744,-0.0184416437259871,0.100477590658155,-0.183510782430861,0.85439725927804,0.949433813745171,"nuclear fragile X mental retardation-interacting protein 2-like, transcript variant X1","liver"
"LOC115107632",68.6506500769519,-0.0185095675053853,0.106930223316555,-0.17299977357573,0.86265160559965,0.951859216140815,"cell cycle control protein 50A-like, transcript variant X2","liver"
"LOC115105527",171.151488724268,-0.018558789436798,0.099750531957609,-0.185983858579092,0.852457419473069,0.948625660083242,"nuclear receptor corepressor 1-like, transcript variant X1","liver"
"LOC115102686",59.5854516793373,-0.0186341417818312,0.118640667814871,-0.156830307154889,0.875378586745034,0.95709311147338,"rRNA 2'-O-methyltransferase fibrillarin-like","liver"
"LOC115107801",85.0967541450567,-0.0186596940019005,0.121642261222288,-0.153342347508225,0.878128307065791,0.957895746678349,"histone deacetylase 4-like, transcript variant X1","liver"
"LOC115123381",98.9803447223122,-0.0186612368118,0.091733689195721,-0.20338071940658,0.838837468571688,0.943200419833986,"probable E3 ubiquitin-protein ligase TRIM8","liver"
"LOC115130509",73.416893554707,-0.0187363211996003,0.121696909815058,-0.153938484083481,0.877658239830566,0.957803884236319,"receptor expression-enhancing protein 2-like","liver"
"LOC115130335",446.931095927102,-0.0188217437082103,0.0960728879010399,-0.195908050720097,0.84468213581042,0.945322995919874,"protein CDV3 homolog","liver"
"LOC115112906",116.839134358874,-0.0189293513279373,0.120228860240495,-0.157384583771975,0.874941762411677,0.956872182342365,"transcription factor MafF-like, transcript variant X1","liver"
"LOC115104996",58.6819669056819,-0.019141447125105,0.11786284284546,-0.162345811992082,0.871033540399048,0.95424581463412,"methionine-R-sulfoxide reductase B2, mitochondrial-like","liver"
"ubxn4",223.277958175552,-0.0191544913125571,0.0904066102119237,-0.211910634854928,0.832176753599316,0.942624393217894,"UBX domain protein 4, transcript variant X2","liver"
"LOC115135831",59.7995515358943,-0.0193478316852733,0.109273453890869,-0.176886506742444,0.859597537552319,0.951562731267769,"serrate RNA effector molecule homolog","liver"
"LOC115137941",881.544601938288,-0.0193797757800445,0.109800583492149,-0.176488171521158,0.859910440586741,0.951562731267769,"calpain-1 catalytic subunit-like, transcript variant X2","liver"
"LOC115133526",148.731786313049,-0.019455890366522,0.0988703528822441,-0.196747386202417,0.844025225944365,0.945322995919874,"dnaJ homolog subfamily C member 3-like","liver"
"oip5",109.651823195131,-0.0195011399279936,0.117845052583411,-0.165477552962307,0.868568116400351,0.95348334027682,"Opa interacting protein 5, transcript variant X2","liver"
"LOC115139444",191.217674341599,-0.0195407263976121,0.0957711635743925,-0.203949057401491,0.838393308400066,0.942961127218176,"mannosyl-oligosaccharide 1,2-alpha-mannosidase IA-like","liver"
"LOC115145155",535.888903164244,-0.0196362246945037,0.0954206143033043,-0.205762008362548,0.836976819074645,0.942929108498688,"plasminogen activator inhibitor 1 RNA-binding protein-like, transcript variant X3","liver"
"LOC115138072",80.8923947459916,-0.0196559910844104,0.0886126472307304,-0.221795683551054,0.824472939807,0.939616874447622,"thyroid receptor-interacting protein 6-like, transcript variant X3","liver"
"LOC115105942",59.3210313361721,-0.0196768864144791,0.11337168474615,-0.173638653857867,0.862149452053943,0.951562731267769,"heterogeneous nuclear ribonucleoprotein K-like, transcript variant X1","liver"
"LOC115145182",74.8159035423998,-0.0197509953283494,0.089153428975017,-0.221421225310226,0.824764467143036,0.939616874447622,"ecotropic viral integration site 5 protein homolog, transcript variant X3","liver"
"LOC115146158",73.0334090853909,-0.0197592214482295,0.105031333597138,-0.188024138354568,0.850857728969051,0.948603966979719,"hypoxia-inducible factor 1-alpha","liver"
"ndufa3",68.5725052877257,-0.0197642638984024,0.0992701570253249,-0.198968476906673,0.842287403340058,0.944524807811806,"NADH:ubiquinone oxidoreductase subunit A3, transcript variant X1","liver"
"LOC115138046",10597.7156846746,-0.0198220906713259,0.109722248442465,-0.180656649611248,0.856637087408381,0.950459740511379,"ceruloplasmin-like","liver"
"eif4ebp2",95.2106894547962,-0.0198312220690264,0.0931371624968834,-0.212910398178703,0.831396851757009,0.942624393217894,"eukaryotic translation initiation factor 4E binding protein 2","liver"
"LOC115140904",581.32956368339,-0.0198724453630367,0.0935975329548134,-0.212321513505079,0.831856212679877,0.942624393217894,"LIM domain and actin-binding protein 1-like, transcript variant X2","liver"
"LOC115121575",120.11782260501,-0.0201386811147808,0.106925689106711,-0.188257730271689,0.850674619202807,0.948603966979719,"ubiquitin carboxyl-terminal hydrolase 16-like","liver"
"LOC115144448",328.214451973481,-0.0201649674781966,0.0900419028754514,-0.223960249573849,0.8227882338239,0.939436400348969,"Na(+)/H(+) exchange regulatory cofactor NHE-RF1-like","liver"
"LOC115112150",209.838213921035,-0.0202087734209531,0.0814898861406912,-0.247978369953535,0.804151142478254,0.931458852222038,"B-cadherin-like","liver"
"nfia",89.6935649655104,-0.0203117508357836,0.11782345621298,-0.172374787510712,0.863142892136974,0.952143553004142,"nuclear factor I A, transcript variant X2","liver"
"LOC115104890",205.984976151694,-0.0204337242969088,0.106742273253787,-0.191403260901412,0.848209665466633,0.947465770469168,"melanoma receptor tyrosine-protein kinase-like","liver"
"LOC115139480",115.838054467314,-0.0204397856920237,0.124193863395443,-0.164585888238447,0.869269939285994,0.953740046441376,"mitogen-activated protein kinase kinase kinase 5-like","liver"
"LOC115122811",507.102435956547,-0.0206124110569119,0.0957057538299079,-0.21535640404438,0.829489457040634,0.941916768058809,"heterogeneous nuclear ribonucleoprotein A1-like, transcript variant X5","liver"
"LOC115106445",763.694863548331,-0.0206193249980901,0.124272774871922,-0.165914018368488,0.868224615335265,0.95348334027682,"glucose-6-phosphatase-like","liver"
"nol7",111.497626427847,-0.0206477178259911,0.0894758429218199,-0.230678639385822,0.817564469308894,0.937381934431238,"nucleolar protein 7","liver"
"LOC115103165",38924.8842615055,-0.0207042782571756,0.104704211204652,-0.197740587635153,0.84324803232411,0.944771572224594,"serotransferrin","liver"
"LOC115141038",215.955407578844,-0.020735411311225,0.0928328837426419,-0.223324553241243,0.823282919050466,0.939436400348969,"cytosolic 5'-nucleotidase 3, transcript variant X1","liver"
"LOC115146736",64.4338400014817,-0.0207510149783461,0.12356377172117,-0.167811547621295,0.866731537644327,0.95300721538664,"multidrug resistance protein 1-like, transcript variant X1","liver"
"LOC115110793",81.7787135970706,-0.0207727441682408,0.122761163512181,-0.169055716164479,0.86575281686721,0.952959352295638,"semaphorin-5B-like, transcript variant X3","liver"
"LOC115147158",58.9035006248875,-0.0207944086100437,0.12355770543076,-0.168167937013553,0.866451164241288,0.95300721538664,"microtubule-associated serine/threonine-protein kinase 3-like, transcript variant X1","liver"
"LOC115102780",304.146903296115,-0.0208102986158566,0.10901838906027,-0.190861720296622,0.848633931574174,0.947507817776998,"matrix metalloproteinase-14-like","liver"
"LOC115129214",85.0341293683207,-0.0208856048688067,0.106524185063209,-0.19600942513384,0.844602788903752,0.945322995919874,"serine/arginine repetitive matrix protein 1-like, transcript variant X2","liver"
"LOC115106893",81.6208309459656,-0.0211205501571185,0.117477003255366,-0.179838542068557,0.857279324682146,0.950563255550715,"calumenin-A, transcript variant X1","liver"
"zfp36l1",408.582353542517,-0.0211655304902078,0.11094230060432,-0.190761787074759,0.848712228337542,0.947507817776998,"ZFP36 ring finger protein like 1","liver"
"LOC115130331",207.377438503381,-0.021371322969441,0.122855650446204,-0.173934645301415,0.86191682459368,0.951562731267769,"cytochrome P450 2F3-like","liver"
"LOC115116401",6131.46525170026,-0.0214316894205108,0.103396154463633,-0.207314566694666,0.835764198688746,0.942624393217894,"metalloproteinase inhibitor 2-like","liver"
"LOC115106848",76.3648466367409,-0.02157534965292,0.0864536063272686,-0.249612915307032,0.802886709729752,0.931293747540828,"lysine-specific demethylase 5A-like, transcript variant X1","liver"
"LOC115111608",73.447977448858,-0.0216204677618698,0.102021928639743,-0.211824916896346,0.832243628721028,0.942624393217894,"ubiquitin-conjugating enzyme E2 D4, transcript variant X1","liver"
"LOC115132968",81.8879231986142,-0.021734199668496,0.107702841300641,-0.201714549194736,0.840139887788197,0.94362363808892,"protein SCAF11-like, transcript variant X1","liver"
"LOC115142781",151.8592831287,-0.0219605710005061,0.0964918497061654,-0.227546232287539,0.819999023742955,0.938523137052342,"phosphatidate phosphatase LPIN2-like, transcript variant X3","liver"
"LOC115115367",86.1262560899624,-0.0219704515985376,0.0855096195675488,-0.256957097764096,0.797211892286438,0.92912946054769,"transformer-2 protein homolog alpha-like","liver"
"LOC115140366",126.515013991933,-0.0220446371553771,0.0968105276563556,-0.227690757532781,0.819886658152398,0.938523137052342,"terminal uridylyltransferase 7-like","liver"
"LOC115143449",76.6138118943252,-0.0221106793961754,0.0951193962917296,-0.232491837639793,0.816156026175705,0.936475416861364,"guanine nucleotide-binding protein G(I)/G(S)/G(T) subunit beta-1-like","liver"
"LOC115136999",63.4126479297236,-0.0221991973116467,0.10841181722844,-0.204585293478932,0.837896146475434,0.942961127218176,"unconventional myosin-Ic-like","liver"
"LOC115120521",98.1933673345894,-0.0222695212975116,0.111246115344113,-0.200206752202079,0.841318886589866,0.944167340787526,"signal peptidase complex catalytic subunit SEC11A","liver"
"LOC115146762",98.3405466520599,-0.0222973909709016,0.0908709414813058,-0.245370627707463,0.806169469647361,0.931458852222038,"gephyrin-like","liver"
"tmco1",217.354978740132,-0.0224003577471688,0.10121137700556,-0.221355300560858,0.824815794105395,0.939616874447622,"transmembrane and coiled-coil domains 1","liver"
"LOC115142908",106.305820334255,-0.0224430647424494,0.0744483311433232,-0.301436506818722,0.763081659673995,0.91335623489441,"synaptophysin-like protein 1","liver"
"LOC115121040",1342.14772349076,-0.0227461595478448,0.101786729099255,-0.223511680160866,0.823137293599697,0.939436400348969,"betaine--homocysteine S-methyltransferase 1-like","liver"
"LOC115113591",392.45627802696,-0.0228228831281143,0.0947584744088118,-0.240874885726183,0.809652087404277,0.932770465873327,"sorbitol dehydrogenase-like, transcript variant X1","liver"
"fdft1",467.008299061102,-0.023242859764424,0.111337253281875,-0.208819986925476,0.834588767977101,0.942624393217894,"farnesyl-diphosphate farnesyltransferase 1, transcript variant X2","liver"
"LOC115106241",82.071653815817,-0.0233321269769996,0.106281492530791,-0.219496019694197,0.826263680098226,0.940567903027087,"plectin-like, transcript variant X5","liver"
"LOC115112533",88.5672227898634,-0.0233829459216754,0.0983816978747327,-0.237611779462188,0.812182213461335,0.93489260154431,"eukaryotic translation initiation factor 4 gamma 2-like","liver"
"LOC115111626",64.9335237694259,-0.0234654581732493,0.102501131102039,-0.228823635383591,0.819005995738289,0.938506730005416,"CAP-Gly domain-containing linker protein 1-like, transcript variant X2","liver"
"LOC115142182",1025.19351337337,-0.0234687462543628,0.122365987091699,-0.191776851423288,0.847917004273279,0.947398494906219,"peptidyl-prolyl cis-trans isomerase FKBP5-like","liver"
"LOC115104102",95.1663661004823,-0.0235746655834997,0.0934379451671583,-0.25229579596402,0.80081243739258,0.929850269135189,"prohibitin-like, transcript variant X2","liver"
"LOC115124951",174.180833932255,-0.0236373270554201,0.113856734735829,-0.207581350858734,0.835555867040227,0.942624393217894,"RNA polymerase-associated protein RTF1 homolog, transcript variant X1","liver"
"LOC115110237",93.5933877504949,-0.0236449179953085,0.0996443998348326,-0.237181786016137,0.812515765866751,0.935012496237401,"LIM and SH3 domain protein 1-like","liver"
"LOC115123999",89.6275767260305,-0.0236814387617632,0.12297995615677,-0.192678603051341,0.847210681732082,0.947128562462964,"14-3-3 protein eta-like","liver"
"LOC115133407",151.132320232751,-0.0238789869977365,0.114042217648817,-0.209300181598726,0.834213910021293,0.942624393217894,"H(+)/Cl(-) exchange transporter 3, transcript variant X4","liver"
"LOC115115711",167.066432468952,-0.023953099263948,0.120881616478116,-0.198153947597147,0.842924617471615,0.944668886668767,"complement C4-B-like","liver"
"LOC115139502",114.69176269438,-0.0241287704120657,0.107957102699872,-0.223502417303734,0.823144501974329,0.939436400348969,"serine/arginine-rich splicing factor 3, transcript variant X1","liver"
"stra6",304.146645775558,-0.0241576339159412,0.0971794281579912,-0.248580891291807,0.803684991146981,0.931458852222038,"stimulated by retinoic acid 6, transcript variant X2","liver"
"gpatch4",115.602505892261,-0.0243406749333541,0.107043724214824,-0.227324281655221,0.820171593272925,0.938523137052342,"G-patch domain containing 4, transcript variant X1","liver"
"LOC115121063",58.2461666111947,-0.0245778069583986,0.11913206033588,-0.206404339955963,0.836475081027753,0.942624393217894,"interferon-induced 35 kDa protein homolog","liver"
"LOC115107270",82.9982888428995,-0.0246206563545256,0.119104262730168,-0.206569495855257,0.836346085195639,0.942624393217894,"leucine-rich alpha-2-glycoprotein-like","liver"
"LOC115143779",67.5760444412453,-0.0246535355909724,0.114561053032868,-0.21534745747745,0.829496431747468,0.941916768058809,"probable peptidyl-tRNA hydrolase 2","liver"
"LOC115142970",3194.67829172259,-0.0247272463936374,0.101841072334937,-0.242798369039412,0.808161599091442,0.93184347323811,"peptidyl-prolyl cis-trans isomerase FKBP5-like","liver"
"LOC115137178",179.66507365096,-0.0247754208178542,0.0817064524008059,-0.303140564194041,0.761782741873175,0.912974553329921,"protein IWS1 homolog","liver"
"kpna4",355.969623023495,-0.0250823602524616,0.102835033220522,-0.243890005585687,0.807316009883631,0.931458852222038,"karyopherin subunit alpha 4","liver"
"LOC115132375",136.36694533626,-0.0253573096030007,0.0798103778898458,-0.317709086849456,0.750705617785712,0.905556702602712,"ubiquitin-conjugating enzyme E2 variant 1, transcript variant X2","liver"
"LOC115119901",92.8700940194394,-0.025421011152938,0.124096542863082,-0.204811819464538,0.837719152169733,0.942961127218176,"collagen alpha-2(I) chain-like, transcript variant X1","liver"
"LOC115121177",185.059843238025,-0.0254920173502022,0.109692577522594,-0.232288019541633,0.81631431700403,0.936475416861364,"beta-2 adrenergic receptor-like, transcript variant X2","liver"
"LOC115128846",64.6375244327695,-0.025599350155379,0.0956270364772443,-0.267653020981631,0.788966414543978,0.925310532724739,"M-phase phosphoprotein 8-like, transcript variant X4","liver"
"LOC115143439",60.8182671815416,-0.0256502150442706,0.107746538945347,-0.238238787456484,0.811695894988946,0.934596742365803,"T-cell leukemia translocation-altered gene protein homolog, transcript variant X2","liver"
"LOC115144285",148.234097877958,-0.0256688198817188,0.122164680494639,-0.210096906798488,0.83359203962284,0.942624393217894,"collagen alpha-1(I) chain-like","liver"
"LOC115114090",91.5924635366624,-0.025800970115285,0.110265653282403,-0.23379327637629,0.815145469616742,0.936475416861364,"disks large homolog 1-like, transcript variant X4","liver"
"LOC115119445",59.6343171437623,-0.0258029678484941,0.0943981257317601,-0.273305557934117,0.784618343307064,0.923773647406006,"uncharacterized LOC115119445","liver"
"LOC115143880",466.046848081895,-0.0258127865062751,0.123725118339449,-0.208608349133164,0.834753992307759,0.942624393217894,"histone H1.0-B-like","liver"
"LOC115117335",75.438781206341,-0.0261488195022723,0.121597294983183,-0.214908265456225,0.829838840554264,0.941916768058809,"phosphatidylinositol 4-kinase type 2-alpha-like, transcript variant X1","liver"
"LOC115138326",58.5590627366075,-0.0261722958361926,0.124068608098096,-0.211190100135103,0.83273893549228,0.942624393217894,"disintegrin and metalloproteinase domain-containing protein 17-like, transcript variant X2","liver"
"LOC115117528",60.7335777684005,-0.0262041362649021,0.102197470499325,-0.256747611431627,0.797373614572085,0.92912946054769,"AKT-interacting protein, transcript variant X1","liver"
"LOC115140091",216.351021195026,-0.0262374116010155,0.114407515761202,-0.229377672029332,0.818575388707546,0.938277076595038,"S-adenosylmethionine synthase","liver"
"amdhd1",100.909992247292,-0.0262497961281302,0.123121510256727,-0.213252334689707,0.831130149768314,0.942624393217894,"amidohydrolase domain containing 1","liver"
"fcho2",99.5948395851745,-0.0263618231429569,0.0906516444287848,-0.290749288942077,0.771243072054832,0.918070421469318,"FCH domain only 2, transcript variant X1","liver"
"LOC115138084",727.279437610437,-0.0263919164205433,0.0949317652070908,-0.278001787165534,0.781010986852043,0.922724864466356,"protein transport protein Sec24D-like, transcript variant X2","liver"
"LOC115144095",60.5023748731345,-0.0265095974719624,0.124159636834896,-0.213401655417753,0.831013689406539,0.942624393217894,"protein quaking-B-like, transcript variant X2","liver"
"LOC115128318",687.039560411682,-0.0265398669983496,0.107075446497356,-0.247853227965389,0.804247969540404,0.931458852222038,"60S ribosomal protein L11, transcript variant X2","liver"
"LOC115130155",63.5612689267842,-0.0265484224143412,0.108890340458067,-0.243819028288277,0.80737098255654,0.931458852222038,"ranBP-type and C3HC4-type zinc finger-containing protein 1-like, transcript variant X1","liver"
"LOC115102944",1551.20716776906,-0.0267600467946623,0.104625147968338,-0.255758525937972,0.798137300460721,0.929753540062275,"5-beta-cholestane-3-alpha,7-alpha-diol 12-alpha-hydroxylase-like","liver"
"hectd1",106.402635597754,-0.0268801940812777,0.0901390852561842,-0.29810998307498,0.76561922240706,0.914267973129301,"HECT domain E3 ubiquitin protein ligase 1, transcript variant X1","liver"
"LOC115128351",1461.27532177357,-0.0269566074767169,0.118464188005073,-0.227546655350373,0.819998694814369,0.938523137052342,"glyceraldehyde-3-phosphate dehydrogenase-like","liver"
"LOC115137108",76.8391157591645,-0.0270851279268941,0.121014177326545,-0.223767996513828,0.822937833604392,0.939436400348969,"latexin-like, transcript variant X3","liver"
"LOC115133057",244.513436507199,-0.027091513397493,0.0978921281831497,-0.276661421583243,0.782040097075546,0.922986466899473,"NEDD4 family-interacting protein 2-like, transcript variant X2","liver"
"enpp4",74.6257502879244,-0.0271649378992119,0.0933148544351074,-0.290949139529869,0.771090218234894,0.918070421469318,"ectonucleotide pyrophosphatase/phosphodiesterase 4, transcript variant X1","liver"
"prpf40a",106.739395416476,-0.0273498249218328,0.0907910231863435,-0.30115816760097,0.763293887251839,0.91335623489441,"pre-mRNA processing factor 40 homolog A, transcript variant X3","liver"
"LOC115113608",204.213404387759,-0.0274528527989169,0.0825270659830115,-0.332594376913914,0.739440488526634,0.900342680539803,"ATP-dependent RNA helicase DDX3X-like, transcript variant X6","liver"
"LOC115132228",271.749484987833,-0.0275314281564719,0.0861987914560613,-0.319337830261733,0.749470348790798,0.9043342633722,"cold shock domain-containing protein E1-like, transcript variant X14","liver"
"LOC115106764",64.5362891779795,-0.0276884295163773,0.091563611151974,-0.302197565409702,0.762501460057464,0.913298839610409,"protein IWS1 homolog, transcript variant X3","liver"
"LOC115137919",213.74861715076,-0.0279558437096724,0.123522242442991,-0.226284348420962,0.820980270854534,0.93908726733479,"protein NDRG2-like, transcript variant X1","liver"
"LOC115112268",63.4953836436396,-0.0283240552150195,0.0997248409126245,-0.283914137002972,0.776476182351414,0.920837043719629,"SAFB-like transcription modulator","liver"
"fam50a",71.6632209981586,-0.0283566327197608,0.112402076441358,-0.252107627928545,0.800957874125036,0.929850269135189,"family with sequence similarity 50 member A","liver"
"LOC115140200",65.2783660515309,-0.0283835357325263,0.0938918454323073,-0.302462946252223,0.762299176029512,0.913298839610409,"la-related protein 4-like, transcript variant X1","liver"
"pcdh1",208.160582961927,-0.0285085918840186,0.116166892987248,-0.24542999293391,0.806123508030475,0.931458852222038,"protocadherin 1, transcript variant X1","liver"
"sc5d",626.967009967756,-0.0288103085905464,0.124247835261052,-0.231914874172772,0.816604131536048,0.936544299420634,"sterol-C5-desaturase, transcript variant X1","liver"
"LOC115112975",297.817165709842,-0.0288446743833631,0.109914785285413,-0.262436891431071,0.792984633828265,0.926075391590294,"G-protein coupled receptor family C group 5 member C-like, transcript variant X1","liver"
"LOC115108054",242.311849811114,-0.0288457929311245,0.0815112329031954,-0.35384607579403,0.723454240989387,0.891145205884781,"profilin-2-like, transcript variant X1","liver"
"LOC115113722",122.47282259133,-0.0291950411786175,0.0846708546091215,-0.344868640432187,0.730193127225213,0.897006385343571,"nucleobindin-2-like, transcript variant X2","liver"
"LOC115134357",65.6237122249183,-0.0295279509951949,0.0991046046185219,-0.298023528661911,0.765685205860825,0.914267973129301,"NEDD4-like E3 ubiquitin-protein ligase WWP2, transcript variant X2","liver"
"LOC115108549",303.546534056673,-0.0298123087432815,0.0839930590753911,-0.354897660458956,0.72266626122742,0.89071293642666,"plasminogen activator inhibitor 1 RNA-binding protein-like, transcript variant X3","liver"
"LOC115125528",76.0633600411601,-0.0299870493872884,0.109282618199998,-0.274297993110285,0.78385562665651,0.923409113945646,"U2 snRNP-associated SURP motif-containing protein-like, transcript variant X6","liver"
"dnah17",155.847501123392,-0.0301131425576754,0.113989749802001,-0.264259954090505,0.791579615722592,0.926075391590294,"dynein axonemal heavy chain 17","liver"
"LOC115126837",2170.91889310131,-0.0301472068782673,0.119134657984775,-0.253052673081705,0.800227510188014,0.929850269135189,"BCL2/adenovirus E1B 19 kDa protein-interacting protein 3-like","liver"
"LOC115139449",947.895876335841,-0.0301992138681511,0.104056356865574,-0.290196820750061,0.771665668290943,0.918070421469318,"serine incorporator 1-like","liver"
"LOC115115089",193.998507791756,-0.0302214965449852,0.119549204986724,-0.252853412376084,0.800381491319289,0.929850269135189,"phosphatidylinositol 4-kinase type 2-alpha","liver"
"LOC115102269",93.8913200803476,-0.0303845322809576,0.0919623125404864,-0.330290062191931,0.741180801226336,0.900731349373448,"cyclin-dependent kinase 11B-like, transcript variant X10","liver"
"LOC115107027",103.114518848149,-0.0304362205439683,0.114366238404443,-0.26611154409035,0.790153304562341,0.925478410746007,"neuroepithelial cell-transforming gene 1 protein-like","liver"
"LOC115139412",68.5616974042703,-0.0308198493720263,0.102354069688075,-0.301316103618062,0.763173462301953,0.91335623489441,"RNA polymerase II subunit A C-terminal domain phosphatase SSU72, transcript variant X1","liver"
"LOC115133559",239.075737159058,-0.0308916242683854,0.115185768562315,-0.26817279940242,0.788566311317473,0.925310532724739,"U2 small nuclear ribonucleoprotein A'-like, transcript variant X1","liver"
"LOC115145021",994.184912156593,-0.0309019214509567,0.0908175556850766,-0.340260297264684,0.733660513417479,0.898462032230135,"sulfhydryl oxidase 1-like","liver"
"LOC115113279",143.826755858125,-0.0309142430685226,0.0986757275737761,-0.313253849939741,0.754087809251538,0.907220162487977,"ras-related protein ORAB-1-like","liver"
"clip1",149.60596999308,-0.0309916217650022,0.0818397583315967,-0.378625575071023,0.704965927593147,0.88115336426546,"CAP-Gly domain containing linker protein 1, transcript variant X4","liver"
"LOC115120569",154.858859048416,-0.0312123187193921,0.0818997219801753,-0.380993739555701,0.703207893951252,0.879799605594775,"clathrin interactor 1-like","liver"
"LOC115123914",127.0998564339,-0.0312478861539203,0.0869671245050459,-0.359435936976583,0.719268994665432,0.889788021284765,"ras-related protein Rab-5A, transcript variant X5","liver"
"LOC115139927",70.1950151998292,-0.0313273832430661,0.0874977048087817,-0.357889429766249,0.720426061342459,0.890374962411117,"ras-related protein Rab-35","liver"
"LOC115135342",113.417464018566,-0.0315403197703939,0.120940650270605,-0.260611523738786,0.794392102052025,0.926714999417303,"prominin-1-A-like","liver"
"LOC115143987",111.526694030889,-0.031883020043536,0.097912081655533,-0.325494807670002,0.744806611747795,0.903252528855702,"progranulin-like, transcript variant X2","liver"
"LOC115101318",67.8942218330165,-0.0318894115375542,0.122687796665632,-0.26003243989604,0.794838750645208,0.926970743241736,"peptidyl-prolyl cis-trans isomerase FKBP2-like","liver"
"LOC115101892",64.8106092234677,-0.0319420494253951,0.104739027357481,-0.304890456728691,0.760449584366801,0.912181431983249,"disks large-associated protein 4-like","liver"
"cpt2",61.2752624806218,-0.0321607862384931,0.103932650143731,-0.309531372047093,0.756917351626429,0.908746723189786,"carnitine palmitoyltransferase 2","liver"
"LOC115142811",105.23369001824,-0.0323770521906261,0.113203831164941,-0.285957828771311,0.774910421155381,0.919515247927025,"myotubularin-related protein 14-like, transcript variant X2","liver"
"LOC115103749",88.5534481399631,-0.0324099454150899,0.0956125070853485,-0.339031713911481,0.73458583924957,0.898462032230135,"puromycin-sensitive aminopeptidase-like, transcript variant X3","liver"
"hnrnpk",72.5508629550334,-0.0324145598443426,0.101071619679406,-0.320612851777272,0.74850379707117,0.904230083892442,"heterogeneous nuclear ribonucleoprotein K, transcript variant X1","liver"
"LOC115135011",81.2795874093418,-0.0326753228745762,0.0975797776883208,-0.334781332343006,0.737790043376221,0.900310743517266,"zinc transporter 6-like, transcript variant X1","liver"
"LOC115126443",664.346506857086,-0.0327906085852946,0.101104453651296,-0.324293735011186,0.745715662357313,0.903511155280486,"xanthine dehydrogenase/oxidase-like","liver"
"LOC115106032",116.777007968324,-0.0328230615967048,0.102606300679121,-0.319678439754929,0.749212105388829,0.904290358769579,"AF4/FMR2 family member 1-like, transcript variant X1","liver"
"LOC115136228",153.601169049842,-0.0328653488960264,0.0835046803127173,-0.393521175096506,0.693934587469228,0.874877011606734,"protein YIPF5-like","liver"
"LOC115120318",87.8233564373026,-0.03286722931294,0.0924238701027334,-0.355556418566092,0.72217278636838,0.890643351660368,"far upstream element-binding protein 1-like, transcript variant X1","liver"
"LOC115118153",232.216221312544,-0.0329064875508774,0.117451804298944,-0.28011569730735,0.779388741896191,0.921915924490754,"protein Tob1-like","liver"
"LOC115131480",71.8880963276428,-0.0330403612032369,0.122169226624406,-0.270434112537086,0.786826299418604,0.923982559860941,"CMP-N-acetylneuraminate-beta-galactosamide-alpha-2,3-sialyltransferase 1-like, transcript variant X1","liver"
"rpf1",61.5853400527714,-0.0330744160262896,0.121345947125112,-0.272406648754845,0.785309360976892,0.923786711498358,"ribosome production factor 1 homolog","liver"
"LOC115139811",279.194217248193,-0.0332107989586363,0.122876894662312,-0.270241518271114,0.78697445354196,0.923982559860941,"AN1-type zinc finger protein 5-like, transcript variant X1","liver"
"LOC115119478",104.243518175249,-0.0332439206647164,0.0853052035308693,-0.389742345504426,0.696727080498573,0.877041253895053,"heterogeneous nuclear ribonucleoprotein A/B-like, transcript variant X1","liver"
"LOC115105092",75.6998897009363,-0.0333126122845329,0.0798459208630738,-0.418262592628306,0.675755136372307,0.863441359201731,"cAMP-responsive element modulator-like, transcript variant X2","liver"
"LOC115145962",101.507597437519,-0.033443662398648,0.10234184607951,-0.326703870944818,0.743891872189414,0.902888945336447,"MAGUK p55 subfamily member 5-A-like, transcript variant X3","liver"
"LOC115136136",221.348990935882,-0.0335105978846332,0.106831984975118,-0.313716147634222,0.753736635450343,0.907065404811219,"phosphatidylinositol-binding clathrin assembly protein-like, transcript variant X5","liver"
"LOC115143211",102.714811341985,-0.0335354461306341,0.0949396985466566,-0.35341037124321,0.723780811720015,0.891278123435282,"F-actin-capping protein subunit beta isoforms 1 and 2, transcript variant X1","liver"
"st5",131.479929825356,-0.0336591288720452,0.123718827485809,-0.272061709447283,0.78557457082707,0.923832068866456,"suppression of tumorigenicity 5, transcript variant X3","liver"
"LOC115109291",254.617912234493,-0.0338858313258239,0.102791202577641,-0.329679782160817,0.741641931931597,0.900893066598573,"group XV phospholipase A2-like","liver"
"LOC115110577",108.360521231845,-0.0339116535092035,0.0859681146121504,-0.394455968622371,0.693244429304083,0.874547908958045,"interleukin enhancer-binding factor 3 homolog, transcript variant X1","liver"
"tex15",133.119109482237,-0.0340038734775114,0.103142580595339,-0.329528943912065,0.741755920388815,0.900893066598573,"testis expressed 15, meiosis and synapsis associated, transcript variant X3","liver"
"LOC115142378",80.4475463175024,-0.0341795473311948,0.0963165421090859,-0.354981417423642,0.722603512585403,0.89071293642666,"double-stranded RNA-binding protein Staufen homolog 1-like","liver"
"LOC115137976",57.4164186093456,-0.0342982303127654,0.0887684055488061,-0.38630397601954,0.69927155619184,0.878359688644006,"apoptotic chromatin condensation inducer in the nucleus-like","liver"
"LOC115139812",299.107204537341,-0.0343707820486367,0.122242452189787,-0.281189660378792,0.778564934689265,0.921915924490754,"protein OS-9-like, transcript variant X2","liver"
"LOC115113322",66.224091321379,-0.0346211907981836,0.106008717355981,-0.326476614192446,0.744063780025792,0.902888945336447,"echinoderm microtubule-associated protein-like 4, transcript variant X3","liver"
"LOC115117856",82.2295927065582,-0.0346427703804947,0.123913689585091,-0.279777212798457,0.77964843536294,0.921915924490754,"serum paraoxonase/arylesterase 2-like","liver"
"LOC115112929",73.3227053464767,-0.0346982448835517,0.116439080393783,-0.298008271176024,0.7656968508057,0.914267973129301,"probable low-specificity L-threonine aldolase 2, transcript variant X2","liver"
"pawr",132.203053316925,-0.0347244619953438,0.0968549866683053,-0.358435192252303,0.72001765917646,0.890140120959434,"pro-apoptotic WT1 regulator, transcript variant X2","liver"
"LOC115124538",78.4939217331793,-0.0348017448194715,0.123878697219275,-0.28077617673996,0.778882077090003,0.921915924490754,"amyloid-like protein 2","liver"
"LOC115126024",146.397093480542,-0.0348179051390303,0.105195845973569,-0.330927412034263,0.740699315651686,0.900731349373448,"forkhead box protein A2-like","liver"
"LOC115108211",174.81224731205,-0.0351144943717737,0.0857519913828463,-0.40962867362453,0.682078359684994,0.867983576046218,"unconventional myosin-IXb-like, transcript variant X3","liver"
"LOC115142398",252.978628429685,-0.0351658632150072,0.103362878626698,-0.340296048212355,0.733633592844017,0.898462032230135,"protein transport protein Sec23B","liver"
"LOC115131796",78.1258543698235,-0.0354752008540835,0.123429060103797,-0.287203211964408,0.773956727086147,0.919152526966405,"plexin-A1-like","liver"
"LOC115129609",74.1509595525121,-0.0355259796500289,0.0812759446438599,-0.436901990314996,0.662182428454944,0.855456851103011,"amyloid-beta A4 protein-like, transcript variant X1","liver"
"LOC115132931",61.9295109371222,-0.0355315538854963,0.114715644743899,-0.309751384089384,0.756750024282594,0.908746723189786,"ADP-ribosylation factor GTPase-activating protein 3-like","liver"
"LOC115117337",75.7609916927975,-0.0355823527042173,0.124094527116723,-0.286501667440941,0.774493916540629,0.919288644094235,"phosphoglycerate mutase 1-like","liver"
"LOC115126322",67.0856043414136,-0.0356756236647073,0.0925939404778784,-0.385058091897021,0.700194376338132,0.878359688644006,"tyrosine-protein phosphatase non-receptor type 11","liver"
"LOC115138421",86.7294171777349,-0.0358115989292433,0.110225458804901,-0.324641611476441,0.745452330134609,0.903497977290712,"transmembrane protein 50A-like","liver"
"LOC115121148",82.1025589129331,-0.0358142125551619,0.0887608352148365,-0.403362144705445,0.686681830861863,0.869498335692126,"3-hydroxy-3-methylglutaryl-coenzyme A reductase-like","liver"
"LOC115135660",166.820708160277,-0.0358354833707726,0.0851460812315664,-0.420839596286117,0.673872215531348,0.861687651672654,"cofilin-2-like","liver"
"LOC115143106",122.966389950703,-0.0358580980269487,0.0588233945510564,-0.617405151047523,0.536967525281796,0.773111844948287,"leucine-rich repeat neuronal protein 1-like, transcript variant X1","liver"
"gmppb",66.1914024622151,-0.0361287418625099,0.11863917504103,-0.30454567175681,0.760712203034244,0.912227990458246,"GDP-mannose pyrophosphorylase B","liver"
"LOC115128415",255.786529420827,-0.0361439082545843,0.096462922253209,-0.374595773548296,0.707961116763087,0.882287726690895,"ectonucleotide pyrophosphatase/phosphodiesterase family member 2-like, transcript variant X2","liver"
"apom",93.3277918063711,-0.0363810479553134,0.12107781375597,-0.300371411588761,0.763893867702415,0.91335623489441,"apolipoprotein M","liver"
"LOC115103917",61.5050275129818,-0.0364247459651083,0.123116307850742,-0.295420944599775,0.767672335427523,0.915725033421885,"cytochrome P450 2D14-like","liver"
"LOC115109273",64.2874842622867,-0.0364403238876775,0.0785883459366633,-0.46360034344212,0.64293410825301,0.844861624160791,"serine/threonine-protein phosphatase 6 regulatory subunit 3-like, transcript variant X5","liver"
"LOC115105571",139.963072433106,-0.0365123379224747,0.12339382791695,-0.296149771863705,0.76711570534605,0.91559695900161,"dolichyl-diphosphooligosaccharide--protein glycosyltransferase subunit STT3A-like","liver"
"LOC115107575",65.9896392656522,-0.0367871384485062,0.110123106077303,-0.333856358444599,0.738487952981939,0.900342680539803,"ammonium transporter Rh type A-like","liver"
"LOC115113640",84.5156389550144,-0.0371120571626764,0.0981848077552141,-0.377950580815287,0.705467306379975,0.881223048482612,"ubiquitin carboxyl-terminal hydrolase 47-like, transcript variant X4","liver"
"LOC115128539",123.890065664614,-0.0371568190058511,0.109409624871367,-0.339449567883634,0.734271082990909,0.898462032230135,"phosphatase and actin regulator 4A-like, transcript variant X2","liver"
"LOC115122446",464.371097053194,-0.0371825680443173,0.114389945778094,-0.324997808105536,0.745182730606692,0.903439860188245,"solute carrier family 2, facilitated glucose transporter member 2-like, transcript variant X1","liver"
"LOC115121439",95.066630745818,-0.0373030376355501,0.0920007301592804,-0.405507929674268,0.685104190836644,0.869229610243837,"solute carrier family 41 member 2-like","liver"
"LOC115105023",175.114923349354,-0.0384955944566875,0.115450258184628,-0.333385822707994,0.738843063490866,0.900342680539803,"T-complex protein 1 subunit epsilon-like","liver"
"LOC115129280",63.4297856092003,-0.0386533178099657,0.0683521991748044,-0.56908063049851,0.569301422520534,0.795499690844599,"selenoprotein T2-like","liver"
"LOC115120772",120.136946784711,-0.0386837682915211,0.0903972455464465,-0.427850700242514,0.668759821788717,0.859352154353975,"protein phosphatase 1B-like, transcript variant X1","liver"
"LOC115137110",99.1492098990056,-0.038701401851899,0.0790843175239771,-0.489352375571772,0.6245922465923,0.83632234990038,"coatomer subunit delta-like, transcript variant X2","liver"
"LOC115104047",172.823484967626,-0.0388324375061116,0.121239236825575,-0.320329606183718,0.748718482123894,0.904230083892442,"pyruvate dehydrogenase (acetyl-transferring) kinase isozyme 2, mitochondrial-like","liver"
"LOC115142710",238.110346227805,-0.0389601806752834,0.115119118743261,-0.338435657821241,0.735034906723767,0.898620959749872,"protein bicaudal D homolog 2-like, transcript variant X4","liver"
"LOC115135598",64.5489005142331,-0.0389926376196877,0.114960852079605,-0.338900771572213,0.734684483175427,0.898462032230135,"U2 snRNP-associated SURP motif-containing protein-like, transcript variant X2","liver"
"LOC115129513",137.600652523813,-0.0390278678726509,0.116639292872487,-0.33457034899216,0.737949215142623,0.900310743517266,"signal recognition particle subunit SRP72-like, transcript variant X3","liver"
"kiaa0232",291.647157505708,-0.0392773769930339,0.122135391392329,-0.321529544808488,0.747809126370239,0.904230083892442,"KIAA0232 ortholog, transcript variant X1","liver"
"LOC115144985",94.0322379572444,-0.0393508346092681,0.122169546414539,-0.321818764022976,0.747589998280907,0.904230083892442,"ankyrin repeat domain-containing protein 24-like","liver"
"LOC115105656",118.157400513539,-0.0395117582016041,0.0929503317561931,-0.424829674985974,0.670960843399482,0.861216977405008,"THO complex subunit 2-like, transcript variant X2","liver"
"LOC115128567",65.0433590182741,-0.0396661862889497,0.10754631967661,-0.368948207778976,0.712166329613655,0.885807128320189,"septin-7-like, transcript variant X3","liver"
"LOC115104886",249.674863858019,-0.0398502030241183,0.103519725937652,-0.384830802447591,0.700362776294829,0.878359688644006,"aspartyl/asparaginyl beta-hydroxylase-like, transcript variant X9","liver"
"LOC115101583",148.975068187766,-0.0398657731876672,0.102622747489954,-0.388480615353157,0.69766039657049,0.877944975739833,"eukaryotic translation initiation factor 4 gamma 1-like","liver"
"ralgapa2",162.914484750877,-0.0398704290379913,0.123382248351526,-0.323088636007092,0.746628116295077,0.904116518722144,"Ral GTPase activating protein catalytic alpha subunit 2, transcript variant X1","liver"
"LOC115138738",213.94722109059,-0.0401625591178813,0.10068735463552,-0.398930818870428,0.689944180017421,0.871193456552357,"trifunctional enzyme subunit alpha, mitochondrial-like","liver"
"LOC115119919",353.366700624002,-0.0402260586832944,0.108701289476371,-0.370096094355652,0.711310892090466,0.885013185641251,"peptidyl-prolyl cis-trans isomerase A-like","liver"
"LOC115129349",4661.95843477038,-0.040280732444915,0.100477741401361,-0.400889955819915,0.688501145213812,0.870449959023418,"fructose-bisphosphate aldolase B-like","liver"
"LOC115145225",103.118841101284,-0.0402847205111371,0.0881499985488794,-0.45713825980773,0.647571671838758,0.848441701836959,"protein arginine N-methyltransferase 1-like, transcript variant X4","liver"
"arglu1",57.3254170815453,-0.0403549632456686,0.106372956496133,-0.379283007491778,0.704477716719258,0.880813243358189,"arginine and glutamate rich 1, transcript variant X1","liver"
"LOC115132933",163.193607724064,-0.0407554024975032,0.0903242853837636,-0.451228580379464,0.651824812931097,0.851277775554999,"protein kinase C and casein kinase substrate in neurons protein 2-like, transcript variant X3","liver"
"LOC115113034",147.877758631296,-0.0408282224953153,0.0622382188253225,-0.663940940526603,0.506728111695085,0.757363748897249,"glutathione S-transferase 3-like","liver"
"LOC115107121",95.0978340782127,-0.040870438068931,0.0952766140298998,-0.428744953213173,0.668108842513728,0.859180422952549,"protein SCAF11-like, transcript variant X1","liver"
"LOC115134836",225.326374192794,-0.0409249803516274,0.122288352948475,-0.334559163844609,0.73795765384581,0.900310743517266,"hepatocyte growth factor receptor-like","liver"
"LOC115111957",143.55807195461,-0.0409672103321251,0.0764088451426123,-0.536190002308402,0.591827242417879,0.812590224908425,"splicing factor U2AF 65 kDa subunit-like, transcript variant X1","liver"
"LOC115144984",69.3099335373556,-0.0413800161403,0.111328105266282,-0.371608939362814,0.710184032365917,0.884150921173939,"C3 and PZP-like alpha-2-macroglobulin domain-containing protein 8","liver"
"LOC115140887",66.2067235634261,-0.041383764621463,0.11454045463298,-0.361577442356493,0.717667824084639,0.889122811844678,"serine protease hepsin-like","liver"
"LOC115107029",59.8367789485677,-0.0416439265111947,0.122817789033009,-0.33914523120767,0.734500325825917,0.898462032230135,"transcription termination factor 1-like, transcript variant X1","liver"
"LOC115105286",107.288895736673,-0.0417205046033613,0.071228331713064,-0.585846973159399,0.557978354269863,0.784560432675476,"S-phase kinase-associated protein 1","liver"
"mcoln2",668.180652135692,-0.0418289106775995,0.0704173484455482,-0.593989213206833,0.552519327643805,0.78115462347421,"mucolipin 2, transcript variant X2","liver"
"LOC115146240",114.064805554159,-0.0419332402716072,0.102909152908928,-0.407257063587949,0.683819194415673,0.869229610243837,"zinc finger FYVE domain-containing protein 1-like","liver"
"LOC115131629",113.199438140293,-0.0419863105781911,0.115887193330662,-0.362201739862921,0.717201279483824,0.888814963568278,"protein capicua homolog","liver"
"LOC115144978",88.6968552498805,-0.0419952109931863,0.0957072529244158,-0.438588564051406,0.660959684858002,0.854759755834176,"inhibitor of growth protein 5-like","liver"
"LOC115124927",158.515074445309,-0.042220774082913,0.123065392320533,-0.343121624331288,0.731506963691065,0.897947443519878,"mesencephalic astrocyte-derived neurotrophic factor-like","liver"
"LOC115139667",147.056366656961,-0.0422991606084335,0.0828706512951852,-0.510313685173658,0.609831716638932,0.826904217238951,"serine/threonine-protein phosphatase 2A 56 kDa regulatory subunit alpha isoform-like","liver"
"LOC115114484",554.078169111323,-0.0424524556602806,0.102408748117616,-0.414560359447773,0.678463772180879,0.865274823344575,"glutamine synthetase","liver"
"LOC115136144",618.305763215748,-0.0428016142980637,0.0553049836593005,-0.773893434697313,0.438993812373481,0.705835284640182,"protein Jade-1-like, transcript variant X1","liver"
"LOC115110859",100.079076573614,-0.0430047296575519,0.117217361214286,-0.366508219792531,0.713985880179833,0.886819001174329,"uncharacterized LOC115110859","liver"
"LOC115142689",346.665410993086,-0.0430119444011144,0.092789538152256,-0.463545108539233,0.642973689437383,0.844861624160791,"ribosome-binding protein 1-like, transcript variant X1","liver"
"LOC115133226",148.939021957671,-0.0431649127773207,0.12327323534601,-0.349926864475133,0.726393585150645,0.893146381017807,"regulator of nonsense transcripts 2-like, transcript variant X2","liver"
"LOC115131523",81.2061907145801,-0.0432776497507719,0.0783309931244283,-0.552349856326433,0.580708678557064,0.803997477513108,"A-kinase anchor protein 9-like, transcript variant X2","liver"
"LOC115110395",197.060132757984,-0.0433173675594695,0.120554439138322,-0.359399493321244,0.719296253712782,0.889788021284765,"hemoglobin subunit beta-like","liver"
"atg4c",65.2541047712577,-0.0434362331493928,0.096433928362407,-0.450556582428637,0.652309164906117,0.851624063141288,"autophagy related 4C cysteine peptidase","liver"
"LOC115135363",132.353096350408,-0.0434622775516765,0.0811666738374466,-0.535412123079667,0.5923649089392,0.812590224908425,"kinesin light chain 1-like, transcript variant X1","liver"
"LOC115132199",95.4928172703322,-0.0435299618656019,0.0888665351482201,-0.48967286966616,0.624365402902253,0.83632234990038,"probable ubiquitin carboxyl-terminal hydrolase FAF-X, transcript variant X2","liver"
"LOC115128714",133.57559559909,-0.0435793977246338,0.116894261133747,-0.372665707211775,0.709397262455096,0.883441259323853,"protein NDRG1-like, transcript variant X1","liver"
"LOC115107494",87.5518204253413,-0.0436450872353447,0.121516312217201,-0.359080720576685,0.719534703884731,0.889812940847744,"forkhead box protein N3-like","liver"
"LOC115102434",148.23597192058,-0.043744232453004,0.0968613991378888,-0.451472211190055,0.651649248858273,0.851277775554999,"DAZ-associated protein 2-like","liver"
"LOC115103021",258.157675735485,-0.0437777820207157,0.124216546483685,-0.352504419393426,0.724460004710479,0.89172023206053,"glutamine synthetase","liver"
"LOC115102242",85.3619310118486,-0.0439656037231415,0.0936827879857979,-0.469185162478656,0.638937290188235,0.843720700940341,"bile acid receptor-like, transcript variant X4","liver"
"LOC115124621",83.9500660641371,-0.0439965468286948,0.0898674968192109,-0.489346988815254,0.624596059608525,0.83632234990038,"ankyrin repeat and KH domain-containing protein 1-like","liver"
"LOC115107902",62.7125693121742,-0.0440087326857587,0.0948527909196896,-0.463994072768804,0.642651992233716,0.844861624160791,"RNA-binding protein 25-like, transcript variant X2","liver"
"LOC115111727",69.7737366315065,-0.0440191958747016,0.115951815621132,-0.379633975147916,0.704217137129585,0.880757609984716,"B-cell linker protein-like","liver"
"cdc73",90.613793090769,-0.0444052588363889,0.109274791566762,-0.406343050933512,0.684490557360077,0.869229610243837,"cell division cycle 73","liver"
"LOC115132979",159.407147744224,-0.0444625050097241,0.0839381983880687,-0.531291084087981,0.595217082876483,0.814949556534949,"cystine/glutamate transporter-like","liver"
"LOC115114347",144.405531856816,-0.0446889219747861,0.0815416701190859,-0.547964955617026,0.583715965983922,0.806244079075048,"integrin beta-1-like","liver"
"gata4",121.912375570461,-0.0448082753985492,0.0901727771007539,-0.496658535859299,0.619429866964343,0.83406650311848,"GATA binding protein 4, transcript variant X2","liver"
"LOC115113815",73.6474310401144,-0.0448157675399545,0.124197844969925,-0.360807607228748,0.718243275600719,0.889565357444099,"fatty acid synthase-like","liver"
"dync1h1",215.090719153435,-0.0450544256765437,0.104862046526258,-0.429734744286456,0.667388606414431,0.859180422952549,"dynein cytoplasmic 1 heavy chain 1, transcript variant X1","liver"
"LOC115129450",143.766251625072,-0.0452286440378929,0.123495237789818,-0.366398546613314,0.714067704085905,0.886819001174329,"histidine--tRNA ligase, cytoplasmic-like, transcript variant X2","liver"
"LOC115118068",88.5947568746489,-0.0452786843618185,0.116150335795146,-0.389795134689517,0.69668804173252,0.877041253895053,"cyclin-G1-like, transcript variant X1","liver"
"LOC115144992",7419.34707789734,-0.0452970494511353,0.0949621498083439,-0.477000423297327,0.633361820213964,0.840906442733589,"leucine-rich repeat-containing protein 7-like","liver"
"LOC115106271",65.7900638810098,-0.0453191018612279,0.0917343497187884,-0.493645662982724,0.621556446056693,0.834934682276343,"NADH dehydrogenase [ubiquinone] 1 alpha subcomplex subunit 12-like","liver"
"LOC115138153",65.5281036912049,-0.0455073955709571,0.0976790210765887,-0.465736213579916,0.641404327668771,0.844705667068792,"DNA-directed RNA polymerase II subunit RPB1-like","liver"
"LOC115105139",88.9983928985046,-0.04562980505071,0.0903482760596286,-0.504836981950554,0.613673338658162,0.829904621224509,"ubiquitin-protein ligase E3C-like","liver"
"LOC115140935",72.1134169472392,-0.0456325945466553,0.10449627712274,-0.437230348297367,0.661944302525644,0.855448629389513,"squalene monooxygenase-like","liver"
"LOC115116794",83.7972489477296,-0.045698055969826,0.1219735572417,-0.374715025163653,0.707872416665602,0.882287726690895,"transmembrane emp24 domain-containing protein 10-like","liver"
"LOC115111587",700.205990786498,-0.0457910493379908,0.109763321688507,-0.417164799856274,0.676557870140035,0.86413714634781,"bone morphogenetic protein 1-like, transcript variant X1","liver"
"LOC115106409",73.5009676642609,-0.0461843493511475,0.0860767305934907,-0.536503159912913,0.591610852618186,0.812590224908425,"mitogen-activated protein kinase 8, transcript variant X2","liver"
"LOC115128529",59.1614062395934,-0.0464537924478364,0.123025590339027,-0.37738640249286,0.705886470386587,0.881223048482612,"nuclear migration protein nudC-like","liver"
"abhd6",380.008149291958,-0.0465747185159745,0.11594270011681,-0.401690891495417,0.687911528751597,0.870358242046126,"abhydrolase domain containing 6, transcript variant X1","liver"
"LOC115102228",96.6733704667133,-0.04671048665237,0.0882341462459856,-0.529192207150476,0.596672122050592,0.81584554494405,"E3 ubiquitin-protein ligase UBR5-like, transcript variant X1","liver"
"LOC115101737",6826.48335807038,-0.0469161070037191,0.122344447994006,-0.383479413074441,0.701364331740883,0.878537497288211,"apolipoprotein Eb-like","liver"
"LOC115122005",1107.0310265508,-0.0469826776580646,0.1242427379083,-0.378185150495682,0.705293055921954,0.881223048482612,"uncharacterized LOC115122005","liver"
"LOC115113439",116.191067392898,-0.0470518529693519,0.11598400816488,-0.405547102170212,0.685075402877033,0.869229610243837,"alpha-(1,3)-fucosyltransferase 9-like","liver"
"LOC115111409",77.2813586524827,-0.0470860453998901,0.0968333437217579,-0.487070691555601,0.626208235353388,0.837135049950938,"prolactin receptor-like","liver"
"LOC115124847",123.033296554899,-0.0471673442144967,0.122878436079602,-0.383809025375827,0.701119998186108,0.878501417954681,"fatty acid desaturase 2-like","liver"
"rab3il1",79.3227323225395,-0.0471847958446892,0.102092382808765,-0.462058687298534,0.644039235236863,0.845234929698462,"RAB3A interacting protein like 1, transcript variant X1","liver"
"LOC115127112",76.147200548596,-0.0472796732289823,0.0897304689751954,-0.526786176140056,0.598342083741181,0.817306411973543,"programmed cell death protein 10-like","liver"
"LOC115144726",245.886270681119,-0.0472869351954279,0.117099886238491,-0.403940666799116,0.686256350776415,0.869229610243837,"nucleobindin-2-like","liver"
"LOC115139814",823.344427694992,-0.0475146550421374,0.111479119413547,-0.426198885151671,0.669962929785634,0.860626820613377,"guanine deaminase-like, transcript variant X3","liver"
"LOC115103792",571.831697185516,-0.0475455442710082,0.121278479943174,-0.39211251979641,0.694975077307992,0.875647114407225,"protein disulfide-isomerase-like","liver"
"LOC115138434",93.6184468431161,-0.0475972014533744,0.087019027339107,-0.546879524750397,0.584461503426478,0.806453990509927,"KH domain-containing, RNA-binding, signal transduction-associated protein 1-like, transcript variant X1","liver"
"LOC115112315",252.74459787466,-0.0477234358807157,0.124260524727458,-0.384123578393737,0.700886856532626,0.878479344165739,"cytochrome P450 2D15-like","liver"
"ccdc186",65.0120173241549,-0.0477315865052963,0.100641195679227,-0.474086922436277,0.635437923848572,0.84167206276547,"coiled-coil domain containing 186, transcript variant X4","liver"
"LOC115110364",107.070373194122,-0.0477968303469924,0.119073412593916,-0.401278532301648,0.688215067250899,0.870358242046126,"hemoglobin subunit alpha-like, transcript variant X1","liver"
"LOC115104119",114.119846060415,-0.0479877271980887,0.0960927564305376,-0.499359604514193,0.617526071712907,0.832904125844411,"dnaJ homolog subfamily C member 7-like, transcript variant X1","liver"
"LOC115104222",148.475006944752,-0.047990329586969,0.118775646761896,-0.403961366005934,0.686241129171159,0.869229610243837,"hemoglobin subunit alpha-4","liver"
"LOC115113265",171.873807640078,-0.0480101675647097,0.0860686014471055,-0.557726542584541,0.577031130064376,0.801355668191618,"core histone macro-H2A.2-like, transcript variant X2","liver"
"LOC115143446",234.461070509288,-0.048013168532426,0.10847117476786,-0.442577035018371,0.65807169862884,0.854366108435857,"hepatocyte growth factor-like protein","liver"
"farsb",80.8128051067529,-0.0480891257661449,0.119433425066007,-0.402757402270462,0.687126701119673,0.869791439057077,"phenylalanyl-tRNA synthetase subunit beta","liver"
"LOC115105927",70.5392427231152,-0.0481349806836457,0.101538002075994,-0.474014812792923,0.635489344214573,0.84167206276547,"heterogeneous nuclear ribonucleoprotein D-like, transcript variant X1","liver"
"LOC115141171",65.7930392094466,-0.0483560499778706,0.0991691553505627,-0.48733642131814,0.626019941300031,0.837135049950938,"carboxy-terminal domain RNA polymerase II polypeptide A small phosphatase 2-like","liver"
"LOC115138704",62.1070165103728,-0.0484087292175312,0.0900334622552257,-0.537339239390888,0.591033305449048,0.812222438641375,"AT-rich interactive domain-containing protein 4A-like, transcript variant X1","liver"
"gk5",135.522587972879,-0.0484536361371182,0.109044769225523,-0.444289658159463,0.656833177315843,0.853715571026587,"glycerol kinase 5","liver"
"LOC115136850",154.773626366626,-0.0486954535343828,0.097926659528378,-0.497307514421183,0.618972213507107,0.833751071465621,"stAR-related lipid transfer protein 13-like","liver"
"LOC115139046",260.854098023738,-0.0487954666316973,0.101663999694076,-0.48039712028794,0.630945041591134,0.83995494027948,"probable E3 ubiquitin-protein ligase TRIML1","liver"
"LOC115131902",78.0603017944428,-0.0488502962449475,0.120816033179253,-0.404349431545787,0.68595578042828,0.869229610243837,"proteasome subunit alpha type-7-like","liver"
"LOC115134403",130.032617269628,-0.0490745489228822,0.0896147832306353,-0.547610342338612,0.583959486411043,0.806307204136657,"salivary glue protein Sgs-3-like, transcript variant X1","liver"
"LOC115138070",382.461068993888,-0.0491076948947042,0.113353720378652,-0.433296607371296,0.66479930251644,0.857778397295667,"dolichyl-diphosphooligosaccharide--protein glycosyltransferase subunit 1-like","liver"
"LOC115135119",200.994101419525,-0.0491177079838595,0.0961243406798121,-0.51095745414483,0.609380848819424,0.82682320995247,"apoptosis-stimulating of p53 protein 2-like, transcript variant X3","liver"
"LOC115143982",63.8417628777072,-0.0491758627692828,0.116818908240122,-0.420578462977792,0.674062923183415,0.861687651672654,"NACHT, LRR and PYD domains-containing protein 12-like, transcript variant X2","liver"
"LOC115101306",95.7692958492866,-0.0498487880332352,0.0822120700072876,-0.606483400456308,0.544193801864855,0.775842580063361,"AMME syndrome candidate gene 1 protein-like, transcript variant X1","liver"
"LOC115136672",81.3689160880933,-0.0498949738573224,0.110214941337056,-0.45287906793212,0.650635824416671,0.850542533778816,"vasodilator-stimulated phosphoprotein-like, transcript variant X1","liver"
"LOC115118125",206.428576044506,-0.0499518094015519,0.0839455999351156,-0.59505014634826,0.551809951499232,0.780469839198218,"serine/arginine-rich splicing factor 5-like, transcript variant X2","liver"
"LOC115146152",500.513901031112,-0.0500377789417533,0.113521369473191,-0.440744167084975,0.65939821788135,0.854596863619836,"estrogen receptor beta-like, transcript variant X5","liver"
"LOC115114581",159.382967600925,-0.0507388762085614,0.120354083063243,-0.421427712459468,0.673442786556717,0.861687651672654,"ubiquitin carboxyl-terminal hydrolase 14-like, transcript variant X2","liver"
"LOC115127657",122.632497738273,-0.0511921057317981,0.124269766362326,-0.412346397796147,0.680085545420814,0.866529754027896,"translocon-associated protein subunit gamma-like","liver"
"LOC115119968",3127.08066493603,-0.0512825504232603,0.121746113018519,-0.421234426755959,0.673583907621057,0.861687651672654,"L-rhamnose-binding lectin CSL1, transcript variant X1","liver"
"LOC115101281",70.392176917002,-0.051349320834903,0.119055324754026,-0.431462514806355,0.666132102973214,0.858682622301968,"nucleophosmin-like, transcript variant X2","liver"
"LOC115144815",96.9604136409858,-0.0515018031575891,0.122443898191603,-0.420430176874896,0.67417122698334,0.861687651672654,"5-hydroxyisourate hydrolase-like, transcript variant X1","liver"
"LOC115105371",88.1216813019984,-0.0517163644187094,0.124272409576674,-0.416648267624943,0.676935698795034,0.86413714634781,"histone H2A-like","liver"
"farp1",69.2137064143858,-0.0517839237802052,0.11858296648458,-0.436642800526886,0.662370417586139,0.855456851103011,"FERM, ARH/RhoGEF and pleckstrin domain protein 1, transcript variant X4","liver"
"LOC115126711",1273.52703798489,-0.0519259143034807,0.107432380571924,-0.483708376741364,0.62859284742318,0.838672486447425,"complement factor H-like","liver"
"LOC115131812",82.0914045476614,-0.0519863487815452,0.110725750617336,-0.469162220081513,0.638953687760209,0.843720700940341,"vitamin D3 receptor B-like","liver"
"LOC115131622",121.839985643435,-0.0521236868176063,0.108632524545147,-0.479803443105496,0.631367164364363,0.83995494027948,"tubulin beta chain","liver"
"map3k19",83.1440917153806,-0.052585188016167,0.124268600702216,-0.422774009126648,0.672460152371807,0.861687651672654,"mitogen-activated protein kinase kinase kinase 19, transcript variant X1","liver"
"slc7a2",186.338147574011,-0.0529673284584683,0.115544226826317,-0.458252790292487,0.646770837173842,0.847664930006617,"solute carrier family 7 member 2, transcript variant X1","liver"
"LOC115111358",312.917818839964,-0.0530924021024059,0.0897410280747883,-0.591607188044515,0.554113659381302,0.782250760109554,"proprotein convertase subtilisin/kexin type 5-like, transcript variant X1","liver"
"LOC115128393",93.6504567212165,-0.053735679536186,0.119627530658624,-0.449613319152183,0.652989282571343,0.851877000584101,"zinc transporter Slc39a7-like","liver"
"LOC115141503",441.72193063051,-0.0537374820342226,0.103799754502164,-0.517649209986907,0.604703040867837,0.824337657049266,"inositol-trisphosphate 3-kinase C-like, transcript variant X1","liver"
"LOC115142820",132.793921959633,-0.0539693345424875,0.0963426545996261,-0.560311670924489,0.575266868140055,0.80054208075755,"ubiquitin-conjugating enzyme E2 variant 1-like","liver"
"LOC115125676",114.406205508419,-0.0540574927903074,0.116762349478337,-0.462686257346614,0.643589270247621,0.845234929698462,"RING finger protein 145-like, transcript variant X5","liver"
"LOC115102893",80.8856138944832,-0.054105173406114,0.0937916341432114,-0.576495856834199,0.564280069511647,0.790019412923563,"insulin receptor-like","liver"
"LOC115111779",68.227898043735,-0.0541505908295325,0.114419328360391,-0.472709464909215,0.636420472998959,0.842223976605116,"erlin-2-like, transcript variant X3","liver"
"LOC115130339",99.0433756633311,-0.0544502695055179,0.0832767748780621,-0.653636204340322,0.513346213318464,0.761057923821543,"poly(U)-binding-splicing factor PUF60-like, transcript variant X4","liver"
"LOC115108057",118.156234076999,-0.0545059472727778,0.12391343404166,-0.439956007063784,0.659968970383128,0.854759755834176,"glutaminase kidney isoform, mitochondrial-like, transcript variant X5","liver"
"acoxl",194.335061130707,-0.0545225591274892,0.119811453200374,-0.45493615039521,0.649155174465734,0.849294294651073,"acyl-CoA oxidase like, transcript variant X1","liver"
"LOC115111672",75.0976138968376,-0.0545749515880397,0.121991613169595,-0.446745022901802,0.655059170160934,0.853670707268556,"mitochondrial sodium/calcium exchanger protein-like, transcript variant X1","liver"
"f5",6675.94711861154,-0.0546180453140065,0.101035313092878,-0.540581119942663,0.588796334093312,0.809584272328801,"coagulation factor V","liver"
"LOC115103833",121.959207798222,-0.0546812135784974,0.0863731897610804,-0.633003968665556,0.526731051340289,0.768966964635751,"probable helicase with zinc finger domain, transcript variant X5","liver"
"LOC115124380",182.646688598126,-0.0548412004693312,0.114885575834178,-0.477177617538717,0.633235647940922,0.840906442733589,"uncharacterized LOC115124380","liver"
"LOC115106008",82.1941423709362,-0.0549589911729086,0.0838720637051256,-0.65503371171578,0.512446049322199,0.760144684417698,"UV excision repair protein RAD23 homolog B-like","liver"
"LOC115112896",58.6859635625137,-0.0550377814839946,0.116236978628935,-0.473160214186514,0.636098880176668,0.842071788113056,"aquaporin-8-like, transcript variant X2","liver"
"LOC115141134",157.124800466247,-0.055150000953697,0.0933601208977351,-0.590538074414655,0.554829967486929,0.782250760109554,"transmembrane protein 106B-like","liver"
"LOC115129233",834.032994264742,-0.0553025459417167,0.11814811206636,-0.468065437670303,0.639737794563368,0.843720700940341,"phospholipase A and acyltransferase 4-like, transcript variant X2","liver"
"cwf19l2",65.1281396161455,-0.0555325493786589,0.116703075127455,-0.475486025884648,0.634440591161338,0.84167206276547,"CWF19 like cell cycle control factor 2","liver"
"snap29",155.083302081495,-0.0556295143640822,0.109678251942703,-0.507335528700534,0.611919413773632,0.828900509140573,"synaptosome associated protein 29, transcript variant X1","liver"
"LOC115127545",228.965887022646,-0.0556772718164398,0.10015179976165,-0.555820971323737,0.57833324767807,0.80261706419333,"eukaryotic translation initiation factor 3 subunit C-like, transcript variant X2","liver"
"LOC115126625",162.584197190956,-0.0557702717726612,0.119315716568237,-0.467568854848644,0.640092941808582,0.843720700940341,"uncharacterized LOC115126625, transcript variant X2","liver"
"LOC115140205",135.020730261769,-0.0557849903015326,0.107305819457942,-0.519558348716107,0.603371434765267,0.823348499532383,"putative aminopeptidase W07G4.4","liver"
"LOC115146833",108.076280855462,-0.0558702374962075,0.122950646331448,-0.454182277162147,0.649697637973909,0.849588569901076,"uncharacterized LOC115146833","liver"
"LOC115126414",103.463392333131,-0.0560987208621663,0.0993868400158025,-0.564488097718096,0.5724219981114,0.79867092571223,"RELT-like protein 1","liver"
"acp7",250.760487872972,-0.0562272551150514,0.10505241402481,-0.535220933844497,0.592497092352267,0.812590224908425,"acid phosphatase 7, tartrate resistant (putative), transcript variant X1","liver"
"LOC115128506",344.978137351908,-0.0562500852366605,0.117559371392746,-0.478635156524114,0.632198203201304,0.840182548499679,"type-4 ice-structuring protein-like","liver"
"LOC115140103",110.268916252231,-0.056751421013184,0.116963023352976,-0.485167067804419,0.62755784048778,0.838001930804863,"AP-1 complex subunit beta-1-like, transcript variant X2","liver"
"LOC115126848",62.544285079947,-0.056860376683567,0.104496243386328,-0.544745682167132,0.585928441373782,0.807384829966036,"thrombospondin-4-B-like","liver"
"LOC115105510",352.381558702535,-0.0568765934774886,0.121757433529405,-0.467359873948467,0.640242425909832,0.843720700940341,"complement C3-like","liver"
"tjap1",145.937874517474,-0.0570006591936493,0.11344185868576,-0.502215314865637,0.615516071205207,0.831484038380346,"tight junction associated protein 1, transcript variant X3","liver"
"LOC115131256",83.1388475417899,-0.0570475690646301,0.0861577496711207,-0.662206330258091,0.507838997826242,0.758224086131782,"serine/arginine-rich splicing factor 6-like","liver"
"LOC115114520",2758.48544324582,-0.0571786643850758,0.117930454439604,-0.484996157314874,0.627679071331513,0.838001930804863,"insulin-like growth factor-binding protein 1","liver"
"LOC115101362",67.6424904652999,-0.0573262923569568,0.0912362307292676,-0.628171659032354,0.529891494013006,0.769709401192759,"leucine-rich repeat neuronal protein 4-like","liver"
"LOC115107725",261.774841212086,-0.0573399859790333,0.0969569900022595,-0.591399457848579,0.554252803560843,0.782250760109554,"gap junction Cx32.2 protein-like","liver"
"LOC115126136",187.613032745842,-0.0574844317661654,0.122808259000417,-0.468070244039999,0.639734357536023,0.843720700940341,"endothelial lipase-like, transcript variant X2","liver"
"LOC115142049",297.222478295634,-0.058087931965335,0.117502574055681,-0.494420490584551,0.621009245795672,0.834839606155395,"type-4 ice-structuring protein LS-12-like","liver"
"LOC115132246",1473.27732331457,-0.0582980222362488,0.0973914911271096,-0.598562610061433,0.549464595754982,0.779811174198227,"E3 ubiquitin-protein ligase MIB2-like, transcript variant X1","liver"
"LOC115103718",175.052659523365,-0.0583245953342607,0.094168727243462,-0.619202241319067,0.535783135517628,0.773111844948287,"trinucleotide repeat-containing gene 6C protein-like, transcript variant X1","liver"
"ahcy",5732.22891505315,-0.0584614919537185,0.0963736532128494,-0.606608928239094,0.544110473697707,0.775842580063361,"adenosylhomocysteinase","liver"
"LOC115135655",206.911316569355,-0.0584968767418347,0.0890742421816384,-0.65678066995909,0.511321955092364,0.760144684417698,"calmodulin","liver"
"LOC115143245",1542.71998579424,-0.0586592854312155,0.082634188484829,-0.709851318336387,0.477796341604272,0.733165339596667,"ERBB receptor feedback inhibitor 1-like, transcript variant X1","liver"
"LOC115118112",100.924704080863,-0.0589299302728113,0.120346927052759,-0.489786705651879,0.624284839079046,0.83632234990038,"deoxyribonuclease gamma-like","liver"
"LOC115141622",34058.433620456,-0.0590400495432736,0.121723790778195,-0.485044498054408,0.627644781084781,0.838001930804863,"apolipoprotein A-I-2","liver"
"LOC115139445",109.218678611193,-0.0592130472216383,0.0972674402127703,3.43978289502516,0.000582180994728829,0.0466002202576675,"protein broad-minded-like, transcript variant X5","liver"
"pck1",1897.5219468036,-0.0594002509793421,0.0934800909172422,-0.637191598273494,0.524000049648591,0.768244644532764,"phosphoenolpyruvate carboxykinase 1","liver"
"LOC115139170",234.535761752448,-0.0596551175540746,0.119944250404105,-0.497312776860581,0.618968503088732,0.833751071465621,"matrix remodeling-associated protein 8-like","liver"
"hpgd",1458.40323373016,-0.0597433216540368,0.110337668035368,-0.541456084169502,0.588193259397433,0.809137943065791,"15-hydroxyprostaglandin dehydrogenase","liver"
"LOC115127392",61.4874011507897,-0.0602702220845648,0.0927393712470339,-0.649610776874789,0.515943670034014,0.762093304551333,"E3 ubiquitin-protein transferase RMND5B-like, transcript variant X1","liver"
"LOC115136063",73.4679223694358,-0.0603008204029604,0.106976827185211,-0.563820595510287,0.572876233830853,0.79867092571223,"40S ribosomal protein S3, transcript variant X6","liver"
"LOC115146867",131.885398801568,-0.0604523947149863,0.119631887296427,-0.505173915371901,0.613436689490233,0.82985992245675,"superoxide dismutase [Cu-Zn]-like","liver"
"LOC115107887",83.5250027673735,-0.0605082603265185,0.096416408695014,-0.627741941232913,0.530173005283526,0.769709401192759,"protein sel-1 homolog 1-like, transcript variant X2","liver"
"LOC115129745",285.909334403197,-0.0609174720028722,0.121668041550925,-0.500570626646963,0.616673339073312,0.832304811279079,"ribose-phosphate pyrophosphokinase 2, transcript variant X1","liver"
"LOC115139197",83.6689661183339,-0.0610031685345323,0.106429843060076,-0.573476306903269,0.566322236894968,0.791879738450734,"ADP-ribosylation factor 6-like, transcript variant X4","liver"
"LOC115125648",140.388184242226,-0.0612564164275968,0.12426468260892,-0.493189899720141,0.621878413876168,0.834934682276343,"cysteine-rich and transmembrane domain-containing protein 1-like","liver"
"LOC115143248",63.9177911946145,-0.0612852686905758,0.0931781902882576,-0.657376215312204,0.510939041198125,0.760144684417698,"ubiquitin-conjugating enzyme E2 R2-like, transcript variant X2","liver"
"LOC115114216",90.740341170011,-0.0613562042050455,0.120101323406213,-0.511023723118586,0.609334445324568,0.82682320995247,"calponin-2-like","liver"
"LOC115102875",101.578222622393,-0.0614276870744371,0.0997004646061182,-0.615932170127391,0.537939288270716,0.773215962598105,"far upstream element-binding protein 3-like, transcript variant X3","liver"
"LOC115102923",87.2413284012057,-0.0615264583324664,0.0871871134013271,-0.705576038593402,0.480451829702871,0.735934482476101,"sterile alpha motif domain-containing protein 13-like, transcript variant X2","liver"
"LOC115102681",258.19156259638,-0.0615344987342839,0.123526671497916,-0.498208377812387,0.618337178096239,0.83344654031755,"translocon-associated protein subunit delta-like","liver"
"LOC115136947",74.0356717370399,-0.0617683717187895,0.111869170216482,-0.551878252079746,0.581031769503001,0.804064514063545,"ribosome biogenesis protein NOP53-like","liver"
"itpr1",276.073686308,-0.0619144684430404,0.0790217924237087,-0.790300037509183,0.429352564921559,0.697735722521961,"inositol 1,4,5-trisphosphate receptor type 1, transcript variant X1","liver"
"LOC115127662",266.75147635617,-0.0622081947062109,0.121038697250278,-0.513897743777278,0.607323485027586,0.825425316763068,"filaggrin-2-like","liver"
"LOC115139781",125.572331483073,-0.0623829053020253,0.110802304493475,-0.563020783662929,0.573420731521779,0.798791148900468,"myosin light polypeptide 6","liver"
"LOC115128210",69.5369149593802,-0.0624003553340281,0.0841465584935978,-0.741343372188081,0.458485270146654,0.718606378374628,"histone-lysine N-methyltransferase ASH1L-like, transcript variant X1","liver"
"atxn3",119.188786104692,-0.0624790322444441,0.0881998863201772,-0.708455220210683,0.478662611050323,0.733529635413696,"ataxin 3, transcript variant X4","liver"
"LOC115108266",93.3855418810387,-0.0625386210687423,0.094063822233188,-0.664523541084851,0.506355287043055,0.757363748897249,"protein strawberry notch homolog 2-like, transcript variant X2","liver"
"LOC115110600",69.2921947900946,-0.0625565397833302,0.104979866344773,-0.595698912888738,0.551376384581336,0.780469839198218,"telomerase RNA component interacting RNase-like","liver"
"LOC115118515",116.993472556883,-0.0626458390652521,0.0969973130924414,-0.646011714083212,0.518271769151368,0.763177648504688,"tumor protein D54-like, transcript variant X3","liver"
"LOC115145754",1078.23271410067,-0.0628799421941201,0.108756085719967,-0.578157848263662,0.563157554220499,0.789350134457618,"ATP-binding cassette sub-family A member 1-like, transcript variant X1","liver"
"LOC115104263",73.5149911629353,-0.0629331525168299,0.100164548005651,-0.628102965467384,0.529936490568039,0.769709401192759,"histone acetyltransferase p300-like, transcript variant X3","liver"
"LOC115113302",128.232035302616,-0.0629386522456288,0.12413246639214,-0.507053326328458,0.61211740248114,0.828900509140573,"cullin-9-like, transcript variant X2","liver"
"LOC115137258",369.553744378596,-0.0631759989599362,0.100937844840285,-0.625826198434015,0.531428945980794,0.769709401192759,"succinate--CoA ligase [ADP/GDP-forming] subunit alpha, mitochondrial","liver"
"LOC115139183",14347.0798480926,-0.0632953107500775,0.108944590285876,-0.581548736349589,0.56087068148086,0.787367733880117,"alpha-1-antitrypsin homolog","liver"
"LOC115108066",69.3596458458331,-0.0638094532923204,0.0942030667861827,-0.677588002861203,0.498032954944063,0.751566947186967,"guanine nucleotide-binding protein subunit beta-4, transcript variant X1","liver"
"LOC115122370",114.698932081435,-0.0644385107229286,0.122140483934714,-0.527234175913695,0.598030978420785,0.817155302729842,"AN1-type zinc finger protein 5-like","liver"
"LOC115125548",302.386739778359,-0.0645503816353843,0.0947099255134521,-0.681288857655324,0.495688732261555,0.749836795726722,"probable palmitoyltransferase ZDHHC8","liver"
"ddx46",62.3264269460524,-0.064939446466997,0.0879267629287335,-0.738412941885504,0.460263552476155,0.718606378374628,"DEAD-box helicase 46","liver"
"LOC115105958",102.135397623918,-0.0650117927744322,0.0991077257794041,-0.655731838600011,0.511996679496671,0.760144684417698,"adenomatous polyposis coli protein-like, transcript variant X1","liver"
"LOC115104220",102.207786656062,-0.0653127035425967,0.120835843244227,-0.540409064964221,0.588914957668031,0.809584272328801,"hemoglobin subunit beta","liver"
"fam32a",254.968051009287,-0.0653832471490682,0.122951037941835,-0.531657481135133,0.594963245513051,0.814875735454031,"family with sequence similarity 32 member A","liver"
"LOC115106352",104.86532130531,-0.0654005289562393,0.108970446074482,-0.600108709145232,0.548433788739502,0.779584923708898,"phosphatidylcholine:ceramide cholinephosphotransferase 1-like, transcript variant X3","liver"
"LOC115126173",136.255609050268,-0.0654499310341368,0.0912490013088829,-0.717393671256248,0.473131223536354,0.731323585074834,"ubiquitin-conjugating enzyme E2 L3, transcript variant X1","liver"
"LOC115116515",609.340402517305,-0.0654740543902862,0.113594321900736,-0.576303087660431,0.564410336220171,0.790019412923563,"cytochrome P450 2K1-like","liver"
"LOC115112977",98.8680220997065,-0.0655429693307436,0.0882320439591536,-0.742697604601484,0.457664780330544,0.718606378374628,"nuclear protein localization protein 4 homolog","liver"
"LOC115140088",118.230954136354,-0.0656313881643928,0.101985436299869,-0.643411135569222,0.519957359735953,0.764830818579481,"guanine nucleotide-binding protein G(i) subunit alpha-2-like","liver"
"LOC115125645",91.8942717337959,-0.0656384711790688,0.101499826891935,-0.646244287346379,0.518121162235686,0.763177648504688,"plakophilin-3-like","liver"
"LOC115139689",78.3367923275671,-0.0656732108460047,0.102560876588706,-0.641636450710226,0.521109260044562,0.765972356271776,"MAP kinase-activated protein kinase 5, transcript variant X4","liver"
"LOC115135732",102.536454298027,-0.0657287155852658,0.0933645763268608,-0.703640648031329,0.481656590763102,0.737225784434999,"neuronal PAS domain-containing protein 2-like, transcript variant X1","liver"
"LOC115145020",297.765417539441,-0.065807071156964,0.109563783297483,-0.600598253783813,0.548107601314452,0.779584923708898,"centrosome-associated protein 350-like, transcript variant X2","liver"
"LOC115145611",333.310232945521,-0.0659016163025256,0.123909566843421,-0.532211780672309,0.594579324577704,0.814623639320579,"F-box/WD repeat-containing protein 7-like, transcript variant X1","liver"
"LOC115138680",110.414421685793,-0.0659115415218068,0.116792647496759,-0.564845968584251,0.572178537193836,0.79867092571223,"tectonin beta-propeller repeat-containing protein 2-like, transcript variant X2","liver"
"LOC115104749",231.1702873369,-0.0659407192270193,0.117621316618586,-0.56082506400009,0.574916798546469,0.800328166282585,"cryptic protein-like","liver"
"LOC115121758",239.946967602104,-0.0664561089229185,0.0767322488604478,-0.865948031626423,0.38651866134365,0.662789256893865,"ER degradation-enhancing alpha-mannosidase-like protein 3","liver"
"LOC115143868",167.332673080357,-0.0664604241649628,0.0873376918100299,-0.760655018063424,0.446863148693545,0.710102999639333,"casein kinase II subunit alpha-like, transcript variant X2","liver"
"LOC115139654",823.367516985836,-0.0667292068058251,0.0990047884605992,-0.674006101108708,0.500307434829158,0.753247175397088,"heat shock protein HSP 90-beta, transcript variant X1","liver"
"LOC115134485",61.0033840633006,-0.0667417371943466,0.120323594372086,-0.554540576270129,0.579208944291484,0.803012128208193,"ATP-sensitive inward rectifier potassium channel 11-like","liver"
"LOC115136696",166.060322559046,-0.0670726455951292,0.123431932661367,-0.54332465469943,0.586906291989422,0.80818582640165,"vacuole membrane protein 1-like","liver"
"slc25a33",80.1765082635096,-0.0671303700473355,0.120146504339847,-0.558775677180788,0.57631482411864,0.801094440886155,"solute carrier family 25 member 33","liver"
"LOC115106712",97.9930456882152,-0.0672501732125408,0.101072494560436,-0.664942672627307,0.506087160671224,0.757363748897249,"vascular endothelial growth factor A-A, transcript variant X2","liver"
"LOC115131752",98.6512893761567,-0.0673427879351581,0.0765324496631604,-0.879852172949581,0.378939396806239,0.658661272964502,"dolichyl-diphosphooligosaccharide--protein glycosyltransferase subunit STT3B-like","liver"
"LOC115102267",229.470275696274,-0.0673539079702213,0.0993486833999359,-0.677795196074019,0.497901557395765,0.751566947186967,"E3 ubiquitin-protein ligase MIB2-like, transcript variant X2","liver"
"LOC115105350",77.7041531558606,-0.0673824960765617,0.101319753989243,-0.664398649120883,0.506435197238635,0.757363748897249,"histone H3.3","liver"
"LOC115132282",126.337231504649,-0.0677018141502054,0.0749209681354882,-0.903629807031096,0.36619173049534,0.645866505192127,"cytidine and dCMP deaminase domain-containing protein 1-like","liver"
"LOC115108048",88.0441553852782,-0.067979335915826,0.115548282193933,-0.588150653117881,0.556431176426119,0.78369505014266,"nuclear receptor subfamily 5 group A member 2, transcript variant X1","liver"
"LOC115137359",167.826371450711,-0.0684015301895211,0.112795657068544,-0.606051084342023,0.544480831573403,0.775980373948668,"membrane-spanning 4-domains subfamily A member 12-like","liver"
"LOC115133284",104.007898094212,-0.0684292504406231,0.121226776804104,-0.564195142704781,0.572621333140377,0.79867092571223,"rho GTPase-activating protein 6-like, transcript variant X1","liver"
"jak1",59.4251370801247,-0.0684681971944107,0.10709255246052,-0.639578005000707,0.52244698572841,0.766832522084623,"Janus kinase 1","liver"
"ivns1abp",157.932898228594,-0.0685069139186011,0.114232714624404,-0.599562061344305,0.548798137708986,0.779584923708898,"influenza virus NS1A binding protein, transcript variant X2","liver"
"LOC115105266",61.7437602340114,-0.0685269403333642,0.107972489387168,-0.634651716515842,0.525655590639156,0.768773658932616,"serine/threonine-protein kinase 10-like","liver"
"LOC115118267",258.30255853564,-0.0688051092021286,0.12355941327263,-0.557137927035032,0.577433196180249,0.80164090859356,"monocarboxylate transporter 1-like","liver"
"LOC115137978",65.8137074560088,-0.0688378865131005,0.111999650511737,-0.613929723427203,0.53926176764917,0.773215962598105,"matrix metalloproteinase-14-like","liver"
"LOC115136001",204.864864212937,-0.0690718983130063,0.11169910936452,-0.618091177653699,0.536515237505965,0.773111844948287,"zinc finger and BTB domain-containing protein 16-A-like, transcript variant X2","liver"
"LOC115103327",717.481950953896,-0.0692224743326344,0.116919917620805,-0.592340486013138,0.553622610220876,0.782250760109554,"coagulation factor XIII B chain-like, transcript variant X1","liver"
"LOC115106877",950.527679001417,-0.0693022456724558,0.08110722488565,-0.85447596386238,0.392841321760466,0.668515788611603,"solute carrier organic anion transporter family member 1C1-like","liver"
"LOC115102163",63.8048956087628,-0.0693405316145252,0.0879722888826506,-0.788246433598672,0.430552573512295,0.698290615620397,"serine/arginine-rich splicing factor 6-like","liver"
"LOC115145981",207.825192646143,-0.0693692160909809,0.124248527788367,-0.558199982169405,0.576707833049419,0.801179661727823,"HHIP-like protein 1","liver"
"sec16a",84.3094576664952,-0.06987849131727,0.0977175722251824,-0.714530502749612,0.474899201511977,0.732153832186083,"SEC16 homolog A, endoplasmic reticulum export factor, transcript variant X3","liver"
"LOC115130182",176.398154314843,-0.0699347126880436,0.117326970974143,-0.595754233386798,0.551339421963162,0.780469839198218,"melanoma receptor tyrosine-protein kinase-like, transcript variant X1","liver"
"LOC115102536",213.02601034194,-0.0701191578106006,0.0957411642418666,-0.732380626928234,0.463936279996592,0.721757357735156,"heterogeneous nuclear ribonucleoprotein A1-like, transcript variant X2","liver"
"LOC115127439",802.951854039779,-0.0704291788634837,0.0987955028810712,-0.712874937566631,0.47592314901197,0.732576569249542,"extracellular matrix protein 1-like","liver"
"LOC115117468",103.581579591717,-0.0705216683366365,0.0942988945958738,-0.747291731356587,0.454887482577476,0.717261655313653,"nuclear factor erythroid 2-related factor 2-like","liver"
"LOC115145782",89.6612331411379,-0.0705604682163741,0.0849473768068771,-0.830690045323436,0.406148751380228,0.679582229320941,"large neutral amino acids transporter small subunit 3-like","liver"
"LOC115121375",127.305243975957,-0.0705962984463963,0.116137862615437,-0.608430930351285,0.542901702522441,0.775242068292631,"squalene monooxygenase-like","liver"
"LOC115141946",92.2737800210708,-0.07063136316412,0.115666774685272,-0.610545205838796,0.541500707278726,0.774441011532662,"glycerophosphodiester phosphodiesterase domain-containing protein 5-like, transcript variant X1","liver"
"LOC115125306",76.6367379377159,-0.0706357261585486,0.109490998065539,-0.644449282932955,0.519284135416754,0.764116294569924,"ankyrin repeat domain-containing protein 12-like","liver"
"LOC115108597",132.190611978592,-0.0708674276824965,0.105963318701567,-0.668555471117238,0.50377908563414,0.756318067419799,"beta-1,4-galactosyltransferase 6-like, transcript variant X5","liver"
"LOC115136805",79.8785732051346,-0.0708782885208795,0.0796188991018637,-0.890099291138939,0.373412573576049,0.653943185832166,"clustered mitochondria protein homolog, transcript variant X6","liver"
"LOC115127564",58.1758432156607,-0.071112881558797,0.0890288227627065,-0.802739273780799,0.422125447917225,0.693432360397224,"protein shisa-5-like, transcript variant X2","liver"
"LOC115118691",221.025542637952,-0.0714233706688833,0.120774472145391,-0.59107267618402,0.554471726733044,0.782250760109554,"long-chain-fatty-acid--CoA ligase 4-like, transcript variant X2","liver"
"LOC115103502",105.499675290713,-0.0715619283380061,0.11264059428164,-0.635497192103212,0.525104197452182,0.768773658932616,"G patch domain-containing protein 8-like","liver"
"LOC115139719",59.0140083180085,-0.0715904684111684,0.104683850155273,-0.683332454778155,0.494396790679589,0.749105848998376,"rho-related BTB domain-containing protein 2-like, transcript variant X2","liver"
"LOC115106130",107.572916060847,-0.0716026863496101,0.12019508100701,-0.595271651079089,0.551661902344417,0.780469839198218,"PRKC apoptosis WT1 regulator protein-like","liver"
"LOC115127865",181.194744170425,-0.0718551987259197,0.0690995050452835,-1.03969712741696,0.29848063561124,0.591734956591156,"neurobeachin-like protein 1","liver"
"LOC115134530",60.0424350513445,-0.0719274820400082,0.0932433497215808,-0.770804801160403,0.440822641021809,0.706666998644961,"inositol hexakisphosphate and diphosphoinositol-pentakisphosphate kinase 1-like, transcript variant X3","liver"
"LOC115135001",115.956771281983,-0.0721134251236001,0.0766949592457322,-0.940257034378076,0.347085732725657,0.627159470088032,"atlastin-2-like, transcript variant X5","liver"
"LOC115121421",78.7333222891779,-0.0722025908036781,0.121009343482046,-0.596484651732035,0.550851504195,0.780469839198218,"phosphatidylinositol 3-kinase regulatory subunit alpha, transcript variant X2","liver"
"LOC115108204",146.310884055537,-0.0725827439374699,0.105637003374607,-0.686979483555794,0.492095657232014,0.747032364572697,"coiled-coil domain-containing protein 124-like","liver"
"LOC115128715",75.1397233334449,-0.0726691576996924,0.0927372523378588,-0.787714346169573,0.430863812140652,0.698290615620397,"WNT1-inducible-signaling pathway protein 1-like","liver"
"LOC115144166",144.713291663794,-0.0726904168842659,0.0947422396166017,-0.767219895821026,0.442950785581904,0.707778594440931,"ER lumen protein-retaining receptor 2","liver"
"LOC115144246",75.0170666172108,-0.0727101478500808,0.104384784026732,-0.696351688386161,0.486208610472207,0.740682716463247,"cytochrome b-c1 complex subunit 2, mitochondrial","liver"
"LOC115135218",63.1485475999857,-0.0728990638411153,0.120730242348069,-0.603722732929255,0.546027997599217,0.777429785420277,"ATP-dependent RNA helicase DDX18-like","liver"
"LOC115141698",175.601461812574,-0.0729919688763329,0.11923650597822,-0.612416046377393,0.540262527855393,0.773215962598105,"alpha-2-macroglobulin-like, transcript variant X2","liver"
"LOC115114161",101.700334476244,-0.0730700589175562,0.080260076109443,-0.909993387783971,0.362825996918683,0.643999158199693,"nucleolin-like, transcript variant X2","liver"
"LOC115110596",436.525385446528,-0.0731355594750235,0.118864202729425,-0.615399962775956,0.538290615989312,0.773215962598105,"myosin-9-like","liver"
"LOC115110663",302.119335400668,-0.0733192911714588,0.102618361018822,-0.714480657031638,0.474930012831208,0.732153832186083,"rho GDP-dissociation inhibitor 1-like, transcript variant X3","liver"
"LOC115139464",128.56271389606,-0.0734175389893114,0.102150801609496,-0.718953134507741,0.472169796139902,0.730571208289576,"protein 4.1-like, transcript variant X14","liver"
"LOC115108423",74.0937181626137,-0.0737821957690152,0.117782901211808,-0.625571993228729,0.53159571351003,0.769709401192759,"cytosolic carboxypeptidase 6-like","liver"
"LOC115105600",695.141036055814,-0.0738101998754466,0.0996484620327369,-0.740710631495186,0.458868911761239,0.718606378374628,"solute carrier family 13 member 5-like","liver"
"LOC115104113",89.276020988477,-0.0738127094673263,0.120399775558044,-0.612764787252256,0.540031877188277,0.773215962598105,"protein phosphatase 1 regulatory subunit 1B-like","liver"
"LOC115136943",99.6628885594864,-0.0738435284256709,0.116275805662923,-0.63488927747402,0.525500630779941,0.768773658932616,"serine/arginine-rich splicing factor 7-like, transcript variant X2","liver"
"rps2",2183.85034106201,-0.0739907862182637,0.107844197175161,-0.686090123495718,0.49265627861564,0.747326755354429,"ribosomal protein S2","liver"
"upf3b",191.30485291358,-0.074014521494785,0.0801849320013408,-0.922831172869495,0.356095192957716,0.636040318359181,"UPF3B regulator of nonsense mediated mRNA decay, transcript variant X3","liver"
"LOC115135672",1316.01771189884,-0.0740940430803412,0.0945201615180121,-0.783895430136699,0.433101471465157,0.699899417378417,"55 kDa erythrocyte membrane protein-like, transcript variant X1","liver"
"sh2d4a",148.883270475656,-0.0742047236347615,0.10021203461863,-0.740376727478278,0.459071436035406,0.718606378374628,"SH2 domain containing 4A, transcript variant X1","liver"
"macf1",57.9492383094476,-0.0743976713187791,0.0997588212304207,-0.745999847115885,0.455667507391976,0.717658717206218,"microtubule actin crosslinking factor 1, transcript variant X17","liver"
"LOC115144030",73.2640197978637,-0.0744329340609355,0.118276928339705,-0.629434222114908,0.529064819398769,0.769709401192759,"protein FRA10AC1","liver"
"LOC115131713",120.046622907604,-0.0744664984741008,0.121381671245627,-0.613229901653313,0.539724335955472,0.773215962598105,"inter-alpha-trypsin inhibitor heavy chain H3-like","liver"
"LOC115129338",622.724177624851,-0.0744898159575849,0.119792308916952,-0.621807757507669,0.534068284760337,0.771663356498806,"integral membrane protein 2B-like","liver"
"LOC115139196",62.1990882913368,-0.0745543340264568,0.10425422971961,-0.714644386457234,0.474828810269538,0.732153832186083,"pre-mRNA-processing factor 39-like","liver"
"gpam",575.342358789654,-0.0746144857900327,0.118726004446684,-0.628415260123141,0.529731942900769,0.769709401192759,"glycerol-3-phosphate acyltransferase, mitochondrial","liver"
"LOC115105918",170.454030185627,-0.0749344352074504,0.0901553906374918,-0.831230983755859,0.405843154629652,0.679349773417028,"ubiquitin-conjugating enzyme E2 L3-like","liver"
"LOC115111242",522.020593152513,-0.0750086063517217,0.118141427728362,-0.634868487111509,0.525514191299377,0.768773658932616,"excitatory amino acid transporter 1-like","liver"
"LOC115137137",60.5086881542305,-0.0750637575657063,0.123063792283175,-0.609828912005332,0.541975147190503,0.774575981749119,"serine/threonine-protein kinase SIK2-like, transcript variant X1","liver"
"LOC115116859",63.3802568315864,-0.0750783881643419,0.119020213231371,-0.630827570635002,0.528153274125663,0.769709401192759,"serine/threonine-protein kinase 19-like","liver"
"LOC115113252",131.158055349325,-0.0752513603762808,0.087940513258448,-0.855432651807563,0.392311673850461,0.668224982287706,"baculoviral IAP repeat-containing protein 6-like, transcript variant X18","liver"
"LOC115103726",126.695069809172,-0.0752947825701632,0.121686531602393,-0.618728438609673,0.536095272021858,0.773111844948287,"probable C-mannosyltransferase DPY19L1","liver"
"mogs",66.3539299255568,-0.0754930676573589,0.11566547603963,-0.652652564239998,0.513980290008497,0.761258598137585,"mannosyl-oligosaccharide glucosidase, transcript variant X1","liver"
"LOC115104850",60.1000791906532,-0.0756733443457007,0.111794190558803,-0.676688585739034,0.498603560060655,0.751593236245278,"polyadenylate-binding protein 2-like, transcript variant X1","liver"
"LOC115136313",445.652817971861,-0.0757463706150547,0.12336016997418,-0.614070761947042,0.539168568038787,0.773215962598105,"GDH/6PGL endoplasmic bifunctional protein-like, transcript variant X1","liver"
"LOC115144026",86.7561241443194,-0.0759483574312294,0.121551246085231,-0.624728242127889,0.532149433896269,0.769709401192759,"serine-rich coiled-coil domain-containing protein 2-like, transcript variant X2","liver"
"LOC115134630",315.473219631413,-0.0759815038940733,0.114045180067445,-0.666097269564043,0.505348929666631,0.757363748897249,"insulin-like growth factor II","liver"
"LOC115128334",61.6072341055998,-0.0761309706590179,0.0797713353316737,-0.954336689053202,0.339913242170704,0.621015856157682,"cohesin subunit SA-2-like, transcript variant X10","liver"
"LOC115113025",136.971396765389,-0.0761423735291341,0.12174881652938,-0.625337245638591,0.531749739716198,0.769709401192759,"chitin synthase chs-2-like, transcript variant X1","liver"
"LOC115101452",75.7905127096575,-0.0762534110334565,0.0991456878916471,-0.768420585262054,0.442237354481362,0.707440917137375,"histone-lysine N-methyltransferase 2B-like, transcript variant X1","liver"
"LOC115107033",101.147596592645,-0.076356200159695,0.10593422247978,-0.720804981241931,0.471029510234227,0.729568582743055,"serine/threonine-protein phosphatase 6 regulatory subunit 2-like, transcript variant X5","liver"
"LOC115110281",130.52941573424,-0.0765508753820936,0.109831440578288,-0.696697609480578,0.485992055148894,0.740682716463247,"signal transducer and activator of transcription 3, transcript variant X7","liver"
"LOC115107555",2497.41300028562,-0.0769414726503652,0.123175905366263,-0.624781158382008,0.532114698473948,0.769709401192759,"apolipoprotein B-100-like","liver"
"LOC115114541",112.605519393416,-0.0770980669974953,0.11574011093064,-0.665741147167054,0.50557656818656,0.757363748897249,"serine/arginine-rich splicing factor 11-like, transcript variant X2","liver"
"LOC115112254",116.55499830449,-0.077281611466354,0.108260351561479,-0.713699574017373,0.47541296988049,0.732344393512047,"ubiquitin carboxyl-terminal hydrolase 10-like, transcript variant X1","liver"
"LOC115135025",80.9803416755781,-0.0772886620548712,0.095290163611769,-0.810896807599886,0.417424933752885,0.691195242032154,"attractin-like protein 1, transcript variant X4","liver"
"LOC115108389",86.2609335864378,-0.0773019580975653,0.0965197677841932,-0.800561377936327,0.423385617316737,0.694454638303026,"nuclear factor 1 C-type-like, transcript variant X3","liver"
"LOC115129446",189.059293298143,-0.0777038199773417,0.124200411706789,-0.625165275947598,0.531862589470175,0.769709401192759,"N-alpha-acetyltransferase 15, NatA auxiliary subunit-like","liver"
"LOC115135744",107.961140199938,-0.0777935265729446,0.100354802391642,-0.774660079924512,0.438540545744434,0.705681509851683,"androgen receptor-like, transcript variant X2","liver"
"LOC115103500",95.8954209112989,-0.0779387808135503,0.115327372178144,-0.675198407776601,0.49954971810536,0.752741090941755,"unconventional myosin-X-like","liver"
"LOC115136859",149.065962033073,-0.0781562669213044,0.0898780901717446,-0.869362797413931,0.384648724839467,0.66181330070431,"importin subunit alpha-3-like","liver"
"LOC115122878",986.384627717415,-0.0782006101049538,0.104910912159381,-0.745390006390967,0.456035983544656,0.717961633421406,"60S ribosomal protein L7-like","liver"
"LOC115129140",137.616015445427,-0.0782694388799015,0.120624844695652,-0.648777353837599,0.51648229714998,0.762093304551333,"kinesin-like protein KIF26A","liver"
"LOC115121843",58.5078830647717,-0.078555138373985,0.120244480614078,-0.653137621402159,0.513667560262974,0.761071964969786,"pleckstrin homology domain-containing family A member 6-like","liver"
"LOC115128910",3338.52242529222,-0.0787622345508645,0.105356943462132,-0.747591011198364,0.454706888218549,0.717254363923686,"acyl-CoA-binding protein-like","liver"
"LOC115141221",448.920486424979,-0.0789525115523361,0.121731270417093,-0.648594456052747,0.516600539861465,0.762093304551333,"complement C3-like","liver"
"LOC115104128",266.064157820308,-0.0790821106350533,0.110996072835021,-0.712322116294839,0.476265331800132,0.732826535453883,"signal transducer and activator of transcription 3-like, transcript variant X3","liver"
"LOC115129550",408.224094258357,-0.0792246792448856,0.107456251391209,-0.738426697216256,0.460255196281218,0.718606378374628,"tryptophan 2,3-dioxygenase A-like","liver"
"LOC115110605",133.620937316059,-0.0792669249051807,0.0899226523967753,-0.881531543013314,0.378030189082852,0.65792102933463,"transcription activator BRG1-like, transcript variant X1","liver"
"LOC115110344",414.46933285408,-0.0793006626524263,0.124185440033861,-0.638593405331525,0.523087472511304,0.767220056839177,"isocitrate dehydrogenase [NADP] cytoplasmic-like, transcript variant X1","liver"
"LOC115119830",109.426573017854,-0.07930356061598,0.122214677556325,-0.648728867815781,0.516513641809251,0.762093304551333,"mRNA decay activator protein ZFP36L1-like","liver"
"LOC115101442",3673.77580908933,-0.0793505146728637,0.110149788879507,-0.720391273709409,0.471284121286178,0.729568582743055,"complement factor B-like, transcript variant X1","liver"
"LOC115123203",284.74159271801,-0.079439786823446,0.115065518418259,-0.690289539670083,0.490012124661747,0.74528339119838,"sodium-dependent lysophosphatidylcholine symporter 1-B-like, transcript variant X1","liver"
"LOC115109089",67.914605275962,-0.079549814543799,0.107840946433878,-0.738023026811991,0.460500456406901,0.718606378374628,"ELAV-like protein 1, transcript variant X2","liver"
"LOC115123225",199.616758785709,-0.0796351653324133,0.113695976947006,-0.701315280646186,0.483106279587753,0.738739799392718,"pancreatic progenitor cell differentiation and proliferation factor B-like","liver"
"LOC115135861",675.894367848132,-0.0796397367198449,0.104322459402766,-0.763324471131566,0.445269911455067,0.709104231142651,"alpha-2-antiplasmin-like, transcript variant X4","liver"
"LOC115132043",216.490811789098,-0.0797218486907024,0.104117991703848,-0.765449529923889,0.444003908959661,0.708043792222056,"tubulin alpha chain-like","liver"
"LOC115103373",215.740739234514,-0.0801370001767873,0.107676758976427,-0.74395035649826,0.456906509001108,0.718606378374628,"arf-GAP domain and FG repeat-containing protein 1-like, transcript variant X3","liver"
"LOC115102360",172.152432453306,-0.080284974864035,0.124219866664065,-0.646244784729021,0.518120840171043,0.763177648504688,"protein SET-like, transcript variant X1","liver"
"LOC115137210",97.1231583588275,-0.0803934063461776,0.110880302179519,-0.724975554809511,0.468467027250167,0.727417753551117,"dnaJ homolog subfamily A member 1-like, transcript variant X2","liver"
"LOC115129674",512.787778942577,-0.0805223487367556,0.123618405405505,-0.651527437734929,0.514706071279347,0.761263014833398,"formimidoyltransferase-cyclodeaminase-like","liver"
"LOC115122031",95.1798336096767,-0.0806027419232228,0.124237690577101,-0.649372557432031,0.516097597456751,0.762093304551333,"transmembrane protein 132D-like","liver"
"LOC115142458",75.5931734022981,-0.0806374574265166,0.111299177429687,-0.723422520845012,0.469420339185588,0.728620450312435,"trinucleotide repeat-containing gene 6C protein-like, transcript variant X1","liver"
"LOC115139160",57.8116990114656,-0.0808620097670747,0.115767593533371,-0.697771194591261,0.485320296169536,0.740331409875384,"transmembrane protein 183A-like","liver"
"LOC115137966",120.106443261414,-0.0808942149970364,0.0932791924238983,-0.866886765503388,0.386004055573916,0.66277343806359,"GMP reductase 2-like, transcript variant X1","liver"
"LOC115110661",58.2274504589957,-0.081281220404623,0.104188873018053,-0.780564553404412,0.435058646530196,0.701463229136502,"THO complex subunit 4-like","liver"
"LOC115110758",154.911282549928,-0.0813132930515651,0.123323087342896,-0.659905595186654,0.509314413404983,0.759314392479411,"very-long-chain (3R)-3-hydroxyacyl-CoA dehydratase 2-like","liver"
"xylb",63.9351356070741,-0.0813975046647857,0.0988456618369045,-0.823345821430873,0.410311363311466,0.683763649741703,"xylulokinase, transcript variant X1","liver"
"LOC115102287",166.439851170933,-0.081425188686027,0.108052194571236,-0.753159416684466,0.451354123325121,0.713991757099885,"vitamin D3 receptor A-like, transcript variant X1","liver"
"LOC115126344",122.249996867713,-0.0815092194865348,0.106359872588673,-0.766398761296874,0.44343906963506,0.707778594440931,"putative pre-mRNA-splicing factor ATP-dependent RNA helicase DHX32","liver"
"LOC115101599",104.131667589013,-0.0815713795400858,0.120318593520378,-0.678281390871521,0.49759329540529,0.751459900730628,"uncharacterized LOC115101599","liver"
"LOC115105130",70.4288001955087,-0.0817738605355533,0.0915239796864897,-0.893022484018225,0.371845132131463,0.652449745401568,"LYR motif-containing protein 4B","liver"
"LOC115134108",134.155010124804,-0.0817778593661783,0.10336476062555,-0.790986897546068,0.428951637413042,0.697735722521961,"bile acid receptor-like, transcript variant X2","liver"
"LOC115136112",114.954430944147,-0.0818858647214534,0.106226307680767,-0.770647777437973,0.440915733746176,0.706666998644961,"RNA-binding protein 5-B-like, transcript variant X1","liver"
"ND5",906.548974470285,-0.0820364024264205,0.113534079590585,-0.722564588693891,0.469947430502821,0.729160916151313,NA,"liver"
"LOC115118567",109.763668483273,-0.082226966407999,0.105165763563555,-0.783676109875074,0.433230184015149,0.699899417378417,"heat shock protein HSP 90-alpha 1, transcript variant X2","liver"
"LOC115118093",354.320791864899,-0.0822842351539395,0.122399766747962,-0.672583539306045,0.501212276750026,0.753658039245653,"hydroxymethylglutaryl-CoA synthase, cytoplasmic-like, transcript variant X5","liver"
"LOC115130341",85.2499564161207,-0.0824175777169229,0.118001410209931,-0.697911124071035,0.48523277715446,0.740331409875384,"anion exchange protein 2-like, transcript variant X2","liver"
"LOC115105211",95.6510218941189,-0.0824753193361031,0.123819465738464,-0.666172517697657,0.505300836894426,0.757363748897249,"solute carrier family 23 member 1-like","liver"
"LOC115113160",503.600256729456,-0.0825593357297048,0.123069959462976,-0.670941855177782,0.502257571232821,0.754867942605081,"GDNF family receptor alpha-1-like","liver"
"LOC115105343",455.947534318098,-0.0829661761488879,0.0993483704639456,-0.834985852819147,0.403725673864038,0.677474617813841,"mannosyl-oligosaccharide 1,2-alpha-mannosidase IA-like, transcript variant X3","liver"
"LOC115131641",62.9052766575781,-0.0829708734478566,0.103284775315022,-0.802965265122126,0.421994811313758,0.693432360397224,"chromodomain-helicase-DNA-binding protein 4-like, transcript variant X4","liver"
"LOC115136827",61.8757683890043,-0.0830375527637956,0.108888344238302,-0.762931002924615,0.445504545475935,0.709104231142651,"T-box transcription factor TBX2b-like, transcript variant X1","liver"
"LOC115111550",65.6206564338991,-0.0831897804982988,0.124147550745073,-0.670019640460143,0.50284526998487,0.755472657743579,"phosducin-like protein 3","liver"
"tsg101",72.2509153060265,-0.0834049704076027,0.0872285462730272,-0.956009204967984,0.339067583965414,0.620225883494352,"tumor susceptibility 101","liver"
"LOC115144760",256.539881797792,-0.0835021632125343,0.112389814402337,-0.742991370009183,0.45748690530582,0.718606378374628,"MOB kinase activator 2-like, transcript variant X4","liver"
"dmxl1",67.0332209981184,-0.0836247003326664,0.0788303089168234,-1.06088325562389,0.288742959762842,0.583993995263798,"Dmx like 1, transcript variant X8","liver"
"LOC115103852",811.783320183589,-0.0836392831290671,0.119484095157668,-0.699961204420811,0.483951532919522,0.73962746463441,"malate dehydrogenase, cytoplasmic-like, transcript variant X1","liver"
"LOC115101981",182.587593862941,-0.0839274379093202,0.0748915880782198,-1.12052329819949,0.26249083002984,0.559917519583386,"F-actin-capping protein subunit alpha-1-like","liver"
"LOC115105542",221.758369010525,-0.0841574725620495,0.0792760392839484,-1.06172131353622,0.288362220577687,0.583993995263798,"clathrin heavy chain 1, transcript variant X2","liver"
"LOC115114101",69.1941533251385,-0.0843043788744934,0.103969119066308,-0.810284430835566,0.417776721424192,0.691375524370688,"ATP-dependent zinc metalloprotease YME1L1-like, transcript variant X3","liver"
"LOC115134223",59.293597243696,-0.0846342215924907,0.0953292560005688,-0.887924840737626,0.374581181606437,0.654713934917598,"ras and EF-hand domain-containing protein-like, transcript variant X3","liver"
"LOC115130453",88.4372733501425,-0.0849510354407748,0.0796606564569502,-1.06617723843527,0.286343529390662,0.583021643712864,"WW domain-containing adapter protein with coiled-coil-like","liver"
"dpep1",4156.09207567667,-0.0850228117857101,0.108424367826772,-0.784176860868647,0.432936340538032,0.699899417378417,"dipeptidase 1, transcript variant X1","liver"
"LOC115144078",99.1898257242906,-0.085613041253376,0.0770408597548795,-1.11096017037101,0.266585493871226,0.563006462704206,"protein transport protein Sec24C-like, transcript variant X1","liver"
"LOC115125859",83.3930400606576,-0.0856359401108738,0.102502026940781,-0.835608016051336,0.403375457674698,0.677474617813841,"myotrophin-like","liver"
"LOC115138208",129.226173403183,-0.085683674373909,0.0839267413857478,-1.02070591446427,0.307393791524385,0.598746474685021,"uncharacterized protein KIAA0232-like","liver"
"LOC115113572",129.57803585577,-0.0858950568416839,0.0908666299704478,-0.9451339899266,0.344590474340849,0.624522353674211,"adenine phosphoribosyltransferase-like","liver"
"bmt2",66.1259791693655,-0.0862066541769525,0.116707979424947,-0.738163627505992,0.460415022617537,0.718606378374628,"base methyltransferase of 25S rRNA 2 homolog, transcript variant X1","liver"
"LOC115140924",701.335483993122,-0.0867096841021728,0.110371472298896,-0.785599687091374,0.43210204785146,0.699463044893784,"protein LYRIC-like, transcript variant X2","liver"
"LOC115110601",83.0093582374178,-0.0867302042762613,0.0957329268754818,-0.905569129711212,0.365163954440365,0.645709761079545,"protein Hook homolog 2-like, transcript variant X2","liver"
"LOC115109140",63.0520313237101,-0.0867853705255781,0.0917323567905395,-0.945939209301221,0.344179593326723,0.624522353674211,"regulator of nonsense transcripts 1, transcript variant X2","liver"
"LOC115104134",67.213338476,-0.0871283332264198,0.0979688507205132,-0.889085494258293,0.373957134145576,0.654184239818613,"myosin light chain kinase, smooth muscle-like, transcript variant X1","liver"
"baz2b",117.525640067412,-0.0874700017049231,0.123498963670335,-0.708391979181794,0.478701871982442,0.733529635413696,"bromodomain adjacent to zinc finger domain 2B, transcript variant X17","liver"
"LOC115110297",102.927563659556,-0.0875269040818558,0.100158573851758,-0.873924698263964,0.382159263351457,0.661435735635049,"max-like protein X","liver"
"LOC115133925",149.233060874148,-0.0878264663543793,0.115729486670603,-0.758667445732094,0.448051515513308,0.711086038234986,"probable 2-oxoglutarate dehydrogenase E1 component DHKTD1, mitochondrial","liver"
"LOC115140926",76.9334524241373,-0.0878429930873403,0.0872448260271775,-1.00742455525602,0.313730796110729,0.602661842209239,"E3 ubiquitin-protein ligase UBR5, transcript variant X1","liver"
"LOC115141222",15235.5172145321,-0.0878727293291901,0.121831433612287,-0.721304015491653,0.470722486953506,0.729530363810833,"complement C3","liver"
"zcchc14",153.381373709615,-0.0879619816468881,0.115051138174955,-0.764463513271556,0.444591072059127,0.708702858706689,"zinc finger CCHC-type containing 14","liver"
"LOC115130809",1458.63064979247,-0.0881678842820284,0.119403547820822,-0.738833067978484,0.460008369316646,0.718606378374628,"tryptophan 2,3-dioxygenase A-like, transcript variant X1","liver"
"LOC115120287",107.843088601746,-0.088863114798526,0.0799805289968045,-1.11107348056025,0.266536721765291,0.563006462704206,"amino-terminal enhancer of split-like, transcript variant X1","liver"
"LOC115123719",82.3831544393736,-0.0888783523580098,0.105945107536277,-0.83876356620998,0.401601999597747,0.677062232707639,"tensin-3-like","liver"
"LOC115111868",63.8461929900011,-0.0890060417305246,0.114001257311114,-0.780830159637755,0.434902393082878,0.701463229136502,"cyclic AMP-responsive element-binding protein 3-like protein 4","liver"
"LOC115126565",188.827106000565,-0.089660239789079,0.0945031852265295,-0.948352612986031,0.342949974773016,0.62401625361105,"ETS-related transcription factor Elf-2-like","liver"
"LOC115103845",65.3613813508646,-0.0899180812849853,0.105433111472456,-0.852784348957685,0.393778904781416,0.669046609374344,"exportin-1-like","liver"
"LOC115126548",183.636804636782,-0.0899530078299549,0.0902412430665601,-0.996866111884138,0.318829502671057,0.604704843863596,"COP9 signalosome complex subunit 4-like, transcript variant X1","liver"
"LOC115105132",226.637242111735,-0.0900197757290269,0.0821892354918407,-1.0950439444448,0.273497384802256,0.571050078285483,"repressor of RNA polymerase III transcription MAF1 homolog","liver"
"LOC115108938",459.74594104811,-0.0901039942304099,0.108271508326366,-0.832283192762698,0.405249115165293,0.679192184791832,"eukaryotic translation initiation factor 4 gamma 2-like","liver"
"LOC115135833",247.71949775445,-0.0901572691180709,0.113931628781503,-0.791013530539447,0.428936095836695,0.697735722521961,"ceramide-1-phosphate transfer protein-like","liver"
"LOC115123726",132.304524210139,-0.0909051327817805,0.120705523719363,-0.753062504531609,0.451412354770953,0.713991757099885,"glutathione peroxidase 1-like","liver"
"LOC115138449",74.8716834344518,-0.0909142081823412,0.116982429947501,-0.776696614542666,0.437337784709694,0.704580557500677,"pleckstrin homology domain-containing family G member 3-like, transcript variant X2","liver"
"LOC115128323",69.8269081344237,-0.0909507200765528,0.0945651261493189,-0.961083748742221,0.33651006020245,0.617950638777758,"splicing factor, proline- and glutamine-rich-like, transcript variant X1","liver"
"LOC115104218",174.683928974352,-0.0909910081309468,0.122575878630948,-0.74254030936054,0.457760038591955,0.718606378374628,"hemoglobin subunit beta-1-like","liver"
"LOC115124412",64.8311530883569,-0.0910281842608012,0.094146914024282,-0.966470508710141,0.333808797126652,0.616215877304454,"vesicle-associated membrane protein-associated protein A-like","liver"
"gpatch8",145.31279250848,-0.0911490867885292,0.0976053467684651,-0.933878947950559,0.350366339344521,0.630783215180331,"G-patch domain containing 8, transcript variant X3","liver"
"cdc5l",244.236276823013,-0.0914321833855152,0.101111940698002,-0.903961339256614,0.366015901757011,0.645866505192127,"cell division cycle 5 like","liver"
"LOC115123893",62.0782673190236,-0.09150220241119,0.114979846042722,-0.795529653158122,0.426305468836032,0.696720565748062,"phosphatidate phosphatase LPIN1-like","liver"
"LOC115104053",138.662131827647,-0.0916126875404494,0.124175191875655,-0.737721367431493,0.460683784876121,0.718617339133207,"chromobox protein homolog 1-like","liver"
"LOC115135233",68.0722568701967,-0.0917867964940183,0.103421427349547,-0.886914096394946,0.375125151712399,0.655029417315574,"E3 ubiquitin-protein ligase UBR2-like, transcript variant X2","liver"
"LOC115104054",58.6860435703818,-0.0923073946412224,0.116165264134756,-0.794612237637783,0.42683909751007,0.697033718530067,"coatomer subunit zeta-1-like, transcript variant X6","liver"
"LOC115144921",87.1747843860695,-0.0923142693745464,0.0918192948520756,-1.00487797955154,0.3149556089646,0.602661842209239,"AP-3 complex subunit delta-1-like, transcript variant X2","liver"
"LOC115109083",102.36336559205,-0.0923858424449906,0.0789784564920771,-1.169108324486,0.242359990416683,0.536838563244212,"rab GTPase-activating protein 1-like, transcript variant X2","liver"
"LOC115125274",124.651263767931,-0.0924141222525028,0.100287185048102,-0.921788831828866,0.356638734008109,0.636732141838394,"ER membrane protein complex subunit 3-like","liver"
"LOC115133040",316.682144292526,-0.0924689305974935,0.107913065690534,-0.856762100597326,0.391576375040738,0.667530449463005,"cholinephosphotransferase 1-like, transcript variant X2","liver"
"nop56",140.539466592075,-0.0925224707297341,0.114499986883325,-0.807795709975203,0.419208195174545,0.69146125084874,"NOP56 ribonucleoprotein","liver"
"LOC115102157",81.0250178999881,-0.0927835644075542,0.109468792312038,-0.847615728877867,0.396652011801304,0.672806325469044,"NADH dehydrogenase [ubiquinone] 1 alpha subcomplex subunit 4-like 2","liver"
"LOC115106403",291.178437539867,-0.0929349910414035,0.0919231252451939,-1.010823232552,0.31210104148864,0.601817480450145,"anthrax toxin receptor 1-like","liver"
"LOC115121095",674.376933235238,-0.0929527110768414,0.106511182238435,-0.872816079562635,0.382763333797259,0.6616067391248,"phosphoethanolamine N-methyltransferase 3-like, transcript variant X1","liver"
"LOC115123112",73.0638455940987,-0.0932548801078947,0.106252419444618,-0.878142022555709,0.379866650561249,0.659608891016053,"discoidin, CUB and LCCL domain-containing protein 2-like, transcript variant X2","liver"
"LOC115110259",497.688690311575,-0.0933818672158762,0.118288902379201,-0.789322910853238,0.429923299252322,0.697735722521961,"protein phosphatase 1 regulatory subunit 1B-like","liver"
"farp2",115.205447008956,-0.0937246910523764,0.11823708781725,-0.792510687794894,0.428062962376333,0.697735722521961,"FERM, ARH/RhoGEF and pleckstrin domain protein 2","liver"
"LOC115135267",73.4088118098819,-0.0940823472674135,0.0886248722466506,-1.06159583897477,0.288419203534599,0.583993995263798,"poly(rC)-binding protein 2-like, transcript variant X4","liver"
"LOC115133551",57.574238353248,-0.0943975144174738,0.118039719526259,-0.798677676586598,0.424477334161671,0.695405793425631,"inactive ubiquitin carboxyl-terminal hydrolase 53-like, transcript variant X1","liver"
"LOC115128369",72.2856611342484,-0.0944845091610627,0.0919742326516334,-1.02693413072231,0.304451481537051,0.597110690743404,"ETS domain-containing transcription factor ERF-like, transcript variant X2","liver"
"LOC115143132",119.641882638864,-0.0946811754341728,0.097024041907618,-0.9759823645854,0.329073203705638,0.613285735480822,"ubiquitin carboxyl-terminal hydrolase 4-like","liver"
"LOC115144075",92.7551575813809,-0.095024690732194,0.0928264974781105,-1.02332781200159,0.306152878110861,0.598503180422,"protein phosphatase 1B-like, transcript variant X2","liver"
"miox",72.8614373912429,-0.0956469306596591,0.124248511853154,-0.768866402673275,0.441972624144834,0.707440917137375,"myo-inositol oxygenase","liver"
"lss",192.255979426224,-0.0957961026030407,0.122120593911094,-0.785171972288149,0.432352746050036,0.699591025367188,"lanosterol synthase","liver"
"LOC115144998",58.8295174389384,-0.0959122387738483,0.124001448949451,-0.773615887546857,0.439157973978412,0.705835284640182,"formin-binding protein 1-like, transcript variant X4","liver"
"LOC115115840",66.0238564597694,-0.0963661636473527,0.098932753919609,-0.973870188132621,0.330120997626385,0.613285735480822,"serine/arginine-rich splicing factor 5-like","liver"
"LOC115114054",118.205876808946,-0.0965123880794746,0.0986579088304366,-0.978017733731843,0.328065553297001,0.613285735480822,"probable ubiquitin carboxyl-terminal hydrolase FAF-X","liver"
"LOC115142007",102.320660772727,-0.0966157970661454,0.114414907070405,-0.843750349511375,0.39880892559377,0.675038167739272,"intraflagellar transport protein 20 homolog, transcript variant X1","liver"
"LOC115135717",114.643776604005,-0.0967427267842918,0.118561894861198,-0.816023562617617,0.414486659414191,0.688446464454866,"unconventional myosin-XVIIIa-like, transcript variant X6","liver"
"LOC115135942",657.898217140577,-0.0967734965930082,0.0938945903931779,-1.03055411575185,0.30274996261791,0.595276819889339,"drebrin-like","liver"
"LOC115127850",91.8729826964068,-0.096910577245556,0.103512304712415,-0.935274747283592,0.349646725872262,0.630044232827294,"N-lysine methyltransferase KMT5A-A-like, transcript variant X1","liver"
"LOC115140004",134.278887914708,-0.0969765960069771,0.12312554837543,-0.787813409763049,0.430805856106818,0.698290615620397,"calcineurin-binding protein cabin-1-like, transcript variant X1","liver"
"LOC115113674",111.739307587908,-0.0972568526650657,0.105148968014929,-0.92461376927552,0.355166848114831,0.635347056144885,"dual specificity protein phosphatase 22-A-like, transcript variant X3","liver"
"LOC115120130",62.6940086481988,-0.097364042146829,0.122838989535483,-0.791584409236018,0.428603040597676,0.697735722521961,"SEC14-like protein 2, transcript variant X2","liver"
"LOC115141271",59.4189403806197,-0.0977092756503808,0.107915767091708,-0.905291888408905,0.365310772583275,0.645709761079545,"remodeling and spacing factor 1-like","liver"
"LOC115132660",168.015774156271,-0.097742332196972,0.0811382726959899,-1.20450297956073,0.228395231129357,0.523719817470933,"E3 ubiquitin-protein ligase UBR4-like","liver"
"dnajb9",198.247730989249,-0.0979224143210836,0.121186661855842,-0.807991588694209,0.419095424282152,0.69146125084874,"DnaJ heat shock protein family (Hsp40) member B9, transcript variant X2","liver"
"LOC115133440",96.2293017242151,-0.0980212117158972,0.0960033063818635,-1.02027218516146,0.307599391067329,0.598746474685021,"apoptotic chromatin condensation inducer in the nucleus-like, transcript variant X1","liver"
"LOC115140761",457.946463365961,-0.0983146697062638,0.112974997790029,-0.870224074733286,0.384177961797634,0.66181330070431,"glyceraldehyde-3-phosphate dehydrogenase","liver"
"LOC115127147",98.1441861244247,-0.0987361715093992,0.110697181779921,-0.891022940716894,0.372916863196257,0.653486300252771,"putative oxidoreductase GLYR1, transcript variant X5","liver"
"LOC115122602",277.49078087595,-0.0989335209382687,0.0950101081321139,-1.04134373896911,0.297716043792349,0.59079386294918,"threonine--tRNA ligase, cytoplasmic-like","liver"
"LOC115131630",226.265245282904,-0.0990143121948578,0.120670522794862,-0.8204156025529,0.411979223868439,0.685119264172891,"glycogen synthase kinase-3 beta-like","liver"
"LOC115107163",134.015503462728,-0.0990789994384581,0.0849311086805992,-1.16627533428688,0.243503142492885,0.536838563244212,"E3 ubiquitin-protein ligase MYCBP2, transcript variant X16","liver"
"LOC115113721",60.7614265964035,-0.0991084004147059,0.0977148168547999,-1.01376931149091,0.31069284204489,0.601817480450145,"caprin-1-like, transcript variant X4","liver"
"LOC115106399",108.481532978382,-0.0996104500201627,0.0862671880502756,-1.15478779895273,0.248177334706947,0.543563039368896,"Golgi to ER traffic protein 4 homolog","liver"
"LOC115134299",63.9564167546757,-0.0996182089807083,0.111361360045757,-0.893913768768916,0.371368030297658,0.652174102323677,"alpha-1,6-mannosylglycoprotein 6-beta-N-acetylglucosaminyltransferase A-like","liver"
"LOC115120700",66.4510775353802,-0.099639738447722,0.102866094418735,-0.967769472865985,0.333159512925461,0.616121761806781,"5'-AMP-activated protein kinase catalytic subunit alpha-1-like","liver"
"LOC115146085",318.842982990607,-0.0996685663799717,0.120297179789232,-0.828494424513208,0.407390551184599,0.680821601733672,"syntaxin-binding protein 6-like, transcript variant X2","liver"
"LOC115122236",455.083340884192,-0.0997449502001043,0.120902122349746,-0.82495639600202,0.409396346573023,0.683613071950693,"calreticulin-like","liver"
"LOC115126171",125.670303333855,-0.09977862929873,0.11665739952566,-0.855093395478941,0.392499445609864,0.668265555683293,"TSC22 domain family protein 3-like","liver"
"LOC115142929",131.076857021716,-0.0999632840617295,0.0954645650120998,-1.0468179135156,0.295183566803989,0.589635548521163,"bombesin receptor-activated protein C6orf89 homolog, transcript variant X3","liver"
"LOC115130171",139.793269906846,-0.100079185534114,0.0976878960457827,-1.02408138475714,0.305796836123356,0.59838113492021,"histone-lysine N-methyltransferase 2C-like, transcript variant X1","liver"
"LOC115130495",83.7449440650072,-0.100218139205661,0.0931974505795446,-1.07497090068746,0.282387756661831,0.579855161790238,"heterogeneous nuclear ribonucleoprotein A0-like, transcript variant X1","liver"
"LOC115104089",112.294883582596,-0.100291504445202,0.0953722285730543,-1.05131603724765,0.293113463866922,0.588827244318174,"LIM and SH3 domain protein 1-like","liver"
"LOC115129555",65.710919637601,-0.100373617882494,0.109267357296592,-0.918730912012947,0.358236336971212,0.63865893305983,"peptidyl-prolyl cis-trans isomerase D-like","liver"
"LOC115110586",106.316629372756,-0.100378343799061,0.117976598184885,-0.851466447308936,0.394510294077776,0.670009982775424,"serine/threonine-protein kinase N1-like, transcript variant X3","liver"
"ccar1",89.5680547991095,-0.100380493001952,0.106273241183452,-0.943941719945592,0.34519943098748,0.625347946979986,"cell division cycle and apoptosis regulator 1, transcript variant X3","liver"
"LOC115143152",576.01734035906,-0.100442001945412,0.124177907726607,-0.808953877293572,0.418541676697799,0.69146125084874,"histone H1x","liver"
"LOC115147104",66.511435397228,-0.101096513088139,0.100296211335777,-1.00718905623682,0.313843931122012,0.602661842209239,"volume-regulated anion channel subunit LRRC8A-like, transcript variant X2","liver"
"LOC115135139",155.885246368471,-0.101217331601518,0.102507136068929,-0.987349583206129,0.323471291173506,0.608430541219756,"microtubule-associated proteins 1A/1B light chain 3A","liver"
"LOC115117122",64.1377758420124,-0.101356821862501,0.123253010240489,-0.822207624800307,0.410958739944776,0.684259732032233,"gamma-adducin-like","liver"
"LOC115104882",81.4214642457649,-0.10169236013555,0.103592320828634,-0.981576126045871,0.326308713790184,0.611510030992547,"activin receptor type-2B-like","liver"
"LOC115101036",62.4443356792145,-0.10181488700862,0.0954323997329196,-1.06719805616717,0.285882410149153,0.583021643712864,"protein kish-A","liver"
"LOC115112562",99.4504927875358,-0.10190595671668,0.111586916844358,-0.912769360121667,0.361363856113942,0.642370768585617,"ras-related protein R-Ras2-like","liver"
"LOC115136816",827.627977380947,-0.101925861158942,0.101065045533898,-1.00852286133114,0.31320351833939,0.602462265574022,"vitronectin-like","liver"
"LOC115108371",70.9895945529219,-0.102028706943073,0.0916910822017199,-1.11243344742877,0.265951830241722,0.562909598388969,"UDP-N-acetylglucosamine transporter-like","liver"
"ttc3",96.3577878632929,-0.102112014405579,0.0967222298490165,-1.05523145418151,0.291319481838814,0.586669075086465,"tetratricopeptide repeat domain 3, transcript variant X1","liver"
"LOC115104337",131.316310243567,-0.102121002521441,0.105505113902046,-0.967762112712244,0.333163189583338,0.616121761806781,"tubulin beta-4B chain-like","liver"
"LOC115111239",114.045174246116,-0.102262995270905,0.0983874275907533,-1.03917757869356,0.298722156082823,0.591752816572608,"nipped-B-like protein A, transcript variant X2","liver"
"LOC115110479",313.808090555039,-0.102323510782145,0.105950861463509,-0.965835177610076,0.334126662922634,0.616244469716134,"WW domain-binding protein 2-like","liver"
"LOC115124445",186.496246085948,-0.102357929716601,0.0840185417472257,-1.21780320621988,0.223298765638241,0.516643694750874,"protein SON-like","liver"
"LOC115136275",154.671472891361,-0.102566019186497,0.114806693132325,-0.893076340663672,0.371816292059043,0.652449745401568,"mediator of RNA polymerase II transcription subunit 13-like","liver"
"LOC115102993",573.156500794175,-0.102651634557479,0.0761585725297759,-1.38706464519737,0.165422051512598,0.458057256769939,"insulin-like growth factor-binding protein 1","liver"
"LOC115110650",79.6496774247875,-0.10282816481089,0.12374584843019,-0.831629472876969,0.405618120803065,0.679349773417028,"cytoglobin-1-like, transcript variant X1","liver"
"LOC115128374",453.721221373021,-0.102970602492437,0.100903563060285,-1.02048968596548,0.307496278367028,0.598746474685021,"tubulin beta chain","liver"
"LOC115133797",102.23262245144,-0.103032773172119,0.089381071430086,-1.1523888965775,0.249161301605383,0.544547702597072,"golgin subfamily B member 1-like","liver"
"LOC115108065",81.6331559547402,-0.103353205851931,0.0989573723973496,-1.04384926141292,0.296555136077168,0.590091121146007,"mitofusin-1-like, transcript variant X3","liver"
"LOC115141184",245.568718541973,-0.10349016441326,0.0944950980457308,-1.09517005394331,0.27344214247028,0.571050078285483,"natural resistance-associated macrophage protein 2-like, transcript variant X1","liver"
"ssr1",119.22730651633,-0.103546500729165,0.119802308848646,-0.864464794250463,0.387332612166387,0.663069184036201,"signal sequence receptor subunit 1, transcript variant X1","liver"
"LOC115142380",58.9494445915022,-0.10354905592664,0.116890154391179,-0.885303452799186,0.37599298824545,0.656056258599509,"RNA binding protein fox-1 homolog 2-like, transcript variant X1","liver"
"ppargc1b",423.636671590507,-0.103704176170654,0.111526695098382,-0.929691771877505,0.352530695893111,0.633002253947277,"PPARG coactivator 1 beta","liver"
"LOC115143090",95.5860209251722,-0.103787024796887,0.071592423413579,-1.45015134993909,0.147016318234808,0.435493105468807,"gastrula zinc finger protein XlCGF57.1-like, transcript variant X14","liver"
"LOC115140889",1355.66149097853,-0.10419539711422,0.083750074176933,-1.24411057180192,0.213458870706851,0.512113441838229,"transmembrane protein 91-like","liver"
"LOC115132415",93.7826035630614,-0.104255571536979,0.120809005126701,-0.862593393838732,0.388361063792927,0.664550670033573,"transmembrane protein 269-like, transcript variant X2","liver"
"LOC115123341",61.719174252373,-0.104303212694372,0.121878644344236,-0.856316605571688,0.39182267863413,0.667671086167523,"ATP-citrate synthase, transcript variant X1","liver"
"LOC115109709",58.8187950020235,-0.104443349109308,0.096959508592007,-1.07640602258724,0.281745710053464,0.579412469312775,"uncharacterized LOC115109709, transcript variant X5","liver"
"LOC115114862",65.7504259318033,-0.104720522888082,0.123901213550457,-0.844523733660236,0.398376806663775,0.674609000399479,"phosphoglucomutase-1-like","liver"
"LOC115137887",72.3297613021205,-0.105042413797749,0.119596338843463,-0.8775757536549,0.380173992085384,0.659608891016053,"serine protease HTRA3-like, transcript variant X1","liver"
"LOC115113361",148.828384105116,-0.105667757097275,0.10520965979539,-1.00405856617695,0.315350385187243,0.602661842209239,"opsin-3-like","liver"
"LOC115121287",61.0932351778005,-0.106037819524445,0.117164785557908,-0.904301316504509,0.365835648902062,0.645866505192127,"probable global transcription activator SNF2L2","liver"
"LOC115128358",75.4930165774842,-0.106197314689428,0.101807526578362,-1.04311354492272,0.296895708150045,0.590091121146007,"chromodomain-helicase-DNA-binding protein 4-like, transcript variant X14","liver"
"LOC115112747",1101.7297249419,-0.106231579751711,0.123994558693923,-0.857005743473926,0.391441710453019,0.667530449463005,"membrane transport protein XK-like, transcript variant X1","liver"
"LOC115140778",1365.70435335576,-0.106375813294929,0.072224151437476,-1.47288058201833,0.140783238852047,0.428662337025698,"retinol-binding protein 1-like, transcript variant X2","liver"
"LOC115104260",63.0120873347406,-0.106738002275601,0.0975917801802221,-1.09300308364149,0.274392445842311,0.571050078285483,"protein LSM12 homolog A-like","liver"
"LOC115122218",100.245337879868,-0.106836736149157,0.12304233068894,-0.867833748133824,0.385485352046467,0.66277343806359,"retinol dehydrogenase 7-like, transcript variant X1","liver"
"LOC115137153",65.8272347235577,-0.107099254831188,0.0870354224444061,-1.23058482272439,0.218478184556774,0.514503686801253,"AP-2 complex subunit mu-B-like, transcript variant X1","liver"
"LOC115127676",614.800281311377,-0.107134797872952,0.11283774635138,-0.949386894024285,0.342423873591969,0.62392476922703,"polyadenylate-binding protein 1","liver"
"LOC115135711",105.771976639161,-0.107217276899533,0.122188660845891,-0.877353566404889,0.380294625585801,0.659608891016053,"acetyl-CoA carboxylase, transcript variant X1","liver"
"LOC115101417",548.0643202193,-0.107505406422603,0.12351311109913,-0.870425440995798,0.384067948471373,0.66181330070431,"diamine acetyltransferase 1-like","liver"
"LOC115120012",113.425963109728,-0.1076756264498,0.0841027303422505,-1.27999266703767,0.200547714886151,0.496617549134843,"glypican-4-like","liver"
"LOC115138387",112.290247147704,-0.107706014404097,0.0836935387797229,-1.28651815117987,0.198262288244868,0.494866556574453,"probable palmitoyltransferase ZDHHC14, transcript variant X2","liver"
"LOC115143069",104.41766427182,-0.107813345844423,0.114888715824597,-0.938487050248538,0.347994168847993,0.628177250763693,"leucine-rich repeat flightless-interacting protein 1-like, transcript variant X2","liver"
"dcp2",61.5348186974042,-0.107897055173146,0.0992208613915144,-1.08674149146954,0.27715107161128,0.574894538365178,"decapping mRNA 2, transcript variant X1","liver"
"LOC115128322",72.406425007279,-0.108110644569987,0.0845843558157066,-1.27816590224966,0.201190936057828,0.496718234682126,"acyl-protein thioesterase 2-like, transcript variant X1","liver"
"LOC115109271",193.994940858716,-0.108220027934463,0.122543226568521,-0.883224900774284,0.377114770310537,0.657169646766032,"A disintegrin and metalloproteinase with thrombospondin motifs 20-like","liver"
"LOC115133926",240.647282025519,-0.108378378575398,0.076518837775203,-1.41613953607082,0.156734654537009,0.446659174059623,"CUGBP Elav-like family member 2, transcript variant X2","liver"
"LOC115113510",159.657306141957,-0.10858596525266,0.124231592685441,-0.874252383798461,0.381980824197355,0.661407748270356,"carbonic anhydrase 7-like","liver"
"efr3a",61.6136091706181,-0.108739615566432,0.110328597359899,-0.984245715348396,0.324994713238935,0.609608122946112,"EFR3 homolog A, transcript variant X1","liver"
"LOC115110245",84.2928494385985,-0.108778761668194,0.122310432835442,-0.889503364559405,0.373732615792509,0.654072194920681,"probable phosphatase phospho1, transcript variant X1","liver"
"LOC115145790",440.990484281707,-0.108910603395495,0.108916692235555,-1.00300299901203,0.315859414259028,0.602661842209239,"fibrinogen gamma chain-like, transcript variant X2","liver"
"slc2a9",217.631984600858,-0.108951869657531,0.117342598121597,-0.928438520555904,0.353180144772987,0.633584947467429,"solute carrier family 2 member 9, transcript variant X1","liver"
"LOC115118033",143.614818585025,-0.109182246103593,0.100643647835928,-1.08459113844472,0.278102781560615,0.576282123864293,"small ubiquitin-related modifier 3-like","liver"
"LOC115113642",126.973487557856,-0.109480584109219,0.110140541498337,-0.99389699132752,0.320273019281931,0.605207615481293,"ubiquitin carboxyl-terminal hydrolase 10-like, transcript variant X2","liver"
"LOC115118216",208.96109145756,-0.109562829810038,0.109318997106245,-1.00233534443664,0.31618165755912,0.602661842209239,"uncharacterized LOC115118216, transcript variant X1","liver"
"leng8",106.041549327648,-0.109780093205319,0.0982563980269528,-1.1170876671407,0.263956843131269,0.561821458278356,"leukocyte receptor cluster member 8","liver"
"abcg8",63.7936843378045,-0.109785743352906,0.121718022107152,-0.9024397812891,0.366823296801739,0.646700587268119,"ATP binding cassette subfamily G member 8","liver"
"LOC115129322",97.9833221249466,-0.109977998002208,0.0902633234100843,-1.2185950216797,0.222997939501584,0.516643694750874,"heterogeneous nuclear ribonucleoprotein A/B-like","liver"
"LOC115131769",70.3753350251304,-0.109983947634235,0.0898100612899633,-1.22448320716522,0.22076999739439,0.515384077401978,"heterogeneous nuclear ribonucleoprotein R-like, transcript variant X4","liver"
"LOC115138736",93.7155276000843,-0.110696868426756,0.113733100300717,-0.974688523769903,0.329714787295756,0.613285735480822,"cysteine-rich protein 2-like","liver"
"LOC115102509",60.3840576879063,-0.110894351181407,0.122856927696184,-0.901217831790397,0.367472511742644,0.647005597349035,"hepatocyte nuclear factor 4-alpha-like, transcript variant X3","liver"
"LOC115106381",1663.38534339368,-0.11126580794831,0.0998507213323722,-1.12127220137857,0.262172014557481,0.559917519583386,"retinol-binding protein 4-B","liver"
"LOC115113114",85.3257191039395,-0.111295123944591,0.124271849806056,-0.895915035298245,0.37029814337253,0.650575531201049,"acyl-CoA desaturase-like, transcript variant X4","liver"
"LOC115103278",62.3416970665852,-0.111684513097286,0.0974595394847934,-1.14577623046501,0.251887752650606,0.546695676146897,"60S ribosomal protein L5-like","liver"
"LOC115142627",3621.54961279047,-0.111886262857638,0.118339330448478,-0.945529567246137,0.344388583163315,0.624522353674211,"complement C3-like","liver"
"LOC115115483",135.047686889727,-0.111974721746258,0.111003939417861,-1.00856040835124,0.313185502982592,0.602462265574022,"lactadherin-like","liver"
"LOC115121791",193.965464017439,-0.112109170040972,0.120094327119824,-0.933986093565265,0.350311066459397,0.630783215180331,"proline-rich transmembrane protein 4-like","liver"
"LOC115139965",142.294202546364,-0.112208172316379,0.124103408649265,-0.903785171910882,0.366109325879939,0.645866505192127,"RIMS-binding protein 2-like, transcript variant X4","liver"
"btg1",688.23211430337,-0.11222199000262,0.11604776808536,-0.966978898329527,0.33355458261584,0.616127007304481,"BTG anti-proliferation factor 1","liver"
"LOC115138927",195.825513905036,-0.112454747461356,0.0986016132554241,-1.1406036239396,0.254034908508594,0.550183999511705,"DNA-binding protein inhibitor ID-3-A-like","liver"
"LOC115121388",253.956716978784,-0.112596159463176,0.11880108520956,-0.948382359190847,0.342934836748511,0.62401625361105,"large neutral amino acids transporter small subunit 4-like","liver"
"ppm1b",132.277133108233,-0.112837435732919,0.0802994713054595,-1.40514475608225,0.15997823764053,0.451572920098892,"protein phosphatase, Mg2+/Mn2+ dependent 1B, transcript variant X3","liver"
"nid2",87.3070160778548,-0.112854590479213,0.115975105724735,-0.973276365874606,0.330415965435693,0.613285735480822,"nidogen 2, transcript variant X3","liver"
"sugp1",73.4188057978981,-0.112944873963936,0.0862116458698806,-1.30934935401413,0.190416038728277,0.486229707127124,"SURP and G-patch domain containing 1","liver"
"LOC115131483",78.7731780330997,-0.113121797104843,0.115348810343741,-0.980359936014286,0.326908478742528,0.611979627914037,"uncharacterized aarF domain-containing protein kinase 5-like, transcript variant X2","liver"
"LOC115136908",164.848051197415,-0.11318316077092,0.0920812261150869,-1.22862772057933,0.219211417245168,0.514938140304512,"E3 ubiquitin-protein ligase TRIP12-like, transcript variant X2","liver"
"LOC115110486",136.326196560741,-0.113212071203514,0.11358322482214,-0.99687531713688,0.3188250339274,0.604704843863596,"sterol regulatory element-binding protein 2-like, transcript variant X2","liver"
"LOC115126875",111.013850849131,-0.113252227692067,0.0769778875094864,-1.47080082078489,0.141344990422605,0.428662337025698,"tetratricopeptide repeat protein 31-like","liver"
"LOC115134486",157.821411029619,-0.113333067697345,0.112671711797256,-1.00568634195967,0.314566475251843,0.602661842209239,"MOB kinase activator 2-like, transcript variant X4","liver"
"ND4",3152.15047395693,-0.113414209676267,0.105296097429217,-1.07710346297409,0.281434046171505,0.57906369116358,NA,"liver"
"LOC115120351",253.481038812746,-0.113841289063935,0.0930976329479343,-1.22240497959593,0.221554517100533,0.516327165066765,"non-muscle caldesmon-like, transcript variant X1","liver"
"LOC115127886",119.228400693756,-0.113841859490004,0.100866808995467,-1.12835816280889,0.259168689075873,0.557158004574504,"transmembrane protein 131-like","liver"
"LOC115132060",436.273703905455,-0.11393965617266,0.0966998624892041,-1.18794506667714,0.234855052855645,0.529170367849425,"intelectin","liver"
"ddah1",149.220797867197,-0.114172062159913,0.102517728776323,-1.11313525737952,0.265650343275121,0.562909598388969,"dimethylarginine dimethylaminohydrolase 1, transcript variant X1","liver"
"LOC115112882",78.2033714299517,-0.114193385225369,0.120747159568788,-0.946526564632493,0.343880079590991,0.624522353674211,"class A basic helix-loop-helix protein 15-like","liver"
"LOC115142900",76.9325733756836,-0.114448714580962,0.0955701676103838,-1.19744985585007,0.23113126118379,0.526562154159259,"msx2-interacting protein-like, transcript variant X5","liver"
"LOC115135518",123.879165948733,-0.114684814717743,0.0791290248093993,-1.4494079629174,0.147223686225193,0.435647932552669,"ubiquitin-conjugating enzyme E2 D2","liver"
"LOC115131908",65.5717149249974,-0.114862131504031,0.0938816660808807,-1.22360085948643,0.2211028352282,0.515864428385886,"bromodomain adjacent to zinc finger domain protein 2A-like, transcript variant X2","liver"
"LOC115106410",62.3789376093677,-0.114939183973166,0.103224117082081,-1.11311651163341,0.265658393104394,0.562909598388969,"inhibitor of Bruton tyrosine kinase-like","liver"
"LOC115125774",123.388559977589,-0.114943217491234,0.0942993759158167,-1.21817423669147,0.223157767796953,0.516643694750874,"glycerol-3-phosphate acyltransferase 3-like","liver"
"dyrk1a",68.6071097515172,-0.114945410913408,0.087243602658509,-1.31709279946404,0.187807520330507,0.482967478149619,"dual specificity tyrosine phosphorylation regulated kinase 1A, transcript variant X3","liver"
"LOC115135309",61.126466689606,-0.114973179616657,0.113539070898196,-1.01240172106657,0.311346015795012,0.601817480450145,"SEC23-interacting protein-like, transcript variant X2","liver"
"LOC115117745",733.095894023459,-0.115235223316254,0.120540614275714,-0.955921270096386,0.339112011984222,0.620225883494352,"long-chain fatty acid transport protein 6-like","liver"
"LOC115143141",382.65337356667,-0.11525391946215,0.10544582994785,-1.09299498932968,0.274395999746501,0.571050078285483,"guanine nucleotide-binding protein G(i) subunit alpha-2-like","liver"
"LOC115103956",74.9788668725159,-0.115285374634478,0.12399522114574,-0.93028286578266,0.352224646857701,0.632731450238868,"egl nine homolog 1-like, transcript variant X1","liver"
"LOC115118061",204.489417445467,-0.11529518104149,0.107542339895447,-1.0719568571951,0.283739410469655,0.580899804711564,"NEDD4 family-interacting protein 1-like, transcript variant X1","liver"
"LOC115137761",87.9108216849624,-0.115478299461506,0.124103428984921,-0.930549987405276,0.352086395238339,0.632731450238868,"zinc finger and BTB domain-containing protein 16-A-like","liver"
"LOC115104519",209.482585226728,-0.115574097033839,0.111971185826829,-1.03189726619526,0.302120246790564,0.594714532960469,"partitioning defective 3 homolog","liver"
"LOC115113633",107.050192283694,-0.115745986831813,0.095835388560942,-1.20741342743586,0.22727296699671,0.522525201010823,"RNA polymerase-associated protein CTR9 homolog","liver"
"LOC115131660",93.2814177939893,-0.115822345388492,0.122429281818792,-0.9455263205041,0.344390239898889,0.624522353674211,"neurofascin-like","liver"
"LOC115103823",83.1652389820154,-0.115836571132405,0.122198442054277,-0.949053547542735,0.342593378446602,0.6239546964023,"sterol regulatory element-binding protein cleavage-activating protein-like, transcript variant X4","liver"
"LOC115107164",100.945889258841,-0.115864270864659,0.108688581903065,-1.06621827799788,0.286324981494637,0.583021643712864,"myosin phosphatase Rho-interacting protein-like","liver"
"ogt",85.9001227186069,-0.116330933882898,0.105943518825814,-1.0978508053367,0.272269642410081,0.569990273478936,"O-linked N-acetylglucosamine (GlcNAc) transferase, transcript variant X1","liver"
"ppig",72.1278911676522,-0.116404806749364,0.101640844315288,-1.14528234368482,0.252092217541439,0.546848259020173,"peptidylprolyl isomerase G","liver"
"ncl",370.396478814276,-0.116464884634403,0.0989128600363935,-1.17727342590661,0.239086389994368,0.53398143869427,"nucleolin","liver"
"LOC115135806",193.477075873654,-0.11650300146007,0.0780146613258901,-1.49303004638973,0.135429322045177,0.422025930165245,"THO complex subunit 2-like, transcript variant X2","liver"
"LOC115101256",248.912439753179,-0.116620998923212,0.0904411962609408,-1.28950286661767,0.19722332039529,0.494088662526859,"sodium-dependent phosphate transporter 1-B-like","liver"
"foxn3",97.3043776837059,-0.116777421579904,0.110455405542438,-1.05676301617365,0.290619757131962,0.585549248675173,"forkhead box N3","liver"
"LOC115141651",123.869199202546,-0.116949403400336,0.111417393586223,-1.04895409146553,0.294199248193893,0.589635548521163,"uncharacterized protein KIAA1671-like, transcript variant X1","liver"
"LOC115110771",326.446588499245,-0.116968732712666,0.122677555450889,-0.953657185610483,0.34025719890172,0.621087479947788,"3 beta-hydroxysteroid dehydrogenase type 7-like","liver"
"LOC115145934",120.561220756269,-0.117066388929656,0.124228604433364,-0.942319027442483,0.34602932937769,0.626294647665837,"microtubule-associated protein RP/EB family member 3-like, transcript variant X1","liver"
"LOC115129404",180.761352497372,-0.11728128518352,0.121428964440985,-0.966147055389759,0.333970601352804,0.616235478095984,"retinol dehydrogenase 12-like","liver"
"LOC115105599",385.251971921757,-0.117546154812489,0.118390052705533,-0.992857154186697,0.3207795723169,0.605794282606699,"alpha-2-antiplasmin-like, transcript variant X3","liver"
"LOC115103776",60.8268908998465,-0.117818833192941,0.0892767968367139,-1.31926641546537,0.187080061451645,0.482488355032437,"pre-mRNA-splicing factor CWC25 homolog","liver"
"LOC115110749",121.875486405253,-0.11790329296562,0.0793913137253454,-1.48490742202584,0.137568349674081,0.424172995847644,"signal transducing adapter molecule 2-like","liver"
"LOC115109257",173.633317238694,-0.118016304421241,0.119371585394759,-0.988883083509863,0.322720348074041,0.607859583525782,"cold-inducible RNA-binding protein B-like, transcript variant X5","liver"
"LOC115139963",427.149544150545,-0.118127948929707,0.117062494514174,-1.0089684160522,0.312989781649633,0.602462265574022,"serine/threonine-protein kinase ULK1-like, transcript variant X5","liver"
"LOC115142965",58.1479166351407,-0.118245664834957,0.0848499278532212,-1.39350674704915,0.163466606171506,0.455221463268407,"transforming protein RhoA-like, transcript variant X2","liver"
"LOC115114290",532.129639443641,-0.11834471785229,0.124057164093145,-0.953950534007679,0.340108682007569,0.621087479947788,"dihydropyrimidine dehydrogenase [NADP(+)]","liver"
"LOC115130030",69.2847131805076,-0.11837006122043,0.115021587940389,-1.02876682876471,0.303589257749689,0.596639254863902,"uncharacterized LOC115130030","liver"
"dbi",147.761621417598,-0.118611109854688,0.1181909508159,-1.00331464309963,0.315709073171571,0.602661842209239,"diazepam binding inhibitor, acyl-CoA binding protein","liver"
"LOC115118585",217.27060926235,-0.118666752363062,0.119275349138808,-0.995223029534846,0.319627803488895,0.604704843863596,"complement C3 alpha chain-like","liver"
"LOC115110062",384.807337163951,-0.118812346828914,0.124191929216028,-0.956879462156867,0.338628098541934,0.620225883494352,"uncharacterized LOC115110062, transcript variant X1","liver"
"LOC115138095",143.629413486369,-0.119076428057603,0.105499742370042,-1.12877958937716,0.258990824875059,0.557069447066353,"DENN domain-containing protein 4C-like, transcript variant X3","liver"
"fasn",400.466656084025,-0.119241037627386,0.121855992687418,-0.978513095909842,0.327820617480258,0.61321562039905,"fatty acid synthase, transcript variant X3","liver"
"LOC115103267",64.7988782297168,-0.119563860006388,0.119236662273325,-1.00261175189485,0.316048223406829,0.602661842209239,"lysine-specific demethylase 4A-like, transcript variant X1","liver"
"LOC115116917",1389.8605446521,-0.119815207686803,0.089238249237974,-1.34266182860763,0.179381500075792,0.475752428727641,"ERBB receptor feedback inhibitor 1-like","liver"
"LOC115125623",294.981291187707,-0.120047897223243,0.104727134636459,-1.14634558861846,0.251652186792364,0.546695676146897,"sterol-4-alpha-carboxylate 3-dehydrogenase, decarboxylating-like, transcript variant X2","liver"
"LOC115120425",164.922073448396,-0.12023184559247,0.11973791608348,-1.0036596849763,0.315542675390315,0.602661842209239,"protein max, transcript variant X2","liver"
"akap13",66.8559988285889,-0.120281530646381,0.123181881437132,-0.97557354461392,0.329275839901027,0.613285735480822,"A-kinase anchoring protein 13","liver"
"cog2",116.263374577681,-0.120341561422452,0.0868463100827997,-1.38580834714208,0.165805432888429,0.458239415732302,"component of oligomeric golgi complex 2, transcript variant X1","liver"
"LOC115146486",96.3976324434237,-0.120442839744201,0.0927402342774618,-1.29810064817941,0.194252751619741,0.489959291832961,"serine/arginine-rich splicing factor 5-like","liver"
"LOC115138671",132.521421890885,-0.121010011889498,0.102059617658697,-1.1853190526393,0.235891323203878,0.529853169515691,"disheveled-associated activator of morphogenesis 1-like, transcript variant X2","liver"
"LOC115109313",77.9108881860314,-0.121097955522659,0.0856282995365579,-1.4145732086297,0.157193668609299,0.446807108264647,"NEDD4-like E3 ubiquitin-protein ligase WWP2, transcript variant X1","liver"
"lrrfip2",98.1156346683825,-0.121204804315866,0.0866653149277034,-1.39823642473261,0.162042081995493,0.455191954661357,"LRR binding FLII interacting protein 2, transcript variant X2","liver"
"LOC115139092",109.658221214899,-0.121367057511955,0.122983125140867,-0.986307993505756,0.323981998408586,0.608562708451282,"protein Smaug homolog 1-like","liver"
"LOC115105097",137.718076392989,-0.121605744301885,0.107178836256525,-1.1341979995969,0.256711502945964,0.553910749199936,"ras-related protein Rab-18-like","liver"
"setx",67.3190015123119,-0.121651532449006,0.0991226408412813,-1.2264273712744,0.220037891042265,0.515149020039213,"senataxin","liver"
"LOC115105411",367.592504420641,-0.121689075476212,0.109936168864403,-1.10670449847897,0.268421709818542,0.564544318483166,"opioid-binding protein/cell adhesion molecule homolog, transcript variant X2","liver"
"LOC115131343",60.8390969897757,-0.121787831504059,0.0994080578146677,-1.22510758247693,0.22053468865782,0.515384077401978,"focal adhesion kinase 1-like, transcript variant X19","liver"
"LOC115111669",99.9736855229455,-0.122399360327648,0.115038059239189,-1.06298719427217,0.287787758682371,0.583886746645261,"WD repeat and FYVE domain-containing protein 2","liver"
"arhgap1",84.669460152945,-0.122460104484439,0.090629802630588,-1.35041224890337,0.176883783967058,0.472681035223712,"Rho GTPase activating protein 1","liver"
"LOC115128231",104.027513603728,-0.122525724264599,0.103979289056105,-1.17825673167824,0.238694271724173,0.53398143869427,"dolichyl-diphosphooligosaccharide--protein glycosyltransferase subunit STT3B, transcript variant X2","liver"
"LOC115146285",176.649313934856,-0.123416559778958,0.100066220232258,-1.23294405548821,0.217596637224384,0.514503686801253,"uncharacterized protein KIAA1522 homolog, transcript variant X1","liver"
"LOC115110164",153.227779595748,-0.123450677832867,0.111279682019744,-1.10920747977508,0.267340686608128,0.563456157875353,"endoplasmic reticulum membrane sensor NFE2L1-like","liver"
"LOC115124613",73.0502032402747,-0.123497467056028,0.123011804788916,-1.0031913453691,0.315768547952102,0.602661842209239,"retinoblastoma-like protein 2, transcript variant X2","liver"
"LOC115130305",66.96212844864,-0.123847956979016,0.124171904285508,-0.997777938434113,0.318387050300369,0.604704843863596,"60 kDa heat shock protein, mitochondrial-like","liver"
"auh",97.055193611152,-0.123982522488878,0.114565963925666,-1.08158913639075,0.279435133834283,0.577796523365651,"AU RNA binding methylglutaconyl-CoA hydratase, transcript variant X2","liver"
"LOC115112251",187.781167147731,-0.123982870506097,0.11609154270081,-1.06840361646483,0.285338486406552,0.582393425434705,"hepatocyte nuclear factor 4-beta-like","liver"
"LOC115137911",167.10283847894,-0.124003839800353,0.124264294196747,-0.997850556530849,0.318351830579833,0.604704843863596,"butyrophilin subfamily 2 member A1-like, transcript variant X1","liver"
"LOC115128399",333.308599382815,-0.124190913338145,0.112684426446848,-1.10205884759265,0.270436088686352,0.567609421980211,"class I histocompatibility antigen, F10 alpha chain-like, transcript variant X2","liver"
"LOC115106304",256.236072022935,-0.124455607111728,0.115190683604034,-1.08022006791934,0.280044194038728,0.578106723951892,"forkhead box protein K2-like, transcript variant X2","liver"
"LOC115111654",65.7374685505061,-0.124786181982969,0.110737766632241,-1.12665932704545,0.259886545186134,0.558112517480866,"RNA-binding protein EWS-like, transcript variant X3","liver"
"LOC115122691",64.9681087495315,-0.124916259513626,0.113636230411895,-1.09838975108811,0.272034335774408,0.569790314808062,"SHC-transforming protein 1-like","liver"
"LOC115131546",107.991977833189,-0.124965138680274,0.104411305129339,-1.19682314047478,0.231375496762858,0.526562154159259,"chromatin target of PRMT1 protein-like","liver"
"ogg1",58.1336987309133,-0.125027133309881,0.103650760878726,-1.20573698574867,0.227918919268893,0.523378881656343,"8-oxoguanine DNA glycosylase, transcript variant X2","liver"
"LOC115110267",626.439881046938,-0.125067029394469,0.117421155945846,-1.06502839323192,0.286863081192358,0.583021643712864,"putative methyltransferase DDB_G0268948, transcript variant X2","liver"
"LOC115128705",170.566461295083,-0.125275371622637,0.10157411136583,-1.23342887118738,0.217415798963993,0.514503686801253,"probable acyl-CoA dehydrogenase 6","liver"
"LOC115130975",67.0817110333816,-0.125929206491485,0.0998024340110051,-1.26169824954179,0.207057387030394,0.505671605473867,"zinc finger C4H2 domain-containing protein, transcript variant X4","liver"
"LOC115107066",68.3243845177158,-0.126104270573404,0.123505657060741,-1.02114311099828,0.307186640514034,0.598746474685021,"pro-MCH 2-like, transcript variant X1","liver"
"epas1",64.245903524801,-0.126392824110489,0.111117935933165,-1.13684124047655,0.255604659637004,0.552838963517804,"endothelial PAS domain protein 1, transcript variant X2","liver"
"LOC115101911",220.727341525351,-0.126399494402872,0.0853572751470695,-1.48041748037461,0.138761867840955,0.426141188301776,"receptor tyrosine-protein kinase erbB-3-like","liver"
"LOC115104090",61.2576626998253,-0.126637953862014,0.11716720728037,-1.08133641722141,0.279547493682189,0.577796523365651,"plexin domain-containing protein 1-like, transcript variant X3","liver"
"LOC115104237",58.2917690450876,-0.126699926859483,0.0923313776354507,-1.37264205296,0.169863651780865,0.464016753366823,"RNA-binding protein 8A-like, transcript variant X2","liver"
"LOC115109719",66.0754983267604,-0.127251032629356,0.109223675349622,-1.16410105328044,0.24438306185689,0.536984021632714,"ETS domain-containing protein Elk-3-like","liver"
"LOC115135615",193.349162657131,-0.128761410316648,0.0913180712056877,-1.40981667750193,0.158593820821843,0.449532971953986,"stress-induced-phosphoprotein 1-like","liver"
"LOC115136143",780.886216796904,-0.128937674893539,0.117977053945638,-1.09285585987367,0.27445709110924,0.571050078285483,"sodium-coupled neutral amino acid transporter 3-like, transcript variant X1","liver"
"LOC115120858",88.7785104253925,-0.129030314256581,0.109060025287928,-1.18293418444829,0.236835232384226,0.530990322991257,"uncharacterized LOC115120858","liver"
"LOC115139900",110.818560627648,-0.129042080141428,0.12338089590409,-1.04586558118592,0.295623097335956,0.58979918979019,"ral guanine nucleotide dissociation stimulator-like, transcript variant X3","liver"
"LOC115136245",691.280860309061,-0.129064250206122,0.0982667844529675,-1.31335670570234,0.189062778938847,0.484057717936395,"la-related protein 1-like","liver"
"ank2",119.645714375361,-0.129305909060802,0.117346751330785,-1.10388489623021,0.269643071495814,0.566393768236678,"ankyrin 2, transcript variant X7","liver"
"pemt",59.5412354321277,-0.129408902144553,0.121370872195886,-1.06546287325299,0.286666517899389,0.583021643712864,"phosphatidylethanolamine N-methyltransferase, transcript variant X3","liver"
"LOC115118594",61.182593740673,-0.129593246994439,0.105190015256502,-1.2308490272584,0.218379334895063,0.514503686801253,"serine/arginine repetitive matrix protein 2-like, transcript variant X1","liver"
"LOC115107020",848.410292190937,-0.129637560709893,0.0999833599654997,-1.29653815944698,0.194790142147205,0.490830051295152,"DNA/RNA-binding protein KIN17-like","liver"
"LOC115132937",194.991350297055,-0.129918814846238,0.120381718103899,-1.08005440530001,0.280117953828505,0.578106723951892,"dipeptidyl peptidase 4-like","liver"
"gtf2f1",83.2406890859645,-0.129923896459703,0.0903310877946653,-1.43829295343546,0.150350950405926,0.441218436245599,"general transcription factor IIF subunit 1, transcript variant X4","liver"
"tp53i11",106.123893112439,-0.129941294213295,0.106382449933981,-1.22068210304871,0.22220640654289,0.51642870199588,"tumor protein p53 inducible protein 11, transcript variant X1","liver"
"LOC115114820",66.5982631412934,-0.130003770254032,0.12396850841675,-1.04699304732019,0.295102784867324,0.589635548521163,"rab effector MyRIP-like","liver"
"acat2",167.403155266992,-0.130034564029964,0.122788936719242,-1.05991606781996,0.289182785070697,0.583993995263798,"acetyl-CoA acetyltransferase 2","liver"
"LOC115130271",156.497771169036,-0.130180060005205,0.0885329918165561,-1.47015085584469,0.141520901301269,0.428876723943473,"abl interactor 1, transcript variant X1","liver"
"LOC115135656",409.703899292382,-0.130225837273093,0.121597561447122,-1.0719297258353,0.28375159744375,0.580899804711564,"4F2 cell-surface antigen heavy chain-like","liver"
"LOC115118813",148.545059365445,-0.130242665769053,0.0985055613946574,-1.32206588252593,0.186146213442072,0.48142891243013,"microtubule-actin cross-linking factor 1, isoforms 1/2/3/5-like, transcript variant X1","liver"
"LOC115126051",85.9374966397684,-0.130263908515855,0.122565206350343,-1.06207071151629,0.288203585144926,0.583993995263798,"sodium/potassium-transporting ATPase subunit beta-233-like","liver"
"LOC115110537",104.544823711917,-0.130503223535591,0.0973856401564591,-1.34081651302465,0.179980033487498,0.476053612261547,"primary amine oxidase, liver isozyme-like","liver"
"LOC115138664",67.8668879281411,-0.130569017814277,0.111226096702229,-1.17301879893902,0.240788267115708,0.536020194846327,"F-box only protein 33-like","liver"
"LOC115114422",976.198742757957,-0.131291476855139,0.123763476260648,-1.06099850467445,0.288690580733092,0.583993995263798,"sodium- and chloride-dependent glycine transporter 1-like, transcript variant X1","liver"
"LOC115109554",201.246501380534,-0.131468721409743,0.0807710588875118,-1.62712485344456,0.103710583517674,0.37878524947853,"bile acid receptor-like, transcript variant X3","liver"
"LOC115145245",123.770143570488,-0.131568067727318,0.0774269793486988,-1.69871716077861,0.0893724884489587,0.354360177935755,"serine/arginine repetitive matrix protein 2-like, transcript variant X2","liver"
"LOC115142772",109.869329680635,-0.131873307400017,0.08307865146366,-1.5866799331056,0.112585153439474,0.393228008071377,"plexin-A1-like, transcript variant X2","liver"
"LOC115108338",98.441427155341,-0.131936060309436,0.0954007703029287,-1.38238248568281,0.166854290932586,0.459483178110225,"amino-terminal enhancer of split-like, transcript variant X2","liver"
"dock9",58.5601065160537,-0.132141001309861,0.101164755680371,-1.30565068810692,0.19167137450539,0.487125116673347,"dedicator of cytokinesis 9, transcript variant X11","liver"
"LOC115105598",218.87076511788,-0.132312266618299,0.123241893325884,-1.07367748583168,0.282967255464583,0.580168276294588,"pigment epithelium-derived factor-like, transcript variant X2","liver"
"ppp1r36",58.3627379523823,-0.132465831964535,0.118973795166283,-1.11248094499657,0.265931418574786,0.562909598388969,"protein phosphatase 1 regulatory subunit 36, transcript variant X1","liver"
"LOC115116017",175.62978903284,-0.13274073347088,0.121320776922131,-1.09360242565181,0.274129384933551,0.571050078285483,"dystrophin-like","liver"
"LOC115117308",59.5924153920836,-0.132800096177612,0.118038487477289,-1.12417257677815,0.260939820787047,0.558608565928574,"ubiquitin-conjugating enzyme E2 H-like","liver"
"LOC115103915",71.8660233429009,-0.132822228515768,0.12156877466155,-1.0931053243745,0.274347558535261,0.571050078285483,"integral membrane protein GPR137B-like, transcript variant X3","liver"
"LOC115133564",72.4790392660211,-0.133191145541861,0.108180760195484,-1.23041957746997,0.218540025866074,0.514503686801253,"serine/threonine-protein phosphatase 2B catalytic subunit alpha isoform, transcript variant X1","liver"
"LOC115105432",222.212260331613,-0.133426883473696,0.124204214421902,-1.07428277600891,0.282695962316432,0.579903745546943,"zinc finger and BTB domain-containing protein 16-A, transcript variant X1","liver"
"LOC115139329",81.5566543127729,-0.133739772188771,0.104676069679954,-1.2781467288714,0.201197695157063,0.496718234682126,"CSC1-like protein 2","liver"
"psme4",62.6179547070146,-0.133841565514442,0.101011704038723,-1.32481356558791,0.185232994328492,0.479980727834032,"proteasome activator subunit 4","liver"
"dnah7",114.326709897519,-0.133922132654663,0.123837794815839,-1.08205584892507,0.279227712489601,0.577796523365651,"dynein axonemal heavy chain 7","liver"
"LOC115133082",138.463133313345,-0.133940916512976,0.116833701894996,-1.1466317536579,0.251533847102416,0.546695676146897,"DNA/RNA-binding protein KIN17-like","liver"
"LOC115105818",59.5707357768743,-0.133973641747663,0.119773840763698,-1.11925130022072,0.263032945507902,0.560440295812969,"histone-lysine N-methyltransferase SETD1B-A-like, transcript variant X2","liver"
"LOC115110428",65.8561736296558,-0.134160863392759,0.0989404607971135,-1.35617172463449,0.175044536233792,0.470730067742526,"casein kinase I, transcript variant X2","liver"
"LOC115116842",84.774028041441,-0.134197945185003,0.103578603236908,-1.29551584910218,0.195142337523496,0.491137928346786,"cytoplasmic polyadenylation element-binding protein 4-like, transcript variant X1","liver"
"acin1",165.274581684604,-0.134801571916581,0.101979756385683,-1.32141244583829,0.186363878423436,0.481686219691773,"apoptotic chromatin condensation inducer 1, transcript variant X4","liver"
"med13",1603.1904023679,-0.135702205882334,0.122803049354778,-1.1052057582401,0.269070442337728,0.565616876208654,"mediator complex subunit 13","liver"
"LOC115107105",266.678707894606,-0.136573246209161,0.0761460917503171,-1.79345536568491,0.0729001414877485,0.326705500361967,"myotrophin, transcript variant X1","liver"
"LOC115105055",81.9622908147973,-0.136837600545046,0.110032289827856,-1.2427109463554,0.213974368733613,0.512432154499533,"calponin-3-like","liver"
"LOC115114491",60.7668458571007,-0.137000453028128,0.0927465146430643,-1.47608310835138,0.139921582911926,0.427526515703904,"histone-lysine N-methyltransferase 2C-like, transcript variant X3","liver"
"LOC115121172",92.041368261699,-0.137022053261479,0.122402973406172,-1.11965547207261,0.262860606955401,0.560366021940488,"high affinity copper uptake protein 1-like, transcript variant X1","liver"
"LOC115104489",72.4827739049037,-0.137125702617512,0.115357284204638,-1.18829882827927,0.234715699196197,0.529170367849425,"histone-lysine N-methyltransferase 2C-like","liver"
"LOC115129336",150.098873782675,-0.137129871789167,0.101871487282041,-1.3455197238883,0.178457456129441,0.474799341503657,"putative monooxygenase p33MONOX, transcript variant X2","liver"
"LOC115130759",59.1889106599383,-0.137138480055932,0.118023668703311,-1.16191290151294,0.245270845996723,0.53806456850519,"signal recognition particle subunit SRP72-like","liver"
"LOC115137492",140.012203982654,-0.137566914894507,0.100965318798158,-1.36251437151958,0.173035611785751,0.46719384371525,"high mobility group protein B2-like","liver"
"LOC115118468",89.3708915826337,-0.137578266571953,0.124210067420168,-1.10723711046625,0.268191426666111,0.564351190031528,"nucleolar protein 58-like","liver"
"LOC115123875",3378.93423619911,-0.137612563094805,0.101009066691308,-1.36238248285012,0.17307720903092,0.46719384371525,"heparan sulfate glucosamine 3-O-sulfotransferase 3B1-like","liver"
"LOC115134076",57.3843038038965,-0.137742789968264,0.119602679720201,-1.15002708146658,0.250132717335634,0.545539345742569,"trafficking protein particle complex subunit 10-like","liver"
"LOC115134970",253.817419193703,-0.137835303164276,0.119916560336875,-1.15123952643716,0.249633708199828,0.545287778468649,"catechol O-methyltransferase domain-containing protein 1-like","liver"
"LOC115143505",74.281265535009,-0.137850364225421,0.113600635695044,-1.21353942289012,0.224923651392987,0.519721543694906,"uncharacterized LOC115143505, transcript variant X3","liver"
"LOC115121787",105.289193023203,-0.138285775018997,0.0664630399554428,-2.08086050358809,0.0374466762299717,0.238861740709491,"baculoviral IAP repeat-containing protein 2-like","liver"
"LOC115135015",1271.79195945362,-0.138616478950399,0.104670105520786,-1.32429637130843,0.185404635195223,0.480120262424225,"reticulon-1-A-like, transcript variant X1","liver"
"LOC115101624",104.951186206357,-0.13887007835501,0.112691013044958,-1.23185321796443,0.218003919510943,0.514503686801253,"renin-like","liver"
"LOC115140272",95.6262830741108,-0.139373229029971,0.105051311868566,-1.32592258544606,0.184865341051527,0.479980727834032,"rab-like protein 6, transcript variant X2","liver"
"LOC115140263",209.721922436311,-0.1398139679082,0.0978652094283674,-1.42811607844336,0.15325845036851,0.443919583110383,"lysyl oxidase homolog 2B","liver"
"LOC115138365",57.9514652834028,-0.139902511184771,0.124215737682203,-1.12591353362851,0.260202120300125,0.558372234284449,"uncharacterized LOC115138365, transcript variant X1","liver"
"LOC115111300",70.3312673775057,-0.140171128540213,0.0978301466688298,-1.4315622198668,0.152269148388181,0.442688337254084,"ras GTPase-activating protein 1-like, transcript variant X1","liver"
"LOC115141657",142.464572007301,-0.140450848323735,0.092913066137498,-1.51207078731406,0.130515855498272,0.41540889168661,"alpha-actinin-4, transcript variant X2","liver"
"LOC115104247",3733.68690228318,-0.140498431836219,0.117667578703664,-1.19408408493585,0.232445078079018,0.527531257377548,"type-4 ice-structuring protein LS-12-like","liver"
"LOC115138047",18073.1828018256,-0.140577283171766,0.111517196388146,-1.26063036958065,0.207442051553096,0.505814444934547,"histidine-rich glycoprotein-like","liver"
"LOC115127643",7028.43452805502,-0.140803165036344,0.117335277878231,-1.20009868107846,0.230101017733904,0.525265193135949,"sulfotransferase family cytosolic 2B member 1-like, transcript variant X1","liver"
"LOC115142582",91.8868148849224,-0.140885887413917,0.098394305858393,-1.43172884220904,0.152221438722457,0.442688337254084,"regulatory-associated protein of mTOR, transcript variant X6","liver"
"LOC115136968",33609.6674707059,-0.141082037600412,0.122287130857998,-1.15387874339855,0.248549885064351,0.544086644211758,"apolipoprotein A-I-1","liver"
"COX2",12866.1482565368,-0.141172255596977,0.0968171750043014,-1.45814335087413,0.144801034452945,0.434170287903332,NA,"liver"
"LOC115113237",87.3548885527336,-0.141488461218186,0.106027914826676,-1.33358218016736,0.182340826217126,0.477648591041778,"bifunctional heparan sulfate N-deacetylase/N-sulfotransferase 2-like, transcript variant X1","liver"
"LOC115114248",92.0065951230705,-0.141524281752661,0.116307042855348,-1.21661881687968,0.223749279996423,0.51730122817097,"ATP-binding cassette sub-family F member 2-like, transcript variant X1","liver"
"LOC115120666",357.439607513634,-0.141525787326396,0.110442592750075,-1.28153291332356,0.200006546945607,0.496181792666034,"solute carrier family 22 member 18-like","liver"
"LOC115106396",272.290381744127,-0.141696550004729,0.121543775699689,-1.16687967605859,0.243258964607003,0.536838563244212,"arginase-1-like, transcript variant X1","liver"
"LOC115113007",344.973991522999,-0.14178408465414,0.082415982572084,-1.72006164894893,0.085421236003318,0.350278629727892,"probable E3 ubiquitin-protein ligase TRIM8, transcript variant X2","liver"
"LOC115143994",83.6556963396972,-0.142146813235407,0.0899422467323879,-1.58011589093566,0.114080328768391,0.394843487389548,"ral GTPase-activating protein subunit beta-like, transcript variant X3","liver"
"LOC115140248",158.603254209575,-0.14282444648168,0.113606278253323,-1.25719882222117,0.208681649683984,0.507083282246149,"nucleolysin TIA-1-like, transcript variant X3","liver"
"LOC115143469",2322.17227930879,-0.143127963827728,0.106355814113755,-1.34573031017315,0.178389507580947,0.474799341503657,"sodium-coupled neutral amino acid transporter 3-like, transcript variant X2","liver"
"LOC115108519",58.832940024737,-0.143570688886245,0.0852654361220051,-1.68363360766348,0.0922524995321964,0.359285719078632,"protein furry homolog-like, transcript variant X11","liver"
"LOC115113379",262.718758190045,-0.143632804027341,0.113638311847854,-1.26371582335829,0.20633204362465,0.504504744939455,"eukaryotic translation initiation factor 3 subunit A-like, transcript variant X1","liver"
"LOC115126697",219.207057769598,-0.143755346319022,0.117006145278317,-1.22834856821568,0.219316146115955,0.514938140304512,"uncharacterized protein C6orf62 homolog","liver"
"LOC115134080",72.5817472789407,-0.144067238895084,0.114481907355063,-1.25731684642356,0.208638926158136,0.507083282246149,"thromboxane-A synthase-like, transcript variant X1","liver"
"LOC115114250",186.877448719467,-0.14410608232222,0.108546140816345,-1.32720767337427,0.184439994777346,0.479980727834032,"sarcosine dehydrogenase, mitochondrial-like","liver"
"LOC115124994",1244.8351525993,-0.144589388580213,0.123994588474454,-1.16642079027802,0.243444356810937,0.536838563244212,"fatty acid desaturase 2-like","liver"
"ctnnb1",393.170070183247,-0.144611161357092,0.0906365807643881,-1.59568510058098,0.110559116782699,0.389715104987415,"catenin beta 1","liver"
"LOC115145150",61.7859690424083,-0.1447299689428,0.123997411587377,-1.16767594612435,0.24293750293523,0.536838563244212,"capping protein, Arp2/3 and myosin-I linker protein 3-like, transcript variant X3","liver"
"LOC115112174",167.459990961164,-0.14475397630915,0.113358351964772,-1.27624861879412,0.201867646955416,0.497468276293999,"tight junction protein ZO-1-like","liver"
"LOC115103919",428.15650719301,-0.14476781345476,0.124244799658453,-1.16542672661307,0.243846304040695,0.536838563244212,"complement C3-like","liver"
"LOC115129295",86.759019481204,-0.145376799731602,0.12264384729725,-1.1845487314358,0.236195917912386,0.530140176988372,"mitogen-activated protein kinase kinase kinase kinase 4-like, transcript variant X3","liver"
"LOC115119999",118.897652633497,-0.14539486469846,0.0975537911590171,-1.49057520968,0.13607305690902,0.422520506115968,"transcriptional activator protein Pur-beta-like","liver"
"LOC115139154",153.64581854169,-0.14542500402237,0.0861786457682878,-1.6871255966922,0.0915792041373272,0.359279148153416,"RNA-binding protein 25-like","liver"
"LOC115136244",92.825696944467,-0.145496893210621,0.111677490709744,-1.301806444244,0.192982560307281,0.488373778121627,"la-related protein 1-like, transcript variant X1","liver"
"LOC115141109",63.0625259212627,-0.145887567353535,0.115698948593439,-1.26050245483616,0.207488162887773,0.505814444934547,"eukaryotic translation initiation factor 3 subunit A-like, transcript variant X2","liver"
"stxbp5l",98.4011532023701,-0.146067919799769,0.11806185860249,-1.23948466271393,0.215166065208318,0.513475926106034,"syntaxin binding protein 5 like, transcript variant X1","liver"
"LOC115109363",98.2613017370803,-0.146345721248809,0.124037891735805,-1.18152462516703,0.237394376844218,0.531899783115166,"cholesteryl ester transfer protein-like","liver"
"LOC115146295",188.143022859772,-0.147117921970544,0.112735779081318,-1.3047768705903,0.191968837172272,0.487213561839465,"low density lipoprotein receptor adapter protein 1-B-like, transcript variant X1","liver"
"LOC115130742",94.0733009044544,-0.147185885831022,0.122328133500754,-1.20449529839882,0.228398198185864,0.523719817470933,"ATP-binding cassette sub-family A member 1-like","liver"
"LOC115141837",1719.03337452387,-0.147587813145153,0.100687548211841,-1.46578249682169,0.142707550947712,0.430233711289107,"alpha-2-antiplasmin-like","liver"
"LOC115126316",2388.81744141595,-0.147843778983674,0.100265145167887,-1.47455154478444,0.140333150225223,0.428462861661431,"prosaposin-like, transcript variant X3","liver"
"LOC115142844",88.945501401623,-0.147954657673885,0.108247680867686,-1.36601736531182,0.17193351296588,0.466254197287682,"cadherin-22-like, transcript variant X1","liver"
"LOC115133094",75.0522462995773,-0.147993378659227,0.122957116764826,-1.2040213069994,0.228581343297544,0.523719817470933,"ADP-sugar pyrophosphatase-like","liver"
"LOC115141777",117.268081420096,-0.148186882713881,0.0802046745452079,-1.8471485624619,0.0647256119009374,0.310607773214372,"lissencephaly-1 homolog A, transcript variant X2","liver"
"LOC115142436",145.162596243184,-0.148814023229773,0.110731051772893,-1.34387770145209,0.178987937785094,0.475589852941357,"40S ribosomal protein SA, transcript variant X2","liver"
"LOC115132150",67.7017668915709,-0.149074574459662,0.0989249320036937,-1.5065300315663,0.131931163713267,0.416538670251956,"ubiquitin carboxyl-terminal hydrolase 19-like, transcript variant X1","liver"
"LOC115109252",63.0022838478201,-0.149432592487795,0.104584704735534,-1.42743333636302,0.153455027625743,0.443919583110383,"transcriptional repressor p66-alpha-like, transcript variant X1","liver"
"LOC115134259",62.5552822381845,-0.149578206816246,0.105368773299752,-1.41852593976958,0.156037270932244,0.446008356465516,"COUP transcription factor 2-like, transcript variant X1","liver"
"ctso",118.463393415029,-0.14974950742905,0.104040068650941,-1.45152874210484,0.146632684772877,0.435493105468807,"cathepsin O, transcript variant X2","liver"
"LOC115125186",343.549163715416,-0.149821407261051,0.10140879001401,-1.47723548362984,0.13961252523221,0.427222712347214,"death-associated protein 1-like","liver"
"LOC115112936",393.04711362681,-0.150015378122388,0.121318982082775,-1.23675804203612,0.216176923300448,0.514186959807711,"discoidin, CUB and LCCL domain-containing protein 2-like, transcript variant X1","liver"
"LOC115143187",101.754919735719,-0.150610735556294,0.113306934295735,-1.32875329386561,0.183929375957641,0.479980727834032,"epidermal growth factor receptor kinase substrate 8-like protein 3, transcript variant X3","liver"
"nr2f1",152.535209078418,-0.150694688696761,0.0750944739290963,-2.00595032741023,0.0448615479280909,0.261970873001287,"nuclear receptor subfamily 2 group F member 1, transcript variant X2","liver"
"LOC115104794",69.2647191206914,-0.151429794982698,0.101538773466965,-1.49135593698739,0.135868070139407,0.422520506115968,"nuclear fragile X mental retardation-interacting protein 2-like","liver"
"LOC115110066",415.888824920636,-0.151457315135073,0.121979184641717,-1.24158721331769,0.214388901905051,0.512822279439546,"thyroid hormone receptor alpha","liver"
"LOC115106784",70.6450213100338,-0.151514622001874,0.087035326553974,-1.74059393989512,0.0817547806573821,0.344681911946485,"eukaryotic translation initiation factor 4H-like, transcript variant X3","liver"
"LOC115108300",379.145847705817,-0.151560915061191,0.0956370188041608,-1.58458446285266,0.113060777361578,0.394213625770567,"cyclic AMP-responsive element-binding protein 3-like protein 3-B","liver"
"LOC115135910",362.415971533967,-0.151932993206217,0.123532588244862,-1.23018937255442,0.218626198611327,0.514503686801253,"vacuole membrane protein 1-like, transcript variant X3","liver"
"LOC115105240",258.292893469316,-0.152243970250523,0.0883516924291376,-1.72312315890872,0.084866255637711,0.349518919030781,"cytoplasmic polyadenylation element-binding protein 4-like, transcript variant X2","liver"
"LOC115130984",68.3255640041329,-0.152270241267427,0.12412492626991,-1.22562029601862,0.220341596504753,0.515384077401978,"sterol-4-alpha-carboxylate 3-dehydrogenase, decarboxylating-like, transcript variant X1","liver"
"LOC115132580",477.934177024209,-0.152287563392172,0.118579646215135,-1.28680150475707,0.198163482336891,0.494866556574453,"trichohyalin-like","liver"
"LOC115141405",137.974730143517,-0.152522138207758,0.112897564523615,-1.35021389704237,0.176947381741743,0.472681035223712,"activating transcription factor 7-interacting protein 1-like, transcript variant X1","liver"
"LOC115124099",39469.6276310917,-0.152567096171574,0.123140389661589,-1.24009618114191,0.214939821312831,0.513236503615171,"butyrophilin-like protein 1, transcript variant X1","liver"
"LOC115135140",465.071080097347,-0.152643574045482,0.0999143869797267,-1.52774424270233,0.126576050726194,0.410052665416657,"bifunctional heparan sulfate N-deacetylase/N-sulfotransferase 2-like, transcript variant X1","liver"
"LOC115134949",2810.88073174389,-0.152842516785119,0.12327217685289,-1.24015124669236,0.214919457090854,0.513236503615171,"S-adenosylmethionine synthase-like","liver"
"LOC115113550",166.399332824375,-0.15313384391981,0.116054260123463,-1.31906400445424,0.187147715727743,0.482488355032437,"thymosin beta-12, transcript variant X1","liver"
"LOC115129735",321.075962010384,-0.153628736539376,0.0988846480598409,-1.55317927895673,0.120380310213714,0.401530396424794,"NEDD4 family-interacting protein 2-like","liver"
"LOC115131418",111.724190891699,-0.153639065932215,0.100524728478966,-1.52741607223646,0.126657582374772,0.410052665416657,"glucocorticoid-induced transcript 1 protein-like","liver"
"LOC115101387",69.2676313882944,-0.153753698425421,0.0821841918014683,-1.87026086386439,0.0614476014095996,0.303588391933973,"heterogeneous nuclear ribonucleoprotein U-like protein 1","liver"
"LOC115114304",88.6595201130446,-0.154185419487966,0.123312046450678,-1.25051137749298,0.21111280177137,0.509772381528497,"acyl-coenzyme A thioesterase 11-like, transcript variant X2","liver"
"LOC115130173",112.052886137958,-0.1543266513225,0.116203687788924,-1.32724314380074,0.184428264840286,0.479980727834032,"polypeptide N-acetylgalactosaminyltransferase 11-like, transcript variant X1","liver"
"LOC115131511",57.5287314166237,-0.154383082104677,0.123835593941798,-1.24617812145516,0.212699009369253,0.511481511615973,"thioredoxin-interacting protein-like","liver"
"LOC115133264",91.7343513573308,-0.154493482313012,0.122075800421487,-0.73882977837587,0.460010367102478,0.718606378374628,"ankyrin repeat and BTB/POZ domain-containing protein BTBD11-A-like","liver"
"dgkd",88.2425175422505,-0.155170173934013,0.0999777973613824,-1.55031568175714,0.121065765235142,0.402499232543588,"diacylglycerol kinase delta, transcript variant X4","liver"
"LOC115141553",68.8322918828945,-0.155473193277768,0.112210015455648,-1.38527437367605,0.165968586535391,0.458239415732302,"hepatocyte nuclear factor 3-gamma-like","liver"
"LOC115142564",68.3509178199845,-0.155563408272575,0.103427916992796,-1.50311893748116,0.13280837620832,0.418013082181553,"zinc finger CCCH domain-containing protein 18-like, transcript variant X3","liver"
"LOC115108366",79.1505932501683,-0.155871304105686,0.0873361870692132,-1.78427610498167,0.0743788110360441,0.329172675117172,"ER degradation-enhancing alpha-mannosidase-like protein 3, transcript variant X2","liver"
"LOC115116738",256.878803097975,-0.156180333907586,0.10484825653983,-1.48941139031167,0.136379070995028,0.422520506115968,"cytosolic Fe-S cluster assembly factor narfl-like","liver"
"LOC115144441",96.1168089098746,-0.156206210938824,0.124265942318483,-1.25746679033577,0.208584657174445,0.507083282246149,"trichohyalin-like","liver"
"LOC115106600",64.3445905014087,-0.15673376789789,0.108429548379217,-1.44403716915504,0.148728520207424,0.438018387547297,"putative leucine-rich repeat-containing protein DDB_G0290503, transcript variant X1","liver"
"LOC115143015",58.9020264580424,-0.156851580306608,0.11719608289567,-1.33871934242273,0.180662056995038,0.476599777265298,"RNA-binding protein Musashi homolog 1-like","liver"
"LOC115111867",273.119134436684,-0.157277845849393,0.12289788942181,-1.28105029452399,0.200176000974429,0.496300109471881,"growth arrest and DNA damage-inducible protein GADD45 gamma-like","liver"
"LOC115138828",820.854049652904,-0.15750305784953,0.118169193673553,-1.33589830203163,0.181582516028188,0.476599777265298,"B-cell lymphoma/leukemia 11B-like","liver"
"LOC115128719",106.600235522948,-0.157744448577183,0.0869116998898138,-1.81517734472563,0.0694966601096443,0.319261722777012,"casein kinase II subunit alpha-like, transcript variant X1","liver"
"LOC115103990",116.466889230439,-0.157889702989519,0.100377287530561,-1.57203834350869,0.115941659040755,0.396791101805304,"bromodomain-containing protein 4-like","liver"
"LOC115138344",65.4463619993708,-0.158155025951937,0.105356937476423,-1.5004386040314,0.1335008260276,0.419544615951039,"saccharopine dehydrogenase-like oxidoreductase","liver"
"dhcr7",172.636158058097,-0.158941395910125,0.11868882761302,-1.34219216433684,0.179533696455126,0.475799315182766,"7-dehydrocholesterol reductase","liver"
"LOC115126934",73.5122567358827,-0.159007967091012,0.0720274447580164,-2.44240475226326,0.0145897789607935,0.162037981046851,"gamma-crystallin M3-like","liver"
"LOC115103362",265.39008183329,-0.159081993919595,0.119870723101413,-1.32691651277992,0.184536301366162,0.479980727834032,"transferrin receptor protein 1-like, transcript variant X1","liver"
"LOC115102825",134.605785846419,-0.159123553164304,0.117848963410208,-1.34978462410294,0.177085078324791,0.472690752620725,"ski-like protein","liver"
"LOC115130347",75.0621846542277,-0.15914215255786,0.108301381130731,-1.4690372425555,0.141822688037231,0.429471973580798,"SWI/SNF-related matrix-associated actin-dependent regulator of chromatin subfamily D member 3, transcript variant X3","liver"
"LOC115105519",63.825344363325,-0.159242412324688,0.12120791812495,-1.31352879433971,0.189004824776305,0.484057717936395,"thyroid hormone receptor-associated protein 3-like, transcript variant X8","liver"
"LOC115128765",83.7901082712071,-0.159274452032287,0.116792327447279,-1.36278369311625,0.172950691869596,0.46719384371525,"syndecan-2-A-like","liver"
"LOC115122672",110.160469968442,-0.159363023307903,0.117464043416198,-1.3558618155401,0.175143138763833,0.470730067742526,"uncharacterized LOC115122672","liver"
"LOC115105111",78.0349289397578,-0.159564590931987,0.095249783096015,-1.67476298351206,0.093980744313135,0.362302933203603,"kinesin-1 heavy chain-like","liver"
"LOC115130482",87.5613115395778,-0.159709831353196,0.12361946592543,-1.29099912611315,0.196703980540213,0.49369792160216,"mitogen-activated protein kinase kinase kinase kinase 4-like","liver"
"LOC115135443",224.884238449321,-0.159774649200686,0.12342550952745,-1.29445364312855,0.195508771758525,0.49130317736606,"putative monooxygenase p33MONOX, transcript variant X2","liver"
"LOC115107900",127.235208222897,-0.159824217985267,0.103008962697308,-1.55191047284456,0.120683646672437,0.402213036661369,"calmodulin","liver"
"LOC115125030",70.1956826469403,-0.160205604437887,0.109514427237124,-1.4632986339665,0.143385681373646,0.430685362770068,"calcium uptake protein 3, mitochondrial-like, transcript variant X3","liver"
"LOC115143358",147.079976173781,-0.160333161156844,0.106048827016442,-1.51089769965005,0.130814517048313,0.41540889168661,"nuclear receptor coactivator 3-like, transcript variant X2","liver"
"LOC115138198",64.8203038922052,-0.160629952558382,0.120897731844069,-1.32724983301191,0.184426052805116,0.479980727834032,"cGMP-specific 3',5'-cyclic phosphodiesterase-like, transcript variant X3","liver"
"pum1",129.424984094519,-0.160664046923592,0.0802175828190926,-2.00210400028621,0.045273547391948,0.262535331534949,"pumilio RNA binding family member 1, transcript variant X4","liver"
"LOC115142816",84.007679647106,-0.160990228698309,0.116566064894736,-1.38021615203238,0.16752010228539,0.460115860455021,"plexin-B1-like","liver"
"LOC115138712",108.50700740918,-0.161104907756495,0.0999036646260615,-1.61205175391433,0.106950678167563,0.38441883969223,"eukaryotic translation initiation factor 4 gamma 3-like, transcript variant X5","liver"
"LOC115134161",62.7159946860653,-0.16171185419118,0.123772042160088,-1.30523018717011,0.191814477983494,0.487125116673347,"low-density lipoprotein receptor class A domain-containing protein 3-like","liver"
"LOC115142940",127.402720590111,-0.161942112445417,0.0929363836313826,-1.7418673286051,0.0815316620224289,0.344681911946485,"neurofascin-like","liver"
"rrp36",114.073954407862,-0.162007861013168,0.118214774584889,-1.36973698317963,0.170769019607509,0.464553299943853,"ribosomal RNA processing 36","liver"
"LOC115130320",83.5817534675796,-0.162160952912853,0.124116812729992,-1.30551583600273,0.19171725836782,0.487125116673347,"ADP-ribosyl cyclase/cyclic ADP-ribose hydrolase 1-like, transcript variant X2","liver"
"LOC115103719",86.7093037102305,-0.162292468108918,0.1090160760224,-1.48800288355603,0.136750133179524,0.422717936195613,"BUB3-interacting and GLEBS motif-containing protein ZNF207-like, transcript variant X1","liver"
"clybl",64.6152438399759,-0.162319225473314,0.0856496129455596,-1.895453040822,0.0580324073966403,0.294660212954273,"citrate lyase beta like, transcript variant X2","liver"
"LOC115135032",606.537250638024,-0.162599504965698,0.123230610868416,-1.32066338275832,0.186613628638378,0.481720804515534,"protein phosphatase 1 regulatory subunit 3C-B-like","liver"
"LOC115103704",173.474686960798,-0.162812599113562,0.11184280689816,-1.45571053397353,0.145472656632589,0.435493105468807,"40S ribosomal protein SA-like","liver"
"COX1",8377.84404254021,-0.162838000595746,0.114301076933047,-1.42471484312503,0.154239646712419,0.444006832320837,NA,"liver"
"LOC115129408",258.770552440597,-0.163093935071864,0.0863497157079607,-1.88865744608775,0.0589377441135104,0.295850055426932,"proto-oncogene DBL-like","liver"
"LOC115113849",197.71695412499,-0.163225417708192,0.103094455891501,-1.58273805998257,0.11348117961402,0.394843487389548,"dystonin-like","liver"
"LOC115112942",98.6179155240281,-0.163687804371485,0.116620874742568,-1.40371318655696,0.16040427415365,0.452300254712374,"ER lumen protein-retaining receptor 2-like","liver"
"ND3",1481.12680807825,-0.163797998279982,0.123970569394035,-1.32224201830211,0.18608757337114,0.48142891243013,NA,"liver"
"LOC115109305",68.4361472521475,-0.163918469777023,0.106214527881071,-1.54302526861219,0.122824645104044,0.405246159641015,"septin-7-like, transcript variant X1","liver"
"LOC115143402",271.501558824725,-0.164036043173825,0.112756217725713,-1.45493527119609,0.145687182074044,0.435493105468807,"forkhead box protein P1-B-like, transcript variant X5","liver"
"agrn",67.7358826421258,-0.164473877828089,0.11541285052943,-1.42526572800357,0.154080402992412,0.444006832320837,"agrin, transcript variant X6","liver"
"pcf11",78.426878577281,-0.164887434994225,0.0974520412815737,-1.69106418842448,0.0908245439408187,0.358113368975222,"PCF11 cleavage and polyadenylation factor subunit, transcript variant X2","liver"
"LOC115110408",91.5878092007407,-0.164903065732579,0.0881934152391494,-1.86856530259201,0.0616833168714428,0.304015960783556,"histone acetyltransferase p300-like, transcript variant X5","liver"
"LOC115114326",180.196588830253,-0.164991444108634,0.10569133795816,-1.56076955659121,0.118578132874113,0.399022611236311,"eukaryotic translation initiation factor 4 gamma 1-like, transcript variant X6","liver"
"taok3",73.1229826590849,-0.16530457646333,0.119627634010939,-1.38183383706109,0.167022726851996,0.459483178110225,"TAO kinase 3, transcript variant X1","liver"
"LOC115109456",124.433117103967,-0.165327379917487,0.123513228088096,-1.33899990725071,0.180570703100369,0.476599777265298,"tensin-1-like, transcript variant X4","liver"
"LOC115103828",113.1335010777,-0.165876885168868,0.108148494618041,-1.53375903987873,0.12508894315244,0.408851159107954,"testis-expressed protein 2-like, transcript variant X2","liver"
"LOC115140872",703.396180026867,-0.165899046235411,0.10222221826668,-1.62279999868433,0.104632166035298,0.379769108423754,"amyloid-like protein 1","liver"
"LOC115114121",153.203782268702,-0.165900418853811,0.111581828130369,-1.48616124432493,0.137236475931625,0.423769602952504,"UDP-N-acetylglucosamine/UDP-glucose/GDP-mannose transporter-like","liver"
"LOC115103147",63.9410984753621,-0.166846817928215,0.0957425444695958,-1.74048915840171,0.0817731621325444,0.344681911946485,"enhancer of polycomb homolog 1-like, transcript variant X2","liver"
"LOC115113234",152.501473650753,-0.166892317025135,0.116206714364327,-1.43594347565952,0.15101842602944,0.441993323287318,"ras and Rab interactor 2-like, transcript variant X1","liver"
"LOC115129786",124.873030624269,-0.167034200636314,0.119305052171705,-1.39974635600915,0.161589286898033,0.454546537885702,"unconventional myosin-Ib-like, transcript variant X2","liver"
"LOC115102354",281.586549075396,-0.167299989618795,0.115036861019277,-1.45449400185167,0.145809395238154,0.435493105468807,"rap1 GTPase-activating protein 1-like, transcript variant X10","liver"
"LOC115107209",321.044373961798,-0.167369693923359,0.12331421156573,-1.35720948753098,0.174714657009997,0.470367861276584,"cadherin-23-like","liver"
"LOC115144966",81.1099718542645,-0.168240324393154,0.0938311068328311,-1.79133589551687,0.0732394091733768,0.327688070022705,"nuclear factor 1 C-type-like, transcript variant X3","liver"
"LOC115105493",84.0120901472024,-0.168707745443613,0.100415971043123,-1.6793029679004,0.0930930128814693,0.361008794954762,"phosphoglycerate kinase-like","liver"
"LOC115136823",141.665000246188,-0.168928468079752,0.105627982447793,-1.59832364714169,0.109970967315576,0.38868828339188,"breast carcinoma-amplified sequence 3-like, transcript variant X1","liver"
"LOC115139419",118.020612924903,-0.169688980880796,0.120898750406512,-1.40316108267795,0.160568809756822,0.452300254712374,"protein FAM89A-like","liver"
"myc",76.4135693079096,-0.169711470630158,0.113144950311601,-1.49962833085159,0.133710704766402,0.419557222962166,"MYC proto-oncogene, bHLH transcription factor","liver"
"LOC115139575",127.300283917615,-0.169805984542421,0.103934145949633,-1.63321718051907,0.102423327852263,0.376444981357823,"eukaryotic translation initiation factor 5-like, transcript variant X5","liver"
"LOC115101929",639.6860461919,-0.169888393507872,0.12276700583202,-1.38539194737926,0.165932651955379,0.458239415732302,"monocarboxylate transporter 5-like, transcript variant X1","liver"
"LOC115111939",73.6581970355354,-0.170184472532318,0.106133816588765,-1.60102659019976,0.109371029889962,0.387902142635137,"GRIP and coiled-coil domain-containing protein 2-like","liver"
"LOC115106637",89.0059484347792,-0.170342427661065,0.110260539033425,-1.54471644235527,0.122414865980116,0.404346024096395,"glucose-6-phosphate exchanger SLC37A1-like, transcript variant X1","liver"
"LOC115104028",62.3542808580372,-0.170730504597727,0.0938455131982121,-1.81880942435675,0.0689405100790726,0.318235015948244,"KAT8 regulatory NSL complex subunit 1-like, transcript variant X1","liver"
"LOC115125814",164.015815572103,-0.17143315541647,0.11228718439601,-1.52635965389431,0.126920319755056,0.410344791164518,"coagulation factor VIII-like","liver"
"LOC115112216",82.0196004150276,-0.171577479496631,0.121476453945905,-1.41296066052358,0.157667291380923,0.447369174076884,"F-actin-monooxygenase MICAL2-like, transcript variant X3","liver"
"LOC115101056",77.1160840562052,-0.172062871089076,0.123536361776132,-1.39437949738494,0.16320303603796,0.455221463268407,"tubulin alpha chain, testis-specific, transcript variant X2","liver"
"LOC115143757",92.8045454881659,-0.172532780446297,0.109604794987754,-1.57387386620512,0.115516612798412,0.396770356824195,"myotubularin-related protein 14-like","liver"
"LOC115123355",65.9102937902144,-0.172579277349556,0.109092809609359,-1.58199259109267,0.113651261852062,0.394843487389548,"myosin-IIIb-like, transcript variant X1","liver"
"LOC115133337",69.5909250626004,-0.172614510150817,0.11546176148544,-1.49437791056269,0.13507687179523,0.422025930165245,"SH3 domain and tetratricopeptide repeat-containing protein 1-like","liver"
"LOC115131584",88.0526773137908,-0.172838479888478,0.114554891368439,-1.50942749110364,0.131189572080788,0.41540889168661,"ectonucleotide pyrophosphatase/phosphodiesterase family member 2-like","liver"
"LOC115137323",131.818334054736,-0.172913206635871,0.0987478127053008,-1.74993260002496,0.0801299445918119,0.342229155758065,"protocadherin Fat 1-like","liver"
"LOC115110310",144.300949436691,-0.172986633970781,0.123252356369978,-1.40350738423291,0.160465591565667,0.452300254712374,"protein tweety homolog 3-like, transcript variant X1","liver"
"LOC115105548",81.1062513513775,-0.173421404874706,0.119716764265107,-1.44744982736105,0.147770978916172,0.436430311333655,"autism susceptibility gene 2 protein-like, transcript variant X1","liver"
"fxr1",60.7330840092466,-0.173425464052944,0.083919462386355,-2.06540693980195,0.0388845124964852,0.245726004551432,"FMR1 autosomal homolog 1","liver"
"LOC115113263",94.3534845196946,-0.173470319679946,0.0748486369740114,-2.31648142282454,0.0205319976008255,0.181536707637668,"Golgi-specific brefeldin A-resistance guanine nucleotide exchange factor 1-like, transcript variant X1","liver"
"LOC115113790",89.7036708098944,-0.173858436307358,0.0972443211062731,-1.78696223129281,0.0739435931469351,0.328709888003268,"leukocyte receptor cluster member 8 homolog","liver"
"LOC115130311",83.6264326876254,-0.174272246680812,0.121462935766354,-1.43380548090127,0.151627780471265,0.442471925779497,"carbonic anhydrase 1-like, transcript variant X1","liver"
"LOC115102995",81.7592348727056,-0.174736809212109,0.123029085249836,-1.42039789611574,0.155491874971306,0.444761320970556,"desmoplakin-like, transcript variant X2","liver"
"LOC115141334",181.062762866114,-0.175377298626491,0.0974530603600447,-1.79981548335849,0.0718897783006766,0.32558081817062,"ubiquitin carboxyl-terminal hydrolase 5-like, transcript variant X1","liver"
"LOC115112901",68.9318946927137,-0.175533059285456,0.124012721390741,-1.41568862227616,0.156866691049567,0.446659174059623,"serine/threonine-protein kinase SIK2-like, transcript variant X1","liver"
"LOC115130876",92.7465088771962,-0.176346864455788,0.0998073260603316,-1.76556636821825,0.0774686265452472,0.335514965148738,"ecto-NOX disulfide-thiol exchanger 2-like, transcript variant X2","liver"
"LOC115136940",153.308003379106,-0.176779926859877,0.0761122819400209,-2.32262423962365,0.0201993473820291,0.181137621423119,"heterogeneous nuclear ribonucleoprotein L-like, transcript variant X1","liver"
"LOC115133272",254.85876199468,-0.176829186837777,0.124272273982398,-1.42327256098654,0.154657158033862,0.444242973241375,"6-phosphofructo-2-kinase/fructose-2,6-bisphosphatase-like","liver"
"LOC115142795",512.722338945628,-0.176858020063693,0.1190981890493,-1.4848813944106,0.137575245463833,0.424172995847644,"vitamin D3 receptor B, transcript variant X1","liver"
"LOC115111123",61.1407853420651,-0.177281494734684,0.123675570807266,-1.43343636003801,0.151733173692002,0.442471925779497,"5-hydroxyisourate hydrolase-like","liver"
"LOC115112993",210.408344041497,-0.177736443049291,0.100979583592708,-1.75958445770157,0.0784782886715547,0.338136897066868,"ras-related protein Rab-40B-like","liver"
"LOC115109591",62.530319413949,-0.17778399080145,0.103546052276153,-1.71542551831437,0.0862672401550613,0.350923424023982,"FYVE, RhoGEF and PH domain-containing protein 4-like, transcript variant X1","liver"
"klhl29",112.497531342509,-0.178374872394088,0.099576666209847,-1.7902681357583,0.0734108161778632,0.327974970113139,"kelch like family member 29, transcript variant X1","liver"
"LOC115132987",373.29295173133,-0.1787868548035,0.104611035327248,-1.70898905957938,0.0874529760432576,0.35292903995279,"guanine nucleotide-binding protein G(i) subunit alpha-1","liver"
"LOC115139611",378.979145677027,-0.178981849565482,0.123523400777941,-1.44919781289892,0.147282348149553,0.435647932552669,"unconventional myosin-VI-like, transcript variant X10","liver"
"LOC115104907",163.986880671825,-0.179022957822151,0.118669799631853,-1.50824754895063,0.131491181867186,0.415793682925254,"GRB2-associated and regulator of MAPK protein 1-like, transcript variant X2","liver"
"LOC115107678",90.5578272745605,-0.179044343075644,0.0938122144400159,-1.90793282347276,0.0563998992555073,0.291717484848935,"S-adenosylmethionine decarboxylase proenzyme-like","liver"
"LOC115133794",162.245199518136,-0.179441852785976,0.0972603089409152,-1.84484719548854,0.0650597698076046,0.310833883962236,"UHRF1-binding protein 1-like","liver"
"LOC115123463",70.4213643891874,-0.179487303090807,0.113782055414339,-1.57602787267613,0.115019379825379,0.395961986628584,"protein LYRIC-like","liver"
"LOC115117104",58.6051406730898,-0.179658856294345,0.101675543911741,-1.7651384216659,0.0775405047031677,0.335514965148738,"talin-1-like","liver"
"LOC115145289",99.286696394493,-0.180248110922725,0.118173912282653,-1.52424244666383,0.127448158274856,0.410979978740752,"prothymosin alpha-A-like, transcript variant X2","liver"
"LOC115137950",129.500100010216,-0.180384136147242,0.116123605583734,-1.55327128169937,0.120358338131657,0.401530396424794,"microfibrillar-associated protein 3-like, transcript variant X4","liver"
"LOC115121214",212.143802695821,-0.180565184859094,0.121107122622509,-1.49434265608075,0.135086081382053,0.422025930165245,"phosphatidylserine decarboxylase proenzyme, mitochondrial-like, transcript variant X4","liver"
"LOC115146939",470.42978304731,-0.180894415762136,0.117545999558763,-1.53891043609377,0.123826163044109,0.407006451630996,"monocarboxylate transporter 8-like","liver"
"LOC115147151",90.0727745866251,-0.180980417364965,0.115982221000165,-1.55963863207212,0.118845301776468,0.399022611236311,"tumor necrosis factor receptor superfamily member 10A-like","liver"
"LOC115118046",57.6852054318686,-0.181432308161013,0.12358552237556,-1.46728937742292,0.142297352158128,0.429510379412954,"insulin receptor substrate 2-like","liver"
"LOC115130567",264.305097066805,-0.181459648140344,0.115725776103459,-1.56757387350578,0.116980613376745,0.397673381316156,"protein diaphanous homolog 1-like","liver"
"LOC115132809",730.650582343161,-0.182225848375621,0.112619407204695,-1.61802047823677,0.105658184497569,0.382131996461481,"bile salt export pump-like","liver"
"LOC115104347",138.709974332594,-0.183003778236945,0.116702090672754,-1.56877910126179,0.116699419657237,0.397673381316156,"dynamin-2, transcript variant X2","liver"
"LOC115140031",59.3621834581535,-0.183292951593735,0.118508459273364,-1.5471536193896,0.121826206945834,0.403579862749976,"glutamine--fructose-6-phosphate aminotransferase [isomerizing] 1","liver"
"LOC115114360",115.095646267187,-0.183742410172944,0.120966309195629,-1.51844958188727,0.128901100450125,0.413051010561878,"zinc finger MYND domain-containing protein 11-like, transcript variant X4","liver"
"LOC115143092",333.185934409544,-0.183910796638622,0.101435423038704,-1.81293307022221,0.069842144881691,0.319690666576679,"interleukin-17 receptor C-like, transcript variant X1","liver"
"LOC115140172",67.2287935393565,-0.18412475876158,0.0917236770705557,-2.00630014332543,0.0448242347526847,0.261970873001287,"ras GTPase-activating-like protein IQGAP1, transcript variant X1","liver"
"LOC115114578",216.265627955449,-0.184202598994526,0.122298784295665,-1.50591182089216,0.132089811604228,0.416702574977533,"aquaporin FA-CHIP-like","liver"
"LOC115103914",104.365202909934,-0.185349252121696,0.107617640365169,-1.72165040535325,0.0851328664081103,0.349799963184937,"ERO1-like protein beta, transcript variant X1","liver"
"LOC115123256",391.906354098611,-0.185923822502294,0.085218905863471,-2.1815842056967,0.0291402335978499,0.216900438975056,"protein TFG-like, transcript variant X3","liver"
"LOC115127920",203.864664397272,-0.186817848497292,0.121868675940035,-1.53586226386192,0.124572164985362,0.408398547228038,"NADPH oxidase organizer 1-like, transcript variant X2","liver"
"LOC115143219",91.4567142206629,-0.187105188433781,0.0977578412979729,-1.91275365829395,0.0557795963255728,0.289477462151457,"ubiquitin-associated protein 2-like, transcript variant X2","liver"
"LOC115109181",117.670929982036,-0.187155904004601,0.10418816883072,-1.79581410890351,0.0725240860912351,0.326705500361967,"serine/arginine-rich splicing factor 11-like","liver"
"LOC115113074",201.449855509628,-0.188676638949467,0.115176696828604,-1.63761404139676,0.101502232083434,0.373942391823035,"semaphorin-4G-like","liver"
"LOC115135929",107.207041617787,-0.188913264461202,0.117270779261356,-1.60946806070968,0.107514033449423,0.385853485798292,"flotillin-2a-like, transcript variant X1","liver"
"LOC115111215",85.1363352807963,-0.189180110264729,0.115069267457296,-1.64262254528747,0.100461053159791,0.373271880291075,"ras GTPase-activating-like protein IQGAP1","liver"
"LOC115131709",6945.60178880783,-0.189937486299402,0.0789556562805625,-2.40562486612988,0.016144833571766,0.166512586801537,"syndecan-2-A-like","liver"
"LOC115124033",61.1449300620569,-0.190263841516583,0.12426831197518,-1.532147384984,0.125486068843481,0.408851159107954,"microfibril-associated glycoprotein 4-like","liver"
"LOC115133979",60.1112194742301,-0.190385559426359,0.109776911517897,-1.73273215899383,0.0831432857896988,0.346910524599496,"zinc finger C3H1 domain-containing protein-like, transcript variant X5","liver"
"LOC115110501",164.492663997236,-0.190684715880951,0.113133235575228,-1.68551328698044,0.0918895834847063,0.359285719078632,"sterol regulatory element-binding protein 2-like, transcript variant X2","liver"
"LOC115104488",178.074409634296,-0.190709050928062,0.108419106181784,-1.75810392002887,0.0787298289152313,0.338862494887521,"histone-lysine N-methyltransferase 2C-like","liver"
"LOC115101470",382.86620414537,-0.191623007887547,0.119729451714002,-1.60063497174542,0.109457791747665,0.387902142635137,"high mobility group protein B3-like","liver"
"LOC115112100",142.069399713335,-0.192191946097288,0.123262708857324,-1.56160528664554,0.118381003296696,0.399022611236311,"7-dehydrocholesterol reductase-like","liver"
"LOC115114548",76.6073286320783,-0.192537839977627,0.110061427191954,-1.74788654601754,0.0804836749779599,0.342229155758065,"microtubule-associated protein RP/EB family member 2-like, transcript variant X2","liver"
"LOC115102131",111.929924082308,-0.192592736265575,0.114901560474279,-1.67444934556846,0.0940423217196791,0.362302933203603,"nuclear receptor coactivator 3-like, transcript variant X1","liver"
"LOC115124832",80.4859075387365,-0.192835195593229,0.112172997051189,-1.71757749769089,0.0858737076587199,0.350742551825015,"autism susceptibility gene 2 protein homolog, transcript variant X2","liver"
"LOC115144088",183.05091564148,-0.193016517179271,0.100415528696699,-1.92162804027702,0.0546525777151838,0.287066890163775,"replication termination factor 2-like, transcript variant X1","liver"
"LOC115112995",86.8095382103608,-0.193575124010526,0.117158392934708,-1.65075594584567,0.0987884189776909,0.370774950048866,"caskin-2-like, transcript variant X1","liver"
"LOC115105974",136.171099138996,-0.193765132827518,0.124254894718047,-1.56058884564079,0.118620792274642,0.399022611236311,"anthrax toxin receptor 2-like","liver"
"LOC115129282",99.6117741473692,-0.193908598180224,0.100249558682142,-1.93350447452889,0.0531740824027498,0.28440666342479,"matrix-remodeling-associated protein 5-like","liver"
"LOC115110246",68.4309316467646,-0.193995571357017,0.115218666257619,-1.68465213321644,0.0920557067226928,0.359285719078632,"zinc finger protein 652-like","liver"
"LOC115145224",123.879487395061,-0.194447548848016,0.0917489822762355,-2.11837280677718,0.0341435070026662,0.232335449988092,"U1 small nuclear ribonucleoprotein 70 kDa-like","liver"
"aacs",629.923302837311,-0.194865739889313,0.122580817018245,-1.59250534039485,0.111271204121247,0.390983989653623,"acetoacetyl-CoA synthetase","liver"
"LOC115133550",239.984228457436,-0.19489027163231,0.0860869958141654,-2.26334611859157,0.0236143614316445,0.195237600801994,"receptor-type tyrosine-protein phosphatase delta-like, transcript variant X1","liver"
"LOC115113139",202.281570975328,-0.194914750077843,0.113620017793551,-1.72554009997741,0.0844301836487951,0.348555537061404,"reticulon-4-like, transcript variant X1","liver"
"LOC115134417",106.798331266328,-0.19531140415879,0.124260318613344,-1.57227642262148,0.115886458527165,0.396791101805304,"protein shisa-like-1a","liver"
"LOC115122923",133.686379163842,-0.19533953762107,0.114675226792026,-1.71256510461825,0.0867925776410173,0.351656606823844,"regulator of G-protein signaling 3-like, transcript variant X4","liver"
"LOC115134925",183.156091651359,-0.196240932950945,0.114676590400933,-1.7106590276019,0.0871440754569789,0.352304759982719,"forkhead box protein O1-A-like","liver"
"LOC115135156",61.2490387688329,-0.19625200547981,0.081005005927529,-2.42173553980116,0.0154465871588422,0.164057073949211,"baculoviral IAP repeat-containing protein 6-like, transcript variant X14","liver"
"LOC115110082",141.814264460032,-0.196279174181846,0.113067831875621,-1.73562869956483,0.0826295079950796,0.346143755999943,"bromodomain-containing protein 4-like, transcript variant X1","liver"
"trappc9",171.373554283496,-0.197302434723596,0.0921124650031905,-2.14140964636409,0.0322410177154737,0.225797917883627,"trafficking protein particle complex 9, transcript variant X1","liver"
"LOC115131964",71.1521456967621,-0.197945153584567,0.101459415312216,-1.94990545469749,0.051187388881127,0.281629058451218,"cAMP-dependent protein kinase type II-alpha regulatory subunit-like, transcript variant X2","liver"
"LOC115129410",77.5702941915135,-0.198002758148718,0.121367286882224,-1.63104992871741,0.102879784713205,0.377305094940093,"phospholipid-transporting ATPase IG-like, transcript variant X8","liver"
"COX3",8895.11294765333,-0.198159681489743,0.113854558527102,-1.74059970231787,0.0817537698716272,0.344681911946485,NA,"liver"
"LOC115122603",407.933245437405,-0.198690136616244,0.118377221125963,-1.67836438816669,0.0932759852712484,0.36105690025224,"uncharacterized LOC115122603","liver"
"LOC115103979",117.035161201642,-0.199124656685562,0.115934343741701,-1.71710428051435,0.0859601202356021,0.350742551825015,"serine/arginine-rich splicing factor 7-like, transcript variant X6","liver"
"LOC115134404",284.007206290593,-0.199287011581217,0.106880692487301,-1.86416552229346,0.0622984634696655,0.305705050375339,"low-density lipoprotein receptor-related protein 5-like","liver"
"ifi27",141.402022645548,-0.20035198160788,0.120006116121517,-1.67452725613377,0.0940270223032883,0.362302933203603,"interferon alpha inducible protein 27","liver"
"LOC115122143",194.603042888231,-0.201079055026444,0.12025945091659,-1.67250461042059,0.0944248594956763,0.36343317025909,"mRNA decay activator protein ZFP36L1-like","liver"
"LOC115143907",78.9337661965538,-0.201426514586687,0.104186086018476,-1.93322441269057,0.0532085586309994,0.28440666342479,"nuclear distribution protein nudE-like 1-A, transcript variant X2","liver"
"LOC115110931",64.0908371306079,-0.202302491156529,0.0900952912733191,-2.24410572596618,0.0248255996439071,0.199696279754561,"dynamin-2-like","liver"
"LOC115106831",123.006474655144,-0.202763963717763,0.113978891337269,-1.77861638093109,0.0753026766353629,0.330036247274988,"claudin-14-like, transcript variant X2","liver"
"LOC115113481",381.596455376329,-0.203609721508882,0.119901039870319,-1.70304159136223,0.088560285253049,0.353757565046943,"CUGBP Elav-like family member 1, transcript variant X4","liver"
"LOC115137077",106.254318208427,-0.203662230056261,0.10569926892587,-1.92582950949656,0.0541256654834909,0.286514561702219,"forkhead box protein P1-B-like, transcript variant X6","liver"
"srsf4",95.2442673871772,-0.203743563355532,0.0994124541701813,-2.04952156215016,0.040411141609719,0.249948123218838,"serine and arginine rich splicing factor 4","liver"
"LOC115141202",438.789268526062,-0.204132845845958,0.103415912465189,-1.97364820199835,0.048421758770701,0.27336161876645,"mannosyl-oligosaccharide 1,2-alpha-mannosidase IA-like, transcript variant X1","liver"
"LOC115144915",61.5889217361802,-0.204174310837623,0.083898439916837,-2.43244145285814,0.0149974159128156,0.164057073949211,"amino-terminal enhancer of split-like, transcript variant X1","liver"
"LOC115142923",128.072415176775,-0.2047257959439,0.107066475820317,-1.91292688927053,0.0557574126757534,0.289477462151457,"solute carrier family 25 member 34-like, transcript variant X2","liver"
"LOC115140397",96.2413740392346,-0.204749593740365,0.119460462950466,-1.71326272344525,0.0866642169103426,0.351485918533887,"utrophin-like","liver"
"LOC115137883",157.343786736671,-0.205058617267105,0.0942141369889591,-2.17539274153684,0.0296006979721245,0.218899134271184,"SH3 domain and tetratricopeptide repeat-containing protein 1-like, transcript variant X1","liver"
"LOC115123698",65.5437842680012,-0.2050764467176,0.112846104884156,-1.81701964528478,0.0692141053209404,0.318558887877367,"protein-tyrosine sulfotransferase 2-like, transcript variant X2","liver"
"LOC115127718",218.287828477605,-0.205382179914787,0.124238761257969,-1.65359312328481,0.0982102108660299,0.369967485665377,"nuclear factor 1 X-type-like","liver"
"srsf7",76.0791143756401,-0.205514708280975,0.10974173341004,-1.87238851781551,0.0611528724095376,0.303588391933973,"serine and arginine rich splicing factor 7, transcript variant X1","liver"
"LOC115135922",171.203355900426,-0.206994351700395,0.107632340185373,-1.92228649914885,0.0545697178437857,0.287001509588736,"nuclear receptor corepressor 1-like, transcript variant X4","liver"
"LOC115131882",361.111664162567,-0.207151682285304,0.107663103432027,-1.92377724580366,0.0543825107439227,0.287001509588736,"RAF proto-oncogene serine/threonine-protein kinase-like","liver"
"LOC115134055",66.0469066845778,-0.207541278228374,0.112828276768538,-1.83816842851689,0.0660375904344339,0.3128136385416,"cat eye syndrome critical region protein 2-like, transcript variant X2","liver"
"LOC115129612",67.1828454112014,-0.208518739001604,0.0944783120815174,-2.20654828684744,0.0273456332154272,0.211651140154003,"muscleblind-like protein 2a, transcript variant X10","liver"
"LOC115126857",1029.91425461445,-0.208532520615,0.11382679410937,-1.83206754867738,0.0669413574300606,0.314455366975914,"fructose-1,6-bisphosphatase 1-like","liver"
"LOC115138416",137.967838944179,-0.20928342524999,0.103302632250023,-2.02463852528908,0.0429044953034594,0.257174592436618,"serine/arginine repetitive matrix protein 1-like","liver"
"LOC115111950",126.884578626945,-0.209460022442367,0.0836616568598514,-2.5036109276631,0.012293313729017,0.15362064340629,"epsin-1-like, transcript variant X1","liver"
"tmem232",157.700090577598,-0.209640553755741,0.0894989796759939,-2.34198862813506,0.0191812993543767,0.178602417127693,"transmembrane protein 232","liver"
"LOC115102104",470.891206137394,-0.210545231665852,0.109296814467181,-1.92615638766709,0.0540848495809059,0.286514561702219,"serine protease hepsin-like, transcript variant X2","liver"
"lmo7",151.942615145368,-0.210803889053007,0.105246442031939,-2.00332770738903,0.0451421253841634,0.262535331534949,"LIM domain 7","liver"
"LOC115145341",98.6090407402958,-0.211184428832099,0.115723509804548,-1.82419773133232,0.0681221844645361,0.317332598717085,"tyrosine-protein kinase JAK1-like, transcript variant X1","liver"
"LOC115112080",99.6743162405994,-0.211780013109193,0.101233421167859,-2.09133913845124,0.0364976737246041,0.236820785401117,"rho GTPase-activating protein 1-like","liver"
"LOC115113702",158.218641741565,-0.212005551854045,0.12067521465919,-1.75623070877255,0.0790490231977825,0.339519303007546,"glycerol kinase-like","liver"
"LOC115114791",124.024882236095,-0.212109295978027,0.107158307500029,-1.97810478528125,0.0479168868559638,0.271937653318768,"cysteine/serine-rich nuclear protein 1-like","liver"
"LOC115142853",5893.73587709561,-0.2123137189612,0.110853018917039,-1.91537278181984,0.0554449797210931,0.288994549032194,"1,25-dihydroxyvitamin D(3) 24-hydroxylase, mitochondrial","liver"
"LOC115139941",171.071277675195,-0.212569497290826,0.0782793917724708,-2.71457501444205,0.00663608692970783,0.118190391394747,"hepatocyte nuclear factor 1-alpha, transcript variant X2","liver"
"tm9sf1",63.034572846991,-0.212901251099602,0.109022475197691,-1.95434290411366,0.0506606781070379,0.280180358160497,"transmembrane 9 superfamily member 1, transcript variant X2","liver"
"kyat1",175.776714410612,-0.213137377906845,0.090555519885181,-2.35355962728652,0.0185946253455095,0.177115674978197,"kynurenine aminotransferase 1, transcript variant X4","liver"
"LOC115135102",57.4975565105462,-0.213206252726091,0.108338354795107,-1.96617081207079,0.0492788828529824,0.275151680148981,"phosphatidylcholine:ceramide cholinephosphotransferase 1-like, transcript variant X2","liver"
"LOC115146897",70.0826283812774,-0.213987948863916,0.103064707015276,-2.0742155130656,0.0380593001285595,0.242012023906409,"inactive carboxypeptidase-like protein X2","liver"
"LOC115115135",102.99965365453,-0.214670647285719,0.107998321165404,-1.98660294094726,0.0469664150659967,0.269247690308021,"rho guanine nucleotide exchange factor 11-like, transcript variant X3","liver"
"LOC115132285",162.925454624389,-0.216665091138703,0.106990273215553,-2.02465683775141,0.0429026135738477,0.257174592436618,"specifically androgen-regulated gene protein-like, transcript variant X1","liver"
"nrcam",184.024439793112,-0.216760903772294,0.121163087171278,-1.7887609423285,0.0736533235857,0.328458366450015,"neuronal cell adhesion molecule, transcript variant X15","liver"
"LOC115137365",78.3154000288522,-0.217283515186041,0.118032800116087,-1.84073640538249,0.0656601961979314,0.311938109246699,"bifunctional UDP-N-acetylglucosamine 2-epimerase/N-acetylmannosamine kinase-like, transcript variant X3","liver"
"LOC115129597",170.404561068023,-0.21863408137119,0.106010042494453,-2.06147708788619,0.0392575471406551,0.246919597587044,"protein diaphanous homolog 2-like","liver"
"LOC115101074",86.9317513232607,-0.218757941051904,0.110866195382085,-1.97492198969603,0.048277001520442,0.272922410814593,"5'-AMP-activated protein kinase catalytic subunit alpha-1-like","liver"
"LOC115107640",63.0283691563869,-0.21936461692315,0.105077631461227,-2.09015585641392,0.0366038014726948,0.236820785401117,"heterogeneous nuclear ribonucleoprotein Q-like, transcript variant X7","liver"
"LOC115101290",75.7902352017812,-0.219625141666596,0.0908159035277968,-2.41646687168484,0.0156719522732597,0.164057073949211,"procollagen C-endopeptidase enhancer 2-like","liver"
"LOC115138324",98.29924205222,-0.219638656437149,0.0964946439725314,-2.27535713851618,0.0228845143609986,0.191590638895676,"kinase D-interacting substrate of 220 kDa B-like, transcript variant X2","liver"
"CYTB",9452.01741391626,-0.219842774618722,0.106848252033632,-2.05762468336374,0.0396261753267745,0.246919597587044,NA,"liver"
"LOC115103360",132.930896166778,-0.220282633685341,0.109559127193537,-2.00946917685535,0.0444874003401788,0.261970873001287,"uncharacterized LOC115103360, transcript variant X2","liver"
"cacna2d4",90.5279865842495,-0.220448932365105,0.123890497089276,-1.77948575715906,0.0751601579184907,0.330036247274988,"calcium voltage-gated channel auxiliary subunit alpha2delta 4, transcript variant X2","liver"
"patj",249.381031624545,-0.220484029125589,0.0942609853098299,-2.33813552559281,0.019380218832886,0.178602417127693,"PATJ crumbs cell polarity complex component, transcript variant X3","liver"
"LOC115124238",67.6925373892265,-0.220961600474904,0.117666950783013,-1.87445840023427,0.0608672706334949,0.303270077232676,"acetyl-coenzyme A synthetase, cytoplasmic-like","liver"
"LOC115146086",66.3291075859445,-0.221202657749397,0.122286916750275,-1.8111259924891,0.0701213508519859,0.319881198728937,"fermitin family homolog 2-like","liver"
"LOC115103031",57.6981842465009,-0.221312815478083,0.119532099583352,-1.84966915907888,0.0643612482047841,0.310072065194594,"TGF-beta receptor type-1-like","liver"
"LOC115142766",266.498876499314,-0.222232923991866,0.120200962700778,-1.84916824241171,0.0644335228704175,0.310072065194594,"peroxisome proliferator-activated receptor delta-like, transcript variant X3","liver"
"klf12",298.193382428537,-0.222629948109801,0.120763767183676,-1.84341688650644,0.0652681664359537,0.311023985430262,"Kruppel like factor 12","liver"
"LOC115139663",62.4013751430344,-0.223066736194636,0.12109114126366,-1.84687131735842,0.0647657926403241,0.310607773214372,"ectonucleotide pyrophosphatase/phosphodiesterase family member 1-like, transcript variant X1","liver"
"LOC115142937",515.183925308352,-0.223149057651259,0.100224983774892,-2.22607953560411,0.0260088544249443,0.205432430986449,"pleckstrin homology domain-containing family A member 6-like, transcript variant X6","liver"
"LOC115133259",86.3918449252157,-0.223197387522264,0.10071152011638,-2.21600618845552,0.0266910783209658,0.208382835814177,"lysine-specific demethylase 5A-like, transcript variant X5","liver"
"LOC115139244",106.619692058952,-0.223848436214889,0.121872195634341,-1.83633655945895,0.0663078959028317,0.3128136385416,"transcription factor SOX-13-like, transcript variant X2","liver"
"LOC115103495",99.3955854476606,-0.225663277566824,0.118567504076055,-1.9022283878642,0.0571413031054017,0.292965976676248,"signal transducer and activator of transcription 5B-like","liver"
"LOC115122577",75.1034378442678,-0.226426994560433,0.121428308768835,-1.86353583971197,0.0623869150122997,0.305705050375339,"retinoic acid receptor RXR-gamma-B-like, transcript variant X2","liver"
"LOC115111929",209.163646415948,-0.226464009011117,0.122453096712841,-1.84946064674798,0.0643913252320684,0.310072065194594,"heparan sulfate glucosamine 3-O-sulfotransferase 1-like","liver"
"LOC115142935",135.668027929172,-0.226645560982377,0.0741708340721006,-3.05436695142972,0.00225536028629992,0.0775050244941065,"msx2-interacting protein-like, transcript variant X1","liver"
"LOC115118837",97.1233907083934,-0.228142104740907,0.121976059740656,-1.87067807939696,0.0613897149443597,0.303588391933973,"mitogen-activated protein kinase kinase kinase 4-like, transcript variant X1","liver"
"LOC115144792",66.9251400197412,-0.228379515296342,0.118707706762419,-1.93327685776946,0.0532021011058282,0.28440666342479,"receptor-type tyrosine-protein phosphatase zeta-like, transcript variant X4","liver"
"LOC115127007",64.681774562046,-0.22859936919552,0.10846454177224,-2.10769564940968,0.0350573238762263,0.234579746776844,"chromodomain-helicase-DNA-binding protein 7-like","liver"
"LOC115107737",70.4589281521765,-0.228858900313082,0.0913219712645882,-2.50580096827819,0.0122174370690578,0.153330095400931,"afadin-like, transcript variant X12","liver"
"LOC115112488",146.268299365229,-0.229236232554139,0.120341473170231,-1.91078075137692,0.0560327623462428,0.290202718326919,"protein naked cuticle homolog 1-like","liver"
"oaf",305.761807325834,-0.229471933146671,0.123841361500516,-1.85402721914506,0.063735265958292,0.309636405299164,"out at first homolog","liver"
"dhrs7",143.828183910208,-0.22987281627142,0.112742906884468,-2.0390192747054,0.0414481039066883,0.253287063753615,"dehydrogenase/reductase 7, transcript variant X2","liver"
"ncoa5",83.8340567133297,-0.230151257946033,0.0851826542324326,-2.7007689375848,0.00691793813539828,0.119738667963907,"nuclear receptor coactivator 5, transcript variant X1","liver"
"pam",80.2698811997388,-0.230381381355775,0.115086406574489,-2.00092805148854,0.0454001440621611,0.262535331534949,"peptidylglycine alpha-amidating monooxygenase, transcript variant X2","liver"
"LOC115139614",221.449782897467,-0.230607029845767,0.124203049435024,-1.85766590912749,0.063216472542139,0.307849871065422,"sentrin-specific protease 6-like, transcript variant X3","liver"
"LOC115103810",57.5005187349687,-0.231067261819931,0.123085854538457,-1.87960221542931,0.0601623111155559,0.300516642287997,"centrosomal protein of 95 kDa-like","liver"
"LOC115119688",131.387403705223,-0.231237550245101,0.0790776202600147,-2.92376547747823,0.00345825190096909,0.0933498989956954,"ERO1-like protein beta, transcript variant X1","liver"
"afdn",63.7422155744245,-0.231328826209018,0.0856484971026863,-2.69935156557966,0.00694747402817716,0.119738667963907,"afadin, adherens junction formation factor, transcript variant X8","liver"
"LOC115131329",81.7232508841355,-0.231621067953685,0.122518048624367,-1.8905027433584,0.0586907540244234,0.295499831360093,"protein tyrosine phosphatase type IVA 3-like, transcript variant X6","liver"
"LOC115145335",91.5130513535705,-0.2317427289252,0.108804734178219,-2.12893626891857,0.0332595335545682,0.229611277294517,"phosphoglucomutase-1-like","liver"
"LOC115129760",199.196104385524,-0.232185596118267,0.122011750836559,-1.90262752264532,0.0570891652248015,0.292965976676248,"xin actin-binding repeat-containing protein 2-like, transcript variant X1","liver"
"LOC115119915",221.905180534874,-0.232347328294004,0.123139686106367,-1.8905002314865,0.0586910896493481,0.295499831360093,"unconventional myosin-XVI-like","liver"
"ND2",1022.66222033857,-0.232506992579308,0.122117693661267,-1.9046043095534,0.0568315259805278,0.292851200880697,NA,"liver"
"LOC115102192",240.294285679306,-0.232858727377214,0.115099247713633,-2.0227295109384,0.0431010425722185,0.257491084209723,"oxysterol-binding protein-related protein 2-like, transcript variant X2","liver"
"LOC115129453",196.851273908394,-0.234059678591651,0.116580142822043,-2.02167454110366,0.0432099856720929,0.257491084209723,"saxitoxin and tetrodotoxin-binding protein 1-like","liver"
"LOC115130321",210.938685146158,-0.235116849245061,0.108441704561615,-2.16740975658075,0.0302036239873838,0.219056888563303,"RB1-inducible coiled-coil protein 1-like, transcript variant X3","liver"
"LOC115111821",124.654624412677,-0.235648135324193,0.122800498756427,-1.91817162547972,0.0550892528173828,0.288570477361303,"testosterone 17-beta-dehydrogenase 3-like, transcript variant X1","liver"
"LOC115105488",83.3172463434862,-0.236430178278059,0.107900392902823,-2.18814230598545,0.0286592380873973,0.21568917379431,"homeobox protein cut-like 1, transcript variant X2","liver"
"LOC115110608",306.19242985322,-0.23649853304079,0.116146459472145,-2.03701133333833,0.0416489062922694,0.253610698023486,"low-density lipoprotein receptor-like","liver"
"znf609",81.5148548109139,-0.236516522384166,0.101838233856031,-2.32013291910263,0.0203336880277703,0.181137621423119,"zinc finger protein 609, transcript variant X1","liver"
"LOC115145297",167.848417495462,-0.238437889195588,0.106106657094545,-2.24644921017592,0.0246752492999341,0.19916102207234,"DENN domain-containing protein 1B-like, transcript variant X5","liver"
"LOC115135526",137.125571837843,-0.239760939451637,0.10693653330653,-2.24178733389612,0.0249751202375012,0.200390925370187,"rho GTPase-activating protein 31-like, transcript variant X2","liver"
"LOC115135904",58.5680064969755,-0.23990530936543,0.112720205751463,-2.12528510458887,0.0335628304135255,0.229611277294517,"coxsackievirus and adenovirus receptor homolog","liver"
"LOC115103132",71.5398505853391,-0.240035566358972,0.0938047806851571,-2.55696311980441,0.0105590411670235,0.144392931907347,"extended synaptotagmin-2-B-like, transcript variant X1","liver"
"LOC115114767",138.039591667358,-0.240526958952079,0.121572642667974,-1.9776396310724,0.0479693750579476,0.271937653318768,"ski-like protein, transcript variant X3","liver"
"LOC115113578",99.6896855586508,-0.240630825672762,0.0960837383944128,-2.50259648152004,0.0123286017255957,0.15362064340629,"tight junction protein ZO-1-like","liver"
"LOC115108286",63.8824318219061,-0.240992880650381,0.119249553701999,-2.02854150038549,0.0425050122016637,0.255531607277258,"follistatin-related protein 3-like","liver"
"LOC115101827",114.240772014294,-0.2413295556527,0.1050302906518,-2.29688162467637,0.0216255235009551,0.187543901680623,"carboxypeptidase N subunit 2-like","liver"
"ATP6",2379.82788486397,-0.241380570651781,0.115261801723588,-2.09447271033277,0.0362178915828215,0.236541417772181,NA,"liver"
"LOC115123863",676.859183950517,-0.241702542325854,0.121084507582461,-1.99660838625227,0.0458677411334091,0.264811491302798,"60S ribosomal protein L4-A, transcript variant X1","liver"
"LOC115143111",622.686824639944,-0.241702823818844,0.123039278332942,-1.96530096401561,0.049379414089875,0.275335830137251,"class E basic helix-loop-helix protein 40-like","liver"
"LOC115101535",96.6927674757452,-0.242013864623192,0.11928645794274,-2.03670111567335,0.0416800026661371,0.253610698023486,"histone-lysine N-methyltransferase PRDM16-like","liver"
"LOC115104649",81.8128099571727,-0.242852126792656,0.0869844405801001,-2.79101790181329,0.00525425661366897,0.104982107633896,"septin-7-like, transcript variant X1","liver"
"LOC115138157",629.309325440229,-0.24325436832373,0.0965240592975764,-2.52006803595998,0.0117332152924825,0.151824081054472,"equilibrative nucleoside transporter 2-like, transcript variant X1","liver"
"LOC115105288",279.17667945405,-0.244180018729756,0.121695051666337,-2.00688622032926,0.0447617794103443,0.261970873001287,"protein Jade-1-like","liver"
"LOC115103411",159.204692215162,-0.245370832955662,0.123097202215384,-1.99415886064622,0.0461346964110796,0.265225701793456,"tumor protein p53-inducible nuclear protein 1-like, transcript variant X3","liver"
"LOC115102996",384.037140054563,-0.245659475833344,0.0988661996485399,-2.4843065005903,0.0129804031135226,0.156071159559641,"solute carrier family 22 member 23-like","liver"
"LOC115118912",75.1552083080085,-0.245823221728602,0.0931790617013187,-2.63558453908751,0.00839925003371899,0.12871512262463,"serine/threonine-protein kinase MRCK beta-like","liver"
"LOC115110892",140.399913255603,-0.246758513169593,0.121525813814303,-2.03271149553821,0.042081679213399,0.254488018507143,"microfibril-associated glycoprotein 4-like","liver"
"LOC115127896",268.825641185803,-0.246850784364794,0.104299930364794,-2.36611850523748,0.0179756895375915,0.173623010794368,"lysosome membrane protein 2-like","liver"
"ythdc1",97.1096903452975,-0.247622713625173,0.0933510496690645,-2.65230095053058,0.00799452495783629,0.12637739757133,"YTH domain containing 1, transcript variant X2","liver"
"tp53inp2",362.973446003685,-0.247656276963713,0.101063550423883,-2.45048780686136,0.0142662794365369,0.16126343215619,"tumor protein p53 inducible nuclear protein 2, transcript variant X1","liver"
"LOC115102779",117.769086571058,-0.248248917783321,0.095037641278712,-2.61076629251124,0.00903396076317509,0.13271750448203,"apoptotic chromatin condensation inducer in the nucleus-like","liver"
"LOC115113613",1624.67749227223,-0.248788006420736,0.104696632359694,-2.37637332875784,0.0174837633082859,0.171935049223734,"UDP-glucuronosyltransferase 2C1-like, transcript variant X2","liver"
"LOC115138133",63.867831195141,-0.248919353539075,0.118343413658134,-2.10287601298173,0.0354766091481207,0.234876676173821,"regulator of G-protein signaling 12-like, transcript variant X1","liver"
"LOC115136609",128.793583461552,-0.249156620622698,0.124207261702817,-2.00705341124018,0.0447439761595627,0.261970873001287,"phosphatidylinositol 4,5-bisphosphate 3-kinase catalytic subunit beta isoform-like","liver"
"LOC115142954",121.772652289419,-0.249591527355689,0.107643844715354,-2.31770236456991,0.0204655024344338,0.181536707637668,"receptor-type tyrosine-protein phosphatase gamma-like","liver"
"LOC115124648",265.992243167166,-0.250065434695854,0.0834504040714353,-2.99557076364977,0.00273931733471736,0.0833243093754326,"receptor-type tyrosine-protein phosphatase F-like","liver"
"LOC115146064",77.3931926475438,-0.250188815785252,0.098566115732926,-2.53531193786684,0.0112347234034133,0.148677703221794,"protein Daple-like","liver"
"LOC115141397",145.824614396321,-0.251353253662954,0.0993270859537025,-2.52981846438351,0.0114121555446875,0.150537042071671,"arginine/serine-rich protein PNISR-like, transcript variant X1","liver"
"LOC115123980",176.154981275476,-0.252056374206321,0.123955309955056,-2.03526682432823,0.0418240323943181,0.253682672677441,"uncharacterized LOC115123980, transcript variant X3","liver"
"LOC115112441",141.945413125043,-0.252275016644609,0.0982877359592185,-2.56541336801365,0.0103052951909793,0.142872051695345,"coatomer subunit beta-like, transcript variant X1","liver"
"fus",65.1619902719291,-0.252407036355733,0.0972815547423388,-2.59239627650667,0.00953099166928303,0.136797460692437,"FUS RNA binding protein, transcript variant X2","liver"
"LOC115112886",67.2021439278212,-0.252596245268843,0.124256309364129,-2.03386822691818,0.0419648832484632,0.254158787697974,"extracellular serine/threonine protein kinase FAM20C-like","liver"
"LOC115108554",77.8520078408004,-0.254010935845044,0.104791435273341,-2.42111741098456,0.0154728788381697,0.164057073949211,"carboxyl-terminal PDZ ligand of neuronal nitric oxide synthase protein-like","liver"
"LOC115143984",129.580704709898,-0.254348153366266,0.119889835618284,-2.12199303131474,0.0338383232445681,0.23064382198137,"growth factor receptor-bound protein 7-like, transcript variant X1","liver"
"LOC115116332",66.5643791833029,-0.255034798241948,0.107532726949675,-2.36844478645154,0.0178630464034806,0.173510085563171,"aryl hydrocarbon receptor-like","liver"
"LOC115118279",115.184784024213,-0.255170254394485,0.114239195923584,-2.23173306154004,0.0256326107606413,0.203935293286921,"insulin receptor-like","liver"
"LOC115130517",69.8876540477343,-0.256072517119211,0.113240317466712,-2.26068298654924,0.0237788947535566,0.195803585889893,"dual specificity protein kinase CLK4-like, transcript variant X1","liver"
"LOC115140752",88.8447124109022,-0.257195203229257,0.0893880554688102,-2.87559475790732,0.00403267081818797,0.0963575161217609,"gastrula zinc finger protein XlCGF58.1-like, transcript variant X28","liver"
"LOC115112528",170.734785337669,-0.258665606825941,0.106264130607352,-2.43417202283974,0.0149258996751909,0.163983738749537,"immunoglobulin superfamily DCC subclass member 4-like","liver"
"LOC115146304",95.8362692297587,-0.258839397221702,0.0960636824749053,-2.69321010994718,0.00707676563737224,0.120187069741372,"serine/arginine repetitive matrix protein 1-like, transcript variant X1","liver"
"LOC115120696",68.0141328482037,-0.259380174350126,0.123902904011919,-2.09198344608259,0.0364399965489832,0.236820785401117,"E3 ubiquitin-protein ligase SH3RF3-like","liver"
"ND6",1680.97546519652,-0.259510736307575,0.108155264439623,-2.39957740163421,0.0164140092343053,0.167677948969996,NA,"liver"
"LOC115112540",94.3936256194758,-0.2603022429617,0.107075734878557,-2.47906499281074,0.0131727300965551,0.156834820487416,"hepatic triacylglycerol lipase-like","liver"
"LOC115134611",58.306914985807,-0.260391796425937,0.120886205928211,-2.15159359061744,0.0314293773814944,0.223513442448635,"junctional adhesion molecule A-like","liver"
"LOC115138206",109.14420976616,-0.260661434853114,0.107581582730644,-2.42178788187999,0.0154443626317059,0.164057073949211,"membrane-associated guanylate kinase, WW and PDZ domain-containing protein 1-like, transcript variant X2","liver"
"LOC115116781",882.706243296794,-0.260711789046893,0.123546400256436,-2.11518192303928,0.0344144450288243,0.233098244761177,"complement C4-like","liver"
"LOC115126022",84.0215033080444,-0.260740900629208,0.122641671277021,-2.12522948454818,0.0335674689223671,0.229611277294517,"pantothenate kinase 1-like","liver"
"LOC115130958",155.724536854848,-0.260838845335054,0.124252692268899,-2.10264774271265,0.0354965732392232,0.234876676173821,"cathepsin F-like","liver"
"plxdc2",110.124244037419,-0.261601990316899,0.11899368663606,-2.19812497509559,0.0279402011976875,0.213911449817034,"plexin domain containing 2","liver"
"LOC115144388",144.645377583994,-0.26207666928563,0.112943767263799,-2.32013303605105,0.0203336817032571,0.181137621423119,"mitogen-activated protein kinase kinase kinase 4-like, transcript variant X1","liver"
"LOC115129421",136.09931968968,-0.262918797306129,0.10436254552319,-2.51781481399299,0.0118085388762372,0.152315203985895,"disks large homolog 1-like, transcript variant X3","liver"
"LOC115130244",179.162421309343,-0.263084719095358,0.107339199989229,-2.44958746253786,0.0143019970478924,0.16126343215619,"microtubule-associated protein 4-like, transcript variant X4","liver"
"LOC115134427",114.498962945508,-0.263868223142227,0.12041087211644,-2.19045546127433,0.0284912215368911,0.215410920359566,"potassium voltage-gated channel subfamily KQT member 1-like, transcript variant X1","liver"
"LOC115107503",151.018372397083,-0.263941248306646,0.123133850193222,-2.14825448384982,0.031693544588498,0.223887153800204,"1-phosphatidylinositol 4,5-bisphosphate phosphodiesterase beta-1-like","liver"
"kazn",111.357077396419,-0.26426385196698,0.092327785819914,-2.86173538180883,0.00421328517275521,0.0963575161217609,"kazrin, periplakin interacting protein, transcript variant X2","liver"
"LOC115108486",461.494800886193,-0.26614194161952,0.119042342550589,-2.23598468251615,0.0253527745366001,0.202623351002318,"transcription factor AP-1-like","liver"
"LOC115106696",217.976583234674,-0.267908854673591,0.124271194384578,-2.15845414636481,0.0308925398033283,0.221296998661452,"transforming growth factor beta-2 proprotein-like","liver"
"LOC115101146",58.2530030471708,-0.270969726767317,0.124271169684458,-2.18269856502597,0.0290580156801404,0.216900438975056,"atrial natriuretic peptide receptor 2-like","liver"
"LOC115123699",392.091676821597,-0.271163538274023,0.123920304803221,-2.18980685274437,0.028538247545183,0.215410920359566,"polyubiquitin-B","liver"
"LOC115135506",100.271424259645,-0.27144544555975,0.123192891252889,-2.2047463772529,0.0274718967618665,0.211651140154003,"phosphofurin acidic cluster sorting protein 1-like, transcript variant X2","liver"
"LOC115106827",170.040855290578,-0.272349861319352,0.103282903647217,-2.6355559964071,0.00839995648139148,0.12871512262463,"stromal interaction molecule 1-like, transcript variant X2","liver"
"LOC115112301",287.182269507309,-0.272786633360248,0.109056095061882,-2.50036660428036,0.0124064846395161,0.15362064340629,"furin-1-like, transcript variant X2","liver"
"LOC115140321",67.1387693136355,-0.273405258114111,0.111505962110244,-2.45019759330275,0.0142777839110981,0.16126343215619,"growth hormone receptor-like","liver"
"LOC115127091",215.200873533148,-0.276166169147711,0.0947384974391953,-2.9142892383126,0.00356499438397195,0.0937478523165784,"oncoprotein-induced transcript 3 protein-like","liver"
"LOC115116746",119.185403481934,-0.27896779823908,0.0923308958179142,-3.01964965152291,0.00253067235710418,0.0805860978715363,"fibrillin-1-like","liver"
"LOC115126342",114.727640205263,-0.280806444755071,0.0973142994916051,-2.88346016868554,0.00393332386711573,0.0960013657626569,"transcriptional regulator ATRX-like","liver"
"LOC115130515",66.3300344613439,-0.282237549611118,0.118673143989223,-2.394215014517,0.0166559815034026,0.168880051263356,"collagen alpha-1(XXIII) chain-like, transcript variant X8","liver"
"LOC115131367",222.71689957094,-0.283567463008665,0.113798971508302,-2.4912182080995,0.0127305907217508,0.155344040114578,"thyroid hormone receptor-associated protein 3-like, transcript variant X2","liver"
"LOC115133611",117.97082441175,-0.284061814354564,0.113183848009874,-2.50957298201429,0.0120877234506306,0.153195161526808,"CLIP-associating protein 1-like","liver"
"LOC115120401",816.087125230698,-0.284771875172014,0.12331980155258,-2.31123005712075,0.0208201509823972,0.182463925527092,"arrestin domain-containing protein 3-like","liver"
"LOC115142428",246.42656309816,-0.286710210818903,0.123701747310846,-2.31999238950242,0.0203412890400663,0.181137621423119,"VPS10 domain-containing receptor SorCS3-like","liver"
"LOC115123096",90.5265285799374,-0.286969035339963,0.121222952312685,-2.3647463686555,0.0180424224355335,0.173855588291335,"nuclear factor 1 X-type-like","liver"
"LOC115136041",107.511172090772,-0.287917920873769,0.0858271277437269,-3.35297426905353,0.00079948138695232,0.0498324214572744,"serine/arginine-rich splicing factor 7-like, transcript variant X2","liver"
"LOC115111174",168.336398277898,-0.290868849140654,0.101284846756048,-2.87166843885275,0.00408311117909546,0.0963575161217609,"unconventional myosin-Ib-like, transcript variant X1","liver"
"nfyc",152.249948415636,-0.290998891047211,0.114334391854172,-2.54532668478188,0.0109175545440614,0.146381422110507,"nuclear transcription factor Y subunit gamma, transcript variant X5","liver"
"LOC115109209",61.0034926693077,-0.291277095879943,0.0921064626409974,-3.16004670149867,0.0015774385210595,0.0659698748694656,"scaffold attachment factor B2-like, transcript variant X1","liver"
"LOC115135951",343.313823592477,-0.293890262707707,0.102859304301766,-2.85683523442791,0.00427887890530881,0.0963575161217609,"phosphoglycerate kinase","liver"
"LOC115114499",89.4539553033673,-0.294295610410845,0.103244837323099,-2.84722147754798,0.00441026675172911,0.0970184912679679,"laminin subunit alpha-3-like","liver"
"LOC115140855",259.267566452463,-0.296725953041825,0.115938463910306,-2.55885696876461,0.0105016939622565,0.144392931907347,"maternal B9.15 protein-like, transcript variant X2","liver"
"LOC115130084",67.064060005343,-0.297704344382088,0.115162824423742,-2.58172833190518,0.0098306936704211,0.138172094484953,"UDP-N-acetylglucosamine--peptide N-acetylglucosaminyltransferase 110 kDa subunit-like","liver"
"ND1",1151.96859024375,-0.299886959097372,0.118077221355355,-2.54041589643775,0.011072071943296,0.147390361191738,NA,"liver"
"LOC115107457",91.8495683510638,-0.299941860926797,0.110594400464209,-2.76584226697623,0.00567759895158329,0.110199492031683,"synaptotagmin-like protein 3","liver"
"LOC115145809",613.622575043974,-0.300206379283207,0.0836583938634655,-3.5884453699264,0.000332655678153857,0.0436490093123143,"long-chain-fatty-acid--CoA ligase 1-like, transcript variant X1","liver"
"LOC115138079",100.725620036908,-0.305722970063862,0.102259320355711,-2.98918538037928,0.00279722360600835,0.083834436897721,"receptor-type tyrosine-protein phosphatase delta-like, transcript variant X2","liver"
"LOC115103255",102.363998044616,-0.307627641704718,0.124107029478059,-2.48538675360817,0.0129410754535531,0.156058649552315,"angiopoietin-related protein 4-like, transcript variant X1","liver"
"LOC115138292",68.2471693489387,-0.308404355771866,0.107749205988691,-2.85947714799272,0.00424339990097441,0.0963575161217609,"protein quaking-A-like, transcript variant X3","liver"
"LOC115127760",4882.27100916989,-0.311469345395812,0.123424805765095,-2.52623516368124,0.0115292278085251,0.151103320088579,"complement C1q-like protein 2","liver"
"LOC115124980",72.9793713066706,-0.311852749622102,0.0986362533401062,-3.15844625104824,0.00158612554887331,0.0659698748694656,"far upstream element-binding protein 1-like, transcript variant X1","liver"
"LOC115105427",83.5554273613753,-0.314978329042563,0.117618976809096,-2.67581196673796,0.00745484568306625,0.12140826255928,"cell adhesion molecule 1-like, transcript variant X2","liver"
"slc2a4rg",67.8787049518224,-0.316495149090708,0.12399807818943,-2.55762211280022,0.0105390548300087,0.144392931907347,"SLC2A4 regulator, transcript variant X1","liver"
"LOC115128540",92.6679113562632,-0.317887079452295,0.120259806968067,-2.64131142339564,0.00825857678303379,0.12871512262463,"phosphatase and actin regulator 4B-like","liver"
"macrod2",333.912489251297,-0.318231919243474,0.104870569479462,-3.033882740188,0.00241428249308444,0.0775679555562892,"mono-ADP ribosylhydrolase 2","liver"
"csmd3",356.01645550312,-0.327916135279575,0.121578669864801,-2.69842658664834,0.00696681022280836,0.119738667963907,"CUB and Sushi multiple domains 3, transcript variant X2","liver"
"LOC115102554",175.14771834637,-0.328254538847388,0.109319719998318,-3.00172824769296,0.00268451705039417,0.0833243093754326,"low-density lipoprotein receptor-related protein 1-like","liver"
"LOC115130089",92.4399292243984,-0.331239208856463,0.120048069042221,-2.75838503857983,0.00580877327976366,0.112211184304818,"zinc finger homeobox protein 4-like","liver"
"LOC115102558",1927.85097847973,-0.331969805013899,0.0786416408995906,-4.22123526367931,2.42967189468186e-05,0.0230517281281126,"low-density lipoprotein receptor-related protein 1-like","liver"
"LOC115132601",87.0907933359493,-0.337016008550522,0.103536177261459,-3.25240792510231,0.00114431663817082,0.0583029327148034,"nuclear receptor coactivator 3-like","liver"
"LOC115128454",57.7789039903661,-0.339825887360816,0.106798546120701,-3.18124470916701,0.00146643704244271,0.0634810769012427,"chromatin target of PRMT1 protein-like, transcript variant X3","liver"
"LOC115129419",68.4596069856954,-0.345179291559284,0.102339706128242,-3.37046355714236,0.000750418309465938,0.0497293541243035,"disks large homolog 3, transcript variant X1","liver"
"LOC115125917",90.6473534916497,-0.363487173410228,0.116659219575044,-3.11471365077512,0.00184123559132239,0.0682261479111823,"fibrinogen alpha chain-like","liver"
"LOC115102051",117.609308827077,-0.371407768585207,0.117523509973509,-3.15887363518416,0.00158380146571186,0.0659698748694656,"membrane-associated guanylate kinase, WW and PDZ domain-containing protein 1-like, transcript variant X9","liver"
"ddx31",109.432014231662,-0.376355969465012,0.107165798233369,-3.50959693482671,0.000448786440276009,0.0455752763343709,"DEAD-box helicase 31, transcript variant X2","liver"
"LOC115103085",292.575966151498,-0.404266857628654,0.123728841823194,-3.27279240882274,0.0010649065842242,0.0575369878701222,"sodium- and chloride-dependent glycine transporter 1-like, transcript variant X3","liver"
"LOC115120566",95.549824151983,-0.424639831366795,0.124271621942305,-3.42595584301951,0.000612639971268373,0.0466002202576675,"E3 ubiquitin-protein ligase RNF19A-like","liver"
"LOC115145167",293.398560768979,-0.433638771176366,0.123468160137133,-3.51772570845008,0.000435262015570778,0.0455752763343709,"palladin-like","liver"
"LOC115112270",119.800821201623,-0.441918917902343,0.123797594869449,-3.58981615351438,0.000330911266072751,0.0436490093123143,"disintegrin and metalloproteinase domain-containing protein 10-like","liver"
"LOC115116544",234.119529787756,-0.446187614295869,0.116422790911059,-3.92673978596639,8.61050477200278e-05,0.0238352665667346,"alpha-tubulin N-acetyltransferase 1-like, transcript variant X2","liver"
"LOC115107543",70.3369688879812,-0.478202268269386,0.121661910728611,-3.92891421400488,8.5330270727845e-05,0.0238352665667346,"pleckstrin homology domain-containing family G member 3-like, transcript variant X4","liver"
"LOC115119914",74.829884789362,-0.513579381837999,0.12275123596252,-4.18632180649381,2.83511316426523e-05,0.0230517281281126,"unconventional myosin-XVI-like","liver"
