"gene","baseMean","log2FoldChange","lfcSE","pvalue","padj","description","treatment"
"LOC115112827",73.9283352640066,3.5595669441362,0.328616119254887,0.00107281920464408,0.0575369878701222,"serum amyloid A-5 protein-like","liver"
"LOC115143107",70.0593520219347,2.91509774131568,0.559185401937977,0.188930122215003,0.484057717936395,"uncharacterized LOC115143107, transcript variant X1","liver"
"LOC115138574",64.640341795556,1.57433936228586,0.236797044425314,0.0279722283494797,0.213911449817034,"sacsin-like, transcript variant X3","liver"
"smc5",119.328697531419,1.11423515849408,0.310471136853128,0.0613334702305914,0.303588391933973,"structural maintenance of chromosomes 5","liver"
"LOC115117925",79.5360811812178,0.944795064292264,0.181743521242214,0.0669644893363821,0.314455366975914,"lysozyme C II","liver"
"LOC115122299",289.917971707057,0.93849092810142,0.309495742565503,8.77156522328309e-05,0.0238352665667346,"mannose-binding protein C-like","liver"
"LOC115127642",126.239346903355,0.880281137283518,0.209554947197458,0.337610623199401,0.619209648745586,"lysozyme C II","liver"
"LOC115132763",115.306453899614,0.755089696507306,0.46150714170485,0.0022804811125581,0.0775050244941065,"protein S100-A1-like, transcript variant X1","liver"
"LOC115107125",108.583073596139,0.749360147594979,0.726571054058187,0.00420568020434693,0.0963575161217609,"anoctamin-4-like, transcript variant X2","liver"
"LOC115128224",85.0745774021184,0.677732320627442,0.343577057567873,0.00139066898917049,0.0609501806436442,"ATPase inhibitor A, mitochondrial-like","liver"
"LOC115108050",229.733258146963,0.66910947776435,0.308552392891308,0.000927862050923426,0.0540280817080555,"kinesin-like protein KIF14, transcript variant X1","liver"
"LOC115131673",100.828268389963,0.66253833728075,0.177224932847402,8.22039500797565e-06,0.0230517281281126,"NADH dehydrogenase [ubiquinone] iron-sulfur protein 5-like","liver"
"LOC115103576",155.560057498132,0.662169354179396,0.271999041818688,0.000517085627288074,0.0466002202576675,"dispanin subfamily A member 2b-like","liver"
"LOC115123160",252.12253219629,0.641692459056213,0.315748588511801,0.00127354098618116,0.0594443493952692,"ferritin, middle subunit-like","liver"
"LOC115123393",64.7158361251913,0.631520208113322,0.190384933839974,0.0837601518502609,0.347664337007804,"COP9 signalosome complex subunit 1-like","liver"
"LOC115133286",1165.23663080331,0.610113056777359,0.18089771102184,0.0417499456265357,0.253610698023486,"40S ribosomal protein S4","liver"
"LOC115103957",358.411584845549,0.604769593284016,0.539272757998694,0.00442724224137439,0.0970184912679679,"cathepsin S-like","liver"
"LOC115115591",159.659982995134,0.603586309560603,0.266325435577551,0.000784378204732006,0.0498324214572744,"dispanin subfamily A member 2b-like","liver"
"LOC115110057",3360.3129211003,0.602953150370321,0.282433692194507,0.00116646202682034,0.0586975212508605,"ferritin, middle subunit-like","liver"
"wdr45",103.888393846575,0.588165490869489,0.180117858849815,4.74585435867113e-05,0.0230517281281126,"WD repeat domain 45","liver"
"LOC115122904",1451.66527029585,0.586522126785288,0.173269760803495,0.0265067226952932,0.20817225762238,"40S ribosomal protein S4-like","liver"
"LOC115123568",154.235709163636,0.584187894828765,0.432277251894179,0.00365693180240791,0.0941930515003751,"ferritin, middle subunit-like, transcript variant X2","liver"
"LOC115134326",114.47635109517,0.583658585600193,0.382681845933949,0.00296964366109722,0.087081061601671,"heat shock factor-binding protein 1-like","liver"
"LOC115123161",148.108566323141,0.569531665728463,0.173813013932088,4.69505305265709e-05,0.0230517281281126,"ferritin, middle subunit-like","liver"
"LOC115133295",217.205891168774,0.564875405873669,0.171644420361795,4.4604415318871e-05,0.0230517281281126,"oligosaccharyltransferase complex subunit ostc, transcript variant X2","liver"
"LOC115125749",80.1559409703033,0.556783837249396,0.395035611088634,0.00353349616688607,0.0935229245209585,"trypsinogen-like protein 3","liver"
"LOC115141395",103.474588566078,0.550391300653392,0.41947746621531,0.00389610849840715,0.0960013657626569,"NADP-dependent malic enzyme-like","liver"
"LOC115102635",163.755141995053,0.538311693790344,0.224446438463508,0.000612677198689343,0.0466002202576675,"keratin, type I cytoskeletal 18-like","liver"
"atp5mpl",683.925896584146,0.535762730830029,0.226956099972787,0.000676464543688789,0.047539128966819,"ATP synthase membrane subunit 6.8PL","liver"
"LOC115117313",95.6016421759522,0.532061582017928,0.366752501813291,0.00343687693019841,0.0933498989956954,"HMG domain-containing protein 4-like, transcript variant X1","liver"
"LOC115105984",82.9916507740992,0.519888196272142,0.216763131661196,0.000612947755396336,0.0466002202576675,"NADH dehydrogenase [ubiquinone] 1 alpha subcomplex subunit 8-like","liver"
"LOC115125161",136.916425934153,0.512579980830992,0.160160877115565,6.41241551713899e-05,0.0237609142253259,"60S ribosomal protein L32-like","liver"
"LOC115135536",522.407341118967,0.511868008054417,0.207508915449095,0.000540762169241079,0.0466002202576675,"V-type proton ATPase catalytic subunit A-like","liver"
"LOC115128702",153.550384216592,0.477697400716238,0.134417362900423,1.93122531444919e-05,0.0230517281281126,"26S proteasome complex subunit SEM1","liver"
"grpel1",142.98283190015,0.47557736823617,0.215071033539556,0.00101989124203117,0.0561767121962035,"GrpE like 1, mitochondrial","liver"
"LOC115145095",311.162069601426,0.47392391571065,0.178467024693151,0.00034200529751663,0.0436490093123143,"proteasome subunit beta type-5-like","liver"
"LOC115125976",519.08057814341,0.470226373082733,0.198018011948664,0.00070909673080094,0.0481713045790772,"60S ribosomal protein L3","liver"
"zmat2",94.898061111777,0.469598883746277,0.230964530295115,0.00147956386300737,0.0634810769012427,"zinc finger matrin-type 2","liver"
"LOC115123569",173.917895044511,0.461701622103472,0.286155532918002,0.0030751527914379,0.0891065651600948,"ferritin, middle subunit-like, transcript variant X1","liver"
"LOC115130477",169.720784417405,0.458225360566038,0.211402372557599,0.00114060721427949,0.0583029327148034,"lysozyme g-like","liver"
"LOC115135049",94.6064474653255,0.452719545830121,0.148903021411814,0.00011414608158846,0.0267734674773602,"bladder cancer-associated protein, transcript variant X2","liver"
"LOC115118779",172.382657034697,0.449090392289861,0.245346119801117,0.202974340277241,0.499893299679778,"carnitine O-acetyltransferase-like","liver"
"LOC115105069",181.193886984798,0.442257575803359,0.154823667963474,0.000203477137231579,0.0360596874502572,"eukaryotic translation initiation factor 1b","liver"
"LOC115139187",143.999694322358,0.439828008567823,0.129972040630343,3.7691344526152e-05,0.0230517281281126,"splicing factor 3B subunit 6","liver"
"LOC115109447",704.51609107576,0.435035611694175,0.21668851040197,0.00161836503348991,0.0660133230068067,"ADP-ribosylation factor 4-like","liver"
"znhit2",158.25734298771,0.433268345220342,0.142516334741289,0.000118234154708656,0.0267734674773602,"zinc finger HIT-type containing 2, transcript variant X2","liver"
"LOC115141548",123.209165585089,0.432893826341401,0.242138715180933,0.00241686220697957,0.0775679555562892,"flavin reductase (NADPH)-like, transcript variant X2","liver"
"LOC115147159",403.724922292986,0.42965945835146,0.264878825211678,0.00320741782069361,0.0895440755968982,"phosphatidylinositol 3-kinase regulatory subunit alpha-like, transcript variant X1","liver"
"LOC115143174",80.8883605309104,0.426853045844648,0.125501773175365,0.311918418347811,0.601817480450145,"signal transducer and activator of transcription 1-alpha/beta-like, transcript variant X1","liver"
"LOC115138705",700.210109238123,0.424921284550972,0.133781507969483,7.83231488008436e-05,0.0238352665667346,"proteasome subunit alpha type-3","liver"
"ndufb5",193.309710071905,0.423840738477934,0.170404521983407,0.000578647771455205,0.0466002202576675,"NADH:ubiquinone oxidoreductase subunit B5","liver"
"LOC115135968",118.176869419857,0.419123233072586,0.138361065012445,0.000127072854897194,0.0272604713979455,"malate dehydrogenase, mitochondrial-like","liver"
"LOC115111363",98.3469336555325,0.418610582119851,0.135833810745117,0.00010884112112365,0.0267734674773602,"glutaredoxin-1-like, transcript variant X1","liver"
"dhfr",121.315096438226,0.414648671643604,0.209829206248813,0.00182276140452023,0.0681612429800408,"dihydrofolate reductase","liver"
"LOC115147101",65.6823138431096,0.411242604347496,0.193564137548629,0.00135344697657877,0.06062252611577,"dolichol phosphate-mannose biosynthesis regulatory protein-like, transcript variant X2","liver"
"LOC115140097",81.1122763616699,0.406670430441667,0.143096196527465,0.000228249254223304,0.0372137584085675,"transcobalamin-2-like","liver"
"LOC115132717",76.6393436159539,0.397860437350029,0.14799171757262,0.000353389918377422,0.0436490093123143,"ras-related protein Rab-39B-like","liver"
"LOC115107636",84.8333385619588,0.396427057875069,0.141240276800295,0.000257584384358777,0.0397966689816656,"COP9 signalosome complex subunit 8-like, transcript variant X1","liver"
"LOC115142782",62.9232902367079,0.392321807686251,0.196264367410643,0.0018208635297738,0.0681612429800408,"myosin regulatory light polypeptide 9","liver"
"LOC115133187",275.556666573045,0.388367278172903,0.220484648478278,0.00278128877029342,0.083834436897721,"aldo-keto reductase family 1 member B1-like","liver"
"LOC115110214",169.6555699466,0.387646007470686,0.201058058022593,0.00212356600228493,0.0752665654375074,"nucleoside diphosphate kinase A-like","liver"
"LOC115104196",106.875930269911,0.385001142117212,0.144640604681388,0.000400117300497941,0.0453021699119336,"SUMO-conjugating enzyme UBC9-B, transcript variant X2","liver"
"anapc16",283.993417182409,0.38452728593539,0.142681330202184,0.000366294025886747,0.0439121896915994,"anaphase promoting complex subunit 16","liver"
"LOC115121896",83.8215562505802,0.380687459667587,0.145844067922084,0.000458436292862907,0.0455752763343709,"vacuolar protein sorting-associated protein 29, transcript variant X2","liver"
"LOC115132815",158.184996508307,0.3779463095278,0.182956167169183,0.00165799951525961,0.0669109507346352,"NADH dehydrogenase [ubiquinone] 1 beta subcomplex subunit 11, mitochondrial-like","liver"
"LOC115109368",21560.2011986255,0.376666849601969,0.193284249143967,0.00235418239655232,0.0775050244941065,"metallothionein A","liver"
"LOC115111365",91.1797224554729,0.373574176814417,0.169772899843911,0.00126498587420524,0.0594443493952692,"osteoclast-stimulating factor 1-like","liver"
"LOC115110656",73.048111008013,0.369560514501824,0.150114100004872,0.000706229330442647,0.0481713045790772,"SEC14-like protein 1, transcript variant X2","liver"
"LOC115110056",72.4125409997342,0.368730372495071,0.425717531371994,0.00714252920115057,0.120800618356389,"ferritin, middle subunit-like","liver"
"LOC115112959",335.047571698218,0.365291308805451,0.214678892721249,0.00318524352828092,0.089538293939814,"cell cycle control protein 50C-like","liver"
"LOC115112928",104.181276359076,0.364470198065827,0.168331778921519,0.907221659661819,0.969355131596105,"myocardin-related transcription factor A-like, transcript variant X4","liver"
"LOC115114956",643.122525833237,0.36092981846179,0.267368795352547,0.00534859990920399,0.105829578785997,"40S ribosomal protein S17-like","liver"
"sugt1",106.345275197893,0.358717641029467,0.231275897318144,0.00418272051821678,0.0963575161217609,"SGT1 homolog, MIS12 kinetochore complex assembly cochaperone, transcript variant X2","liver"
"ddx49",62.2699235784404,0.358327874516851,0.295654962090754,0.00603130189598517,0.113288417179887,"DEAD-box helicase 49","liver"
"LOC115126009",252.464003404165,0.358069875938367,0.140921436369882,0.000585628005461248,0.0466002202576675,"ATP synthase F(0) complex subunit B1, mitochondrial-like","liver"
"LOC115116869",559.328758645918,0.357578048707122,0.123215786559031,0.000215684883174304,0.0366304826591026,"cytochrome c oxidase subunit NDUFA4-like","liver"
"LOC115134514",107.365890738346,0.356681831722577,0.133947718048701,0.000428993683539674,0.0455752763343709,"40S ribosomal protein S13","liver"
"LOC115132128",363.373681509995,0.355290176474149,0.551185426172624,0.00765345024079003,0.121857278052579,"neurotensin receptor type 1-like","liver"
"LOC115112920",65.1284244089856,0.352094207790243,0.105707817488342,5.55437163808693e-05,0.0230517281281126,"renin receptor-like","liver"
"LOC115106415",338.497566742022,0.351747345796905,0.230687338709626,0.00427384626591816,0.0963575161217609,"zinc transporter ZIP11-like, transcript variant X2","liver"
"LOC115145216",204.780302746805,0.350335598507243,0.123633600471506,0.000268383879765791,0.0397966689816656,"V-type proton ATPase 16 kDa proteolipid subunit","liver"
"LOC115121200",611.625340051307,0.348904251372875,0.238200679109582,0.00495589058901465,0.10202665760367,"transcription factor BTF3, transcript variant X2","liver"
"LOC115110978",1606.54115977384,0.347963193120878,0.170852481093514,0.00190538661519796,0.069756855154556,"cytochrome c oxidase subunit 7C, mitochondrial-like","liver"
"ndufa1",731.06682744857,0.347049278633975,0.185324556212547,0.00262569069168543,0.0829636841806963,"NADH:ubiquinone oxidoreductase subunit A1","liver"
"LOC115123317",75.3482378700742,0.346215468286311,0.147003323243589,0.000982935010706774,0.0553773240994464,"cytochrome c, transcript variant X1","liver"
"gps1",67.9021499002825,0.345159771513505,0.113565079285439,0.000145892367850791,0.0297328645679912,"G protein pathway suppressor 1, transcript variant X3","liver"
"LOC115131775",1336.90479125622,0.344916570225548,0.157944690044369,0.00114203426710588,0.0583029327148034,"40S ribosomal protein S27","liver"
"LOC115140758",171.694610596652,0.343952520752716,0.153005491486513,0.00124038495043948,0.0594443493952692,"tumor necrosis factor receptor superfamily member 1A-like, transcript variant X3","liver"
"LOC115132418",125.043507466417,0.342446085033255,0.139606214548839,0.000768633294855525,0.0497293541243035,"serine/threonine-protein kinase PINK1, mitochondrial-like","liver"
"LOC115125925",76.5594708916325,0.341207244026021,0.141483312297867,0.000846301598267938,0.0514854524558226,"peptidyl-prolyl cis-trans isomerase A-like","liver"
"LOC115145882",67.8220315411759,0.340322956328638,0.161774885568364,0.00171591188139058,0.0681612429800408,"MICOS complex subunit Mic10-like","liver"
"hadh",65.2671928821802,0.337289306755421,0.237789236635728,0.00519828903054045,0.104916091990504,"hydroxyacyl-CoA dehydrogenase","liver"
"LOC115120964",679.334056449519,0.334876316461962,0.138818929989905,0.000887169583802161,0.0531779885820237,"cytochrome c oxidase subunit 4 isoform 1, mitochondrial-like","liver"
"LOC115101234",262.800734807576,0.333782753013752,0.140427703230133,0.000961522417839841,0.0551995123255661,"BCL2/adenovirus E1B 19 kDa protein-interacting protein 3-like","liver"
"LOC115140186",155.996380722397,0.331588868852392,0.12473546634146,0.000477871978136607,0.0463763376877336,"dynein light chain 1, cytoplasmic-like","liver"
"LOC115113712",765.507935780703,0.331296513044455,0.130444926698528,0.000644644927739824,0.0466002202576675,"ferritin, heavy subunit-like","liver"
"LOC115138170",325.028728089755,0.327310571750373,0.166833943442339,0.0023914266245891,0.0775679555562892,"ependymin-like","liver"
"nenf",104.080672406611,0.327277453135161,0.142644804415719,0.0011950040051509,0.0594004429877446,"neudesin neurotrophic factor","liver"
"LOC115102205",485.663604983162,0.326426009112227,0.165653429153522,0.00235776719901619,0.0775050244941065,"60S ribosomal protein L22","liver"
"npc2",398.110129019525,0.324440711479406,0.143135999089849,0.00129243155440575,0.0594443493952692,"NPC intracellular cholesterol transporter 2","liver"
"LOC115103192",66.905700812383,0.323413081070651,0.21139772219208,0.00484582740548002,0.101812332498642,"transmembrane protein 56-B-like, transcript variant X2","liver"
"LOC115142321",89.2864026483265,0.322452527854025,0.169021720188078,0.00272529935169364,0.0833243093754326,"MAP kinase-activated protein kinase 2-like","liver"
"LOC115110806",662.366194763291,0.321836105474743,0.14195414611126,0.00129729716843298,0.0594443493952692,"cytochrome c oxidase subunit NDUFA4-like","liver"
"LOC115114211",842.194092606941,0.320251025879401,0.187834243269968,0.0038250242432878,0.0960013657626569,"40S ribosomal protein S28","liver"
"LOC115101480",137.094698707325,0.319937308520034,0.153841131350555,0.00193388729942709,0.069756855154556,"NADH dehydrogenase [ubiquinone] 1 alpha subcomplex subunit 2-like","liver"
"ndufb3",301.818280216943,0.319495594395848,0.175468436262111,0.00315417767123568,0.0893500245512373,"NADH:ubiquinone oxidoreductase subunit B3","liver"
"LOC115102139",713.10469079888,0.318782847989588,0.189294253489913,0.00400241368914396,0.0963575161217609,"nascent polypeptide-associated complex subunit alpha-like, transcript variant X1","liver"
"LOC115101429",1129.86188689661,0.318565026454194,0.288558031278068,0.007476754832952,0.12140826255928,"ADP/ATP translocase 2-like","liver"
"LOC115145073",96.011369336583,0.317334140071127,0.23461789381233,0.00607533672753085,0.113592075694568,"peroxiredoxin-6-like","liver"
"LOC115102637",150.166976849513,0.317204839806648,0.289034417822044,0.00753619877282436,0.12140826255928,"keratin, type II cytoskeletal 8-like","liver"
"LOC115122703",93.9453310222085,0.316380403825648,0.130208301106096,0.000912611277341178,0.0539101966151107,"pyridoxal phosphate homeostasis protein-like, transcript variant X1","liver"
"LOC115138930",247.348124609799,0.314401511961521,0.119827769689456,0.000544295583480975,0.0466002202576675,"ATPase inhibitor B, mitochondrial-like, transcript variant X2","liver"
"LOC115143167",66.2406955859994,0.314172387987943,0.116124386187929,0.00044009023276281,0.0455752763343709,"GTP-binding protein Rheb-like","liver"
"LOC115142868",132.139874556434,0.310803264233382,0.121138634405175,0.000650074553832238,0.0466002202576675,"cytochrome c1, heme protein, mitochondrial-like","liver"
"LOC115129029",66.222080311856,0.310179514678993,0.194387978060512,0.00467120751346564,0.101066948222283,"thioredoxin-like protein 4A","liver"
"LOC115119183",101.811365475874,0.30905642174786,0.202631530025812,0.00522521262857517,0.104916091990504,"hydroxyacylglutathione hydrolase, mitochondrial-like","liver"
"LOC115143985",149.714335201736,0.307844258730172,0.110039734626688,0.000347972117627897,0.0436490093123143,"ADP-ribosylation factor 1","liver"
"LOC115142589",99.382477783106,0.306363416137063,0.110835714159422,0.000386280733622227,0.0449851505784057,"phosphoribosyl pyrophosphate synthase-associated protein 1-like, transcript variant X2","liver"
"LOC115101900",100.121047264529,0.306318352460216,0.121947651668529,0.000762457964262816,0.0497293541243035,"gamma-secretase subunit PEN-2","liver"
"LOC115135016",283.984900242854,0.303917275616515,0.128238612285122,0.001101327800941,0.058298858657604,"cytochrome c1, heme protein, mitochondrial-like","liver"
"LOC115139625",82.9731148521565,0.303263911373205,0.125861466077329,0.000991792114636798,0.0553773240994464,"5'-3' exoribonuclease 2-like","liver"
"LOC115117228",12862.3128120475,0.300415296450853,0.212510998293991,0.00944854233628801,0.136568292775567,"gamma-aminobutyric acid type B receptor subunit 2-like, transcript variant X1","liver"
"LOC115144376",328.080197415305,0.299113433291689,0.200699383664966,0.00565231558018487,0.110199492031683,"cytochrome c oxidase assembly protein COX14 homolog","liver"
"commd9",79.4010147603519,0.298679347516292,0.344895228088084,0.00884993881039634,0.132438555290576,"COMM domain containing 9, transcript variant X1","liver"
"LOC115108282",448.938976710955,0.297975946433695,0.14405517945497,0.0021898473689914,0.0769467058276633,"ATP synthase subunit delta, mitochondrial-like, transcript variant X1","liver"
"LOC115118407",145.306938415996,0.297961121572902,0.443549766059711,0.00910313527993205,0.132990607172054,"c-Myc-binding protein-like","liver"
"sptssa",190.624500402747,0.297393384463307,0.113592554532705,0.000592251899888623,0.0466002202576675,"serine palmitoyltransferase small subunit A","liver"
"LOC115146361",491.230865527366,0.295592762173847,0.136000683557149,0.00177198037178329,0.0681612429800408,"cytochrome c oxidase subunit 7A2, mitochondrial-like","liver"
"psen2",95.8529032742696,0.295539101295118,0.118195566573033,0.000806903782183541,0.0498324214572744,"presenilin 2, transcript variant X1","liver"
"spata1",68.9687060755248,0.295422922501845,0.330466176208178,0.00887039391421176,0.132438555290576,"spermatogenesis associated 1, transcript variant X1","liver"
"LOC115103239",275.552708701141,0.293582733100813,0.152217519154415,0.00294613303653233,0.0870176685283026,"ubiquitin-60S ribosomal protein L40-like","liver"
"LOC115102499",61.053872350021,0.291302705072181,0.147004119206932,0.00270377437413185,0.0833243093754326,"transcription initiation factor TFIID subunit 8-like","liver"
"LOC115115084",129.996283159779,0.290335193505622,0.126751256463962,0.00138374002167931,0.0609501806436442,"uncharacterized LOC115115084","liver"
"LOC115137610",60.5012822499812,0.290042464753995,0.162200954230329,0.00385974712952339,0.0960013657626569,"dehydrogenase/reductase SDR family member 11-like","liver"
"LOC115129427",1188.89348656547,0.285919210058797,0.165430581381236,0.00381848041649829,0.0960013657626569,"ADP/ATP translocase 2-like","liver"
"LOC115132550",120.331132873945,0.285577889781102,0.171362663426127,0.00471116785138218,0.101066948222283,"ATP synthase F(0) complex subunit B1, mitochondrial-like","liver"
"thoc7",141.127740410038,0.284736584044008,0.148971379780183,0.00315662500867963,0.0893500245512373,"THO complex 7, transcript variant X2","liver"
"LOC115132503",278.287297908528,0.284668210662448,0.159053318613496,0.00391516616240059,0.0960013657626569,"myosin light polypeptide 6-like","liver"
"LOC115103161",349.845892906869,0.284181082632572,0.196094550089965,0.00639709942907237,0.117067626263223,"T-complex protein 1 subunit gamma-like, transcript variant X1","liver"
"LOC115101740",155.084673277335,0.283921290547846,0.147578226987773,0.0030824400607393,0.0891065651600948,"succinate dehydrogenase cytochrome b560 subunit, mitochondrial-like, transcript variant X1","liver"
"LOC115102020",114.230862607734,0.282984288111556,0.169707476347529,0.00482206615291427,0.101812332498642,"40S ribosomal protein S23","liver"
"LOC115135586",64.8317819903526,0.282844401198879,0.195166815906251,0.006364647147352,0.117067626263223,"proteasome subunit beta type-6-like, transcript variant X3","liver"
"LOC115106648",122.338210324329,0.282773649698352,0.121968343429968,0.00134556930141526,0.06062252611577,"ras-related protein Rab-5C, transcript variant X4","liver"
"rpl39",1685.63512493942,0.282022794349633,0.148405156943711,0.00327677821244317,0.0905449372632689,"ribosomal protein L39","liver"
"LOC115110534",167.652561641131,0.281763506957452,0.125701872631278,0.00161956140841037,0.0660133230068067,"transmembrane protein 106B-like, transcript variant X4","liver"
"LOC115116667",88.4393854548743,0.280995420234657,0.155543223293162,0.00386305943276288,0.0960013657626569,"proteasome subunit alpha type-1-like","liver"
"asah2",64.8486179578886,0.280982145766463,0.25837469578693,0.00898542963990866,0.13271750448203,"N-acylsphingosine amidohydrolase 2","liver"
"LOC115102966",941.166681436714,0.280235418107266,0.175610788531063,0.00441855479715427,0.0970184912679679,"CCAAT/enhancer-binding protein delta-like","liver"
"LOC115104936",92.4194988837223,0.280028136426134,0.150756538983312,0.00361355971480085,0.094113651909579,"mitochondrial fission regulator 1-like","liver"
"LOC115110327",146.12802801956,0.279886910446491,0.150132344007413,0.00352202116658617,0.0935229245209585,"ubiquitin domain-containing protein UBFD1-like, transcript variant X3","liver"
"LOC115144429",75.7192612011235,0.279806417265201,0.118575123991625,0.00128305159766758,0.0594443493952692,"vacuolar protein sorting-associated protein 26A-like","liver"
"LOC115104729",486.108115545581,0.277452209648859,0.090397516055441,0.000174624290901607,0.0338937433197595,"cytochrome b-c1 complex subunit 9-like","liver"
"LOC115111478",57.7200190832153,0.275983147496179,0.242894393352666,0.00872090603092049,0.13214279918971,"small nuclear ribonucleoprotein Sm D3, transcript variant X1","liver"
"LOC115132995",1251.02889875504,0.275651813032896,0.239625072784335,0.00883754409653239,0.132438555290576,"ribose-phosphate pyrophosphokinase 2-like, transcript variant X1","liver"
"LOC115128695",120.786028850858,0.272636208142337,0.122217323536777,0.0017394552370815,0.0681612429800408,"cytochrome b-c1 complex subunit 7-like","liver"
"LOC115142640",109.095304773969,0.27196250988842,0.0896874886336339,0.000199150237343466,0.0360596874502572,"protein dpy-30 homolog, transcript variant X1","liver"
"LOC115139699",778.561921895274,0.271884916706526,0.186447083913013,0.00677775061565582,0.119078066850919,"cysteine dioxygenase type 1-like","liver"
"LOC115112294",267.897940351861,0.271376354558413,0.18541616223349,0.00671986940253453,0.119078066850919,"probable ribosome biogenesis protein RLP24","liver"
"LOC115113623",192.360911133868,0.270782986938221,0.176323143079208,0.00613749827000238,0.113744391401639,"cytochrome c oxidase subunit 5A, mitochondrial-like","liver"
"LOC115106562",687.498094276931,0.27077446940206,0.102368336984494,0.000630592102003621,0.0466002202576675,"histone H3.3, transcript variant X3","liver"
"LOC115131603",1075.79265338979,0.268390055646559,0.204739242632392,0.00827231331782805,0.12871512262463,"40S ribosomal protein S18","liver"
"LOC115137284",59.2153474599521,0.268166722178581,0.146508995816743,0.00403402123482774,0.0963575161217609,"LON peptidase N-terminal domain and RING finger protein 1-like, transcript variant X1","liver"
"LOC115112233",216.219266478795,0.26625498053372,0.168080103309621,0.00590111809577063,0.112516378984712,"26S proteasome non-ATPase regulatory subunit 7","liver"
"LOC115145863",79.9568680641811,0.266220699270311,0.156012333114921,0.00494854070269636,0.10202665760367,"acid ceramidase-like","liver"
"LOC115133149",192.120380426121,0.265870393953017,0.140553962928332,0.00362508423694895,0.094113651909579,"NADH dehydrogenase [ubiquinone] 1 alpha subcomplex subunit 5-like","liver"
"LOC115135730",1117.09692256009,0.264246499625319,0.219956414727936,0.00827955440631672,0.12871512262463,"60S ribosomal protein L36a","liver"
"rpl37a",1567.77862792598,0.261492181561426,0.197756901723907,0.00832945221897831,0.12871512262463,"ribosomal protein L37a","liver"
"LOC115111499",331.406302592937,0.261175657169999,0.144939496964639,0.00436728749293919,0.0970184912679679,"C-type lectin domain family 4 member E-like","liver"
"LOC115115463",76.0460918008365,0.259692381836235,0.178202911120625,0.00724521046584071,0.120988282645798,"OCIA domain-containing protein 1-like","liver"
"c8g",2183.90522234269,0.258816135040743,0.141725944176081,0.00427333553603185,0.0963575161217609,"complement C8 gamma chain, transcript variant X2","liver"
"LOC115112864",112.809569092862,0.258651859688436,0.0961470403363101,0.000598504339136972,0.0466002202576675,"casein kinase I, transcript variant X3","liver"
"LOC115129047",1248.20611560568,0.257076907555253,0.164290653750189,0.00649099203520322,0.117067626263223,"60S ribosomal protein L14-like","liver"
"LOC115113672",258.928134659453,0.256617913520742,0.147520671747496,0.0049801767887743,0.10202665760367,"probable ribosome biogenesis protein RLP24","liver"
"LOC115143646",228.346945069676,0.255931491894966,0.140398835810146,0.00436248536853406,0.0970184912679679,"cytochrome c oxidase subunit 6C-1","liver"
"LOC115113675",1433.04796335557,0.254341042169522,0.144032059785915,0.00490028549508229,0.10202665760367,"cytochrome c oxidase subunit 4 isoform 1, mitochondrial","liver"
"LOC115108166",133.825655850166,0.252444146710744,0.127324738872174,0.00328769644626197,0.0905449372632689,"membralin-like, transcript variant X3","liver"
"derl1",741.667723792834,0.252326747720574,0.161284872551797,0.00664023543410133,0.118190391394747,"derlin 1","liver"
"LOC115112854",260.988621443685,0.251180581059598,0.110593292696446,0.00181349320731578,0.0681612429800408,"proteasome subunit beta type-1-B-like","liver"
"LOC115101638",308.295938254413,0.249589937796897,0.190408472509238,0.00901704065705979,0.13271750448203,"ATP synthase subunit epsilon, mitochondrial-like","liver"
"LOC115120267",460.941061721967,0.249094398325999,0.126147751911247,0.00343129340581651,0.0933498989956954,"transitional endoplasmic reticulum ATPase-like","liver"
"LOC115103830",2671.48806013347,0.249074739359805,0.119115901555329,0.00291726475819312,0.0867939500320815,"beta-2-glycoprotein 1-like","liver"
"LOC115109712",198.667896808025,0.248852581552495,0.0722150635945626,5.65547795095991e-05,0.0230517281281126,"rab GDP dissociation inhibitor beta-like","liver"
"bpnt1",71.4893952333444,0.247768968442245,0.162918655856808,0.00721913154124653,0.120988282645798,"3'(2'), 5'-bisphosphate nucleotidase 1","liver"
"LOC115110500",146.048266089194,0.246812231067007,0.162845692352398,0.00731934972157717,0.120988282645798,"NADH dehydrogenase [ubiquinone] 1 alpha subcomplex subunit 6-like","liver"
"LOC115117859",68.5964228466853,0.246790447601745,0.117230057428435,0.00265246596422436,0.0831650097706037,"protein kish-A-like","liver"
"washc4",66.2036932223502,0.246192289024004,0.146843413479124,0.00602782897238764,0.113288417179887,"WASH complex subunit 4, transcript variant X2","liver"
"LOC115119000",370.058749408274,0.244739735049772,0.0819569250353815,0.000273382416949617,0.0397966689816656,"transmembrane emp24 domain-containing protein 10-like","liver"
"LOC115135501",127.073379824732,0.2447362350358,0.138953459328871,0.00520652681937953,0.104916091990504,"ras-related protein Rab-1B-like","liver"
"becn1",65.7938087984022,0.242703257805496,0.122189469530622,0.00350439361065278,0.0935229245209585,"beclin 1, transcript variant X2","liver"
"LOC115138700",274.376762179229,0.242576582098107,0.110437844219997,0.00227319023801343,0.0775050244941065,"signal recognition particle 54 kDa protein-like, transcript variant X1","liver"
"ndufb1",428.45153591816,0.24178572865442,0.144937659636785,0.00613929492354283,0.113744391401639,"NADH:ubiquinone oxidoreductase subunit B1","liver"
"LOC115112919",109.79237279985,0.241606136767617,0.153299465373417,0.00698712588977641,0.119738667963907,"thyrotroph embryonic factor-like, transcript variant X2","liver"
"LOC115109312",200.968961036424,0.240625090275916,0.103544740866017,0.00173916484775187,0.0681612429800408,"anamorsin, transcript variant X3","liver"
"LOC115115072",265.404688751201,0.240476957384921,0.163616784254097,0.00811138069657933,0.127652462236515,"signal peptidase complex subunit 3","liver"
"LOC115130426",111.030801602674,0.240263387704118,0.249209887606532,0.0119870530649802,0.153195161526808,"cytochrome b5-like","liver"
"LOC115110483",230.400742276966,0.239855199414416,0.0982871188703954,0.00129797524440112,0.0594443493952692,"NADH dehydrogenase [ubiquinone] 1 alpha subcomplex subunit 6-like","liver"
"LOC115138378",703.432819033702,0.238168087904051,0.15219530479332,0.00731366991978904,0.120988282645798,"cytochrome c oxidase subunit 7A2, mitochondrial-like","liver"
"LOC115128406",2220.88803076246,0.237780864762895,0.179404671134127,0.00966133095779201,0.137211097505088,"40S ribosomal protein S18","liver"
"srek1ip1",88.1192107128222,0.23631877137393,0.212315989032515,0.0114678835494009,0.150784172088251,"SREK1 interacting protein 1","liver"
"LOC115130323",210.384400225427,0.235233953995456,0.131527649275737,0.00533036523147059,0.105829578785997,"MOB-like protein phocein, transcript variant X5","liver"
"LOC115133189",137.933537149447,0.234656511267302,0.106571466107608,0.00235112071148197,0.0775050244941065,"short transmembrane mitochondrial protein 1","liver"
"LOC115111930",244.820098305034,0.234299510148954,0.135615573233861,0.00590738594276947,0.112516378984712,"histone H2A.V","liver"
"rps27a",1275.61579085629,0.233984579698052,0.209034019864318,0.0116960260349511,0.151824081054472,"ribosomal protein S27a","liver"
"LOC115112011",89.0809190368425,0.233563961470801,0.121211009709649,0.0042138389615853,0.0963575161217609,"serine/threonine-protein phosphatase 2A catalytic subunit beta isoform-like","liver"
"LOC115135239",110.486731010294,0.23353400556965,0.135548668765762,0.00599910561732856,0.113288417179887,"cytochrome c oxidase subunit 7A-related protein, mitochondrial","liver"
"LOC115137167",1511.22303835299,0.232181025431016,0.219112612055751,0.0122257804232832,0.153330095400931,"60S ribosomal protein L35a, transcript variant X1","liver"
"LOC115111717",122.149748445696,0.231757299966218,0.100702447948048,0.00192533383947404,0.069756855154556,"ubiquitin recognition factor in ER-associated degradation protein 1","liver"
"LOC115101455",230.896022574008,0.231533168229664,0.0995385694928045,0.00181931553784078,0.0681612429800408,"ras-related protein Rab-1A-like","liver"
"LOC115110529",1423.85699368188,0.231520738428971,0.233817993672773,0.0127674812164827,0.155344040114578,"60S ribosomal protein L23","liver"
"LOC115104582",127.587772136366,0.230621244131174,0.129959213558467,0.0055877913121695,0.109499218213475,"proteasome maturation protein-like","liver"
"pfdn6",120.254742612979,0.230157645934588,0.144457132701417,0.00746576454251555,0.12140826255928,"prefoldin subunit 6","liver"
"nemf",108.521606843478,0.229625377959108,0.143144928655006,0.00733823232268269,0.120988282645798,"nuclear export mediator factor","liver"
"LOC115101041",58.5478153259554,0.229461671608732,0.185433986472659,0.0110277783908776,0.147374507282679,"uncharacterized LOC115101041","liver"
"pxmp2",159.858707590533,0.229268383902286,0.176015277529891,0.0106150317125679,0.144392931907347,"peroxisomal membrane protein 2","liver"
"LOC115110178",376.806571728151,0.228623179973023,0.142003110139651,0.00736140679493568,0.120988282645798,"ATP synthase F(0) complex subunit C3, mitochondrial-like","liver"
"LOC115106253",116.392299178008,0.228130971415142,0.176955555975286,0.0107685255900242,0.144859769983296,"NADH dehydrogenase [ubiquinone] 1 alpha subcomplex subunit 5-like","liver"
"LOC115107123",1552.03193193263,0.22611707609014,0.496759718427678,0.0120062567066739,0.153195161526808,"sodium-coupled neutral amino acid transporter 4-like, transcript variant X2","liver"
"tpp1",98.0892749246012,0.225775232075009,0.207933094322566,0.0127127059244979,0.155344040114578,"tripeptidyl peptidase 1, transcript variant X1","liver"
"LOC115110871",101.299772827179,0.225692609988186,0.29877018560096,0.0132265357688657,0.156834820487416,"uncharacterized LOC115110871","liver"
"LOC115105948",4299.34882878153,0.225461757809588,0.146616674464472,0.00838226631465292,0.12871512262463,"cathepsin L1-like","liver"
"LOC115108511",109.62139808212,0.224928800977652,0.118214209826044,0.00470111308406522,0.101066948222283,"F-box/LRR-repeat protein 5","liver"
"LOC115133349",187.487319482589,0.224927348051587,0.082196815635979,0.000651671382406048,0.0466002202576675,"ER membrane protein complex subunit 4, transcript variant X2","liver"
"lyplal1",60.9067137445455,0.224596821415896,0.135197531125324,0.00699161015098376,0.119738667963907,"lysophospholipase like 1, transcript variant X1","liver"
"LOC115123736",4167.87281080873,0.223739158232873,0.191109117598859,0.0138132422217841,0.159951066181795,"40S ribosomal protein S8-like","liver"
"LOC115129697",220.571617002974,0.223495550532472,0.133602460028835,0.00703707413077867,0.120013029945832,"integral membrane protein 2B-like, transcript variant X2","liver"
"LOC115141504",160.460505467492,0.223311522482067,0.117674172611029,0.00484220793445831,0.101812332498642,"coatomer subunit delta-like","liver"
"LOC115113739",77.4859074888473,0.222291868447691,0.182734371623292,0.0120355263530527,0.153195161526808,"importin-7-like","liver"
"LOC115109605",697.189768055998,0.221294246926699,0.135234170324873,0.007565676813066,0.12140826255928,"cytochrome P450 2F2-like","liver"
"mcts1",129.538979332416,0.221211534136622,0.206477197606049,0.0132363047712638,0.156834820487416,"MCTS1 re-initiation and release factor","liver"
"LOC115102776",166.245179856961,0.22116197497463,0.117229913066341,0.00498118372500746,0.10202665760367,"NEDD8-like","liver"
"LOC115127027",76.2552127985313,0.220742462193779,0.258120222331661,0.0139508640120039,0.160631982239909,"ferritin, heavy subunit-like","liver"
"dusp11",60.3395069185367,0.220584733102392,0.146932268212296,0.00905188082581065,0.13271750448203,"dual specificity phosphatase 11","liver"
"LOC115140540",359.565298868985,0.220403442687879,0.160790136498548,0.0106275465093729,0.144392931907347,"glutathione S-transferase theta-1-like, transcript variant X1","liver"
"ndufs2",87.1826076439365,0.220051482897913,0.133695712812411,0.00763497558659253,0.121857278052579,"NADH:ubiquinone oxidoreductase core subunit S2","liver"
"LOC115136404",113.235293593115,0.219129194406937,0.150413063242619,0.00982347125807276,0.138172094484953,"cytochrome c oxidase subunit 8B, mitochondrial-like","liver"
"LOC115106689",379.878911351024,0.219098170625341,0.168775313475477,0.0115924661604249,0.151445166890679,"26S proteasome regulatory subunit 8","liver"
"LOC115106326",265.161668700201,0.218786686937295,0.1251175574674,0.00647814527664663,0.117067626263223,"eukaryotic translation initiation factor 3 subunit E","liver"
"LOC115131311",529.424924376496,0.218520667513033,0.107283695779995,0.00383568331877027,0.0960013657626569,"26S proteasome complex subunit SEM1-like","liver"
"LOC115101340",71.9688027915369,0.216479528457908,0.148746886736301,0.00998111548662245,0.139804215544581,"ubiquinol-cytochrome-c reductase complex assembly factor 3","liver"
"bola2b",86.3672499865227,0.216474401220153,0.1754499085024,0.0124373926212158,0.15362064340629,"bolA family member 2B","liver"
"LOC115112120",107.858784016251,0.215994431054524,0.124856383670319,0.00688542796143353,0.119738667963907,"cytochrome b-c1 complex subunit Rieske, mitochondrial-like","liver"
"LOC115129598",831.169747066377,0.215930138804701,0.222390382501261,0.014381900585662,0.16126343215619,"60S ribosomal protein L36a-like","liver"
"LOC115131938",336.276789032743,0.214044393782631,0.249047194142627,0.0152285678886448,0.164057073949211,"ATP synthase subunit epsilon, mitochondrial-like","liver"
"LOC115128209",440.815439397287,0.213309732280772,0.178567944256571,0.0132105280325602,0.156834820487416,"40S ribosomal protein S27","liver"
"LOC115137319",179.814275421959,0.213297197792758,0.0933397538540712,0.00235785648608175,0.0775050244941065,"acid ceramidase-like","liver"
"rps9",1000.16947615765,0.212988135577981,0.183308733268178,0.013530328753222,0.157883405011815,"ribosomal protein S9, transcript variant X2","liver"
"LOC115108251",127.658965985998,0.212722773603188,0.147321509495883,0.010428247755463,0.144086568987347,"NADH dehydrogenase [ubiquinone] 1 alpha subcomplex subunit 11-like","liver"
"LOC115144962",206.847991768062,0.21254954189518,0.18789308488707,0.0139158638111004,0.160631982239909,"MAP kinase-interacting serine/threonine-protein kinase 2-like","liver"
"LOC115111685",1026.24456162359,0.212499277402319,0.143659206495836,0.0100837172546898,0.140757642226423,"transitional endoplasmic reticulum ATPase-like","liver"
"LOC115140802",156.066029931021,0.212002442440195,0.225934488841426,0.0147961746731969,0.16299785937284,"gamma-aminobutyric acid receptor-associated protein-like 1","liver"
"manbal",126.547769197364,0.211949492367033,0.131308958741309,0.00848343789411806,0.129466550717594,"mannosidase beta like, transcript variant X1","liver"
"lg3h2orf76",77.9954874111851,0.211921618293495,0.1957931248516,0.0141761097346473,0.16126343215619,"linkage group 3 C2orf76 homolog","liver"
"LOC115128083",2608.60971601268,0.21160901056755,0.199554956546266,0.014470381020996,0.161321322634664,"60S ribosomal protein L30","liver"
"LOC115140916",136.535574630642,0.209804981399957,0.0912379041849558,0.00231464318038637,0.0775050244941065,"RWD domain-containing protein 1-like, transcript variant X1","liver"
"ccs",63.3178451248825,0.208880849744624,0.178608178746651,0.0140314594539279,0.161104869673831,"copper chaperone for superoxide dismutase","liver"
"LOC115129611",217.071619727795,0.20796596487752,0.119728686668234,0.00727763591913856,0.120988282645798,"ATP synthase-coupling factor 6, mitochondrial-like","liver"
"kctd10",70.1442856690546,0.207923777322347,0.0990786717714376,0.00367436093929334,0.0941930515003751,"potassium channel tetramerization domain containing 10","liver"
"LOC115107282",70.4621530555186,0.207869532722798,0.440266321934283,0.0125319482301214,0.154320909323187,"small integral membrane protein 8-like","liver"
"LOC115109168",270.252491422839,0.20702508407634,0.120654344115243,0.00756507952101074,0.12140826255928,"NADH-quinone oxidoreductase subunit B-like, transcript variant X1","liver"
"LOC115130693",58.2884838111164,0.206815226474667,0.177530696666104,0.0143851696498742,0.16126343215619,"uncharacterized LOC115130693","liver"
"LOC115101601",129.382998328326,0.205742271311559,0.158329326827151,0.0131064639561547,0.156834820487416,"probable ATP-dependent RNA helicase ddx6, transcript variant X1","liver"
"LOC115135885",1356.78160361933,0.205361463931793,0.203069111169866,0.0156517022110302,0.164057073949211,"60S acidic ribosomal protein P2-like","liver"
"LOC115126802",1354.63330245244,0.205297322911984,0.172100218073737,0.0142280047443972,0.16126343215619,"40S ribosomal protein S27-like, transcript variant X3","liver"
"LOC115140061",148.876558429552,0.204946412615566,0.200885916302889,0.015461283307352,0.164057073949211,"transmembrane emp24 domain-containing protein 2-like, transcript variant X1","liver"
"LOC115106324",337.874628784568,0.204663905529454,0.125218844223325,0.00878013714778872,0.132438555290576,"nucleoside diphosphate kinase A-like","liver"
"LOC115106793",1683.09308714272,0.204641564536631,0.186679771566811,0.0152474950976271,0.164057073949211,"60S ribosomal protein L35a","liver"
"LOC115116511",72.9666499585541,0.20443220125367,0.207444864239339,0.0156613147314094,0.164057073949211,"kelch-like protein 23","liver"
"LOC115102234",65.4824515960026,0.204318519450117,0.282028253470523,0.0152962042883768,0.164057073949211,"NADH dehydrogenase [ubiquinone] 1 beta subcomplex subunit 11, mitochondrial-like","liver"
"LOC115108195",138.193891781901,0.20407665659807,0.0862029270223212,0.00207453304427498,0.0741736551619719,"NADH-quinone oxidoreductase subunit B-like","liver"
"atp5f1a",130.498824204286,0.204021858676945,0.128641361199182,0.00953152081370266,0.136797460692437,"ATP synthase F1 subunit alpha, transcript variant X1","liver"
"LOC115103257",1340.01541601553,0.203163509744167,0.249692236058892,0.016023956954257,0.16619248993779,"40S ribosomal protein S28","liver"
"LOC115128589",108.101344462052,0.202961257621701,0.135207209881729,0.0107605615551964,0.144859769983296,"mediator of RNA polymerase II transcription subunit 10","liver"
"LOC115115330",597.413561816775,0.202929698461533,0.127752690579849,0.00957783357218002,0.136979823298968,"eukaryotic translation initiation factor 3 subunit F-like","liver"
"LOC115133055",121.575352511435,0.201773602300216,0.513261353550516,0.0120045515788703,0.153195161526808,"protein mono-ADP-ribosyltransferase PARP12-like","liver"
"LOC115104993",63.8985372487901,0.200413449988255,0.126457751067008,0.00977410392945379,0.138172094484953,"eukaryotic translation initiation factor 5A-1-like","liver"
"LOC115115514",124.541874450287,0.199939006139452,0.137562059149047,0.0116758213576495,0.151824081054472,"long-chain specific acyl-CoA dehydrogenase, mitochondrial-like","liver"
"LOC115122735",72.5743582095092,0.199297712005779,0.261904891870519,0.0161773759502965,0.166512586801537,"surfeit locus protein 4-like","liver"
"LOC115135886",199.405296909903,0.19894393406905,0.150562966927593,0.0135572109308477,0.157883405011815,"etoposide-induced protein 2.4 homolog, transcript variant X1","liver"
"LOC115117545",71.2890576053139,0.198901608172665,0.149017663315034,0.0133779631274485,0.157883405011815,"zinc finger CCHC-type and RNA-binding motif-containing protein 1-like","liver"
"LOC115126942",885.306737408539,0.198844401594764,0.176233376359958,0.01577781476646,0.164057073949211,"alpha-aspartyl dipeptidase-like, transcript variant X1","liver"
"LOC115113529",177.024077061559,0.198715874749512,0.0950715732646941,0.00407341551819413,0.0963575161217609,"dnaJ homolog subfamily A member 2","liver"
"LOC115142780",91.2365882020642,0.198551086375579,0.126085218530015,0.0101680501098961,0.141450417228452,"MICOS complex subunit mic25a-like, transcript variant X1","liver"
"LOC115102153",286.833553083318,0.197662354012042,0.195694420246089,0.0167416160486004,0.169125591053966,"poly(rC)-binding protein 2-like, transcript variant X3","liver"
"LOC115125694",258.7791966053,0.197610200473385,0.153501755592548,0.0142211944568699,0.16126343215619,"cytochrome b-c1 complex subunit 8-like, transcript variant X1","liver"
"cmc1",177.793907802626,0.197354125514848,0.11605833979828,0.00851252099909598,0.129466550717594,"C-X9-C motif containing 1","liver"
"LOC115122029",79.7929891512178,0.196566568955746,0.406538098747334,0.013487715468088,0.157883405011815,"keratinocyte-associated protein 2-like","liver"
"srprb",123.071704799794,0.196251827532052,0.106321035940517,0.00675510538227814,0.119078066850919,"SRP receptor subunit beta","liver"
"LOC115101316",3101.77392355214,0.195932578813554,0.188022666335945,0.018375762031455,0.176234367153436,"pyruvate carboxylase, mitochondrial-like","liver"
"LOC115147075",1740.86812751107,0.195031055056686,0.227696749371955,0.0175219407890302,0.171935049223734,"40S ribosomal protein S14","liver"
"LOC115128602",882.266058299077,0.194950780476193,0.225613078008511,0.0178788606321226,0.173510085563171,"digestive cysteine proteinase 1-like, transcript variant X2","liver"
"LOC115134246",206.84155048531,0.194947434358698,0.133446434676777,0.012222333399546,0.153330095400931,"electron transfer flavoprotein subunit alpha, mitochondrial-like","liver"
"LOC115125102",117.704189547147,0.19344681850344,0.262936134530162,0.0168787723571439,0.169452896866302,"translation machinery-associated protein 7","liver"
"LOC115116375",137.43483245697,0.193406318521881,0.181769103223525,0.0170820835810859,0.171072660138835,"NADH dehydrogenase [ubiquinone] 1 alpha subcomplex subunit 13-like","liver"
"LOC115109966",231.817797516141,0.192954304459009,0.0930779820435412,0.0045148854434554,0.0984100164038728,"V-type proton ATPase 16 kDa proteolipid subunit-like","liver"
"LOC115113028",245.038601483018,0.192444676672263,0.101461590759787,0.00641095330688988,0.117067626263223,"ribonuclease T2-like, transcript variant X4","liver"
"LOC115119076",88.5615472324174,0.192037271226983,0.244794458039383,0.0175478362308816,0.171935049223734,"mid1-interacting protein 1-B-like","liver"
"LOC115113733",73.4215803260361,0.191858807737297,0.113969941336271,0.00941128568835057,0.136532534842098,"transmembrane protein 9B-like","liver"
"LOC115101415",267.180273372221,0.191755365735102,0.0855971960379062,0.00311784983152572,0.0893500245512373,"pyruvate dehydrogenase E1 component subunit alpha, mitochondrial-like, transcript variant X1","liver"
"LOC115103088",96.7025393264705,0.191580671445775,0.152247863992929,0.0157555521379374,0.164057073949211,"V-type proton ATPase 21 kDa proteolipid subunit","liver"
"LOC115114264",511.126013078322,0.191529521592081,0.114132618457078,0.00941257171016427,0.136532534842098,"stress-associated endoplasmic reticulum protein 1-like","liver"
"LOC115111133",92.8031376893536,0.190926055670069,0.174787945889662,0.0173738140288819,0.171935049223734,"proteasome subunit alpha type-1-like","liver"
"abcc2",2248.66802473973,0.190873825980059,0.0902772703170306,0.00420640231449919,0.0963575161217609,"ATP binding cassette subfamily C member 2","liver"
"LOC115114316",366.708868058081,0.190712959724235,0.096081198541929,0.0054997580150685,0.10829475202618,"ras-related protein Rab-2A-like","liver"
"LOC115114507",83.1715544327755,0.189832112178645,0.106180816115305,0.00799935440956896,0.12637739757133,"proteasome subunit alpha type-7-like","liver"
"aldh7a1",611.437071727558,0.18939333711578,0.212306440933012,0.0187191937289967,0.17744054334742,"aldehyde dehydrogenase 7 family member A1","liver"
"abhd18",113.962383445311,0.189191904045168,0.112729711568588,0.00965218863923959,0.137211097505088,"abhydrolase domain containing 18","liver"
"LOC115132002",1697.48765900131,0.189003992290083,0.217118055617861,0.0184250645733505,0.176292401880227,"60S ribosomal protein L22-like","liver"
"dpp7",153.091402870022,0.188240430779809,0.16903423913119,0.0177253545778731,0.172843409711509,"dipeptidyl peptidase 7","liver"
"LOC115110743",105.113203818963,0.187624146836876,0.0924864898148579,0.00519787929866918,0.104916091990504,"ER membrane protein complex subunit 10-like, transcript variant X1","liver"
"arpc3",103.33441563197,0.187576917153554,0.164294197430773,0.017529191334519,0.171935049223734,"actin related protein 2/3 complex subunit 3","liver"
"LOC115102029",703.97272614252,0.187504292027836,0.128566492905419,0.0134094875054807,0.157883405011815,"60S ribosomal protein L32-like","liver"
"atp5pf",106.54123117697,0.186965529769374,0.14349888552964,0.0157033440517017,0.164057073949211,"ATP synthase peripheral stalk subunit F6, transcript variant X2","liver"
"cdipt",100.864483033387,0.184974964810249,0.138139448396998,0.0155347198687783,0.164057073949211,"CDP-diacylglycerol--inositol 3-phosphatidyltransferase","liver"
"acadm",297.909756512928,0.184708861625281,0.0887516414988821,0.00480944781217855,0.101812332498642,"acyl-CoA dehydrogenase medium chain","liver"
"hmces",70.5926980762126,0.184697326079988,0.179149309675837,0.0189967942268405,0.178002145445062,"5-hydroxymethylcytosine binding, ES cell specific, transcript variant X1","liver"
"LOC115143940",400.663201636143,0.184238126279407,0.182841399734363,0.0192879751675766,0.178602417127693,"26S proteasome regulatory subunit 8-like","liver"
"LOC115112424",1000.21596779796,0.183970612483865,0.181281584890462,0.0193177247916246,0.178602417127693,"60S acidic ribosomal protein P2-like","liver"
"LOC115141465",237.140340345753,0.183940231871505,0.183631935401222,0.0193592485141395,0.178602417127693,"NADPH--cytochrome P450 reductase, transcript variant X2","liver"
"LOC115142016",281.706300195779,0.183813447799172,0.120847936217508,0.0128348443713968,0.155698885886349,"cytochrome c oxidase subunit 6B1-like","liver"
"adipor1",88.3733549462088,0.183313043682828,0.0948752570198813,0.00653336976153102,0.117312842061676,"adiponectin receptor 1, transcript variant X2","liver"
"LOC115129572",76.8395471269883,0.182934240349682,0.14199625882498,0.0168747828809618,0.169452896866302,"protein farnesyltransferase/geranylgeranyltransferase type-1 subunit alpha-like","liver"
"LOC115115624",2648.0414457226,0.182769555666959,0.103452356788836,0.0089192623738322,0.132682165823869,"glutathione peroxidase 3-like","liver"
"LOC115103834",502.018989742158,0.182058660405302,0.340076553168563,0.015369268970041,0.164057073949211,"integral membrane protein GPR155-like, transcript variant X2","liver"
"LOC115109117",362.229105607969,0.18204153340441,0.200816702616015,0.0197918844158931,0.179507590461062,"growth arrest and DNA damage-inducible protein GADD45 beta-like","liver"
"LOC115109228",174.701163388029,0.181146413780054,0.137993276497146,0.0166403138193047,0.168880051263356,"NADH dehydrogenase [ubiquinone] 1 alpha subcomplex subunit 11-like","liver"
"LOC115117293",158.669221810922,0.181031798567862,0.129508534767299,0.0154277851424252,0.164057073949211,"ATP synthase membrane subunit DAPIT, mitochondrial-like","liver"
"LOC115141890",428.429403652077,0.17992350447941,0.150206536953871,0.0186363055266484,0.177115674978197,"glucose-6-phosphate exchanger SLC37A4-like","liver"
"ndufb10",383.752792844991,0.178545503395161,0.120978109677182,0.0144013467381877,0.16126343215619,"NADH:ubiquinone oxidoreductase subunit B10","liver"
"LOC115134231",331.31616901982,0.177716048264155,0.204803284408462,0.0206988318730892,0.182221249923783,"pro-cathepsin H-like, transcript variant X1","liver"
"LOC115125554",1565.01379509135,0.177455899090755,0.232178902070277,0.0199675612839272,0.180302431495568,"60S ribosomal protein L30","liver"
"LOC115136185",163.19622003013,0.177365870792506,0.087799091861915,0.00589034710468465,0.112516378984712,"S-phase kinase-associated protein 1","liver"
"LOC115141382",78.5246150503356,0.176981686564514,0.145679755968129,0.0188831570365982,0.177754614506176,"ER membrane protein complex subunit 2-like","liver"
"LOC115144019",734.941297950166,0.17637844073043,0.20069160993212,0.0220180370810259,0.188884564125092,"arginase-1-like","liver"
"LOC115145370",124.640454772879,0.175837259378713,0.455059064619837,0.0124336466096147,0.15362064340629,"cytochrome P450 2J2-like","liver"
"LOC115110121",105.896804508234,0.175834930947153,0.133858299507922,0.0177184469120447,0.172843409711509,"SUMO-conjugating enzyme UBC9-like, transcript variant X1","liver"
"LOC115101029",228.797914176912,0.17539168401072,0.143714693676253,0.0194114010764396,0.178602417127693,"ras-related protein rab7-like, transcript variant X1","liver"
"btf3",357.806417440062,0.17529892944443,0.110220993719638,0.0128730813662117,0.155699346138513,"basic transcription factor 3, transcript variant X1","liver"
"LOC115123078",63.1006776813269,0.175264919181876,0.129382970922542,0.0173497006867787,0.171935049223734,"protein unc-50 homolog","liver"
"LOC115103691",71.5905443250552,0.174502634347068,0.126183697508846,0.0167631841967131,0.169125591053966,"dynactin subunit 3-like","liver"
"LOC115104581",142.732463533201,0.174227799372725,0.161248007722744,0.021128949370459,0.183628139944543,"NADH dehydrogenase [ubiquinone] 1 beta subcomplex subunit 4-like","liver"
"LOC115104186",136.767314437991,0.172804890492772,0.174785890535765,0.0221007542378071,0.188884564125092,"ubiquitin domain-containing protein UBFD1-like, transcript variant X1","liver"
"LOC115113723",756.362964793955,0.172773183980406,0.175198138854824,0.0218509029008203,0.188695508948609,"40S ribosomal protein S13-like","liver"
"LOC115132748",186.092997663318,0.17273592566757,0.138604571216034,0.0196822629938662,0.179507590461062,"cytochrome c oxidase subunit 6B1-like, transcript variant X2","liver"
"LOC115132221",71.5026139685098,0.171998614501274,0.167963232051359,0.0223671674374324,0.189934530156197,"lysosomal amino acid transporter 1 homolog, transcript variant X1","liver"
"LOC115129540",79765.8844068798,0.171829954196723,0.239310929099035,0.0529406807736711,0.28440666342479,"leukocyte cell-derived chemotaxin-2-like, transcript variant X2","liver"
"LOC115118410",207.011959015391,0.171648620073579,0.108898828623428,0.0138031378818517,0.159951066181795,"succinate dehydrogenase [ubiquinone] flavoprotein subunit, mitochondrial-like","liver"
"LOC115105128",133.605352275077,0.171111345751243,0.20392015872219,0.0222934763951669,0.189703987028602,"cytochrome b5-like","liver"
"LOC115143221",252.338163825975,0.170746842064702,0.134767688915707,0.0197902299986336,0.179507590461062,"succinate dehydrogenase [ubiquinone] iron-sulfur subunit, mitochondrial-like","liver"
"ngdn",149.31254006742,0.170064991003325,0.233241591339916,0.0207995210356294,0.182463925527092,"neuroguidin","liver"
"LOC115129589",1497.05758093396,0.169969253691011,0.229167520780944,0.021037820671434,0.183415687521539,"60S ribosomal protein L39","liver"
"LOC115113788",132.973166321519,0.169641463042397,0.10094355446586,0.0121022674218921,0.153195161526808,"tetraspanin-3-like, transcript variant X1","liver"
"LOC115145367",85.358156623265,0.169386005537778,0.179176668921723,0.0231412081746218,0.192890724989281,"protein mago nashi homolog","liver"
"f9",2950.3494955666,0.168295479657941,0.202221441291011,0.0265723128886994,0.208286052566036,"coagulation factor IX","liver"
"LOC115146256",83.8975168568156,0.168264553473843,0.287393802133528,0.0179597249869216,0.173623010794368,"GTP cyclohydrolase 1 feedback regulatory protein","liver"
"LOC115131835",251.43052530504,0.168214599195109,0.0829144671720722,0.00647315374318233,0.117067626263223,"14-3-3 protein beta/alpha-2-like","liver"
"LOC115136949",278.504266684864,0.168062314276271,0.11728497833108,0.017416375344807,0.171935049223734,"histone H3.3, transcript variant X1","liver"
"LOC115129393",644.718658573397,0.167797595650531,0.143770434748561,0.0221297432727041,0.188884564125092,"60S ribosomal protein L31","liver"
"LOC115133930",70.0544679960374,0.16730205307847,0.14909794967954,0.0226060284500981,0.191166331872614,"rab GDP dissociation inhibitor beta-like","liver"
"LOC115147170",65.1237479423348,0.167028584916825,0.145750153875378,0.0228139120870517,0.191590638895676,"V-type proton ATPase subunit G 1-like","liver"
"LOC115130925",86.9383112920092,0.166654747568089,0.107987994365144,0.0155200280742042,0.164057073949211,"ADP-ribose glycohydrolase MACROD1-like, transcript variant X2","liver"
"LOC115139428",3514.58609033824,0.166544538319946,0.117450885331832,0.0186414682447612,0.177115674978197,"plasminogen-like","liver"
"LOC115128684",454.938970630976,0.166498869352054,0.129021328340145,0.0205177777021977,0.181536707637668,"mitogen-activated protein kinase 15-like, transcript variant X1","liver"
"LOC115108996",134.622218687677,0.166107858285674,0.331587668765901,0.0154887401035742,0.164057073949211,"cytochrome c oxidase subunit 8B, mitochondrial-like","liver"
"LOC115138665",142.847000798923,0.166035036783769,0.129091152434199,0.0206104907161378,0.181836277400385,"gem-associated protein 2-like","liver"
"LOC115129749",224.614179341732,0.165751894181973,0.161245446823431,0.0240413913936785,0.196772512692035,"26S proteasome non-ATPase regulatory subunit 14","liver"
"LOC115101422",350.413226536381,0.165346067419066,0.192198571823401,0.0238638873753045,0.196107268027704,"cystatin-B-like","liver"
"LOC115123309",139.920766314597,0.164542709319254,0.248445852977934,0.0203535403856204,0.181137621423119,"transcription factor jun-B-like, transcript variant X2","liver"
"LOC115102048",63.9381837935589,0.16441662552176,0.139312007207679,0.0230561258836746,0.1925753465202,"MAP kinase-activated protein kinase 2-like, transcript variant X2","liver"
"LOC115137281",147.673427738365,0.163800517352168,0.144025237062486,0.0235581475662176,0.195168718455087,"ribosomal protein S6 kinase beta-2-like, transcript variant X2","liver"
"LOC115108458",2502.33602330323,0.163665537403334,0.186881282035991,0.0242451420479881,0.197327176492943,"kininogen-1-like","liver"
"LOC115125292",118.424790610711,0.16348339608149,0.101071624793972,0.0144856732297073,0.161321322634664,"membrane magnesium transporter 1-like","liver"
"LOC115110394",1764.86329997426,0.163348801714292,0.198935155727365,0.023690176132615,0.19546793100514,"60S ribosomal protein L23","liver"
"LOC115121769",419.283158747323,0.162436625063133,0.143661967671702,0.0243181570628625,0.197451809139896,"proteasomal ubiquitin receptor ADRM1-like","liver"
"LOC115131616",125.797308048914,0.161986503773677,0.154840903993249,0.0250775497957059,0.200817471448522,"proteasome subunit beta type-8-like","liver"
"LOC115123117",128.074863955727,0.161979178883602,0.263190382160974,0.0197209659924081,0.179507590461062,"nucleus accumbens-associated protein 2-like, transcript variant X1","liver"
"polr2c",118.193985390716,0.160955176608013,0.113804862420842,0.0196499327660842,0.179507590461062,"RNA polymerase II subunit C","liver"
"LOC115109873",58.1795327786791,0.160502541665878,0.168673807554579,0.025951059277791,0.205391296342284,"proteasome assembly chaperone 3-like, transcript variant X1","liver"
"LOC115125163",288.285072908948,0.16048196944521,0.11813723633537,0.0208606941353349,0.182463925527092,"NADH dehydrogenase [ubiquinone] 1 subunit C2-like","liver"
"LOC115136485",804.84490438989,0.159803920159301,0.101654880638742,0.0161594655078886,0.166512586801537,"cytochrome c oxidase subunit 7B, mitochondrial-like","liver"
"LOC115105494",601.982487374942,0.159342677030734,0.10108190616527,0.0162459532529183,0.166797242969508,"cytochrome c oxidase subunit 7B, mitochondrial-like","liver"
"LOC115138224",802.060828402074,0.159147134707448,0.161434491918123,0.0264491983191251,0.20812149102076,"60S ribosomal protein L34","liver"
"LOC115143718",70.029039110651,0.158687331770368,0.107943724021004,0.0188210270319817,0.177754614506176,"elongation factor Ts, mitochondrial","liver"
"LOC115134506",100.353299163596,0.158593727104152,0.140590442278823,0.0255389713064012,0.203712029442058,"proteasome subunit alpha type-1","liver"
"LOC115130600",57.3246507210754,0.158508341216544,0.108119264874965,0.0189299318461097,0.177784336877288,"ubiquitin-conjugating enzyme E2 D2-like, transcript variant X1","liver"
"LOC115135638",58.7710811222779,0.158437709121552,0.209783295564585,0.0245061409508157,0.198335606979539,"peroxiredoxin-5, mitochondrial-like","liver"
"LOC115109070",164.813509696957,0.158280265414069,0.118893725676852,0.0221508394631486,0.188884564125092,"cytochrome b-c1 complex subunit 6, mitochondrial-like","liver"
"LOC115143262",1724.41890778826,0.157837063254043,0.170302088842752,0.0279594228406536,0.213911449817034,"60S ribosomal protein L22","liver"
"LOC115145997",332.2129250835,0.157371925917731,0.11930372536981,0.0224716321962249,0.19042489154223,"proteasome subunit alpha type-3-like","liver"
"LOC115101374",377.546795238457,0.15734136091408,0.150496863771233,0.0266565163169987,0.208382835814177,"proteasome subunit beta type-6-like, transcript variant X1","liver"
"LOC115109216",70.4124732438967,0.157220989553773,0.108947244077082,0.0197053354278686,0.179507590461062,"ras-related protein Rab-8A-like","liver"
"LOC115120519",79.9140684315119,0.157001515915315,0.106805333776247,0.0193377166807305,0.178602417127693,"tetraspanin-3-like","liver"
"LOC115112212",109.19095383648,0.156930743252161,0.101769284602801,0.0173807215354468,0.171935049223734,"BTB/POZ domain-containing protein 10-like","liver"
"LOC115112201",113.816714792806,0.156818142869531,0.164441569507729,0.0272160088261084,0.211299908524224,"cytochrome c oxidase subunit 5A, mitochondrial-like","liver"
"gnptg",148.526674748847,0.156092294800351,0.107398196020316,0.0199942833748765,0.180302431495568,"N-acetylglucosamine-1-phosphate transferase subunit gamma","liver"
"LOC115138938",552.094621128643,0.155745919633283,0.130714806726408,0.0256937769217411,0.203935293286921,"60S ribosomal protein L22-like","liver"
"LOC115105834",103.661138451277,0.15570027463664,0.116648925372768,0.0227691443889019,0.191590638895676,"prostaglandin reductase 3-like","liver"
"ndufa7",148.263812440142,0.155462087359886,0.132564473137699,0.0260570576104009,0.205432430986449,"NADH:ubiquinone oxidoreductase subunit A7","liver"
"LOC115145401",94.9985280003394,0.154589371178709,0.104682013004562,0.0198180607721977,0.179507590461062,"GDP-L-fucose synthase-like","liver"
"LOC115130871",1118.23390017497,0.153878194003373,0.156656464114066,0.0284222037880577,0.215332532788333,"60S ribosomal protein L36a-like, transcript variant X2","liver"
"LOC115113710",1090.54027451744,0.153671019307291,0.178291063030869,0.0282779103490912,0.215038736162119,"60S acidic ribosomal protein P2-like, transcript variant X1","liver"
"LOC115129300",72.1028959004244,0.15348244642746,0.106834488454843,0.0210595048479097,0.183415687521539,"stress-70 protein, mitochondrial-like","liver"
"mrps21",74.8194570734356,0.15283541378979,0.115338549129104,0.0241081808043681,0.196923737391993,"mitochondrial ribosomal protein S21","liver"
"LOC115123534",272.233265152407,0.152070840467558,0.147294172828605,0.0289108469681525,0.216477145441392,"proteasome maturation protein-like","liver"
"LOC115134567",140.911997341219,0.152061199311621,0.0903931739593428,0.0152476540826919,0.164057073949211,"sorting nexin-1-like, transcript variant X2","liver"
"LOC115147094",116.93294332928,0.151956897030338,0.0974403951642498,0.0183084883184437,0.176003298080133,"protein SET-like","liver"
"aco1",722.542964760854,0.151495610807627,0.0861191904271573,0.0134523136793247,0.157883405011815,"aconitase 1, transcript variant X1","liver"
"LOC115106315",106.356841354029,0.151232143583105,0.139162680276317,0.029161295524615,0.216900438975056,"histone H3.3","liver"
"oser1",98.5605610748005,0.150579363840808,0.0970265596325701,0.0190862070659371,0.178429770643944,"oxidative stress responsive serine rich 1, transcript variant X2","liver"
"LOC115107579",84.4850618697084,0.150567627470743,0.293742710970132,0.0164817996668793,0.1679495386055,"zinc transporter 1-like","liver"
"gnmt",1220.47627713896,0.149369529471622,0.142902818349749,0.030104994218904,0.218899134271184,"glycine N-methyltransferase","liver"
"LOC115128587",212.291977820822,0.149065617517647,0.120821968590302,0.0274885296958564,0.211651140154003,"NADH dehydrogenase [ubiquinone] iron-sulfur protein 6, mitochondrial-like","liver"
"LOC115109805",99.1304798278701,0.148824096874664,0.104310542718122,0.0228912269730604,0.191590638895676,"NADH dehydrogenase [ubiquinone] 1 alpha subcomplex subunit 10, mitochondrial-like","liver"
"mpdu1",80.4450563953042,0.148485024553742,0.101584814485468,0.0220732052728056,0.188884564125092,"mannose-P-dolichol utilization defect 1","liver"
"LOC115113392",168.095911950705,0.148365077657838,0.0941541480293297,0.0188694699761047,0.177754614506176,"ATP-dependent RNA helicase DDX3X-like, transcript variant X1","liver"
"LOC115139920",60.8055225999045,0.148314090850586,0.114434589279463,0.0267380331528004,0.208382835814177,"serine/threonine-protein phosphatase PP1-gamma catalytic subunit-like","liver"
"LOC115104268",128.508751713256,0.147765671136802,0.133985562388481,0.0304706392227519,0.219820045083074,"RING-box protein 1","liver"
"ppib",695.686723511688,0.147692791671382,0.240319683411667,0.0233414657378467,0.193767442662858,"peptidylprolyl isomerase B","liver"
"LOC115103078",86.3489605608005,0.147644526214625,0.164082163561717,0.0307559601355257,0.220706502662681,"target of EGR1 protein 1-like","liver"
"LOC115109223",118.361664522266,0.147284980870893,0.125620002625901,0.0300539908960847,0.218899134271184,"cystinosin-like","liver"
"LOC115107973",1692.37611843051,0.14727182945019,0.181135048083076,0.0299758852128138,0.218899134271184,"ubiquitin-like protein FUBI","liver"
"LOC115102385",66.0562323082699,0.146931796911877,0.114178149824841,0.0275208793625175,0.211651140154003,"YTH domain-containing family protein 1-like, transcript variant X1","liver"
"LOC115119189",65.2101358426456,0.146600670134939,0.104746545789906,0.0245243243173914,0.198335606979539,"ras-related protein Rab-18-B-like","liver"
"LOC115134348",65.7932323317372,0.146383531811326,0.125431919720324,0.030456515336112,0.219820045083074,"reticulophagy regulator 2-like, transcript variant X2","liver"
"LOC115113147",1273.93805594744,0.146376550039072,0.137955928447066,0.0314761324743661,0.223513442448635,"ubiquitin-40S ribosomal protein S27a-like","liver"
"LOC115133021",139.401576452339,0.146202802640104,0.154856363091498,0.0319457268030899,0.225278170327672,"methionine aminopeptidase 2-like, transcript variant X1","liver"
"LOC115143241",77.0054192778495,0.145759049237749,0.118257102460348,0.0292198246062939,0.216939899991355,"small nuclear ribonucleoprotein E","liver"
"LOC115143303",369.543879828963,0.145010337653127,0.122919050838155,0.0301281683822705,0.218899134271184,"signal peptidase complex subunit 1-like","liver"
"LOC115108147",95.8002104956528,0.144964084906161,0.159808075357454,0.0321196699393886,0.225723749436117,"thimet oligopeptidase-like","liver"
"LOC115143933",161.419981179642,0.144829324540644,0.124471997962159,0.030988121023821,0.221592247882622,"V-type proton ATPase 16 kDa proteolipid subunit-like","liver"
"LOC115119420",387.170783577238,0.144156423405419,0.170973102002441,0.0315371357378346,0.223557156986806,"protein disulfide-isomerase A3-like","liver"
"LOC115117576",637.691112906752,0.144059950977739,0.172973878541632,0.0311948157295468,0.222679630321599,"60S ribosomal protein L18","liver"
"LOC115109114",62.0571339285538,0.143883383184185,0.1704533755909,0.0322129110510818,0.225797917883627,"thimet oligopeptidase-like","liver"
"LOC115145480",388.317758752343,0.143384336657245,0.183511303857289,0.033457762854844,0.229611277294517,"dolichyl-diphosphooligosaccharide--protein glycosyltransferase subunit DAD1-like","liver"
"LOC115109330",1243.64247904743,0.143312115934711,0.11326751206083,0.0286809450923739,0.21568917379431,"aldose reductase-related protein 2-like, transcript variant X2","liver"
"LOC115140026",157.491793646678,0.143230634538983,0.143617278112618,0.0336368365916968,0.229654515825387,"ras-related protein rab7-like","liver"
"LOC115137972",377.972464116688,0.143064740212534,0.11387495283883,0.0297371831461846,0.218899134271184,"dehydrogenase/reductase SDR family member 4-like, transcript variant X2","liver"
"LOC115140813",204.527409979748,0.142823261364226,0.113318353131648,0.029879786662525,0.218899134271184,"platelet-activating factor acetylhydrolase IB subunit gamma-like, transcript variant X4","liver"
"LOC115146358",96.8004610970163,0.142761543229249,0.122822893509925,0.0320296498617353,0.225479884000748,"cell cycle control protein 50A-like","liver"
"LOC115103228",78.0852716064719,0.142672946668116,0.13130830895787,0.0329928399541429,0.229095086291459,"tropomyosin alpha-3 chain-like, transcript variant X2","liver"
"LOC115141381",239.809374333948,0.142103567639504,0.0728356302681762,0.0107437578959426,0.144859769983296,"eukaryotic translation initiation factor 3 subunit E","liver"
"LOC115129673",102.047379955949,0.141979653167364,0.216450039852103,0.311163404606376,0.601817480450145,"signal transducer and activator of transcription 1-alpha/beta-like, transcript variant X1","liver"
"LOC115112381",119.968667004739,0.14123373301002,0.165243199010454,0.0326403582121815,0.227422393286926,"transcription factor 25-like","liver"
"LOC115105321",109.309995295942,0.141108409550087,0.139949934314769,0.0344876536792089,0.233098244761177,"glucose-6-phosphate exchanger SLC37A2-like, transcript variant X2","liver"
"LOC115107950",83.4910414808796,0.140996576626704,0.166501572409664,0.0333309416499352,0.229611277294517,"platelet-activating factor acetylhydrolase-like, transcript variant X1","liver"
"LOC115135980",137.795367962359,0.140960871820378,0.135449446384919,0.0346471928256518,0.233239519670034,"rho-related GTP-binding protein RhoA-D","liver"
"stx17",231.08637222846,0.140072046005048,0.168406714843228,0.0335741710666174,0.229611277294517,"syntaxin 17, transcript variant X4","liver"
"LOC115140246",58.9817356138505,0.139082673556694,0.124582313707564,0.0351835996691401,0.234579746776844,"erlin-2, transcript variant X2","liver"
"LOC115126919",69.6909229586924,0.13872359955591,0.104299234829215,0.0299924186227742,0.218899134271184,"ubiquitin-conjugating enzyme E2 A-like, transcript variant X2","liver"
"atg3",79.0803218732041,0.138240961038315,0.097060519282713,0.0270510661227551,0.210420125031202,"autophagy related 3, transcript variant X1","liver"
"LOC115139684",74.2294812227071,0.138146985624779,0.175454974383012,0.0327325243978959,0.227675374480928,"rho-related GTP-binding protein RhoB","liver"
"LOC115142802",606.252002281741,0.138085734171042,0.146448050424168,0.0362522863574994,0.236541417772181,"thioredoxin reductase 1, cytoplasmic-like","liver"
"LOC115143997",65.3393621687454,0.137922581877076,0.109138886102544,0.0324483339122534,0.226571087159677,"COP9 signalosome complex subunit 3-like","liver"
"proc",2951.19627057297,0.137825333765894,0.176063127221214,0.0344532492910063,0.233098244761177,"protein C, inactivator of coagulation factors Va and VIIIa","liver"
"LOC115122632",86.8574471917594,0.137810826950904,0.121920212082915,0.0352228120202514,0.234579746776844,"transmembrane 9 superfamily member 4-like","liver"
"LOC115103921",93.9088986526279,0.137307607617561,0.162420169194025,0.0353201435479048,0.234579746776844,"mitochondrial import receptor subunit TOM20 homolog","liver"
"LOC115104324",300.08546681155,0.13703579597116,0.183488093580545,0.0314317414881094,0.223513442448635,"eukaryotic translation initiation factor 3 subunit D, transcript variant X1","liver"
"LOC115118543",106.794334858086,0.136838140869837,0.100042788507382,0.0295019660845792,0.2186363886559,"ER membrane protein complex subunit 10-like, transcript variant X1","liver"
"LOC115105710",112.715645587665,0.136804414079267,0.122264004328378,0.036270457828168,0.236541417772181,"succinate dehydrogenase assembly factor 1, mitochondrial-like, transcript variant X1","liver"
"LOC115112296",111.41989917082,0.136279200018754,0.134605814687569,0.0371630757799872,0.238699977715578,"tumor necrosis factor receptor type 1-associated DEATH domain protein-like","liver"
"LOC115135463",133.373861103397,0.135692436080244,0.255105745210809,0.0171890321725007,0.171721801801747,"dnaJ homolog subfamily C member 16-like","liver"
"LOC115129554",278.053694681478,0.13567321686928,0.09827532600482,0.0297733090955678,0.218899134271184,"electron transfer flavoprotein-ubiquinone oxidoreductase, mitochondrial-like","liver"
"LOC115132820",24793.7875872474,0.135247109281232,0.17636731819093,0.0332530925242486,0.229611277294517,"cathepsin K-like","liver"
"tmem18",72.0040274847694,0.134877030821766,0.162096724496163,0.0358549787598763,0.236098373869557,"transmembrane protein 18, transcript variant X1","liver"
"LOC115145368",141.048718448472,0.134715753564083,0.114965834204525,0.0363689379182878,0.236804777883292,"non-specific lipid-transfer protein-like, transcript variant X2","liver"
"LOC115113577",60.1644153341014,0.134327032524811,0.112396017848881,0.0360301289572793,0.236107404549631,"trafficking protein particle complex subunit 2-like protein","liver"
"LOC115140993",194.388316819064,0.134146972764005,0.18825287967002,0.0306291261516756,0.220446979380943,"T-complex protein 1 subunit gamma-like","liver"
"LOC115131685",550.960139459047,0.13406318157547,0.215529042929447,0.0248395519714334,0.199696279754561,"elongation factor 1-alpha-like","liver"
"LOC115141328",122.476181645535,0.133912464293955,0.133200487432875,0.0394405582467518,0.246919597587044,"peroxisomal targeting signal 1 receptor-like, transcript variant X1","liver"
"LOC115128493",159.376965607875,0.13356177938071,0.222864438829814,0.0239580796735935,0.196485176558485,"thioredoxin-interacting protein-like","liver"
"LOC115138515",135.271743221054,0.133529853876278,0.105359063215501,0.0345415455926769,0.233098244761177,"transmembrane emp24 domain-containing protein 10-like","liver"
"LOC115140780",87.5717418790297,0.132914193288728,0.107058495523652,0.0353365958098582,0.234579746776844,"cell division control protein 42 homolog","liver"
"LOC115101435",77.8411429386081,0.132762094472713,0.123544587674075,0.0394539677324751,0.246919597587044,"ubiquitin-conjugating enzyme E2 D2","liver"
"LOC115129686",151.911631260517,0.132686953465613,0.140231061363397,0.039344390763038,0.246919597587044,"ras-related protein M-Ras-like","liver"
"LOC115107931",79.0320374157429,0.131943067539658,0.0818925206397359,0.0232786751656761,0.193640571378154,"AN1-type zinc finger protein 3-like, transcript variant X1","liver"
"LOC115144749",155.652018103622,0.131505066471742,0.117336603042892,0.0398408958127054,0.247171219684303,"proteasome subunit alpha type-1-like","liver"
"LOC115107584",95.396415438412,0.13130988565858,0.0915409452860311,0.0298716381181785,0.218899134271184,"serine/threonine-protein phosphatase 2A 56 kDa regulatory subunit alpha isoform-like","liver"
"LOC115101315",97.4486010638372,0.130886809287179,0.112208787155292,0.0394302287863999,0.246919597587044,"calmodulin","liver"
"LOC115129784",57.9982386084052,0.130754218552322,0.141594581444391,0.040699609964616,0.250591556217182,"small ubiquitin-related modifier 3","liver"
"fmc1",132.975264552842,0.130691381029324,0.105954436422397,0.0373093194712521,0.238699977715578,"formation of mitochondrial complex V assembly factor 1 homolog","liver"
"LOC115140185",1843.60103921301,0.130464278608218,0.172469271933445,0.0334660520770949,0.229611277294517,"60S ribosomal protein L6-like","liver"
"LOC115103662",79.6363482039039,0.130388145054723,0.128392602520393,0.0421674198650549,0.25462874573328,"putative RNA-binding protein Luc7-like 2","liver"
"LOC115107013",86.582830567859,0.129830940022684,0.11061644550751,0.0396388403201159,0.246919597587044,"optineurin-like, transcript variant X1","liver"
"LOC115130168",79.3505986534603,0.12979349392195,0.212740880107973,0.0242543953442013,0.197327176492943,"gamma-glutamyl hydrolase-like, transcript variant X1","liver"
"LOC115112549",187.241733857446,0.129728757266649,0.102334618831592,0.037103971450101,0.238699977715578,"ATP synthase subunit O, mitochondrial-like","liver"
"LOC115139990",87.4938978414538,0.129645540514979,0.0966476236173932,0.0344017331319604,0.233098244761177,"transmembrane protein 127-like, transcript variant X1","liver"
"LOC115108391",67.0449532612246,0.129564983054347,0.123157334075708,0.0424541657060622,0.255531607277258,"oxysterol-binding protein-related protein 1-like, transcript variant X1","liver"
"LOC115111574",62.1995203002675,0.128939523358948,0.163873835333445,0.0376080289825296,0.239516134582486,"ectonucleoside triphosphate diphosphohydrolase 4-like, transcript variant X1","liver"
"LOC115125732",191.01303253316,0.128912714524336,0.105028443540019,0.0389550676072479,0.245790798091552,"actin-related protein 2/3 complex subunit 3-B-like","liver"
"LOC115113514",69.9727339158068,0.128906179321473,0.104674677999792,0.0387519685579793,0.245268670562614,"cytoplasmic dynein 1 light intermediate chain 2-like, transcript variant X2","liver"
"LOC115113310",1024.9593763596,0.128865464212402,0.146522674406709,0.0448438333456926,0.261970873001287,"60S ribosomal protein L24","liver"
"LOC115135361",178.492791825815,0.128389390952918,0.113192559452919,0.0417057265522567,0.253610698023486,"erlin-1-like","liver"
"LOC115144689",76.8892778779423,0.128198203502207,0.101954908952843,0.0383708343166953,0.243612960552726,"cytochrome c oxidase subunit 5A, mitochondrial-like","liver"
"lg27h9orf64",78.248513654013,0.12767369949735,0.166111162657726,0.0373545727902313,0.238699977715578,"linkage group 27 C9orf64 homolog","liver"
"LOC115134984",1404.71590995898,0.127624010226656,0.138695494901763,0.044133764261474,0.261166487020082,"40S ribosomal protein S24, transcript variant X3","liver"
"LOC115104164",124.925503953164,0.127569702952492,0.140536755933441,0.0424883513682674,0.255531607277258,"beta-1,3-N-acetylglucosaminyltransferase lunatic fringe-like","liver"
"LOC115112862",1110.91136673418,0.127373535201479,0.154250510373561,0.0406163964596496,0.250591556217182,"60S ribosomal protein L38","liver"
"ndufs4",302.89205890551,0.12715976812289,0.122000907450401,0.0444758273889294,0.261970873001287,"NADH:ubiquinone oxidoreductase subunit S4","liver"
"LOC115143728",125.065329928987,0.127042636858004,0.117423888882332,0.0438725550482639,0.260297721072378,"28S ribosomal protein S16, mitochondrial-like","liver"
"sdf4",157.550027406414,0.126709760735078,0.154921557709311,0.0406862379340382,0.250591556217182,"stromal cell derived factor 4","liver"
"LOC115102501",99.4895868309557,0.126337739176382,0.110735672894434,0.0436129807478255,0.25951315259582,"V-type proton ATPase subunit S1-like","liver"
"LOC115114283",105.822639757226,0.126188068152554,0.136412150937726,0.0445854324215889,0.261970873001287,"cyclic AMP-dependent transcription factor ATF-6 alpha-like, transcript variant X4","liver"
"LOC115144273",2470.67819848893,0.126027185138387,0.16190385678507,0.0396521344585589,0.246919597587044,"60S ribosomal protein L38-like, transcript variant X2","liver"
"LOC115107684",93.8100935912072,0.125367522184114,0.0986746296378673,0.04004172330398,0.248039611226478,"m-AAA protease-interacting protein 1, mitochondrial-like","liver"
"nudt12",141.613405956942,0.125152082761835,0.121813175758706,0.0454090796693177,0.262535331534949,"nudix hydrolase 12, transcript variant X2","liver"
"LOC115128392",177.07678798933,0.125013287351634,0.0981597479144131,0.0398263211614108,0.247171219684303,"ATP synthase subunit O, mitochondrial-like","liver"
"LOC115126080",680.894931611843,0.124791985843513,0.158102102352459,0.0409730666144685,0.251515390844237,"glutathione S-transferase A-like","liver"
"LOC115130603",120.686463966486,0.12458723499823,0.173151259923424,0.0359634552911683,0.236107404549631,"tubulin beta-4B chain-like","liver"
"LOC115117204",276.618313559365,0.124291416668616,0.0956542850444951,0.0396791796907542,0.246919597587044,"protein SREK1IP1-like","liver"
"LOC115140965",169.260189971169,0.123990827210451,0.0886789547185889,0.0357464236204514,0.236098373869557,"tetraspanin-31-like","liver"
"LOC115143888",251.262759210741,0.123825546196012,0.119791229121104,0.0471874127661586,0.270134683195032,"26S proteasome non-ATPase regulatory subunit 11B-like","liver"
"kiaa1143",67.4765570664368,0.123695065226074,0.112097546596721,0.0461108497568765,0.265225701793456,"KIAA1143 ortholog","liver"
"mrps30",61.4409153947836,0.123678690547777,0.173775245565145,0.0352118787266826,0.234579746776844,"mitochondrial ribosomal protein S30","liver"
"tmem120a",110.090580201521,0.12312533776807,0.134342258747536,0.0477595043307754,0.271503123643293,"transmembrane protein 120A","liver"
"LOC115107535",2862.4172705146,0.122969123783971,0.234286040737824,0.0146932915506403,0.162303133768049,"complement C1q-like protein 4, transcript variant X2","liver"
"msmb",8606.03818048327,0.122921256580896,0.211117690611513,0.0216793454714868,0.187611490746879,"microseminoprotein beta","liver"
"LOC115129236",58.687377884551,0.122262916193651,0.119947779905239,0.0487029396520271,0.27456871648916,"calcium-binding protein 39-like, transcript variant X1","liver"
"LOC115105717",70.9248113841685,0.122212398500655,0.10406504031889,0.0461165054989657,0.265225701793456,"ras-related GTP-binding protein A, transcript variant X1","liver"
"LOC115134202",69.8219524344388,0.122090785738635,0.129068537990951,0.0489172942645822,0.27463759149096,"calumenin-B-like, transcript variant X2","liver"
"LOC115112665",367.469194183048,0.12162076531659,0.119499638723878,0.0495372700432806,0.275838678547011,"uncharacterized LOC115112665, transcript variant X2","liver"
"rfk",99.1694946300444,0.121525879266469,0.0871708076152449,0.0372765725636213,0.238699977715578,"riboflavin kinase, transcript variant X1","liver"
"rpe",58.6823410954787,0.121331440437214,0.148556333138001,0.0448385259609402,0.261970873001287,"ribulose-5-phosphate-3-epimerase","liver"
"LOC115103339",862.264413723567,0.121205961669346,0.12027471364336,0.0499830417523167,0.277924392655638,"translocation protein SEC62-like, transcript variant X2","liver"
"LOC115143168",168.681748099668,0.120966234933227,0.105850410433945,0.0475057428992455,0.27081595532493,"5'-AMP-activated protein kinase subunit gamma-1-like","liver"
"LOC115129765",871.645838859351,0.120470949809226,0.138123566355864,0.0488961770609264,0.27463759149096,"ATP synthase subunit beta, mitochondrial","liver"
"LOC115118723",127.220982394907,0.120215903694714,0.11228740197785,0.0504992288343947,0.279666924903523,"eukaryotic translation initiation factor 3 subunit J-A-like","liver"
"LOC115135455",1495.25607892271,0.11966603853725,0.140456702326944,0.051861633636682,0.283191413425724,"cytidine deaminase-like","liver"
"LOC115138261",164.986227559034,0.119301276157832,0.126627875387864,0.0519693761635037,0.283191413425724,"26S proteasome non-ATPase regulatory subunit 6","liver"
"LOC115116444",625.539889147832,0.118830141911273,0.115933902416897,0.0527057808036264,0.28440666342479,"proteasome subunit alpha type-4-like","liver"
"LOC115104181",116.429400761166,0.11824840501576,0.104591778727615,0.0508813703269874,0.280793611630819,"lipopolysaccharide-induced tumor necrosis factor-alpha factor homolog, transcript variant X1","liver"
"LOC115136651",156.614730291269,0.118199214026322,0.218517633511828,0.0155981395439799,0.164057073949211,"tsukushin-like, transcript variant X3","liver"
"LOC115112206",58.1260815547113,0.117831938737916,0.16951268107409,0.0366980885552001,0.237054530825667,"cytochrome c oxidase copper chaperone-like","liver"
"LOC115105170",217.888067132129,0.117696610973086,0.0742784868180289,0.0306657108216376,0.220446979380943,"myosin regulatory light polypeptide 9-like","liver"
"LOC115121065",1353.12745824996,0.117515103147638,0.110596806436629,0.0531866651079435,0.28440666342479,"60S ribosomal protein L27","liver"
"LOC115103199",112.547637485203,0.117504403400096,0.132993644807555,0.0515910680598184,0.283021794632328,"uncharacterized LOC115103199","liver"
"LOC115132410",99.2906584590323,0.117366439925264,0.106825761987505,0.0523626456584547,0.284120957496779,"C4b-binding protein alpha chain-like, transcript variant X2","liver"
"LOC115111419",1488.34636471504,0.117339304767399,0.0923053767917982,0.046635363635839,0.267726397436169,"lipocalin-like, transcript variant X2","liver"
"LOC115122847",140.736329114118,0.116740058506223,0.0954582669608258,0.0488673907863962,0.27463759149096,"rab GDP dissociation inhibitor beta-like","liver"
"LOC115108626",78.2793067935792,0.116702008601944,0.107441467270984,0.0536550473106299,0.285879703056376,"protein mago nashi homolog","liver"
"LOC115132130",324.765913462177,0.116539314647239,0.100241421904934,0.0516959581653163,0.283191413425724,"syntenin-1-like","liver"
"LOC115107550",2511.28756650074,0.116514499458883,0.108881443560547,0.0545130012328421,0.287001509588736,"leucine-rich alpha-2-glycoprotein-like","liver"
"LOC115102094",216.099175458322,0.116483296552994,0.107193065527134,0.0524830456852565,0.284120957496779,"phospholemman-like, transcript variant X2","liver"
"LOC115102708",150.527065802286,0.116468130788116,0.102542172547645,0.0525581947871862,0.284120957496779,"TAR DNA-binding protein 43-like","liver"
"psmg1",78.7690508271324,0.11619983506196,0.167791410998914,0.0369490038927604,0.238297689662803,"proteasome assembly chaperone 1, transcript variant X2","liver"
"LOC115101312",952.976781727732,0.116082959400727,0.0929167756319527,0.0492684200213966,0.275151680148981,"cofilin-2-like","liver"
"LOC115107347",371.175123412961,0.115963219943277,0.13980041173805,0.0519168347139797,0.283191413425724,"40S ribosomal protein S29","liver"
"LOC115144743",394.228749801123,0.115681117649182,0.142697556577097,0.0500482100611478,0.277924392655638,"60S ribosomal protein L27a-like","liver"
"LOC115112457",81.2420186916644,0.115668307600291,0.127180979959404,0.0545626255321003,0.287001509588736,"importin-7","liver"
"LOC115146517",1471.54330376048,0.115640844117822,0.138091712104788,0.0549494851170632,0.288254956675868,"60S ribosomal protein L13a","liver"
"LOC115146233",224.027667045909,0.115598589928433,0.156362011949082,0.0438189561191787,0.260297721072378,"dihydrolipoyllysine-residue succinyltransferase component of 2-oxoglutarate dehydrogenase complex, mitochondrial-like, transcript variant X1","liver"
"LOC115118419",276.557272748153,0.114883914867784,0.102116126989982,0.054486526164199,0.287001509588736,"serine/threonine-protein phosphatase 2A catalytic subunit beta isoform","liver"
"LOC115103775",213.16083133671,0.114835039616417,0.107380552857398,0.0558217088447117,0.289477462151457,"proteasome subunit beta type-3","liver"
"LOC115131937",73.666266145217,0.114625819962804,0.0957810291372608,0.0521441423732085,0.283386032417597,"PRELI domain containing protein 3B-like, transcript variant X2","liver"
"LOC115137968",116.940722846393,0.114457244175745,0.120506682772609,0.0565262883163848,0.291717484848935,"protein transport protein Sec61 subunit alpha","liver"
"itm2b",157.034203494152,0.114334143881675,0.113783256088501,0.0572253978132862,0.293028544581601,"integral membrane protein 2B","liver"
"LOC115127823",134.597636934111,0.113821101485765,0.0992265063316195,0.0551512271502588,0.288570477361303,"protein strawberry notch homolog 1-like, transcript variant X3","liver"
"LOC115116342",159.897598194438,0.113818962612105,0.12192303588722,0.0582887588767353,0.294770448116096,"high mobility group-T protein-like","liver"
"LOC115146294",85.2068706950803,0.113788308756452,0.0997633242446202,0.0555280433460949,0.28905786038146,"BSD domain-containing protein 1-like","liver"
"LOC115121374",94.1713062806575,0.113612291782816,0.13360289164079,0.0540999667741612,0.286514561702219,"oxidation resistance protein 1-like, transcript variant X1","liver"
"LOC115112085",925.968771973068,0.11308827916338,0.117703240283847,0.0578162601573367,0.294660212954273,"26S proteasome regulatory subunit 6A-B, transcript variant X1","liver"
"LOC115122746",58.2660206834732,0.112914213303079,0.104174897687644,0.0582707141273815,0.294770448116096,"golgin subfamily A member 2-like, transcript variant X1","liver"
"dnajc22",211.599257734641,0.112860669575373,0.0663172230974262,0.0274513251529899,0.211651140154003,"DnaJ heat shock protein family (Hsp40) member C22, transcript variant X1","liver"
"rab13",74.672977665242,0.112717407917425,0.105417588759615,0.0582525578718635,0.294770448116096,"RAB13, member RAS oncogene family","liver"
"LOC115107721",312.780397813226,0.112346539577373,0.105143935079432,0.05890030365788,0.295850055426932,"serine incorporator 1-like","liver"
"LOC115132401",134.552726141412,0.112326166805445,0.0887514302943877,0.0512448798314242,0.281629058451218,"DAZ-associated protein 2-like","liver"
"LOC115122485",249.663635957951,0.112299772619494,0.150076568047829,0.0474088466299119,0.27081595532493,"eukaryotic translation initiation factor 3 subunit D-like, transcript variant X2","liver"
"LOC115102203",75.1168947660982,0.112064930971876,0.0910440257887151,0.0533088054113198,0.28440666342479,"protein RCC2 homolog, transcript variant X1","liver"
"LOC115112425",2541.17016693705,0.111717973427158,0.157040090875944,0.0429814289278647,0.257257421894239,"ferritin, heavy subunit","liver"
"LOC115122032",146.835619309866,0.111341946661792,0.201795170938689,0.0162893474413357,0.166822563243428,"protein S100-A1-like","liver"
"LOC115113080",2366.22945206013,0.111151418479868,0.132192276161222,0.0650286450493833,0.310833883962236,"S-adenosylmethionine synthase-like","liver"
"LOC115116664",140.32036487725,0.111128923651957,0.104307570649874,0.0600377239881931,0.300262285859969,"coatomer subunit beta, transcript variant X2","liver"
"hgd",1203.26756714114,0.110976021667318,0.120844419494333,0.0630069258522561,0.307196447097842,"homogentisate 1,2-dioxygenase","liver"
"LOC115109260",348.511301951405,0.110878251467718,0.148405718145348,0.0474747477815688,0.27081595532493,"ATP synthase subunit delta, mitochondrial-like, transcript variant X1","liver"
"LOC115130378",60.7058704274262,0.110815503049899,0.128614828988707,0.0580500861143968,0.294660212954273,"tyrosine-protein kinase yes","liver"
"LOC115128439",503.384844594091,0.110583817722511,0.123396187036604,0.06252627385513,0.305950891036627,"proteasome subunit beta type-4-like","liver"
"LOC115144421",447.546754665778,0.110274717556934,0.10509040333282,0.0624010308911388,0.305705050375339,"mitochondrial pyruvate carrier 1-like","liver"
"LOC115114242",92.8782361970596,0.110260767684311,0.117355235355206,0.062037945421835,0.305394523598308,"coatomer subunit beta'-like","liver"
"LOC115114313",510.402181216687,0.110247913926753,0.121891211060633,0.0642699363074351,0.310072065194594,"alpha-tocopherol transfer protein-like","liver"
"LOC115136138",208.559964651439,0.110097313640925,0.0864584268460245,0.0532664396286298,0.28440666342479,"GTP-binding protein SAR1a","liver"
"znf593",127.68496176667,0.110092946401411,0.135987533383464,0.0553924527195509,0.288994549032194,"zinc finger protein 593","liver"
"LOC115135279",115.845177142815,0.109968127071937,0.0778342957377255,0.0452933866840466,0.262535331534949,"insulin-degrading enzyme","liver"
"LOC115129586",101.124697127954,0.109947606323514,0.100399400090528,0.0607882473750155,0.303270077232676,"NF-kappa-B-activating protein-like, transcript variant X1","liver"
"LOC115110573",625.768082777852,0.109552594176279,0.17334333417064,0.030366910090157,0.219820045083074,"choline transporter-like protein 2, transcript variant X3","liver"
"ten1",89.7092195592681,0.109163720186209,0.171932527808411,0.0316741317088134,0.223887153800204,"TEN1 subunit of CST complex","liver"
"LOC115128732",359.507379603292,0.108729015745445,0.164699748854031,0.0353093386887365,0.234579746776844,"60S acidic ribosomal protein P1-like","liver"
"ufsp2",72.8522768431329,0.108684251275965,0.106040208621022,0.0641914508309594,0.310072065194594,"UFM1 specific peptidase 2","liver"
"LOC115134057",196.672572514072,0.108341015427233,0.0869823377815642,0.0570719761982218,0.292965976676248,"V-type proton ATPase subunit E 1-like","liver"
"ociad1",68.9749325343994,0.108004931842945,0.142803270634766,0.0520566761354612,0.283288400438104,"OCIA domain containing 1, transcript variant X2","liver"
"cdkl1",112.012669501929,0.107535979538167,0.158375610531673,0.0412777362162274,0.252624703929944,"cyclin dependent kinase like 1, transcript variant X1","liver"
"LOC115106595",1053.65536466817,0.107463579485816,0.115604355164616,0.0673487824330076,0.315170651201997,"V-type proton ATPase 16 kDa proteolipid subunit-like","liver"
"LOC115104972",462.615002180171,0.107365253834136,0.1190905859998,0.066219490994631,0.3128136385416,"eukaryotic translation initiation factor 2 subunit 3","liver"
"LOC115121668",984.170557192459,0.107274322529959,0.108890608814178,0.0680306135512239,0.317268627957424,"60S ribosomal protein L27-like","liver"
"gsto1",661.838340570976,0.107107097738459,0.162214594244727,0.0351731093717971,0.234579746776844,"glutathione S-transferase omega 1","liver"
"LOC115127407",240.133756834181,0.106952642933146,0.158440860672044,0.0431704042375875,0.257491084209723,"immediate early response gene 2 protein-like","liver"
"LOC115112491",60.7230279230583,0.106894788686893,0.12267481765639,0.0643232404320274,0.310072065194594,"AKT-interacting protein-like, transcript variant X1","liver"
"afg3l2",110.765863046358,0.106627804939062,0.134241912146353,0.0580188413494692,0.294660212954273,"AFG3 like matrix AAA peptidase subunit 2","liver"
"LOC115136183",336.852045677145,0.10622503392856,0.108979654087884,0.0687150438426059,0.318235015948244,"serine/threonine-protein phosphatase 2A catalytic subunit alpha isoform-like, transcript variant X2","liver"
"LOC115131881",473.311985095003,0.1059090296695,0.0851784873186321,0.0598041439992619,0.299461536782545,"cellular nucleic acid-binding protein-like","liver"
"LOC115139474",74.3840454833525,0.105496137415052,0.11854671693567,0.067229553369437,0.315170651201997,"NUAK family SNF1-like kinase 2","liver"
"LOC115131258",103.47040829425,0.105327171513904,0.108448801232316,0.069663807604067,0.319403464335407,"small nuclear ribonucleoprotein Sm D1, transcript variant X3","liver"
"LOC115112217",69.1774565980089,0.105271362877648,0.102830174616575,0.068821035361714,0.318235015948244,"ubiquitin carboxyl-terminal hydrolase 47-like, transcript variant X4","liver"
"lg22h18orf32",171.342402772214,0.105102165343363,0.0853569377634049,0.0616072496363587,0.304008655590554,"linkage group 22 C18orf32 homolog","liver"
"rcl1",5076.98871141191,0.104870790802263,0.110611345038133,0.0729396480199681,0.326705500361967,"RNA terminal phosphate cyclase like 1","liver"
"LOC115105496",141.408379655112,0.104804339593979,0.126362129140365,0.0648778661789025,0.310742870205883,"ras-related protein Rab-24-like, transcript variant X1","liver"
"LOC115125620",191.996723897816,0.104760075408408,0.125540258791913,0.0651256469341879,0.310833883962236,"ER membrane protein complex subunit 7-like","liver"
"LOC115135692",1340.3135788912,0.104529601828288,0.129423113119713,0.0636945229494282,0.309636405299164,"40S ribosomal protein S10-like","liver"
"LOC115137352",126.964610662466,0.104525146114923,0.0955996948928488,0.0683808650250331,0.317602663333683,"NADH dehydrogenase [ubiquinone] iron-sulfur protein 8, mitochondrial-like","liver"
"ski",103.760332519371,0.104456066173604,0.18791885454329,0.0146514674825755,0.162280927877657,"SKI proto-oncogene","liver"
"LOC115139206",151.705843278878,0.104310363567623,0.10818371537597,0.0711334084206811,0.323593496342295,"methylmalonate-semialdehyde dehydrogenase [acylating], mitochondrial-like, transcript variant X1","liver"
"LOC115141340",112.819993849666,0.104238505094307,0.12150901103076,0.0677212676272743,0.316414349032478,"peroxisomal targeting signal 1 receptor-like, transcript variant X1","liver"
"LOC115129309",295.553298771209,0.104029144461351,0.079229804605675,0.0579429426589187,0.294660212954273,"heterogeneous nuclear ribonucleoprotein A0-like","liver"
"hadhb",288.945856157005,0.103620050807977,0.0710500429056655,0.0481255436705783,0.272444050001774,"hydroxyacyl-CoA dehydrogenase trifunctional multienzyme complex subunit beta","liver"
"rps21",1127.76346629332,0.10348664005805,0.114792774272775,0.0763497851093541,0.333098555422861,"ribosomal protein S21","liver"
"LOC115139545",338.186730919956,0.103271300122532,0.137234895348742,0.056539944315667,0.291717484848935,"uricase-like","liver"
"bnip3",107.430551896785,0.103197428872323,0.105272643836639,0.0727844134836674,0.326705500361967,"BCL2 interacting protein 3, transcript variant X1","liver"
"LOC115112058",59.1818005795527,0.103152574943599,0.0930364036001311,0.0717730056168515,0.325413538258383,"oxysterols receptor LXR-alpha-like, transcript variant X2","liver"
"LOC115141923",120.258379745092,0.103062525462089,0.161606683451373,0.0346769256427969,0.233239519670034,"tsukushin-like, transcript variant X4","liver"
"LOC115116310",78.0417944528638,0.102994618540078,0.167278376047033,0.029736915534181,0.218899134271184,"60S ribosomal protein L32","liver"
"LOC115114539",93.0510078770924,0.102511002132525,0.105171833718265,0.0739516602794399,0.328709888003268,"EF-hand calcium-binding domain-containing protein 14-like","liver"
"tmem129",74.9363856536875,0.102486419485426,0.138189726006229,0.0569263663185935,0.292965976676248,"transmembrane protein 129","liver"
"LOC115112121",66.9088711625896,0.102155871797883,0.106020249206031,0.0734644621475211,0.327974970113139,"vacuolar protein sorting-associated protein 35-like, transcript variant X1","liver"
"LOC115131981",81.7458106537503,0.102065440885819,0.108215596950453,0.0745259248473204,0.329466019173187,"rho-related GTP-binding protein RhoA-B","liver"
"LOC115142412",1297.54075381506,0.101770610663437,0.12775420627996,0.0684918403018417,0.317602663333683,"40S ribosomal protein S15a","liver"
"LOC115110052",79.7014923709771,0.101758599130052,0.127806512292774,0.0656631250573277,0.311938109246699,"ferritin, middle subunit-like","liver"
"LOC115114749",64.6072200770246,0.101742731524598,0.111710628536273,0.0748060065024159,0.32998840097819,"cytochrome b-c1 complex subunit 10","liver"
"LOC115131188",58.2645804760878,0.10167534610414,0.125627023462958,0.0684417125586085,0.317602663333683,"C1GALT1-specific chaperone 1-like, transcript variant X1","liver"
"LOC115101941",176.01699093752,0.101492473873207,0.0985787480703301,0.0750133628337562,0.330036247274988,"small nuclear ribonucleoprotein G-like","liver"
"eci2",817.628599312659,0.101379336156553,0.103339926025244,0.080506615856653,0.342229155758065,"enoyl-CoA delta isomerase 2, transcript variant X4","liver"
"LOC115119248",3446.87580707764,0.101265113107535,0.129136856515563,0.0717287907309051,0.325413538258383,"40S ribosomal protein S29-like","liver"
"LOC115128329",66.6970509067042,0.101251950241019,0.139572965972339,0.0613350348429748,0.303588391933973,"NADH dehydrogenase [ubiquinone] iron-sulfur protein 5-like, transcript variant X1","liver"
"LOC115133279",65.8384641482317,0.101196120839017,0.090565874843497,0.0728843104944676,0.326705500361967,"ankyrin repeat domain-containing protein 46","liver"
"as3mt",116.059689267372,0.101180442606241,0.156968995691739,0.0387031459877955,0.245268670562614,"arsenite methyltransferase, transcript variant X2","liver"
"LOC115135251",97.4904595283907,0.101165716128958,0.114309051670232,0.0743336723309325,0.329172675117172,"calmodulin","liver"
"LOC115107873",162.0069017067,0.101160648490521,0.128082506026806,0.0668040027453297,0.314455366975914,"protein Z-dependent protease inhibitor-like","liver"
"LOC115106933",180.249492004698,0.100982828595592,0.107029958385802,0.0755747742671579,0.330873018166419,"short transmembrane mitochondrial protein 1-like","liver"
"LOC115106702",97.6924156199937,0.100735064478648,0.103067810307169,0.077199530293852,0.334750303699724,"mitochondrial amidoxime-reducing component 1-like","liver"
"LOC115118532",96.74159181423,0.100380688197474,0.0946069800418057,0.0769250653553964,0.333915406164639,"RNA polymerase-associated protein RTF1 homolog","liver"
"LOC115135451",1091.91899876957,0.100347191704236,0.117912731297806,0.0788144645969224,0.338868942718413,"40S ribosomal protein S14","liver"
"LOC115107006",96.0204699012881,0.100191955932717,0.117783049229321,0.0741593015881476,0.329172675117172,"calphotin-like","liver"
"LOC115104235",120.962499659442,0.10018788087946,0.110893107168407,0.0765734412245389,0.333098555422861,"glucosidase 2 subunit beta-like, transcript variant X4","liver"
"LOC115125424",314.806983664301,0.0999827976738245,0.147233679875777,0.045034308092059,0.262535331534949,"neutral cholesterol ester hydrolase 1-like","liver"
"mospd1",136.804833665281,0.0997800878794437,0.098461104323002,0.0784436656819598,0.338136897066868,"motile sperm domain containing 1, transcript variant X1","liver"
"LOC115135293",131.701707508389,0.0995677781667612,0.0846837065040884,0.072112309515426,0.326226163801195,"transmembrane 9 superfamily member 3","liver"
"LOC115138144",559.411261548364,0.0995434953387074,0.103941111435573,0.08007222380657,0.342229155758065,"gamma-aminobutyric acid receptor-associated protein-like","liver"
"LOC115112856",65.5984338844688,0.0994710252816764,0.132704414071531,0.0621854361183349,0.305705050375339,"protein phosphatase 1G-like","liver"
"LOC115145826",504.96191759815,0.0992621656393914,0.136177704490065,0.066290553964539,0.3128136385416,"succinate--CoA ligase [ADP/GDP-forming] subunit alpha, mitochondrial-like","liver"
"LOC115146490",111.257200364064,0.0991266530690859,0.0993951747171529,0.0797555458584748,0.341474374915066,"uncharacterized LOC115146490, transcript variant X1","liver"
"LOC115101346",86.0463340158353,0.0991159701254128,0.12769903918213,0.0673103842257462,0.315170651201997,"neutral alpha-glucosidase AB-like, transcript variant X1","liver"
"LOC115143067",662.370249766949,0.0987103084167748,0.10438352496929,0.0821069978571938,0.345018683779301,"probable Bax inhibitor 1, transcript variant X1","liver"
"LOC115138225",971.23763022466,0.0985353548651401,0.10627749709965,0.0824485751278026,0.346097211350076,"oligosaccharyltransferase complex subunit ostc-like","liver"
"LOC115139186",97.6222705596765,0.0979797123012366,0.124770419605795,0.0707571614591054,0.322241553192529,"platelet-activating factor acetylhydrolase-like, transcript variant X1","liver"
"LOC115105184",238.078760787325,0.0979091055525917,0.103632327634332,0.0827912284022873,0.346465140623945,"electron transfer flavoprotein subunit beta-like, transcript variant X1","liver"
"LOC115135390",133.659392339585,0.0977463599160699,0.0933102762318844,0.0812175995268465,0.344142164600679,"ATP synthase subunit g, mitochondrial-like","liver"
"LOC115137336",214746.43808828,0.0974526272564706,0.0825687351065129,0.0750486386404131,0.330036247274988,"lecithin retinol acyltransferase-like, transcript variant X2","liver"
"LOC115121634",120.77877293033,0.097310522402048,0.137010903992767,0.0580001821739036,0.294660212954273,"stromal cell-derived factor 2-like","liver"
"LOC115102189",298.812421897881,0.0972903577204045,0.0957943880396427,0.0831529888453649,0.346910524599496,"rho-related GTP-binding protein RhoA-B-like","liver"
"LOC115138062",190.64492836976,0.0970649891676316,0.126773901937915,0.0700500166912682,0.319881198728937,"ras-related protein rab7-like","liver"
"LOC115132527",170.353149271136,0.0970039926762637,0.162953874663914,0.0226717568606838,0.191325219387468,"keratin, type II cytoskeletal 8-like","liver"
"LOC115112235",2393.41559909146,0.0968976794606771,0.148426058995133,0.0491877165559555,0.275151680148981,"60S ribosomal protein L13","liver"
"gys2",1303.72205052129,0.0967467036303708,0.177369697849902,0.0111012857914288,0.147390361191738,"glycogen synthase 2, transcript variant X1","liver"
"LOC115133003",510.953725252817,0.0966229365395076,0.125662713725051,0.072937332885013,0.326705500361967,"40S ribosomal protein S16","liver"
"LOC115119306",133.957766896685,0.0964153977421794,0.108334292969658,0.0837376626486347,0.347664337007804,"protein SET-like","liver"
"LOC115119455",2085.57667564131,0.0962336733562113,0.126030085039452,0.0834158427153517,0.347399207958451,"sodium/potassium-transporting ATPase subunit alpha-1","liver"
"LOC115135313",61.0673822937033,0.0962124026127519,0.0974103885412427,0.085076909231194,0.349799963184937,"dynactin subunit 2-like, transcript variant X3","liver"
"LOC115128031",207.471892747524,0.095892349163647,0.11534948361447,0.082581044902798,0.346143755999943,"60S ribosomal protein L28-like","liver"
"LOC115114233",192.938041089437,0.0957913721175919,0.102095395723363,0.0890015237244053,0.353987042567365,"ubiquitin-60S ribosomal protein L40-like","liver"
"LOC115106928",85.3154997623952,0.0957719999217956,0.119953708342918,0.0768611001443378,0.333915406164639,"aldo-keto reductase family 1 member B1-like","liver"
"pgls",58.7147301080608,0.0956940732622154,0.128576062067987,0.0668883803364496,0.314455366975914,"6-phosphogluconolactonase, transcript variant X2","liver"
"LOC115114914",1133.87376873569,0.0956744062075791,0.123633450870918,0.0780208582615174,0.336878197324094,"60S ribosomal protein L24-like","liver"
"LOC115141644",227.495125391962,0.0955466649234613,0.0922972062204399,0.0860506751288063,0.350742551825015,"histone H3.3","liver"
"LOC115103739",1743.06021643696,0.0955400040302938,0.138256982754599,0.0580266486601497,0.294660212954273,"fucolectin-6-like, transcript variant X2","liver"
"LOC115107559",86.916832339842,0.0951990298001322,0.10545955321919,0.0872118505452806,0.352304759982719,"rho-related GTP-binding protein RhoB-like","liver"
"LOC115105853",752.407153920372,0.0951666130486243,0.15517240951809,0.0324625895243502,0.226571087159677,"lipocalin-like, transcript variant X1","liver"
"LOC115132136",105.6981052137,0.0949080517795386,0.12620452753818,0.070160400310027,0.319881198728937,"bcl-2-like protein 1, transcript variant X2","liver"
"tomm7",119.838746575184,0.0943762582003677,0.0921932412273898,0.0886997623841943,0.353757565046943,"translocase of outer mitochondrial membrane 7","liver"
"LOC115118318",686.308138429235,0.0942924115389984,0.123986008566222,0.0743698461956526,0.329172675117172,"40S ribosomal protein S3","liver"
"LOC115122307",1178.74608412532,0.0942910469085973,0.122147093039863,0.0819400708975447,0.345018683779301,"40S ribosomal protein S15a","liver"
"LOC115131912",265.216046377339,0.094182641776113,0.130908778275902,0.0660841442184449,0.3128136385416,"prostaglandin E synthase 3-like, transcript variant X1","liver"
"LOC115119588",94.1717148272135,0.0939541078922815,0.109596493995172,0.0863857040740881,0.351054964911249,"ribonuclease H1-like, transcript variant X3","liver"
"LOC115131303",349.582924270332,0.0939306112272,0.0873776744284032,0.0892378625191989,0.354170912977853,"cytochrome b-c1 complex subunit 7-like","liver"
"LOC115135911",207.095072613575,0.0938771860520899,0.0889928423093607,0.0881829296451069,0.353721798164998,"clathrin heavy chain 1-like, transcript variant X5","liver"
"LOC115114935",804.906624559947,0.0938606067513204,0.146687420271326,0.0412328578290266,0.252624703929944,"40S ribosomal protein S12","liver"
"LOC115105933",4278.77411633309,0.0937724261517888,0.132068029098039,0.0642070184914417,0.310072065194594,"serine protease inhibitor Kazal-type 1-like","liver"
"LOC115108503",1232.17306432197,0.093720427400756,0.130560688242456,0.0683176933674604,0.317602663333683,"proteasome subunit beta type-5-like","liver"
"LOC115131739",766.989959692479,0.0936945038593165,0.116580890440457,0.101746175647483,0.374293693085867,"40S ribosomal protein S5","liver"
"LOC115116228",101.839687596592,0.0935257287425944,0.102167097370889,0.0912438509851581,0.358640247459503,"HMG box-containing protein 1-like","liver"
"eif3i",298.836252222028,0.0934883065977215,0.102974050922381,0.090920279985479,0.358113368975222,"eukaryotic translation initiation factor 3 subunit I","liver"
"LOC115109102",58.8981948022092,0.0934403730788676,0.0972097532008048,0.0916557406623504,0.359279148153416,"RNA 3'-terminal phosphate cyclase-like","liver"
"atp6v0b",118.918817844219,0.0933812277787223,0.094576337611566,0.0919807481291747,0.359285719078632,"ATPase H+ transporting V0 subunit b, transcript variant X1","liver"
"LOC115135539",310.750561531028,0.0932557961310686,0.155399330408627,0.0282480606939915,0.215038736162119,"thiosulfate:glutathione sulfurtransferase-like","liver"
"LOC115128076",97.9705654551206,0.0931363436553369,0.165845219931862,0.0127564817065801,0.155344040114578,"protein CREG1-like, transcript variant X2","liver"
"srp19",125.814026096992,0.0931354884486869,0.10888118669038,0.0891447889076366,0.354146354373808,"signal recognition particle 19","liver"
"LOC115113120",1083.29712149644,0.0930450809668062,0.118788414712043,0.0811746206004872,0.344142164600679,"40S ribosomal protein S24, transcript variant X1","liver"
"LOC115123887",1082.99974278123,0.0925042229425835,0.124860721569796,0.0780124082327797,0.336878197324094,"40S ribosomal protein S12","liver"
"LOC115126510",1630.07722337662,0.0923794523667589,0.126180946971614,0.0729343760863601,0.326705500361967,"40S ribosomal protein S9-like","liver"
"LOC115146891",10647.5815567107,0.0922521189375614,0.088042596400609,0.0908875691999615,0.358113368975222,"extracellular matrix protein 1-like, transcript variant X2","liver"
"LOC115143133",99.9748570895589,0.0921435766155899,0.147978274475149,0.0373627541174039,0.238699977715578,"CD302 antigen-like","liver"
"ndufc1",248.737496607524,0.0921290735633337,0.0876377515371627,0.0952120587616199,0.364621744473288,"NADH:ubiquinone oxidoreductase subunit C1","liver"
"LOC115136230",85.5466684930353,0.0919909420401871,0.0988222824407488,0.0950329694459176,0.364621744473288,"NEDD4 family-interacting protein 1-like, transcript variant X2","liver"
"LOC115102726",60.8287043243658,0.0919574310803838,0.112459330952856,0.0886487476419809,0.353757565046943,"ubiquitin-conjugating enzyme E2 R1","liver"
"ppp4c",59.9073657459049,0.0917409829505558,0.0901548883673116,0.0946219129283957,0.363848034996359,"protein phosphatase 4 catalytic subunit","liver"
"nipsnap2",151.641215028271,0.0917203188405848,0.119029745507354,0.0795886461568775,0.341118109080371,"nipsnap homolog 2","liver"
"LOC115132427",170.875345059545,0.0914970226910198,0.113786809331285,0.0870676837382378,0.352304759982719,"polypyrimidine tract-binding protein 1-like, transcript variant X1","liver"
"LOC115107967",60.2060963012432,0.0914589259795468,0.0977722143118744,0.0968281951944087,0.366232141905617,"serine/threonine-protein phosphatase 2A 56 kDa regulatory subunit gamma isoform-like, transcript variant X4","liver"
"LOC115104018",71.0854975008484,0.0914519478764348,0.0842813482779138,0.0923304624139562,0.359285719078632,"SUMO-conjugating enzyme UBC9-like","liver"
"rpl21",2497.11887369325,0.0913058829879445,0.147534782360863,0.0408327686337579,0.251032224662439,"ribosomal protein L21, transcript variant X1","liver"
"LOC115123537",102.117086358306,0.0912929239482043,0.130768210139343,0.0660893042012037,0.3128136385416,"NADH dehydrogenase [ubiquinone] 1 beta subcomplex subunit 4-like","liver"
"LOC115124839",100.068691401744,0.0912462238513592,0.0938983306853221,0.0965577714487129,0.366111140860422,"ubiquitin-conjugating enzyme E2 D2","liver"
"LOC115142960",109.600471397614,0.090916275372427,0.126650280114091,0.0713612459216844,0.324268047242793,"double-stranded RNA-binding protein Staufen homolog 1-like, transcript variant X1","liver"
"LOC115111634",90.1089188117105,0.0908616457671237,0.105804920783158,0.0954226065742573,0.364861673918079,"cyclin-dependent kinase 2-associated protein 1-like","liver"
"LOC115113500",690.884849216459,0.0906728610796725,0.117170776322068,0.0841161674099398,0.347975728564534,"synaptotagmin-13-like, transcript variant X2","liver"
"ifih1",135.251205450206,0.090621845230406,0.0953974679533002,0.210402504945992,0.509264020284955,"interferon induced with helicase C domain 1, transcript variant X1","liver"
"LOC115119022",242.103376297865,0.0905352625015453,0.107462071950582,0.0947651334864573,0.364055310170405,"transmembrane emp24 domain-containing protein 9-like","liver"
"mrps18c",155.647497690722,0.0905121788004846,0.0935454273852412,0.0985974079976515,0.370449604895423,"mitochondrial ribosomal protein S18C, transcript variant X3","liver"
"LOC115143345",217.543852355702,0.0903949792446691,0.0866583308475389,0.0965456469491834,0.366111140860422,"cytochrome b-c1 complex subunit 1, mitochondrial-like","liver"
"snap23",58.9345360016721,0.0902901045366452,0.10886812841524,0.0938123765631048,0.362302933203603,"synaptosome associated protein 23, transcript variant X3","liver"
"LOC115105431",63.5969198498291,0.0902105949696138,0.113160434346652,0.0910219455982164,0.358113368975222,"ras-related GTP-binding protein C","liver"
"LOC115126147",127.824707852714,0.0900783267374133,0.0969575849684558,0.0999137381970424,0.372921081015946,"stromal cell-derived factor 2-like","liver"
"LOC115112169",90.4222819987005,0.0900609107394608,0.10540977964069,0.096859236745401,0.366232141905617,"IST1 homolog, transcript variant X2","liver"
"LOC115112485",111.118170479957,0.0899905773785866,0.106396618081961,0.0967081707634194,0.366232141905617,"terminal nucleotidyltransferase 4A-like","liver"
"LOC115111993",59.259831425829,0.0898387212921567,0.111050647411889,0.091753539442057,0.359279148153416,"protein FAM160B2-like, transcript variant X1","liver"
"LOC115131440",75.7047026680452,0.0898122725709116,0.0959867531918594,0.100911671529258,0.373583990148278,"splicing factor 3A subunit 3-like","liver"
"LOC115106260",58.6346251389869,0.0896325048553311,0.117528977688417,0.0856877861334505,0.350742551825015,"phytanoyl-CoA dioxygenase, peroxisomal-like","liver"
"LOC115102474",63.9781654511305,0.0896143130134354,0.0936403096489877,0.101512419311334,0.373942391823035,"pituitary tumor-transforming gene 1 protein-interacting protein-like","liver"
"LOC115130279",142.852684666448,0.0896064930488807,0.100549536228754,0.100575421622937,0.373304886891544,"proteasome activator complex subunit 2-like","liver"
"med31",74.9591066723055,0.0895675700442673,0.101274160238953,0.10014622168321,0.372921081015946,"mediator complex subunit 31","liver"
"LOC115114642",4469.10304169294,0.0895673305086046,0.11475616470529,0.0838624610981509,0.347734884472089,"peroxiredoxin","liver"
"LOC115107021",158.531066972436,0.0894832257204108,0.10823215643834,0.0952688577478756,0.364621744473288,"ATP synthase subunit gamma, mitochondrial-like, transcript variant X1","liver"
"LOC115138299",861.101615772544,0.0893914831272365,0.113144930146905,0.0986060521043681,0.370449604895423,"60S ribosomal protein L13a-like","liver"
"ydjc",203.634694383103,0.0893781243596916,0.138443139304616,0.0512680965090294,0.281629058451218,"YdjC chitooligosaccharide deacetylase homolog","liver"
"LOC115138300",65.4625909916781,0.0891928265942005,0.10553530469143,0.0970429381761793,0.366247237042691,"CAAX prenyl protease 1 homolog","liver"
"LOC115142560",91.8911551222051,0.0891754595148512,0.103488873818225,0.0990560687225988,0.371096080986501,"proteasome subunit beta type-3-like","liver"
"LOC115112440",597.100087985284,0.0891022278796578,0.112114897698242,0.0929188707553494,0.360702206856004,"40S ribosomal protein S13-like","liver"
"fem1c",58.6575637379766,0.0889126583253415,0.111588844477773,0.0931749882954882,0.361008794954762,"fem-1 homolog C","liver"
"LOC115135604",1601.455584138,0.0885729547554642,0.116561750302653,0.0834405850322187,0.347399207958451,"40S ribosomal protein S23","liver"
"LOC115109963",3522.68185733282,0.0885127893841901,0.117594163141169,0.0803747344061327,0.342229155758065,"nucleoside diphosphate kinase-like, transcript variant X2","liver"
"LOC115133066",86.2762648455403,0.088472825646786,0.0790824202144327,0.0963515066926519,0.366111140860422,"serine/threonine-protein phosphatase 6 regulatory subunit 2-like, transcript variant X3","liver"
"LOC115124645",80.0257955586456,0.08837128669,0.0997200550322351,0.103519287379174,0.378765363875687,"cyclin-L1-like, transcript variant X1","liver"
"LOC115103982",73.4470229202121,0.0883544232635012,0.102901392638609,0.101414638803366,0.373942391823035,"eukaryotic initiation factor 4A-III","liver"
"LOC115104927",93.309921820896,0.0883273148007795,0.0903816501210924,0.104014210328757,0.378875711617528,"brefeldin A-inhibited guanine nucleotide-exchange protein 1-like","liver"
"LOC115132388",484.74422216198,0.0882952692208574,0.120235918035631,0.084110938050998,0.347975728564534,"CD63 antigen-like","liver"
"LOC115143444",69.1578860857392,0.0882924658237949,0.106277653727567,0.0986108491932124,0.370449604895423,"tumor suppressor candidate 2-like, transcript variant X1","liver"
"LOC115129181",153.539423901853,0.0882710474128229,0.0815449816572174,0.100275148379165,0.372921081015946,"matrin-3-like","liver"
"LOC115131831",1303.97172415527,0.088208808385449,0.0929771275024309,0.103993735027317,0.378875711617528,"60S ribosomal protein L32, transcript variant X1","liver"
"dpm3",58.9603101296718,0.0880361882338797,0.104832987523748,0.0999546942247666,0.372921081015946,"dolichyl-phosphate mannosyltransferase subunit 3, regulatory","liver"
"LOC115146872",1522.90725624064,0.0879891855403593,0.107075433086899,0.107539146189122,0.385853485798292,"60S ribosomal protein L7a","liver"
"LOC115134140",743.1569612402,0.0878189585893823,0.106635201457189,0.101516213237112,0.373942391823035,"40S ribosomal protein S17, transcript variant X1","liver"
"LOC115121087",674.011735296301,0.0876204327890822,0.117906992234978,0.0695545657080438,0.319261722777012,"60S ribosomal protein L18","liver"
"LOC115131913",1762.85279979362,0.0876059331584917,0.118222120424599,0.0805195682953837,0.342229155758065,"nascent polypeptide-associated complex subunit alpha, transcript variant X2","liver"
"LOC115109529",591.534555168631,0.0875612493924198,0.11304244778279,0.124643717554387,0.408398547228038,"40S ribosomal protein S17","liver"
"LOC115146386",79.4152427420382,0.0875314393972802,0.0861584597622242,0.104477797887323,0.379596806639496,"14-3-3 protein zeta-like","liver"
"LOC115103871",7113.8905399124,0.0873781617406416,0.0945307254514072,0.114966988115566,0.395961986628584,"beta-2-glycoprotein 1-like","liver"
"LOC115131962",83.7985672194511,0.0871650812763717,0.124718271579876,0.0748003731389209,0.32998840097819,"interferon-related developmental regulator 2-like, transcript variant X1","liver"
"LOC115110576",70.1173032704066,0.0870933308706339,0.121550396002153,0.080509769158841,0.342229155758065,"phenylalanine--tRNA ligase alpha subunit-like","liver"
"LOC115138249",593.119021585147,0.0870744472155179,0.132545597911388,0.0597409475196681,0.299461536782545,"GTP cyclohydrolase 1","liver"
"LOC115139938",285.246258292285,0.0870010702257882,0.0939541769110268,0.106159591682778,0.383223370677579,"cytochrome c oxidase subunit 6A, mitochondrial-like","liver"
"LOC115135202",1045.31033199917,0.0869789829755358,0.0814448557983523,0.109360521000741,0.387902142635137,"glutamate dehydrogenase, mitochondrial-like, transcript variant X1","liver"
"LOC115142386",315.750734314141,0.0869378629581304,0.092341099651389,0.109087814464772,0.387902142635137,"ATP synthase membrane subunit DAPIT, mitochondrial-like","liver"
"LOC115114670",59.3489013874991,0.0868895811627732,0.0829028452098319,0.106229528018318,0.383223370677579,"TOX high mobility group box family member 4-A-like, transcript variant X6","liver"
"LOC115113119",97.111083253915,0.0868891013892026,0.101421247591046,0.105362234581682,0.381400060528364,"eukaryotic translation initiation factor 4E-binding protein 2-like","liver"
"LOC115118649",244.746408662412,0.0867541710283575,0.122471443498713,0.0794229956787459,0.340766453038493,"inosine-uridine preferring nucleoside hydrolase-like, transcript variant X1","liver"
"LOC115112912",234.970414877057,0.0866922754363107,0.0836682493464712,0.106242004137798,0.383223370677579,"28 kDa heat- and acid-stable phosphoprotein-like, transcript variant X1","liver"
"LOC115120883",333.573743069546,0.0866113689868473,0.111175451424667,0.0961294980529385,0.365848584560016,"FAD synthase-like","liver"
"LOC115108593",248.566677837402,0.0864954769476035,0.104953492516231,0.104398898254832,0.379596806639496,"proteasome subunit alpha type-7-like","liver"
"LOC115139488",71.5653326408753,0.0864439046080581,0.0932859446446927,0.108687464347424,0.387833868138358,"glycoprotein integral membrane protein 1-like","liver"
"LOC115114718",85.6466100627716,0.0863983381450238,0.097408017163712,0.100698948260615,0.373304886891544,"apoptosis-associated speck-like protein containing a CARD","liver"
"LOC115135488",77.0251041756134,0.0863476017949592,0.0841979622646566,0.106946346313896,0.38441883969223,"sorting nexin-12-like, transcript variant X2","liver"
"LOC115146682",214.209443445955,0.0861802320132958,0.114612250957039,0.0935367087538385,0.361722604251087,"ATPase inhibitor B, mitochondrial-like","liver"
"hmgb1",102.877914962328,0.0860161867896059,0.116840265388162,0.0890178406848747,0.353987042567365,"high mobility group box 1, transcript variant X2","liver"
"LOC115110905",63.5377867683306,0.0859488015144604,0.114059120222038,0.0928110986799605,0.360627300495252,"nucleosome-remodeling factor subunit BPTF-like","liver"
"LOC115108130",124.347330615372,0.085934458296599,0.123698022115725,0.0764624518702486,0.333098555422861,"polypyrimidine tract-binding protein 1-like, transcript variant X1","liver"
"selenop",1627.30121478001,0.0856686999644859,0.143867121426478,0.0358143166987033,0.236098373869557,"selenoprotein P, transcript variant X1","liver"
"LOC115102446",72.7912801213227,0.0856256017341835,0.093957026114846,0.111614647361462,0.391641485738095,"C4b-binding protein alpha chain-like, transcript variant X3","liver"
"LOC115112651",502.052966224033,0.0853070903820207,0.0988059986112738,0.108757142120251,0.387833868138358,"cystatin","liver"
"LOC115116268",123179.859227099,0.0852911065695379,0.120583898942469,0.082952416183646,0.346783639348247,"transmembrane protein 116-like, transcript variant X2","liver"
"LOC115139915",232.908430259201,0.0851984096425057,0.102861472561048,0.109035859182749,0.387902142635137,"sarcoplasmic/endoplasmic reticulum calcium ATPase 2-like, transcript variant X1","liver"
"LOC115111711",80.424733059091,0.0851609317080886,0.119504462606768,0.0844879466674847,0.348555537061404,"endoplasmic reticulum-Golgi intermediate compartment protein 2-like, transcript variant X3","liver"
"LOC115111768",73.9127190201166,0.0851105954727137,0.11968298285911,0.0841766605408809,0.347975728564534,"histone acetyltransferase KAT6A-like","liver"
"LOC115134253",518.277144818283,0.0850950165818342,0.116251884799946,0.0952704018312198,0.364621744473288,"chromodomain-helicase-DNA-binding protein 2-like, transcript variant X1","liver"
"LOC115145288",363.205016098705,0.0849818020406851,0.101967808727019,0.109447966062891,0.387902142635137,"cytochrome c oxidase subunit 6C-1-like","liver"
"LOC115115620",66.5633888911584,0.0849028065984577,0.115113480678614,0.0923776824323861,0.359285719078632,"E3 ubiquitin-protein ligase synoviolin-like, transcript variant X2","liver"
"LOC115123807",538.86064387133,0.0848948444786463,0.118762325212467,0.0858936723378282,0.350742551825015,"40S ribosomal protein S19","liver"
"lg4h9orf78",65.9183408262205,0.0848762520335077,0.0925139443515058,0.114333652799013,0.394843487389548,"linkage group 4 C9orf78 homolog","liver"
"LOC115109284",309.038483599886,0.0847823004514371,0.0918078894587098,0.11395940437413,0.394843487389548,"microtubule-associated proteins 1A/1B light chain 3B","liver"
"commd10",66.9205199331002,0.0843716588815567,0.0969379189925624,0.114093912531122,0.394843487389548,"COMM domain containing 10","liver"
"LOC115108625",70.5241669554301,0.0842103289019816,0.100503699770189,0.108560130105948,0.387833868138358,"non-specific lipid-transfer protein-like","liver"
"rpl7a",1971.93142944058,0.0841386618167252,0.108554070516729,0.126421235875957,0.410052665416657,"ribosomal protein L7a","liver"
"LOC115134516",732.363756944591,0.0840857064478169,0.0897428378102555,0.117008342837773,0.397673381316156,"nucleobindin-2-like","liver"
"LOC115145843",74.4028918175499,0.0840790848145446,0.121431599859484,0.0812229544518776,0.344142164600679,"LON peptidase N-terminal domain and RING finger protein 1-like, transcript variant X1","liver"
"syap1",240.315569998316,0.08406435352503,0.0880085629937126,0.116202432798246,0.397349929602057,"synapse associated protein 1","liver"
"LOC115106841",198.947579161991,0.0840200862897876,0.110566959093682,0.101558937131526,0.373942391823035,"cyclin-dependent kinase inhibitor 1B-like","liver"
"lamtor1",91.0158059934668,0.0840035548023531,0.119826832734049,0.0848929661041397,0.349518919030781,"late endosomal/lysosomal adaptor, MAPK and MTOR activator 1","liver"
"echs1",89.2907237369422,0.0839480234362984,0.129242662817038,0.0627825150333913,0.30646889973186,"enoyl-CoA hydratase, short chain 1","liver"
"ccz1",73.5397627088447,0.0838917655575205,0.0826607654842523,0.11565163271742,0.396770356824195,"CCZ1 homolog, vacuolar protein trafficking and biogenesis associated, transcript variant X1","liver"
"LOC115104149",288.578987480601,0.083826095031095,0.0766854395193894,0.108133359387695,0.387154823364089,"ubiquilin-4-like","liver"
"LOC115141717",111.812206361454,0.0838214106806477,0.087923015579719,0.117077541113687,0.397673381316156,"succinate dehydrogenase [ubiquinone] cytochrome b small subunit B, mitochondrial-like","liver"
"LOC115107685",111.857373958913,0.0837735446117999,0.0842885055184995,0.115552269631425,0.396770356824195,"glycoprotein integral membrane protein 1-like, transcript variant X1","liver"
"LOC115144396",473.924952688542,0.0836746275299059,0.0847895944568149,0.118477778965782,0.399022611236311,"CD209 antigen-like, transcript variant X2","liver"
"LOC115105004",116.280786841945,0.0836016408906033,0.108812178289046,0.103890798708979,0.378875711617528,"cullin-1-like","liver"
"LOC115124714",100.688295352555,0.0834687617656207,0.0933844047776676,0.118375878554715,0.399022611236311,"glycogen synthase kinase-3 beta-like","liver"
"LOC115112951",353.575323816203,0.0833831496587537,0.064690915409193,0.0883077616552124,0.353721798164998,"glycine N-acyltransferase-like, transcript variant X4","liver"
"ube2j1",64.3556354795468,0.0832992957923181,0.100669200127572,0.115541695879179,0.396770356824195,"ubiquitin conjugating enzyme E2 J1","liver"
"LOC115137581",150.173252520436,0.0832120997723567,0.0989987459116084,0.114551744891654,0.395019384245672,"DNA topoisomerase 1-like","liver"
"LOC115130838",62.4787311371187,0.0831991038010998,0.0889628157793427,0.114236282216861,0.394843487389548,"protein farnesyltransferase/geranylgeranyltransferase type-1 subunit alpha-like, transcript variant X4","liver"
"LOC115132243",226.524844241969,0.0830825889532053,0.102800153497727,0.112330293170515,0.39294216397497,"dolichyl-diphosphooligosaccharide--protein glycosyltransferase 48 kDa subunit-like","liver"
"tpmt",66.9561241466219,0.0830120237319197,0.115376484636732,0.0917589777300554,0.359279148153416,"thiopurine S-methyltransferase, transcript variant X2","liver"
"dcxr",268.394132504117,0.0828959649923951,0.123588887864143,0.0757783652314281,0.33140838699925,"dicarbonyl and L-xylulose reductase, transcript variant X2","liver"
"LOC115137212",1078.20384049173,0.0828448122949373,0.11439652508307,0.097892576218344,0.369112063520786,"40S ribosomal protein S6","liver"
"LOC115137356",59.2164229840092,0.082807746379777,0.0972336590086276,0.11833828827718,0.399022611236311,"uncharacterized LOC115137356, transcript variant X3","liver"
"LOC115139890",1203.45168515924,0.0827722639235201,0.113939529349569,0.0959713660142772,0.365624127731397,"60S ribosomal protein L35-like","liver"
"LOC115110776",164.263586389426,0.0824960989180037,0.0802910773939782,0.11705318804361,0.397673381316156,"elongin-B","liver"
"pacsin3",109.438805169697,0.0824008810259899,0.0947404347519804,0.121282448564681,0.40256291559417,"protein kinase C and casein kinase substrate in neurons 3, transcript variant X6","liver"
"LOC115130375",106.173338622326,0.0822664158268113,0.0922288806413239,0.121244649610267,0.40256291559417,"charged multivesicular body protein 5","liver"
"cope",132.441661246404,0.0822466536142232,0.0996881450454834,0.118707377169071,0.399022611236311,"coatomer protein complex subunit epsilon","liver"
"aven",120.720596469146,0.0822451005478969,0.0806226535741397,0.118392929347007,0.399022611236311,"apoptosis and caspase activation inhibitor, transcript variant X1","liver"
"LOC115141493",699.09693021315,0.0819174672233396,0.109569633866657,0.104491564536191,0.379596806639496,"translocon-associated protein subunit alpha","liver"
"LOC115131257",1304.81287889331,0.0818507314858353,0.118828129616212,0.0883209267073347,0.353721798164998,"60S ribosomal protein L14-like","liver"
"LOC115133435",283.768985199626,0.081833271376853,0.0753629371882257,0.113659805123459,0.394843487389548,"cell death activator CIDE-B-like","liver"
"LOC115121186",57.7418268677904,0.0812341642927503,0.101086352442094,0.117867510717791,0.399022611236311,"V-type proton ATPase subunit G 1-like","liver"
"vps26c",109.248810235377,0.0810918716873933,0.113200310339759,0.0996577655117678,0.372665185528409,"VPS26 endosomal protein sorting factor C, transcript variant X1","liver"
"LOC115111458",607.374756436806,0.081085092427208,0.105307544321862,0.122985647565244,0.405246159641015,"60S ribosomal protein L35","liver"
"picalm",114.85810192332,0.0809216463964334,0.0996877568784577,0.120053291169559,0.401425114690011,"phosphatidylinositol binding clathrin assembly protein, transcript variant X5","liver"
"LOC115143503",1302.97766429462,0.0808228507593217,0.126437671444292,0.064773456141368,0.310607773214372,"40S ribosomal protein S10-like","liver"
"LOC115103926",85.9782182060581,0.0808056688880346,0.0905939105157444,0.127059730265046,0.410376751632589,"protein dpy-30 homolog, transcript variant X2","liver"
"LOC115106483",98.3326050098434,0.0807671098398115,0.0982306872504987,0.12185918117335,0.403579862749976,"charged multivesicular body protein 2a-like","liver"
"pcnp",165.355581302858,0.0805911990909501,0.106251567674233,0.139595549429392,0.427222712347214,"PEST proteolytic signal containing nuclear protein, transcript variant X1","liver"
"LOC115105912",447.95606355013,0.0804317837900922,0.0986503132410119,0.125328562098991,0.408851159107954,"tricarboxylate transport protein B, mitochondrial-like","liver"
"LOC115126441",113.962028791537,0.0803934009960837,0.11427801969361,0.0964285509011584,0.366111140860422,"enolase-phosphatase E1, transcript variant X2","liver"
"LOC115126363",469.449381795945,0.0803720208393737,0.112636654946195,0.102832661880191,0.377305094940093,"tumor necrosis factor receptor superfamily member 14-like, transcript variant X1","liver"
"LOC115124725",269.011736330682,0.0803126215477801,0.0961237992722454,0.122315954608501,0.404346024096395,"transmembrane protein 120B-like","liver"
"LOC115103226",73.274031778072,0.0802905372775164,0.114817889378643,0.0959768110625782,0.365624127731397,"choline-phosphate cytidylyltransferase A-like, transcript variant X1","liver"
"LOC115114568",198.46513504001,0.0802720804164204,0.0920092688706616,0.128168330317156,0.411700045088005,"ADP-ribosylation factor 1-like","liver"
"LOC115134589",1628.31020714737,0.0801687230272288,0.103212809915997,0.126518642911989,0.410052665416657,"60S ribosomal protein L28-like, transcript variant X2","liver"
"LOC115109348",70.017494822881,0.0801302154921922,0.110630352682999,0.104733103639094,0.37979726906846,"heat shock factor-binding protein 1-like","liver"
"LOC115105477",599.007776070305,0.0801245239543098,0.103721191813089,0.119718479033989,0.401293191235641,"malate dehydrogenase, mitochondrial-like","liver"
"LOC115108691",336.972396175682,0.080105935600912,0.118251145084948,0.0861828672671897,0.350923424023982,"transmembrane 4 L6 family member 4-like","liver"
"LOC115123318",123.524239109764,0.0800285820742482,0.113823954680826,0.0956249220871528,0.365292579594409,"RNA-binding protein 45-like","liver"
"LOC115121194",145.259317834194,0.079974902223837,0.125958544321807,0.0653180891875134,0.311023985430262,"anaphase-promoting complex subunit CDC26-like, transcript variant X1","liver"
"LOC115135224",207.957249556606,0.0799213583480484,0.0960420716709165,0.127433269001615,0.410979978740752,"nuclear receptor coactivator 4-like, transcript variant X3","liver"
"LOC115122065",1827.40724230252,0.0798940284347309,0.133141313474302,0.0503877797222762,0.279429374351017,"complement C1q-like protein 2","liver"
"LOC115109031",376.609349533514,0.0797788048964447,0.114295752519855,0.0970114489416986,0.366247237042691,"uncharacterized LOC115109031, transcript variant X1","liver"
"LOC115101131",77.8491618850594,0.0797448305162457,0.127031017795977,0.0609367500622084,0.303270077232676,"complement component C6-like","liver"
"LOC115113332",188.284463396645,0.0797236129235586,0.101170980417576,0.121885871208347,0.403579862749976,"calmodulin","liver"
"LOC115129303",214.59056753191,0.0797014786867474,0.0781107077192161,0.124810675816462,0.408617120183051,"casein kinase I-like, transcript variant X2","liver"
"LOC115144141",64.9905542286669,0.079559744119695,0.101536416803324,0.120804836112775,0.402287999996464,"dual specificity mitogen-activated protein kinase kinase 4-like, transcript variant X3","liver"
"LOC115134531",286.144509610876,0.0793841925847293,0.12694314035199,0.0610224363886906,0.303326159415003,"protein disulfide-isomerase A3-like","liver"
"fuom",372.191135284583,0.0792642526135907,0.0941218290786819,0.142362247935942,0.429510379412954,"fucose mutarotase, transcript variant X1","liver"
"LOC115108228",117.556952889052,0.079231390415923,0.0953849299380082,0.129276828243651,0.413280276016567,"myosin light chain kinase, smooth muscle-like","liver"
"psme1",363.452901095056,0.0792220794627631,0.0999223406007348,0.122317981427455,0.404346024096395,"proteasome activator subunit 1","liver"
"LOC115131941",64.4620049307464,0.0788366103599098,0.0972021767084025,0.128168010434573,0.411700045088005,"charged multivesicular body protein 4c-like","liver"
"LOC115144182",187.20256059676,0.0785995574856144,0.0810990769430394,0.136417317480033,0.422520506115968,"28 kDa heat- and acid-stable phosphoprotein-like","liver"
"chchd10",222.331458509674,0.0785555153739915,0.128996179848243,0.0524993058906776,0.284120957496779,"coiled-coil-helix-coiled-coil-helix domain containing 10","liver"
"LOC115131350",134.260478548645,0.078473710423721,0.0980433282301043,0.128378497867236,0.411700045088005,"proteasome subunit alpha type-2-like","liver"
"LOC115121109",64.8700368976822,0.0784449149655789,0.102218496448683,0.124019139579415,0.407006451630996,"torsin-1A-interacting protein 2-like, transcript variant X1","liver"
"LOC115143058",326.047219051415,0.0783944793398998,0.127261274472932,0.0585008401323673,0.295476362304249,"cathepsin Z-like","liver"
"LOC115133083",197.332089637021,0.0782066254834391,0.0879806364750109,0.134780735742537,0.422025930165245,"ATP synthase subunit gamma, mitochondrial-like, transcript variant X1","liver"
"LOC115108042",58.5884227198979,0.0781590464434103,0.0956668618863177,0.132187544025012,0.416702574977533,"sialomucin core protein 24-like, transcript variant X1","liver"
"LOC115134791",64.9654910359669,0.0781314862955773,0.105556818337371,0.118047374853424,0.399022611236311,"RNA-binding protein 45-like, transcript variant X3","liver"
"LOC115131562",149.481691372512,0.0780715962213068,0.103398755588729,0.119138663560481,0.399678347878619,"proteasome subunit beta type-4-like","liver"
"spr",67.7449169099603,0.0780475127918732,0.121717880378368,0.0752937990501414,0.330036247274988,"sepiapterin reductase, transcript variant X3","liver"
"cops9",157.788192976912,0.077971208203439,0.110390957433556,0.109460897978396,0.387902142635137,"COP9 signalosome subunit 9","liver"
"cideb",1682.6918403661,0.0779467030634558,0.0882837950198355,0.135312338513528,0.422025930165245,"cell death inducing DFFA like effector b","liver"
"LOC115125726",115.093102329903,0.0778131524896378,0.0787181330827283,0.133694067224191,0.419557222962166,"vacuolar protein sorting-associated protein 29, transcript variant X2","liver"
"LOC115101024",59.7440858194676,0.0776816280956826,0.0918696884887205,0.135415901410793,0.422025930165245,"beta-centractin-like","liver"
"LOC115136793",254.061140035594,0.0775944406119279,0.108950009614025,0.111742203723287,0.391641485738095,"T-complex protein 1 subunit zeta","liver"
"saraf",222.575591339847,0.0774527730699104,0.0748437185046139,0.12965172474221,0.413829624157594,"store-operated calcium entry associated regulatory factor","liver"
"LOC115142169",73.7089043020292,0.0773604204256206,0.116641971917434,0.090886805581183,0.358113368975222,"serine/arginine-rich splicing factor 3-like, transcript variant X1","liver"
"LOC115138099",59.7308396866843,0.0771995754717743,0.108589757227801,0.113037458923061,0.394213625770567,"phospholipase A-2-activating protein-like","liver"
"LOC115129842",67.5876743547515,0.0770951153906414,0.110884206958148,0.107882673572297,0.386745626632086,"histone deacetylase complex subunit SAP18-like","liver"
"LOC115119573",902.827629804592,0.0769594068384642,0.0986124063790398,0.125063772830856,0.408851159107954,"60S ribosomal protein L26","liver"
"LOC115128922",102.274551539047,0.0768473022207921,0.134024826788109,0.0281084601574126,0.214550718355082,"macrophage receptor MARCO-like","liver"
"LOC115110241",1318.83392395297,0.0767681379381772,0.0945746299089525,0.166482862923854,0.458812812222873,"60S ribosomal protein L19-like","liver"
"LOC115132132",215.008575335286,0.0766594771996486,0.0991879970191214,0.131267579119812,0.41540889168661,"NSFL1 cofactor p47-like, transcript variant X2","liver"
"cct7",225.475743299127,0.0765245473539106,0.0888969049458615,0.142276925439747,0.429510379412954,"chaperonin containing TCP1 subunit 7","liver"
"LOC115139195",133.900088398587,0.0763953420848,0.121284615492728,0.0738077982478535,0.328709888003268,"ubiquitin-like protein FUBI","liver"
"LOC115101924",28390.5719714283,0.0763756656013794,0.0871501581569702,0.146771386098859,0.435493105468807,"apolipoprotein C-I-like","liver"
"LOC115119004",665.857808387166,0.0763240872341408,0.107457537022224,0.125640424212016,0.408851159107954,"60S ribosomal protein L35","liver"
"LOC115136059",85.7266553076383,0.076276601985043,0.105739884395615,0.119980818349979,0.401425114690011,"ras-related protein Rap-1A-like, transcript variant X1","liver"
"LOC115143343",395.822736331232,0.0762473510701916,0.0924075166501923,0.139764847984392,0.427367982283856,"protein transport protein Sec61 subunit alpha","liver"
"LOC115105880",80.5815119584439,0.076227704365885,0.0913890887010203,0.141335737503772,0.428662337025698,"BRCA1-A complex subunit Abraxas 1","liver"
"LOC115121566",1540.14620149682,0.0762231524227046,0.105839351362036,0.12398172760621,0.407006451630996,"60S ribosomal protein L26","liver"
"LOC115113384",1435.75801847511,0.0761798010038454,0.0954540180688293,0.150531449581932,0.441414524097808,"60S ribosomal protein L8-like","liver"
"rpl27a",1314.7015899205,0.0761605123621139,0.109550166298504,0.110626685909518,0.389715104987415,"ribosomal protein L27a","liver"
"srp9",71.3978955710647,0.0761166249990916,0.106936903886704,0.117649846901462,0.399022611236311,"signal recognition particle 9","liver"
"LOC115122329",65.9598119407592,0.0760900746229752,0.109832712245255,0.110718864468947,0.389715104987415,"protein jagunal homolog 1-B","liver"
"LOC115109143",124.606588815513,0.0760124201495428,0.0925030207226547,0.140969542801927,0.428662337025698,"U6 snRNA-associated Sm-like protein LSm4","liver"
"tymp",350.554822159867,0.0757070902951916,0.118522480647446,0.0761488931900739,0.332671906369498,"thymidine phosphorylase","liver"
"LOC115141892",2413.83892703264,0.0756371956485615,0.109376744483367,0.108186786999926,0.387154823364089,"40S ribosomal protein S25-like","liver"
"LOC115119824",177.50789578984,0.0753537508947814,0.0860243210026181,0.146211565403633,0.435493105468807,"dynactin subunit 2-like","liver"
"LOC115103785",113.079746865209,0.0753490251408352,0.111291003674367,0.106640868061541,0.384321996656799,"nicotinate-nucleotide pyrophosphorylase [carboxylating]-like, transcript variant X2","liver"
"LOC115125575",79.5550672071313,0.075242806229903,0.0798853674417252,0.144865454256264,0.434170287903332,"SPRY domain-containing protein 7","liver"
"selenbp1",457.976486183033,0.0752223817594668,0.114665921223962,0.0884304495412494,0.353721798164998,"selenium binding protein 1","liver"
"LOC115122994",63.1005566831812,0.0751983091663964,0.0963381607322779,0.138276837776707,0.425370860964421,"E3 ubiquitin-protein ligase KCMF1-like, transcript variant X1","liver"
"LOC115109448",560.47090259246,0.0751869214716909,0.0885228307142247,0.147001615405722,0.435493105468807,"small EDRK-rich factor 2-like","liver"
"LOC115143250",180.660400930253,0.0751781259689585,0.100869441800393,0.131099380012982,0.41540889168661,"aflatoxin B1 aldehyde reductase member 4-like","liver"
"LOC115131347",3144.57926612264,0.07512074309511,0.123425835865802,0.0692451360793295,0.318558887877367,"60S acidic ribosomal protein P1-like","liver"
"c8b",676.152829804591,0.0747704267043885,0.121576853117591,0.0698833130323408,0.319690666576679,"complement C8 beta chain","liver"
"LOC115124171",187.963244743707,0.0747480791183784,0.106724352218102,0.120338029053519,0.401530396424794,"sodium-dependent phosphate transporter 1-B-like","liver"
"LOC115113503",104.638611609727,0.0746840604921444,0.0875328982200602,0.147844928303036,0.436430311333655,"mitochondrial carrier homolog 2-like","liver"
"LOC115130904",2324.90113174701,0.0746191951332545,0.126192271857019,0.0509093422461175,0.280793611630819,"ribonuclease-like 3","liver"
"sec13",71.6952074807342,0.0745076239860062,0.110458638028174,0.109537626637155,0.387902142635137,"SEC13 homolog, nuclear pore and COPII coat complex component, transcript variant X2","liver"
"LOC115103788",107.574522952065,0.0745065178967037,0.102137045539583,0.130943953734628,0.41540889168661,"rho GDP-dissociation inhibitor 1-like, transcript variant X1","liver"
"LOC115136739",1966.0134746781,0.0744737033530603,0.0863750291095712,0.148331350272868,0.437164557998705,"alpha-2-antiplasmin-like","liver"
"LOC115131737",70.8722335657168,0.0744174505120287,0.115533738767523,0.0923515260956984,0.359285719078632,"N(G),N(G)-dimethylarginine dimethylaminohydrolase 2-like, transcript variant X1","liver"
"dcaf11",67.3589276902526,0.0743901400841508,0.0864603531146804,0.1498762819188,0.440443925811845,"DDB1 and CUL4 associated factor 11, transcript variant X3","liver"
"LOC115135651",306.599930943144,0.0742929082622361,0.107299054380236,0.130545891176579,0.41540889168661,"peptidyl-prolyl cis-trans isomerase FKBP2-like","liver"
"LOC115103835",136.554169334649,0.0741951759562981,0.0975887959206178,0.141137762801176,0.428662337025698,"26S proteasome non-ATPase regulatory subunit 12","liver"
"LOC115128497",556.926519165706,0.07411333515155,0.105069595763853,0.125292824201234,0.408851159107954,"translocon-associated protein subunit beta-like","liver"
"LOC115114198",65.3870744292082,0.073927481394455,0.10397740351537,0.127996252066861,0.411700045088005,"DET1- and DDB1-associated protein 1-like","liver"
"LOC115124641",294.079854288374,0.0737392734940882,0.126528824844417,0.0453906633466113,0.262535331534949,"eukaryotic translation initiation factor 4E-binding protein 3-like","liver"
"LOC115101141",211.829002797788,0.0737010675125653,0.0904553813859151,0.154465576111616,0.444006832320837,"cytochrome c oxidase subunit 6B1-like, transcript variant X1","liver"
"dhrs7b",86.4702837826547,0.0734544382319046,0.103702834489843,0.128339646154084,0.411700045088005,"dehydrogenase/reductase 7B, transcript variant X1","liver"
"glyctk",412.189781967231,0.0734331646604275,0.0829826731131459,0.155174953385607,0.444270383115592,"glycerate kinase, transcript variant X3","liver"
"LOC115126082",220.542365878619,0.0734228947649841,0.0878428588082246,0.153224286047415,0.443919583110383,"high mobility group protein B2-like","liver"
"LOC115121614",337.299924556701,0.0734149101426819,0.0865943353323129,0.180508463950033,0.476599777265298,"ATP synthase F(0) complex subunit C2, mitochondrial-like","liver"
"LOC115136988",91.6307069192464,0.0730081729242118,0.101037898358977,0.136306859259341,0.422520506115968,"bleomycin hydrolase-like, transcript variant X2","liver"
"LOC115113988",94.0418729235451,0.072951064372225,0.13103078129752,0.0221114275964861,0.188884564125092,"microsomal glutathione S-transferase 3-like, transcript variant X1","liver"
"lman1",236.028395443921,0.0728987471452182,0.102101890120431,0.13637880880933,0.422520506115968,"lectin, mannose binding 1, transcript variant X2","liver"
"ap1m1",90.5219267584282,0.072895650263468,0.07936608547388,0.154765707066426,0.444242973241375,"adaptor related protein complex 1 subunit mu 1","liver"
"LOC115146154",68.1918462391488,0.0728309312544182,0.0772798973019096,0.154017653529802,0.444006832320837,"serine/threonine-protein phosphatase 2A 56 kDa regulatory subunit epsilon isoform, transcript variant X1","liver"
"LOC115134219",193.596973053019,0.0727843603492636,0.105151787923111,0.129171029571353,0.413266182521849,"ADP-ribosylation factor 4-like","liver"
"LOC115110308",877.733941204828,0.0727071977333923,0.104121522396473,0.138034143877145,0.425266190811218,"40S ribosomal protein S11","liver"
"phykpl",67.8871471995815,0.0726181255325509,0.110553163746297,0.110045701431361,0.38868828339188,"5-phosphohydroxy-L-lysine phospho-lyase, transcript variant X1","liver"
"tmem106c",73.84561126966,0.0725225023331059,0.112756078305551,0.100241398637244,0.372921081015946,"transmembrane protein 106C, transcript variant X1","liver"
"LOC115137195",314.082027659711,0.0724553597978759,0.103568170355995,0.128301195161964,0.411700045088005,"probable signal peptidase complex subunit 2","liver"
"tlk1",75.1753358595317,0.0720772945029901,0.0924302784335672,0.155197540212684,0.444270383115592,"tousled like kinase 1, transcript variant X3","liver"
"LOC115141084",125.752085660819,0.0720371751215535,0.0955729488151762,0.150356331684283,0.441218436245599,"ras-related protein Rab-11A-like","liver"
"LOC115130130",1233.61360632621,0.0719178368618021,0.0969147050694113,0.15294810627756,0.443919583110383,"60S ribosomal protein L21","liver"
"LOC115123551",75.1338127022042,0.0718633110440156,0.115877409645533,0.0875462924262285,0.352956170058662,"SRA stem-loop-interacting RNA-binding protein, mitochondrial-like","liver"
"LOC115142915",1565.89190801898,0.0718559501056653,0.105547596435411,0.127945635569847,0.411700045088005,"60S ribosomal protein L10a-like","liver"
"uprt",59.3864761048615,0.0717524945630011,0.104912615241286,0.129164921471573,0.413266182521849,"uracil phosphoribosyltransferase homolog, transcript variant X1","liver"
"LOC115135688",91.4573068422672,0.0716955564289951,0.104549930325561,0.130112312158089,0.414974792141135,"nucleophosmin-like","liver"
"LOC115126864",67.5329604610936,0.0716948613672018,0.118246986387602,0.0765292220630261,0.333098555422861,"transgelin-2-like","liver"
"LOC115139683",86.8582221311588,0.071662882757983,0.0742128813074371,0.156922457618592,0.446659174059623,"pumilio homolog 2-like, transcript variant X11","liver"
"LOC115124752",671.062088563362,0.071541362829627,0.0969501860545773,0.147868071627031,0.436430311333655,"rho-related GTP-binding protein RhoF-like, transcript variant X1","liver"
"LOC115134509",410.677237448584,0.0715129882390225,0.112509149798337,0.103087629948789,0.377524869426112,"ethanolamine kinase 1-like, transcript variant X1","liver"
"LOC115117380",410.807201811852,0.0713862175951717,0.0981689662681752,0.145524790752543,0.435493105468807,"cathepsin B-like","liver"
"LOC115109217",93.6324469674266,0.0713124855370203,0.10268327306689,0.13589991457501,0.422520506115968,"tax1-binding protein 3","liver"
"LOC115106356",61.525724631821,0.0712874490464664,0.101579743602626,0.138805289947058,0.426141188301776,"phosphatidylinositol 3,4,5-trisphosphate 3-phosphatase and dual-specificity protein phosphatase PTEN-like, transcript variant X1","liver"
"pex14",130.388402709787,0.0712184774498442,0.0925768324207232,0.156548100316932,0.446659174059623,"peroxisomal biogenesis factor 14","liver"
"LOC115133938",693.4532148161,0.0711729025928642,0.0990520268588114,0.129603511133292,0.413829624157594,"phosphate carrier protein, mitochondrial-like, transcript variant X1","liver"
"LOC115130936",70.4037964982497,0.0711509671840721,0.0803524537534798,0.16618080677898,0.458290235745009,"UBX domain-containing protein 1-like, transcript variant X1","liver"
"LOC115103321",104.175978581044,0.0711393489937242,0.104436187153198,0.131154558161734,0.41540889168661,"TSC22 domain family protein 2-like, transcript variant X2","liver"
"med19",95.9296324333061,0.071095698928621,0.0881848029458866,0.161171304574364,0.453683865638885,"mediator complex subunit 19","liver"
"LOC115104156",165.892717621742,0.0710769087038157,0.0875137150426922,0.162165921953716,0.455221463268407,"ADP-ribosylation factor 2","liver"
"anxa2",212.765666030118,0.0710688986694766,0.119543543819783,0.0689319059294366,0.318235015948244,"annexin A2, transcript variant X1","liver"
"LOC115115949",1050.38389480569,0.0709670183091057,0.110454094590131,0.105330630662301,0.381400060528364,"elongation factor 1-beta-like","liver"
"psmd10",86.2428358312811,0.0709319769922272,0.101009995579638,0.1412297878176,0.428662337025698,"proteasome 26S subunit, non-ATPase 10","liver"
"LOC115134466",65.8629069825335,0.0708929397918344,0.0823812154114607,0.170845288669243,0.464553299943853,"dihydrolipoyl dehydrogenase, mitochondrial-like","liver"
"LOC115127207",105.393501482469,0.0707943181726376,0.112094943269347,0.102935050435079,0.377305094940093,"ATP-binding cassette sub-family D member 3-like","liver"
"rabggta",75.0343131822081,0.0707932310482051,0.0881161130022954,0.16350447061456,0.455221463268407,"Rab geranylgeranyltransferase subunit alpha","liver"
"LOC115102725",60.4321520946487,0.070619623013184,0.0900197020070167,0.162749270927639,0.455221463268407,"cactin-like","liver"
"LOC115135507",4403.13854769765,0.0702831953007137,0.114567883368112,0.0910182823773315,0.358113368975222,"complement factor B-like, transcript variant X1","liver"
"LOC115110513",58.1889445142298,0.0702550458313035,0.0900935456912805,0.163445689951268,0.455221463268407,"DNA-directed RNA polymerases I, II, and III subunit RPABC2","liver"
"edem1",76.0513743134613,0.0699403114444751,0.0977138303200574,0.151768776352038,0.442471925779497,"ER degradation enhancing alpha-mannosidase like protein 1","liver"
"LOC115108107",100.325086186689,0.069797247167594,0.106041995755537,0.126464522961933,0.410052665416657,"cytochrome b-c1 complex subunit 6, mitochondrial-like","liver"
"LOC115130653",1455.34345233884,0.0697735872321422,0.107270210964569,0.12568461785139,0.408851159107954,"ADP/ATP translocase 2-like","liver"
"LOC115124728",67.1797899783411,0.069723226972772,0.109814229030484,0.111746577015065,0.391641485738095,"single-stranded DNA-binding protein 3-like, transcript variant X2","liver"
"LOC115135161",81.0265630985999,0.0696852665936746,0.0895792383375023,0.166049955112024,0.458239415732302,"protein YIPF4-like","liver"
"LOC115108501",139.959822662387,0.0695898496886349,0.101099964995602,0.14045940896674,0.428527358494335,"CD302 antigen-like","liver"
"LOC115106835",108.153044916008,0.0695066126334809,0.0743603594846456,0.167121670180684,0.459483178110225,"transcription initiation factor TFIID subunit 12-like, transcript variant X1","liver"
"LOC115122343",58.576205230847,0.0694872765944855,0.0850756412476745,0.170180562174949,0.464294492252405,"cell division control protein 42 homolog","liver"
"LOC115122412",78.5924119840677,0.0694205700807332,0.0809106725511145,0.172436058645169,0.466699452216275,"acyl-CoA dehydrogenase family member 9, mitochondrial-like","liver"
"ccdc90b",77.8948770305331,0.0693751267516701,0.0837088715837593,0.172746093088313,0.46719384371525,"coiled-coil domain containing 90B, transcript variant X1","liver"
"mrpl48",59.420743263309,0.0693625118073973,0.0910416938829379,0.165168494704214,0.457977404363521,"mitochondrial ribosomal protein L48","liver"
"LOC115121010",877.491862131217,0.0692559520384114,0.112154157754232,0.0880574983807287,0.353721798164998,"diamine acetyltransferase 1-like","liver"
"amacr",134.775460977685,0.0691726450244783,0.0773871283368079,0.169964919719496,0.464016753366823,"alpha-methylacyl-CoA racemase, transcript variant X2","liver"
"LOC115139333",163.290087440547,0.069154480633754,0.0949249618482471,0.159733433242139,0.451194368603576,"WD repeat-containing protein 26-like, transcript variant X1","liver"
"LOC115133988",177.733657672966,0.0691511125407767,0.114385906908919,0.0901836174423566,0.356881965723345,"glucose-6-phosphate isomerase-like","liver"
"dpagt1",74.5302607487274,0.0691365755207362,0.102679526272508,0.139543567527721,0.427222712347214,"dolichyl-phosphate N-acetylglucosaminephosphotransferase 1","liver"
"LOC115120229",60.4830757641864,0.0690721171210637,0.100653905406008,0.146689092750347,0.435493105468807,"calcium-binding protein 39-like","liver"
"LOC115112078",18167.2019650442,0.0689535690263205,0.114925116936811,0.0959808186144736,0.365624127731397,"prothrombin-like","liver"
"LOC115117358",414.628361171417,0.0687780585401247,0.0960020935327173,0.163048542943191,0.455221463268407,"cathepsin B-like","liver"
"LOC115110748",313.283136124567,0.0687651268298228,0.0907630759610644,0.169554584126392,0.463517427833115,"serine/threonine-protein phosphatase alpha-2 isoform-like, transcript variant X1","liver"
"LOC115103254",1194.87656282054,0.068731711995182,0.098846879442626,0.154358429758456,0.444006832320837,"40S ribosomal protein S15","liver"
"LOC115137929",149.97763219817,0.0686658984951495,0.0899281498859908,0.169347586900937,0.463320097060311,"cytochrome b-c1 complex subunit 1, mitochondrial-like","liver"
"LOC115136068",97.4130583524375,0.0685750172159737,0.0858639792047198,0.173972492163913,0.468679364216859,"histone H3.3","liver"
"echdc2",62.107071187872,0.0684744456452843,0.0858085303477077,0.176498094821959,0.472361283318651,"enoyl-CoA hydratase domain containing 2, transcript variant X2","liver"
"LOC115133681",129.079183465206,0.0684668789686683,0.0980524211138449,0.151991432202713,0.442512198327327,"glucosidase 2 subunit beta-like","liver"
"LOC115112536",2521.33503614597,0.0684582767146328,0.104232467836621,0.117017077015494,0.397673381316156,"polyamine-modulated factor 1-binding protein 1-like","liver"
"LOC115139707",126.410761045247,0.0683441604538016,0.115261358383255,0.082060681571873,0.345018683779301,"tetraspanin-36-like","liver"
"LOC115141572",230.895594140988,0.068314271552825,0.110889905979916,0.10687231630142,0.38441883969223,"cytochrome c oxidase subunit 7A2, mitochondrial-like","liver"
"mrpl24",92.2510722363217,0.0683092305462324,0.0852703381464405,0.175714249439683,0.471121619369691,"mitochondrial ribosomal protein L24, transcript variant X1","liver"
"LOC115136834",78.2945116827821,0.0682240215005669,0.120690123023013,0.0490185303212178,0.274827413465315,"complement C4-B-like","liver"
"LOC115123629",65.72685624121,0.0681868788557237,0.083897420470942,0.171503340488337,0.46541119562614,"ATP-dependent RNA helicase DDX3X-like, transcript variant X1","liver"
"LOC115132965",1411.1986056771,0.0681454391290615,0.119307687818788,0.0541203275368996,0.286514561702219,"sodium-coupled neutral amino acid transporter 4-like, transcript variant X2","liver"
"LOC115129376",364.576273177167,0.0679859080338451,0.109759010274916,0.110607359065617,0.389715104987415,"tubulin beta-4B chain-like","liver"
"wdr33",105.093073043427,0.0678865067007035,0.0990886244348418,0.153858736809356,0.444006832320837,"WD repeat domain 33, transcript variant X1","liver"
"LOC115137271",67.4088937105614,0.0678487125285322,0.0940681566527336,0.164274204139247,0.456740556665464,"protein PAT1 homolog 1-like, transcript variant X2","liver"
"LOC115129791",62.004603887385,0.0678210738825375,0.099148737834007,0.153303413074622,0.443919583110383,"obg-like ATPase 1","liver"
"lg9ah11orf74",64.6789016426735,0.067805666145055,0.101274921287438,0.149399289979686,0.43935895090707,"linkage group 9a C11orf74 homolog, transcript variant X1","liver"
"LOC115132781",506.421848344024,0.0678052697778391,0.0925328286064173,0.169173789415258,0.463320097060311,"ATP synthase subunit beta, mitochondrial-like","liver"
"LOC115137482",169.761156034686,0.0676954372909965,0.102738838747053,0.140646239385409,0.428662337025698,"signal peptidase complex subunit 3","liver"
"LOC115106552",88.8677826884281,0.0676864697357972,0.0808509034957308,0.181793779249248,0.476828471184,"3-phosphoinositide-dependent protein kinase 1-like","liver"
"LOC115109408",424.977499983591,0.0675963886641496,0.0593711689034606,0.146790951195617,0.435493105468807,"chromodomain-helicase-DNA-binding protein 2-like, transcript variant X2","liver"
"LOC115141347",119.551068542352,0.0675850030854984,0.0781622504741838,0.180963594898271,0.476599777265298,"COP9 signalosome complex subunit 7a-like","liver"
"LOC115131683",762.726558073902,0.0674713209310126,0.0992545215059106,0.153243676688336,0.443919583110383,"60S ribosomal protein L11-like","liver"
"txndc16",61.5493308447909,0.0674240916293217,0.0948513853863962,0.163209246125807,0.455221463268407,"thioredoxin domain containing 16, transcript variant X1","liver"
"LOC115141359",70.8081553276492,0.0674066462888914,0.104578528070512,0.133030338633242,0.418388626750845,"platelet-activating factor acetylhydrolase IB subunit alpha-like","liver"
"LOC115113567",141.709528444894,0.0671978940991194,0.0781585673588673,0.185193018329212,0.479980727834032,"cytosolic iron-sulfur assembly component 2B-like","liver"
"LOC115113954",1599.87965800433,0.0671493828170083,0.0987562106229573,0.168511435946934,0.462527012067139,"60S ribosomal protein L8","liver"
"LOC115101228",57.4248886330318,0.0671307678006122,0.0773412022881783,0.181589659983564,0.476599777265298,"bromodomain-containing protein 3-like, transcript variant X3","liver"
"LOC115132993",90.1696874162623,0.0670112484749644,0.108439061383765,0.116472680793547,0.397673381316156,"NADH dehydrogenase [ubiquinone] 1 beta subcomplex subunit 2, mitochondrial-like, transcript variant X2","liver"
"LOC115106857",205.699491937676,0.0669253720184998,0.117318382125024,0.0643318771904254,0.310072065194594,"cysteine-rich with EGF-like domain protein 2, transcript variant X1","liver"
"LOC115140949",132.484409023418,0.0668618892915998,0.0942922476409353,0.169330480241872,0.463320097060311,"nectin-2-like, transcript variant X1","liver"
"abhd4",127.080753591141,0.0668424078470835,0.100064152163283,0.15186904420155,0.442471925779497,"abhydrolase domain containing 4","liver"
"LOC115140191",160.224069066197,0.0668055400540448,0.0914078575843914,0.17325511128965,0.467364549051365,"ubiquitin recognition factor in ER-associated degradation protein 1-like, transcript variant X1","liver"
"LOC115129234",145.859363333353,0.0667746080252393,0.08457426810443,0.182915887375516,0.478847242737702,"N-terminal kinase-like protein, transcript variant X2","liver"
"LOC115126314",90.192834093641,0.066724659111315,0.107076220159701,0.122946947074101,0.405246159641015,"cytochrome c oxidase subunit 7A-related protein, mitochondrial-like","liver"
"LOC115104066",331.985282609944,0.0666853729053902,0.0732537086201249,0.179232050672478,0.475752428727641,"ATP synthase F(0) complex subunit C3, mitochondrial-like","liver"
"LOC115117867",2428.11969080628,0.066658132183127,0.101956211406588,0.148133986204226,0.436898789991625,"40S ribosomal protein S8","liver"
"LOC115121009",239.292228736467,0.066558508673391,0.0865931613536335,0.185153320767725,0.479980727834032,"eukaryotic translation initiation factor 2 subunit 3-like","liver"
"LOC115125763",1358.7961891904,0.0665298894600054,0.0983920438926541,0.154285606734257,0.444006832320837,"60S ribosomal protein L17-like","liver"
"LOC115121319",258.580467330657,0.0664690227906513,0.0965405550626853,0.165112865638985,0.457977404363521,"cysteine and histidine-rich protein 1-like, transcript variant X1","liver"
"LOC115110516",122.84882546619,0.0664196448296061,0.0845234861726073,0.185201244131115,0.479980727834032,"trinucleotide repeat-containing gene 6B protein-like","liver"
"LOC115107100",995.329212622924,0.0663338044030779,0.0992868534920599,0.157068795323772,0.446763719287993,"40S ribosomal protein S16, transcript variant X2","liver"
"LOC115133600",153.995908744609,0.0662853262816129,0.0785816453776782,0.187406660490615,0.482850536131319,"DNA-directed RNA polymerase II subunit RPB1-like","liver"
"LOC115127632",73.3583048952312,0.0662200452080876,0.0933085824435509,0.172415357391889,0.466699452216275,"DEP domain-containing protein 7-like","liver"
"LOC115111545",75.6561493131742,0.0662088045780274,0.120846086809117,0.0365501517192866,0.236820785401117,"GTPase-activating protein and VPS9 domain-containing protein 1-like, transcript variant X3","liver"
"rabl3",66.0729366579784,0.0660959444047585,0.0864607329819015,0.184989672987206,0.479980727834032,"RAB, member of RAS oncogene family like 3, transcript variant X2","liver"
"LOC115107821",137.173496777514,0.066060248472734,0.0955728763540953,0.17108981340438,0.464681592904018,"alpha-1,6-mannosyl-glycoprotein 2-beta-N-acetylglucosaminyltransferase-like","liver"
"LOC115119315",757.154158288586,0.0659933501462721,0.104288479720735,0.136792187890582,0.422717936195613,"60S ribosomal protein L31-like","liver"
"LOC115118164",392.379827589214,0.0659847601453541,0.0967978262590284,0.163058717081329,0.455221463268407,"eukaryotic initiation factor 4A-I","liver"
"LOC115113496",28218.4076179466,0.0658525598358285,0.102368459850517,0.0677698053742279,0.316414349032478,"prothrombin-like","liver"
"gpcpd1",85.9829249892196,0.0657573747902047,0.095441698781208,0.169368730279652,0.463320097060311,"glycerophosphocholine phosphodiesterase 1, transcript variant X2","liver"
"LOC115129910",59.4841438582472,0.0656956096439916,0.111105646803766,0.101346871047053,0.373942391823035,"mitochondrial import receptor subunit TOM5 homolog","liver"
"LOC115138191",1857.76248620162,0.0656683101801769,0.114183167703809,0.0900644808375479,0.356756874532405,"acidic mammalian chitinase-like, transcript variant X2","liver"
"LOC115132943",191.850992747901,0.0655962475818748,0.101978347114864,0.145883525454959,0.435493105468807,"ADP-ribosylation factor GTPase-activating protein 3-like","liver"
"LOC115110285",121.185227742065,0.0655059756222878,0.0786854051632003,0.192665647645913,0.488356657858059,"V-type proton ATPase 116 kDa subunit a-like, transcript variant X2","liver"
"hax1",62.3305831253732,0.0654453910518768,0.0887060043846863,0.184546961627904,0.479980727834032,"HCLS1 associated protein X-1, transcript variant X1","liver"
"slc25a20",76.0753237871195,0.0654270349641997,0.0849829599489922,0.189513841721884,0.48490798421745,"solute carrier family 25 member 20","liver"
"LOC115126561",69.8540266858752,0.0653425553238002,0.104226672386111,0.136746927187985,0.422717936195613,"heat shock factor-binding protein 1-like","liver"
"LOC115110190",703.530424763063,0.0652582664402797,0.0834636672509384,0.190940801501291,0.486229707127124,"eukaryotic translation initiation factor 1","liver"
"LOC115144409",145.443113502585,0.0652502935146798,0.102448501037173,0.146634014075824,0.435493105468807,"glutamate--cysteine ligase catalytic subunit-like, transcript variant X1","liver"
"LOC115113001",74.1981563362118,0.0651701723379042,0.100869072563696,0.154890451325982,0.444270383115592,"leucine-rich repeat-containing protein 59-like","liver"
"LOC115113592",39891.2143299596,0.0651584958776205,0.103008279381911,0.143058848581993,0.430615852328795,"haptoglobin-like, transcript variant X1","liver"
"LOC115120624",84.5553741451178,0.0650359086490745,0.0742957280633784,0.191345794170395,0.486844854580855,"RNA exonuclease 4-like","liver"
"LOC115102700",236.313238687944,0.065017566928135,0.108438925134292,0.114403866194077,0.394843487389548,"intelectin-like","liver"
"LOC115124622",59.1622796914558,0.0649409199186959,0.117418772420308,0.0532776873418084,0.28440666342479,"eukaryotic translation initiation factor 4E-binding protein 3-like","liver"
"znf414",85.2965055574675,0.0647875348071823,0.103706542321335,0.138840897464367,0.426141188301776,"zinc finger protein 414, transcript variant X1","liver"
"LOC115122135",440.882461201312,0.0647781424753302,0.091571881719682,0.182301437054587,0.477648591041778,"cathepsin B-like","liver"
"rpl29",2335.95236247375,0.0644632026854286,0.093932773151958,0.163910089348399,0.456039265654658,"ribosomal protein L29","liver"
"adamts13",263.653715679155,0.0644094134417359,0.0738210020394149,0.19532251762761,0.491137928346786,"ADAM metallopeptidase with thrombospondin type 1 motif 13","liver"
"tardbp",107.31957633321,0.0643124902440044,0.0747129740496392,0.196854115351081,0.493770691797542,"TAR DNA binding protein, transcript variant X2","liver"
"LOC115139232",147.858194577542,0.0642129815103133,0.111909735188409,0.0884012341756424,0.353721798164998,"cell division control protein 42 homolog, transcript variant X1","liver"
"LOC115107740",3435.43515505223,0.0641204571470002,0.0760595947089961,0.181029997874021,0.476599777265298,"plasminogen-like","liver"
"hsd17b4",146.003908314941,0.064064342607387,0.0850090210287839,0.196167443375028,0.492654651384236,"hydroxysteroid 17-beta dehydrogenase 4, transcript variant X2","liver"
"plod1",114.852553451972,0.0639811013910221,0.11651775255845,0.0540479004871636,0.286514561702219,"procollagen-lysine,2-oxoglutarate 5-dioxygenase 1, transcript variant X2","liver"
"LOC115130150",59.9896641271308,0.0638507255163665,0.0999762125736306,0.157720682813661,0.447369174076884,"ER membrane protein complex subunit 9-like, transcript variant X1","liver"
"LOC115108696",1475.51140690528,0.0638401944737223,0.0940382800705776,0.179399284336208,0.475752428727641,"60S ribosomal protein L36","liver"
"LOC115106479",1009.84265962266,0.0637921767308313,0.0650733717460718,0.183930828078501,0.479980727834032,"calcium-binding and coiled-coil domain-containing protein 2-like","liver"
"rbp4",7173.30062078947,0.0637910963134991,0.103814197510761,0.138176485631962,0.425370860964421,"retinol binding protein 4","liver"
"slc5a12",147.811129250787,0.0637357588296688,0.119984435111919,0.0257170610278404,0.203935293286921,"solute carrier family 5 member 12","liver"
"LOC115104041",102.480386948556,0.0635494197193888,0.092360981199188,0.181569130174073,0.476599777265298,"26S proteasome non-ATPase regulatory subunit 3-like, transcript variant X1","liver"
"psmb7",586.221139701575,0.0634634532567222,0.0932459724836993,0.15888059887696,0.45003288465774,"proteasome subunit beta 7, transcript variant X1","liver"
"snx3",141.68163644428,0.0633931542258505,0.0833827833225063,0.200411206308362,0.496581201770749,"sorting nexin 3","liver"
"LOC115108137",4165.00275640945,0.0633783292773132,0.089844638760078,0.21379914673561,0.512432154499533,"antithrombin-III-like, transcript variant X1","liver"
"LOC115141460",209.450037988619,0.0633537267128007,0.0899416024413428,0.189724686246865,0.485142924179563,"probable signal peptidase complex subunit 2","liver"
"LOC115118659",95.0299168278367,0.0633520193458438,0.0883504861452448,0.194838818203031,0.490830051295152,"ubiquitin-conjugating enzyme E2 D2","liver"
"LOC115144463",208.929001108143,0.0633220959934229,0.0917972515815211,0.188064234557459,0.483018160085824,"voltage-dependent anion-selective channel protein 2","liver"
"LOC115135321",86.4114954822584,0.0632678153925842,0.119140636577962,0.028744683064966,0.215770401791531,"cytochrome c oxidase subunit 5B, mitochondrial-like","liver"
"rnf103",173.45427458726,0.0632651566991649,0.0976343181815381,0.168845368234279,0.463131709907754,"ring finger protein 103","liver"
"LOC115108243",169.181204089234,0.0632439677993245,0.107749540171624,0.1157409112522,0.396770356824195,"40S ribosomal protein S27-like, transcript variant X1","liver"
"LOC115138660",101.727643698212,0.0631684680990782,0.106209078752452,0.125937164183183,0.409345997775641,"NF-kappa-B inhibitor alpha-like","liver"
"LOC115145864",78.5959067074284,0.0630277317898273,0.0987561956525507,0.165097384680245,0.457977404363521,"protein FRG1-like","liver"
"pfdn4",85.6013319163541,0.0629568908671989,0.0959491599029426,0.175803724990506,0.471121619369691,"prefoldin subunit 4","liver"
"LOC115143146",615.891983573849,0.0629282927710432,0.10909181231002,0.108738977998959,0.387833868138358,"protein transport protein Sec61 subunit alpha","liver"
"LOC115143533",58.9240741873142,0.0629184227881563,0.0893766546819532,0.197040718047045,0.493934788905139,"SWI/SNF-related matrix-associated actin-dependent regulator of chromatin subfamily D member 1-like","liver"
"LOC115101330",1347.45989142158,0.0626895132641149,0.103863476740788,0.142928990281122,0.430582826597082,"peroxiredoxin-5, mitochondrial-like","liver"
"LOC115141662",264.618708145643,0.06254072115197,0.0866176882615469,0.206794987358221,0.505333554239872,"eukaryotic translation initiation factor 3 subunit K","liver"
"LOC115110783",117.950277702572,0.0624761975575911,0.0959209123299888,0.176965470989054,0.472681035223712,"coiled-coil domain-containing protein 47-like","liver"
"LOC115129442",197.273455322519,0.062455744626286,0.10661188966221,0.118018920860188,0.399022611236311,"cationic amino acid transporter 3-like","liver"
"socs3",283.287109204076,0.0623756718775124,0.115464693187589,0.0518183136989355,0.283191413425724,"suppressor of cytokine signaling 3","liver"
"LOC115122693",78.3936212897561,0.0623671496348021,0.0849088807244325,0.204224150331706,0.50094406071257,"SNW domain-containing protein 1","liver"
"LOC115129470",74.9583005007292,0.0623330350045148,0.0857025849911191,0.19902626031851,0.495196305982148,"GTP-binding nuclear protein Ran-like","liver"
"LOC115130914",142.814862853489,0.0623147082940901,0.093884916580435,0.183400546535009,0.479807848316236,"thiosulfate:glutathione sulfurtransferase-like","liver"
"LOC115108220",220.147605474463,0.0622957139591859,0.102614126832875,0.146067315317298,0.435493105468807,"myeloid-derived growth factor-like","liver"
"LOC115103371",163.708786429659,0.0622138052641361,0.102780779860678,0.14332809191317,0.430685362770068,"nuclear receptor-binding protein 2-like, transcript variant X2","liver"
"taf7",61.5857731613813,0.062169306313557,0.100832161671178,0.155211242776399,0.444270383115592,"TATA-box binding protein associated factor 7","liver"
"LOC115129808",166.595149510357,0.0620179566598532,0.0979837921382607,0.171120478643015,0.464681592904018,"programmed cell death protein 10-B-like","liver"
"LOC115109380",129.284063753302,0.061921794414605,0.101100591034388,0.153418060159726,0.443919583110383,"cytochrome c","liver"
"LOC115141226",118.945181533935,0.0618935399855564,0.107507090692172,0.113995151299819,0.394843487389548,"serine/threonine-protein kinase 40-like","liver"
"LOC115108757",1392.67791496027,0.0618888278618143,0.100605094481216,0.159015864899666,0.450103239813223,"60S ribosomal protein L5-like","liver"
"LOC115143065",144.964756467777,0.0618456943790269,0.0772027988672903,0.218582004558246,0.514503686801253,"carboxy-terminal domain RNA polymerase II polypeptide A small phosphatase 2-like","liver"
"LOC115130449",278.663608930458,0.06184504741695,0.0754330096512182,0.213056294625052,0.512038594865395,"zinc finger CCCH domain-containing protein 15-like","liver"
"LOC115135860",849.180405424162,0.0617064862686784,0.0797544757401098,0.211414658840075,0.510199022754378,"solute carrier family 13 member 5-like, transcript variant X2","liver"
"LOC115119515",141.382926805524,0.0615913960772981,0.0785120079962325,0.213386050339129,0.512113441838229,"transmembrane 9 superfamily member 4","liver"
"LOC115133528",92.9186772012827,0.0614768138115816,0.0928131264269829,0.190874797835082,0.486229707127124,"mitochondrial fission 1 protein-like","liver"
"LOC115102811",171.189971231724,0.0614180900418894,0.088040422809652,0.204075700415458,0.50094406071257,"lactoylglutathione lyase-like","liver"
"LOC115142973",225.919147857766,0.0613855266750871,0.0843937590629383,0.210833451816117,0.509772381528497,"serine/arginine-rich splicing factor 3-like","liver"
"LOC115129593",79.054003547975,0.0613277538569382,0.0793000591389968,0.215802174566829,0.514186959807711,"ubiquitin-conjugating enzyme E2 A","liver"
"LOC115140301",247.746852141844,0.0612822308598015,0.0949247399525161,0.18456758987997,0.479980727834032,"ATP synthase subunit alpha, mitochondrial-like","liver"
"lg9bh14orf119",61.0029885554393,0.0612599242835759,0.0854424587820843,0.208534358750041,0.507083282246149,"linkage group 9b C14orf119 homolog","liver"
"LOC115107122",318.020719417165,0.0612524964259049,0.109004301903987,0.100164869228682,0.372921081015946,"sodium-coupled neutral amino acid transporter 2-like","liver"
"LOC115139681",370.712223863557,0.0612455536364393,0.101591834809528,0.150928080880907,0.441993323287318,"lysosomal-associated transmembrane protein 4A-like, transcript variant X3","liver"
"LOC115112194",358.337360412104,0.0612448390401769,0.0970818513819126,0.175599398491628,0.471121619369691,"UDP-glucuronosyltransferase 2C1-like, transcript variant X1","liver"
"LOC115116167",253.855136902324,0.0611547199783704,0.0950070114466512,0.178433612168168,0.474799341503657,"exocyst complex component 7-like","liver"
"LOC115123305",96.4941894974684,0.0611275082374304,0.110263739445106,0.0879634854184818,0.353721798164998,"transcription factor jun-B-like, transcript variant X2","liver"
"LOC115130705",165.232960321636,0.0610618276240585,0.0866625876692528,0.214315131324872,0.512822279439546,"GTP-binding nuclear protein Ran, transcript variant X1","liver"
"LOC115114132",358.544180576282,0.0610293996938938,0.0752798547687099,0.216548158643349,0.514364973560776,"profilin-2-like, transcript variant X1","liver"
"mrpl3",61.0631089064383,0.0609076027170191,0.0886440404607389,0.208755090188675,0.507083282246149,"mitochondrial ribosomal protein L3","liver"
"LOC115144414",68.6139885311723,0.0608454906995736,0.103880229010545,0.138965608290729,0.426203024373974,"glutathione S-transferase 3-like","liver"
"LOC115133296",845.656422254371,0.0606807696544396,0.0941140151913907,0.181075568584828,0.476599777265298,"60S ribosomal protein L34, transcript variant X1","liver"
"LOC115120410",191.884212731117,0.0606714129101941,0.0970255299922931,0.178727848642872,0.475208552555999,"protein Tob1-like, transcript variant X2","liver"
"LOC115133558",76.758008630793,0.0606682891742226,0.083022103464842,0.216017691052101,0.514186959807711,"alkaline ceramidase 2-like","liver"
"LOC115114215",1084.59007860201,0.0606149259313886,0.0902079816395001,0.20348558730655,0.50038038228154,"40S ribosomal protein S15-like","liver"
"LOC115113540",140.715641116778,0.0606008436229435,0.0817452064835688,0.217456155914944,0.514503686801253,"cytochrome b-c1 complex subunit Rieske, mitochondrial-like","liver"
"LOC115105290",83.5615681170755,0.0604956704563491,0.0946964399218807,0.188215410217665,0.483102022699751,"protein transport protein Sec24A-like, transcript variant X1","liver"
"timm9",66.2613879207302,0.0604647916400892,0.086194479635132,0.210885133042816,0.509772381528497,"translocase of inner mitochondrial membrane 9","liver"
"LOC115141522",216.184267030422,0.0604153794915365,0.0698112381624105,0.215838316539154,0.514186959807711,"cleft lip and palate transmembrane protein 1 homolog","liver"
"snrnp27",116.607358597516,0.0602995472094282,0.0849311592565606,0.212173892603113,0.510847514985607,"small nuclear ribonucleoprotein U4/U6.U5 subunit 27","liver"
"LOC115102631",78.0374255717273,0.0601875601920179,0.0819068520950763,0.219844166003104,0.515088075261921,"tensin-2-like, transcript variant X1","liver"
"LOC115129439",271.280723391881,0.0601657491493546,0.0835518840606738,0.21607848266757,0.514186959807711,"cofilin-2-like","liver"
"lg15h1orf50",92.6738181049424,0.0601460079192756,0.0935791413051355,0.192778670876746,0.488356657858059,"linkage group 15 C1orf50 homolog","liver"
"lztr1",70.1878008953392,0.0601420290239907,0.0841332212539373,0.216220914894607,0.514186959807711,"leucine zipper like transcription regulator 1","liver"
"LOC115142754",772.729884985728,0.0601413675556106,0.105934390598195,0.123129444988397,0.405392259913334,"RNA polymerase II elongation factor ELL2-like, transcript variant X2","liver"
"LOC115101635",98.8710477644754,0.0601181122229221,0.0892081733325421,0.20426129266543,0.50094406071257,"mitochondrial import receptor subunit TOM40 homolog, transcript variant X4","liver"
"LOC115140749",5335.85775901998,0.0600909014818796,0.0901049548050373,0.219803031913923,0.515088075261921,"complement C1r subcomponent-like","liver"
"LOC115108258",150.523571883954,0.0600881389702937,0.0834797371955321,0.218175009701612,0.514503686801253,"ras-related protein Rab-11B-like","liver"
"LOC115102162",120.503581896368,0.0599710760353851,0.0785844437590969,0.223080639891224,0.516643694750874,"charged multivesicular body protein 4b-like","liver"
"LOC115146282",314.392240572954,0.059885115495137,0.0719069145869098,0.222206942017426,0.51642870199588,"KH domain-containing, RNA-binding, signal transduction-associated protein 1-like, transcript variant X5","liver"
"rbks",259.455414849616,0.0598805133474768,0.0738096371262476,0.235574423559359,0.529846504573023,"ribokinase, transcript variant X1","liver"
"LOC115143991",57.5971577443556,0.0597923550849378,0.0814577470069392,0.222394027644915,0.516511713208362,"vesicle transport through interaction with t-SNAREs homolog 1A-like, transcript variant X2","liver"
"LOC115101926",105.182785003698,0.059777958848127,0.092159374964616,0.200863091832349,0.496718234682126,"para-nitrobenzyl esterase-like, transcript variant X2","liver"
"LOC115129832",310.85762061188,0.0596484739849912,0.0893695182553449,0.201687762727173,0.497325662961862,"receptor expression-enhancing protein 6-like","liver"
"LOC115137969",65.2378628734932,0.0596355473421844,0.0861475811447083,0.213888127804532,0.512432154499533,"NEDD8","liver"
"LOC115122675",172.031275722152,0.0594808151646477,0.105811645527449,0.120931073879919,0.402379638477182,"lysosome membrane protein 2-like","liver"
"LOC115130688",132.918039338148,0.0594212425019193,0.104300160061173,0.132666161527688,0.417888156404061,"nocturnin-like, transcript variant X1","liver"
"LOC115136070",129.225311459263,0.0594155097540596,0.0732522622918448,0.226100792612555,0.521083623301105,"mitochondrial import inner membrane translocase subunit Tim17-A","liver"
"LOC115109479",113.930977463326,0.0592450578259046,0.0990090906290908,0.17061173818427,0.464553299943853,"MOB kinase activator 2-like, transcript variant X1","liver"
"LOC115135671",67.5088520327555,0.0592147276620781,0.103900387022572,0.135787566462908,0.422520506115968,"H/ACA ribonucleoprotein complex subunit DKC1-like","liver"
"LOC115123937",790.762208653706,0.0591921709395753,0.109019131504562,0.0989743677652742,0.371096080986501,"mesencephalic astrocyte-derived neurotrophic factor-like","liver"
"LOC115129377",65.090850952086,0.0591326389098488,0.106507943524591,0.114027333611209,0.394843487389548,"ancient ubiquitous protein 1-like","liver"
"LOC115119285",103.75275007385,0.059063244323408,0.0955254105221575,0.187767852923187,0.482967478149619,"GRIP and coiled-coil domain-containing protein 2-like, transcript variant X1","liver"
"paip2b",162.558926775031,0.0590009350119731,0.0898748811232668,0.211026202294204,0.509772381528497,"poly(A) binding protein interacting protein 2B, transcript variant X2","liver"
"LOC115137017",63.3994356209994,0.0589558816887839,0.0996215351762417,0.166027480099263,0.458239415732302,"mitochondrial import inner membrane translocase subunit TIM50-like, transcript variant X2","liver"
"LOC115129293",81.4672720974212,0.0588331625598236,0.102945430252953,0.143151246296741,0.430615852328795,"COMM domain-containing protein 5-like","liver"
"LOC115136676",2086.08790453393,0.0588280414205234,0.100078496402275,0.156719139289123,0.446659174059623,"40S ribosomal protein S25-like","liver"
"LOC115130480",110.235240681381,0.058759321738061,0.0759234986792629,0.231580712681673,0.526562154159259,"protein FAM199X, transcript variant X1","liver"
"LOC115101325",92.0602686945075,0.0587495916251787,0.0751160033448743,0.232970908175711,0.527687459896506,"U4/U6.U5 tri-snRNP-associated protein 1-like","liver"
"LOC115111973",63.9874841024484,0.058713833373688,0.0974720846131973,0.18123778515519,0.476599777265298,"PR domain zinc finger protein 12-like","liver"
"LOC115111497",91.2340752810977,0.0586976129521951,0.0781288289663765,0.232875244855828,0.527687459896506,"RING finger protein 10-like","liver"
"LOC115113961",494.677881694326,0.0585242100009933,0.101862818907031,0.135164105801563,0.422025930165245,"protein transport protein Sec61 subunit gamma-like, transcript variant X1","liver"
"LOC115111015",737.130815354998,0.058518764449641,0.0920476993848567,0.2063203354827,0.504504744939455,"cytochrome c oxidase subunit 6A, mitochondrial-like","liver"
"LOC115129381",115.877638944506,0.0585160312827546,0.0800926797884818,0.233854252956256,0.528375795482094,"tetraspanin-7-like","liver"
"LOC115117629",180.200992942569,0.058487306832436,0.086154949555515,0.220770510094174,0.515384077401978,"probable C-mannosyltransferase DPY19L1","liver"
"LOC115136381",113.689344743229,0.0584764126793553,0.101834922732339,0.151054146059675,0.441993323287318,"mitochondrial fission 1 protein-like","liver"
"LOC115119847",1875.73109729824,0.0584344857036027,0.108901772040368,0.083592734626488,0.347664337007804,"complement factor H-like","liver"
"LOC115141784",108.359819037974,0.0584341487082813,0.0953024479291355,0.190583162656902,0.486229707127124,"T-complex protein 1 subunit zeta-like","liver"
"LOC115112359",167.333179634346,0.0584072624178229,0.084542732283379,0.225551967127807,0.520878083860022,"transcription factor 25-like, transcript variant X1","liver"
"LOC115107019",1557.50587840587,0.0583827512985864,0.0972057182025166,0.180704167127297,0.476599777265298,"inter-alpha-trypsin inhibitor heavy chain H2-like","liver"
"LOC115131407",276.650635214674,0.0583219781726925,0.0996208142725413,0.165401810388923,0.458057256769939,"ATP-binding cassette sub-family F member 1-like, transcript variant X1","liver"
"tmem59",227.343213804228,0.058211186418927,0.0779669861680583,0.23430543629424,0.528808947029526,"transmembrane protein 59","liver"
"LOC115115363",1165.65984416294,0.0581571157380636,0.110655770674451,0.069096034436957,0.318558887877367,"ferritin, middle subunit-like","liver"
"LOC115110447",528.629665841514,0.0578850871952179,0.0816710498166752,0.233486571307878,0.528186511967417,"glutaryl-CoA dehydrogenase, mitochondrial-like","liver"
"LOC115102044",141.961759153878,0.0578153086146561,0.0729218640888141,0.234247468718307,0.528808947029526,"14-3-3 protein beta/alpha-2","liver"
"LOC115141350",5725.26724050577,0.0577660935889546,0.09898548159801,0.163499567959267,0.455221463268407,"CD209 antigen-like protein E","liver"
"LOC115103223",632.422642751122,0.0575622078924931,0.0881291855976367,0.199891290315878,0.496181792666034,"stress-associated endoplasmic reticulum protein 1","liver"
"agt",6424.07048521879,0.0574954851022485,0.0819006227917609,0.318759736049004,0.604704843863596,"angiotensinogen","liver"
"LOC115137198",101.638653717532,0.0574191282745924,0.0889890760006929,0.219870945686671,0.515088075261921,"eukaryotic translation initiation factor 4H-like, transcript variant X1","liver"
"fam133b",502.620259698261,0.0574159913558421,0.0724668242536085,0.258550497175169,0.556415959073912,"family with sequence similarity 133 member B","liver"
"LOC115108068",61.3781747814097,0.0573238874175841,0.0901049468735793,0.216991853188244,0.514503686801253,"GRAM domain-containing protein 2B-like, transcript variant X1","liver"
"cacybp",70.1535060928331,0.0573081583056423,0.0857495934703189,0.229397533405813,0.524410738172795,"calcyclin binding protein","liver"
"spp2",2520.84482121041,0.0572743160061406,0.106010218910332,0.109751535968419,0.388322274832704,"secreted phosphoprotein 2","liver"
"LOC115109270",472.88167149605,0.0571047246274006,0.0872830878177711,0.229163607814044,0.524279680165894,"ATP synthase F(0) complex subunit C3, mitochondrial-like, transcript variant X1","liver"
"LOC115118184",132.734652360638,0.0570670441767501,0.0816338743294165,0.239219134774564,0.533985319463922,"interleukin-6 receptor subunit beta-like","liver"
"LOC115111647",80.509102993515,0.0570423205382664,0.0998559875181878,0.16481303933463,0.457926345145162,"transcobalamin-2-like","liver"
"LOC115129186",358.966331011248,0.0568967830035008,0.0813776947750716,0.237501865865947,0.531899783115166,"transmembrane emp24 domain-containing protein 9","liver"
"LOC115104250",153.795034457569,0.05681161867964,0.0867259776435027,0.229746889635956,0.524914978787082,"eukaryotic translation initiation factor 3 subunit G","liver"
"LOC115141129",100.308074049544,0.056797472384615,0.0724072040413977,0.243438784596755,0.536838563244212,"septin-7, transcript variant X1","liver"
"LOC115118403",193.585625480442,0.0567961163694406,0.0706912855634095,0.241800412407726,0.536838563244212,"proteasome subunit alpha type-2","liver"
"LOC115122295",70.8663462206216,0.056745114571477,0.101286302003807,0.156364711219649,0.446631088248977,"Krueppel-like factor 15","liver"
"LOC115130819",57.5972573525681,0.0564876862467819,0.0955082539534259,0.193680230800547,0.488817721822308,"electron transfer flavoprotein-ubiquinone oxidoreductase, mitochondrial-like, transcript variant X2","liver"
"LOC115117957",150.20472274128,0.0564009262789573,0.0907500083504945,0.218525475215484,0.514503686801253,"2-hydroxyacyl-CoA lyase 1-like","liver"
"LOC115106918",125.242819766575,0.0563612400308613,0.0984317288284313,0.199602956052129,0.496086371261268,"ras-related and estrogen-regulated growth inhibitor","liver"
"LOC115105090",282.602634174124,0.0563347553845102,0.0923465130568416,0.21173566776498,0.510664137074599,"Krueppel-like factor 6","liver"
"LOC115105363",69.0616910643044,0.0563216950878725,0.0828635594609915,0.240657066859921,0.536020194846327,"calcium uptake protein 2, mitochondrial-like","liver"
"LOC115112450",81.2808609463421,0.0562231669149918,0.0755013166509996,0.249083541592173,0.544547702597072,"transmembrane protein 9B-like","liver"
"LOC115129232",353.639506780517,0.0561992289668241,0.087935632323137,0.235069761766194,0.529270947996342,"neutral alpha-glucosidase AB-like, transcript variant X3","liver"
"LOC115133233",3765.4709271905,0.0561343684593708,0.0975974846541235,0.141974483006864,0.429510379412954,"L-lactate dehydrogenase B chain-like, transcript variant X2","liver"
"suox",198.566019680473,0.0560718235844913,0.0950503047736621,0.199952901984031,0.496181792666034,"sulfite oxidase","liver"
"LOC115103209",59.9668806326273,0.0560515333015543,0.0902110846909784,0.222231585696951,0.51642870199588,"actin-related protein 2/3 complex subunit 5-like","liver"
"aifm2",63.1338061945869,0.0560219878866661,0.103052365129395,0.154209914632549,0.444006832320837,"apoptosis inducing factor mitochondria associated 2","liver"
"LOC115111469",93.7646971796098,0.056015738626306,0.0859358785746062,0.236717931247049,0.530990322991257,"protein SET-like","liver"
"LOC115141057",135.415140135947,0.0559771985842994,0.0789138587979014,0.250365812502739,0.545539345742569,"induced myeloid leukemia cell differentiation protein Mcl-1 homolog","liver"
"LOC115125303",119.192681076749,0.055967619362585,0.100781960522799,0.157607054826973,0.447369174076884,"tubulin alpha chain","liver"
"LOC115123753",384.157415664015,0.0559166552281118,0.102517757283611,0.142091177945615,0.429510379412954,"transmembrane protein 258","liver"
"LOC115113321",36172.75141835,0.0559062777244362,0.0849489166204379,0.23972093312657,0.534812547030049,"serum amyloid P-component-like","liver"
"hal",3043.41734694575,0.0558622508610689,0.0662291111001055,0.256842815502424,0.553910749199936,"histidine ammonia-lyase","liver"
"LOC115109240",110.958660825124,0.055677082406735,0.0945511023910889,0.2033547204432,0.50038038228154,"DNA-directed RNA polymerases I, II, and III subunit RPABC1","liver"
"LOC115102232",387.579163910278,0.0554520380214304,0.110042367316209,0.0527707098062898,0.28440666342479,"properdin-like","liver"
"LOC115109596",71.6575299899874,0.0552851020037184,0.0884901016673592,0.231504500007079,0.526562154159259,"NADH dehydrogenase [ubiquinone] 1 alpha subcomplex subunit 9, mitochondrial-like","liver"
"ssh2",74.1663391832755,0.055263260480544,0.104661251783981,0.11672909288661,0.397673381316156,"slingshot protein phosphatase 2, transcript variant X2","liver"
"LOC115119899",77.2363018663648,0.0551882885652958,0.0882284332790737,0.233717637466579,0.528360005720342,"solute carrier family 35 member F6-like","liver"
"LOC115110316",84.5830363407169,0.0551098762066397,0.0819018879649095,0.25043397359714,0.545539345742569,"transmembrane protein 184B-like, transcript variant X1","liver"
"LOC115128742",558.545035587418,0.0550573379210641,0.0764023436870241,0.308459141948536,0.600133395027319,"alpha-1,3-mannosyl-glycoprotein 2-beta-N-acetylglucosaminyltransferase-like, transcript variant X1","liver"
"LOC115133216",229.38802346786,0.0550529005209015,0.0816664573181968,0.24883298091634,0.544413972203436,"ADP-ribosylation factor 4","liver"
"LOC115140869",31466.1479209623,0.0549981014517864,0.080806438802978,0.23174097531301,0.526562154159259,"apolipoprotein C-I-like","liver"
"LOC115109711",111.310528685277,0.0549220468440435,0.0850487462848655,0.245025957742371,0.537816803316051,"transcription initiation factor TFIID subunit 3-like","liver"
"LOC115105724",69.6846388477904,0.0549052764199029,0.0934304020811889,0.210060396750612,0.50873807317617,"MICOS complex subunit MIC27-like, transcript variant X2","liver"
"arl6ip4",71.5119700647839,0.0548489550668609,0.0893103357545108,0.225809425818362,0.521083623301105,"ADP ribosylation factor like GTPase 6 interacting protein 4","liver"
"LOC115131360",2096.54251578148,0.0548434304996291,0.109017883945346,0.0627751890663432,0.30646889973186,"fatty acid-binding protein, liver-like","liver"
"LOC115135742",173.161468037541,0.0548330740172095,0.0758856505558575,0.284019781930452,0.581156943347651,"protein YIPF6","liver"
"virma",70.1167463721452,0.0547038172159475,0.0789102308822675,0.264354061611395,0.561930173304232,"vir like m6A methyltransferase associated","liver"
"LOC115101930",696.744381272404,0.0546336730622704,0.0936176410444455,0.207259161999645,0.505814444934547,"ragulator complex protein LAMTOR5-like","liver"
"LOC115120937",555.191166230875,0.0546329218263666,0.0951935069378722,0.20377909090816,0.500665204666462,"40S ribosomal protein S19","liver"
"LOC115143249",61.3085210553093,0.0546296187773039,0.0835689303949828,0.250551927190895,0.545539345742569,"protein/nucleic acid deglycase DJ-1-like","liver"
"LOC115132210",837.856532368402,0.0546264919186592,0.0783572563682866,0.257859435831678,0.55522190198094,"properdin-like","liver"
"LOC115107612",66.3914893826095,0.0546060978420001,0.0795303443531759,0.253305872567471,0.54898717723888,"14-3-3 protein zeta-like, transcript variant X1","liver"
"rbp2",4599.3080009075,0.0545914078121254,0.0894330124991017,0.226142427088644,0.521083623301105,"retinol binding protein 2","liver"
"LOC115103230",71.1911425140714,0.0545160316586341,0.0965958709429765,0.190716308261583,0.486229707127124,"coatomer subunit beta'-like, transcript variant X2","liver"
"LOC115144425",1680.66707080069,0.0544109766347296,0.0984563487270878,0.175225790296964,0.470730067742526,"nucleolar RNA helicase 2-like","liver"
"LOC115105176",78.6669321378898,0.0544049702478528,0.0824281879077454,0.251880903677895,0.546695676146897,"vacuolar protein sorting-associated protein 41 homolog","liver"
"LOC115113375",252.693791721102,0.0543961730822547,0.100355409347121,0.159528973908611,0.451121194605114,"lysophosphatidylserine lipase ABHD12-like","liver"
"LOC115122937",231.907936802106,0.05434083149323,0.104763523882534,0.114209413118911,0.394843487389548,"ictacalcin-like","liver"
"bsdc1",114.632256273596,0.0542130034525466,0.0822251835121814,0.255667675719102,0.552838963517804,"BSD domain containing 1","liver"
"tpra1",112.879595673935,0.0541973330912183,0.0799401492617134,0.259636255981276,0.557868940105262,"transmembrane protein adipocyte associated 1","liver"
"LOC115141348",75.9724545797608,0.0541572774554209,0.0916751354893729,0.221821607978483,0.51642870199588,"citrate synthase, mitochondrial-like, transcript variant X2","liver"
"LOC115103268",139.426872640922,0.0540625776707633,0.0833035345504475,0.253347615403909,0.54898717723888,"CMP-N-acetylneuraminate-beta-1,4-galactoside alpha-2,3-sialyltransferase-like, transcript variant X2","liver"
"LOC115126013",70.9386252007714,0.0539811118508057,0.103051175719462,0.130616506233008,0.41540889168661,"transmembrane protein 14C-like, transcript variant X2","liver"
"LOC115108401",201.68875756257,0.0538890934275183,0.0908232651509783,0.227786636259817,0.523369971474077,"inhibitor of growth protein 5-like, transcript variant X2","liver"
"LOC115121671",92.475158153515,0.0538485053566175,0.0941337275213724,0.209061970948567,0.507365856302503,"interferon-induced 35 kDa protein homolog, transcript variant X1","liver"
"LOC115123973",312.469523909586,0.0537759330628219,0.0910493481015243,0.226765648023274,0.52220157138015,"26S proteasome regulatory subunit 10B-like","liver"
"LOC115119450",62.2487924673591,0.0536868122401114,0.0755471152515657,0.265679594112134,0.562909598388969,"leukocyte receptor cluster member 9-like, transcript variant X2","liver"
"LOC115139282",327.655435433626,0.0536636406889479,0.096432843687306,0.193543385528177,0.488817721822308,"solute carrier family 22 member 16-like","liver"
"LOC115112131",118.89014653098,0.0535551748860077,0.0680029040176817,0.263745305362979,0.561664506091693,"T-cell immunomodulatory protein-like","liver"
"LOC115130424",337.854820420229,0.0535187401265329,0.104441430305974,0.112406909517864,0.39294216397497,"protein phosphatase 1 regulatory subunit 3G-like","liver"
"cir1",164.894136292065,0.0534740267901031,0.0908910121434567,0.231088712138439,0.526562154159259,"corepressor interacting with RBPJ, 1","liver"
"LOC115141048",175.49599964002,0.0534280194681802,0.0988160070626714,0.173395992525867,0.467435228528727,"tubulin alpha-1C chain","liver"
"cops3",123.429122017675,0.0534028042815674,0.0899476331763941,0.234757217666927,0.529170367849425,"COP9 signalosome subunit 3","liver"
"LOC115128431",72.1315667540793,0.0533894353890474,0.0909024328478863,0.229133204457808,0.524279680165894,"CDC42 small effector protein 1-like","liver"
"LOC115122039",65.027145758303,0.0533448301258045,0.0806923764633904,0.264947121338088,0.562460659673982,"telomerase RNA component interacting RNase-like","liver"
"LOC115130665",401.631972056451,0.0532695620089234,0.0893130187854447,0.239024467649369,0.53398143869427,"cofilin-2-like","liver"
"LOC115107932",109.901525450102,0.0532603806175796,0.0844370259250136,0.256722928916604,0.553910749199936,"protein yippee-like 5, transcript variant X2","liver"
"LOC115109482",84.7134491053738,0.0532581996487784,0.0824282269920082,0.257339604551682,0.554395469425293,"dnaJ homolog subfamily A member 2-like","liver"
"LOC115115068",69.9820961936384,0.0532336349416051,0.0880233915924819,0.243862610560627,0.536838563244212,"transcription and mRNA export factor ENY2-2, transcript variant X2","liver"
"LOC115135101",357.072360285151,0.0532295174511851,0.0808924354010613,0.264421509420392,0.561930173304232,"multiple inositol polyphosphate phosphatase 1-like, transcript variant X2","liver"
"LOC115129536",2035.18964158399,0.0532242236133791,0.103688674183478,0.118841017361098,0.399022611236311,"sequestosome-1-like, transcript variant X1","liver"
"LOC115102288",78.1200649038758,0.0532055079099889,0.08006900761623,0.266336521660113,0.563006462704206,"E3 ubiquitin-protein ligase Itchy-like, transcript variant X1","liver"
"LOC115130259",92.7681678609324,0.0530935809283164,0.0910532530686462,0.231759691992569,0.526562154159259,"zinc finger CCHC domain-containing protein 2-like, transcript variant X1","liver"
"hint1",169.946792222237,0.0530867247025607,0.09357268488756,0.21454012092957,0.512883010503769,"histidine triad nucleotide binding protein 1","liver"
"LOC115129573",122.337253667434,0.0530056368753317,0.0963977922259962,0.193591007003867,0.488817721822308,"glutathione S-transferase P-like","liver"
"LOC115104132",86.6357856373506,0.0529758114078376,0.0866288010572491,0.250804269642419,0.545797225340363,"ras-related protein Rab-11A-like","liver"
"LOC115103365",1785.59718004582,0.0529211541129728,0.0885925734497019,0.242141829511195,0.536838563244212,"ATP-binding cassette sub-family F member 2-like, transcript variant X2","liver"
"LOC115137287",2094.9454247571,0.052893163669084,0.0961621427084743,0.175311148879577,0.470730067742526,"plasma protease C1 inhibitor-like, transcript variant X2","liver"
"LOC115121786",892.883836396232,0.0527696859626593,0.0850631674156666,0.261415302785137,0.559332689843684,"60S ribosomal protein L23a","liver"
"LOC115109887",81.2147102399517,0.0527482059282677,0.0770321143680231,0.272722313222887,0.570644840193268,"RING-box protein 1","liver"
"LOC115146299",115.202808925559,0.0526178156717589,0.0907206173761769,0.233511308774604,0.528186511967417,"transmembrane protein 50A","liver"
"LOC115111720",2386.07487541868,0.0526089013776615,0.0931101547751991,0.2163616404032,0.514221601331453,"60S ribosomal protein L6-like","liver"
"LOC115126710",1553.97029299949,0.0525175961096649,0.105625483506112,0.0751981034314112,0.330036247274988,"complement factor H-related protein 1-like","liver"
"LOC115118210",1018.37054128121,0.0524224124568638,0.091381658039636,0.230157908474192,0.525265193135949,"40S ribosomal protein S23","liver"
"acp1",91.693690118323,0.0523815558296251,0.0894848584266957,0.240557950489516,0.536020194846327,"acid phosphatase 1, transcript variant X1","liver"
"LOC115138886",70.8011585131562,0.0523680106012523,0.0959272753585778,0.197888315700114,0.494866556574453,"transmembrane protein 256-like","liver"
"LOC115103252",197.181891238061,0.0522990596148575,0.0861918736983096,0.250248480615639,0.545539345742569,"calponin-2-like","liver"
"LOC115137305",338.565679507465,0.0522585742049073,0.0963553525459993,0.197917512750719,0.494866556574453,"N-acyl-aromatic-L-amino acid amidohydrolase (carboxylate-forming) B-like","liver"
"LOC115128614",67.2774194693632,0.0522364131404827,0.0957737767061834,0.19825012456256,0.494866556574453,"WD repeat-containing protein 3-like","liver"
"LOC115103393",1627.87356249413,0.0522327774684122,0.104857761340051,0.0864864794222899,0.351114432395671,"pancreatic alpha-amylase-like","liver"
"LOC115120174",691.613313250895,0.052186538375491,0.0961884499232111,0.195269611965713,0.491137928346786,"60S ribosomal protein L37","liver"
"LOC115122004",71.5196740524863,0.0520982111257484,0.107459793769722,0.0552889499895129,0.288920205329814,"transmembrane protein 53-like, transcript variant X1","liver"
"LOC115101134",580.969045944648,0.0520695171526325,0.100687752319516,0.151311460101174,0.442428630826675,"growth hormone receptor-like, transcript variant X1","liver"
"LOC115113644",108.777314117835,0.0520352800767509,0.0699526645072237,0.279679061886461,0.577796523365651,"AP-1 complex subunit gamma-1, transcript variant X3","liver"
"LOC115102873",153.767315081527,0.0520070023424022,0.0942952862878341,0.211857962657789,0.510664137074599,"NADH dehydrogenase [ubiquinone] 1 alpha subcomplex subunit 13-like","liver"
"LOC115101113",89.7489118949328,0.0519149992312329,0.0912380124653382,0.238409181557208,0.533638563441615,"hepatic leukemia factor-like, transcript variant X2","liver"
"LOC115114563",59.2111923152307,0.051893741085994,0.0808232181083465,0.276460729807006,0.57404683377145,"ATP-binding cassette sub-family B member 8, mitochondrial-like, transcript variant X2","liver"
"rps7",753.710282813617,0.0518003868677402,0.0901183906414614,0.226922118849285,0.52226683028215,"ribosomal protein S7","liver"
"LOC115122609",302.327170892081,0.0517813617777508,0.0874256951843713,0.244185156097834,0.536838563244212,"myosin-9-like, transcript variant X3","liver"
"LOC115134382",113.10664764603,0.0517436768367635,0.0890546114198304,0.244665946017279,0.537315946102602,"group XV phospholipase A2-like, transcript variant X1","liver"
"LOC115101086",60.2345162259562,0.0516537155561983,0.0932150547456291,0.22214008218629,0.51642870199588,"protein phosphatase 1 regulatory subunit 26-like, transcript variant X1","liver"
"vti1b",146.906210630018,0.0516362166179416,0.108415695223638,0.0359874554575008,0.236107404549631,"vesicle transport through interaction with t-SNAREs 1B, transcript variant X3","liver"
"slc31a1",3455.10899944978,0.0516156350784168,0.0896313381257211,0.192095338968377,0.487231239349785,"solute carrier family 31 member 1","liver"
"bcap31",319.141462932714,0.051605015468873,0.0656415294615269,0.290365361916227,0.585326021350416,"B cell receptor associated protein 31","liver"
"LOC115102419",151.843749522136,0.051600250243695,0.0931539795145939,0.226152337983232,0.521083623301105,"CD63 antigen-like","liver"
"LOC115103832",10262.8586966935,0.051535060601744,0.0933901258315872,0.220593711459671,0.515384077401978,"beta-2-glycoprotein 1-like","liver"
"LOC115142807",419.48267649127,0.0514241078742983,0.0959773577750494,0.198815345750792,0.495034422284806,"60S ribosomal protein L10a","liver"
"LOC115102427",101.112026807506,0.0513567153830777,0.0863007080706269,0.260563834643,0.558390215565125,"citrate synthase, mitochondrial-like","liver"
"LOC115110071",125.970876158397,0.0511526336043931,0.0842895302040879,0.269717935266779,0.566393768236678,"26S proteasome non-ATPase regulatory subunit 11","liver"
"psma5",584.372945576865,0.0511400780141855,0.0866656197543768,0.251880738173413,0.546695676146897,"proteasome subunit alpha 5","liver"
"LOC115117682",136.777817296781,0.0511179460252576,0.0900053777477178,0.244057572515029,0.536838563244212,"nuclear protein localization protein 4 homolog, transcript variant X1","liver"
"LOC115142061",91.1303671266933,0.0510958758339797,0.0940914485867131,0.218082487758806,0.514503686801253,"apoptosis-associated speck-like protein containing a CARD","liver"
"LOC115110813",59.7286634469468,0.0510398757633436,0.0961183949029567,0.199123342861811,0.495196305982148,"nucleolar transcription factor 1-like, transcript variant X4","liver"
"LOC115136854",944.441544154039,0.0510130046400317,0.0905101780314418,0.241998235438858,0.536838563244212,"40S ribosomal protein S3-like","liver"
"LOC115109095",4652.99968967017,0.0509999601041849,0.0956655730888556,0.198510541375715,0.495034422284806,"antithrombin-III-like","liver"
"LOC115115736",87.7288658681846,0.0509356521814433,0.0890384639809079,0.250097183102155,0.545539345742569,"heme oxygenase 2-like","liver"
"LOC115106816",550.484228582179,0.0509070057824135,0.0959682564876171,0.200759325139436,0.496718234682126,"vitronectin-like","liver"
"LOC115129291",90.7116833384546,0.0509023720402376,0.0852716824022438,0.296683349078286,0.590091121146007,"protein FAM199X-like, transcript variant X3","liver"
"LOC115142616",591.204674384731,0.0509019296022533,0.10027390382568,0.151651485761452,0.442471925779497,"N-acetylmuramoyl-L-alanine amidase-like, transcript variant X2","liver"
"LOC115112256",99.8600323144842,0.0508199720935866,0.0857272076150344,0.267074602264954,0.563456157875353,"AP-1 complex subunit gamma-1-like, transcript variant X1","liver"
"LOC115132498",91.8124242672036,0.0508145247300191,0.085162924650813,0.268100950404194,0.564351190031528,"proliferation-associated protein 2G4-like","liver"
"LOC115106333",64.6923425276081,0.0507954869724161,0.081190989283615,0.279684136555552,0.577796523365651,"ER membrane protein complex subunit 2, transcript variant X1","liver"
"LOC115119163",359.674069479448,0.0507884610920032,0.108227865819928,0.0289450550209908,0.216477145441392,"copper transport protein ATOX1-like","liver"
"LOC115128685",71.3988038265009,0.0507789079797291,0.0818003908156438,0.278369546601663,0.576541804851819,"protein lifeguard 1-like, transcript variant X1","liver"
"LOC115128063",662.299766062866,0.0507414123053344,0.0952698237421005,0.197678627543669,0.494866556574453,"pyruvate kinase PKM-like","liver"
"LOC115119775",2625.0215449487,0.0507056867183299,0.101777380587051,0.1318288045061,0.416538145090591,"endoplasmic reticulum chaperone BiP","liver"
"LOC115145847",65.7386970510395,0.0506699975621621,0.0837638430142269,0.273076249505633,0.571050078285483,"AH receptor-interacting protein-like, transcript variant X2","liver"
"acad11",152.252726176351,0.0506596129614085,0.0841388783875919,0.273980548774683,0.571050078285483,"acyl-CoA dehydrogenase family member 11","liver"
"LOC115143384",58.4532779230158,0.0506239143005932,0.0707217991067826,0.289274748880669,0.583993995263798,"CXXC-type zinc finger protein 1-like, transcript variant X1","liver"
"LOC115101055",60.7065044758226,0.0506164367355033,0.108687605824147,0.0201529620905401,0.181137621423119,"tubulin alpha chain, testis-specific-like","liver"
"acot13",71.5093534820937,0.0505680946768923,0.0903142620853478,0.24391582715884,0.536838563244212,"acyl-CoA thioesterase 13, transcript variant X2","liver"
"LOC115140133",89.0572890014977,0.0505344233242458,0.0948890615184774,0.209120372568254,0.507365856302503,"acyl-CoA dehydrogenase family member 11-like, transcript variant X3","liver"
"LOC115142570",105.768859039987,0.0504828022446345,0.0949066005972232,0.209834977576659,0.508494273842128,"group XIIB secretory phospholipase A2-like protein","liver"
"ost4",326.358013233858,0.0504564381793008,0.0913136505163675,0.239036661844579,0.53398143869427,"oligosaccharyltransferase complex subunit 4, non-catalytic","liver"
"LOC115141973",65.2611543697944,0.0503695963088723,0.0828643328702351,0.275385110058103,0.572396587759729,"integral membrane protein 2C-like, transcript variant X1","liver"
"LOC115141088",236.55432712273,0.0503660831008714,0.0649568505753216,0.284629791556821,0.581820978127182,"ubiquilin-4-like","liver"
"LOC115133588",214.684890410715,0.0502614377603133,0.0942423386648959,0.216742854964195,0.514503686801253,"ceramide-1-phosphate transfer protein-like, transcript variant X2","liver"
"LOC115105876",1014.87566294209,0.0502100920148161,0.0911579502737117,0.24317791844178,0.536838563244212,"60S ribosomal protein L17","liver"
"LOC115140048",88.229244003449,0.0502071270821572,0.0826949742785616,0.280603536456613,0.578133197945517,"drebrin-like protein B, transcript variant X1","liver"
"LOC115105757",81.7369930544269,0.0502044633441887,0.0812242440333032,0.285213702195749,0.582393425434705,"non-POU domain-containing octamer-binding protein-like, transcript variant X1","liver"
"LOC115139797",14100.818085458,0.0501425581729504,0.0682122182346489,0.297561030338604,0.590773872216341,"alpha-1-antitrypsin-like, transcript variant X2","liver"
"LOC115144311",72.8834311395548,0.050045802447947,0.0940037821987311,0.219021284822277,0.514938140304512,"rho-related GTP-binding protein RhoU-like","liver"
"LOC115109398",91.9834765285556,0.0498196571903213,0.0947640425841984,0.21259119230579,0.511481511615973,"choline kinase alpha-like, transcript variant X2","liver"
"LOC115132041",907.656943939627,0.0497975866121054,0.0939498358816392,0.217115298324442,0.514503686801253,"nuclease-sensitive element-binding protein 1-like, transcript variant X1","liver"
"LOC115131400",70.1260269555268,0.0497817219402181,0.0908187036839328,0.244019071976282,0.536838563244212,"NADH dehydrogenase [ubiquinone] iron-sulfur protein 6, mitochondrial-like","liver"
"LOC115104052",127.822763281709,0.0497378219465321,0.0862702009593428,0.270906728993743,0.567854275974824,"endoplasmic reticulum membrane sensor NFE2L1-like","liver"
"LOC115134575",231.694301832483,0.049671692650369,0.0761634576120199,0.347816865081934,0.628135375309688,"proteasome subunit alpha type-4, transcript variant X2","liver"
"LOC115110030",94.0664732977238,0.0496342855166977,0.087997127660655,0.262435010193589,0.559917519583386,"protein spinster homolog 1-like, transcript variant X1","liver"
"LOC115109286",111.119972222703,0.0494567225906276,0.100486302453462,0.143837940729068,0.431725660096968,"zinc finger protein 708-like, transcript variant X1","liver"
"LOC115126636",284.753713688771,0.0494343845079283,0.092571494836434,0.233031753634375,0.527687459896506,"calponin-3-like, transcript variant X2","liver"
"LOC115106462",218.953189472456,0.0494030616870864,0.0932295158030278,0.227290770704659,0.522525201010823,"26S proteasome non-ATPase regulatory subunit 11B-like","liver"
"LOC115106105",155.596082985202,0.0493979331275659,0.0654364720798584,0.294735361764481,0.589635548521163,"UV excision repair protein RAD23 homolog B-like","liver"
"LOC115138755",65.6326248983689,0.0493797742259455,0.0977578928670059,0.178249215914346,0.474799341503657,"aspartate--tRNA ligase, cytoplasmic-like","liver"
"LOC115129583",282.740545070188,0.049288777339376,0.065115712876138,0.294909408802997,0.589635548521163,"lysosome-associated membrane glycoprotein 2-like, transcript variant X2","liver"
"LOC115141336",115.357973311161,0.0491691847641733,0.0843930689640416,0.282074337244128,0.579503527523722,"ubiquitin carboxyl-terminal hydrolase 5-like, transcript variant X2","liver"
"LOC115112893",351.850666663989,0.0491629803736598,0.0996428239673288,0.145972805655013,0.435493105468807,"cystathionine beta-synthase-like","liver"
"LOC115104162",638.835262564489,0.0491236816833059,0.0915638130567401,0.242138029295442,0.536838563244212,"40S ribosomal protein S11, transcript variant X2","liver"
"LOC115113562",96.7916455380578,0.0490981803420878,0.0925547676524589,0.233006410828846,0.527687459896506,"two pore calcium channel protein 2-like","liver"
"LOC115145012",224.219533420041,0.0490847541798478,0.0943257078269948,0.218271932217529,0.514503686801253,"calreticulin-like","liver"
"LOC115134119",204.036610499136,0.0490550395738831,0.0828445634229333,0.287542322863182,0.583886746645261,"GTPase KRas, transcript variant X2","liver"
"LOC115141406",83.4238118079515,0.0490427665546048,0.0809408339447334,0.292857970168938,0.588604086000291,"putative RNA-binding protein Luc7-like 2","liver"
"LOC115111413",443.066510793548,0.0488133138666944,0.0977593935558663,0.181463321419544,0.476599777265298,"glycine dehydrogenase (decarboxylating), mitochondrial-like","liver"
"lrrc47",60.5501534780795,0.0487117630175775,0.097029169938234,0.190984730400031,0.486229707127124,"leucine rich repeat containing 47","liver"
"aurkaip1",60.6948575572032,0.0486941772434107,0.0895177062699935,0.260460864786953,0.558390215565125,"aurora kinase A interacting protein 1","liver"
"LOC115130744",209.377829938091,0.0486563654061516,0.0990771878065207,0.16278854711468,0.455221463268407,"protein NipSnap homolog 3A-like, transcript variant X2","liver"
"LOC115104314",106.327089392114,0.0486309614264001,0.0973233134423367,0.184000043982838,0.479980727834032,"hepatic leukemia factor-like","liver"
"LOC115132307",58.0155156657924,0.0485658029371847,0.0767523921693435,0.306086801976402,0.598503180422,"eukaryotic translation initiation factor 4E type 3-like","liver"
"LOC115102089",60.2336076525644,0.04854647854415,0.0949999733136965,0.212184701391225,0.510847514985607,"androgen-dependent TFPI-regulating protein-like","liver"
"LOC115129409",1906.61342156159,0.0484805837070122,0.0724202592352259,0.309333224084698,0.600632855049678,"coagulation factor IX-like","liver"
"LOC115124959",652.681799247561,0.0484400890060227,0.087504090055965,0.27335435702155,0.571050078285483,"eukaryotic translation initiation factor 5A-1-like, transcript variant X1","liver"
"LOC115128625",187.638755670216,0.0484329821015626,0.100915551675327,0.130663385803046,0.41540889168661,"hydroxyacid oxidase 2-like, transcript variant X6","liver"
"ece1",236.522764231762,0.0483848260621827,0.0929449065056775,0.232028366240018,0.526878897378447,"endothelin converting enzyme 1, transcript variant X2","liver"
"LOC115109068",741.021745923657,0.0483565702578515,0.0921836529893645,0.255995496766661,0.552994290310831,"MAP kinase-interacting serine/threonine-protein kinase 1-like","liver"
"LOC115141794",131.385783502347,0.0483550931261985,0.104755067727829,0.0587229792447682,0.295499831360093,"claudin-4-like","liver"
"LOC115125947",68.66947877036,0.0483292791418636,0.0841730363356431,0.288012672041164,0.583993995263798,"regulator of G-protein signaling 5-like, transcript variant X2","liver"
"LOC115117582",93.0437707605463,0.0481833542654776,0.079578359026538,0.301296855048277,0.594139323259205,"NADH dehydrogenase [ubiquinone] 1 alpha subcomplex subunit 3-like","liver"
"LOC115141500",138.294389899343,0.0481815882741821,0.0825181552135553,0.294730469711584,0.589635548521163,"NLR family member X1-like, transcript variant X3","liver"
"pfdn5",93.9796628763497,0.0481807160564592,0.0817929258880143,0.291939573251971,0.587627506456807,"prefoldin subunit 5","liver"
"LOC115123727",94.5747592285472,0.048159880548912,0.0858586050973362,0.280362281951354,0.578133197945517,"probable protein BRICK1-A","liver"
"mppe1",61.525859358477,0.0481174646120762,0.0850337565905072,0.286612444493545,0.583021643712864,"metallophosphoesterase 1, transcript variant X1","liver"
"LOC115141356",7178.25224182292,0.0480790042745595,0.0925767156088879,0.205972646454048,0.50423694359707,"C-type lectin domain family 4 member E-like","liver"
"LOC115120914",147.980936103419,0.047963408182032,0.0771175243554716,0.309600006982182,0.600632855049678,"ras-related protein rab7-like, transcript variant X2","liver"
"LOC115104711",71.0967900872415,0.0479600843530753,0.0857446321348443,0.284577817552314,0.581820978127182,"vacuolar ATPase assembly integral membrane protein vma21-like","liver"
"LOC115111594",1087.76580990324,0.0479374559325428,0.0852695680095858,0.289112921590174,0.583993995263798,"60S ribosomal protein L31","liver"
"ddx24",205.040905465891,0.0479366522358422,0.0790498865421104,0.304741243119472,0.597110690743404,"DEAD-box helicase 24","liver"
"LOC115133616",514.779618785153,0.0478633931695775,0.0659059994226282,0.312063381261947,0.601817480450145,"gamma-aminobutyric acid receptor-associated protein","liver"
"LOC115102263",285.516596761398,0.0478499731185501,0.0931804333473143,0.231551729863414,0.526562154159259,"dolichyl-diphosphooligosaccharide--protein glycosyltransferase 48 kDa subunit","liver"
"gcat",81.2324986042887,0.0478441173899203,0.098527144920531,0.167177024812921,0.459483178110225,"glycine C-acetyltransferase","liver"
"LOC115111637",69.1375746109194,0.0478354825701207,0.0806860790898234,0.30440780025517,0.597110690743404,"MOB kinase activator 1A","liver"
"LOC115102565",473.127294308716,0.0478186536518804,0.0849622018945331,0.282629146758111,0.579903745546943,"40S ribosomal protein S26-like","liver"
"LOC115103882",182.365773126659,0.0477600721372083,0.0860176444097976,0.260922005064583,0.558608565928574,"T-complex protein 1 subunit delta","liver"
"ccdc25",85.7411041842586,0.0477150943693772,0.0860584206858113,0.283294440199356,0.580547078055594,"coiled-coil domain containing 25, transcript variant X1","liver"
"LOC115133282",131.694481382638,0.0476891639272086,0.0987428364496801,0.162577211769478,0.455221463268407,"insulin receptor substrate 2-B-like","liver"
"LOC115142750",62.9220886344302,0.0476710720681556,0.0755239655306736,0.310315566285456,0.601734656603006,"ubiquitin-conjugating enzyme E2 R2-like","liver"
"LOC115113103",200.367386985511,0.0476278647457728,0.0759417975390747,0.313112300582906,0.602462265574022,"voltage-dependent anion-selective channel protein 2-like","liver"
"LOC115104330",66.116089175392,0.0475825143791984,0.0823873608240516,0.300607705358949,0.593641960776684,"nucleolar transcription factor 1-like, transcript variant X6","liver"
"LOC115107629",76.8031568113372,0.0475010782731964,0.0889282905553305,0.267153234738302,0.563456157875353,"N-alpha-acetyltransferase 20","liver"
"LOC115145819",1738.0107655272,0.0474938850657043,0.0939563090760087,0.222668065889888,0.516643694750874,"40S ribosomal protein S6","liver"
"LOC115113789",185.691298345476,0.0474659598600179,0.0890076546809748,0.265987214547879,0.562909598388969,"signal peptidase complex catalytic subunit SEC11A-like","liver"
"LOC115144188",83.8408176462414,0.0474235884055257,0.0959213582934169,0.201660161376369,0.497325662961862,"transcription factor MafF-like, transcript variant X1","liver"
"LOC115114176",64.2713283030512,0.0473951917111569,0.099593517018027,0.148858271892652,0.438083982840758,"volume-regulated anion channel subunit LRRC8D-like","liver"
"LOC115125594",1098.08427356619,0.0473104980903378,0.0849076050500566,0.294712448233898,0.589635548521163,"40S ribosomal protein S5","liver"
"LOC115114223",418.082447683501,0.0472996881692258,0.0860218766081662,0.281955558283146,0.579503527523722,"gamma-interferon-inducible lysosomal thiol reductase-like","liver"
"LOC115123136",88.9810170352149,0.0472790036543438,0.0732684556772774,0.322580885291015,0.607859583525782,"RNA-binding protein 39-like, transcript variant X2","liver"
"LOC115139194",96.0692193310787,0.0472487099701525,0.0898686021646683,0.262464181209048,0.559917519583386,"peptidyl-prolyl cis-trans isomerase FKBP3-like, transcript variant X1","liver"
"LOC115109138",620.971015241119,0.0472345879222749,0.0874656717474733,0.277336378509979,0.574986306615806,"ubiquitin-60S ribosomal protein L40","liver"
"LOC115117269",468.848306190734,0.047197130282804,0.0826524154243054,0.296402323363746,0.590091121146007,"retinoic acid receptor RXR-beta-like","liver"
"LOC115125854",488.309313694026,0.0471712396942395,0.0952966038756756,0.204989348515944,0.502427290770287,"ras-related protein Rab-9B-like","liver"
"tfb2m",83.649132847139,0.0471093312204237,0.0796121665550298,0.3121300671422,0.601817480450145,"transcription factor B2, mitochondrial, transcript variant X1","liver"
"LOC115121021",196.148426418184,0.0470574910014861,0.0854774461571512,0.292805355335566,0.588604086000291,"cytochrome c oxidase subunit 5B, mitochondrial-like","liver"
"LOC115128583",106.317699107614,0.0470321176712739,0.0795862087451712,0.311990654169614,0.601817480450145,"28S ribosomal protein S18b, mitochondrial-like","liver"
"LOC115115533",61.1822043216739,0.0469264841328864,0.0810892149480048,0.311273031375911,0.601817480450145,"myomegalin-like, transcript variant X4","liver"
"LOC115120972",63.5888047932608,0.0468469438545524,0.0740639372618168,0.319463222933718,0.604704843863596,"beta-centractin-like","liver"
"LOC115131509",453.459493605014,0.0467569319600422,0.0965156618211165,0.193371738780653,0.488817721822308,"translocon-associated protein subunit beta","liver"
"LOC115145942",127.351933517957,0.0466630663273363,0.0899966007123167,0.261870380794807,0.559917519583386,"trifunctional enzyme subunit alpha, mitochondrial-like","liver"
"LOC115128279",120.149573456315,0.0465761433372737,0.0999855117214065,0.135409508441276,0.422025930165245,"sialidase-1-like","liver"
"LOC115110301",133.166090215785,0.0464993934422711,0.0737734811654455,0.324786458702575,0.609607002720046,"ADP-ribosylation factor 2","liver"
"LOC115101021",267.963628278492,0.0464588752008456,0.079279903507358,0.30954172392906,0.600632855049678,"cytochrome c oxidase subunit 5B, mitochondrial-like","liver"
"LOC115134883",487.263941627929,0.0464507682120612,0.0897209792373585,0.328436688893834,0.613285735480822,"cyclin-I-like","liver"
"LOC115131983",57.5762432554278,0.0463511705019056,0.0927358761850618,0.240547465935238,0.536020194846327,"helicase ARIP4-like, transcript variant X2","liver"
"LOC115105110",93.9381020870915,0.0463367096141789,0.0794394819823199,0.314998630914054,0.602661842209239,"rho GTPase-activating protein 12-like, transcript variant X1","liver"
"LOC115142636",2705.59945226044,0.0463162706860687,0.0692015502920155,0.332033978037163,0.615168406581581,"catalase-like, transcript variant X1","liver"
"cops6",97.1255343906484,0.0463143215907742,0.0705807181029968,0.330051677029417,0.613285735480822,"COP9 signalosome subunit 6","liver"
"LOC115133484",72.9254622088705,0.0463108824161564,0.0781064072809099,0.3193406794681,0.604704843863596,"RNA-binding protein 4B-like, transcript variant X1","liver"
"LOC115124347",87.3967495712937,0.0462873970068815,0.0828199849489915,0.307119841052094,0.598746474685021,"caprin-1-like","liver"
"LOC115132528",183.917605024767,0.0462131551186961,0.100305290609903,0.126949161348984,0.410344791164518,"keratin, type I cytoskeletal 18","liver"
"LOC115102695",316.257014574149,0.045969779140483,0.0797024054469184,0.319333130851477,0.604704843863596,"myosin light polypeptide 6, transcript variant X3","liver"
"LOC115119947",510.209593656016,0.0458394638541059,0.0864915131715124,0.298925183837831,0.591752816572608,"methionine synthase reductase-like, transcript variant X5","liver"
"ncstn",208.867304090184,0.0458050557801438,0.0754779731873603,0.328683174753382,0.613285735480822,"nicastrin","liver"
"LOC115125838",123.040141712013,0.0457704334422167,0.0873133558171426,0.286423071834209,0.583021643712864,"polypyrimidine tract-binding protein 1-like, transcript variant X1","liver"
"LOC115111380",576.362148409335,0.0457371441726057,0.0978504501409703,0.170472287097012,0.464553299943853,"Krueppel-like factor 9","liver"
"LOC115108158",972.743376099592,0.0456766793529891,0.086629308966192,0.301937598265385,0.594714532960469,"growth arrest and DNA damage-inducible protein GADD45 beta-like","liver"
"LOC115111483",125.146246658557,0.0455878070932664,0.0709363307889447,0.334581765509257,0.616247300594547,"sarcoplasmic/endoplasmic reticulum calcium ATPase 2-like, transcript variant X1","liver"
"LOC115111722",145.346096119792,0.0455724738531379,0.0781936223768981,0.331422014796925,0.614313839159739,"dynein light chain 1, cytoplasmic","liver"
"LOC115105068",61.0796051077091,0.0455588232206159,0.0923810317355161,0.245636660460184,0.538577207119801,"putative ferric-chelate reductase 1, transcript variant X4","liver"
"LOC115114346",70.6228892409173,0.0452216357498492,0.103328309796433,0.0476105158699801,0.271034165762624,"UDP-glucuronosyltransferase-like, transcript variant X2","liver"
"LOC115109492",207.226579688306,0.0451749796339457,0.0774211381888859,0.330799196297212,0.613717580385724,"26S proteasome non-ATPase regulatory subunit 7-like","liver"
"fbxo34",58.4292816452318,0.0450918929216486,0.0897985799707159,0.270970698422726,0.567854275974824,"F-box protein 34, transcript variant X1","liver"
"LOC115136936",107.765649699203,0.045083004935321,0.0942227457164232,0.223338123197017,0.516643694750874,"eukaryotic translation initiation factor 3 subunit K-like, transcript variant X1","liver"
"LOC115110416",249.018619341792,0.0449374854959222,0.0833098495347761,0.314699452374627,0.602661842209239,"MOB-like protein phocein, transcript variant X4","liver"
"aldh16a1",188.32805935262,0.0448991031386796,0.084462461626283,0.311825485099842,0.601817480450145,"aldehyde dehydrogenase 16 family member A1","liver"
"LOC115132214",125.28580935054,0.0448766772302224,0.0734787021138499,0.340870668982242,0.621650490725557,"rho-related GTP-binding protein RhoA-C-like","liver"
"LOC115127083",64.9285114096292,0.0448099923324382,0.0971505748132272,0.17757251737414,0.473681662838348,"aminoacyl tRNA synthase complex-interacting multifunctional protein 1-like","liver"
"imp4",60.6053245073539,0.0446980578277767,0.0830178581376951,0.318467348206271,0.604704843863596,"IMP U3 small nucleolar ribonucleoprotein 4, transcript variant X2","liver"
"LOC115112408",91.8850064188922,0.0446325951070685,0.0928479060137521,0.241258379061265,0.536715261831198,"CD81 antigen-like","liver"
"LOC115129650",239.607511289562,0.0446281170321427,0.0823198042150843,0.329164804527343,0.613285735480822,"kynureninase-like","liver"
"LOC115129178",68.8316997821497,0.0444432365011086,0.0806671114216736,0.32960392579481,0.613285735480822,"polyadenylate-binding protein-interacting protein 2-like","liver"
"scrn3",1079.56242963694,0.0444400235365299,0.0642571902351636,0.333147880964429,0.616121761806781,"secernin 3","liver"
"LOC115120150",155.317984740523,0.0444123140604718,0.0793792150294041,0.328506607438888,0.613285735480822,"vesicle-associated membrane protein-associated protein A-like","liver"
"LOC115131594",77.0901750012578,0.0443735288497662,0.0927043112789905,0.242543196414498,0.536838563244212,"proteasome subunit beta type-7-like","liver"
"LOC115113079",118.288853254313,0.0443714079351899,0.0789491469729715,0.335580839233452,0.617529345695508,"peroxiredoxin-like 2A, transcript variant X2","liver"
"LOC115138652",179.147790401505,0.0443692683945019,0.0759972605085289,0.344551228633699,0.624522353674211,"26S proteasome regulatory subunit 4-like","liver"
"LOC115139362",244.154152802438,0.0443414418603899,0.0702925972333135,0.347122611510942,0.627159470088032,"epoxide hydrolase 1-like","liver"
"LOC115105255",157.749436118434,0.0443394850850379,0.0887628334143881,0.2810514227543,0.578568484417438,"heat shock 70 kDa protein 4-like","liver"
"LOC115106825",85.7652485908404,0.0443361089293525,0.0854993942143861,0.306565629848716,0.598735748568934,"CD166 antigen homolog","liver"
"LOC115107007",88.1820911438502,0.0443055519613118,0.101769199966416,0.0723989381904971,0.326705500361967,"suppressor of cytokine signaling 2-like, transcript variant X1","liver"
"LOC115142480",148.35421809103,0.0442106923972202,0.0615667700425822,0.339328685032484,0.620225883494352,"EVI5-like protein, transcript variant X1","liver"
"immt",225.371589890739,0.0440477301663762,0.0792591028111969,0.345415097724921,0.625460656742238,"inner membrane mitochondrial protein, transcript variant X2","liver"
"LOC115134396",59.1534073890571,0.0438637402445995,0.0749864956788919,0.348460056327618,0.628739791762449,"muscleblind-like protein 2a, transcript variant X2","liver"
"LOC115140857",1156.19884177022,0.0438423018483735,0.0951564071429444,0.203540400839743,0.50038038228154,"apolipoprotein A-IV-like","liver"
"LOC115139006",78.4517079430132,0.0437480650948165,0.0963300895787032,0.18905562087693,0.484057717936395,"delta-1-pyrroline-5-carboxylate dehydrogenase, mitochondrial-like, transcript variant X2","liver"
"gspt1",218.53204346286,0.0434024835057927,0.084192219834473,0.321592635121662,0.606576390909716,"G1 to S phase transition 1, transcript variant X1","liver"
"LOC115134935",86.1592891889677,0.0433908176597548,0.0738917937733853,0.354971744538432,0.635347056144885,"matrin-3-like","liver"
"LOC115139174",132.763283646722,0.0433881512144116,0.0728054823688866,0.355239435955396,0.635347056144885,"AN1-type zinc finger protein 3-like, transcript variant X2","liver"
"LOC115110453",286.31018662452,0.0433689648558194,0.0919056321012243,0.256010850298464,0.552994290310831,"transmembrane protein 56-B-like, transcript variant X4","liver"
"agxt",1867.9756505831,0.0433377968158284,0.0978763994387753,0.146825148310785,0.435493105468807,"alanine--glyoxylate and serine--pyruvate aminotransferase","liver"
"LOC115103781",541.326277246719,0.0433214902607016,0.096244824954032,0.187614093396438,0.482967478149619,"group XIIB secretory phospholipase A2-like protein, transcript variant X2","liver"
"LOC115143532",66.6910012255828,0.0432523102687983,0.100840530348339,0.0816457565830556,0.344681911946485,"glycerol-3-phosphate dehydrogenase [NAD(+)], cytoplasmic-like","liver"
"LOC115115997",252.862949030707,0.0431912519397816,0.0942402596967077,0.213464361551313,0.512113441838229,"kelch-like ECH-associated protein 1, transcript variant X3","liver"
"LOC115143486",2722.24794712035,0.043077348882487,0.0973427242631124,0.179963928080584,0.476053612261547,"60S acidic ribosomal protein P2-like","liver"
"LOC115119255",150.654238242258,0.0430015361115279,0.100575305899748,0.0854194366627812,0.350278629727892,"ferritin, middle subunit-like","liver"
"mpc2",200.152371770298,0.0429814557713017,0.0837886258686507,0.327005840174687,0.611979627914037,"mitochondrial pyruvate carrier 2","liver"
"haao",83.9214918107747,0.0429548394732836,0.0975913893214197,0.159596850495725,0.451121194605114,"3-hydroxyanthranilate 3,4-dioxygenase","liver"
"LOC115130488",121.226544616016,0.0429548328078704,0.0926211111098139,0.24674696515909,0.540720768810995,"stress-70 protein, mitochondrial","liver"
"LOC115105347",72.1209272937253,0.0429307185391141,0.0888203253785748,0.289897486747508,0.584961463357843,"40S ribosomal protein S3-like","liver"
"LOC115147012",327.347391899463,0.0428690163896324,0.0732914729668442,0.359269519246412,0.639747732830221,"succinyl-CoA:3-ketoacid coenzyme A transferase 1, mitochondrial-like, transcript variant X2","liver"
"LOC115136083",102.856755322254,0.0428374489926369,0.0850847096760018,0.319808366087337,0.604704843863596,"tubulin-specific chaperone cofactor E-like protein, transcript variant X2","liver"
"LOC115135550",131.307075341509,0.042789919525016,0.0851526198973839,0.319858597490165,0.604704843863596,"eukaryotic translation initiation factor 1A, X-chromosomal-like","liver"
"LOC115126751",75.634576022782,0.0426661055770308,0.0929836709980804,0.242759638130839,0.536838563244212,"profilin-1-like","liver"
"LOC115103751",90.2932688462489,0.0426101323670665,0.0893767904880486,0.286213381831217,0.583021643712864,"fucolectin-1-like","liver"
"LOC115126487",95.6784012688061,0.0425765588585118,0.0725115241788002,0.364008115836845,0.644884619184371,"septin-2B, transcript variant X1","liver"
"LOC115107922",245.362888466808,0.0425343790872588,0.0842321126301037,0.329725040253708,0.613285735480822,"26S proteasome regulatory subunit 10B-like","liver"
"LOC115101778",1635.65707622561,0.0425173947431516,0.0909105412903568,0.262512850815469,0.559917519583386,"protein transport protein Sec61 subunit gamma-like","liver"
"LOC115134083",93.4691611421229,0.0424360134817749,0.0744732460063985,0.361286176447197,0.642370768585617,"cytochrome b-c1 complex subunit Rieske, mitochondrial-like","liver"
"LOC115118439",94.3075794498797,0.0422255637329917,0.0776730745707228,0.350916647161515,0.631465354488904,"Golgi phosphoprotein 3, transcript variant X2","liver"
"LOC115105375",9797.18486256252,0.0421597570691201,0.092292423643127,0.179734539020161,0.476022079952032,"heat shock cognate 70 kDa protein","liver"
"LOC115138544",1855.93492334353,0.0421129545103242,0.0742225174102386,0.367371137412913,0.647005597349035,"protein Z-dependent protease inhibitor-like","liver"
"LOC115146050",283.562602790567,0.0420923276594063,0.0890226146782895,0.292671742885981,0.588604086000291,"NF-kappa-B inhibitor alpha-like","liver"
"LOC115129560",2085.44336073951,0.0420914960082976,0.089304685011869,0.306447716864323,0.598735748568934,"dihydropteridine reductase-like","liver"
"LOC115119577",191.975414248812,0.0420388782001322,0.0760422605271223,0.36292101726808,0.643999158199693,"V-type proton ATPase subunit e 1-like","liver"
"LOC115135866",164.954201607663,0.0419569201786011,0.0877593528717791,0.302318084468619,0.594714532960469,"non-histone chromosomal protein HMG-14-like","liver"
"utp23",64.8837093138883,0.0419565631369632,0.0742723943409929,0.367450205853289,0.647005597349035,"UTP23 small subunit processome component","liver"
"habp2",545.671773244569,0.0418559566576697,0.0930822684523101,0.241363855480026,0.536715261831198,"hyaluronan binding protein 2","liver"
"plcg1",79.6952959468166,0.0418468762693772,0.0652530235449092,0.368859640006913,0.648607373886185,"phospholipase C gamma 1, transcript variant X2","liver"
"LOC115144825",57.3969165788124,0.0417662568908626,0.0994455867369737,0.100744694695952,0.373304886891544,"solute carrier family 41 member 2-like","liver"
"LOC115107552",206.372321948231,0.0415977545342087,0.0912493811420757,0.267530798019133,0.563542910969502,"protein disulfide-isomerase A6-like","liver"
"LOC115112196",64.8614355220064,0.0415639131831856,0.0998072989931179,0.0860399677756877,0.350742551825015,"3 beta-hydroxysteroid dehydrogenase/Delta 5-->4-isomerase-like","liver"
"LOC115142878",73.9732581870121,0.0415279931887072,0.0838872485027179,0.336395219131119,0.617950638777758,"synaptophysin-like protein 1, transcript variant X2","liver"
"ankrd28",62.8168354532501,0.0415014292381364,0.0863989286116269,0.319378480606455,0.604704843863596,"ankyrin repeat domain 28","liver"
"atp5me",451.306420351935,0.0413112373603145,0.0887498208522226,0.298896709340293,0.591752816572608,"ATP synthase membrane subunit e","liver"
"LOC115146438",279.869882992035,0.0412783918193967,0.0889586957964932,0.295251755282555,0.589635548521163,"heme-binding protein 1-like","liver"
"LOC115137016",305.934312595837,0.0412520499832121,0.0748264464497649,0.372097239863166,0.652611165956224,"delta-like protein C","liver"
"LOC115135398",102.23150915467,0.0411874108654926,0.0737071138997489,0.375243790341478,0.655029417315574,"coatomer subunit delta-like","liver"
"rbis",190.725565765341,0.0411808496876659,0.0884222867435751,0.302290379116566,0.594714532960469,"ribosomal biogenesis factor","liver"
"rpl7l1",120.019822792904,0.0411647093164238,0.0899413481172726,0.29972243527004,0.592755286831967,"ribosomal protein L7 like 1","liver"
"LOC115143144",158.1358237176,0.0410388055515195,0.0897111814721014,0.288883236293069,0.583993995263798,"inositol hexakisphosphate kinase 2-like","liver"
"wdr83os",126.336062371794,0.0409738301385235,0.0913966412221159,0.267351376185214,0.563456157875353,"WD repeat domain 83 opposite strand","liver"
"LOC115126025",1401.93725938128,0.0409657750943138,0.0858627954373356,0.326305720416283,0.611510030992547,"60S ribosomal protein L23a-like","liver"
"LOC115145582",57.5440639839466,0.0408434800267363,0.092923522172495,0.243834709110656,0.536838563244212,"ATP-binding cassette sub-family E member 1-like","liver"
"nfil3",95.8858015299731,0.0408224857062381,0.0799401433621607,0.363466457738727,0.644440367180743,"nuclear factor, interleukin 3 regulated, transcript variant X1","liver"
"gnpnat1",74.9641412886869,0.0407838145862005,0.0836931498038581,0.343434394962123,0.624370470056028,"glucosamine-phosphate N-acetyltransferase 1","liver"
"LOC115111831",145.616988830966,0.0407732847832537,0.0840516703285741,0.342242686331828,0.623873519449254,"small integral membrane protein 15, transcript variant X1","liver"
"LOC115138064",61.6297304659962,0.0406683995458371,0.0794833158607547,0.365841307206222,0.645866505192127,"insulin receptor substrate 1-B-like, transcript variant X1","liver"
"LOC115132954",142.357893211912,0.0406561321525278,0.0851658990250464,0.333609495858928,0.616127007304481,"26S proteasome non-ATPase regulatory subunit 14","liver"
"LOC115145617",363.944683056,0.0406473378283789,0.0687274568059676,0.387235600001407,0.663069184036201,"high mobility group protein B2-like, transcript variant X2","liver"
"LOC115103870",6056.52899654362,0.0406131814026884,0.088761003426552,0.293646321360554,0.589316792646783,"beta-2-glycoprotein 1-like","liver"
"LOC115109525",364.76567757964,0.0405988234223862,0.0741496190353892,0.379931570018243,0.659608891016053,"calcium and integrin-binding protein 1-like","liver"
"LOC115112302",991.010115436341,0.0405620247743425,0.0852650649547405,0.339231475056271,0.620225883494352,"transcriptional repressor CTCF-like, transcript variant X3","liver"
"LOC115132091",143.281878399149,0.0405609737563983,0.0985473522180802,0.112125255133853,0.392631048046036,"small integral membrane protein 11A-like","liver"
"LOC115136367",87.5911599231164,0.040547468166428,0.0764824554061986,0.376311067570942,0.656319319407952,"guanine nucleotide-binding protein G(I)/G(S)/G(T) subunit beta-1-like","liver"
"LOC115123532",65.9885724092747,0.0405134292800797,0.0893152404997765,0.296230211355418,0.590091121146007,"ATP-binding cassette sub-family E member 1","liver"
"LOC115139701",131.502322699922,0.0404282366374228,0.0916913998494588,0.264166896049425,0.561930173304232,"transmembrane emp24 domain-containing protein 7-like, transcript variant X3","liver"
"LOC115143450",283.004001428219,0.0404007271935571,0.0772628532860372,0.36180018696072,0.642849852681733,"TAR DNA-binding protein 43-like, transcript variant X1","liver"
"LOC115103004",125.787302637122,0.0403966941794651,0.0813302844725665,0.359816362722292,0.640441700635835,"proteasome subunit alpha type-7","liver"
"LOC115105060",353.107467139929,0.0402868505756478,0.0877760593669246,0.314075544724389,0.602661842209239,"dihydropyrimidine dehydrogenase [NADP(+)]-like","liver"
"LOC115112086",59.8301593793007,0.040270541708742,0.0777114048463259,0.375195206932394,0.655029417315574,"mitochondrial carrier homolog 2-like","liver"
"LOC115105397",59.3424381517911,0.0402451894924609,0.0889240907977316,0.301875897576888,0.594714532960469,"complement component 1 Q subcomponent-binding protein, mitochondrial-like, transcript variant X2","liver"
"LOC115105520",72.370640434349,0.04023352203361,0.0979674731925694,0.123421170171424,0.406024769668059,"GTPase Era, mitochondrial, transcript variant X1","liver"
"cog7",66.1123801418628,0.0401851658819346,0.0708176551736194,0.386346832394281,0.66277343806359,"component of oligomeric golgi complex 7","liver"
"LOC115110055",971.694614274358,0.0400802225699291,0.0961650486818362,0.172042765633139,0.466254197287682,"ferritin, middle subunit-like","liver"
"erp44",165.212430063575,0.0400735322579068,0.0821434652805997,0.3582856490101,0.63865893305983,"endoplasmic reticulum protein 44","liver"
"LOC115130213",67.8443600086678,0.0400498481851513,0.0875313104967397,0.316264396586252,0.602661842209239,"transmembrane protein 14C-like","liver"
"LOC115134394",241.98893001026,0.0400466649530463,0.0834634174740504,0.377882984083336,0.65792102933463,"microtubule-associated proteins 1A/1B light chain 3B-like","liver"
"LOC115101414",204.678693242277,0.039996519598634,0.0815653380714634,0.362334577437509,0.643518839928229,"eukaryotic translation initiation factor 1A, X-chromosomal-like, transcript variant X1","liver"
"usp24",72.7608289598283,0.0399938930061728,0.0740468340188029,0.382832985729441,0.6616067391248,"ubiquitin specific peptidase 24, transcript variant X1","liver"
"LOC115114641",107.449559796831,0.0397700392512845,0.0884576867276257,0.30899746242342,0.600632855049678,"HORMA domain-containing protein 1-like","liver"
"LOC115129187",87.4035527861249,0.039768697011771,0.0764021586458388,0.384488405087161,0.66181330070431,"vesicular integral-membrane protein VIP36-like, transcript variant X2","liver"
"LOC115123159",294.921715162025,0.0396921375533971,0.0958840858748811,0.176028815031446,0.471414881779352,"ferritin, middle subunit-like","liver"
"LOC115101168",184.868955376364,0.0396705886858068,0.0838928187242601,0.357198211721352,0.637451799902028,"ATP-dependent RNA helicase DDX54-like","liver"
"LOC115131689",108.691157211282,0.039624942093322,0.0742686786126521,0.389579500222863,0.666076360280365,"adenylyl cyclase-associated protein 1-like, transcript variant X1","liver"
"LOC115130629",81.2510806467127,0.0394814144381506,0.0774894014772962,0.384072200532071,0.66181330070431,"transmembrane 9 superfamily member 2-like, transcript variant X1","liver"
"ubxn8",76.2815551190261,0.039463726528725,0.0921559499641966,0.257162027304676,0.554305882228376,"UBX domain protein 8","liver"
"LOC115145049",232.601152761464,0.0394512709797574,0.0963981943480909,0.162034722992276,0.455191954661357,"polymeric immunoglobulin receptor-like, transcript variant X3","liver"
"slc27a2",83.1892469073768,0.0393887499774155,0.0986885716009109,0.088902659384625,0.353987042567365,"solute carrier family 27 member 2","liver"
"gch1",88.4814406332734,0.0393571556204603,0.0883007903851047,0.311925826510578,0.601817480450145,"GTP cyclohydrolase 1","liver"
"LOC115130284",64.696711789009,0.0393353580013051,0.0888586629275591,0.305301045721249,0.597697916599333,"N-myc-interactor-like, transcript variant X1","liver"
"LOC115143480",100.651784887343,0.039219783318125,0.0734156104602105,0.396904357038317,0.672954309188096,"F-actin-capping protein subunit alpha-1","liver"
"cryl1",69.1002207426961,0.0391909630656594,0.0933573737427651,0.235938052667071,0.529853169515691,"crystallin lambda 1","liver"
"LOC115132929",87.2307662245518,0.0391805460443355,0.0889876604656961,0.304854599469338,0.597110690743404,"UHRF1-binding protein 1-like","liver"
"LOC115132193",108.413323355184,0.0391191049593736,0.0854227173228949,0.34308646328321,0.62401625361105,"dTDP-D-glucose 4,6-dehydratase-like","liver"
"LOC115104665",129.495218956378,0.0390903778022546,0.090780672556772,0.280623143854618,0.578133197945517,"nucleolar protein 16-like","liver"
"LOC115123776",58.858785399725,0.0390228809281096,0.0908047873463605,0.280698135116334,0.578133197945517,"BCL2/adenovirus E1B 19 kDa protein-interacting protein 3-like","liver"
"LOC115110104",57.3387502760164,0.0389670262771865,0.0899586689752527,0.296089053814263,0.590091121146007,"nuclear body protein SP140-like, transcript variant X2","liver"
"LOC115110448",175.651196380959,0.0389651483232106,0.0795291471928398,0.3817948954771,0.661366763265898,"choline transporter-like protein 2, transcript variant X1","liver"
"LOC115115336",124.640854941056,0.0389116946629134,0.066761277179812,0.402738461816355,0.677474617813841,"succinate dehydrogenase cytochrome b560 subunit, mitochondrial-like, transcript variant X1","liver"
"LOC115102959",145.88742089247,0.0388721818956912,0.0841761138241209,0.355090312306477,0.635347056144885,"RB1-inducible coiled-coil protein 1-like, transcript variant X2","liver"
"LOC115109980",77.398936924789,0.0388592875922847,0.0802945072588754,0.378903488673353,0.658661272964502,"protein arginine N-methyltransferase 1, transcript variant X2","liver"
"LOC115139553",96.0431435837502,0.0388240301266531,0.0839798696163815,0.355938722292642,0.636040318359181,"protein disulfide-isomerase A6-like, transcript variant X2","liver"
"LOC115132769",173.438306990046,0.0388002424877407,0.0984361729367127,0.0880242316893426,0.353721798164998,"extracellular matrix protein 1-like","liver"
"LOC115105576",75.1483576649592,0.0387287211983921,0.0891316625000881,0.304549916856143,0.597110690743404,"serine/threonine-protein kinase 40, transcript variant X1","liver"
"aifm1",62.1514600687595,0.0387162882664493,0.080349016235942,0.380209963355252,0.659608891016053,"apoptosis inducing factor mitochondria associated 1, transcript variant X1","liver"
"LOC115130741",74.1660554125943,0.0386790329835097,0.076108335398417,0.396475326853379,0.672786607932711,"beta-1,4-galactosyltransferase 1-like","liver"
"LOC115132047",223.698866885056,0.0386590904087986,0.0616659867703128,0.399914399363484,0.675808910367149,"protein RER1, transcript variant X2","liver"
"dkc1",161.758072942933,0.0385684173573413,0.0863368001181648,0.338868919141438,0.620225883494352,"dyskerin pseudouridine synthase 1","liver"
"LOC115140856",9022.29014492203,0.0385623527536824,0.087021383133646,0.3196611865715,0.604704843863596,"apolipoprotein Eb-like","liver"
"LOC115105683",101.086536812894,0.0385279545245125,0.0643210077132893,0.410325291282681,0.683763649741703,"ras-related protein Rab-6A, transcript variant X4","liver"
"LOC115142404",82.6819429072291,0.038486554291202,0.0831819498393368,0.364973965361245,0.645674428304008,"stromal membrane-associated protein 1-like","liver"
"LOC115139652",134.142987152525,0.0384633713220801,0.0718761956980879,0.405750924761941,0.679349773417028,"proteasome subunit alpha type-6","liver"
"LOC115110494",230.912601452883,0.0382251915735533,0.0762014194133646,0.400518701724614,0.67626935717876,"WW domain-binding protein 2-like","liver"
"LOC115140086",60.3129272067519,0.0382071930542758,0.0817372082315168,0.376465792143227,0.656319319407952,"MOB kinase activator 1A","liver"
"LOC115107606",92.4558105707406,0.0381667418855907,0.0752844121542064,0.390039016877039,0.666303031345687,"proteasome subunit alpha type-6-like","liver"
"nfatc2ip",207.187856221248,0.0381436480830044,0.0952771047931932,0.186588797879237,0.481720804515534,"nuclear factor of activated T cells 2 interacting protein, transcript variant X2","liver"
"LOC115101331",76.3798955279564,0.0380958142501163,0.0879737117606044,0.32389417124239,0.608562708451282,"mannose-P-dolichol utilization defect 1 protein-like","liver"
"LOC115131967",234.138223213321,0.0380923532104907,0.0904559286958733,0.286933615625124,0.583021643712864,"monoglyceride lipase-like","liver"
"LOC115113472",152.684985971897,0.0380478120807044,0.0759709332762845,0.404284155539124,0.678132599990729,"oxysterols receptor LXR-alpha-like, transcript variant X2","liver"
"LOC115131613",1203.59194101517,0.0380384620595843,0.0834426795685718,0.405015740095791,0.679080278334201,"BOLA class I histocompatibility antigen, alpha chain BL3-7-like, transcript variant X2","liver"
"lgmn",951.423759026128,0.0380080963659668,0.0867217622426927,0.333304338759557,0.616121761806781,"legumain, transcript variant X2","liver"
"rab5if",143.983781780033,0.0379922494835171,0.0778550843305949,0.39825239835806,0.674609000399479,"RAB5 interacting factor","liver"
"LOC115133068",388.800765682528,0.0379417238451765,0.0945982186537983,0.193025062942576,0.488373778121627,"protein ADM2-like","liver"
"glb1",66.8806136486972,0.0379350570951828,0.0874499470185018,0.330033524662973,0.613285735480822,"galactosidase beta 1","liver"
"LOC115140062",669.388011694777,0.0379264092622371,0.0913726356897103,0.274130159313216,0.571050078285483,"protein transport protein Sec61 subunit alpha-like, transcript variant X2","liver"
"LOC115121105",30661.0139628788,0.0378738738158086,0.0963626196221722,0.170645726239002,0.464553299943853,"metalloproteinase inhibitor 2-like","liver"
"LOC115136656",126.85856276669,0.0378376404781328,0.0777260132112541,0.401652718029213,0.677062232707639,"sialate O-acetylesterase-like","liver"
"LOC115130183",117.130546490493,0.0378109206378053,0.0868522038918816,0.336719423141658,0.617950638777758,"regulator of MON1-CCZ1 complex-like, transcript variant X1","liver"
"LOC115132366",197.977165647914,0.0377665194852465,0.0795008954085998,0.409686815996493,0.683763649741703,"ras-related protein Rap-1A-like, transcript variant X2","liver"
"LOC115119774",102.314389728995,0.0375610888548092,0.0802379464018641,0.390852171055795,0.667132935185687,"golgin subfamily A member 2-like, transcript variant X2","liver"
"LOC115120579",28540.6279483836,0.0375319344758691,0.0929684092595557,0.242060502512745,0.536838563244212,"beta-microseminoprotein-like","liver"
"LOC115105768",164.453789079297,0.0375122960498836,0.0942330102577858,0.209314480011495,0.507534693948158,"galectin-9-like, transcript variant X2","liver"
"LOC115139628",384.327337105284,0.037412211845905,0.0730056549014029,0.418300467666911,0.69146125084874,"forkhead box protein A2-like","liver"
"LOC115140304",681.877750772856,0.0373876913954536,0.0821401454738687,0.382553555201507,0.6616067391248,"60S ribosomal protein L37-like","liver"
"LOC115113376",128.295661100029,0.037339734488282,0.0775086070955529,0.406714225771484,0.680234863076916,"transmembrane 9 superfamily member 3-like","liver"
"htatsf1",86.4770483413275,0.0373237906802459,0.0799426618930227,0.39758976358733,0.673836123235741,"HIV-1 Tat specific factor 1, transcript variant X2","liver"
"LOC115135956",65.0132106205118,0.0373187073376105,0.0937723295905492,0.221270181947819,0.515959531818827,"monocarboxylate transporter 1-like","liver"
"LOC115138085",290.375244129282,0.0373146142076582,0.0942493481808774,0.208372508598298,0.507083282246149,"inter-alpha-trypsin inhibitor heavy chain H3-like","liver"
"sparc",92.3601647622417,0.0373067897122056,0.0900442453385299,0.300577706974496,0.593641960776684,"secreted protein acidic and cysteine rich","liver"
"fahd1",222.011165407918,0.0372971651698248,0.0811676683755972,0.388920603781914,0.665228863203979,"fumarylacetoacetate hydrolase domain containing 1","liver"
"LOC115130376",533.681801999933,0.0372497176591514,0.0666158611390645,0.42056655563482,0.692058651904533,"myosin regulatory light polypeptide 9","liver"
"LOC115120412",271.441814719146,0.0372488511332848,0.0818070674637494,0.387119433974162,0.663069184036201,"RPE-retinal G protein-coupled receptor-like, transcript variant X3","liver"
"LOC115138663",274.942117933111,0.0371172363200828,0.0629713261164885,0.418619055801343,0.69146125084874,"melanoma inhibitory activity protein 2-like, transcript variant X5","liver"
"LOC115131286",78.0609511196501,0.0371065869629908,0.0680944201637357,0.422645360996044,0.693798828602447,"ras-related protein Rab-5A-like, transcript variant X2","liver"
"LOC115123596",111.102953966735,0.0370679126911309,0.0791526066574102,0.401907904833055,0.677212327449166,"bromodomain-containing protein 3-like, transcript variant X1","liver"
"LOC115136845",91.8205323787285,0.037066073846565,0.0823233104435177,0.384650566577161,0.66181330070431,"DCN1-like protein 5, transcript variant X5","liver"
"LOC115105405",111.105110112898,0.037003685731415,0.0682281436181559,0.424862028228805,0.695756378891365,"heterogeneous nuclear ribonucleoprotein A/B-like, transcript variant X1","liver"
"LOC115106855",69.9636365989627,0.036957115995372,0.091334104361779,0.275138840654849,0.572176486994472,"serine/threonine-protein kinase pim-3-like","liver"
"LOC115123566",143.833569123039,0.0369043309768241,0.0958722372208692,0.154161031782373,0.444006832320837,"ferritin, middle subunit-like","liver"
"LOC115113692",89.8567198689221,0.0368989176289277,0.0933994229219493,0.229211577540634,0.524279680165894,"CD81 antigen-like","liver"
"LOC115130934",107.903233047979,0.0368646974952042,0.0861152708583436,0.351544946368042,0.632067578913162,"neutral alpha-glucosidase AB-like, transcript variant X1","liver"
"LOC115111733",64.3319367617917,0.0368213115236208,0.0884771840230829,0.323068102393875,0.608233526723988,"prisilkin-39-like","liver"
"LOC115106814",253.537298469847,0.0366693402175499,0.0831287733449439,0.385706535804383,0.66277343806359,"fatty aldehyde dehydrogenase-like, transcript variant X2","liver"
"LOC115145846",13407.5044006513,0.0366452288501991,0.0793770468993618,0.592302955875824,0.812590224908425,"plasma protease C1 inhibitor-like","liver"
"mrps34",94.6843625583684,0.0365507460838288,0.0822771055373699,0.386968026386981,0.663069184036201,"mitochondrial ribosomal protein S34","liver"
"LOC115146196",118.947245365646,0.03654164546367,0.0826745502697151,0.385538526991513,0.66277343806359,"60 kDa lysophospholipase-like, transcript variant X3","liver"
"LOC115145280",223.288670764394,0.0364843385119459,0.0841209994367173,0.374258432075911,0.654430445792112,"60S ribosomal protein L36","liver"
"LOC115120140",383.202624803862,0.0364489020359197,0.0802552949832291,0.401522591910327,0.677062232707639,"transmembrane 6 superfamily member 2-like","liver"
"LOC115134105",133.778972731953,0.0363842071157456,0.0889046772354316,0.319675792058251,0.604704843863596,"poly(U)-specific endoribonuclease-C-like","liver"
"LOC115133030",2022.57119044918,0.0363836237753288,0.0771418855068865,0.41699470375467,0.69092293191221,"phenylalanine-4-hydroxylase-like","liver"
"LOC115129426",129.294688995245,0.0363610881874388,0.0903940297107156,0.294631865425884,0.589635548521163,"LON peptidase N-terminal domain and RING finger protein 2-like","liver"
"LOC115115645",2289.24467946827,0.0362887074371513,0.0879743035045693,0.348740897760755,0.628953800290015,"complement C3-like","liver"
"LOC115131490",58.5534150331918,0.036285318337815,0.0886115155598232,0.323397751262694,0.608430541219756,"heat shock factor-binding protein 1-like","liver"
"LOC115138501",65.1408523928193,0.0362485997416656,0.0760787539076344,0.419355302281179,0.69146125084874,"dihydrolipoyllysine-residue succinyltransferase component of 2-oxoglutarate dehydrogenase complex, mitochondrial-like, transcript variant X1","liver"
"LOC115140841",80.0888342794507,0.0362126129192101,0.0754768192916837,0.419635877201077,0.691644090364574,"probable ATP-dependent RNA helicase ddx6, transcript variant X2","liver"
"gsr",85.5724593544543,0.0362077137523088,0.0936406419451365,0.219885488458229,0.515088075261921,"glutathione-disulfide reductase","liver"
"LOC115110120",278.790369373769,0.0362074627443463,0.0892148042612822,0.31512239982532,0.602661842209239,"interleukin-2 receptor subunit beta-like, transcript variant X3","liver"
"LOC115117748",161.567543620802,0.0361901815014448,0.0727993218434232,0.42951740344011,0.697735722521961,"coatomer subunit gamma-2-like","liver"
"LOC115105469",99.3640711762075,0.0361832855615536,0.0829577046573613,0.386294455095966,0.66277343806359,"derlin-2","liver"
"cited2",62.0224776560916,0.0361582213567396,0.0959464719563586,0.140851932766106,0.428662337025698,"Cbp/p300 interacting transactivator with Glu/Asp rich carboxy-terminal domain 2","liver"
"llph",176.940655245849,0.0361107639774444,0.0904214711046632,0.296667519452045,0.590091121146007,"LLP homolog, long-term synaptic facilitation factor","liver"
"mtor",1169.24620163797,0.0361072231281629,0.0969333995085996,0.110992484492584,0.390341127516629,"mechanistic target of rapamycin kinase, transcript variant X2","liver"
"LOC115118673",20816.6467212652,0.0360484863452386,0.0889070654306657,0.321574366696437,0.606576390909716,"pentraxin fusion protein-like","liver"
"LOC115137149",190.070280741728,0.036041756625959,0.0807954055063866,0.402961333340421,0.677474617813841,"RNA-binding protein FUS-like, transcript variant X3","liver"
"LOC115133504",234.10705133963,0.0359384898949095,0.0849835307608526,0.36805005385376,0.647463107254176,"dedicator of cytokinesis protein 11-like","liver"
"LOC115124220",117.39096235396,0.0358990388895941,0.078692367284838,0.415395145413525,0.689393571948505,"HBS1-like protein","liver"
"rtn4ip1",433.941968639432,0.0358787091573794,0.0894067118157429,0.306945746584339,0.598746474685021,"reticulon 4 interacting protein 1, transcript variant X2","liver"
"LOC115123229",83.2351355774517,0.0358366016198251,0.0799710167331772,0.409147517220318,0.683477573848367,"endothelial differentiation-related factor 1 homolog, transcript variant X2","liver"
"LOC115114573",125.983495468966,0.0357676770428262,0.0932986877061931,0.228457186147114,0.523719817470933,"HIG1 domain family member 1A, mitochondrial-like","liver"
"apof",790.426836498376,0.0357420537823035,0.0833191678911359,0.390487182491708,0.666789172951906,"apolipoprotein F","liver"
"LOC115109288",185.114530806603,0.0357331279443982,0.0891777922889019,0.318807236574613,0.604704843863596,"carbonic anhydrase 5B, mitochondrial-like, transcript variant X2","liver"
"LOC115133659",419.857237209636,0.0357315554920189,0.0879676868114911,0.336568223867413,0.617950638777758,"calcium/calmodulin-dependent protein kinase type II delta chain, transcript variant X15","liver"
"LOC115143072",133.096964008715,0.0356785332813317,0.0818184202448914,0.399497421713538,0.67566451904746,"SAP domain-containing ribonucleoprotein-like, transcript variant X2","liver"
"LOC115145573",241.842960771769,0.0356632858674724,0.0783616421712416,0.42010585530191,0.691859178266904,"ELMO domain-containing protein 2-like, transcript variant X1","liver"
"c8a",789.957807261447,0.035663093153807,0.0787213346870925,0.41673953150231,0.690864604089969,"complement C8 alpha chain","liver"
"hat1",85.7725902807852,0.0355925139127282,0.0741304091821038,0.438486121166565,0.705681509851683,"histone acetyltransferase 1","liver"
"LOC115139899",171.465015684833,0.0355847818009193,0.0733218053830833,0.435432034431427,0.701787652171806,"protein SET-like","liver"
"LOC115124642",124.832508476097,0.0355119140662375,0.0660431060599644,0.442030305118999,0.707440917137375,"ankyrin repeat and KH domain-containing protein 1-like","liver"
"LOC115132762",81.720426715795,0.0354989125070075,0.0961034402941064,0.125533583243752,0.408851159107954,"ictacalcin-like","liver"
"LOC115124764",61.8707599584017,0.0354955397190457,0.0807861320432665,0.409954509418051,0.683763649741703,"integral membrane protein DGCR2/IDD-like, transcript variant X6","liver"
"LOC115104093",2009.00229147521,0.0354916174611128,0.079928898077795,0.36405287260629,0.644884619184371,"60S ribosomal protein L19-like","liver"
"LOC115124133",74.1117232291077,0.035478617638769,0.0881549549895266,0.334559957635296,0.616247300594547,"double-stranded RNA-specific adenosine deaminase-like","liver"
"ube4b",88.6113259691837,0.0354200207522345,0.0678670189548939,0.443627779317917,0.707778594440931,"ubiquitination factor E4B, transcript variant X1","liver"
"LOC115139940",85.8747242057332,0.0353990950671672,0.0783087190313468,0.422251991782608,0.693432360397224,"proliferation-associated protein 2G4-like","liver"
"LOC115139898",245.785209763015,0.0353836631419459,0.0881864995513647,0.331273070892683,0.614313839159739,"calcium-binding mitochondrial carrier protein SCaMC-2-A-like","liver"
"LOC115138674",95.2024223686094,0.0353477924955359,0.0710829457810846,0.441020194405595,0.706666998644961,"protein tyrosine phosphatase type IVA 2-like","liver"
"LOC115104124",92.5449339561233,0.0353185047635212,0.0716402623006058,0.441060069811772,0.706666998644961,"ras-related protein Rab-5C-like","liver"
"LOC115108385",410.555972650859,0.0351838810282488,0.0965212725787758,0.0992150484585204,0.371350355846583,"MAP kinase-interacting serine/threonine-protein kinase 2-like, transcript variant X1","liver"
"LOC115108729",182.034175973585,0.0351612544320763,0.0943218840178225,0.187982988148766,0.483018160085824,"midnolin-like","liver"
"LOC115108451",65.8947520182152,0.0351486310836949,0.0667385434069437,0.44645775726066,0.709735498671783,"F-box-like/WD repeat-containing protein TBL1XR1, transcript variant X2","liver"
"ik",109.629805238853,0.0351368004220082,0.0664520270265329,0.448528509396994,0.711086038234986,"IK cytokine","liver"
"LOC115102194",84.5624573610561,0.0350266474916897,0.0808498543287535,0.413448766471683,0.687282696630742,"acetyl-coenzyme A synthetase, cytoplasmic-like, transcript variant X2","liver"
"LOC115115566",4164.31005525425,0.0350152095686278,0.0980146719843687,0.02834303102167,0.215132578108616,"metallothionein B","liver"
"LOC115135433",317.908960760164,0.0349655030564849,0.0660031256854108,0.448442786925534,0.711086038234986,"stromal cell-derived factor 2-like","liver"
"csnk1a1",361.856987048423,0.0349583827574328,0.0592554560046745,0.431180830396043,0.698526655283892,"casein kinase 1 alpha 1, transcript variant X7","liver"
"LOC115134965",155.811344031008,0.0349282538797981,0.0789563999871953,0.425437275384358,0.696418608219535,"annexin A11-like, transcript variant X1","liver"
"LOC115118793",124.414704089861,0.0348395001525115,0.0826499613536639,0.400186329088822,0.675988179596368,"transmembrane emp24 domain-containing protein 2-like","liver"
"LOC115115054",1884.30697474686,0.0348223575671565,0.0751331703732873,0.425948039430683,0.696588509174171,"ganglioside GM2 activator-like, transcript variant X3","liver"
"LOC115134629",69.0131713194521,0.0347853527515327,0.0696423426834015,0.447752899553835,0.710962531586065,"39S ribosomal protein L23, mitochondrial, transcript variant X1","liver"
"rpl12",2087.89360561007,0.0347638590679938,0.0762220344700228,0.443179942372262,0.707778594440931,"ribosomal protein L12, transcript variant X2","liver"
"LOC115133433",1020.46428281843,0.0347297037433157,0.0845482775966796,0.383069652682661,0.6616067391248,"thioredoxin-like","liver"
"shmt2",873.423917459377,0.034727860847814,0.0869121556775123,0.358344695757564,0.63865893305983,"serine hydroxymethyltransferase 2, transcript variant X1","liver"
"LOC115141754",78.8400985693669,0.0346659391428121,0.0906524193860734,0.290319546490906,0.585326021350416,"complement C4-like","liver"
"LOC115142877",116.089786334047,0.0345812653722231,0.0714054113710654,0.43932878241711,0.705835284640182,"14-3-3 protein beta/alpha-1-like","liver"
"LOC115137942",7634.90013679998,0.0345266019117185,0.0828230803339869,0.402791542171211,0.677474617813841,"purine nucleoside phosphorylase-like","liver"
"LOC115103820",72.5405038517876,0.0345106327723344,0.0732099988944263,0.443663961922615,0.707778594440931,"trafficking protein particle complex subunit 5-like, transcript variant X2","liver"
"LOC115117641",103.974995302453,0.0344999647250765,0.0714925417092736,0.452758624927091,0.715565783327965,"splicing factor U2AF 65 kDa subunit-like, transcript variant X2","liver"
"LOC115140718",59.5981926867919,0.0344773739255425,0.093259870295609,0.223181859128085,0.516643694750874,"probable isoprenylcysteine alpha-carbonyl methylesterase ICMEL1","liver"
"slc8b1",136.206975655152,0.0344644973809837,0.0955342760170769,0.133820830928625,0.419579774511597,"solute carrier family 8 member B1, transcript variant X3","liver"
"LOC115141291",87.1143828302601,0.0344211676143078,0.0880638598142896,0.340647807235694,0.621522140686074,"pre-rRNA-processing protein TSR1 homolog","liver"
"LOC115111724",150.049753389498,0.0344006854853326,0.0884493567980793,0.336698915644697,0.617950638777758,"voltage-dependent anion-selective channel protein 2-like, transcript variant X3","liver"
"LOC115122257",217.774597673191,0.0343597221618915,0.0854730184296039,0.377539126935997,0.65762798350048,"intracellular hyaluronan-binding protein 4-like","liver"
"LOC115142607",206.274107848292,0.0342944152243469,0.0794580014984585,0.431664582391119,0.699032514035041,"testis-expressed protein 2-like, transcript variant X2","liver"
"LOC115109231",75.2855362359894,0.0342448681445963,0.0847892530990585,0.386321500995645,0.66277343806359,"mitochondrial import inner membrane translocase subunit Tim13","liver"
"LOC115102666",187.51856842684,0.0342351144217703,0.0793774974282519,0.429033060055722,0.697735722521961,"signal transducer and activator of transcription 6-like, transcript variant X1","liver"
"LOC115134178",115.549471303122,0.034206190791808,0.0775732088180207,0.440347024742961,0.706666998644961,"26S proteasome non-ATPase regulatory subunit 7-like","liver"
"LOC115143979",720.559842232744,0.0341883887216813,0.090806871690973,0.336718989874331,0.617950638777758,"glucose-6-phosphatase-like","liver"
"LOC115110711",206.751924481466,0.0341698791931606,0.0850512530594668,0.383036664432768,0.6616067391248,"hepatic leukemia factor-like","liver"
"apeh",62.6062459777899,0.0341381612359475,0.0769012274091535,0.440429749022675,0.706666998644961,"acylaminoacyl-peptide hydrolase","liver"
"LOC115111267",86.0850208372252,0.0341142683783076,0.0809053181159224,0.419118085054221,0.69146125084874,"transmembrane emp24 domain-containing protein 7-like","liver"
"LOC115127161",70.8824597766251,0.0341024509871776,0.0738282001786871,0.453525561964905,0.716500073863935,"trafficking protein particle complex subunit 3, transcript variant X3","liver"
"txndc17",85.2868292580593,0.0340747309135377,0.0777461979329487,0.438760547129671,0.705756902170694,"thioredoxin domain containing 17","liver"
"LOC115131609",65.3961900847332,0.0340441484431601,0.0710283443588459,0.458726038751346,0.718606378374628,"bromodomain-containing protein 2-like, transcript variant X3","liver"
"LOC115114723",2878.46326221188,0.0339443322848846,0.0794015119781654,0.434163949933343,0.700852380169627,"elongation factor 2-like","liver"
"acsf2",110.91187339104,0.0339376242642436,0.0754685475793246,0.448914759882991,0.711421680125611,"acyl-CoA synthetase family member 2, transcript variant X2","liver"
"LOC115114591",190.354630458876,0.0338936166041466,0.0749199953840532,0.449752050146622,0.712194777155258,"NPC intracellular cholesterol transporter 1-like","liver"
"LOC115146268",62.0427809232408,0.0338763316096269,0.0885925736262923,0.334365646036956,0.616247300594547,"signal recognition particle 14 kDa protein-like","liver"
"LOC115110379",8003.21244385279,0.0338078390117364,0.0893991332438832,0.300864977841589,0.593862300088289,"microfibril-associated glycoprotein 4-like","liver"
"LOC115111809",76.9154018613852,0.0337930342014728,0.0692167797508688,0.462597417260562,0.720499454625163,"serine/threonine-protein kinase A-Raf-like","liver"
"mphosph8",70.5857209422245,0.0337429207994469,0.0793747984820612,0.4348994615022,0.701463229136502,"M-phase phosphoprotein 8, transcript variant X1","liver"
"cnp",155.160597005154,0.0336635989954317,0.0913855174593517,0.27670908548444,0.574269975781353,"2',3'-cyclic nucleotide 3' phosphodiesterase, transcript variant X2","liver"
"tmem248",78.8783219514997,0.0336129942209229,0.0638618948157355,0.462968081456439,0.720526116844767,"transmembrane protein 248, transcript variant X3","liver"
"LOC115131437",723.6308112656,0.0335763462061906,0.0840267126558522,0.399709237316207,0.675742368851457,"60S ribosomal protein L15-like","liver"
"LOC115133589",82.173435629971,0.0335635449004713,0.090231085143409,0.304829392746221,0.597110690743404,"extensin-like, transcript variant X1","liver"
"tmem254",388.561011740125,0.0335452601919015,0.091628884778783,0.27062777496629,0.56771940852424,"transmembrane protein 254","liver"
"LOC115131669",80.995625173804,0.0335409434967764,0.088921083091666,0.33505561617985,0.616841324096237,"adenylate kinase 2, mitochondrial-like, transcript variant X2","liver"
"LOC115121364",81.8612823225703,0.0335052258037465,0.0735473706655552,0.460185957875256,0.718606378374628,"exportin-7, transcript variant X2","liver"
"LOC115101099",268.893994086477,0.0334379087880159,0.0847475527141696,0.393423435174885,0.668957032730998,"ribosome biogenesis protein NSA2 homolog","liver"
"LOC115129532",233.681051856222,0.0334280110343757,0.0802863719905305,0.432851673762519,0.699899417378417,"calnexin-like, transcript variant X3","liver"
"LOC115128364",183.172519285309,0.0334216554330779,0.090488922379593,0.299384298303989,0.592373980527698,"C-type lectin domain family 4 member M-like","liver"
"LOC115134815",691.436196931121,0.033403224157742,0.0728966122054155,0.473773791107445,0.731582624367827,"zinc finger CCCH domain-containing protein 15-like","liver"
"LOC115105863",30016.1328527614,0.0334027524915179,0.0919689447457804,0.260281463479012,0.558372234284449,"protein AMBP-like","liver"
"slc2a8",132.804205644042,0.0333842021210089,0.0857148488494421,0.38130238933822,0.661075516351589,"solute carrier family 2 member 8, transcript variant X1","liver"
"LOC115102537",57.9032006129211,0.0332833822376886,0.07594075391178,0.454563075324363,0.717254363923686,"chromobox protein homolog 5-like","liver"
"insig2",77.553894239942,0.0332605415871199,0.0745460293146738,0.459980619988285,0.718606378374628,"insulin induced gene 2, transcript variant X2","liver"
"LOC115146300",282.436034075417,0.0332510503114769,0.0821907969250806,0.421000397382533,0.692213642489393,"microsomal glutathione S-transferase 3-like","liver"
"LOC115137326",1606.42043049338,0.033132358011064,0.0709029286441875,0.427486045376366,0.697531273400348,"cytochrome P450 4V2-like","liver"
"LOC115109573",88.1839485193936,0.0329786766904981,0.0868440051936039,0.369593186287705,0.649617001857993,"protein C19orf12 homolog","liver"
"spag7",74.913529171771,0.0329727627005643,0.0733066613786858,0.466856473195419,0.725746370993336,"sperm associated antigen 7","liver"
"LOC115110751",222.089727561077,0.0329623732242769,0.082191239528743,0.424420420178246,0.695405793425631,"serine/threonine-protein phosphatase alpha-2 isoform-like, transcript variant X1","liver"
"LOC115105031",197.705364690093,0.0328226712981126,0.0760145757603891,0.458949265608534,0.718606378374628,"26S proteasome regulatory subunit 6B","liver"
"pdhx",58.8656222312298,0.0326607382918642,0.0724205437376733,0.472290268361882,0.730571208289576,"pyruvate dehydrogenase complex component X, transcript variant X2","liver"
"LOC115132306",64.4026318745514,0.0326347929474756,0.0831281859250094,0.416790005264287,0.690864604089969,"forkhead box protein P1-B-like, transcript variant X3","liver"
"LOC115130242",151.6363044447,0.032507520558668,0.081819035639039,0.429476336690604,0.697735722521961,"isocitrate dehydrogenase [NADP] cytoplasmic-like, transcript variant X2","liver"
"LOC115104015",122.63831855071,0.0324129734747458,0.0910027673198264,0.287789125125203,0.583886746645261,"cathepsin D-like","liver"
"LOC115144942",123.016051364088,0.0322871972356986,0.0848675452031443,0.398961468617249,0.675038167739272,"uncharacterized protein C1orf21 homolog","liver"
"nagpa",552.897894423251,0.0322646168325791,0.0770953395483409,0.445372368889729,0.709104231142651,"N-acetylglucosamine-1-phosphodiester alpha-N-acetylglucosaminidase, transcript variant X1","liver"
"LOC115142866",388.891011861757,0.032231496459586,0.0888158967693395,0.337709285859038,0.619209648745586,"eukaryotic translation initiation factor 2 subunit 2-like","liver"
"gns",68.7866287490622,0.0322279902123342,0.0825281293643697,0.426008128243337,0.696588509174171,"glucosamine (N-acetyl)-6-sulfatase","liver"
"LOC115144746",621.569072975023,0.0321716937282006,0.0804160402948614,0.445538747781239,0.709104231142651,"40S ribosomal protein S13-like","liver"
"LOC115133081",662.342568806142,0.0321542614836334,0.0872486090945204,0.378940305471481,0.658661272964502,"inter-alpha-trypsin inhibitor heavy chain H2-like","liver"
"LOC115109651",66.237168608648,0.032109468831766,0.0886425100745519,0.343762396399457,0.624522353674211,"TBC1 domain family member 15-like","liver"
"LOC115104076",519.540260269374,0.0320808879770863,0.0739372859457952,0.474601096208511,0.732153832186083,"eukaryotic translation initiation factor 1","liver"
"capn8",71.7061048928362,0.0320769167283262,0.0941465986481025,0.16323460846762,0.455221463268407,"calpain 8","liver"
"LOC115128317",5174.44442998997,0.0320290476282367,0.0798971068809427,0.459598639934991,0.718606378374628,"elongation factor 1-alpha, oocyte form","liver"
"LOC115120631",803.108954271828,0.0320249187661941,0.0759658041568498,0.473841542770133,0.731582624367827,"vigilin-like, transcript variant X4","liver"
"LOC115136811",61.1540122963309,0.0319886073613306,0.0906301145839049,0.297072370115703,0.590091121146007,"prothymosin alpha-like","liver"
"fuca2",153.460915096003,0.0319660942452994,0.0852655269206541,0.401072076620456,0.676923306130426,"alpha-L-fucosidase 2","liver"
"LOC115136213",132.564936380694,0.0318805897729873,0.0857231071478161,0.393562061945273,0.668957032730998,"heat shock 70 kDa protein 4-like","liver"
"LOC115110427",77.3702137851303,0.0318759164360718,0.0771466717602502,0.467566298692594,0.726572715772403,"trinucleotide repeat-containing gene 6B protein-like, transcript variant X2","liver"
"LOC115134813",381.212185700826,0.031861212345125,0.0741272088377565,0.476466646352786,0.732859641710927,"ATP synthase subunit g, mitochondrial-like","liver"
"LOC115136031",562.997999390176,0.0318337468350467,0.0865384568255298,0.381695137718879,0.661366763265898,"hypoxia up-regulated protein 1-like","liver"
"LOC115109846",141.778720623136,0.031796409662344,0.0787424455115621,0.458754680361865,0.718606378374628,"3-mercaptopyruvate sulfurtransferase-like","liver"
"LOC115110101",76.1660864575969,0.0316924277895108,0.0748784664750508,0.477398402669297,0.733165339596667,"protein PET100 homolog, mitochondrial","liver"
"LOC115133351",69.8732232295095,0.031583645869288,0.0800563142097947,0.454339411521705,0.717254363923686,"H/ACA ribonucleoprotein complex subunit 3-like","liver"
"LOC115104315",93.2294109252895,0.0315181584899282,0.0885820403651203,0.346369288714338,0.626631700310538,"forkhead box protein K2-like, transcript variant X2","liver"
"LOC115124230",67.2329166071066,0.0315032401892186,0.0839572224712811,0.419815510210583,0.691660476806118,"serine-rich adhesin for platelets-like, transcript variant X5","liver"
"LOC115142388",65.6509851811515,0.0314906261241908,0.0724998950970688,0.486277465469982,0.740682716463247,"protein polybromo-1-like, transcript variant X2","liver"
"LOC115118566",65.4111706461169,0.0314892710772033,0.0886146338231284,0.346814227644537,0.627158292759154,"zinc finger protein 665-like, transcript variant X2","liver"
"LOC115105002",624.150903269267,0.0314260391866739,0.0905985144386472,0.304796572066733,0.597110690743404,"protein disulfide-isomerase A4-like","liver"
"LOC115116388",140.712386656159,0.0314018646855681,0.0693170197770196,0.490224310971304,0.745301861812397,"acidic leucine-rich nuclear phosphoprotein 32 family member B-like, transcript variant X1","liver"
"cgnl1",61.1753160834621,0.0312883173667328,0.0873795235875829,0.373498463350658,0.653943185832166,"cingulin like 1","liver"
"LOC115108855",57.7063882288678,0.0312688814523775,0.0760638524322865,0.477754916284894,0.733165339596667,"transcription factor BTF3 homolog 4","liver"
"c5",4654.28664114443,0.0311520959876962,0.0757925191913689,0.48271248596021,0.73856459938957,"complement C5, transcript variant X1","liver"
"LOC115107699",1816.62052875668,0.0311234742345976,0.0896399473075182,0.477941744792293,0.733165339596667,"protein THEMIS-like","liver"
"LOC115134968",340.742713309236,0.0310987616470645,0.0846737133590516,0.414660366081617,0.688454440793757,"eukaryotic translation initiation factor 2 subunit 2-like","liver"
"asb8",62.8259557133007,0.0310396660748496,0.0769130670954317,0.478104384849838,0.733165339596667,"ankyrin repeat and SOCS box containing 8","liver"
"LOC115133390",2113.7381769045,0.030922781962083,0.0907264729719022,0.294974873073566,0.589635548521163,"purine nucleoside phosphorylase-like","liver"
"LOC115107146",65.067754958944,0.0309192392171405,0.0829685362352796,0.0333726218831751,0.229611277294517,"protein mono-ADP-ribosyltransferase PARP12-like","liver"
"cops7a",144.586709767372,0.0308829113127903,0.0771976353009363,0.47784851533291,0.733165339596667,"COP9 signalosome subunit 7A, transcript variant X2","liver"
"LOC115113136",124.882884168784,0.0308436845107675,0.0956874622939801,0.0441471318834241,0.261166487020082,"echinoderm microtubule-associated protein-like 6, transcript variant X1","liver"
"rgn",78.9959638026329,0.0308318766042988,0.0894728436748945,0.327009722668492,0.611979627914037,"regucalcin, transcript variant X2","liver"
"LOC115128292",62.785166776145,0.0308059573130416,0.0768323430438675,0.480744627371798,0.736106349048628,"exostosin-1b","liver"
"LOC115134943",72.7042264991511,0.0307559217516635,0.0901752433931486,0.311412978189415,0.601817480450145,"charged multivesicular body protein 4b","liver"
"LOC115137274",545.537793469347,0.0307508054328294,0.0898561529700631,0.316153564837945,0.602661842209239,"ecto-ADP-ribosyltransferase 4-like, transcript variant X1","liver"
"ogfod3",94.0052808365268,0.0306953610739074,0.0877891057271553,0.367922588245587,0.647463107254176,"2-oxoglutarate and iron dependent oxygenase domain containing 3","liver"
"LOC115145599",778.372185057547,0.0306119624431767,0.0793560346287112,0.470282053716042,0.729402454698093,"40S ribosomal protein S3a","liver"
"LOC115102402",362.0205007974,0.0306022714605755,0.0839614197320918,0.429552336877327,0.697735722521961,"CCAAT/enhancer-binding protein beta-like","liver"
"LOC115141324",142.336809483234,0.0305253627773038,0.08234594198553,0.445805866646106,0.709252424843687,"triosephosphate isomerase B-like","liver"
"evi5",159.928191162594,0.0305202298160917,0.067001941509667,0.505158584876783,0.757363748897249,"ecotropic viral integration site 5, transcript variant X3","liver"
"nfs1",262.038344531477,0.0304929161966527,0.0712944215806697,0.500329864750456,0.753247175397088,"NFS1 cysteine desulfurase, transcript variant X1","liver"
"LOC115106417",259.735967901763,0.0304697501445264,0.0823834017136392,0.447417805260615,0.710707316540244,"somatostatin receptor type 2-like","liver"
"LOC115134345",10115.0353517504,0.0303465661459235,0.0860010529607244,0.403093359604471,0.677474617813841,"tyrosine aminotransferase-like, transcript variant X1","liver"
"LOC115113035",293.773493709201,0.0303383645734685,0.0950637382055536,0.072239698359612,0.326440144693768,"transmembrane protein 14A-like, transcript variant X1","liver"
"LOC115143317",473.117224173105,0.0302976242327911,0.0754608589517645,0.495782670383591,0.749836795726722,"26S proteasome non-ATPase regulatory subunit 6-like","liver"
"LOC115112318",106.548529927109,0.0302837179931144,0.0855098956307468,0.410066771045404,0.683763649741703,"lysosomal protective protein-like","liver"
"LOC115143332",9939.13930372918,0.0302775452951716,0.0869919185802157,0.358685195991813,0.638986389363038,"inter-alpha-trypsin inhibitor heavy chain H3-like","liver"
"LOC115137896",152.973462406252,0.0302599002912487,0.0664181110672593,0.50701653827953,0.757363748897249,"AP-1 complex subunit sigma-1A-like, transcript variant X2","liver"
"LOC115126145",72.0701318654752,0.0302563215475236,0.0849941779706312,0.419114124196568,0.69146125084874,"transcription elongation factor SPT6-like","liver"
"LOC115105913",71.3119100689877,0.0302535946378073,0.0758575655563622,0.49135276341707,0.746419361968548,"phosphatidylinositol transfer protein beta isoform-like, transcript variant X1","liver"
"LOC115106378",113.547089090523,0.0302201963165161,0.0867804075976552,0.396148642330701,0.672512230795476,"solute carrier family 35 member G1-like","liver"
"LOC115113683",190.346031905498,0.0301870195546131,0.0898295236191972,0.322087989606929,0.60722971583619,"COX assembly mitochondrial protein 2 homolog, transcript variant X1","liver"
"LOC115138127",149.889211947776,0.0301268681554511,0.0916109517711023,0.25507443845797,0.552142013358834,"perilipin-2-like, transcript variant X2","liver"
"LOC115136789",121.898477144521,0.0300328944470959,0.0897226728308855,0.324844555914607,0.609607002720046,"claudin-3-like","liver"
"LOC115132559",526.861999299884,0.0299817544723087,0.0765719824436431,0.491508726085276,0.746419361968548,"alpha-enolase, transcript variant X3","liver"
"LOC115141745",140.992923812528,0.0299269167976715,0.0766150552847569,0.492611223564617,0.747326755354429,"DCN1-like protein 5, transcript variant X1","liver"
"ttr",4042.36864779211,0.029915296493289,0.0797424333198026,0.473314920860503,0.731323585074834,"transthyretin","liver"
"LOC115144627",101.095167925045,0.029881912300002,0.0812512098420598,0.461490246945593,0.719599941296954,"cystatin-like","liver"
"pold4",59.9957431204787,0.0298707071013119,0.088675355394524,0.352706172472202,0.633038467193614,"DNA polymerase delta 4, accessory subunit","liver"
"LOC115144256",63.3018710345031,0.029740661110349,0.0846575300085789,0.428138894716759,0.697735722521961,"vesicle-associated membrane protein-associated protein B-like","liver"
"LOC115118818",107.771245205016,0.02967443598007,0.0818399992430655,0.460238133667596,0.718606378374628,"zinc finger protein 706-like, transcript variant X2","liver"
"LOC115118597",218.501203945953,0.0296480459402598,0.0656510011367174,0.516077944604036,0.762093304551333,"nascent polypeptide-associated complex subunit alpha-like, transcript variant X1","liver"
"LOC115144813",91.0898785425755,0.0295363907142041,0.0777170066338032,0.490931878572535,0.746099305392116,"AFG3-like protein 1","liver"
"LOC115110115",162.279407606601,0.029526619292724,0.0836314805505238,0.442214567780677,0.707440917137375,"cyclic AMP-dependent transcription factor ATF-4-like, transcript variant X3","liver"
"keap1",380.619923981671,0.0294504168828819,0.0828719588841099,0.455406169507925,0.717524370666526,"kelch like ECH associated protein 1","liver"
"LOC115145407",133.569484008629,0.0294467769774882,0.0957548845186015,0.531526191302249,0.769709401192759,"vitellogenin-like","liver"
"LOC115130430",173.016788834865,0.0294162056124748,0.0744468972072079,0.507076955530077,0.757363748897249,"enoyl-CoA delta isomerase 2, mitochondrial-like","liver"
"LOC115105735",67.5166338257209,0.0294061038155333,0.0861395402443115,0.411197996558613,0.68432662976411,"moesin-like, transcript variant X1","liver"
"LOC115105718",57.4825224472169,0.0293951925038822,0.0760661420391292,0.50126765073478,0.753658039245653,"charged multivesicular body protein 1b-like","liver"
"LOC115128548",83.5703578605841,0.029312269579885,0.0831030170783853,0.450006196363741,0.712320487914023,"CTP synthase 1-like, transcript variant X2","liver"
"LOC115116688",117.78910080252,0.0293059796288902,0.0791832172212867,0.484739746141706,0.740307397818966,"glycogen synthase kinase-3 beta-like","liver"
"LOC115146375",123.988803671308,0.0292016457333173,0.0911580173892269,0.27604508681897,0.57347592959945,"saccharopine dehydrogenase-like oxidoreductase","liver"
"LOC115121568",89.5877502659447,0.0291663041176237,0.0804200192063531,0.475360053298187,0.732344393512047,"V-type proton ATPase subunit e 1-like","liver"
"LOC115112816",57.4914865918095,0.0291355553214007,0.0866073395374795,0.402494288456624,0.677474617813841,"ADM-like","liver"
"LOC115104085",193.85294710061,0.0291183564642818,0.0780947763195106,0.494491952831672,0.749105848998376,"glycylpeptide N-tetradecanoyltransferase 1-like, transcript variant X4","liver"
"LOC115131409",61.2151316608508,0.0291007491747876,0.0854879775189342,0.420557981013763,0.692058651904533,"serine/threonine-protein phosphatase 1 regulatory subunit 10-like, transcript variant X1","liver"
"LOC115119181",307.388478546153,0.0290673070133011,0.0830561633558742,0.454400115761471,0.717254363923686,"D-dopachrome decarboxylase-A-like","liver"
"LOC115103811",332.407146553331,0.0290415219265472,0.082854178102079,0.456421326759055,0.718290860181432,"probable ATP-dependent RNA helicase DDX5","liver"
"LOC115144542",80.4961864342168,0.0289635459338216,0.0894864648967989,0.332971848610918,0.616121761806781,"glucose-6-phosphatase-like","liver"
"LOC115108489",92.4874925054459,0.0289584413051186,0.088689403144212,0.354322025516041,0.635099637644408,"dimethylaniline monooxygenase [N-oxide-forming] 5-like, transcript variant X5","liver"
"lmf2",5614.65437015303,0.0288830782065913,0.0895620135431782,0.320880730163853,0.605794282606699,"lipase maturation factor 2","liver"
"LOC115107605",177.802964858687,0.0288225798585663,0.0905647426488359,0.298345702995139,0.591734956591156,"NF-kappa-B inhibitor alpha-like","liver"
"LOC115127300",7110.42337776125,0.0286948754173008,0.0830859110615303,0.457940677690756,0.718606378374628,"uncharacterized LOC115127300","liver"
"LOC115111965",70.0985870110239,0.0286898626117544,0.0749187853940209,0.514730340746037,0.761263014833398,"endothelial differentiation-related factor 1 homolog","liver"
"LOC115107839",166.752172881231,0.0286775081011784,0.067644213534749,0.528293492625967,0.769709401192759,"WD repeat-containing protein 26, transcript variant X2","liver"
"LOC115104990",90.7240156413749,0.0286562660412289,0.0867060485527705,0.403471613579985,0.677474617813841,"neutral cholesterol ester hydrolase 1-like, transcript variant X1","liver"
"LOC115102380",339.795906785081,0.0285686624922439,0.0690356399745441,0.529320721613753,0.769709401192759,"peptidyl-prolyl cis-trans isomerase FKBP1A-like","liver"
"LOC115111528",471.302738527761,0.0285525180685902,0.0885081637785103,0.364669392090278,0.645415736934422,"interleukin-1 receptor type 2-like","liver"
"LOC115129373",123.885433761912,0.0285477692829966,0.0742454487042944,0.518673553575469,0.763493464923658,"ubiquitin-conjugating enzyme E2 D2-like, transcript variant X3","liver"
"LOC115109689",91.3322507768616,0.0285456309903411,0.0711828342168137,0.529947762291416,0.769709401192759,"YY1-associated factor 2","liver"
"LOC115118465",91.4691819732718,0.0285314634777763,0.0714753821003841,0.528830722209979,0.769709401192759,"clathrin light chain A-like","liver"
"LOC115135292",154.559007851168,0.0285263891339399,0.090130332148768,0.314024254608411,0.602661842209239,"lysophosphatidylserine lipase ABHD12-like, transcript variant X2","liver"
"LOC115103809",135.965101916558,0.0285200155819758,0.0826207722819825,0.464439328468841,0.722264289522699,"signal recognition particle subunit SRP68-like","liver"
"LOC115136619",395.764065655411,0.0285101339599805,0.0711538411756593,0.524625077574523,0.768645512650523,"26S proteasome non-ATPase regulatory subunit 2","liver"
"tcp1",430.563706751745,0.0284860227296845,0.0763574407617095,0.511589530407587,0.760144684417698,"t-complex 1","liver"
"lrp10",77.2300700886726,0.0284839929311026,0.0754726217379035,0.514463182268729,0.761263014833398,"LDL receptor related protein 10, transcript variant X1","liver"
"LOC115114170",6859.30438259797,0.0284130123806009,0.0836434518131084,0.448466267557454,0.711086038234986,"serine--pyruvate aminotransferase-like","liver"
"LOC115101889",433.897330527425,0.0284049214652237,0.0924828707763135,0.205975100856016,0.50423694359707,"apolipoprotein C-II-like","liver"
"LOC115135546",501.039845685624,0.0284025046964575,0.0886578995183554,0.361372956910407,0.642370768585617,"diamine acetyltransferase 1-like","liver"
"LOC115143473",109.108701463305,0.0283409090804367,0.072152359092227,0.526321950503388,0.768966964635751,"mitochondrial import inner membrane translocase subunit Tim17-A-like","liver"
"LOC115106206",648.983707817007,0.0283105920070187,0.0926953839147725,0.190931564837253,0.486229707127124,"C-reactive protein-like","liver"
"LOC115105408",63.5917336320383,0.028301442235278,0.0661695275213373,0.52285973664253,0.767162090192568,"ankyrin repeat and KH domain-containing protein 1-like, transcript variant X7","liver"
"pdzd7",802.683509515388,0.0281852990726544,0.0796573205096757,0.494748023921401,0.749105848998376,"PDZ domain containing 7, transcript variant X1","liver"
"LOC115135247",72.1591443695772,0.0280970060630699,0.0780600377904403,0.508488021986903,0.758637327093198,"mRNA decay activator protein ZFP36L2-A-like","liver"
"LOC115125022",283.532528550915,0.0280770761599355,0.080963057416525,0.484941303281806,0.740307397818966,"uncharacterized LOC115125022","liver"
"LOC115116223",1290.48618659585,0.0280153916648278,0.0855209790513092,0.430007883948765,0.697735722521961,"endoplasmin-like, transcript variant X1","liver"
"atic",185.333131511871,0.0279899967511566,0.0813770270965325,0.483189476246562,0.738739799392718,"5-aminoimidazole-4-carboxamide ribonucleotide formyltransferase/IMP cyclohydrolase","liver"
"LOC115143007",982.165999917505,0.0279884975252029,0.0784731734854484,0.506312432198856,0.757363748897249,"60S acidic ribosomal protein P0-like","liver"
"LOC115139981",195.765694222067,0.0279673798104225,0.0691740403054177,0.53626464094551,0.773111844948287,"multivesicular body subunit 12B-like","liver"
"LOC115118965",179.427380633216,0.0279472884521754,0.0810897258291025,0.497115415880846,0.7512949333075,"profilin-2-like","liver"
"LOC115132348",760.050982527514,0.0279240558662786,0.0640383233648927,0.539364035850689,0.773215962598105,"peptidyl-prolyl cis-trans isomerase FKBP1A-like","liver"
"LOC115103328",8846.58699617082,0.0279142313617968,0.0867199518663762,0.420837697808654,0.692213642489393,"complement factor H-related protein 5-like, transcript variant X3","liver"
"LOC115133632",144.815795059152,0.0278704681472668,0.0778675524786114,0.510324837732914,0.759986861015476,"cystatin-B-like","liver"
"LOC115114550",611.278255927076,0.0278193190818684,0.0860539962880895,0.423067543560356,0.694212281623193,"CCAAT/enhancer-binding protein delta-like","liver"
"LOC115145085",80.4493280400165,0.0277721233951999,0.0837341469666629,0.467861398323917,0.726754214774498,"histone H2A deubiquitinase MYSM1-like","liver"
"ndufb9",109.979917863818,0.0277498412433639,0.0757876104103338,0.524162992258493,0.768244644532764,"NADH:ubiquinone oxidoreductase subunit B9","liver"
"LOC115112317",66.9309603716384,0.0277000966801166,0.0886823641385844,0.363485869516322,0.644440367180743,"lysosomal protective protein-like","liver"
"gpnmb",170.40484021809,0.0276929611585709,0.0934923102620123,0.119984597429831,0.401425114690011,"glycoprotein nmb","liver"
"LOC115136413",899.632643051624,0.0276750921154246,0.0707091430272429,0.54183565158449,0.774575981749119,"hepatocyte growth factor-like protein","liver"
"LOC115139615",97.9137027434004,0.0276680859433226,0.075812113466177,0.524814552454156,0.768646825656896,"guanine nucleotide-binding protein G(k) subunit alpha-like","liver"
"LOC115133442",79.8539918562147,0.0276402461692168,0.078064180312513,0.512482235716348,0.760144684417698,"matrix metalloproteinase-14-like","liver"
"LOC115141947",72.1435440820172,0.0276162499805679,0.0889128371237791,0.35594378220749,0.636040318359181,"heat shock 70 kDa protein 13-like","liver"
"LOC115141787",317.700159168363,0.0275995567057953,0.0714369808657224,0.535655560364444,0.773111844948287,"coiled-coil-helix-coiled-coil-helix domain-containing protein 2-like","liver"
"LOC115142959",76.4740518296306,0.02759885845818,0.0802581012520359,0.498405668367959,0.751593236245278,"protein polybromo-1-like, transcript variant X1","liver"
"sesn1",256.716176764189,0.0275968951539575,0.0919929239276355,0.219296895535733,0.514938140304512,"sestrin 1, transcript variant X1","liver"
"LOC115102312",342.029600774971,0.0274284489983626,0.0778851128508432,0.518087817297995,0.763177648504688,"40S ribosomal protein S10","liver"
"LOC115101174",331.357254016017,0.027365837620111,0.0762898314988544,0.526486676059629,0.768966964635751,"surfeit locus protein 4","liver"
"LOC115113313",708.776259178033,0.0273578470466194,0.0916059761988303,0.235675101273526,0.529846504573023,"nuclear receptor coactivator 4-like, transcript variant X1","liver"
"LOC115107081",280.790957471693,0.0273154640880474,0.0853204669441459,0.437861589568354,0.705145728597634,"methionine aminopeptidase 2-like","liver"
"LOC115131249",166.699222929768,0.0273040900828523,0.0763792811027319,0.533951515709828,0.771663356498806,"tubulointerstitial nephritis antigen-like","liver"
"LOC115116301",217.781791660162,0.0272785007244896,0.0861239029796865,0.427396919393721,0.697531273400348,"protein disulfide-isomerase A4-like","liver"
"LOC115131259",75.5072123027188,0.0272236653666911,0.0900947657438754,0.315888124731427,0.602661842209239,"E3 ubiquitin-protein ligase znrf2-like","liver"
"LOC115133393",910.836296170591,0.0272094075661736,0.0851180970846082,0.44935576896285,0.711843806565323,"complement C1q-like protein 2","liver"
"aldh6a1",81.708416062198,0.0271800436804706,0.0904458043961076,0.301282253933429,0.594139323259205,"aldehyde dehydrogenase 6 family member A1, transcript variant X2","liver"
"dpy19l4",61.769132645787,0.0271283634608079,0.0776130853249838,0.522116305458074,0.766623220838296,"dpy-19 like 4","liver"
"LOC115131677",194.06585603851,0.0271270939069574,0.0710036127133744,0.548837173414864,0.779584923708898,"splicing factor, proline- and glutamine-rich-like, transcript variant X1","liver"
"rnf115",123.158195582103,0.0270159042519376,0.079669703574466,0.508915948481568,0.758997953168997,"ring finger protein 115, transcript variant X1","liver"
"LOC115139221",133.399615445555,0.0269756939437372,0.0861359856618321,0.42905764213426,0.697735722521961,"glycerophosphocholine phosphodiesterase GPCPD1-like, transcript variant X2","liver"
"atf3",91.2642526028172,0.0269135898988188,0.090603249269017,0.293497635365248,0.589308552585592,"activating transcription factor 3","liver"
"LOC115136963",567.320206280503,0.0268887684351642,0.0737727665024031,0.542861161739735,0.775242068292631,"complement C2-like, transcript variant X2","liver"
"LOC115106795",59.5153784292255,0.0268678746527675,0.0830517175386923,0.478049526029793,0.733165339596667,"CTP synthase 1-like, transcript variant X1","liver"
"LOC115114488",83.1850142840918,0.0268628737030596,0.08698842019364,0.411334701403844,0.68432662976411,"rho GTPase-activating protein 21-like, transcript variant X4","liver"
"c9",4690.58351396752,0.0268067779022385,0.0859097351264404,0.323989469415918,0.608562708451282,"complement C9","liver"
"LOC115135887",441.836929810066,0.0268010410522622,0.0881031236818023,0.389861910601853,0.666279726462538,"dolichyl-diphosphooligosaccharide--protein glycosyltransferase subunit STT3A","liver"
"LOC115128665",140.864857520296,0.0268005890867713,0.0683190921465583,0.550834282716099,0.780469839198218,"transformer-2 protein homolog alpha-like","liver"
"LOC115139145",128.559713618106,0.026748267371427,0.0651926192312021,0.554565398552627,0.782250760109554,"ER membrane protein complex subunit 7-like","liver"
"LOC115109183",79.1224808729648,0.0267373944149135,0.0904463409328023,0.300177264271103,0.593366890964605,"cystathionine gamma-lyase-like","liver"
"LOC115135710",62.3064412633641,0.0267268358882482,0.0848775117081792,0.45238932580577,0.715259461592056,"T-box transcription factor TBX2b-like, transcript variant X1","liver"
"cavin1",125.214382648241,0.026687989618407,0.0867754137283185,0.418520325482675,0.69146125084874,"caveolae associated protein 1","liver"
"LOC115132078",111.03833707174,0.0266260277220405,0.0805065765330124,0.508382100481717,0.758637327093198,"DENN domain-containing protein 2D-like, transcript variant X1","liver"
"LOC115112465",84.0209630362127,0.026614789180817,0.0771031458052573,0.531265758174721,0.769709401192759,"tyrosine-protein kinase CSK, transcript variant X1","liver"
"mrpl33",60.5464993936489,0.026563216693289,0.0778295312131179,0.528082274195627,0.769709401192759,"mitochondrial ribosomal protein L33","liver"
"LOC115107889",272.71418598913,0.0265474149713728,0.0756805774784034,0.539287670240528,0.773215962598105,"activator of 90 kDa heat shock protein ATPase homolog 1-like","liver"
"LOC115110273",134.661929782334,0.0265432319555736,0.0752688985222424,0.543212895621361,0.775257619941411,"dnaJ homolog subfamily C member 7-like, transcript variant X1","liver"
"LOC115108468",77.9868330998022,0.0265219902220197,0.0897725367341592,0.329607961551784,0.613285735480822,"dolichyl-diphosphooligosaccharide--protein glycosyltransferase subunit DAD1-like","liver"
"LOC115105754",106.456007623924,0.0263870955008077,0.0758672037604419,0.541255456548309,0.774361965914675,"E3 ubiquitin-protein ligase RNF128-like, transcript variant X1","liver"
"LOC115133971",71.0154971249526,0.0263527009282435,0.0805482804366448,0.510084935071256,0.759907235142704,"signal transducer and activator of transcription 1-alpha/beta-like, transcript variant X1","liver"
"LOC115110279",112.800511992851,0.0263258290704618,0.0682415748094055,0.560929151008306,0.787367733880117,"ras-related protein Rab-5C","liver"
"LOC115135306",62.9017119647815,0.0263016018684449,0.0741290433026476,0.549327942098733,0.779811174198227,"sphingosine-1-phosphate lyase 1-like, transcript variant X2","liver"
"LOC115122625",541.617549475938,0.0262988215887755,0.0846031353825807,0.462357278954468,0.720400714456579,"transmembrane protein 258","liver"
"pno1",113.514503255675,0.0262786380656603,0.0873408490540411,0.406872570211365,0.680234863076916,"partner of NOB1 homolog","liver"
"LOC115103821",230.496136614936,0.0262018098370889,0.0821109484535782,0.496730525430118,0.750991699426247,"E3 ubiquitin/ISG15 ligase TRIM25-like, transcript variant X1","liver"
"LOC115110339",62.7372107965994,0.0261980677344226,0.0712156876393585,0.558008021179148,0.784560432675476,"SUMO-conjugating enzyme UBC9-B, transcript variant X3","liver"
"LOC115144177",334.909966111003,0.0261907557476703,0.0878895957594578,0.391490234430033,0.667530449463005,"thyrotroph embryonic factor-like, transcript variant X1","liver"
"LOC115125330",244.989859937885,0.0261659476270617,0.0781512310414664,0.531110728977799,0.769709401192759,"prothymosin alpha-A-like, transcript variant X1","liver"
"ndufv2",214.691414692285,0.0261535698226722,0.0761871395166258,0.534007328444306,0.771663356498806,"NADH:ubiquinone oxidoreductase core subunit V2","liver"
"LOC115134617",131.90151474744,0.0261314868163895,0.0722767705138828,0.557727033902038,0.784560432675476,"catalase-like, transcript variant X1","liver"
"LOC115105558",119.103638202039,0.0261287867140211,0.0815865581560261,0.503531371852884,0.756224713217522,"protein eva-1 homolog B-like, transcript variant X2","liver"
"id2",146.409174040627,0.0261053102810084,0.0823518873765647,0.495062590324487,0.749303794341853,"inhibitor of DNA binding 2, transcript variant X2","liver"
"pptc7",99.1242848476879,0.0260934176534382,0.0888757865843968,0.364652947147681,0.645415736934422,"PTC7 protein phosphatase homolog","liver"
"LOC115145290",1574.5831693578,0.0260598092312695,0.0775162619484828,0.530280866764097,0.769709401192759,"prohibitin-2-like","liver"
"LOC115120078",121.573835351881,0.0260284675539576,0.0829090466037209,0.489658092686337,0.745274976022968,"biorientation of chromosomes in cell division protein 1-like, transcript variant X2","liver"
"LOC115125076",168.318919066765,0.0259960426636769,0.079820268050559,0.520684846467891,0.765624615513392,"cyclin-G1-like, transcript variant X2","liver"
"LOC115108105",232.816115803675,0.0259623056186656,0.0847933954840777,0.423887560885588,0.694998269577497,"aspartate--tRNA ligase, cytoplasmic-like","liver"
"nfkb2",74.064859416402,0.025887424427883,0.0910265186431077,0.264908985489355,0.562460659673982,"nuclear factor kappa B subunit 2","liver"
"LOC115108172",256.493596005656,0.0258610485735315,0.0793392218617118,0.527653624991737,0.769709401192759,"ubiquitin-60S ribosomal protein L40-like","liver"
"LOC115142509",63.7261638700703,0.0258488764597175,0.0882848752174272,0.383799175617505,0.66181330070431,"lysozyme G-like","liver"
"LOC115128327",59.7583627665935,0.0258459191377874,0.0852285622747421,0.455335977056556,0.717524370666526,"adenylate kinase 2, mitochondrial, transcript variant X3","liver"
"cmc2",64.3986618976624,0.0258104198534429,0.0704276108358434,0.565787074061752,0.791402921714379,"C-X9-C motif containing 2, transcript variant X7","liver"
"LOC115129818",196.706439140086,0.0257634819787942,0.0894888115614356,0.338742247083087,0.620225883494352,"transcription factor CP2-like protein 1, transcript variant X3","liver"
"LOC115113377",88.5833325262994,0.0257610514822999,0.0802836169933076,0.51209204454725,0.760144684417698,"thioredoxin-dependent peroxide reductase, mitochondrial-like","liver"
"katnal1",98.0369761347404,0.0257370150736788,0.0909808511798196,0.26647715636497,0.563006462704206,"katanin catalytic subunit A1 like 1, transcript variant X1","liver"
"LOC115145042",9243.21853000262,0.0257287843570178,0.0841871560838348,0.47123592176012,0.729568582743055,"kininogen-1-like","liver"
"LOC115118672",248.413540135068,0.0257013344736704,0.0825738568787421,0.498566995522245,0.751593236245278,"dolichyl-diphosphooligosaccharide--protein glycosyltransferase subunit 2-like, transcript variant X1","liver"
"LOC115132635",24226.6206561922,0.0256961678787591,0.081370383267312,0.511631502084096,0.760144684417698,"hemopexin-like","liver"
"LOC115114969",67.0318279624315,0.0256838966109387,0.0757055890813025,0.550582939562235,0.780469839198218,"dnaJ homolog subfamily A member 2-like","liver"
"zdhhc6",116.792263467256,0.0256596323732668,0.0799828160869645,0.525993634409273,0.768966964635751,"zinc finger DHHC-type containing 6, transcript variant X1","liver"
"optn",196.592929191684,0.0255595646214721,0.074126840898134,0.558419391450611,0.784868082604375,"optineurin, transcript variant X3","liver"
"LOC115120715",1430.11256176381,0.0255243197922372,0.080506421077667,0.521466675627494,0.766221402255828,"fibronectin-like","liver"
"LOC115132792",640.442227598301,0.0255056780148715,0.0786196579739972,0.536898239269123,0.773111844948287,"retinol dehydrogenase 7-like, transcript variant X2","liver"
"LOC115110409",184.215896072586,0.025491471909656,0.0757349891933983,0.548922652366177,0.779584923708898,"60 kDa heat shock protein, mitochondrial","liver"
"atrx",70.8729743057057,0.0254646803553306,0.0871989196154721,0.417498205565055,0.691195242032154,"ATRX chromatin remodeler, transcript variant X1","liver"
"LOC115106897",69.9197232808541,0.0254546264563974,0.0823197399110279,0.500649384731032,0.753284197919411,"V-type proton ATPase subunit F-like","liver"
"dapl1",158.447442913354,0.0254444572020797,0.08075954938549,0.526672905824804,0.768966964635751,"death associated protein like 1","liver"
"LOC115110163",81.0884501684398,0.0253235724771236,0.0792243664813144,0.534415362801832,0.771891218561399,"coatomer subunit zeta-1-like, transcript variant X1","liver"
"LOC115141186",229.157278946106,0.0253185413795167,0.0734124212607577,0.564298466064581,0.790019412923563,"electron transfer flavoprotein subunit beta-like, transcript variant X1","liver"
"LOC115124527",212.702890407619,0.025024628488716,0.0782822845734449,0.546195645198625,0.777429785420277,"annexin A4-like","liver"
"LOC115101483",62.8492284765919,0.0249000245510063,0.0897603323307328,0.330347113622859,0.613285735480822,"uncharacterized LOC115101483","liver"
"LOC115102443",88.6349817781925,0.0247161481683122,0.0739583303275252,0.57309318905924,0.79867092571223,"heme transporter hrg1-B","liver"
"LOC115119687",112.227549076591,0.0247093594826231,0.0840057937476715,0.490029315115716,0.74528339119838,"surfeit locus protein 1","liver"
"lg19h9orf16",60.3079483667943,0.0246871964402916,0.0781527938708837,0.551843492779505,0.780469839198218,"linkage group 19 C9orf16 homolog, transcript variant X3","liver"
"LOC115146122",119.491784457118,0.0246692969483033,0.068250698459697,0.586733905168124,0.80818582640165,"eukaryotic translation initiation factor 4E-like","liver"
"LOC115102696",144.330521152108,0.0246251900636276,0.0793973750929584,0.543011802005756,0.775242068292631,"neurabin-1-like, transcript variant X1","liver"
"LOC115106768",419.326021222815,0.0246134546050418,0.0730490312824327,0.57974050243371,0.803475786439919,"coagulation factor IX-like","liver"
"LOC115122219",462.402998643684,0.0245725961386647,0.076940067399285,0.56291971101599,0.789288180977357,"growth hormone receptor-like","liver"
"gars",61.8879023294272,0.0245712654220389,0.0876623730985747,0.410665744112287,0.684051317123694,"glycyl-tRNA synthetase","liver"
"LOC115131695",217.581022691287,0.02452757578538,0.0762293426526701,0.565684128334101,0.791402921714379,"proteasome subunit beta type-2-like, transcript variant X1","liver"
"LOC115143574",157.241181965858,0.0244067888064133,0.0685499145366364,0.584846736228548,0.80671245240865,"eukaryotic translation initiation factor 4B-like, transcript variant X1","liver"
"LOC115106750",158.23595681188,0.0242460201860565,0.0748996310658984,0.575691478572343,0.800604125296935,"eukaryotic translation initiation factor 3 subunit L-like","liver"
"LOC115133660",1044.79388012239,0.0242098397708867,0.092591486165324,0.103676465775423,0.37878524947853,"phospholipase A2 inhibitor 31 kDa subunit-like","liver"
"sall1",287.258326332593,0.0241790736996599,0.0814823888245172,0.621004946199066,0.834839606155395,"spalt like transcription factor 1","liver"
"LOC115130516",918.948153521279,0.0241121366976977,0.0793471907451769,0.518169310111582,0.763177648504688,"guanine nucleotide-binding protein subunit beta-2-like 1","liver"
"LOC115125541",65.7725142746764,0.0240386692119442,0.0916294156403503,0.198751955376396,0.495034422284806,"NLR family CARD domain-containing protein 3-like","liver"
"nars",220.505710861706,0.0240138610134917,0.0806166029416908,0.545451869500555,0.777092562070696,"asparaginyl-tRNA synthetase, transcript variant X1","liver"
"LOC115134626",78.4396064910288,0.0240114248122646,0.0783030569006554,0.558694728037926,0.78498438865308,"nucleosome assembly protein 1-like 4, transcript variant X4","liver"
"LOC115107068",1234.25882170323,0.0239722230289129,0.0902653946492303,0.29705050118707,0.590091121146007,"phenylalanine-4-hydroxylase-like","liver"
"LOC115111850",577.773319473679,0.0239158389854281,0.0733258805274613,0.584250645968047,0.806436042318239,"ATP synthase subunit alpha, mitochondrial-like","liver"
"LOC115143115",117.666380351447,0.0238914272608968,0.080635399195712,0.543844747603634,0.775842580063361,"methyltransferase-like protein 7A, transcript variant X1","liver"
"lmnb2",113.787660789853,0.0238790068394687,0.0668893706009922,0.607663824841941,0.825612583351917,"lamin B2","liver"
"LOC115134468",136.980240282291,0.0238653239977601,0.0688761720915057,0.595601798207518,0.815202461213514,"amyloid-beta A4 protein-like, transcript variant X3","liver"
"LOC115114114",875.859831708309,0.0238415703713462,0.0747793132670115,0.581386361257296,0.804116324562179,"angiopoietin-related protein 3-like","liver"
"LOC115113497",62.5459106528299,0.0237523965489477,0.0725333561836246,0.615861622479903,0.831484588681048,"autophagy-related protein 13-like, transcript variant X2","liver"
"LOC115107556",3169.37341627655,0.0236433343304185,0.0716669958067113,0.5943389734723,0.814568142526259,"apolipoprotein B-100-like","liver"
"LOC115120339",66.2568488095429,0.0235630640365671,0.0854830127701519,0.475874249519801,0.732576569249542,"nicotinamide riboside kinase 2-like","liver"
"LOC115139231",71.0159537519882,0.023520325423801,0.0849937926673593,0.486114282304857,0.740682716463247,"peptidyl-prolyl cis-trans isomerase FKBP1B-like, transcript variant X2","liver"
"LOC115133350",321.467313286978,0.0234571571473544,0.0789829654684101,0.561918111046838,0.788426237737318,"lysophospholipid acyltransferase LPCAT4-like","liver"
"LOC115103844",165.241021723358,0.0234550709765591,0.0757606528907737,0.58181834096561,0.804440826925314,"T-complex protein 1 subunit delta-like","liver"
"comtd1",73.4867044813726,0.0233887880242737,0.0820382617688475,0.536757050337016,0.773111844948287,"catechol-O-methyltransferase domain containing 1, transcript variant X3","liver"
"LOC115113395",75.1331483962413,0.0232282478742734,0.070669304245689,0.597815080363396,0.817134227887727,"nucleolysin TIAR-like, transcript variant X7","liver"
"LOC115117885",94.0062271152542,0.0231980889847756,0.0892829825414804,0.354603916115445,0.635325521796287,"myosin light chain kinase, smooth muscle-like","liver"
"LOC115103875",115.370129596686,0.0231277081107579,0.0807066145710637,0.551565396358968,0.780469839198218,"26S proteasome non-ATPase regulatory subunit 12-like","liver"
"LOC115112904",114.614334475079,0.0231233414043617,0.0685721473512525,0.606968153633797,0.825425316763068,"eukaryotic peptide chain release factor GTP-binding subunit ERF3A-like","liver"
"LOC115102102",158.619738639316,0.0230092650994199,0.0759585138410383,0.58760111003167,0.808596260799826,"5-aminolevulinate synthase, nonspecific, mitochondrial-like, transcript variant X1","liver"
"LOC115145227",138.074191129763,0.0229626389326161,0.0709682329439585,0.605724378933413,0.82490229486555,"AP-2 complex subunit alpha-2-like, transcript variant X1","liver"
"clta",79.3377846353137,0.022759649628373,0.0731193448023676,0.603944765300229,0.823579412299677,"clathrin light chain A, transcript variant X1","liver"
"LOC115116152",77.9586559313716,0.0226101826422032,0.0732200445140914,0.605687884365188,0.82490229486555,"cyclin-T2-like","liver"
"LOC115107538",14751.6491414108,0.0225681247094402,0.0881977865405729,0.426053766774095,0.696588509174171,"complement C1q-like protein 2","liver"
"LOC115139406",143.880349814225,0.0225416499301504,0.0743366674322509,0.602703883486432,0.822713003714233,"costars family protein ABRACL, transcript variant X2","liver"
"LOC115108070",596.799532145561,0.0225243782831924,0.0780658675749303,0.607254861340301,0.825425316763068,"receptor-type tyrosine-protein phosphatase S-like","liver"
"LOC115109544",171.735241965025,0.0225177833170473,0.0736557741477364,0.6038652368358,0.823579412299677,"GTPase KRas, transcript variant X1","liver"
"LOC115130666",65.4613553484535,0.0225173752310953,0.0762792914161805,0.593507049820671,0.813701559054508,"ubiquitin-like protein 3","liver"
"LOC115139156",74.6578383088273,0.0224848074517909,0.0810619653850189,0.55618366028006,0.78369505014266,"V-type proton ATPase subunit D-like","liver"
"LOC115135830",93.9679442103331,0.0223784915129967,0.0683110543140256,0.618296772228732,0.83344654031755,"E3 ubiquitin-protein ligase RNF167-like, transcript variant X1","liver"
"LOC115130268",74.3198243136305,0.0223701829106364,0.0805391176540695,0.563807931870241,0.789990075731558,"UBX domain-containing protein 4-like, transcript variant X2","liver"
"LOC115137705",58.8079336990073,0.0223591146049715,0.0899257884095665,0.317586109116675,0.604704843863596,"DNA-binding protein inhibitor ID-1-like","liver"
"LOC115135549",117.176241974024,0.0223417472634328,0.0738285483244828,0.606822306327198,0.825425316763068,"peroxiredoxin-4-like, transcript variant X2","liver"
"LOC115129441",278.863027983821,0.0222898009588322,0.0847374581708061,0.506072192976157,0.757363748897249,"ubiquitin-like protein 3","liver"
"LOC115116690",82.8996257318968,0.0222695140645147,0.0826814053463212,0.538934650387595,0.773215962598105,"lysosome-associated membrane glycoprotein 1-like","liver"
"LOC115101459",58.569656199437,0.0222628132655297,0.0679030039455361,0.620630628736741,0.834839606155395,"sorting nexin-12-like, transcript variant X2","liver"
"parp4",59.610847961709,0.0222568735700546,0.0727162200083829,0.611101295658036,0.828350143366197,"poly(ADP-ribose) polymerase family member 4, transcript variant X1","liver"
"dao",136.61945884646,0.0222250656177568,0.0830006739774021,0.529353076582946,0.769709401192759,"D-amino acid oxidase, transcript variant X4","liver"
"LOC115135177",145.415696396219,0.0221978601289027,0.0786680900967438,0.582131274166247,0.804600567481052,"collagen alpha-1(XIII) chain-like, transcript variant X5","liver"
"LOC115132097",221.802058351471,0.0221636578191728,0.0701691007760039,0.617031826110304,0.832512983523867,"sodium/potassium-transporting ATPase subunit alpha-1","liver"
"LOC115103117",357.44499901774,0.0221394080865186,0.0614618046732123,0.622708093061307,0.834934682276343,"25-hydroxycholesterol 7-alpha-hydroxylase-like, transcript variant X1","liver"
"odc1",1526.85264414928,0.0221207677438594,0.0880620225352615,0.402139245559326,0.677322134256122,"ornithine decarboxylase 1","liver"
"LOC115106772",666.382924986327,0.0221049633675956,0.0737845923374771,0.631408718600669,0.83995494027948,"claudin-10-like, transcript variant X2","liver"
"LOC115137920",170.058291297502,0.021988703693595,0.063163081720781,0.625882769064979,0.837135049950938,"heterogeneous nuclear ribonucleoprotein C-like, transcript variant X8","liver"
"LOC115130793",2865.79497947232,0.0219116923870328,0.0882219508434613,0.309224376235368,0.600632855049678,"sequestosome-1-like","liver"
"LOC115113037",67.9458269652526,0.0219036768653973,0.0812150141947939,0.562906767478922,0.789288180977357,"F-box only protein 9-like","liver"
"LOC115119596",101.157155049927,0.0218585299410032,0.0853883852106928,0.497441874899014,0.751459900730628,"tropomyosin beta chain, transcript variant X4","liver"
"LOC115127517",4510.89335182522,0.0218580328042124,0.0763563995406001,0.602565498124105,0.822713003714233,"complement C3-like","liver"
"erg28",126.012927983289,0.021840278517348,0.0893804403308599,0.351055076857669,0.631465354488904,"ergosterol biosynthesis 28 homolog","liver"
"LOC115109203",702.258454988709,0.0217557049638164,0.0783525581911427,0.556844374512219,0.784006103803732,"calreticulin-like","liver"
"slc17a5",79.0362077988805,0.0217345927683486,0.0831586273571172,0.537187694534677,0.773155735495531,"solute carrier family 17 member 5, transcript variant X1","liver"
"hao1",193.525004513181,0.0217310368965875,0.0796744419201103,0.580317787516897,0.803997477513108,"hydroxyacid oxidase 1","liver"
"LOC115144348",84.0485426379365,0.021707299937649,0.0790841575374038,0.585337924958621,0.806843889797544,"translation machinery-associated protein 7-like","liver"
"LOC115144106",78.9809150450749,0.0216678039564683,0.0810815602064028,0.567476859075899,0.793222111657533,"lethal(2) giant larvae protein homolog 2-like, transcript variant X2","liver"
"LOC115109233",96.4392491764075,0.0216442282642309,0.0743863275761056,0.615657219782111,0.831484038380346,"heterogeneous nuclear ribonucleoprotein M-like, transcript variant X2","liver"
"LOC115137543",65.9102159276512,0.021526532887938,0.0809027400273264,0.570557170813947,0.796981161150668,"vacuolar protein sorting-associated protein 37C-like","liver"
"sf3b5",111.221637522794,0.0215187947532367,0.0674987512799845,0.631725616278466,0.840102320375539,"splicing factor 3b subunit 5","liver"
"LOC115121826",58.3298996655827,0.0213498282457259,0.0693964403687696,0.629787797517179,0.839717063356239,"sin3 histone deacetylase corepressor complex component SDS3-like, transcript variant X1","liver"
"LOC115120147",57.6961301231436,0.0212922758916381,0.0755513953124036,0.614481954433547,0.830722536076662,"serine/threonine-protein phosphatase 4 regulatory subunit 1-like, transcript variant X7","liver"
"LOC115121643",246.74922223434,0.02128842605321,0.0923602590147408,0.624984759027615,0.83632234990038,"vitellogenin-like","liver"
"LOC115106777",147.388572427413,0.0212645464068938,0.0872436545747338,0.446389210504245,0.709735498671783,"discoidin, CUB and LCCL domain-containing protein 1-like, transcript variant X3","liver"
"LOC115110643",231.987235795805,0.0212600050128183,0.0768064139290351,0.60859656064041,0.826604325614899,"probable ATP-dependent RNA helicase DDX5, transcript variant X2","liver"
"LOC115110168",76.1606433988813,0.0212275366101066,0.087926928738412,0.426792113762798,0.697033718530067,"cyclin-T2-like, transcript variant X1","liver"
"LOC115146058",161.827072385596,0.0211379108666163,0.0748715765320315,0.621600347099588,0.834934682276343,"calmodulin","liver"
"LOC115134734",1637.34562776711,0.021135586906319,0.0910699582353328,0.198658513228427,0.495034422284806,"zona pellucida sperm-binding protein 4-like","liver"
"LOC115114786",81.8282395622668,0.0210472080525168,0.0812878015659703,0.574096223767374,0.799458902656582,"mitochondrial ubiquitin ligase activator of nfkb 1-A-like, transcript variant X2","liver"
"LOC115141195",96.9609713750276,0.0210173125301518,0.0823417842438688,0.560970534638827,0.787367733880117,"probable aminopeptidase NPEPL1","liver"
"LOC115112782",70.6024342845229,0.0210126755735139,0.0748281084605445,0.622329648766435,0.834934682276343,"COP1-interactive protein 1-like","liver"
"eif3j",230.979275343914,0.0210085984360487,0.0780543622615975,0.596179068249774,0.815687484991624,"eukaryotic translation initiation factor 3 subunit J","liver"
"LOC115116214",650.444228850341,0.0210017887086117,0.0850403062113026,0.511613977771902,0.760144684417698,"complement C3 alpha chain-like","liver"
"LOC115134982",86.0361440168711,0.0209326419537694,0.0751351035319378,0.622097280489407,0.834934682276343,"GTP-binding protein SAR1b-like, transcript variant X1","liver"
"LOC115119394",206.519970197664,0.0208906986612954,0.0840046446134851,0.538521425593907,0.773215962598105,"uncharacterized LOC115119394, transcript variant X1","liver"
"LOC115137347",160.306458609754,0.0208714493424484,0.0759691591542584,0.619615645594396,0.83406650311848,"large neutral amino acids transporter small subunit 3-like","liver"
"acmsd",72.7710346889201,0.020803688644098,0.0868387463452082,0.470699053655593,0.729530363810833,"aminocarboxymuconate semialdehyde decarboxylase, transcript variant X2","liver"
"LOC115107521",66.261211447692,0.0206784042026022,0.0743973803692445,0.630932634918451,0.83995494027948,"cyclin-K-like, transcript variant X3","liver"
"LOC115139580",77.3020907773343,0.0205867683419376,0.0758128970456972,0.624922489791915,0.83632234990038,"activator of 90 kDa heat shock protein ATPase homolog 1-like, transcript variant X1","liver"
"LOC115122043",312.128046578882,0.0205471672803753,0.0729473866086548,0.633299263252008,0.840906442733589,"26S proteasome non-ATPase regulatory subunit 4-like, transcript variant X1","liver"
"wwp1",62.1267849051547,0.0204760172295257,0.0722497384608706,0.640030751016368,0.843720700940341,"WW domain containing E3 ubiquitin protein ligase 1, transcript variant X1","liver"
"LOC115136892",3890.35440520191,0.0204243868713666,0.0688400678745113,0.641243657313027,0.844705667068792,"alpha-2-macroglobulin-like","liver"
"LOC115111507",1204.79253562792,0.0203523692009098,0.0818424996037811,0.585211105056473,0.806843889797544,"interleukin-1 receptor type 1-like, transcript variant X1","liver"
"LOC115144216",83.7552750942134,0.0202802935252309,0.0655768218610219,0.652507838368558,0.851624063141288,"TOM1-like protein 2, transcript variant X2","liver"
"ccni",137.720590255182,0.0202122266410651,0.0727064391045027,0.634913993773008,0.84167206276547,"cyclin I, transcript variant X1","liver"
"LOC115126306",102.125854279341,0.0202063198303908,0.0877480927420626,0.44248936288899,0.707566356663603,"keratinocyte-associated protein 2-like","liver"
"LOC115140043",58.9305124354894,0.0201882477956617,0.0849726553374448,0.527815162853142,0.769709401192759,"glycerol-3-phosphate acyltransferase 4, transcript variant X1","liver"
"LOC115145622",1329.83877626821,0.0201805496925732,0.0793751245882269,0.582627352310326,0.805013250175217,"15-hydroxyprostaglandin dehydrogenase [NAD(+)]-like","liver"
"LOC115110996",69.2622174920471,0.0201410556389667,0.0836418109639191,0.554781369785914,0.782250760109554,"immediate early response 3-interacting protein 1","liver"
"LOC115134283",77.3583721603308,0.0201194611111358,0.0898518094753318,0.313094812534519,0.602462265574022,"1-acyl-sn-glycerol-3-phosphate acyltransferase gamma-like, transcript variant X2","liver"
"LOC115146138",105.76733780202,0.0200879563140079,0.0652424433769935,0.655629368562544,0.853670707268556,"eukaryotic translation initiation factor 5-like, transcript variant X1","liver"
"LOC115104043",77.6773393083605,0.020070641359469,0.0865204598649163,0.488932829831886,0.744449090173615,"collagen alpha-1(I) chain-like","liver"
"LOC115130343",91.1572845944788,0.0199720849622517,0.0822267448600433,0.576449949734812,0.801094440886155,"collagen alpha-3(VI) chain-like, transcript variant X1","liver"
"LOC115146573",87.9570299778043,0.0199533788426956,0.0845746511993816,0.539435283261947,0.773215962598105,"transmembrane protein 134-like","liver"
"LOC115143915",89.4237127082387,0.0199085862806428,0.0722920731036797,0.64852829470949,0.849149158122674,"inhibitor of nuclear factor kappa-B kinase subunit alpha-like, transcript variant X2","liver"
"LOC115111861",66.9560619592475,0.019901204471382,0.0873394129318897,0.462058515396812,0.720210519601302,"UDP-N-acetylglucosamine/UDP-glucose/GDP-mannose transporter-like, transcript variant X2","liver"
"LOC115132494",746.38589471331,0.0199004047131226,0.0772381837385793,0.63049869806781,0.83995494027948,"40S ribosomal protein S26","liver"
"LOC115129845",512.625908968121,0.0198751436343437,0.0876244773585987,0.457461874361786,0.718606378374628,"uncharacterized LOC115129845","liver"
"LOC115113536",76.4011771416084,0.0198739707365054,0.0671179143338293,0.656426502337908,0.853715571026587,"vacuolar protein sorting-associated protein 35, transcript variant X3","liver"
"LOC115136650",91.4263046997709,0.0198176871342676,0.0885897253459446,0.403570235540349,0.677474617813841,"serine/threonine-protein kinase ULK2-like, transcript variant X3","liver"
"LOC115113421",66.0490549477878,0.0197853025414173,0.0905426932140637,0.2351593932339,0.529270947996342,"C-X-C motif chemokine 9-like","liver"
"LOC115142705",137.084721088716,0.0197760351404822,0.0822047715298758,0.580693401741492,0.803997477513108,"equilibrative nucleoside transporter 1-like","liver"
"srsf2",303.218389826007,0.0197421786770713,0.0693711444519844,0.658172124751862,0.854366108435857,"serine and arginine rich splicing factor 2, transcript variant X2","liver"
"LOC115140341",133.222200640112,0.0197210369005235,0.0718215381658517,0.653119633666663,0.851877000584101,"protein NipSnap homolog 1-like","liver"
"LOC115128084",354.94797205261,0.0196977763565692,0.074914671774279,0.642297271779476,0.844861624160791,"eukaryotic translation initiation factor 3 subunit M-like","liver"
"LOC115135157",68.4881244871845,0.0196264517179617,0.072184103020972,0.612491056835363,0.829131035423759,"ubiquinol-cytochrome-c reductase complex assembly factor 1","liver"
"LOC115145610",388.180718862427,0.0196229383512735,0.0879167964968061,0.443158324931096,0.707778594440931,"40S ribosomal protein S3a","liver"
"LOC115140859",191.002995140331,0.0195610051154266,0.0856798628749144,0.494708935627388,0.749105848998376,"apolipoprotein A-IV-like","liver"
"LOC115111382",155.452503679807,0.0195265773520962,0.0844828061465441,0.546260771698644,0.777429785420277,"beta,beta-carotene 9',10'-oxygenase-like, transcript variant X2","liver"
"LOC115138696",61.7840175475249,0.0195068809248425,0.0690312275391287,0.655786105253726,0.853670707268556,"sorting nexin-6","liver"
"gart",116.144720469353,0.0194714579468187,0.0714363303989949,0.658014076293246,0.854366108435857,"phosphoribosylglycinamide formyltransferase, phosphoribosylglycinamide synthetase, phosphoribosylaminoimidazole synthetase, transcript variant X1","liver"
"LOC115125585",318.127010838764,0.0194645784823353,0.0851038181511639,0.535874539873989,0.773111844948287,"translocon-associated protein subunit delta-like","liver"
"LOC115110440",121.828256174571,0.0194620016081773,0.0612436595674388,0.665134674218572,0.857939535479398,"splicing factor 3B subunit 1, transcript variant X7","liver"
"LOC115141566",232.831358466141,0.0194455302285943,0.0889331524721515,0.384030801859849,0.66181330070431,"tribbles homolog 2-like, transcript variant X2","liver"
"alg5",97.7275559227777,0.0194356311041359,0.0801349533189403,0.611751336212101,0.828900509140573,"ALG5 dolichyl-phosphate beta-glucosyltransferase, transcript variant X1","liver"
"LOC115125893",256.562717192278,0.0193317133858495,0.0690584966989808,0.663484259965539,0.856623960601691,"NEDD4 family-interacting protein 1-like","liver"
"LOC115107698",729.611553410706,0.0193189890837017,0.0840534842665673,0.53990254636249,0.773215962598105,"protein LEG1 homolog","liver"
"LOC115133610",202.215653486075,0.0193170919117325,0.0853102973042071,0.529572901943566,0.769709401192759,"Y-box-binding protein 2-A-like, transcript variant X1","liver"
"psmd8",301.988440879439,0.0192873959014005,0.0719113972951118,0.659376845879645,0.854596863619836,"proteasome 26S subunit, non-ATPase 8","liver"
"LOC115126333",132.35692639205,0.0192786440926873,0.0765508869720268,0.64183679094756,0.844861624160791,"transmembrane emp24 domain-containing protein 2, transcript variant X1","liver"
"LOC115112871",61.6122563782116,0.0192277860710857,0.0794381910902973,0.620914660864273,0.834839606155395,"cytochrome b-c1 complex subunit 2, mitochondrial-like","liver"
"LOC115140278",327.956199816535,0.0192024096230233,0.0780484207606079,0.632165172917912,0.840182548499679,"testosterone 17-beta-dehydrogenase 3-like, transcript variant X3","liver"
"midn",109.770909342401,0.0190425937136655,0.0884306419147649,0.416747127133697,0.690864604089969,"midnolin","liver"
"LOC115109495",71.046771291105,0.0189900395443092,0.0737868623512777,0.655996117423867,0.853670707268556,"ubiquitin-conjugating enzyme E2 H-like","liver"
"LOC115137001",234.755570339411,0.0189838576669819,0.0633008003633381,0.672191941567041,0.861687651672654,"14-3-3 protein epsilon-like, transcript variant X2","liver"
"LOC115146494",135.987944432506,0.0189175138322433,0.08703712160428,0.484864886933576,0.740307397818966,"L-threonine 3-dehydrogenase, mitochondrial-like","liver"
"LOC115106900",174.710509908577,0.0187602048472793,0.0689336667781907,0.67108085479245,0.861216977405008,"ADP-ribosylation factor 4","liver"
"LOC115109090",67.1775893219556,0.0187523041417885,0.0813575280020776,0.608938869051199,0.826793747585838,"immediate early response gene 5 protein-like","liver"
"LOC115132414",309.749483557094,0.0187118733265067,0.0796148733868351,0.627216694770002,0.838001930804863,"tyrosine-protein kinase STYK1-like, transcript variant X1","liver"
"LOC115119134",244.99491772892,0.0185841392365714,0.0899972643265873,0.285288934378139,0.582393425434705,"glutathione-specific gamma-glutamylcyclotransferase 1-like","liver"
"LOC115111889",19397.1340741735,0.0185391080106163,0.0905895867338078,0.201097864573769,0.496718234682126,"apolipoprotein A-I-like","liver"
"LOC115109329",6167.18836867197,0.0185144965082883,0.0818387440553781,0.592181137239547,0.812590224908425,"tyrosine aminotransferase-like","liver"
"LOC115116084",88.519244385253,0.0185064470335718,0.0659079259064412,0.680320485313125,0.866558218167593,"YTH domain-containing family protein 1-like, transcript variant X2","liver"
"LOC115120803",254.45022155646,0.0184570506743362,0.0735763567440216,0.66075321619569,0.854759755834176,"protein tyrosine phosphatase type IVA 2-like, transcript variant X5","liver"
"LOC115113484",1464.2766305702,0.0183768214285638,0.0791030357006279,0.635590434051059,0.84167206276547,"insulin-like growth factor-binding protein 2-B","liver"
"LOC115141705",74.8869700051592,0.0183683525631135,0.0761361350131738,0.657274955255812,0.854017442659449,"glucuronokinase 1-like, transcript variant X1","liver"
"tm4sf5",367.480710570144,0.0182721441507276,0.0802294713377161,0.628816682318196,0.838696595919165,"transmembrane 4 L six family member 5","liver"
"LOC115114350",73.5722727588326,0.0182582501424432,0.0889740562256294,0.383987716910352,0.66181330070431,"cAMP-responsive element modulator-like, transcript variant X1","liver"
"LOC115129279",169.869263430118,0.0180614850166426,0.089572983327991,0.328964254078288,0.613285735480822,"lateral signaling target protein 2 homolog","liver"
"LOC115110341",119.867843169265,0.0180324994665226,0.085073471925779,0.538280850121292,0.773215962598105,"probable G-protein coupled receptor 146","liver"
"rnf10",138.650977370282,0.0180310973072868,0.0701699610326366,0.68309662142228,0.869008061459805,"ring finger protein 10","liver"
"LOC115131466",211.440241774664,0.017923872286082,0.0744874878102969,0.672702566310329,0.861687651672654,"nuclear migration protein nudC-like","liver"
"LOC115137943",87.3125693005691,0.0178887234425504,0.0636852855496307,0.689712614874343,0.871170938403415,"splicing factor 3B subunit 2-like, transcript variant X1","liver"
"LOC115116931",68.7641465876984,0.0178767615516496,0.0792576007082733,0.643794366295957,0.845234929698462,"serine/threonine-protein kinase 19-like","liver"
"LOC115102421",71.0844808247409,0.0178414447478776,0.0745459114508703,0.673559079017228,0.861687651672654,"phosphatidylinositide phosphatase SAC1-B","liver"
"LOC115112746",305.565157877167,0.0177964171448148,0.0760715016882582,0.66667028011228,0.859104667005265,"eukaryotic translation initiation factor 4 gamma 2-like","liver"
"mrpl11",88.9420436047478,0.017732090963911,0.0822976755396072,0.612834231538656,0.82932016193611,"mitochondrial ribosomal protein L11, transcript variant X1","liver"
"LOC115101140",107.033381221101,0.0177285150576995,0.0801091210899515,0.63843951987058,0.843720700940341,"AN1-type zinc finger protein 5-like, transcript variant X1","liver"
"LOC115137871",89.4860661461606,0.0177128297013814,0.0827273262821279,0.607224566282411,0.825425316763068,"opioid growth factor receptor-like protein 1","liver"
"LOC115104691",60.6762971248561,0.0177108716705568,0.0893633127011955,0.348887277344387,0.628953800290015,"toll-like receptor 5","liver"
"LOC115118871",416.104300784622,0.0176950823125938,0.0777104018239087,0.658679069639671,0.854596863619836,"elongation factor 1-gamma-like, transcript variant X2","liver"
"LOC115140844",75.5300582556477,0.0176641304902041,0.0658595101607521,0.691741251426179,0.872921777341519,"zinc finger protein 696-like, transcript variant X2","liver"
"LOC115131531",266.836814243336,0.0176144539659483,0.0775478349483942,0.656170344914717,0.853670707268556,"myocyte-specific enhancer factor 2D homolog, transcript variant X2","liver"
"LOC115141646",86.5149476838533,0.0175378241832746,0.0812580401130849,0.630090235709987,0.839845585596438,"histone H3.3, transcript variant X1","liver"
"LOC115136422",433.761690375508,0.0175144126778889,0.0768130291924663,0.668256165333734,0.859180422952549,"protein ABHD14B-like","liver"
"LOC115138460",227.449482279646,0.0174383083508025,0.0813690021725186,0.631224917916654,0.83995494027948,"dnaJ homolog subfamily C member 17-like, transcript variant X2","liver"
"tmem62",213.140881602223,0.0173067753803474,0.0674858410489184,0.69347293115072,0.874565491141811,"transmembrane protein 62, transcript variant X2","liver"
"LOC115102974",142.905789594502,0.0172248448392153,0.0799526426937257,0.646531154721433,0.847664930006617,"serine/arginine-rich splicing factor 11-like, transcript variant X1","liver"
"pebp1",194.874592424235,0.0171728878109886,0.0804907855381758,0.644087264878171,0.845234929698462,"phosphatidylethanolamine binding protein 1","liver"
"faxdc2",412.975324048619,0.0171218777085106,0.0873273984525965,0.494097221539652,0.749105848998376,"fatty acid hydroxylase domain containing 2, transcript variant X1","liver"
"LOC115136526",290.926559272432,0.0170405699956819,0.0864932009987559,0.521699502960498,0.76628726993405,"nuclear factor NF-kappa-B p100 subunit-like","liver"
"LOC115111163",85.0287796124424,0.0170376178898504,0.0761148540255212,0.67894175538199,0.865342900230454,"basic leucine zipper and W2 domain-containing protein 1-A","liver"
"LOC115111243",365.645972574945,0.0170350973579916,0.077442499068809,0.671267501770292,0.861216977405008,"LMBR1 domain-containing protein 2-B-like, transcript variant X6","liver"
"LOC115117657",204.197266413358,0.0170179195135696,0.0858630518827578,0.550233226793952,0.780469839198218,"minor histocompatibility antigen H13-like, transcript variant X1","liver"
"LOC115111853",445.499490339707,0.0169965884203667,0.0803664813331116,0.646598122932008,0.847664930006617,"60S ribosomal protein L37","liver"
"LOC115105383",83.5135807108644,0.016865456894503,0.0817991338451465,0.634628001446968,0.84167206276547,"proline-rich nuclear receptor coactivator 2","liver"
"LOC115128437",72.4012429037519,0.0168361408459909,0.084576194438505,0.58749704208956,0.808596260799826,"phosphatidylinositol 4-kinase beta-like","liver"
"LOC115101839",107.729593374061,0.0168265931608839,0.0896135486894504,0.315305122738652,0.602661842209239,"RNA-binding Raly-like protein, transcript variant X1","liver"
"LOC115104965",123.186899926213,0.0168087421799095,0.0738381847224212,0.751653437425382,0.906163682622259,"protein Aster-C-like, transcript variant X1","liver"
"LOC115112837",60.3146073592506,0.0167878117065577,0.0760125895370084,0.683650701094834,0.869229610243837,"protein phosphatase 1 regulatory subunit 21-like, transcript variant X2","liver"
"eef1d",268.372052628883,0.0166797783026583,0.0718682870755235,0.714027871658296,0.886819001174329,"eukaryotic translation elongation factor 1 delta, transcript variant X5","liver"
"LOC115103060",427.550694447776,0.0166672214527954,0.0808305818625107,0.642815058065054,0.844861624160791,"protein canopy-1-like, transcript variant X2","liver"
"LOC115143579",58.7844507628044,0.0166625130104117,0.0871796881828373,0.506608463963458,0.757363748897249,"3-oxo-5-alpha-steroid 4-dehydrogenase 2-like","liver"
"LOC115146252",514.098754509608,0.0166579631353556,0.079198090272993,0.664784469986395,0.857778397295667,"fibrinogen-like protein 1-like protein","liver"
"LOC115127301",513.319619103888,0.0166176514555716,0.0817903870981587,0.638529142486596,0.843720700940341,"coagulation factor VII-like","liver"
"plek2",251.379611426046,0.0166125742010779,0.0850453728312061,0.579091024235457,0.803012128208193,"pleckstrin 2","liver"
"LOC115129805",58.2264822206146,0.0165831853071269,0.0764457595505186,0.684251529681284,0.869229610243837,"guanine nucleotide-binding protein subunit alpha-11-like, transcript variant X3","liver"
"LOC115103222",119.10301329907,0.016580667732877,0.0678915305326541,0.708254524468255,0.882287726690895,"thioredoxin reductase-like selenoprotein T1a","liver"
"LOC115109414",76.5359241433974,0.016554949770866,0.0750867614830938,0.6915556505943,0.872921777341519,"tropomyosin alpha-1 chain-like, transcript variant X8","liver"
"LOC115105452",100.739641646597,0.0165326792615616,0.07900068089394,0.668415387925057,0.859180422952549,"transducin beta-like protein 2","liver"
"LOC115118427",246.299653437133,0.016511710120842,0.0897318566880891,0.295601034262108,0.58979918979019,"docking protein 5-like","liver"
"LOC115117569",89.2585501461724,0.0164393764155423,0.0727175945505904,0.702909525446915,0.879799605594775,"retinoic acid receptor RXR-alpha-A-like","liver"
"LOC115141342",268.466398989275,0.0163858323648781,0.0837284569575086,0.609569123137187,0.82682320995247,"uncharacterized LOC115141342, transcript variant X1","liver"
"LOC115137093",106.870818798726,0.0163260087914841,0.0706672735843912,0.688099310445961,0.870358242046126,"cleft lip and palate transmembrane protein 1 homolog, transcript variant X3","liver"
"LOC115104267",77.9887538692043,0.0163080565532418,0.0819813015310133,0.64006390478711,0.843720700940341,"hsc70-interacting protein-like, transcript variant X2","liver"
"LOC115130637",206.707903992746,0.0162836600164499,0.0857296813161264,0.556401812688584,0.78369505014266,"phospholipid-transporting ATPase 11C-like, transcript variant X3","liver"
"LOC115118596",93.6616457517898,0.0162604460079919,0.077371332774923,0.684575421528637,0.869229610243837,"prostaglandin E synthase 3-like","liver"
"LOC115141220",144.743581187829,0.016256409595352,0.0696049163780579,0.710562213393946,0.884351628028618,"MAP7 domain-containing protein 1-like, transcript variant X3","liver"
"LOC115129308",407.994546069041,0.0162507638242859,0.0576008612157672,0.712811817972305,0.886339527167516,"heterogeneous nuclear ribonucleoprotein A0-like","liver"
"LOC115137056",301.838320354845,0.0162140741191105,0.0849872370765715,0.462924154091327,0.720526116844767,"mRNA decay activator protein ZFP36-like","liver"
"LOC115105495",1619.9349198894,0.0161570112227333,0.0682853268333004,0.716425307488145,0.888419544471221,"membrane-associated progesterone receptor component 1-like","liver"
"LOC115141591",190.47032354742,0.0161408918001165,0.0672121719830168,0.716446281324068,0.888419544471221,"14-3-3 protein epsilon-like, transcript variant X3","liver"
"LOC115129184",179.646298858984,0.0160986703949747,0.083472181515526,0.622189723271249,0.834934682276343,"solute carrier family 25 member 48-like","liver"
"LOC115108369",129.317297555366,0.0160908140176846,0.073121092533466,0.700419014906066,0.878359688644006,"vesicle-trafficking protein SEC22b-B, transcript variant X1","liver"
"fam114a2",90.9660583170095,0.0159897843624604,0.0752399803440739,0.700575894941527,0.878359688644006,"family with sequence similarity 114 member A2, transcript variant X1","liver"
"LOC115107741",196.253631823305,0.0159866047206693,0.0688514421593027,0.716926989958669,0.888745258841707,"solute carrier family 22 member 2-like","liver"
"LOC115111622",165.312692797291,0.0159808611368743,0.0734149807410225,0.707059024826501,0.882146490723238,"26S proteasome non-ATPase regulatory subunit 9-like","liver"
"LOC115130874",61.6071033147416,0.0159738492671934,0.0747218614571551,0.702995416205441,0.879799605594775,"mediator of RNA polymerase II transcription subunit 12","liver"
"LOC115103338",414.881583327194,0.0159635713396441,0.0866361500749963,0.540264735397302,0.773215962598105,"angiopoietin-related protein 3-like, transcript variant X2","liver"
"pgd",358.591620455499,0.0159408575875151,0.087201355121825,0.515700892710569,0.762093304551333,"phosphogluconate dehydrogenase","liver"
"LOC115142752",183.286990275161,0.0158463206836789,0.0891213567353672,0.372686543079658,0.653363591222662,"rho-related BTB domain-containing protein 3-like, transcript variant X2","liver"
"gstz1",487.531872625576,0.0158065848584961,0.0811690820682782,0.660465949891759,0.854759755834176,"glutathione S-transferase zeta 1, transcript variant X1","liver"
"lars",93.2300179725378,0.015773856988656,0.0763146924887228,0.698789785867572,0.878359688644006,"leucyl-tRNA synthetase","liver"
"LOC115130839",66.4204067926245,0.0157472875350685,0.0895927911790707,0.307130131067811,0.598746474685021,"glutathione S-transferase P-like","liver"
"LOC115107410",60.5616126369038,0.0157321237734349,0.0679754314450771,0.720684037405334,0.890391307088294,"protein FAM122A-like, transcript variant X2","liver"
"LOC115108281",392.810383087651,0.0157238240523835,0.0784194404951521,0.635212264876243,0.84167206276547,"cold-inducible RNA-binding protein B-like, transcript variant X2","liver"
"smarcd3",301.312446953192,0.0156910380489092,0.0743597419172342,0.713488823646684,0.886819001174329,"SWI/SNF related, matrix associated, actin dependent regulator of chromatin, subfamily d, member 3, transcript variant X5","liver"
"LOC115131842",58.9937061360002,0.0156668712400672,0.0691256330781096,0.719115595637576,0.889788021284765,"MAP kinase-activated protein kinase 2-like","liver"
"LOC115110565",127.932638540939,0.0156423911226131,0.0787726433872013,0.685659007347782,0.869229610243837,"transmembrane protein 205-like","liver"
"LOC115111740",158.559445844915,0.0156120317461267,0.080401027339777,0.672147296839034,0.861687651672654,"fumarylacetoacetate hydrolase domain-containing protein 2-like, transcript variant X2","liver"
"LOC115120316",81.6162384903578,0.0155675041201555,0.0864212327712286,0.554326014487284,0.782250760109554,"mitoguardin 1-like","liver"
"LOC115136181",118.509984325852,0.0155512543606564,0.0710176726459168,0.721918832319985,0.890643351660368,"ubiquitin-conjugating enzyme E2 B-like","liver"
"LOC115125824",158.234371453339,0.0154459484192124,0.0823553859856261,0.651287949852591,0.851122053093671,"heparanase-like, transcript variant X1","liver"
"qars",89.1769483562199,0.0154406742607932,0.0825634598994794,0.647832615847941,0.848510842608036,"glutaminyl-tRNA synthetase","liver"
"LOC115143335",79.8210304510818,0.0154339504927684,0.0835001438911211,0.634395463255813,0.84167206276547,"calpastatin-like","liver"
"naa15",97.6524347758555,0.0154143873951746,0.0738947218950193,0.715833644987274,0.888419544471221,"N(alpha)-acetyltransferase 15, NatA auxiliary subunit","liver"
"rpl22l1",351.022457565225,0.0154102805007517,0.0821293305122846,0.649264235066914,0.849294294651073,"ribosomal protein L22 like 1","liver"
"LOC115101986",231.704510359367,0.0154095095056255,0.0901849209355166,0.941435835553365,0.9811537882167,"complement C1q tumor necrosis factor-related protein 3-like","liver"
"LOC115116509",10113.3754491782,0.015357839306823,0.0849866215133123,0.504821785168947,0.757363748897249,"uncharacterized LOC115116509","liver"
"LOC115138519",103.938021957167,0.0152511609610054,0.0884848406113059,0.439764794745852,0.706257408740777,"C-type lectin domain family 10 member A-like, transcript variant X2","liver"
"LOC115123030",113.880521044166,0.0152198025782753,0.0646384057841004,0.732969265002454,0.898250969377632,"heterogeneous nuclear ribonucleoprotein H-like, transcript variant X2","liver"
"LOC115105641",283.272916533421,0.0152192096015805,0.0887540639327088,0.4141442940601,0.688158231793301,"RING finger protein 121, transcript variant X1","liver"
"LOC115131922",398.641916934804,0.0152062055545893,0.0815981099580142,0.666124028572768,0.858682622301968,"glucose-6-phosphate 1-dehydrogenase, transcript variant X4","liver"
"LOC115145050",125.565088429405,0.0151936371197641,0.0780596076603614,0.698887508560597,0.878359688644006,"zinc finger protein 774-like, transcript variant X2","liver"
"LOC115114130",95.7961042107288,0.0151762580799191,0.086317885721393,0.557337369418034,0.78442925336599,"beta-1,3-galactosyltransferase 2-like, transcript variant X1","liver"
"LOC115105605",62.2557157954482,0.015120396674971,0.0737323947505087,0.722098993226361,0.890643351660368,"arrestin red cell, transcript variant X4","liver"
"LOC115137062",228.332135364304,0.0150452996636337,0.0729809376556167,0.727776489261383,0.89430719633084,"transmembrane protease serine 4-like, transcript variant X3","liver"
"ergic3",684.095108772094,0.0150158397759617,0.0760814673546712,0.707433967755722,0.882287726690895,"ERGIC and golgi 3","liver"
"LOC115108263",129.37228359816,0.0149842198529779,0.0743163167213584,0.721744732057528,0.890643351660368,"tight junction protein ZO-3-like","liver"
"LOC115140112",62.1752399616688,0.0149718796750742,0.0881010625314119,0.473224632666071,0.731323585074834,"phosphoinositide-3-kinase-interacting protein 1-like","liver"
"LOC115143312",137.23732401798,0.0149532915929882,0.0895253494842079,0.309374116476834,0.600632855049678,"interferon-induced GTP-binding protein Mx3, transcript variant X2","liver"
"LOC115143900",373.721952177788,0.0149377667025495,0.086145504865739,0.573138483245406,0.79867092571223,"calcium-binding and coiled-coil domain-containing protein 2-like, transcript variant X1","liver"
"LOC115128522",295.995048631517,0.0148168955974158,0.081027258657835,0.677934496601355,0.864870425085172,"KH domain-containing, RNA-binding, signal transduction-associated protein 3-like, transcript variant X1","liver"
"LOC115111465",65.7857326125467,0.0148103238093188,0.0877847426956682,0.500439978158811,0.753247175397088,"calcium-binding mitochondrial carrier protein SCaMC-2-A-like, transcript variant X1","liver"
"prelid1",63.8611282296314,0.0147565634830082,0.0709318919970354,0.731717881154121,0.897947443519878,"PRELI domain containing 1, transcript variant X1","liver"
"LOC115102591",86.469770207885,0.0147337851318676,0.0618303995795366,0.741060211446169,0.900731349373448,"serine/threonine-protein kinase 38, transcript variant X3","liver"
"LOC115104290",317.826771815123,0.0147292785067068,0.0706616307929817,0.736222488460891,0.899776650646046,"probable ATP-dependent RNA helicase DDX5, transcript variant X2","liver"
"LOC115125748",11498.4420885734,0.0147281689867125,0.0803461573541989,0.655354258392063,0.853670707268556,"apolipoprotein C-II-like, transcript variant X2","liver"
"LOC115112679",10098.9702173323,0.0147193363244702,0.0848922552920173,0.513471366660757,0.761057923821543,"uncharacterized LOC115112679","liver"
"rnf212b",69.2547214882477,0.0146543028103637,0.082113609576324,0.668385901543956,0.859180422952549,"ring finger protein 212B, transcript variant X2","liver"
"LOC115121748",3125.13868777334,0.014577602631599,0.0865173416721656,0.538392651100516,0.773215962598105,"microfibril-associated glycoprotein 4-like","liver"
"LOC115122566",627.724408438715,0.0145627854344626,0.0710274945658623,0.73796324683297,0.900310743517266,"elongation factor 1-gamma, transcript variant X2","liver"
"ddx5",74.9649828825674,0.0145318972721794,0.0830738457802162,0.656805379033457,0.853715571026587,"DEAD-box helicase 5, transcript variant X1","liver"
"LOC115102093",474.593982869999,0.014531107905574,0.0672711508949446,0.75136804623491,0.906087620252513,"cellular nucleic acid-binding protein-like, transcript variant X1","liver"
"LOC115101259",368.277622908147,0.014520782910243,0.0771836712752527,0.721094628238091,0.890391307088294,"vitamin K-dependent gamma-carboxylase-like","liver"
"LOC115114230",74.7647932298001,0.0145009317160431,0.0737387252424124,0.732168495051652,0.897947443519878,"pyroglutamyl-peptidase 1-like","liver"
"LOC115143334",63.5112401263357,0.014498937923097,0.0840631540034471,0.638951077892975,0.843720700940341,"dolichyl-diphosphooligosaccharide--protein glycosyltransferase subunit 1-like","liver"
"LOC115133180",104.33894068863,0.0144804902417827,0.0832459613643909,0.655252488878174,0.853670707268556,"cyclin-dependent kinase inhibitor 1B-like","liver"
"upb1",184.75425377842,0.0144585196367417,0.085768711212339,0.596356404630775,0.815687484991624,"beta-ureidopropionase 1","liver"
"LOC115120982",544.264880626261,0.0143914674168388,0.082571569743423,0.667276394776155,0.859180422952549,"protein FAM3C-like, transcript variant X1","liver"
"LOC115135237",138.849863916484,0.0143321825865567,0.0643331751268603,0.74824745652734,0.904230083892442,"14-3-3 protein beta/alpha-1","liver"
"LOC115133554",129.106143017616,0.0143290397997668,0.0761836357816289,0.724796155254302,0.89172023206053,"protein transport protein Sec24D-like","liver"
"LOC115104207",91.4514871985682,0.0142068639238053,0.0749859906251759,0.732280986815524,0.897947443519878,"DNA-directed RNA polymerase III subunit RPC10","liver"
"LOC115128559",808.211051881855,0.0141922913969422,0.0771298676388339,0.72097230783426,0.890391307088294,"60S ribosomal protein L15","liver"
"LOC115113042",80.6073538804306,0.0141082354832007,0.0795911807750779,0.705731165366953,0.881223048482612,"leucine-rich repeat-containing protein 1-like","liver"
"LOC115110035",9246.44828049155,0.0140950705515876,0.0827294721653233,0.684686655505746,0.869229610243837,"nuclear protein 1-like, transcript variant X2","liver"
"LOC115131604",634.548851434823,0.0138967742687519,0.0809885291772905,0.694778820435478,0.875647114407225,"class I histocompatibility antigen, F10 alpha chain-like, transcript variant X1","liver"
"LOC115133377",74.0847082363487,0.0138578512370692,0.0835651951185022,0.661201548121972,0.854759755834176,"calpain-1 catalytic subunit-like, transcript variant X4","liver"
"LOC115139788",179.957447218744,0.0138249879466608,0.077679088505344,0.725018797145216,0.891724990091702,"riboflavin kinase-like, transcript variant X2","liver"
"LOC115102722",88.3824089134319,0.0138164277177632,0.0855476577415681,0.614989692302805,0.831133284425144,"elongation factor 2-like","liver"
"LOC115102123",76.9513278535293,0.0137740722124423,0.0837536823983071,0.659026309849586,0.854596863619836,"annexin A7-like","liver"
"LOC115141467",64.6791376443717,0.0137701841925885,0.0750965744110343,0.740151964016645,0.900731349373448,"RNA-binding protein FUS-like, transcript variant X1","liver"
"LOC115139150",126.483546828451,0.0137555125550577,0.0751521367244527,0.739302596693792,0.900342680539803,"26S proteasome regulatory subunit 4-like","liver"
"LOC115144331",110.882608289425,0.0137285062431994,0.0747496431809831,0.740536308552567,0.900731349373448,"interferon gamma receptor 1-like, transcript variant X1","liver"
"LOC115127937",132.491871403811,0.0137198748551919,0.0696325970309732,0.756036841778288,0.908746723189786,"60S ribosomal protein L30-like","liver"
"LOC115132962",110.190816998401,0.0137161422578324,0.0683543342680337,0.756841846732166,0.908746723189786,"ubiquitin-conjugating enzyme E2 N-like","liver"
"LOC115117084",3321.01172430274,0.0137075428464037,0.0754404732573497,0.739333221095123,0.900342680539803,"glycine-rich RNA-binding protein GRP1A-like","liver"
"LOC115118137",60.7027353820465,0.0136795870154591,0.0842258640174679,0.649204944784275,0.849294294651073,"dual specificity protein phosphatase 7-like","liver"
"LOC115105801",91.4250310965413,0.0135472642529743,0.0767421872237089,0.736642463985735,0.899776650646046,"triosephosphate isomerase B-like","liver"
"LOC115107524",452.756444972008,0.0135122069396539,0.0831267395301115,0.677633515819731,0.864757110357302,"cholesterol 24-hydroxylase-like, transcript variant X1","liver"
"LOC115109332",57.4832711921175,0.0134692005569396,0.0814895897788246,0.698554426695704,0.878359688644006,"coactosin-like protein","liver"
"LOC115129448",205.870535421621,0.0134659164776398,0.0836233167341799,0.667516940764159,0.859180422952549,"malate synthase-like, transcript variant X2","liver"
"LOC115119682",87.8896961547174,0.0134300539183358,0.0748991824854654,0.745906535210705,0.903511155280486,"protein transport protein Sec16B-like","liver"
"LOC115113389",154.416189215096,0.0133929013568592,0.0813561468610052,0.700510586818707,0.878359688644006,"pterin-4-alpha-carbinolamine dehydratase-like","liver"
"LOC115147095",60.3297964738405,0.0132867760970559,0.0810627001360588,0.706620878892414,0.88186978027112,"spectrin alpha chain, non-erythrocytic 1-like, transcript variant X5","liver"
"LOC115101669",205.323548205014,0.0132223736182905,0.0869302823101425,0.572661050637564,0.79867092571223,"pancreatic progenitor cell differentiation and proliferation factor","liver"
"fabp1",108.576747450215,0.0131938292122426,0.0879183345430444,0.510695678618188,0.760144684417698,"fatty acid binding protein 1","liver"
"LOC115111476",222.903163613712,0.0131544999382995,0.0829149544376878,0.686076934879087,0.869229610243837,"glutathione S-transferase theta-1-like","liver"
"LOC115105658",72.0717238753185,0.0131442307734109,0.0739422205005485,0.754897674393459,0.907692263674908,"long-chain-fatty-acid--CoA ligase 4-like, transcript variant X2","liver"
"LOC115117536",189.803307176738,0.0131383563771603,0.0791617629203179,0.727472733263471,0.894203516520479,"AP-1 complex subunit mu-2-like","liver"
"LOC115106789",111.776677815656,0.0130574424490846,0.0716950164510594,0.782138188584588,0.922986466899473,"AP-2 complex subunit mu, transcript variant X2","liver"
"LOC115131667",59.7630338198256,0.0130045615000099,0.0790555505194353,0.730729897714201,0.897395318795747,"zinc finger protein 706-like, transcript variant X1","liver"
"LOC115102909",299.002391956272,0.0129979669766429,0.0815447588894588,0.708104139722616,0.882287726690895,"microsomal glutathione S-transferase 3-like, transcript variant X1","liver"
"LOC115115291",205.66722992179,0.0129876200925402,0.0868891120546395,0.579115048479475,0.803012128208193,"pancreatic progenitor cell differentiation and proliferation factor","liver"
"LOC115128472",110.176262352515,0.0129818023734718,0.0644630351510369,0.771493360926632,0.918070421469318,"transmembrane protein 79-like, transcript variant X2","liver"
"LOC115131557",94.4701695889958,0.0129763844177056,0.0829048860179532,0.689420794773783,0.871170938403415,"acidic leucine-rich nuclear phosphoprotein 32 family member E-like","liver"
"rfng",90.377316654815,0.0129713950005027,0.0754571954802338,0.752045988369341,0.906368849377124,"RFNG O-fucosylpeptide 3-beta-N-acetylglucosaminyltransferase","liver"
"LOC115141164",177.879970989094,0.0129653099009365,0.0755595985026708,0.748046715826507,0.904230083892442,"26S proteasome regulatory subunit 6B-like","liver"
"ranbp1",89.8462734239104,0.0129635181905223,0.0645924580974947,0.77206811928095,0.918281194686067,"RAN binding protein 1","liver"
"allc",185.139542114282,0.0129361419632876,0.0762528130653095,0.7484256847796,0.904230083892442,"allantoicase","liver"
"nhlrc3",68.4602539950188,0.0128825064697158,0.0810281861115109,0.715329232024992,0.888115123281714,"NHL repeat containing 3","liver"
"LOC115114687",305.48669038997,0.0128622805835668,0.0705932655367605,0.775267112982179,0.919670766156974,"proteasome subunit beta type-5-like","liver"
"LOC115134338",883.053516007347,0.0128264694484677,0.0845938959772218,0.661175599766571,0.854759755834176,"carboxylesterase 5A-like, transcript variant X1","liver"
"LOC115138265",102.77996335826,0.0127987134263473,0.0841221291771222,0.672942592734677,0.861687651672654,"bifunctional glutamate/proline--tRNA ligase-like","liver"
"LOC115126955",159.063206211773,0.0127908244743475,0.0748358770437121,0.758226448210884,0.910050354213063,"catenin delta-1-like","liver"
"LOC115109604",201.580778417544,0.0127236698923907,0.0669536627800755,0.773514889597599,0.919152526966405,"CCR4-NOT transcription complex subunit 1, transcript variant X1","liver"
"LOC115112471",72.5724489884863,0.0127193639826175,0.0762008332235118,0.753149293953606,0.907065404811219,"la-related protein 6-like","liver"
"LOC115122653",195.280846887684,0.012652008298058,0.0764210867708704,0.744686553166044,0.903252528855702,"tyrosine-protein kinase ABL1-like, transcript variant X1","liver"
"LOC115131383",155.767019911129,0.0126431954821119,0.0829001431493295,0.697963562012281,0.878055394679647,"zinc finger protein 40-like, transcript variant X1","liver"
"LOC115126112",83.9754147272381,0.0126369314816112,0.0722479352130472,0.768171524249206,0.915784478748102,"GTP-binding protein 1-like, transcript variant X2","liver"
"LOC115145279",66.7557993477301,0.0126015895245436,0.076764658875376,0.753661657270861,0.907065404811219,"zinc finger Ran-binding domain-containing protein 2-like, transcript variant X2","liver"
"LOC115106603",262.823546443931,0.0125117193433631,0.0827842774311271,0.699692561234877,0.878359688644006,"heparan sulfate glucosamine 3-O-sulfotransferase 2-like, transcript variant X3","liver"
"LOC115101326",89.2041722632278,0.0124929190183189,0.0746676956671003,0.763478963089123,0.91335623489441,"barrier-to-autointegration factor-like","liver"
"LOC115133563",102.264935388237,0.0124818963792993,0.0707433695914242,0.774153735298251,0.919152526966405,"nuclear factor 1 B-type-like, transcript variant X6","liver"
"LOC115107603",5224.99104130277,0.0124620980092144,0.082340096024183,0.769326479274112,0.916357314296108,"heat shock protein HSP 90-beta-like","liver"
"LOC115114758",128.402533298821,0.0124219958900588,0.0865681837643059,0.605162684234008,0.824688432276101,"purine nucleoside phosphorylase-like","liver"
"LOC115132516",80.0278811179255,0.0123845536501575,0.0855967553171183,0.642045599740415,0.844861624160791,"glucose-6-phosphate 1-dehydrogenase-like, transcript variant X3","liver"
"LOC115102925",297.8621558074,0.0123634738544313,0.0839900672479831,0.681453365883598,0.867459062879933,"alanine aminotransferase 2-like, transcript variant X2","liver"
"LOC115119595",88.4005228770543,0.0123465932668304,0.0690630688740462,0.778635158406252,0.921915924490754,"talin-1-like","liver"
"LOC115136894",385.438210032915,0.0123017025412076,0.0799370602854357,0.736547458190412,0.899776650646046,"alpha-2-macroglobulin-like, transcript variant X2","liver"
"LOC115141610",89.9016168364642,0.0122713530847759,0.0878351495075071,0.532030707336648,0.769709401192759,"putative uncharacterized protein DDB_G0292636, transcript variant X2","liver"
"LOC115108036",103.408686600624,0.0122526458436961,0.0866064051405811,0.607205279950041,0.825425316763068,"SAM and SH3 domain-containing protein 1-like, transcript variant X2","liver"
"LOC115144155",355.33947093047,0.012147426022147,0.0852639179919066,0.659312577951532,0.854596863619836,"sulfotransferase family cytosolic 2B member 1-like","liver"
"LOC115133545",74.8663955943536,0.0121300502067153,0.0723990760316929,0.773772414199504,0.919152526966405,"adhesion G protein-coupled receptor L3-like, transcript variant X2","liver"
"LOC115134122",88.3591088023657,0.012127381015465,0.0847184067914659,0.670208523681362,0.860671059396734,"fatty acyl-CoA hydrolase precursor, medium chain-like, transcript variant X1","liver"
"LOC115145221",111.486103562792,0.0120968469444243,0.0649131511616671,0.787062671206376,0.923982559860941,"jupiter microtubule associated homolog 2-like","liver"
"wars",70.0206518195657,0.0120343265804148,0.0809293251181305,0.732589583195602,0.898055681535421,"tryptophanyl-tRNA synthetase","liver"
"LOC115145842",77.2322453111395,0.0120154840414303,0.0766411173795663,0.763683960933802,0.91335623489441,"ribosomal protein S6 kinase beta-2-like, transcript variant X3","liver"
"LOC115102248",1606.97388582527,0.0120095423783077,0.0728861025501025,0.769270886678126,0.916357314296108,"cold shock domain-containing protein E1-like, transcript variant X14","liver"
"LOC115103753",61.1763113453732,0.0119845503713335,0.0697190857147006,0.784496366087069,0.923773647406006,"WAS/WASL-interacting protein family member 2-like","liver"
"LOC115108375",7609.13752889751,0.0119378754290409,0.0772647505768953,0.575704291277065,0.800604125296935,"uridine phosphorylase 2-like","liver"
"LOC115118343",93.1185161761163,0.0119322690886055,0.075816659584852,0.769067588057229,0.916357314296108,"NADH dehydrogenase [ubiquinone] 1 beta subcomplex subunit 2, mitochondrial-like","liver"
"LOC115132237",94.1144826284153,0.0119231146806503,0.0737448456180482,0.776845235029129,0.921006741704109,"msx2-interacting protein-like, transcript variant X1","liver"
"LOC115120053",57.9187836126843,0.0118620511519603,0.0694381674653171,0.78351045171374,0.923269326737556,"nudC domain-containing protein 3-like","liver"
"mmp2",82.5141464029004,0.0118547346028455,0.0864392487778394,0.622718703169795,0.834934682276343,"matrix metallopeptidase 2","liver"
"LOC115124110",82.31949778083,0.0118534924800008,0.0730544819133428,0.77973268869024,0.921915924490754,"T-complex protein 1 subunit theta-like","liver"
"LOC115143323",423.705531647687,0.0117412867872826,0.0658233423170666,0.792555317733025,0.926075391590294,"succinate--CoA ligase [GDP-forming] subunit beta, mitochondrial-like, transcript variant X1","liver"
"LOC115130267",68.2274268805151,0.0117287675980099,0.0641766323554744,0.79201834851295,0.926075391590294,"ATP-dependent zinc metalloprotease YME1L1-like, transcript variant X2","liver"
"LOC115133487",59.7561778986088,0.0116689827123482,0.0744451369065309,0.778954639757627,0.921915924490754,"small ubiquitin-related modifier 1","liver"
"LOC115141510",11812.1714223888,0.0115714173560212,0.0825373103024764,0.734433613968374,0.898462032230135,"transcobalamin-1-like","liver"
"LOC115145817",580.504947831381,0.0115649210211975,0.0694067190050568,0.792804990654679,0.926075391590294,"microsomal triglyceride transfer protein-like","liver"
"LOC115128688",65.2363889611197,0.0115333104762336,0.0690717480297095,0.793389417917886,0.926075391590294,"vacuolar protein sorting-associated protein 28 homolog","liver"
"LOC115139612",93.7681877096368,0.0115209715262636,0.0857535972784893,0.655465701782863,0.853670707268556,"pepsin A-like","liver"
"LOC115118114",86.2450717082728,0.0115066813519668,0.0788614660356117,0.759974182183354,0.911879530932985,"bromodomain-containing protein 9-like","liver"
"LOC115119397",152.075018433297,0.0114967628845368,0.079856950122312,0.753579805733361,0.907065404811219,"ubiquitin carboxyl-terminal hydrolase CYLD-like","liver"
"LOC115140075",69.1902530037292,0.0114757124052633,0.0724091377600182,0.788780388971935,0.925310532724739,"arginine/serine-rich coiled-coil protein 2-like","liver"
"LOC115108213",224.331631207422,0.0114273928936885,0.0862929923613654,0.638264652221734,0.843720700940341,"cystathionine gamma-lyase-like, transcript variant X2","liver"
"LOC115111366",13589.4154861919,0.0114223485295821,0.0850294386907649,0.680537888276911,0.866564333838391,"alpha-1-antitrypsin-like protein CM55-ST","liver"
"LOC115141505",62.1312013316525,0.0113957386808432,0.0703172569751539,0.793804852928504,0.92629504166521,"porphobilinogen deaminase-like, transcript variant X2","liver"
"LOC115102750",80.2219845783807,0.0113901978734704,0.0878351686875748,0.548204115821694,0.779584923708898,"C-C motif chemokine 2-like, transcript variant X1","liver"
"LOC115124453",6817.65859565108,0.0113578503261932,0.0660368068122583,0.799430656737934,0.929850269135189,"trypsin inhibitor ClTI-1-like","liver"
"LOC115140149",111.854373356689,0.0113566372237147,0.0722525630993777,0.789718076020922,0.925360553997672,"transitional endoplasmic reticulum ATPase","liver"
"LOC115144719",79.3792469701598,0.0113143334510506,0.079617615058065,0.754925606932762,0.907692263674908,"E3 ubiquitin/ISG15 ligase TRIM25-like, transcript variant X4","liver"
"LOC115110162",149.785154948955,0.0113125739635606,0.085756274522842,0.659664977003118,0.854670834794885,"proline-rich protein 15-like protein A","liver"
"LOC115120904",70.5621427130337,0.0112983072080786,0.0732210206349955,0.789458267606938,0.925360553997672,"endoplasmic reticulum lectin 1-like","liver"
"LOC115104995",242.159630843749,0.01128577349288,0.0865985241710558,0.628223292397014,0.838453876820639,"lipocalin-like","liver"
"LOC115138520",70.5594755691191,0.0112716306086696,0.088791725480296,0.429819363767516,0.697735722521961,"C-type lectin domain family 4 member K-like","liver"
"LOC115135087",90.0930006326727,0.0112573472605658,0.066400592911875,0.792155809237585,0.926075391590294,"survival of motor neuron-related-splicing factor 30-like","liver"
"LOC115139496",640.806768120898,0.0112459701050884,0.0824259300884605,0.731923227574853,0.897947443519878,"monocarboxylate transporter 10-like","liver"
"LOC115121166",104.782826469566,0.0112328460861688,0.0809365908412541,0.748508603554808,0.904230083892442,"progranulin-like, transcript variant X3","liver"
"LOC115106505",307.359782572369,0.0111889114309596,0.0786387279903728,0.767987351440382,0.915784478748102,"transmembrane protein 150A-like, transcript variant X1","liver"
"LOC115116331",92.7100572592544,0.0111280701650144,0.0702790133637537,0.813670138851914,0.935812496038487,"chromobox protein homolog 3-like, transcript variant X2","liver"
"LOC115102834",60.9818211070143,0.0110940869282639,0.0848865841090248,0.689625608160844,0.871170938403415,"eukaryotic translation initiation factor 3 subunit F-like, transcript variant X1","liver"
"LOC115110691",228.694675936264,0.011055280621834,0.0707363196219746,0.798914805775232,0.929850269135189,"serine/arginine-rich splicing factor 2-like, transcript variant X2","liver"
"LOC115136081",76.08274847344,0.0110296746145602,0.0859430311246601,0.660464129580011,0.854759755834176,"ubiquitin carboxyl-terminal hydrolase 2-like","liver"
"LOC115106911",1693.94527394678,0.0110123054535515,0.0855125358876242,0.676830512271742,0.86413714634781,"peroxisomal succinyl-coenzyme A thioesterase-like, transcript variant X1","liver"
"LOC115111577",148.561841105689,0.0110001356440704,0.0768668843316768,0.782002092801207,0.922986466899473,"indoleamine 2,3-dioxygenase 2-like","liver"
"LOC115137315",74.6488627491138,0.0109988701568464,0.0833318239632736,0.72307318586506,0.89094507424002,"coiled-coil domain-containing protein 86-like","liver"
"LOC115103897",75.5024549363481,0.0109761691004424,0.0882692851265097,0.512419540896431,0.760144684417698,"UTP--glucose-1-phosphate uridylyltransferase-like, transcript variant X2","liver"
"LOC115133954",258.319942543559,0.0108976287175067,0.064217681063261,0.806581757521327,0.931458852222038,"eukaryotic translation initiation factor 4 gamma 2-like","liver"
"LOC115135748",70.895644115456,0.0108592175899951,0.0803404667718962,0.76158483617346,0.912974553329921,"moesin, transcript variant X1","liver"
"LOC115145153",2938.23679173188,0.0108589521322237,0.0610852362910227,0.805874109963115,0.931458852222038,"proteoglycan 4-like, transcript variant X1","liver"
"LOC115142758",173.910351991396,0.010820289006529,0.0759356479250283,0.789101916523845,0.925310532724739,"isocitrate dehydrogenase [NAD] subunit beta, mitochondrial-like, transcript variant X2","liver"
"LOC115145185",527.023805363765,0.0108199577875169,0.0762842133891633,0.790715189758039,0.925796491387729,"60S ribosomal protein L5","liver"
"LOC115144704",62.3422760136165,0.0106779049884739,0.0699877783238987,0.806924774005361,0.931458852222038,"apoptosis inhibitor 5-like, transcript variant X1","liver"
"LOC115141144",134.894150136168,0.0106643569755168,0.0707237627651282,0.806936340797163,0.931458852222038,"probable Bax inhibitor 1, transcript variant X2","liver"
"LOC115109601",877.724930398768,0.0106612705744066,0.0773610479831119,0.785299751190362,0.923786711498358,"fibroblast growth factor 23-like","liver"
"LOC115142842",84.4507948182442,0.0106238345851263,0.0675433811955469,0.809945673816809,0.932845031499665,"replication termination factor 2-like, transcript variant X2","liver"
"LOC115128678",58.7540173072789,0.0106030912950835,0.0685625515005365,0.807851289533099,0.931749251878017,"ubiquilin-4-like","liver"
"prrc1",63.6462081331716,0.0105271663381714,0.0728494630608136,0.805803269931228,0.931458852222038,"proline rich coiled-coil 1, transcript variant X2","liver"
"LOC115128351",1461.27532177357,0.0105006719002171,0.0806011653156031,0.819998694814369,0.938523137052342,"glyceraldehyde-3-phosphate dehydrogenase-like","liver"
"LOC115109103",69.2598689442176,0.0104625529652566,0.0721313144276211,0.809297843040197,0.932625956525825,"lipoamide acyltransferase component of branched-chain alpha-keto acid dehydrogenase complex, mitochondrial-like","liver"
"ifrd1",1193.18584837606,0.0104119722133924,0.0791411355210924,0.765777934313894,0.914267973129301,"interferon related developmental regulator 1","liver"
"LOC115108229",233.534613980618,0.0104042113427807,0.0776338777646681,0.789825654405766,0.925360553997672,"calreticulin-like","liver"
"kdsr",64.615685343599,0.0103762432656517,0.0748294153883688,0.800492251702704,0.929850269135189,"3-ketodihydrosphingosine reductase, transcript variant X2","liver"
"LOC115139674",304.256624517933,0.0103279847548995,0.075323829876492,0.798626246247083,0.929791653728395,"ADP-ribosylation factor-like protein 6-interacting protein 4","liver"
"LOC115143523",100.223848660521,0.0102776456332198,0.0855461436611509,0.695357383076376,0.875858063479391,"PRELI domain containing protein 3B-like","liver"
"LOC115127115",114.601285521578,0.0102752086774043,0.0738708205528655,0.805840935952587,0.931458852222038,"cyclin-L1-like, transcript variant X1","liver"
"LOC115102273",204.341139588434,0.0102045830344525,0.0704111311807233,0.815194935466134,0.936475416861364,"guanine nucleotide-binding protein G(I)/G(S)/G(T) subunit beta-1-like, transcript variant X1","liver"
"LOC115128708",2492.29394525075,0.0101915519961957,0.0889779254432226,0.392974442962071,0.668515788611603,"BPTI/Kunitz domain-containing protein-like, transcript variant X1","liver"
"LOC115102799",66.0310977426324,0.0101526303036509,0.0745510459780707,0.806463152342498,0.931458852222038,"coatomer subunit alpha-like","liver"
"LOC115138154",4268.84170731265,0.0101096712723597,0.075838645855681,0.800658187662005,0.929850269135189,"sex hormone-binding globulin-like","liver"
"LOC115114676",264.534565516682,0.0101018892733114,0.0858476698903065,0.685603892113582,0.869229610243837,"putative leucine-rich repeat-containing protein DDB_G0290503","liver"
"LOC115114877",6961.66951179466,0.0100934389427042,0.0880878259800141,0.944345315787992,0.982427643479289,"fatty acid-binding protein 10-A, liver basic","liver"
"LOC115106922",1351.83896424648,0.0100929929558051,0.08881887492221,0.433470573306827,0.700010323612769,"galactose-specific lectin nattectin-like, transcript variant X2","liver"
"rps20",1183.43526798755,0.0100893244334243,0.078935376434107,0.773440814847242,0.919152526966405,"ribosomal protein S20","liver"
"LOC115109488",11153.4340130168,0.0100459631734176,0.0891047914984077,0.353321537191724,0.633584947467429,"zona pellucida sperm-binding protein 4-like","liver"
"LOC115101994",313.105784951628,0.0100276966751614,0.0832387549414327,0.739535646331516,0.900342680539803,"deoxynucleoside triphosphate triphosphohydrolase SAMHD1-like, transcript variant X1","liver"
"sde2",63.947000255733,0.00996147436412076,0.0719489962608877,0.815827549497463,0.936475416861364,"SDE2 telomere maintenance homolog","liver"
"LOC115110411",142.551131059101,0.00994659723142623,0.0760212976397961,0.804768875191886,0.931458852222038,"hsc70-interacting protein-like, transcript variant X1","liver"
"LOC115145447",69.5661394022669,0.00990188114357998,0.0662602012034065,0.823504970178329,0.939436400348969,"MICOS complex subunit MIC13-like","liver"
"LOC115104152",150.269237656928,0.00988714892910506,0.0707444149324906,0.826575571476372,0.940570080775459,"max-like protein X","liver"
"LOC115114571",288.439564488435,0.00988423467869556,0.0829178220903269,0.753401161995933,0.907065404811219,"5-beta-cholestane-3-alpha,7-alpha-diol 12-alpha-hydroxylase-like","liver"
"LOC115114709",197.87106778307,0.00982780873882093,0.0856847246923136,0.699404313197131,0.878359688644006,"phospholipid hydroperoxide glutathione peroxidase-like, transcript variant X1","liver"
"LOC115146226",99.5338240328544,0.00982044971374208,0.0800267595677611,0.7849117672785,0.923786711498358,"transmembrane emp24 domain-containing protein 10-like","liver"
"LOC115130119",74.2750160823025,0.00979310675733879,0.0840019936626602,0.738540426672093,0.900342680539803,"V-type proton ATPase catalytic subunit A-like, transcript variant X3","liver"
"LOC115101136",69.1332485155312,0.00977779215959879,0.0807465963818948,0.780100103917716,0.921915924490754,"intracellular hyaluronan-binding protein 4-like, transcript variant X2","liver"
"LOC115104219",104.94187657336,0.00976935592594622,0.0869497152554229,0.64634527791837,0.847664930006617,"hemoglobin subunit alpha-like","liver"
"LOC115103130",64.1644258104187,0.00970935632902224,0.0732846547159454,0.824589284635879,0.939616874447622,"nuclear receptor coactivator 2-like, transcript variant X2","liver"
"LOC115102067",69.4426485981665,0.00965772953277385,0.0833673066325669,0.747584801083434,0.904230083892442,"cytosolic sulfotransferase 2-like","liver"
"LOC115138397",441.050549501338,0.009607109811751,0.0850862115822707,0.719070639163901,0.889788021284765,"glutaminyl-peptide cyclotransferase-like","liver"
"LOC115110595",93.5969142548108,0.00959169684256302,0.0884529337730301,0.509887889246373,0.759891421048708,"mitochondrial glycine transporter B-like, transcript variant X3","liver"
"LOC115138588",88.9429029461917,0.00953686310000664,0.0781599249524038,0.79328101036542,0.926075391590294,"eukaryotic translation initiation factor 5-like","liver"
"LOC115104203",99.9913367643125,0.00949954030691281,0.0879169158660435,0.581151633569972,0.804064514063545,"insulin-like growth factor-binding protein complex acid labile subunit","liver"
"etnppl",600.328871129737,0.00943976192315528,0.073495496357534,0.82976173535415,0.941916768058809,"ethanolamine-phosphate phospho-lyase","liver"
"LOC115130947",104.23352605412,0.00943769410115657,0.076096545416293,0.814079326868789,0.936018994729812,"autophagy-related protein 2 homolog A-like","liver"
"LOC115123005",83.2065956566675,0.00941369317793975,0.0815711377914667,0.780055716157249,0.921915924490754,"butyrophilin subfamily 1 member A1-like, transcript variant X1","liver"
"LOC115136804",62.0816099653768,0.00935747740306954,0.0651207427381603,0.833875579833713,0.942624393217894,"lissencephaly-1 homolog A-like, transcript variant X1","liver"
"LOC115144468",164.151637312391,0.00931670356233284,0.0784776136076249,0.805531419013882,0.931458852222038,"ribosome-binding protein 1-like, transcript variant X4","liver"
"LOC115112422",74.4940692127661,0.00926279197095733,0.0716946930253804,0.829538828304774,0.941916768058809,"protein lin-7 homolog C","liver"
"LOC115119998",65.4631390607149,0.00916898824133679,0.0697405734699576,0.833770592858758,0.942624393217894,"histone H2A.V, transcript variant X2","liver"
"LOC115109620",82.9239839604943,0.00913493735506391,0.0745127220528276,0.821125373106279,0.93908726733479,"liprin-beta-2-like, transcript variant X4","liver"
"LOC115121129",344.331386943329,0.0091127367665639,0.0835742489231996,0.767477847156625,0.915725033421885,"L-threonine 3-dehydrogenase, mitochondrial-like, transcript variant X2","liver"
"LOC115139637",89.4828710681428,0.00907099264678727,0.068986124968143,0.835526051406382,0.942624393217894,"galectin-8-like","liver"
"LOC115112872",130.223169448393,0.00907081451671827,0.075994888260369,0.815547338800609,0.936475416861364,"NHP2-like protein 1","liver"
"LOC115137809",195.249732098811,0.0090400422122326,0.0735468454841577,0.833882991713779,0.942624393217894,"death-inducer obliterator 1-like, transcript variant X2","liver"
"LOC115107587",124.138397004646,0.00903163940579595,0.079403262113278,0.805637282065062,0.931458852222038,"ezrin-like, transcript variant X1","liver"
"LOC115123308",110.50806353157,0.00903031409501156,0.0834969406101242,0.764815160075717,0.914189616559714,"peroxiredoxin-1-like, transcript variant X1","liver"
"LOC115130738",227.540625645437,0.00897840165388259,0.082523915817895,0.779102209693106,0.921915924490754,"RE1-silencing transcription factor B-like","liver"
"LOC115145781",184.549362702228,0.00895073248719989,0.071463142042091,0.83581982783456,0.942624393217894,"sarcoplasmic/endoplasmic reticulum calcium ATPase 2-like, transcript variant X1","liver"
"LOC115129443",64.6855428214534,0.00894288192559226,0.0830040718575338,0.773862516491806,0.919152526966405,"forkhead box protein O4-like","liver"
"LOC115107975",100.057728792209,0.00893904781492233,0.0690151290860397,0.839504944334383,0.943430425449943,"ADP-ribosylation factor 6, transcript variant X1","liver"
"tp53i3",60.7714101371271,0.00891303658891976,0.0806679324009994,0.798406511105956,0.929791653728395,"tumor protein p53 inducible protein 3, transcript variant X5","liver"
"LOC115122139",195.008245645031,0.00886591298757241,0.0869872492087413,0.672552155155058,0.861687651672654,"arginase-2, mitochondrial-like","liver"
"LOC115131393",93.9587162029102,0.00886125979278255,0.0801938717216354,0.803666092545383,0.931458852222038,"uncharacterized LOC115131393, transcript variant X1","liver"
"nudt7",83.8797428095985,0.00884057724351707,0.079156873399287,0.809130605960661,0.932625956525825,"nudix hydrolase 7, transcript variant X1","liver"
"LOC115110741",102.429780640815,0.0087879142601142,0.0716724143485417,0.82942722765576,0.941916768058809,"nucleobindin-2-like, transcript variant X2","liver"
"spidr",195.095901509071,0.00877446093389421,0.0779101719073398,0.819322659338056,0.938523137052342,"scaffold protein involved in DNA repair, transcript variant X1","liver"
"LOC115111493",110.770714219348,0.00876004656035532,0.0666497825502719,0.842075910246893,0.944524807811806,"ras-related protein Rab-35-like, transcript variant X1","liver"
"LOC115128388",156.597767463953,0.00872799448917231,0.071174198412265,0.837724182781415,0.942961127218176,"bromodomain-containing protein 2-like, transcript variant X1","liver"
"LOC115140962",2652.63007460565,0.00872624894700626,0.0843345714028767,0.740781830575918,0.900731349373448,"metalloreductase STEAP4-like, transcript variant X1","liver"
"LOC115130799",258.39825891922,0.00872423673262795,0.0660003767806406,0.844899821917591,0.945322995919874,"alcohol dehydrogenase class-3","liver"
"LOC115105280",197.565901776688,0.00865604269578242,0.0550292883096729,0.865021123083487,0.952713079197559,"coiled-coil domain-containing protein 8-like, transcript variant X2","liver"
"LOC115109098",230.018896989795,0.00864076854106426,0.074017797119965,0.836057112900184,0.942624393217894,"zinc transporter 7","liver"
"LOC115122895",267.763108184048,0.00855127806733498,0.0823510269726302,0.790879142053992,0.925796491387729,"endoplasmic reticulum chaperone BiP-like","liver"
"LOC115113326",68.7189724628059,0.00851947610861677,0.0829786873517112,0.782812197821547,0.923247256458514,"mRNA decay activator protein ZFP36L2-A-like","liver"
"LOC115121873",64.638982631397,0.00849565931453808,0.0815401582377546,0.800051435595583,0.929850269135189,"sarcoplasmic/endoplasmic reticulum calcium ATPase 2-like, transcript variant X2","liver"
"LOC115106569",2004.84435323422,0.00849153217958605,0.0835233444477394,0.786875810518083,0.923982559860941,"histone H1.0-B-like","liver"
"LOC115145256",57.3465979763109,0.0084841085258534,0.0781906831157778,0.823254177610816,0.939436400348969,"ataxin-2-like protein","liver"
"tubd1",61.9928494757997,0.00845218950697661,0.0887023954556923,0.477071448992587,0.733165339596667,"tubulin delta 1, transcript variant X2","liver"
"LOC115129302",76.4866369054033,0.00842726574626849,0.0812289905768797,0.783250873708542,0.923269326737556,"fibroblast growth factor receptor-like 1, transcript variant X1","liver"
"LOC115140936",123.099442871505,0.00829280755738521,0.0783268296410981,0.827232432936886,0.941045786291913,"oxidation resistance protein 1-like, transcript variant X4","liver"
"LOC115134041",113.150448434895,0.00825909288186887,0.0674140323617377,0.850311793692721,0.948603966979719,"CCR4-NOT transcription complex subunit 1-like, transcript variant X16","liver"
"LOC115133138",63.0740238975476,0.00819120774259356,0.0721506739320885,0.847531494576962,0.947227412090951,"ADP-ribosylation factor-like protein 1","liver"
"LOC115137374",1997.86820667009,0.00817313721628746,0.0739807098719492,0.85376940253938,0.949253705605705,"ATP-binding cassette sub-family A member 1-like, transcript variant X3","liver"
"LOC115105016",283.195832853141,0.00805077361158431,0.0793292349063933,0.827455372441172,0.941045786291913,"organic solute transporter subunit alpha-like","liver"
"LOC115105289",280.803190099511,0.00804835238529803,0.0594568267547103,0.854781456986301,0.9496018584563,"GTP-binding protein SAR1b","liver"
"LOC115134191",410.976022975315,0.00804781443768326,0.0885909359007014,0.514393828593116,0.761263014833398,"zona pellucida sperm-binding protein 4-like","liver"
"LOC115146055",497.548109489599,0.00803923921031784,0.0758181376451331,0.842332599704592,0.944524807811806,"26S proteasome regulatory subunit 4","liver"
"opa1",60.9104487495087,0.00803821509904923,0.0742245771135192,0.847112545806267,0.947128562462964,"OPA1 mitochondrial dynamin like GTPase, transcript variant X1","liver"
"LOC115124634",177.267082580002,0.00798709490186903,0.0847485659192752,0.781709828939808,0.922986466899473,"uncharacterized LOC115124634","liver"
"LOC115116373",526.8708151035,0.00794640202818295,0.0803707311599577,0.822440730887121,0.939436400348969,"glycine-rich RNA-binding protein-like, transcript variant X1","liver"
"LOC115128332",214.46801113917,0.00794387693257355,0.0595152556878515,0.85789327927734,0.950985315837486,"zinc finger protein 706-like","liver"
"LOC115102687",178.02176788628,0.00793035435945515,0.0640416623411196,0.859840176536557,0.951562731267769,"E3 ubiquitin-protein ligase HUWE1-like, transcript variant X1","liver"
"LOC115142528",86.796442934075,0.00792885857169572,0.0722645394202323,0.85216627432919,0.948625660083242,"puromycin-sensitive aminopeptidase-like, transcript variant X1","liver"
"LOC115125208",1460.45194626379,0.00791220576254477,0.0778891204492503,0.836002481725169,0.942624393217894,"60S ribosomal protein L7-like","liver"
"LOC115142577",770.176229608178,0.00787996591032487,0.0816646164648499,0.815119177016186,0.936475416861364,"protein disulfide-isomerase-like","liver"
"LOC115110288",16968.1254095819,0.00784285361412838,0.0842656738362257,0.782386191369172,0.923011900440157,"complement C1q-like protein 2","liver"
"LOC115106890",139.135935486721,0.0078090009798308,0.0736484183076915,0.861502513531025,0.951562731267769,"regulator of nonsense transcripts 2-like, transcript variant X3","liver"
"LOC115101171",69.0186045196259,0.0077584415342474,0.0644066911665739,0.86116862771316,0.951562731267769,"ras-related protein Rab-14","liver"
"LOC115133619",182.536344482325,0.00771517229822769,0.0859750351950105,0.743954709736111,0.902888945336447,"zinc finger and BTB domain-containing protein 38-like","liver"
"LOC115122471",64.2184289552682,0.00762674234144846,0.0873849763033835,0.678811269992239,0.865342900230454,"DNA damage-inducible transcript 4-like protein","liver"
"LOC115128659",193.691687669147,0.00762444404144453,0.0870080028153401,0.703235307906717,0.879799605594775,"phospholipase A1 member A-like, transcript variant X1","liver"
"LOC115122704",74.4414686270832,0.00759647908371753,0.0744393432207949,0.853712647761063,0.949253705605705,"small nuclear ribonucleoprotein G","liver"
"LOC115113362",76.4694587116682,0.00758646844829365,0.068576715831038,0.863398709564032,0.952168057408819,"probable ubiquitin carboxyl-terminal hydrolase FAF-X, transcript variant X1","liver"
"LOC115104069",73.9679217553723,0.00757746322442442,0.0839809110019654,0.792879391720146,0.926075391590294,"nuclear receptor subfamily 1 group D member 1-like","liver"
"LOC115137105",120.087057841819,0.00756070019020596,0.0836125802031237,0.799579981372938,0.929850269135189,"inositol-trisphosphate 3-kinase C-like, transcript variant X1","liver"
"lgals3bp",261.096150835635,0.00746115219993145,0.083422658966074,0.840828160802534,0.943876503285907,"galectin 3 binding protein","liver"
"LOC115144250",88.4898852351488,0.00744538155937455,0.0687153232066524,0.864152676081702,0.952484128639539,"cAMP-dependent protein kinase type I-alpha regulatory subunit-like","liver"
"LOC115110233",319.517452318441,0.00744402266088989,0.0690593891033326,0.866566838782149,0.95300721538664,"glycylpeptide N-tetradecanoyltransferase 1-like, transcript variant X4","liver"
"LOC115136355",120.990635011113,0.00744264046954004,0.0735660923934957,0.856719599273505,0.950459740511379,"TAR DNA-binding protein 43-like, transcript variant X1","liver"
"LOC115109369",66.9323581512322,0.00730334612745875,0.0762050983456414,0.854164593242656,0.949433813745171,"UPF0183 protein C16orf70 homolog, transcript variant X3","liver"
"LOC115135418",839.137077637126,0.00724630142004668,0.0786509198897061,0.852223859953349,0.948625660083242,"transmembrane 4 L6 family member 5-like, transcript variant X2","liver"
"LOC115142010",473.003864413366,0.00718410604215711,0.0799778447505394,0.836159565107506,0.942624393217894,"glyceraldehyde-3-phosphate dehydrogenase-like","liver"
"LOC115111278",63.2963149073754,0.00717002141055952,0.0705524882323231,0.867831092930578,0.953444618540441,"ataxin-2-like, transcript variant X1","liver"
"LOC115144610",149.05107531178,0.00716945246089837,0.0709802829174112,0.865295343275113,0.952713079197559,"proteasome subunit beta type-1-B","liver"
"LOC115146699",132.672744288522,0.00703610874930134,0.0760980925009461,0.860239944893648,0.951562731267769,"uncharacterized protein C1orf115 homolog","liver"
"LOC115107894",81.1466362813231,0.00696991116196389,0.073966177171263,0.866546754005967,0.95300721538664,"serine palmitoyltransferase 2-like","liver"
"lamtor3",139.055136064484,0.00696854774318152,0.0644385066651441,0.876184515260237,0.957717373076087,"late endosomal/lysosomal adaptor, MAPK and MTOR activator 3","liver"
"LOC115141958",243.008783238122,0.00688931124217224,0.0650721635022318,0.877120602949754,0.957803884236319,"26S proteasome non-ATPase regulatory subunit 2-like","liver"
"ebp",317.109767553919,0.00688055848553735,0.0854093109758352,0.783477565870896,0.923269326737556,"EBP cholestenol delta-isomerase, transcript variant X1","liver"
"LOC115136867",77.5499128689892,0.00687969996490975,0.0812598972630211,0.838173221002824,0.942961127218176,"dolichyl-diphosphooligosaccharide--protein glycosyltransferase subunit 2-like, transcript variant X1","liver"
"LOC115102617",115.736739633397,0.00684319524547183,0.07886079611409,0.85196754375288,0.948625660083242,"threonine-rich protein-like","liver"
"LOC115141700",1693.07450157308,0.00677552240122865,0.0858021295605998,0.778236566715592,0.921915924490754,"alpha-2-macroglobulin-like, transcript variant X2","liver"
"LOC115109352",118.924267774334,0.0067470344058016,0.0782944455473002,0.87295003647469,0.955463036700009,"heterogeneous nuclear ribonucleoprotein A3-like","liver"
"LOC115102308",75.2494157841741,0.00666515105492066,0.062764560489622,0.880479187132249,0.958774159829339,"protein ILRUN-like","liver"
"pelo",110.090434361224,0.00664145438351786,0.0660188706043863,0.880232895696668,0.958774159829339,"pelota mRNA surveillance and ribosome rescue factor, transcript variant X1","liver"
"aqp9",81.2314262906057,0.00663056048860706,0.0846368927465334,0.80576909844694,0.931458852222038,"aquaporin 9","liver"
"LOC115125590",135.820330082666,0.0066164456144597,0.0820897864017814,0.838013285781676,0.942961127218176,"zinc transporter ZIP9-A-like","liver"
"LOC115139642",148.326949904789,0.00659456663249275,0.0728402617304208,0.877362023590761,0.957803884236319,"14-3-3 protein zeta-like","liver"
"LOC115142714",11253.869058166,0.00655470706405336,0.073966195732593,0.85250632798943,0.948625660083242,"inter-alpha-trypsin inhibitor heavy chain H3-like, transcript variant X1","liver"
"LOC115113093",70.0246601038905,0.00651859841004962,0.0750188610981403,0.873187036804229,0.955465868997057,"thioredoxin domain-containing protein 9-like","liver"
"LOC115136868",760.270976823689,0.00649401890242043,0.083441896732532,0.826342900083415,0.940567903027087,"alpha-2-macroglobulin-like, transcript variant X3","liver"
"LOC115143301",61.6748241763198,0.00647370629992597,0.0798785630347413,0.856590015981233,0.950459740511379,"guanine nucleotide-binding protein-like 3","liver"
"LOC115144781",87.3016531511605,0.00643579355138667,0.0817369914602319,0.85190864710939,0.948625660083242,"acyl-coenzyme A thioesterase 1-like","liver"
"kdm6a",90.6451385844126,0.00643476153278297,0.0688391347757326,0.883782553752545,0.960612717092099,"lysine demethylase 6A, transcript variant X3","liver"
"mesd",178.059247570082,0.0062968894844498,0.0740412327561937,0.879264837339036,0.958297808089117,"mesoderm development LRP chaperone","liver"
"LOC115113776",119.81395144152,0.00628003921719983,0.0768307255454641,0.870402816354439,0.954212447407395,"dipeptidase 2-like","liver"
"LOC115103322",165.131124106567,0.00627895984121463,0.0642817932196808,0.888368660358694,0.963029430750541,"profilin-2-like, transcript variant X2","liver"
"LOC115117899",5799.52083288157,0.0062656733097257,0.0809789929532196,0.855299035850199,0.949659185542198,"complement factor H-like","liver"
"LOC115133056",81.7396655906326,0.00624957008877649,0.0781680060600757,0.868824674775033,0.953508178347612,"transcription factor ETV6-like, transcript variant X1","liver"
"srpra",250.091460962008,0.00618464680320095,0.0734147789463161,0.90288300800227,0.968153898947676,"SRP receptor subunit alpha","liver"
"LOC115142989",64.9503502737692,0.00617626895256575,0.0720759660951576,0.884592216396565,0.960980243612046,"arginine-glutamic acid dipeptide repeats protein-like, transcript variant X5","liver"
"LOC115129325",553.479481646088,0.00616542511287698,0.076643380198803,0.959930259274577,0.986411356978782,"guanine nucleotide-binding protein subunit beta-2-like 1","liver"
"LOC115134631",193.8604587095,0.0060332797230805,0.0784149958408993,0.871573583972295,0.954469083361385,"carnitine O-palmitoyltransferase 1, liver isoform-like, transcript variant X2","liver"
"LOC115141237",76.507570175737,0.00602009976914419,0.0839612279503816,0.831936962011113,0.942624393217894,"cytochrome P450 4B1-like","liver"
"LOC115130406",177.340966225492,0.00601559456092379,0.085936531620644,0.796133639625111,0.928215307526302,"insulin-induced gene 1 protein-like","liver"
"LOC115106587",57.7027992706944,0.00600862998268603,0.0780908073897678,0.874147483120915,0.956260102308333,"calpain-15-like, transcript variant X2","liver"
"LOC115141045",209.524622179871,0.00600750589496895,0.0817667090109565,0.855077765645909,0.949659185542198,"sterol regulatory element-binding protein cleavage-activating protein-like, transcript variant X5","liver"
"LOC115105368",153.117485705904,0.00597184313924083,0.076741865422041,0.879212864681691,0.958297808089117,"hypoxia up-regulated protein 1-like, transcript variant X2","liver"
"adamts1",72.1309071835747,0.00592086481222042,0.0881115666445052,0.668108951874313,0.859180422952549,"ADAM metallopeptidase with thrombospondin type 1 motif 1","liver"
"LOC115105521",269.467948385166,0.00589397790609229,0.0779115255463089,0.876852631469798,0.957803884236319,"flotillin-2a, transcript variant X2","liver"
"LOC115111808",74.0432499489056,0.00585226519888211,0.0696486756253265,0.896404364158915,0.966098205471291,"leukocyte surface antigen CD53-like, transcript variant X2","liver"
"hyi",115.141905686776,0.00582200354527311,0.0801775626528805,0.870300860084526,0.954212447407395,"hydroxypyruvate isomerase (putative)","liver"
"LOC115107064",57.5091534690622,0.00579206896069694,0.0871421628002328,0.756308876528091,0.908746723189786,"insulin-like growth factor I, transcript variant X1","liver"
"LOC115108301",574.786677687042,0.00577167509261205,0.0848053827961608,0.829324084406362,0.941916768058809,"elongation factor 2, transcript variant X1","liver"
"LOC115132236",67.6292337036541,0.00568793159043626,0.0820667279664256,0.861028450321226,0.951562731267769,"ATPase family AAA domain-containing protein 3-like","liver"
"LOC115132474",133.737529462509,0.00568479540769263,0.0759647234944354,0.887069952839249,0.962645667671134,"probable Bax inhibitor 1","liver"
"bsg",863.545330804943,0.0056695782523799,0.0739828714633578,0.86703568364072,0.953060515538001,"basigin (Ok blood group), transcript variant X2","liver"
"LOC115142531",64.9397223045978,0.00565266948547858,0.0695764547290925,0.896514839625997,0.966098205471291,"junction plakoglobin-like","liver"
"LOC115125215",522.052550454105,0.00562185714212149,0.0770985119705796,0.885547757288981,0.961505769501835,"60S ribosomal protein L10","liver"
"LOC115103675",170.824292401279,0.00559642923757461,0.0838526053415731,0.842762483853845,0.944668886668767,"WW domain binding protein 1-like, transcript variant X2","liver"
"LOC115135327",83.0633056400851,0.00559226638806508,0.0846591238079193,0.834115869237199,0.942624393217894,"DNA damage-inducible transcript 3 protein-like","liver"
"LOC115122582",924.529603679353,0.00557713431381488,0.0858314443965019,0.812763649380838,0.935033766547078,"mitochondrial uncoupling protein 2-like","liver"
"LOC115108239",57.7489298280652,0.00553517284377589,0.0853628679909011,0.824795276182307,0.939616874447622,"lipoprotein lipase-like","liver"
"LOC115133586",317.303190855112,0.00552697040684348,0.0687299725807808,0.899764947786836,0.966098205471291,"integral membrane protein 2B-like","liver"
"LOC115101264",2517.7884628919,0.00551791902131013,0.0849769317783294,0.802416085233223,0.931012799149051,"S-adenosylmethionine synthase-like","liver"
"LOC115117827",151.183460058832,0.0055159076266374,0.0787627125780764,0.881901802226446,0.959592030399091,"coagulation factor VII-like","liver"
"LOC115110396",118.378688956524,0.00546977218027733,0.0817427774489792,0.864930362028538,0.952713079197559,"dnaJ homolog subfamily B member 11-like","liver"
"LOC115128149",119.967580497854,0.00544828769775537,0.0783779647103014,0.883477684003885,0.960537487329911,"uncharacterized LOC115128149","liver"
"LOC115105143",130.733831925478,0.00544447418548839,0.0846622869273559,0.839235250677309,0.943387446707312,"insulin-induced gene 1 protein-like, transcript variant X1","liver"
"LOC115103368",91.8824888658407,0.00539053924348813,0.0828470390403698,0.861034013014225,0.951562731267769,"dnaJ homolog subfamily C member 1-like, transcript variant X3","liver"
"ctsa",284.109077398947,0.00537394392701219,0.0842415718504678,0.84897366199274,0.9475401550609,"cathepsin A","liver"
"dnajb11",78.5125539367786,0.00534139761898514,0.0816399931586854,0.871135592800187,0.95424581463412,"DnaJ heat shock protein family (Hsp40) member B11","liver"
"LOC115144880",253.542718538988,0.00530068123312864,0.0846101911776894,0.844515666386298,0.945322995919874,"elongation factor 2-like, transcript variant X1","liver"
"LOC115134373",73.7465865229851,0.00529210530244364,0.0752260396325558,0.896778628326401,0.966098205471291,"protein CNPPD1-like","liver"
"LOC115105947",116.906424686489,0.0050830891448437,0.0876734599306088,0.748958536441833,0.904252071841502,"fructose-1,6-bisphosphatase 1-like","liver"
"LOC115139862",66.4687572676956,0.00503744279327156,0.0795972316613628,0.888158007316112,0.963029430750541,"endoplasmic reticulum mannosyl-oligosaccharide 1,2-alpha-mannosidase-like, transcript variant X2","liver"
"LOC115139012",194.944995476871,0.00497710739641069,0.0713612629432452,0.908713067371656,0.969865007228822,"proteasome subunit alpha type-6-like","liver"
"LOC115133584",81.5601773351611,0.00495345233779943,0.0835841360868115,0.86519262193912,0.952713079197559,"perilipin-2-like, transcript variant X1","liver"
"LOC115135100",1291.22227122233,0.00494237952995962,0.0801865387295749,0.891779939782408,0.964278086802558,"bifunctional 3'-phosphoadenosine 5'-phosphosulfate synthase 2-like","liver"
"LOC115102871",59.209644242385,0.00494055540406929,0.0789130753663698,0.899943082450538,0.966098205471291,"transcriptional repressor p66 alpha-like, transcript variant X1","liver"
"LOC115107060",122.620546807764,0.00487132307966302,0.0619539828680097,0.913163838650473,0.971348885600879,"cholinephosphotransferase 1-like","liver"
"sucla2",60.454289071408,0.00485964640522739,0.0726900465749239,0.908556009237348,0.969865007228822,"succinate-CoA ligase ADP-forming beta subunit","liver"
"LOC115142669",2371.42399772196,0.0048468768701981,0.0872803886495953,0.78680530981245,0.923982559860941,"uncharacterized LOC115142669","liver"
"LOC115108793",154.299093052249,0.00481943845285436,0.0641551424218663,0.914322766504711,0.971678380246601,"peptidyl-prolyl cis-trans isomerase G-like","liver"
"LOC115124018",85.3189000579373,0.00481101095487416,0.0779798998734601,0.899211233952529,0.966098205471291,"neural cell adhesion molecule L1.1-like, transcript variant X1","liver"
"LOC115133332",540.934746497541,0.00478267118477618,0.0734836156243586,0.892662575804176,0.96460568901851,"eukaryotic initiation factor 4A-I","liver"
"LOC115143369",320.499783370545,0.00470711660442475,0.0693885054848259,0.915656687568007,0.971678380246601,"DNA topoisomerase 1-like, transcript variant X2","liver"
"LOC115102406",73.37226240657,0.00469358969024901,0.078506979788589,0.897410139087703,0.966098205471291,"solute carrier family 52, riboflavin transporter, member 3-A-like","liver"
"LOC115108344",111.528015286961,0.00465039789125233,0.0747312292640781,0.910884844704681,0.97018356839159,"AP-3 complex subunit delta-1-like, transcript variant X2","liver"
"ranbp9",125.178042217672,0.00459692541582736,0.0764482149048613,0.8918862579111,0.964278086802558,"RAN binding protein 9","liver"
"sec61b",59.6800266093021,0.00458079964682352,0.0881243444414387,0.724644521927976,0.89172023206053,"SEC61 translocon beta subunit","liver"
"LOC115103174",149.720963958934,0.00452711078849776,0.081361228831117,0.88999586509504,0.963734911022422,"aspartyl/asparaginyl beta-hydroxylase-like, transcript variant X3","liver"
"LOC115103807",440.172462185135,0.00450542008493823,0.0799945693138069,0.899547451975292,0.966098205471291,"peroxisomal acyl-coenzyme A oxidase 1-like, transcript variant X2","liver"
"LOC115136214",117.34343815416,0.00447696981358709,0.0727356231974227,0.915334445727128,0.971678380246601,"glucocorticoid receptor, transcript variant X3","liver"
"idi1",241.909025261209,0.00441940261967628,0.0873592915653714,0.802132497729277,0.930948764448899,"isopentenyl-diphosphate delta isomerase 1, transcript variant X1","liver"
"LOC115141125",114.764924474538,0.00437504873009791,0.0801450464055863,0.786623609165831,0.923982559860941,"nuclear receptor subfamily 1 group D member 2-like","liver"
"LOC115129814",360.423718062462,0.00431378824068227,0.0719584530202401,0.9187140865753,0.972643796592447,"protein SON-like, transcript variant X1","liver"
"LOC115139579",95.9315770261757,0.00426058485960328,0.0672093318223121,0.92396497922719,0.975668718997416,"protein sel-1 homolog 1-like","liver"
"LOC115134201",92.1356242564833,0.00422141691330518,0.0829890578594819,0.889526177165657,0.963515465885521,"peptidyl-prolyl cis-trans isomerase FKBP4-like","liver"
"gkap1",58.0573465734001,0.00421203166695499,0.0732186659185902,0.91822673156467,0.972380399547309,"G kinase anchoring protein 1, transcript variant X1","liver"
"LOC115145306",93.0721852562101,0.00420083829236301,0.0710831306861846,0.922310558062128,0.974932011063599,"influenza virus NS1A-binding protein homolog A-like, transcript variant X1","liver"
"prodh2",1514.61118219144,0.00418922404407811,0.080832726221901,0.888949359883187,0.963402709620811,"proline dehydrogenase 2, transcript variant X2","liver"
"LOC115115418",4152.13681236309,0.00418756620773897,0.0883296800905913,0.716291089670022,0.888419544471221,"heme oxygenase-like","liver"
"ficd",81.2416345976141,0.00410401451526048,0.0829023922952346,0.890567032901111,0.963874462587608,"FIC domain containing","liver"
"LOC115129804",134.70829165311,0.00405791741803002,0.0645290852978396,0.927568187445845,0.976719206011326,"amino-terminal enhancer of split-like, transcript variant X1","liver"
"LOC115135362",3227.81774358521,0.00405254026416865,0.077069663051095,0.91774312005613,0.972373526734802,"adenosine kinase-like, transcript variant X1","liver"
"LOC115102284",310.329061674778,0.00401790905720401,0.0778702143520746,0.916951242664416,0.972039860884307,"protein LYRIC-like, transcript variant X1","liver"
"LOC115143188",217.47754217729,0.00399882545380711,0.0872824324034458,0.825627307768848,0.940278543298638,"AMP deaminase 2-like, transcript variant X1","liver"
"LOC115102705",202.812347674985,0.00394927902207005,0.0778715771065006,0.916616929896711,0.971938243043443,"nuclease-sensitive element-binding protein 1-like, transcript variant X4","liver"
"gtpbp4",73.3282741870207,0.00389215027778328,0.0780356717842983,0.91818114198782,0.972380399547309,"GTP binding protein 4","liver"
"LOC115107561",448.840754618939,0.00385073623569324,0.0711238584685758,0.930056120319418,0.978046632203805,"lysosomal-associated transmembrane protein 4A-like","liver"
"LOC115108524",79.6157544420038,0.00384730436427955,0.0826850798623444,0.901350524115698,0.967071528374726,"DCN1-like protein 4, transcript variant X1","liver"
"LOC115104898",165.735668290236,0.00379558969563105,0.0704447778347111,0.932211524538406,0.978746080958237,"5'-AMP-activated protein kinase subunit gamma-1-like, transcript variant X7","liver"
"LOC115141800",292.398599455899,0.00376981254997809,0.0761969317680829,0.942060691531261,0.981554033405271,"60S acidic ribosomal protein P0","liver"
"LOC115142066",5732.21851846356,0.00376418917955117,0.0860775789210251,0.867247657539364,0.953060515538001,"hepcidin-like","liver"
"LOC115137145",57.9249680623144,0.00374181218326524,0.0720276535996118,0.929254224945498,0.977925869632291,"cullin-3","liver"
"LOC115136745",61.4525385149642,0.0037337809934408,0.086430392449007,0.859097281558314,0.951562731267769,"nucleoredoxin","liver"
"idh3a",69.2849948411229,0.0037229233729013,0.0752886343183527,0.900128754178317,0.966098205471291,"isocitrate dehydrogenase (NAD(+)) 3 alpha","liver"
"LOC115143955",160.586685105844,0.00371279420928434,0.0863340202939767,0.862083531072031,0.951562731267769,"helicase with zinc finger domain 2-like","liver"
"LOC115111603",125.852431938425,0.00369792339667787,0.0678997844325852,0.932705275067826,0.978812229963043,"DNA-directed RNA polymerase III subunit RPC4-like, transcript variant X1","liver"
"LOC115115456",69.0649452320023,0.00365564472654281,0.0834432725107538,0.898841025805399,0.966098205471291,"complement C3-like","liver"
"LOC115118838",542.868091670848,0.00359045375003682,0.0795416892830854,0.925407556485882,0.975724361621045,"1-acyl-sn-glycerol-3-phosphate acyltransferase delta-like, transcript variant X2","liver"
"calm1",60.9167970497455,0.00358285816459942,0.0811062929653798,0.915462141739128,0.971678380246601,"calmodulin 1","liver"
"LOC115105526",540.944326707736,0.00354573686059379,0.0836168841495273,0.903291867815009,0.968153898947676,"polyubiquitin-like","liver"
"LOC115113449",95.8320163712343,0.00352454111805011,0.0768045756513212,0.929564263331246,0.977925869632291,"src substrate cortactin-like, transcript variant X2","liver"
"LOC115102316",114.070120636125,0.00348339557519685,0.0789478200267602,0.924630470980569,0.975724361621045,"cytoplasmic dynein 1 intermediate chain 2-like, transcript variant X1","liver"
"pum2",95.9663658430638,0.00346400753749185,0.0613220791496596,0.938450093131307,0.980509219639167,"pumilio RNA binding family member 2, transcript variant X2","liver"
"LOC115140072",152.060005114958,0.0034447989367452,0.066876039737641,0.938256780709908,0.980509219639167,"inositol hexakisphosphate kinase 2-like","liver"
"snx33",70.6144512610027,0.00342161449365383,0.07834632332704,0.92343087167629,0.975668718997416,"sorting nexin 33","liver"
"LOC115128280",676.751136195879,0.0033658004033691,0.0610556930818542,0.940249777412862,0.980509219639167,"transmembrane protein 268-like, transcript variant X1","liver"
"ogdh",83.2794002885279,0.00335665286872479,0.0635350797867747,0.940576802941399,0.980509219639167,"oxoglutarate dehydrogenase, transcript variant X2","liver"
"LOC115141860",289.783151200424,0.00334364748467143,0.0849288148395407,0.898477778941565,0.966098205471291,"heat shock cognate 70 kDa protein-like","liver"
"stx18",70.233843170403,0.00333117159694648,0.0689957868685634,0.939762499868889,0.980509219639167,"syntaxin 18, transcript variant X1","liver"
"LOC115129400",83.4809028859529,0.00329378347928919,0.067718509785526,0.940518293753002,0.980509219639167,"transmembrane 9 superfamily member 2-like, transcript variant X1","liver"
"LOC115141274",134.479949432081,0.00314011534026983,0.0841762976442881,0.909853669837519,0.97018356839159,"inverted formin-2-like","liver"
"LOC115138107",208.073227494322,0.00310151657524746,0.0815146892579485,0.924853094302213,0.975724361621045,"nuclear factor 1 B-type-like, transcript variant X3","liver"
"LOC115140123",75.702285458845,0.0030964608540811,0.0749491543659079,0.939450504521626,0.980509219639167,"ubiquitin carboxyl-terminal hydrolase 4-like","liver"
"LOC115119173",129.34469564265,0.0030949646530429,0.0769514212959003,0.937124220777549,0.980509219639167,"spermatogenesis-associated protein 13-like, transcript variant X1","liver"
"dnajc3",214.34435961675,0.00308125252143105,0.0823639578226689,0.92229939771296,0.974932011063599,"DnaJ heat shock protein family (Hsp40) member C3, transcript variant X1","liver"
"hm13",162.138336794063,0.00306852289938435,0.0784228818106952,0.934262556755434,0.979437803841344,"histocompatibility minor 13, transcript variant X1","liver"
"LOC115130791",91.6635797060699,0.00306593602522138,0.0787130477647371,0.938690039272043,0.980509219639167,"alpha-1,3-mannosyl-glycoprotein 4-beta-N-acetylglucosaminyltransferase B","liver"
"LOC115101265",153.252437025022,0.00299864060448326,0.0860849021557566,0.892363750152317,0.964538489955142,"prosaposin-like, transcript variant X1","liver"
"zcchc17",130.389509684573,0.00291966087840869,0.0694735801203913,0.945883035795376,0.982824600322006,"zinc finger CCHC-type containing 17, transcript variant X2","liver"
"LOC115146925",188.178078519221,0.00287352417704879,0.0645143813513322,0.949389700914832,0.983658469986999,"26S proteasome non-ATPase regulatory subunit 4-like, transcript variant X1","liver"
"ftsj3",114.045122356406,0.00274364480241398,0.0765543127117607,0.944091638336838,0.982427643479289,"FtsJ RNA 2'-O-methyltransferase 3","liver"
"LOC115128496",82.3732363455362,0.00272825404431903,0.0856721901359321,0.907751934047965,0.969355131596105,"SH2 domain-containing protein 2A-like","liver"
"LOC115137037",167.884728100956,0.00267173954895135,0.0768128344179823,0.94593250909304,0.982824600322006,"hepatocyte nuclear factor 3-beta-like","liver"
"LOC115122211",3773.90188024383,0.00267137706722816,0.0835824321315263,0.99231226761655,0.996736980652877,"complement component C7-like","liver"
"LOC115121458",58.1780255599237,0.00264280971924864,0.074383305802556,0.94912935917285,0.983638766333216,"ankyrin repeat domain-containing protein 12-like","liver"
"LOC115122093",58.5338041003392,0.0026153526418697,0.0715634531910151,0.949809293362504,0.983843120646904,"Golgi reassembly-stacking protein 2-like, transcript variant X1","liver"
"dmgdh",78.9635267476338,0.00261386330540088,0.0866663319770637,0.894551305357707,0.965981710346729,"dimethylglycine dehydrogenase","liver"
"LOC115128486",248.867545242434,0.00261326466250999,0.0856587930592609,0.912257688333443,0.971348885600879,"lanosterol 14-alpha demethylase-like","liver"
"LOC115120017",168.337162415314,0.00259446632942356,0.074136289934015,0.951561555551892,0.983966701713714,"acyl-coenzyme A thioesterase 1-like","liver"
"asmtl",84.2167058708442,0.00259296782267756,0.0875270657134615,0.871016142324525,0.95424581463412,"acetylserotonin O-methyltransferase like","liver"
"LOC115117624",83.438608450637,0.00259058091396088,0.0848843417844621,0.920305559591696,0.974075684470463,"AT-rich interactive domain-containing protein 1B-like","liver"
"LOC115114162",127.853725021474,0.00258457179712151,0.0724487620555501,0.951374902048137,0.983966701713714,"DIS3-like exonuclease 2, transcript variant X1","liver"
"LOC115107528",255.677845177609,0.00254419907207782,0.0784137259824795,0.946324568693399,0.982981381751859,"eukaryotic translation initiation factor 5-like, transcript variant X1","liver"
"LOC115135924",1479.38690387632,0.00247561185696385,0.0837263335536962,0.640225546162166,0.843720700940341,"polyubiquitin-B","liver"
"LOC115128416",339.171358650593,0.00245256565623189,0.0753028559331115,0.95137311243197,0.983966701713714,"DEP domain-containing mTOR-interacting protein-like, transcript variant X1","liver"
"LOC115101194",83.7011809699789,0.00244958472579645,0.0648703419390925,0.956558620669162,0.986036477927998,"protein PRRC2B-like, transcript variant X4","liver"
"LOC115109390",65.2006830559041,0.00243480134796525,0.0707688583496899,0.955373217896989,0.985100236819663,"membrane-bound transcription factor site-1 protease-like","liver"
"LOC115132944",92.9650310629567,0.0024244236364437,0.0755730759950862,0.890201653581801,0.963734911022422,"protein kinase C and casein kinase substrate in neurons protein 2-like, transcript variant X1","liver"
"LOC115142675",149.125483473252,0.00241942412036713,0.079528664566162,0.946908297276481,0.983131850842008,"eukaryotic initiation factor 4A-III","liver"
"LOC115143578",1177.9037102933,0.00240740336276507,0.0874667957135838,0.884034565773377,0.960630469232814,"dispanin subfamily A member 2b-like","liver"
"LOC115116588",3972.78557637289,0.0024013700077266,0.0842259665286778,0.970828107892427,0.990898533151543,"amine sulfotransferase-like","liver"
"LOC115114495",94.6363666391511,0.00234415437743526,0.0651693773761275,0.958266260200758,0.986374158171334,"vacuolar protein sorting-associated protein 4B-like, transcript variant X1","liver"
"masp1",121.912681201399,0.00227473347500326,0.0837179322726021,0.939036284142136,0.980509219639167,"mannan binding lectin serine peptidase 1, transcript variant X2","liver"
"ttc25",169.181007785189,0.00219591628013838,0.0871699294162041,0.905750183928704,0.969355131596105,"tetratricopeptide repeat domain 25, transcript variant X2","liver"
"LOC115143164",626.233280799996,0.00218970335546714,0.0851816046266582,0.931710723802588,0.978524326261105,"peptidyl-prolyl cis-trans isomerase FKBP11-like","liver"
"golga4",196.317559268797,0.00216676267826651,0.0699212760432922,0.960658093881259,0.986537303556677,"golgin A4, transcript variant X3","liver"
"LOC115118896",66.594433475779,0.0021557924798573,0.0879931888156295,0.869665055168284,0.953916782794921,"Usher syndrome type-1G protein homolog","liver"
"ddrgk1",196.498298099134,0.0021290599103578,0.074150513109984,0.959270648427666,0.986374158171334,"DDRGK domain containing 1","liver"
"LOC115110197",77.5266102626154,0.00207802628093592,0.0732859609098664,0.951857841586493,0.983966701713714,"importin subunit beta-1, transcript variant X1","liver"
"LOC115117982",201.938320317747,0.00205283161812154,0.0854211171374813,0.933279592720953,0.978910864624447,"fish-egg lectin-like","liver"
"LOC115136708",704.126519327954,0.00204674026253174,0.0836436710457712,0.945026531925996,0.982485949486985,"heat shock cognate 70 kDa protein-like","liver"
"LOC115136771",2399.13534702905,0.00203082852733589,0.0856447776866339,0.931465714206934,0.978519136883366,"diablo homolog, mitochondrial-like","liver"
"LOC115103612",380.596307883979,0.00194021328502503,0.080132901301643,0.957338269856956,0.986275011680693,"coenzyme Q-binding protein COQ10 homolog, mitochondrial-like","liver"
"LOC115120942",253.4990175366,0.00187295393383512,0.0836695320003594,0.94911677280805,0.983638766333216,"probable N-acetyltransferase camello","liver"
"LOC115128400",69.3237915832607,0.0018689728090615,0.0875323201161493,0.907598831767009,0.969355131596105,"class I histocompatibility antigen, F10 alpha chain-like","liver"
"LOC115113026",1689.09026879143,0.00185348008573604,0.0791340652310331,0.960197901497617,0.986411356978782,"mitochondrial pyruvate carrier 1","liver"
"LOC115109631",173.320556773769,0.00178375605818973,0.0809504841241015,0.966024678579728,0.990094110568243,"neuron navigator 2-like, transcript variant X1","liver"
"LOC115101102",75.7632047595218,0.00177291787881872,0.0861616157605608,0.936066044803283,0.980509219639167,"rho guanine nucleotide exchange factor 28-like","liver"
"LOC115132370",62.6214133035298,0.00177092025477509,0.0836214218062157,0.951293496878241,0.983966701713714,"tubulin alpha-8 chain-like","liver"
"LOC115125165",463.629921991718,0.00174572042756159,0.0874756329548966,0.91536194207939,0.971678380246601,"mid1-interacting protein 1A-like","liver"
"LOC115102929",308.78212270735,0.00173298415187086,0.0750874318188957,0.949032252510744,0.983638766333216,"NPC intracellular cholesterol transporter 1-like","liver"
"LOC115146310",219.429471531822,0.00169225453557746,0.0638697487596148,0.950563969787179,0.983966701713714,"probable histone deacetylase 1-B","liver"
"LOC115113360",616.516130401684,0.00168897723368051,0.0619387437855157,0.970472830191119,0.990898533151543,"kynurenine 3-monooxygenase-like, transcript variant X1","liver"
"LOC115114129",94.8069466534385,0.00165265110051944,0.086751561497372,0.933161222099456,0.978910864624447,"parafibromin-like","liver"
"LOC115126610",1383.34407972787,0.00160706969017827,0.0747493807146043,0.977716952929393,0.991346610464745,"60S ribosomal protein L10-like","liver"
"LOC115102447",199.279926613771,0.00159241020556698,0.0755333347579881,0.965203543840346,0.989888576888297,"C4b-binding protein alpha chain-like, transcript variant X2","liver"
"LOC115145947",479.01361872547,0.00155108492517913,0.0711063793939065,0.998160641437594,0.999141152873191,"mRNA decay activator protein ZFP36L1-like, transcript variant X1","liver"
"LOC115122621",134.380028784268,0.00155069823636421,0.0853196303972252,0.948491536363437,0.983638766333216,"15-hydroxyprostaglandin dehydrogenase [NAD(+)]-like","liver"
"LOC115135422",95.0992249713082,0.00151195497954934,0.0878801486103947,0.913602803290779,0.971475309666763,"sentrin-specific protease 3-like, transcript variant X1","liver"
"LOC115144894",722.406834581328,0.0014744205466809,0.0748829176738482,0.97199629597662,0.991207631323669,"ornithine decarboxylase antizyme 1-like","liver"
"LOC115136909",69.0699533195598,0.0014714978029983,0.0790213252358686,0.966687583532669,0.990275168960201,"tyrosine-protein kinase BAZ1B-like, transcript variant X2","liver"
"LOC115138689",61.7960588229108,0.00146152802178389,0.0698045502714002,0.973228183524022,0.991346610464745,"E3 ubiquitin-protein ligase HECTD1-like, transcript variant X6","liver"
"LOC115124123",57.6594719851742,0.00144290037605342,0.066956205876048,0.975303733923462,0.991346610464745,"renin receptor-like","liver"
"LOC115133774",87.1994187052807,0.00143839255084081,0.0801725602994549,0.967895560029877,0.990507355477592,"RING finger protein 227-like","liver"
"LOC115114739",74.6799133671568,0.00139852495296201,0.0734520120031877,0.974369878794988,0.991346610464745,"splicing factor 3A subunit 2-like, transcript variant X2","liver"
"LOC115141534",450.246611792652,0.00139280050205533,0.0810405523695535,0.861231361611253,0.951562731267769,"mRNA decay activator protein ZFP36-like","liver"
"LOC115108616",3691.79837187203,0.00135841668550402,0.086897137627493,0.943790543235817,0.982427643479289,"insulin-like growth factor-binding protein 1","liver"
"LOC115138620",74.5851012751416,0.00133062938947707,0.0826799588746298,0.966046191788494,0.990094110568243,"ornithine decarboxylase 1-like","liver"
"LOC115130496",76.8922638180363,0.00127118815585484,0.0739598151953357,0.977056055809227,0.991346610464745,"heterogeneous nuclear ribonucleoprotein A0-like","liver"
"LOC115104303",97.2924124042694,0.00126963775158895,0.0847798980363443,0.957480427188544,0.986275011680693,"matrix-remodeling-associated protein 7-like, transcript variant X1","liver"
"LOC115114173",73.8063128720506,0.00126183647171261,0.0764356155130272,0.969255382605152,0.990643164367753,"selenoprotein F-like","liver"
"LOC115145104",127.457415975136,0.00125729996688029,0.06954316306508,0.980400274903437,0.991354354673878,"tripartite motif-containing protein 16-like","liver"
"LOC115141011",750.160319246504,0.00115746166750489,0.0806532373958784,0.974361776235684,0.991346610464745,"tumor protein p53-inducible nuclear protein 1-like","liver"
"LOC115107904",90.93510856534,0.00114425549863802,0.0768304226181203,0.977726539270921,0.991346610464745,"eukaryotic translation initiation factor 2 subunit 1","liver"
"LOC115115475",63.5982549829356,0.00113282511041216,0.0743302876074228,0.978597316930086,0.991354354673878,"adapter protein CIKS-like, transcript variant X1","liver"
"LOC115144454",96.7958853372973,0.00112621346412704,0.0765579112419823,0.975879768126727,0.991346610464745,"hepatic leukemia factor-like","liver"
"LOC115142990",111.704447138456,0.00111353113963515,0.0787452211174001,0.976784894860569,0.991346610464745,"enolase-like","liver"
"LOC115125296",270.536973753606,0.00106108900039037,0.0794743316574576,0.984261525529285,0.993624467943817,"selenide, water dikinase 2-like","liver"
"LOC115105943",91.5306309942632,0.00104195486221733,0.0752634301263233,0.98040956910952,0.991354354673878,"guanine nucleotide-binding protein G(q) subunit alpha-like, transcript variant X1","liver"
"LOC115130158",223.960515221466,0.00102019370508738,0.0772866548474436,0.958817989563541,0.986374158171334,"translocon-associated protein subunit alpha-like, transcript variant X1","liver"
"LOC115102298",89.4834448891408,0.000995890014895077,0.0764226199143805,0.936632175855908,0.980509219639167,"complement receptor type 2-like, transcript variant X1","liver"
"LOC115141225",60.9258432295686,0.000934607498962355,0.0791941575077474,0.980183522963998,0.991354354673878,"protein eva-1 homolog B-like","liver"
"ddit4",241.496237503341,0.000916733902609783,0.0874670019903051,0.956765031944365,0.986036477927998,"DNA damage inducible transcript 4","liver"
"LOC115107965",62.6837360688577,0.000913371379153744,0.0876818774372028,0.952564342765667,0.983969051354583,"heat shock protein HSP 90-alpha","liver"
"LOC115105628",76.3372674990979,0.000867356623437047,0.0719772696752942,0.983994613163667,0.993624467943817,"serrate RNA effector molecule homolog","liver"
"LOC115124823",66.2058926380384,0.000849159826853326,0.0839594183144212,0.976794219320458,0.991346610464745,"60S ribosomal protein L4-B-like, transcript variant X1","liver"
"LOC115132507",204.320060734079,0.000792981808020021,0.0713518779058257,0.985950298054557,0.994489832930061,"E3 ubiquitin-protein ligase HUWE1-like, transcript variant X19","liver"
"ildr1",101.406357001873,0.000767053338089833,0.0716920148803789,0.98718132471375,0.994733429533617,"immunoglobulin like domain containing receptor 1","liver"
"LOC115131917",185.743954207053,0.000707561068862505,0.0713251610932858,0.983179328053192,0.99322547256685,"probable ATP-dependent RNA helicase DDX23","liver"
"LOC115104868",697.251663106289,0.000703724296200456,0.0850383619835526,0.979702687340216,0.991354354673878,"elongation of very long chain fatty acids protein 2-like","liver"
"LOC115106398",139.062585919117,0.000688252250929079,0.0694617159151536,0.987656081776877,0.994733429533617,"2-oxoisovalerate dehydrogenase subunit beta, mitochondrial-like","liver"
"LOC115105742",140.349558749758,0.00067985167871568,0.0830893120112234,0.987650687086112,0.994733429533617,"cytochrome P450 4B1-like","liver"
"tm7sf2",211.960424322571,0.000669682822195538,0.0866465181074033,0.974962617575727,0.991346610464745,"transmembrane 7 superfamily member 2","liver"
"LOC115109702",91.3928165416347,0.000663082248600504,0.0730332966075895,0.988308299409615,0.994924681793489,"CCR4-NOT transcription complex subunit 4-like","liver"
"LOC115112173",454.6041855527,0.000648888380214199,0.074515298755469,0.985863047235247,0.994489832930061,"sorbitol dehydrogenase-like","liver"
"LOC115137313",224.398435429392,0.000642022456408512,0.0626570419031041,0.989063414996072,0.995412957907158,"oxysterol-binding protein 1-like, transcript variant X5","liver"
"LOC115137073",70.2431900540775,0.000638471879830887,0.0726337085943254,0.986439771055322,0.994733429533617,"uncharacterized LOC115137073","liver"
"LOC115116615",77.423027856783,0.00060130236516813,0.0844310600209718,0.983234735477734,0.99322547256685,"complement C3-like","liver"
"LOC115124740",89.6365634676873,0.000584277221850743,0.0698092780149793,0.98748008621736,0.994733429533617,"receptor-type tyrosine-protein phosphatase F-like, transcript variant X2","liver"
"LOC115104854",908.704588889758,0.000565604111201777,0.0730728651662116,0.992335296243713,0.996736980652877,"phosphoenolpyruvate carboxykinase, cytosolic [GTP]-like","liver"
"LOC115144174",64.0511942590915,0.000529894319181549,0.0883639126042947,0.960881524808637,0.986537303556677,"phospholipid transfer protein-like, transcript variant X1","liver"
"LOC115141372",59.6811021965366,0.000505049612833252,0.0795340494431776,0.989559368862724,0.995666252156125,"serine/threonine-protein phosphatase 6 regulatory ankyrin repeat subunit C-like, transcript variant X1","liver"
"cenpv",88.1569607514708,0.000331253823881339,0.0729231721326156,0.994271377294188,0.997943889153191,"centromere protein V, transcript variant X1","liver"
"LOC115133340",92.4087598450244,0.000312467064397177,0.0682959015805618,0.994943612956455,0.997947905722678,"dynactin subunit 1-like, transcript variant X5","liver"
"LOC115129281",81.0354964639502,0.000289544834284842,0.0852062853845522,0.992039100178946,0.996736980652877,"guanylate-binding protein 1-like, transcript variant X2","liver"
"LOC115114557",73.6193161225573,0.000287769212273511,0.0641669509983618,0.99572210962983,0.997947905722678,"RB1-inducible coiled-coil protein 1-like, transcript variant X2","liver"
"LOC115103764",108.645076339289,0.000158105168616893,0.0864207582298514,0.995744389738501,0.997947905722678,"keratin, type I cytoskeletal 13-like","liver"
"LOC115116868",100.608951455119,7.07581299476932e-05,0.0783990189875176,0.995321435354371,0.997947905722678,"solute carrier family 35 member B1-like","liver"
"LOC115125240",86.8797894080323,-9.86704398506379e-06,0.0823216169930988,0.999679938264652,0.999758944243197,"uncharacterized LOC115125240","liver"
"LOC115129238",273.366993323495,-1.44398073064737e-05,0.0697752095472562,0.998966457358666,0.99970225391454,"hypoxanthine-guanine phosphoribosyltransferase","liver"
"hypk",62.4817268135101,-2.84785377323522e-05,0.0706908885727471,0.999758944243197,0.999758944243197,"huntingtin interacting protein K","liver"
"LOC115135253",120.726653250047,-7.810342320868e-05,0.0828009962318967,0.996593455479754,0.998307919522113,"multiple coagulation factor deficiency protein 2 homolog","liver"
"LOC115110272",134.462265528728,-0.000107862543048975,0.0877343518276401,0.990521133547235,0.996142151576247,"heat shock 70 kDa protein","liver"
"LOC115136617",69.2942270214773,-0.000118423862497436,0.0821995951841081,0.996270032925285,0.998229266028383,"eukaryotic translation initiation factor 4 gamma 1-like, transcript variant X3","liver"
"LOC115145904",61.6659502210001,-0.00014672242992153,0.069074438243469,0.995044055760208,0.997947905722678,"dnaJ homolog subfamily C member 5B-like, transcript variant X2","liver"
"LOC115144405",58.0722548711833,-0.000147920428974238,0.0826440261979521,0.993523974018378,0.997439339433229,"cordon-bleu protein-like 1, transcript variant X2","liver"
"LOC115144664",71.9042671555539,-0.000192784161678682,0.0705672443891997,0.992706063624597,0.996863738687819,"disintegrin and metalloproteinase domain-containing protein 10-like","liver"
"LOC115136817",69.4090382951569,-0.000268838635711461,0.0785295519710122,0.997999812493082,0.999141152873191,"scavenger receptor class F member 1-like, transcript variant X3","liver"
"LOC115140276",404.715094541018,-0.000329320494291718,0.0710700528343118,0.999433506077061,0.999758944243197,"patatin-like phospholipase domain-containing protein 7, transcript variant X3","liver"
"LOC115113088",123.218665393249,-0.000345354155370667,0.0705799942848672,0.988334160103493,0.994924681793489,"eukaryotic translation initiation factor 4E-like, transcript variant X2","liver"
"LOC115139790",201.711236659615,-0.000381030375740122,0.0761822067065689,0.992323587159097,0.996736980652877,"proprotein convertase subtilisin/kexin type 5-like, transcript variant X1","liver"
"ell",262.626057431987,-0.000469352095777231,0.0741526956641577,0.990317294740256,0.996142151576247,"elongation factor for RNA polymerase II","liver"
"LOC115136681",103.45981329386,-0.000593816516619754,0.0814286680755827,0.98436104061755,0.993624467943817,"non-histone chromosomal protein HMG-14-like","liver"
"LOC115112129",87.061242197809,-0.000635095205086249,0.0707566403986053,0.997885322105263,0.999141152873191,"dnaJ homolog subfamily A member 2-like","liver"
"LOC115113474",61.9739040747555,-0.000668952366898114,0.0705236217430298,0.986821163451122,0.994733429533617,"MAP kinase-activating death domain protein-like, transcript variant X7","liver"
"LOC115137912",217.282825283204,-0.00067038163094549,0.0865035595803996,0.970898949937491,0.990898533151543,"E3 ubiquitin-protein ligase TRIM39-like","liver"
"LOC115143423",115.939561601023,-0.000670456694073523,0.0881128170644941,0.950694697003401,0.983966701713714,"tumor necrosis factor receptor superfamily member 8-like","liver"
"LOC115111917",420.767054030919,-0.000694738733990366,0.0747402447511805,0.9853940897342,0.99442097295286,"glycine-rich RNA-binding protein 1-like","liver"
"LOC115117488",214.587100262432,-0.000704768932282239,0.0852318817872951,0.975236109146295,0.991346610464745,"sterol regulatory element-binding protein 1-like","liver"
"LOC115131686",5631.34893475876,-0.000740091908766843,0.0769142186771637,0.992001646520534,0.996736980652877,"elongation factor 1-alpha, oocyte form-like","liver"
"LOC115133934",112.774926091276,-0.000831038489950454,0.0794900770357061,0.980336113568825,0.991354354673878,"UDP-xylose and UDP-N-acetylglucosamine transporter","liver"
"LOC115138633",146.556600115422,-0.000837330975941002,0.0768278472996372,0.980343614052976,0.991354354673878,"fermitin family homolog 2-like, transcript variant X5","liver"
"LOC115131581",215.596925134012,-0.000856239240377694,0.0824877187762662,0.976344847826123,0.991346610464745,"secretagogin-like","liver"
"LOC115125053",64.577514420652,-0.000896072345891778,0.0825333964127566,0.97399210141011,0.991346610464745,"E3 ubiquitin-protein ligase RNF185, transcript variant X1","liver"
"LOC115144793",103.443157693585,-0.000915046487565531,0.0682466893768399,0.982726873433172,0.993204744883117,"dihydrolipoyl dehydrogenase, mitochondrial-like","liver"
"LOC115124241",94.0924686774616,-0.000942566453438631,0.0771182027146005,0.959150111011967,0.986374158171334,"dual specificity protein kinase CLK4-like, transcript variant X1","liver"
"LOC115125787",64.529688485848,-0.000947695011904937,0.0845005209655504,0.969244602919439,0.990643164367753,"phosphoethanolamine N-methyltransferase 3-like","liver"
"LOC115102819",58.4850115710643,-0.000973956203754028,0.0727067997332443,0.981703410700708,0.992416443952402,"U6 snRNA-associated Sm-like protein LSm7","liver"
"LOC115141104",232.543190376811,-0.000975613461308892,0.0667216523610566,0.980013361652371,0.991354354673878,"RNA-binding protein 8A, transcript variant X2","liver"
"LOC115109360",99.2366906416978,-0.000993217965970646,0.0735308685058915,0.980287328542724,0.991354354673878,"nuclear factor erythroid 2-related factor 2-like","liver"
"LOC115103895",842.458918242127,-0.00101636339993934,0.0783887082675622,0.976761494140398,0.991346610464745,"malate dehydrogenase, cytoplasmic-like, transcript variant X1","liver"
"avpi1",1945.44307218138,-0.0010621905228479,0.083472316600701,0.968245761789498,0.990507355477592,"arginine vasopressin induced 1, transcript variant X1","liver"
"LOC115109981",137.393113329623,-0.00113710877295039,0.0696258439288359,0.978868246790319,0.991354354673878,"AP-2 complex subunit alpha-2-like, transcript variant X1","liver"
"LOC115128360",168.397634750158,-0.00115220778970534,0.0627470104798482,0.97809223482587,0.991354354673878,"cell division control protein 42 homolog, transcript variant X1","liver"
"LOC115128654",158.029652736822,-0.00115750464458125,0.072142240293386,0.977361638341963,0.991346610464745,"protein tyrosine phosphatase type IVA 2","liver"
"LOC115111589",185.308214929675,-0.00119001751525326,0.075175784074776,0.975577187151851,0.991346610464745,"anthrax toxin receptor 1-like, transcript variant X2","liver"
"LOC115128580",381.894931255493,-0.00129586092732555,0.0669451799492444,0.975429512043284,0.991346610464745,"ATP-binding cassette sub-family F member 1-like, transcript variant X2","liver"
"cdkn1b",191.670522172277,-0.00129800682986316,0.0795554431154997,0.970963871787847,0.990898533151543,"cyclin dependent kinase inhibitor 1B","liver"
"negr1",192.816784643826,-0.00130687549008848,0.0869246972236912,0.948238223532312,0.983638766333216,"neuronal growth regulator 1, transcript variant X2","liver"
"LOC115137947",60.7846618475179,-0.00131526143852222,0.0679126452721681,0.9751691401417,0.991346610464745,"H(+)/Cl(-) exchange transporter 3-like, transcript variant X1","liver"
"LOC115110287",470.741832792886,-0.00131638020206723,0.0750460740071042,0.972798138383806,0.991346610464745,"coenzyme Q-binding protein COQ10 homolog, mitochondrial-like","liver"
"LOC115108058",100.497695109894,-0.00137076996890053,0.0751414686434805,0.971986703505999,0.991207631323669,"26S proteasome non-ATPase regulatory subunit 1-like","liver"
"urad",279.052388985572,-0.00137231320586846,0.0786757891039506,0.969792803679037,0.990898533151543,"ureidoimidazoline (2-oxo-4-hydroxy-4-carboxy-5-) decarboxylase","liver"
"LOC115141687",240.268827641803,-0.00138437037868038,0.0681733401454789,0.975182541026726,0.991346610464745,"E3 ubiquitin-protein ligase TRIP12, transcript variant X1","liver"
"LOC115145200",71.50377436849,-0.00138499889815626,0.0762434386109544,0.97136501786499,0.991059777926834,"CMP-N-acetylneuraminate-beta-1,4-galactoside alpha-2,3-sialyltransferase-like, transcript variant X3","liver"
"LOC115133615",86.5628336315667,-0.00142760274302019,0.0773705947140548,0.946951826890511,0.983131850842008,"eukaryotic translation initiation factor 5A-1, transcript variant X1","liver"
"LOC115135469",83.2707063455009,-0.00144212050846279,0.0708634320751292,0.972478349140867,0.991346610464745,"rab proteins geranylgeranyltransferase component A 2-like, transcript variant X3","liver"
"LOC115112463",354.250871529137,-0.00144462838380683,0.0870325471068553,0.932402117851039,0.978746080958237,"cytochrome P450 1A1","liver"
"LOC115130531",69.7614454119927,-0.00146093635658001,0.0864977556687496,0.939728852360637,0.980509219639167,"H-2 class II histocompatibility antigen gamma chain-like, transcript variant X1","liver"
"LOC115121482",2718.50277930821,-0.00154694537237176,0.0759784144743741,0.907503585499143,0.969355131596105,"C4b-binding protein alpha chain-like, transcript variant X1","liver"
"LOC115135141",57.2802230026111,-0.00156802917147255,0.0667547763385593,0.970853002956681,0.990898533151543,"zinc finger SWIM domain-containing protein 8-like, transcript variant X4","liver"
"LOC115110604",2029.07532011426,-0.0016289936914417,0.0622802232862863,0.975280859639872,0.991346610464745,"microtubule-associated serine/threonine-protein kinase 1-like, transcript variant X2","liver"
"LOC115118233",190.638807682169,-0.00165032330424696,0.0844717023250751,0.948384920940347,0.983638766333216,"transforming growth factor-beta-induced protein ig-h3-like","liver"
"LOC115121180",334.989375761527,-0.00165752345664943,0.0578030293240695,0.969064243420436,0.990643164367753,"ras-related protein Rab-10","liver"
"LOC115102545",66.1720900809216,-0.001667331075548,0.0708582181546295,0.968393476834692,0.990507355477592,"calcium-binding and coiled-coil domain-containing protein 1-like, transcript variant X2","liver"
"LOC115143242",62.359177625163,-0.00167261693912565,0.0683671982466496,0.967106430295981,0.990275168960201,"cell division control protein 42 homolog, transcript variant X1","liver"
"LOC115105622",70.0397837729954,-0.00176428430686521,0.0692549538798132,0.967089422389002,0.990275168960201,"misshapen-like kinase 1, transcript variant X5","liver"
"LOC115102166",151.280517686028,-0.00178311925791208,0.0791423794413643,0.959669966477069,0.986411356978782,"serine/threonine-protein kinase Sgk2-like","liver"
"LOC115101737",6826.48335807038,-0.00178657560089582,0.081835202424972,0.701364331740883,0.878537497288211,"apolipoprotein Eb-like","liver"
"LOC115125731",339.362815965086,-0.00182451629018112,0.0788197812666803,0.958478277267302,0.986374158171334,"sarcoplasmic/endoplasmic reticulum calcium ATPase 2","liver"
"LOC115142753",127.37808466818,-0.00182658443785085,0.0873003175167722,0.910012060617705,0.97018356839159,"glutaredoxin-1-like","liver"
"LOC115110247",73.5588223824629,-0.00182902145109838,0.070639043140317,0.965359934526737,0.989888576888297,"prohibitin","liver"
"dnajc25",59.1075450070607,-0.00183451212445527,0.0770018686035012,0.961877258760115,0.987310930925769,"DnaJ heat shock protein family (Hsp40) member C25, transcript variant X1","liver"
"LOC115146166",82.5987889242209,-0.00185981409954579,0.0672738907979772,0.964517263084134,0.98952236706039,"protein phosphatase 1A, transcript variant X2","liver"
"LOC115102874",335.840613915868,-0.00192945536246604,0.0714919560717927,0.954064365520367,0.984497811104054,"cold-inducible RNA-binding protein B-like, transcript variant X8","liver"
"LOC115108744",61.7247626232376,-0.00194484254834741,0.0679143191268035,0.962859206819099,0.988070021901976,"protein PRRC2C-like","liver"
"LOC115134190",4434.48888252399,-0.00196859130412336,0.0883541801706677,0.792009455429602,0.926075391590294,"zona pellucida sperm-binding protein 3-like","liver"
"LOC115137179",305.675215458635,-0.00198631168911022,0.0732837654531186,0.951859839268198,0.983966701713714,"coagulation factor X-like","liver"
"selenos",106.73081982716,-0.00200541538099835,0.0762113991460899,0.95845736454848,0.986374158171334,"selenoprotein S","liver"
"LOC115122193",79.8594063202057,-0.00201545096727119,0.0741217260642948,0.96027484408533,0.986411356978782,"serine/threonine-protein kinase ppk4-like, transcript variant X3","liver"
"LOC115120424",115.80916765079,-0.0020977083422464,0.0735396307932713,0.958693696416608,0.986374158171334,"serine/arginine-rich splicing factor 5-like","liver"
"wdr60",76.4928085411648,-0.00223771339923391,0.0812085001075989,0.945124486736622,0.982485949486985,"WD repeat domain 60, transcript variant X1","liver"
"dhcr24",313.101977291448,-0.00230736958467189,0.0807927637762566,0.944319418989496,0.982427643479289,"24-dehydrocholesterol reductase","liver"
"LOC115101794",84.4164569891056,-0.00232830805354394,0.0850871605964278,0.923566802198109,0.975668718997416,"urokinase plasminogen activator surface receptor-like","liver"
"LOC115136686",72.63491688934,-0.00233567546277946,0.0825665628469821,0.937695511169992,0.980509219639167,"immunoglobulin superfamily member 5-like","liver"
"LOC115101945",140.758309006141,-0.00233630586693372,0.0858819556720763,0.91516519389684,0.971678380246601,"cytochrome c oxidase subunit 4 isoform 2, mitochondrial-like, transcript variant X2","liver"
"LOC115125396",1567.06766085587,-0.00239535887795393,0.0775084426185531,0.968220269458705,0.990507355477592,"phosphatidylinositol-binding clathrin assembly protein-like","liver"
"LOC115125895",61.4404585921022,-0.00241363688887625,0.0722072694737644,0.953732006557072,0.984497811104054,"glucocorticoid receptor-like","liver"
"LOC115131162",5558.58138292989,-0.00246176005215708,0.0856936514540513,0.910915730185136,0.97018356839159,"saxitoxin and tetrodotoxin-binding protein 2-like","liver"
"LOC115137081",169.683579227916,-0.00247188780106486,0.0866232477065978,0.897527289804787,0.966098205471291,"rho-related GTP-binding protein RhoU-like","liver"
"LOC115132374",304.124395734942,-0.00248927093376548,0.0795744714007605,0.939492259489122,0.980509219639167,"CCAAT/enhancer-binding protein beta-like","liver"
"LOC115143392",113.547841889875,-0.00249728687786063,0.0677571171246237,0.953059514918527,0.984208407096002,"ADP-ribosylation factor-like protein 8B-A","liver"
"LOC115112143",62.2126080241372,-0.00250250213374634,0.0658266910600348,0.954349165648911,0.984542444744359,"cytoplasmic dynein 1 light intermediate chain 2-like, transcript variant X2","liver"
"LOC115102921",93.7099573006771,-0.00252000545380767,0.0700808559553238,0.954830845979586,0.984790113414168,"guanine nucleotide-binding protein G(I)/G(S)/G(O) subunit gamma-5, transcript variant X1","liver"
"LOC115127916",100.621267828969,-0.00254191548951225,0.0625146546788193,0.953896047291339,0.984497811104054,"small ubiquitin-related modifier 3-like","liver"
"LOC115128311",124.003060710835,-0.00254297032692823,0.0664128645745727,0.952586328911969,0.983969051354583,"proteasome subunit beta type-2-like","liver"
"LOC115113941",161.171489540821,-0.00256908542018651,0.0860126238300734,0.904716899264168,0.96898595708006,"selenoprotein Pb-like, transcript variant X1","liver"
"LOC115145572",448.612877468232,-0.00269450325222274,0.0830659291854308,0.925453970075309,0.975724361621045,"mitochondrial uncoupling protein 2-like","liver"
"LOC115131640",107.193604267637,-0.00271393718660229,0.0707724143320233,0.948853478137224,0.983638766333216,"cell division control protein 42 homolog","liver"
"LOC115135380",72.8586255971775,-0.00272433031143209,0.0788033109548701,0.939691519019049,0.980509219639167,"eukaryotic translation initiation factor 3 subunit L","liver"
"LOC115138396",100.138620392081,-0.00276986746169618,0.0829470596659658,0.925147860842441,0.975724361621045,"guanine nucleotide-binding protein-like 3","liver"
"LOC115114184",123.394590532998,-0.00287441409167007,0.0719997104227523,0.967194663304848,0.990275168960201,"60S ribosomal protein L5-like","liver"
"LOC115140792",71.3215984140135,-0.00288436262225035,0.0787104505800851,0.93062944712858,0.978219267574993,"zinc finger MYM-type protein 1-like","liver"
"LOC115103144",171.25658484053,-0.00289096468923816,0.0844526348892678,0.913201405697392,0.971348885600879,"cAMP-responsive element modulator-like, transcript variant X1","liver"
"LOC115111411",87.7191543668335,-0.0029464120596788,0.0779377796766888,0.936818866706107,0.980509219639167,"ubiquitin-conjugating enzyme E2 E3-like","liver"
"fam160b1",59.981454015466,-0.00301788798310163,0.0658734176531723,0.945106505741214,0.982485949486985,"family with sequence similarity 160 member B1","liver"
"LOC115116430",446.094988237013,-0.00304399290763418,0.0831199572135815,0.915905336986396,0.97168926433018,"mitochondrial uncoupling protein 2-like","liver"
"LOC115142255",112.746636451704,-0.00313117041218611,0.0719553137900625,0.930911907354404,0.978219267574993,"plectin-like","liver"
"LOC115109555",122.822861594745,-0.00316634444176539,0.0610940069321685,0.942428193698389,0.981657278852381,"liprin-beta-1-like, transcript variant X5","liver"
"LOC115133309",352.66434047158,-0.0031766835021196,0.0730032670399936,0.952294565028165,0.983969051354583,"high mobility group protein B3-like","liver"
"LOC115112953",87.1544877266968,-0.00318580095341961,0.0675475252348793,0.942641459624195,0.981657278852381,"ribosome-binding protein 1-like, transcript variant X2","liver"
"LOC115121211",2733.70472394223,-0.00318781515616089,0.0690448289476362,0.939998077734572,0.980509219639167,"fatty acid-binding protein, heart-like","liver"
"LOC115116401",6131.46525170026,-0.00320203396342435,0.0874012890076212,0.835764198688746,0.942624393217894,"metalloproteinase inhibitor 2-like","liver"
"LOC115103256",493.607960320169,-0.00321715627318229,0.0812863606647991,0.937896685962985,0.980509219639167,"angiopoietin-related protein 4-like, transcript variant X1","liver"
"LOC115146260",80.0667662276633,-0.00327225982546054,0.0846662454951856,0.897728760495787,0.966098205471291,"adenylosuccinate synthetase isozyme 1 C","liver"
"LOC115110784",82.0951835965517,-0.00330485494631418,0.0765174401373629,0.936381516489827,0.980509219639167,"DDB1- and CUL4-associated factor 7-like","liver"
"LOC115113359",1066.83014186598,-0.00331668346874072,0.0788905253714369,0.879412204530491,0.958297808089117,"insulin-degrading enzyme-like, transcript variant X3","liver"
"LOC115111512",125.501483412045,-0.00339304903216632,0.084141609335643,0.902198982490753,0.967727119113766,"E3 ubiquitin-protein ligase RNF34-like, transcript variant X1","liver"
"LOC115130790",437.882823811439,-0.0033949159080806,0.0688465969505341,0.935308168190196,0.980281844572702,"calnexin-like, transcript variant X3","liver"
"LOC115121040",1342.14772349076,-0.00348439276069225,0.0875007849069314,0.823137293599697,0.939436400348969,"betaine--homocysteine S-methyltransferase 1-like","liver"
"LOC115102404",97.7377646228625,-0.00351566720633504,0.0662416452200323,0.935745462443556,0.980488047537258,"ubiquitin-conjugating enzyme E2 variant 1, transcript variant X2","liver"
"LOC115121061",954.321419791488,-0.00354946696397148,0.0786547558598172,0.923829614741687,0.975668718997416,"60S ribosomal protein L3-like","liver"
"LOC115131974",74.4339434287254,-0.00355618267676222,0.0823917680665483,0.907759700025106,0.969355131596105,"inosine-5'-monophosphate dehydrogenase 2-like, transcript variant X1","liver"
"LOC115128382",1621.0722526593,-0.00358181079121671,0.0835809166830446,0.898515211556195,0.966098205471291,"BOLA class I histocompatibility antigen, alpha chain BL3-7-like","liver"
"LOC115112503",106.978017417835,-0.0036379491041814,0.0810054693291546,0.912496179318559,0.971348885600879,"leucine-rich repeat-containing protein 58-like, transcript variant X2","liver"
"LOC115113648",89.6569952593797,-0.00365422263042037,0.080817461513763,0.912751396891458,0.971348885600879,"myotubularin-related protein 10-like","liver"
"LOC115101972",120.451721469677,-0.00370972279511263,0.0832590602241211,0.898593999198607,0.966098205471291,"catechol O-methyltransferase B-like","liver"
"LOC115107801",85.0967541450567,-0.00371713522647621,0.0854727174294558,0.878128307065791,0.957895746678349,"histone deacetylase 4-like, transcript variant X1","liver"
"LOC115143411",78.6336794747179,-0.00375041810531375,0.0828074659042017,0.899961719076237,0.966098205471291,"neural cell adhesion molecule L1-like protein, transcript variant X1","liver"
"LOC115142746",58.9250947382745,-0.00375106538407974,0.0746462796158061,0.925983739606703,0.976030442885162,"ubiquitin-associated protein 2-like, transcript variant X2","liver"
"fdft1",467.008299061102,-0.00376036153896424,0.0869057990166052,0.834588767977101,0.942624393217894,"farnesyl-diphosphate farnesyltransferase 1, transcript variant X2","liver"
"LOC115141451",339.220231576111,-0.00376317668280221,0.0807923973136456,0.910690331450527,0.97018356839159,"rho-related GTP-binding protein RhoU-like","liver"
"LOC115113442",65.0904187594425,-0.00376319165854136,0.0815902225741548,0.900006241116395,0.966098205471291,"triadin-like, transcript variant X27","liver"
"lrrc8a",71.702132146543,-0.00378007443025628,0.0770083568571091,0.921210870071884,0.974558830689136,"leucine rich repeat containing 8 VRAC subunit A","liver"
"LOC115144058",1109.9656962719,-0.00378262066627483,0.0723852562405261,0.927419295534497,0.976719206011326,"APOBEC1 complementation factor-like, transcript variant X4","liver"
"LOC115133927",179.387775540845,-0.00380617824786093,0.0658607677061998,0.930940269608292,0.978219267574993,"uncharacterized LOC115133927, transcript variant X2","liver"
"LOC115145968",74.0256141157941,-0.0038630657014472,0.0812660261896305,0.906171592693096,0.969355131596105,"calmin-like","liver"
"LOC115144943",99.972606653241,-0.00386701389067835,0.0658169966927997,0.929701360359452,0.977925869632291,"ER degradation-enhancing alpha-mannosidase-like protein 3, transcript variant X3","liver"
"LOC115134352",83.7992822579298,-0.00392443353662588,0.0642996471100008,0.928742062805567,0.977673721073216,"charged multivesicular body protein 1a-like","liver"
"LOC115103799",95.2182626046632,-0.00398590964421329,0.065964874809591,0.927595693442062,0.976719206011326,"phosphoribosyl pyrophosphate synthase-associated protein 1-like, transcript variant X1","liver"
"LOC115143176",134.620586156785,-0.00399208034374447,0.0687832856496248,0.924909191523367,0.975724361621045,"myosin light polypeptide 6-like, transcript variant X2","liver"
"LOC115141448",87.5715967750433,-0.00401077557284998,0.0780208581436042,0.916230004036531,0.971780769308587,"rho GTPase-activating protein 35-like","liver"
"LOC115145044",69.3209241246821,-0.00404891529516893,0.0675789318732403,0.926243370326723,0.976051700478729,"methylcrotonoyl-CoA carboxylase subunit alpha, mitochondrial-like, transcript variant X1","liver"
"LOC115105485",145.908410100168,-0.00416386817760203,0.06552753031337,0.922299752760393,0.974932011063599,"MAP7 domain-containing protein 1-like, transcript variant X2","liver"
"LOC115113096",106.302304694014,-0.00426587941740492,0.0775176198963238,0.910046320700977,0.97018356839159,"annexin A5-like","liver"
"LOC115136882",184.088459457523,-0.00438176754362675,0.0736448254337351,0.934201291972839,0.979437803841344,"succinate dehydrogenase [ubiquinone] cytochrome b small subunit B, mitochondrial-like","liver"
"LOC115101371",77.2475010176184,-0.00438907892586816,0.0824910485000694,0.888060582582698,0.963029430750541,"calpain-5-like, transcript variant X3","liver"
"LOC115143275",85.3347060570451,-0.0044302515020395,0.069574419482919,0.917415408202128,0.972279044158053,"eukaryotic translation initiation factor 4 gamma 3-like, transcript variant X3","liver"
"plekhf2",195.33003174133,-0.00443153398257082,0.0801428034231093,0.895727937215533,0.966098205471291,"pleckstrin homology and FYVE domain containing 2, transcript variant X2","liver"
"LOC115139480",115.838054467314,-0.00443188607489369,0.0841792778683523,0.869269939285994,0.953740046441376,"mitogen-activated protein kinase kinase kinase 5-like","liver"
"LOC115144711",69.9933919425392,-0.00443829981211893,0.0755736744510578,0.910835434131995,0.97018356839159,"pleckstrin homology domain-containing family A member 7-like, transcript variant X1","liver"
"LOC115144161",57.7365022603158,-0.00450900216279493,0.08201604925283,0.885472510929963,0.961505769501835,"C-Jun-amino-terminal kinase-interacting protein 4-like, transcript variant X4","liver"
"LOC115129538",59.1391352087503,-0.004510027746464,0.0781201620388973,0.903309440063301,0.968153898947676,"E3 ubiquitin-protein ligase RNF130-like, transcript variant X4","liver"
"LOC115101058",633.014765335077,-0.00451475410020955,0.0814385856303766,0.893765113510747,0.965541108579328,"polyubiquitin-B, transcript variant X3","liver"
"LOC115140091",216.351021195026,-0.00451479137930372,0.086671203143403,0.818575388707546,0.938277076595038,"S-adenosylmethionine synthase","liver"
"mmd",76.9409398733467,-0.00452589471011735,0.0795580622080144,0.898069931372308,0.966098205471291,"monocyte to macrophage differentiation associated, transcript variant X1","liver"
"LOC115139833",213.057478052215,-0.0046024171271559,0.0697517641887839,0.914721894671997,0.971678380246601,"lysosome membrane protein 2-like, transcript variant X2","liver"
"LOC115133093",105.283946424732,-0.00460550251931285,0.076153841581938,0.90615614997702,0.969355131596105,"cell division cycle protein 123 homolog, transcript variant X1","liver"
"LOC115105092",75.6998897009363,-0.00470092344276142,0.088349573055806,0.675755136372307,0.863441359201731,"cAMP-responsive element modulator-like, transcript variant X2","liver"
"LOC115136523",58.1648613772593,-0.00475840104609264,0.0810146509681002,0.882638133279656,0.960136917867061,"vacuolar fusion protein MON1 homolog B-like, transcript variant X4","liver"
"LOC115131428",80.0414175091331,-0.00477013660139815,0.0730901845209452,0.907686086266642,0.969355131596105,"septin-7, transcript variant X2","liver"
"LOC115143106",122.966389950703,-0.0047880272108289,0.0887522560808963,0.536967525281796,0.773111844948287,"leucine-rich repeat neuronal protein 1-like, transcript variant X1","liver"
"LOC115110445",105.725371811718,-0.00479180920941124,0.0628386658471971,0.913796942409806,0.971475309666763,"interleukin enhancer-binding factor 3 homolog, transcript variant X1","liver"
"LOC115102492",84.3878295354277,-0.00485326382865321,0.0702230391827045,0.909378170846644,0.97018356839159,"probable phospholipid-transporting ATPase IIA","liver"
"LOC115130509",73.416893554707,-0.00495005366306389,0.0815544187765527,0.877658239830566,0.957803884236319,"receptor expression-enhancing protein 2-like","liver"
"LOC115143853",134.304755228724,-0.0050041826736641,0.0601555822370761,0.907217737202967,0.969355131596105,"ubiquitin-conjugating enzyme E2 variant 1-like, transcript variant X1","liver"
"LOC115108594",70.1905136145782,-0.00501446488290405,0.0691217294496997,0.907292074948893,0.969355131596105,"desmocollin-2-like, transcript variant X1","liver"
"LOC115129280",63.4297856092003,-0.00504943505439191,0.0886213106993743,0.569301422520534,0.795499690844599,"selenoprotein T2-like","liver"
"LOC115144285",148.234097877958,-0.00507221897446249,0.0854130688352128,0.83359203962284,0.942624393217894,"collagen alpha-1(I) chain-like","liver"
"LOC115146736",64.4338400014817,-0.00509046920357079,0.0827648423359749,0.866731537644327,0.95300721538664,"multidrug resistance protein 1-like, transcript variant X1","liver"
"LOC115143880",466.046848081895,-0.00511685798027647,0.084725702080527,0.834753992307759,0.942624393217894,"histone H1.0-B-like","liver"
"LOC115147158",58.9035006248875,-0.0051614074951533,0.0827642933970999,0.866451164241288,0.95300721538664,"microtubule-associated serine/threonine-protein kinase 3-like, transcript variant X1","liver"
"dnah17",155.847501123392,-0.00517400328254886,0.0867644098004742,0.791579615722592,0.926075391590294,"dynein axonemal heavy chain 17","liver"
"LOC115117335",75.438781206341,-0.00519040590143463,0.0855820583506348,0.829838840554264,0.941916768058809,"phosphatidylinositol 4-kinase type 2-alpha-like, transcript variant X1","liver"
"LOC115135880",91.0565437310671,-0.00524796490170186,0.0774341955206901,0.889359662163613,0.963515465885521,"nuclear receptor-interacting protein 1-like, transcript variant X1","liver"
"cpn1",659.533720141058,-0.00525082958068717,0.0730325204753114,0.879536825334001,0.958297808089117,"carboxypeptidase N subunit 1, transcript variant X4","liver"
"snx9",325.037855140729,-0.0052661613016583,0.0602103924894917,0.904798957960429,0.96898595708006,"sorting nexin 9, transcript variant X1","liver"
"vamp3",78.8658166239879,-0.00527250971427152,0.0649647412696215,0.904521308504585,0.96898595708006,"vesicle associated membrane protein 3","liver"
"LOC115128135",104.446556652564,-0.00530755816577463,0.0714159276225477,0.900206325902837,0.966098205471291,"elongin-C","liver"
"LOC115112906",116.839134358874,-0.00531426248473279,0.0808389544178162,0.874941762411677,0.956872182342365,"transcription factor MafF-like, transcript variant X1","liver"
"LOC115110793",81.7787135970706,-0.00531636691981738,0.0821884165928137,0.86575281686721,0.952959352295638,"semaphorin-5B-like, transcript variant X3","liver"
"LOC115138480",64.534655459099,-0.00533591589631994,0.0727495456843485,0.898064776614209,0.966098205471291,"sushi domain-containing protein 6-like, transcript variant X1","liver"
"LOC115130331",207.377438503381,-0.00543746158131261,0.0822706634458592,0.86191682459368,0.951562731267769,"cytochrome P450 2F3-like","liver"
"LOC115106445",763.694863548331,-0.00544466556133388,0.0839245546679194,0.868224615335265,0.95348334027682,"glucose-6-phosphatase-like","liver"
"LOC115138626",2431.04228266076,-0.00547346281909384,0.0708762324598084,0.890851618992229,0.96392651951482,"apolipoprotein B-100-like, transcript variant X2","liver"
"LOC115113034",147.877758631296,-0.00549522569520015,0.088765615147171,0.506728111695085,0.757363748897249,"glutathione S-transferase 3-like","liver"
"pgam1",79.7905046819372,-0.00552489356606075,0.0751686420540781,0.896139092603409,0.966098205471291,"phosphoglycerate mutase 1","liver"
"LOC115138326",58.5590627366075,-0.00559646369976293,0.0844643709380678,0.83273893549228,0.942624393217894,"disintegrin and metalloproteinase domain-containing protein 17-like, transcript variant X2","liver"
"LOC115102046",109.675189852509,-0.00565414647758343,0.0616084400881373,0.898247999228214,0.966098205471291,"RNA-binding protein 39-like, transcript variant X2","liver"
"LOC115119587",1197.74527366528,-0.00566403877347334,0.0749981619071971,0.88749011428644,0.962845277037937,"40S ribosomal protein S7-like","liver"
"LOC115104996",58.6819669056819,-0.00572636104579678,0.0798131462976306,0.871033540399048,0.95424581463412,"methionine-R-sulfoxide reductase B2, mitochondrial-like","liver"
"LOC115146236",73.7559288116174,-0.00573961345684855,0.0781618146381806,0.87767357890644,0.957803884236319,"rRNA-processing protein FCF1 homolog","liver"
"LOC115102686",59.5854516793373,-0.00576415705024286,0.0801264791380635,0.875378586745034,0.95709311147338,"rRNA 2'-O-methyltransferase fibrillarin-like","liver"
"LOC115144095",60.5023748731345,-0.00578918282124259,0.0843370065665239,0.831013689406539,0.942624393217894,"protein quaking-B-like, transcript variant X2","liver"
"LOC115134234",420.77985529676,-0.00580680766977816,0.0679465373973533,0.89464694714399,0.965981710346729,"mucosa-associated lymphoid tissue lymphoma translocation protein 1-like","liver"
"oip5",109.651823195131,-0.00582817665115642,0.0798206420269554,0.868568116400351,0.95348334027682,"Opa interacting protein 5, transcript variant X2","liver"
"LOC115118153",232.216221312544,-0.00592089607139491,0.0864215334677252,0.779388741896191,0.921915924490754,"protein Tob1-like","liver"
"LOC115111494",72.3604173467079,-0.00594106870483877,0.0756933906085005,0.880914923591971,0.958774159829339,"eIF-2-alpha kinase activator GCN1-like","liver"
"LOC115119901",92.8700940194394,-0.00597190668229959,0.0834261871116079,0.837719152169733,0.942961127218176,"collagen alpha-2(I) chain-like, transcript variant X1","liver"
"LOC115112162",507.502885081803,-0.00599061550170228,0.0742051603474725,0.878227773635179,0.957895746678349,"ankyrin repeat domain-containing protein 11-like, transcript variant X1","liver"
"LOC115123999",89.6275767260305,-0.00600504240991845,0.0824076750586722,0.847210681732082,0.947128562462964,"14-3-3 protein eta-like","liver"
"LOC115138046",10597.7156846746,-0.0060406086794718,0.0765758781114711,0.856637087408381,0.950459740511379,"ceruloplasmin-like","liver"
"LOC115106893",81.6208309459656,-0.00605100377203492,0.0796891146211318,0.857279324682146,0.950563255550715,"calumenin-A, transcript variant X1","liver"
"nfia",89.6935649655104,-0.0060799679884351,0.0798279581191095,0.863142892136974,0.952143553004142,"nuclear factor I A, transcript variant X2","liver"
"LOC115142182",1025.19351337337,-0.00609568114151011,0.0820150309028642,0.847917004273279,0.947398494906219,"peptidyl-prolyl cis-trans isomerase FKBP5-like","liver"
"LOC115107575",65.9896392656522,-0.00611118200357062,0.0871848756590915,0.738487952981939,0.900342680539803,"ammonium transporter Rh type A-like","liver"
"sc5d",626.967009967756,-0.00619674475781866,0.0841711310538422,0.816604131536048,0.936544299420634,"sterol-C5-desaturase, transcript variant X1","liver"
"LOC115115466",60.5175635327717,-0.00619756032155066,0.0819352256264913,0.886947655443877,0.962645667671134,"pseudokinase FAM20A-like, transcript variant X1","liver"
"LOC115113239",84.9997031844923,-0.00630014897171545,0.0703497735123557,0.882967434347605,0.960238864034375,"zinc finger SWIM domain-containing protein 8-like, transcript variant X2","liver"
"LOC115144780",331.556351300069,-0.00634283769277187,0.0713707314630912,0.891256050611583,0.964108190629727,"peroxisomal succinyl-coenzyme A thioesterase-like","liver"
"LOC115132979",159.407147744224,-0.00637604925007294,0.0884010201242329,0.595217082876483,0.814949556534949,"cystine/glutamate transporter-like","liver"
"LOC115109156",85.1547470058956,-0.00641902950001195,0.0704337093757326,0.880698851324188,0.958774159829339,"small integral membrane protein 7","liver"
"LOC115105942",59.3210313361721,-0.00650509244397515,0.0780643614672866,0.862149452053943,0.951562731267769,"heterogeneous nuclear ribonucleoprotein K-like, transcript variant X1","liver"
"LOC115109436",66.8826583626034,-0.00654231774453822,0.0717547165812138,0.877158328263091,0.957803884236319,"ras and EF-hand domain-containing protein-like, transcript variant X1","liver"
"serpind1",4337.25068189198,-0.00654783943630318,0.0727193517839919,0.995621215326019,0.997947905722678,"serpin family D member 1, transcript variant X2","liver"
"LOC115115711",167.066432468952,-0.00658373218587269,0.0812576694314006,0.842924617471615,0.944668886668767,"complement C4-B-like","liver"
"LOC115122811",507.102435956547,-0.0066314857708538,0.0709379378457342,0.829489457040634,0.941916768058809,"heterogeneous nuclear ribonucleoprotein A1-like, transcript variant X5","liver"
"amdhd1",100.909992247292,-0.00671052465463597,0.0852013701931894,0.831130149768314,0.942624393217894,"amidohydrolase domain containing 1","liver"
"LOC115105594",80.3271153309711,-0.0068186827359415,0.0701355817720049,0.872630687201191,0.955370045939311,"nuclear pore complex protein Nup98-Nup96-like, transcript variant X1","liver"
"LOC115137941",881.544601938288,-0.00685966744432602,0.0766738005414263,0.859910440586741,0.951562731267769,"calpain-1 catalytic subunit-like, transcript variant X2","liver"
"LOC115107632",68.6506500769519,-0.00686588200309251,0.075521191898992,0.86265160559965,0.951859216140815,"cell cycle control protein 50A-like, transcript variant X2","liver"
"LOC115137919",213.74861715076,-0.00690543092973397,0.0828844378496118,0.820980270854534,0.93908726733479,"protein NDRG2-like, transcript variant X1","liver"
"LOC115134304",71.5149579380496,-0.00694772273099875,0.0744188318162683,0.864114071499893,0.952484128639539,"PSME3-interacting protein-like, transcript variant X2","liver"
"LOC115144984",69.3099335373556,-0.0069572855760969,0.0871771011999242,0.710184032365917,0.884150921173939,"C3 and PZP-like alpha-2-macroglobulin domain-containing protein 8","liver"
"LOC115135831",59.7995515358943,-0.00697460031636833,0.0764372667871927,0.859597537552319,0.951562731267769,"serrate RNA effector molecule homolog","liver"
"LOC115109029",748.395649875139,-0.00704661403910816,0.0746643334743191,0.861044747659514,0.951562731267769,"26S proteasome non-ATPase regulatory subunit 1, transcript variant X2","liver"
"LOC115121063",58.2461666111947,-0.00712645780295846,0.0804944031949281,0.836475081027753,0.942624393217894,"interferon-induced 35 kDa protein homolog","liver"
"LOC115111409",77.2813586524827,-0.00716288630083432,0.0880513538875605,0.626208235353388,0.837135049950938,"prolactin receptor-like","liver"
"LOC115141357",22188.3898136526,-0.00719304251190613,0.0817755933665189,0.851391899751904,0.948625660083242,"C-type lectin domain family 4 member E-like","liver"
"LOC115107270",82.9982888428995,-0.00726609119431417,0.0804705726045863,0.836346085195639,0.942624393217894,"leucine-rich alpha-2-glycoprotein-like","liver"
"LOC115136630",57.5826685747744,-0.00727946856309777,0.0729743633331479,0.85439725927804,0.949433813745171,"nuclear fragile X mental retardation-interacting protein 2-like, transcript variant X1","liver"
"LOC115140935",72.1134169472392,-0.00728245575501724,0.0876894357205226,0.661944302525644,0.855448629389513,"squalene monooxygenase-like","liver"
"LOC115143366",103.142944399655,-0.00729822283869142,0.0736866638056568,0.857238976600341,0.950563255550715,"WD repeat-containing protein 1-like","liver"
"zfp36l1",408.582353542517,-0.0073242090469568,0.0771533254371108,0.848712228337542,0.947507817776998,"ZFP36 ring finger protein like 1","liver"
"LOC115122861",95.1997768566514,-0.00733375219362987,0.0644085842011116,0.868531852406581,0.95348334027682,"cip1-interacting zinc finger protein-like, transcript variant X3","liver"
"acot7",115.848325099186,-0.00733632565520916,0.0722681853476558,0.861645962928963,0.951562731267769,"acyl-CoA thioesterase 7, transcript variant X3","liver"
"LOC115137108",76.8391157591645,-0.00738741721553882,0.0813919815526434,0.822937833604392,0.939436400348969,"latexin-like, transcript variant X3","liver"
"LOC115117856",82.2295927065582,-0.00739917330342687,0.0847912903737737,0.77964843536294,0.921915924490754,"serum paraoxonase/arylesterase 2-like","liver"
"LOC115104047",172.823484967626,-0.00745417518948618,0.0858934645870294,0.748718482123894,0.904230083892442,"pyruvate dehydrogenase (acetyl-transferring) kinase isozyme 2, mitochondrial-like","liver"
"LOC115103917",61.5050275129818,-0.00745957600299346,0.0852720837855788,0.767672335427523,0.915725033421885,"cytochrome P450 2D14-like","liver"
"LOC115102780",304.146903296115,-0.00750531075709946,0.0764103228698674,0.848633931574174,0.947507817776998,"matrix metalloproteinase-14-like","liver"
"LOC115121575",120.11782260501,-0.00752164950479579,0.0755732093800529,0.850674619202807,0.948603966979719,"ubiquitin carboxyl-terminal hydrolase 16-like","liver"
"kiaa0232",291.647157505708,-0.00758380164721292,0.0856603281777337,0.747809126370239,0.904230083892442,"KIAA0232 ortholog, transcript variant X1","liver"
"LOC115139046",260.854098023738,-0.00762172455167793,0.0878828898204466,0.630945041591134,0.83995494027948,"probable E3 ubiquitin-protein ligase TRIML1","liver"
"LOC115146158",73.0334090853909,-0.0076377632567191,0.0748246965411528,0.850857728969051,0.948603966979719,"hypoxia-inducible factor 1-alpha","liver"
"LOC115142970",3194.67829172259,-0.00764204156475704,0.0735495719743027,0.808161599091442,0.93184347323811,"peptidyl-prolyl cis-trans isomerase FKBP5-like","liver"
"LOC115104890",205.984976151694,-0.00765008931440392,0.0755241666466218,0.848209665466633,0.947465770469168,"melanoma receptor tyrosine-protein kinase-like","liver"
"zc3h11a",92.8773490039999,-0.00767968368433969,0.0697800541810688,0.859215582807977,0.951562731267769,"zinc finger CCCH-type containing 11A, transcript variant X5","liver"
"LOC115120521",98.1933673345894,-0.0076852030434761,0.077310161356995,0.841318886589866,0.944167340787526,"signal peptidase complex catalytic subunit SEC11A","liver"
"LOC115124951",174.180833932255,-0.00777578611482374,0.0783437307972901,0.835555867040227,0.942624393217894,"RNA polymerase-associated protein RTF1 homolog, transcript variant X1","liver"
"LOC115105527",171.151488724268,-0.00779473919941952,0.0726971702436069,0.852457419473069,0.948625660083242,"nuclear receptor corepressor 1-like, transcript variant X1","liver"
"LOC115133407",151.132320232751,-0.00779534388685448,0.0784102815356302,0.834213910021293,0.942624393217894,"H(+)/Cl(-) exchange transporter 3, transcript variant X4","liver"
"LOC115128714",133.57559559909,-0.00783742017908189,0.0867007582873069,0.709397262455096,0.883441259323853,"protein NDRG1-like, transcript variant X1","liver"
"LOC115143779",67.5760444412453,-0.0078612499079297,0.0786561722258157,0.829496431747468,0.941916768058809,"probable peptidyl-tRNA hydrolase 2","liver"
"LOC115129214",85.0341293683207,-0.00787452142291441,0.0754493435080071,0.844602788903752,0.945322995919874,"serine/arginine repetitive matrix protein 1-like, transcript variant X2","liver"
"LOC115130338",76.9539624776285,-0.00795650143946945,0.0695821682198658,0.853602320413341,0.949253705605705,"protein scribble homolog","liver"
"LOC115132968",81.8879231986142,-0.0080176497377065,0.0759222270238999,0.840139887788197,0.94362363808892,"protein SCAF11-like, transcript variant X1","liver"
"LOC115136999",63.4126479297236,-0.0081194937734394,0.0761915593573331,0.837896146475434,0.942961127218176,"unconventional myosin-Ic-like","liver"
"LOC115124538",78.4939217331793,-0.00819190910450315,0.0833550803004604,0.778882077090003,0.921915924490754,"amyloid-like protein 2","liver"
"st5",131.479929825356,-0.00821450501948506,0.0831988895113761,0.78557457082707,0.923832068866456,"suppression of tumorigenicity 5, transcript variant X3","liver"
"LOC115110395",197.060132757984,-0.00822787049277271,0.0861445625830054,0.719296253712782,0.889788021284765,"hemoglobin subunit beta-like","liver"
"LOC115101318",67.8942218330165,-0.00823219382448395,0.0824236709559189,0.794838750645208,0.926970743241736,"peptidyl-prolyl cis-trans isomerase FKBP2-like","liver"
"LOC115133526",148.731786313049,-0.00829057305644781,0.0723786574375911,0.844025225944365,0.945322995919874,"dnaJ homolog subfamily C member 3-like","liver"
"LOC115105937",62.627789413236,-0.00830163159446248,0.0669584737221544,0.850628327653412,0.948603966979719,"E3 ubiquitin-protein ligase Praja-2-like, transcript variant X1","liver"
"LOC115130335",446.931095927102,-0.00834456035941804,0.0712089246040545,0.84468213581042,0.945322995919874,"protein CDV3 homolog","liver"
"ndufa3",68.5725052877257,-0.00837544052403531,0.0725226849002196,0.842287403340058,0.944524807811806,"NADH:ubiquinone oxidoreductase subunit A3, transcript variant X1","liver"
"LOC115117337",75.7609916927975,-0.00840300827081901,0.0836586468992298,0.774493916540629,0.919288644094235,"phosphoglycerate mutase 1-like","liver"
"LOC115106044",160.156881123407,-0.00847361674132226,0.0695278551410014,0.845148654651115,0.945341908989557,"ornithine decarboxylase antizyme 2-like","liver"
"LOC115126711",1273.52703798489,-0.00848137903855307,0.0876589127104023,0.62859284742318,0.838672486447425,"complement factor H-like","liver"
"LOC115139811",279.194217248193,-0.00849477028853176,0.082568549631604,0.78697445354196,0.923982559860941,"AN1-type zinc finger protein 5-like, transcript variant X1","liver"
"itpr1",276.073686308,-0.00856733151239444,0.0888106421624016,0.429352564921559,0.697735722521961,"inositol 1,4,5-trisphosphate receptor type 1, transcript variant X1","liver"
"LOC115139444",191.217674341599,-0.00858851470633592,0.071067119635729,0.838393308400066,0.942961127218176,"mannosyl-oligosaccharide 1,2-alpha-mannosidase IA-like","liver"
"LOC115126837",2170.91889310131,-0.00861693653471058,0.0806239320115512,0.800227510188014,0.929850269135189,"BCL2/adenovirus E1B 19 kDa protein-interacting protein 3-like","liver"
"LOC115131480",71.8880963276428,-0.00867298383586937,0.0821475015552374,0.786826299418604,0.923982559860941,"CMP-N-acetylneuraminate-beta-galactosamide-alpha-2,3-sialyltransferase 1-like, transcript variant X1","liver"
"LOC115110364",107.070373194122,-0.00867907141569324,0.0864832683860477,0.688215067250899,0.870358242046126,"hemoglobin subunit alpha-like, transcript variant X1","liver"
"LOC115123381",98.9803447223122,-0.008695351205172,0.0693122040724513,0.838837468571688,0.943200419833986,"probable E3 ubiquitin-protein ligase TRIM8","liver"
"LOC115135342",113.417464018566,-0.00870165505918236,0.0814819241579319,0.794392102052025,0.926714999417303,"prominin-1-A-like","liver"
"LOC115111608",73.447977448858,-0.00875734022356654,0.0737026952077643,0.832243628721028,0.942624393217894,"ubiquitin-conjugating enzyme E2 D4, transcript variant X1","liver"
"LOC115105034",99.2680261351077,-0.00876159038128897,0.0687400831706204,0.84078236416271,0.943876503285907,"U2 snRNP-associated SURP motif-containing protein-like, transcript variant X1","liver"
"LOC115119706",110.818266140499,-0.00881862880422896,0.0690616957238122,0.839927078110248,0.94362363808892,"catenin alpha-1-like","liver"
"LOC115106241",82.071653815817,-0.00882824708166183,0.0754393973925042,0.826263680098226,0.940567903027087,"plectin-like, transcript variant X5","liver"
"LOC115139502",114.69176269438,-0.00884613511053137,0.0761135997224824,0.823144501974329,0.939436400348969,"serine/arginine-rich splicing factor 3, transcript variant X1","liver"
"LOC115104222",148.475006944752,-0.00885362682809509,0.086557336822558,0.686241129171159,0.869229610243837,"hemoglobin subunit alpha-4","liver"
"pck1",1897.5219468036,-0.008881914931337,0.0884138243211633,0.524000049648591,0.768244644532764,"phosphoenolpyruvate carboxykinase 1","liver"
"LOC115121177",185.059843238025,-0.00890255685606317,0.0767864559088572,0.81631431700403,0.936475416861364,"beta-2 adrenergic receptor-like, transcript variant X2","liver"
"LOC115131796",78.1258543698235,-0.00891018238260848,0.0830156273990315,0.773956727086147,0.919152526966405,"plexin-A1-like","liver"
"LOC115145155",535.888903164244,-0.00894371147844204,0.0709639582919799,0.836976819074645,0.942929108498688,"plasminogen activator inhibitor 1 RNA-binding protein-like, transcript variant X3","liver"
"rpf1",61.5853400527714,-0.00901976545063073,0.0817282284606422,0.785309360976892,0.923786711498358,"ribosome production factor 1 homolog","liver"
"pcdh1",208.160582961927,-0.00902847319222294,0.0794062966892436,0.806123508030475,0.931458852222038,"protocadherin 1, transcript variant X1","liver"
"LOC115139445",109.218678611193,-0.00902937872496018,0.0882825178245288,0.000582180994728829,0.0466002202576675,"protein broad-minded-like, transcript variant X5","liver"
"LOC115139812",299.107204537341,-0.00903846682297935,0.082237584224379,0.778564934689265,0.921915924490754,"protein OS-9-like, transcript variant X2","liver"
"LOC115126848",62.544285079947,-0.00905468817734586,0.0879240503523262,0.585928441373782,0.807384829966036,"thrombospondin-4-B-like","liver"
"LOC115113815",73.6474310401144,-0.00906419242953803,0.0846173528816041,0.718243275600719,0.889565357444099,"fatty acid synthase-like","liver"
"LOC115105571",139.963072433106,-0.00910102036210355,0.0830302918759357,0.76711570534605,0.91559695900161,"dolichyl-diphosphooligosaccharide--protein glycosyltransferase subunit STT3A-like","liver"
"LOC115114090",91.5924635366624,-0.00910430027053673,0.0770179766306092,0.815145469616742,0.936475416861364,"disks large homolog 1-like, transcript variant X4","liver"
"LOC115140904",581.32956368339,-0.00913660370761619,0.0701934136502794,0.831856212679877,0.942624393217894,"LIM domain and actin-binding protein 1-like, transcript variant X2","liver"
"eif4ebp2",95.2106894547962,-0.00920596092009642,0.0699884135172064,0.831396851757009,0.942624393217894,"eukaryotic translation initiation factor 4E binding protein 2","liver"
"tmco1",217.354978740132,-0.0092061843547355,0.0734413005682764,0.824815794105395,0.939616874447622,"transmembrane and coiled-coil domains 1","liver"
"LOC115107130",79.9620832782426,-0.00924940570866371,0.0664829667626936,0.834033314139711,0.942624393217894,"ubiquitin-conjugating enzyme E2 N-like","liver"
"LOC115140366",126.515013991933,-0.00927656314153038,0.071590786691911,0.819886658152398,0.938523137052342,"terminal uridylyltransferase 7-like","liver"
"ubxn4",223.277958175552,-0.00944732378336568,0.068805466291771,0.832176753599316,0.942624393217894,"UBX domain protein 4, transcript variant X2","liver"
"LOC115143439",60.8182671815416,-0.00945963377347048,0.0761195692688187,0.811695894988946,0.934596742365803,"T-cell leukemia translocation-altered gene protein homolog, transcript variant X2","liver"
"LOC115111626",64.9335237694259,-0.00946131870848809,0.0739581820872221,0.819005995738289,0.938506730005416,"CAP-Gly domain-containing linker protein 1-like, transcript variant X2","liver"
"LOC115124847",123.033296554899,-0.00960457145795292,0.0856555555499824,0.701119998186108,0.878501417954681,"fatty acid desaturase 2-like","liver"
"LOC115130155",63.5612689267842,-0.00961164581974714,0.0765580062245662,0.80737098255654,0.931458852222038,"ranBP-type and C3HC4-type zinc finger-containing protein 1-like, transcript variant X1","liver"
"fam50a",71.6632209981586,-0.00961960600809029,0.0779261830067323,0.800957874125036,0.929850269135189,"family with sequence similarity 50 member A","liver"
"LOC115103021",258.157675735485,-0.00964198281920757,0.0846568324993819,0.724460004710479,0.89172023206053,"glutamine synthetase","liver"
"LOC115141038",215.955407578844,-0.00968179117028892,0.069881443695014,0.823282919050466,0.939436400348969,"cytosolic 5'-nucleotidase 3, transcript variant X1","liver"
"LOC115142781",151.8592831287,-0.00968694146086795,0.0714793883913233,0.819999023742955,0.938523137052342,"phosphatidate phosphatase LPIN2-like, transcript variant X3","liver"
"LOC115138072",80.8923947459916,-0.00974311558396583,0.0679688466148065,0.824472939807,0.939616874447622,"thyroid receptor-interacting protein 6-like, transcript variant X3","liver"
"LOC115145182",74.8159035423998,-0.00974917582708737,0.0681803922389785,0.824764467143036,0.939616874447622,"ecotropic viral integration site 5 protein homolog, transcript variant X3","liver"
"LOC115144448",328.214451973481,-0.00978420726072771,0.0686465920527051,0.8227882338239,0.939436400348969,"Na(+)/H(+) exchange regulatory cofactor NHE-RF1-like","liver"
"stra6",304.146645775558,-0.00982436233857212,0.0717951535176274,0.803684991146981,0.931458852222038,"stimulated by retinoic acid 6, transcript variant X2","liver"
"LOC115133226",148.939021957671,-0.00984274501082248,0.0830099416528882,0.726393585150645,0.893146381017807,"regulator of nonsense transcripts 2-like, transcript variant X2","liver"
"LOC115128318",687.039560411682,-0.00991167040336686,0.0758665194829585,0.804247969540404,0.931458852222038,"60S ribosomal protein L11, transcript variant X2","liver"
"ralgapa2",162.914484750877,-0.00996589542939422,0.0831190976433824,0.746628116295077,0.904116518722144,"Ral GTPase activating protein catalytic alpha subunit 2, transcript variant X1","liver"
"LOC115143449",76.6138118943252,-0.00998207771892346,0.0709386174474327,0.816156026175705,0.936475416861364,"guanine nucleotide-binding protein G(I)/G(S)/G(T) subunit beta-1-like","liver"
"LOC115110237",93.5933877504949,-0.00999148845167771,0.0728246587361427,0.812515765866751,0.935012496237401,"LIM and SH3 domain protein 1-like","liver"
"apom",93.3277918063711,-0.00999157126706973,0.0817125942413308,0.763893867702415,0.91335623489441,"apolipoprotein M","liver"
"LOC115107027",103.114518848149,-0.0100309721280852,0.0787749553627985,0.790153304562341,0.925478410746007,"neuroepithelial cell-transforming gene 1 protein-like","liver"
"LOC115112533",88.5672227898634,-0.0100640957289673,0.0723127077170862,0.812182213461335,0.93489260154431,"eukaryotic translation initiation factor 4 gamma 2-like","liver"
"kpna4",355.969623023495,-0.0101022357251121,0.0741785099471015,0.807316009883631,0.931458852222038,"karyopherin subunit alpha 4","liver"
"nol7",111.497626427847,-0.0101196234415592,0.0683733486557574,0.817564469308894,0.937381934431238,"nucleolar protein 7","liver"
"LOC115133559",239.075737159058,-0.0101353539305093,0.0791240336361924,0.788566311317473,0.925310532724739,"U2 small nuclear ribonucleoprotein A'-like, transcript variant X1","liver"
"LOC115128506",344.978137351908,-0.0101996394951876,0.0869441095717469,0.632198203201304,0.840182548499679,"type-4 ice-structuring protein-like","liver"
"LOC115113591",392.45627802696,-0.0102308868254221,0.0707961573087795,0.809652087404277,0.932770465873327,"sorbitol dehydrogenase-like, transcript variant X1","liver"
"LOC115142710",238.110346227805,-0.0103017599656681,0.0791195301604744,0.735034906723767,0.898620959749872,"protein bicaudal D homolog 2-like, transcript variant X4","liver"
"LOC115112975",297.817165709842,-0.0103076966007932,0.0770394128242306,0.792984633828265,0.926075391590294,"G-protein coupled receptor family C group 5 member C-like, transcript variant X1","liver"
"LOC115103172",105.971286437464,-0.0103412548099931,0.0627568433341719,0.816141294089177,0.936475416861364,"ras-related protein Rab-2A","liver"
"LOC115139689",78.3367923275671,-0.0103746576479461,0.0882427784557238,0.521109260044562,0.765972356271776,"MAP kinase-activated protein kinase 5, transcript variant X4","liver"
"LOC115126625",162.584197190956,-0.0104078733870921,0.0866980579092936,0.640092941808582,0.843720700940341,"uncharacterized LOC115126625, transcript variant X2","liver"
"LOC115114520",2758.48544324582,-0.0104182915283229,0.0869246965294965,0.627679071331513,0.838001930804863,"insulin-like growth factor-binding protein 1","liver"
"LOC115139183",14347.0798480926,-0.010419134835154,0.0878476135800083,0.56087068148086,0.787367733880117,"alpha-1-antitrypsin homolog","liver"
"LOC115144985",94.0322379572444,-0.0104259424056368,0.082357490879474,0.747589998280907,0.904230083892442,"ankyrin repeat domain-containing protein 24-like","liver"
"LOC115146833",108.076280855462,-0.0104722775281162,0.0828556068786511,0.649697637973909,0.849588569901076,"uncharacterized LOC115146833","liver"
"LOC115127564",58.1758432156607,-0.0105089324832311,0.0888351936642115,0.422125447917225,0.693432360397224,"protein shisa-5-like, transcript variant X2","liver"
"LOC115102944",1551.20716776906,-0.0105135757592148,0.0749438573075955,0.798137300460721,0.929753540062275,"5-beta-cholestane-3-alpha,7-alpha-diol 12-alpha-hydroxylase-like","liver"
"LOC115142049",297.222478295634,-0.010533360686781,0.0870052962783372,0.621009245795672,0.834839606155395,"type-4 ice-structuring protein LS-12-like","liver"
"LOC115122005",1107.0310265508,-0.0105399768617339,0.0847087772945391,0.705293055921954,0.881223048482612,"uncharacterized LOC115122005","liver"
"gmppb",66.1914024622151,-0.0105953445061038,0.0806472672645481,0.760712203034244,0.912227990458246,"GDP-mannose pyrophosphorylase B","liver"
"LOC115117528",60.7335777684005,-0.0106064038995033,0.0740414178812178,0.797373614572085,0.92912946054769,"AKT-interacting protein, transcript variant X1","liver"
"LOC115146762",98.3405466520599,-0.0107116285151405,0.0690936332781898,0.806169469647361,0.931458852222038,"gephyrin-like","liver"
"LOC115107029",59.8367789485677,-0.0107169522890017,0.0828190231097461,0.734500325825917,0.898462032230135,"transcription termination factor 1-like, transcript variant X1","liver"
"LOC115103680",59.5387944626024,-0.0107192362767569,0.0679050121358649,0.921240229304524,0.974558830689136,"stromal membrane-associated protein 1-like","liver"
"LOC115142811",105.23369001824,-0.0107375866242841,0.0783907096244238,0.774910421155381,0.919515247927025,"myotubularin-related protein 14-like, transcript variant X2","liver"
"LOC115124927",158.515074445309,-0.0107561759885306,0.0829944325154687,0.731506963691065,0.897947443519878,"mesencephalic astrocyte-derived neurotrophic factor-like","liver"
"LOC115134836",225.326374192794,-0.0107653230577187,0.0824843754918122,0.73795765384581,0.900310743517266,"hepatocyte growth factor receptor-like","liver"
"LOC115125528",76.0633600411601,-0.0107842316093618,0.0768245183237976,0.78385562665651,0.923409113945646,"U2 snRNP-associated SURP motif-containing protein-like, transcript variant X6","liver"
"LOC115112929",73.3227053464767,-0.0108152430823516,0.0797290544263001,0.7656968508057,0.914267973129301,"probable low-specificity L-threonine aldolase 2, transcript variant X2","liver"
"LOC115128715",75.1397233334449,-0.0108825093553465,0.0887740665467006,0.430863812140652,0.698290615620397,"WNT1-inducible-signaling pathway protein 1-like","liver"
"LOC115104102",95.1663661004823,-0.010926720323277,0.0702659371872071,0.80081243739258,0.929850269135189,"prohibitin-like, transcript variant X2","liver"
"LOC115106848",76.3648466367409,-0.0110211325084837,0.0670765527752518,0.802886709729752,0.931293747540828,"lysine-specific demethylase 5A-like, transcript variant X1","liver"
"LOC115112150",209.838213921035,-0.0110212047466224,0.0645973042219092,0.804151142478254,0.931458852222038,"B-cadherin-like","liver"
"LOC115112315",252.74459787466,-0.0110321715040279,0.0844346801543034,0.700886856532626,0.878479344165739,"cytochrome P450 2D15-like","liver"
"LOC115105510",352.381558702535,-0.0111905997636638,0.0862856621041299,0.640242425909832,0.843720700940341,"complement C3-like","liver"
"LOC115129450",143.766251625072,-0.0112511973102199,0.0834056975920205,0.714067704085905,0.886819001174329,"histidine--tRNA ligase, cytoplasmic-like, transcript variant X2","liver"
"LOC115105371",88.1216813019984,-0.0113479998718277,0.0846573920766331,0.676935698795034,0.86413714634781,"histone H2A-like","liver"
"LOC115115367",86.1262560899624,-0.0113822314648026,0.0666368177205078,0.797211892286438,0.92912946054769,"transformer-2 protein homolog alpha-like","liver"
"LOC115138084",727.279437610437,-0.0114139822510041,0.070966022490498,0.781010986852043,0.922724864466356,"protein transport protein Sec24D-like, transcript variant X2","liver"
"LOC115128846",64.6375244327695,-0.011471594823311,0.0712683619575996,0.788966414543978,0.925310532724739,"M-phase phosphoprotein 8-like, transcript variant X4","liver"
"LOC115132931",61.9295109371222,-0.0115033597231576,0.0791076270616421,0.756750024282594,0.908746723189786,"ADP-ribosylation factor GTPase-activating protein 3-like","liver"
"LOC115115089",193.998507791756,-0.0115939221012229,0.0811955740030922,0.800381491319289,0.929850269135189,"phosphatidylinositol 4-kinase type 2-alpha","liver"
"gpatch4",115.602505892261,-0.0116695930800357,0.0760344755713987,0.820171593272925,0.938523137052342,"G-patch domain containing 4, transcript variant X1","liver"
"LOC115127657",122.632497738273,-0.0117031456568823,0.0846216459788286,0.680085545420814,0.866529754027896,"translocon-associated protein subunit gamma-like","liver"
"LOC115126136",187.613032745842,-0.0117080020461299,0.0860187694607528,0.639734357536023,0.843720700940341,"endothelial lipase-like, transcript variant X2","liver"
"LOC115129513",137.600652523813,-0.0117716585436604,0.0799384208684492,0.737949215142623,0.900310743517266,"signal recognition particle subunit SRP72-like, transcript variant X3","liver"
"LOC115133057",244.513436507199,-0.0117858056367587,0.072268966049887,0.782040097075546,0.922986466899473,"NEDD4 family-interacting protein 2-like, transcript variant X2","liver"
"LOC115128529",59.1614062395934,-0.011804608440501,0.0831102985290381,0.705886470386587,0.881223048482612,"nuclear migration protein nudC-like","liver"
"LOC115119445",59.6343171437623,-0.011811508981936,0.0707654086331187,0.784618343307064,0.923773647406006,"uncharacterized LOC115119445","liver"
"LOC115139449",947.895876335841,-0.0118681082063086,0.0748610838799867,0.771665668290943,0.918070421469318,"serine incorporator 1-like","liver"
"map3k19",83.1440917153806,-0.0119070979320607,0.0847863476661553,0.672460152371807,0.861687651672654,"mitogen-activated protein kinase kinase kinase 19, transcript variant X1","liver"
"LOC115107494",87.5518204253413,-0.011936398964848,0.0822209190440588,0.719534703884731,0.889812940847744,"forkhead box protein N3-like","liver"
"LOC115112268",63.4953836436396,-0.0119766728348867,0.0730619149062337,0.776476182351414,0.920837043719629,"SAFB-like transcription modulator","liver"
"LOC115104749",231.1702873369,-0.0120064585501195,0.0872478470160363,0.574916798546469,0.800328166282585,"cryptic protein-like","liver"
"LOC115122446",464.371097053194,-0.0121229969514023,0.0790527785987164,0.745182730606692,0.903439860188245,"solute carrier family 2, facilitated glucose transporter member 2-like, transcript variant X1","liver"
"LOC115134357",65.6237122249183,-0.0122990543929342,0.072876108574258,0.765685205860825,0.914267973129301,"NEDD4-like E3 ubiquitin-protein ligase WWP2, transcript variant X2","liver"
"LOC115116794",83.7972489477296,-0.0123671066154654,0.0825508666252777,0.707872416665602,0.882287726690895,"transmembrane emp24 domain-containing protein 10-like","liver"
"LOC115101892",64.8106092234677,-0.0124622669332591,0.0752013746987915,0.760449584366801,0.912181431983249,"disks large-associated protein 4-like","liver"
"LOC115105023",175.114923349354,-0.0124929346140693,0.0795424270853616,0.738843063490866,0.900342680539803,"T-complex protein 1 subunit epsilon-like","liver"
"LOC115135598",64.5489005142331,-0.0126070723625257,0.0793372314028137,0.734684483175427,0.898462032230135,"U2 snRNP-associated SURP motif-containing protein-like, transcript variant X2","liver"
"LOC115136136",221.348990935882,-0.0126096216304034,0.0760862856703261,0.753736635450343,0.907065404811219,"phosphatidylinositol-binding clathrin assembly protein-like, transcript variant X5","liver"
"LOC115104220",102.207786656062,-0.0126113604051301,0.0867755060273243,0.588914957668031,0.809584272328801,"hemoglobin subunit beta","liver"
"LOC115113279",143.826755858125,-0.0126214749206952,0.0727037957597109,0.754087809251538,0.907220162487977,"ras-related protein ORAB-1-like","liver"
"LOC115121375",127.305243975957,-0.0126289071090267,0.0875698691348737,0.542901702522441,0.775242068292631,"squalene monooxygenase-like","liver"
"enpp4",74.6257502879244,-0.0126520419989775,0.0703332516055462,0.771090218234894,0.918070421469318,"ectonucleotide pyrophosphatase/phosphodiesterase 4, transcript variant X1","liver"
"LOC115145021",994.184912156593,-0.0126711840785814,0.0692421180021785,0.733660513417479,0.898462032230135,"sulfhydryl oxidase 1-like","liver"
"LOC115103792",571.831697185516,-0.0126713024314675,0.0822180351015168,0.694975077307992,0.875647114407225,"protein disulfide-isomerase-like","liver"
"cpt2",61.2752624806218,-0.0126912764754953,0.0749285892507357,0.756917351626429,0.908746723189786,"carnitine palmitoyltransferase 2","liver"
"LOC115138421",86.7294171777349,-0.0127077913779241,0.0774281105581911,0.745452330134609,0.903497977290712,"transmembrane protein 50A-like","liver"
"LOC115103327",717.481950953896,-0.0127100646846487,0.0874822373628962,0.553622610220876,0.782250760109554,"coagulation factor XIII B chain-like, transcript variant X1","liver"
"fcho2",99.5948395851745,-0.0127373612127615,0.0691607658537941,0.771243072054832,0.918070421469318,"FCH domain only 2, transcript variant X1","liver"
"LOC115140200",65.2783660515309,-0.0127580335070115,0.0706893891093108,0.762299176029512,0.913298839610409,"la-related protein 4-like, transcript variant X1","liver"
"LOC115129550",408.224094258357,-0.0129811366053932,0.0884398487553414,0.460255196281218,0.718606378374628,"tryptophan 2,3-dioxygenase A-like","liver"
"hectd1",106.402635597754,-0.0130506430544991,0.0689409401469816,0.76561922240706,0.914267973129301,"HECT domain E3 ubiquitin protein ligase 1, transcript variant X1","liver"
"prpf40a",106.739395416476,-0.0131815486256899,0.0692610082653519,0.763293887251839,0.91335623489441,"pre-mRNA processing factor 40 homolog A, transcript variant X3","liver"
"LOC115108057",118.156234076999,-0.013208441121299,0.084144706898102,0.659968970383128,0.854759755834176,"glutaminase kidney isoform, mitochondrial-like, transcript variant X5","liver"
"LOC115110859",100.079076573614,-0.0132274196146643,0.0803800041554873,0.713985880179833,0.886819001174329,"uncharacterized LOC115110859","liver"
"LOC115106764",64.5362891779795,-0.0132407560552013,0.0695893337075123,0.762501460057464,0.913298839610409,"protein IWS1 homolog, transcript variant X3","liver"
"LOC115113322",66.224091321379,-0.0132644851214674,0.0758175124984636,0.744063780025792,0.902888945336447,"echinoderm microtubule-associated protein-like 4, transcript variant X3","liver"
"LOC115106032",116.777007968324,-0.0132842479814303,0.0744045737796213,0.749212105388829,0.904290358769579,"AF4/FMR2 family member 1-like, transcript variant X1","liver"
"LOC115118567",109.763668483273,-0.0133075138037553,0.0886606275183401,0.433230184015149,0.699899417378417,"heat shock protein HSP 90-alpha 1, transcript variant X2","liver"
"LOC115131629",113.199438140293,-0.0133611253739011,0.079853912653195,0.717201279483824,0.888814963568278,"protein capicua homolog","liver"
"LOC115128539",123.890065664614,-0.0133797790702461,0.0772046678659176,0.734271082990909,0.898462032230135,"phosphatase and actin regulator 4A-like, transcript variant X2","liver"
"LOC115142908",106.305820334255,-0.0134267816018161,0.0610128308896736,0.763081659673995,0.91335623489441,"synaptophysin-like protein 1","liver"
"hnrnpk",72.5508629550334,-0.013441394165389,0.073804526329274,0.74850379707117,0.904230083892442,"heterogeneous nuclear ribonucleoprotein K, transcript variant X1","liver"
"LOC115140887",66.2067235634261,-0.0134725809504347,0.0793413152035235,0.717667824084639,0.889122811844678,"serine protease hepsin-like","liver"
"LOC115139412",68.5616974042703,-0.0134739497767204,0.0743956194800771,0.763173462301953,0.91335623489441,"RNA polymerase II subunit A C-terminal domain phosphatase SSU72, transcript variant X1","liver"
"LOC115126024",146.397093480542,-0.0134981521748947,0.0755256992373918,0.740699315651686,0.900731349373448,"forkhead box protein A2-like","liver"
"LOC115137178",179.66507365096,-0.0135393183645338,0.0648747249753943,0.761782741873175,0.912974553329921,"protein IWS1 homolog","liver"
"LOC115145962",101.507597437519,-0.0135797924377971,0.0743563230221568,0.743891872189414,0.902888945336447,"MAGUK p55 subfamily member 5-A-like, transcript variant X3","liver"
"LOC115131902",78.0603017944428,-0.0135927904616943,0.0821305961624693,0.68595578042828,0.869229610243837,"proteasome subunit alpha type-7-like","liver"
"LOC115144815",96.9604136409858,-0.0136163019851009,0.0830367821106604,0.67417122698334,0.861687651672654,"5-hydroxyisourate hydrolase-like, transcript variant X1","liver"
"LOC115126443",664.346506857086,-0.0136431168633314,0.073855314237203,0.745715662357313,0.903511155280486,"xanthine dehydrogenase/oxidase-like","liver"
"LOC115144016",119.884410640141,-0.0136541320683798,0.0622449340344568,0.822321631630055,0.939436400348969,"Golgi to ER traffic protein 4 homolog","liver"
"tex15",133.119109482237,-0.0136831916196638,0.0746905618011709,0.741755920388815,0.900893066598573,"testis expressed 15, meiosis and synapsis associated, transcript variant X3","liver"
"LOC115109291",254.617912234493,-0.0136941626248343,0.0745746711833471,0.741641931931597,0.900893066598573,"group XV phospholipase A2-like","liver"
"LOC115144030",73.2640197978637,-0.0137676054839663,0.0875007443373884,0.529064819398769,0.769709401192759,"protein FRA10AC1","liver"
"LOC115123225",199.616758785709,-0.0137894214569972,0.088090249637752,0.483106279587753,0.738739799392718,"pancreatic progenitor cell differentiation and proliferation factor B-like","liver"
"LOC115119968",3127.08066493603,-0.0137895536317105,0.0826729380192408,0.673583907621057,0.861687651672654,"L-rhamnose-binding lectin CSL1, transcript variant X1","liver"
"LOC115125648",140.388184242226,-0.0138615687830792,0.0851910635674539,0.621878413876168,0.834934682276343,"cysteine-rich and transmembrane domain-containing protein 1-like","liver"
"LOC115143987",111.526694030889,-0.0138995352259423,0.0725090663846595,0.744806611747795,0.903252528855702,"progranulin-like, transcript variant X2","liver"
"farsb",80.8128051067529,-0.0139462146206218,0.081525824275971,0.687126701119673,0.869791439057077,"phenylalanyl-tRNA synthetase subunit beta","liver"
"LOC115111727",69.7737366315065,-0.014034465286894,0.0799969859553276,0.704217137129585,0.880757609984716,"B-cell linker protein-like","liver"
"LOC115142398",252.978628429685,-0.0141571975130451,0.0748821759234354,0.733633592844017,0.898462032230135,"protein transport protein Sec23B","liver"
"LOC115107555",2497.41300028562,-0.0141640143240722,0.0863286659932543,0.532114698473948,0.769709401192759,"apolipoprotein B-100-like","liver"
"LOC115132375",136.36694533626,-0.0141672576446943,0.0639759788916117,0.750705617785712,0.905556702602712,"ubiquitin-conjugating enzyme E2 variant 1, transcript variant X2","liver"
"LOC115132228",271.749484987833,-0.0141962343035422,0.0671932745546768,0.749470348790798,0.9043342633722,"cold shock domain-containing protein E1-like, transcript variant X14","liver"
"LOC115118068",88.5947568746489,-0.0142687902991411,0.0801181913396676,0.69668804173252,0.877041253895053,"cyclin-G1-like, transcript variant X1","liver"
"abhd6",380.008149291958,-0.0142873797263614,0.0800340607124366,0.687911528751597,0.870358242046126,"abhydrolase domain containing 6, transcript variant X1","liver"
"LOC115135011",81.2795874093418,-0.0143114305719327,0.0724284707068572,0.737790043376221,0.900310743517266,"zinc transporter 6-like, transcript variant X1","liver"
"LOC115114581",159.382967600925,-0.0143706673658721,0.0820312567999755,0.673442786556717,0.861687651672654,"ubiquitin carboxyl-terminal hydrolase 14-like, transcript variant X2","liver"
"LOC115102993",573.156500794175,-0.014381142079858,0.0900383487517869,0.165422051512598,0.458057256769939,"insulin-like growth factor-binding protein 1","liver"
"LOC115102269",93.8913200803476,-0.0143967377063591,0.0699253005668128,0.741180801226336,0.900731349373448,"cyclin-dependent kinase 11B-like, transcript variant X10","liver"
"LOC115144726",245.886270681119,-0.0145437737581199,0.0805826693120369,0.686256350776415,0.869229610243837,"nucleobindin-2-like","liver"
"LOC115118267",258.30255853564,-0.0145449796172478,0.0862021863545775,0.577433196180249,0.80164090859356,"monocarboxylate transporter 1-like","liver"
"LOC115139814",823.344427694992,-0.0146267792635563,0.0782453814272125,0.669962929785634,0.860626820613377,"guanine deaminase-like, transcript variant X3","liver"
"LOC115111672",75.0976138968376,-0.0146613313693836,0.0829421952173705,0.655059170160934,0.853670707268556,"mitochondrial sodium/calcium exchanger protein-like, transcript variant X1","liver"
"LOC115141622",34058.433620456,-0.0146712740941151,0.0828817325967622,0.627644781084781,0.838001930804863,"apolipoprotein A-I-2","liver"
"LOC115103749",88.5534481399631,-0.0147698022318472,0.0716541470713059,0.73458583924957,0.898462032230135,"puromycin-sensitive aminopeptidase-like, transcript variant X3","liver"
"LOC115128567",65.0433590182741,-0.0147866326059817,0.0766913049742881,0.712166329613655,0.885807128320189,"septin-7-like, transcript variant X3","liver"
"LOC115119919",353.366700624002,-0.0148840605935534,0.0771641227358481,0.711310892090466,0.885013185641251,"peptidyl-prolyl cis-trans isomerase A-like","liver"
"LOC115113608",204.213404387759,-0.014894596267473,0.0654298524795027,0.739440488526634,0.900342680539803,"ATP-dependent RNA helicase DDX3X-like, transcript variant X6","liver"
"LOC115113302",128.232035302616,-0.0149490616496377,0.0848000256486039,0.61211740248114,0.828900509140573,"cullin-9-like, transcript variant X2","liver"
"LOC115108549",303.546534056673,-0.0150819826464064,0.0662031671393402,0.72266626122742,0.89071293642666,"plasminogen activator inhibitor 1 RNA-binding protein-like, transcript variant X3","liver"
"LOC115129140",137.616015445427,-0.0151122338283892,0.0873553137367109,0.51648229714998,0.762093304551333,"kinesin-like protein KIF26A","liver"
"LOC115101281",70.392176917002,-0.0151295571309541,0.0815651064086388,0.666132102973214,0.858682622301968,"nucleophosmin-like, transcript variant X2","liver"
"LOC115113439",116.191067392898,-0.0152115732323202,0.0802051359698737,0.685075402877033,0.869229610243837,"alpha-(1,3)-fucosyltransferase 9-like","liver"
"pawr",132.203053316925,-0.0152480674982072,0.0722337329780462,0.72001765917646,0.890140120959434,"pro-apoptotic WT1 regulator, transcript variant X2","liver"
"LOC115142378",80.4475463175024,-0.0152517231004783,0.0720368707125723,0.722603512585403,0.89071293642666,"double-stranded RNA-binding protein Staufen homolog 1-like","liver"
"LOC115143982",63.8417628777072,-0.0152954371526678,0.0805640532145853,0.674062923183415,0.861687651672654,"NACHT, LRR and PYD domains-containing protein 12-like, transcript variant X2","liver"
"LOC115143211",102.714811341985,-0.0153134689094031,0.0714508801149877,0.723780811720015,0.891278123435282,"F-actin-capping protein subunit beta isoforms 1 and 2, transcript variant X1","liver"
"arglu1",57.3254170815453,-0.0153661585266576,0.0762756413553552,0.704477716719258,0.880813243358189,"arginine and glutamate rich 1, transcript variant X1","liver"
"LOC115113722",122.47282259133,-0.0153804373508954,0.066600948818543,0.730193127225213,0.897006385343571,"nucleobindin-2-like, transcript variant X2","liver"
"LOC115102681",258.19156259638,-0.015385505862217,0.084180000126932,0.618337178096239,0.83344654031755,"translocon-associated protein subunit delta-like","liver"
"farp1",69.2137064143858,-0.0154834139335075,0.0814036898722468,0.662370417586139,0.855456851103011,"FERM, ARH/RhoGEF and pleckstrin domain protein 1, transcript variant X4","liver"
"LOC115128393",93.6504567212165,-0.0155420761968184,0.0819246129217588,0.652989282571343,0.851877000584101,"zinc transporter Slc39a7-like","liver"
"LOC115120318",87.8233564373026,-0.0155455835971958,0.0702879067654423,0.72217278636838,0.890643351660368,"far upstream element-binding protein 1-like, transcript variant X1","liver"
"acoxl",194.335061130707,-0.0156743923968001,0.0820131047085158,0.649155174465734,0.849294294651073,"acyl-CoA oxidase like, transcript variant X1","liver"
"LOC115101599",104.131667589013,-0.015684919623887,0.0875621388266753,0.49759329540529,0.751459900730628,"uncharacterized LOC115101599","liver"
"LOC115108054",242.311849811114,-0.0158120386945654,0.0650045674004958,0.723454240989387,0.891145205884781,"profilin-2-like, transcript variant X1","liver"
"LOC115139927",70.1950151998292,-0.0159106500941727,0.0679835747904036,0.720426061342459,0.890374962411117,"ras-related protein Rab-35","liver"
"LOC115104886",249.674863858019,-0.0159369363641012,0.0751773460550084,0.700362776294829,0.878359688644006,"aspartyl/asparaginyl beta-hydroxylase-like, transcript variant X9","liver"
"LOC115123914",127.0998564339,-0.015965489353091,0.067812089329294,0.719268994665432,0.889788021284765,"ras-related protein Rab-5A, transcript variant X5","liver"
"LOC115145611",333.310232945521,-0.0160280211122663,0.084717371657136,0.594579324577704,0.814623639320579,"F-box/WD repeat-containing protein 7-like, transcript variant X1","liver"
"slc7a2",186.338147574011,-0.0160422946588155,0.0801708144655334,0.646770837173842,0.847664930006617,"solute carrier family 7 member 2, transcript variant X1","liver"
"LOC115128415",255.786529420827,-0.0161308581237795,0.0721767624626011,0.707961116763087,0.882287726690895,"ectonucleotide pyrophosphatase/phosphodiesterase family member 2-like, transcript variant X2","liver"
"LOC115113640",84.5156389550144,-0.0161422136000752,0.0729464077756039,0.705467306379975,0.881223048482612,"ubiquitin carboxyl-terminal hydrolase 47-like, transcript variant X4","liver"
"cdc73",90.613793090769,-0.0161598614488524,0.0776038616110114,0.684490557360077,0.869229610243837,"cell division cycle 73","liver"
"LOC115101583",148.975068187766,-0.0162154737674302,0.0748633191464588,0.69766039657049,0.877944975739833,"eukaryotic translation initiation factor 4 gamma 1-like","liver"
"LOC115123893",62.0782673190236,-0.0162361309084157,0.0885274442251745,0.426305468836032,0.696720565748062,"phosphatidate phosphatase LPIN1-like","liver"
"LOC115138070",382.461068993888,-0.0164027389570068,0.0793346220303606,0.66479930251644,0.857778397295667,"dolichyl-diphosphooligosaccharide--protein glycosyltransferase subunit 1-like","liver"
"LOC115129745",285.909334403197,-0.0165506983363946,0.0831620572593594,0.616673339073312,0.832304811279079,"ribose-phosphate pyrophosphokinase 2, transcript variant X1","liver"
"LOC115118093",354.320791864899,-0.0165965066731317,0.0872169877063654,0.501212276750026,0.753658039245653,"hydroxymethylglutaryl-CoA synthase, cytoplasmic-like, transcript variant X5","liver"
"LOC115130809",1458.63064979247,-0.016629628024011,0.0879846632297055,0.460008369316646,0.718606378374628,"tryptophan 2,3-dioxygenase A-like, transcript variant X1","liver"
"LOC115129233",834.032994264742,-0.0166334630903428,0.0814344966508269,0.639737794563368,0.843720700940341,"phospholipase A and acyltransferase 4-like, transcript variant X2","liver"
"clip1",149.60596999308,-0.0166518934548806,0.06525345700852,0.704965927593147,0.88115336426546,"CAP-Gly domain containing linker protein 1, transcript variant X4","liver"
"LOC115111587",700.205990786498,-0.0167190031682267,0.0779062597982141,0.676557870140035,0.86413714634781,"bone morphogenetic protein 1-like, transcript variant X1","liver"
"LOC115118112",100.924704080863,-0.0167557924312623,0.0825107883411985,0.624284839079046,0.83632234990038,"deoxyribonuclease gamma-like","liver"
"LOC115138738",213.94722109059,-0.0168064413998896,0.0741382999376755,0.689944180017421,0.871193456552357,"trifunctional enzyme subunit alpha, mitochondrial-like","liver"
"LOC115126322",67.0856043414136,-0.0168597902060031,0.0704974065579251,0.700194376338132,0.878359688644006,"tyrosine-protein phosphatase non-receptor type 11","liver"
"LOC115145981",207.825192646143,-0.0168700280183775,0.0859287462051732,0.576707833049419,0.801179661727823,"HHIP-like protein 1","liver"
"LOC115125676",114.406205508419,-0.0168896758703667,0.0808537433619286,0.643589270247621,0.845234929698462,"RING finger protein 145-like, transcript variant X5","liver"
"fam32a",254.968051009287,-0.0169143600063857,0.084053090482021,0.594963245513051,0.814875735454031,"family with sequence similarity 32 member A","liver"
"LOC115110758",154.911282549928,-0.0169154141763174,0.0868969245143103,0.509314413404983,0.759314392479411,"very-long-chain (3R)-3-hydroxyacyl-CoA dehydratase 2-like","liver"
"LOC115146240",114.064805554159,-0.0169605897981544,0.075069919953724,0.683819194415673,0.869229610243837,"zinc finger FYVE domain-containing protein 1-like","liver"
"LOC115136696",166.060322559046,-0.0169793957977739,0.0844457140766257,0.586906291989422,0.80818582640165,"vacuole membrane protein 1-like","liver"
"LOC115137976",57.4164186093456,-0.0170440217950155,0.0687549152672138,0.69927155619184,0.878359688644006,"apoptotic chromatin condensation inducer in the nucleus-like","liver"
"LOC115124380",182.646688598126,-0.0170566405894188,0.080086439626121,0.633235647940922,0.840906442733589,"uncharacterized LOC115124380","liver"
"LOC115120569",154.858859048416,-0.0170980880612663,0.0653167259489709,0.703207893951252,0.879799605594775,"clathrin interactor 1-like","liver"
"LOC115129674",512.787778942577,-0.0171263641705051,0.0867668034470873,0.514706071279347,0.761263014833398,"formimidoyltransferase-cyclodeaminase-like","liver"
"LOC115139170",234.535761752448,-0.0171276889376412,0.082383799324106,0.618968503088732,0.833751071465621,"matrix remodeling-associated protein 8-like","liver"
"LOC115129446",189.059293298143,-0.0172124918959556,0.0861509094466074,0.531862589470175,0.769709401192759,"N-alpha-acetyltransferase 15, NatA auxiliary subunit-like","liver"
"LOC115146152",500.513901031112,-0.0172127000748751,0.079549028387819,0.65939821788135,0.854596863619836,"estrogen receptor beta-like, transcript variant X5","liver"
"LOC115143446",234.461070509288,-0.0172724482110955,0.0774669565910298,0.65807169862884,0.854366108435857,"hepatocyte growth factor-like protein","liver"
"LOC115122370",114.698932081435,-0.0172948359733467,0.0835982570440358,0.598030978420785,0.817155302729842,"AN1-type zinc finger protein 5-like","liver"
"LOC115129349",4661.95843477038,-0.0173438505598806,0.0741013716151416,0.688501145213812,0.870449959023418,"fructose-bisphosphate aldolase B-like","liver"
"LOC115119478",104.243518175249,-0.0173679026033986,0.067128381453384,0.696727080498573,0.877041253895053,"heterogeneous nuclear ribonucleoprotein A/B-like, transcript variant X1","liver"
"LOC115106381",1663.38534339368,-0.0173803039924496,0.0899925609099047,0.262172014557481,0.559917519583386,"retinol-binding protein 4-B","liver"
"cwf19l2",65.1281396161455,-0.0174219856137671,0.0809335735544232,0.634440591161338,0.84167206276547,"CWF19 like cell cycle control factor 2","liver"
"LOC115112896",58.6859635625137,-0.0174748332070109,0.0807418113081493,0.636098880176668,0.842071788113056,"aquaporin-8-like, transcript variant X2","liver"
"LOC115127662",266.75147635617,-0.0175546938100148,0.0830387118751278,0.607323485027586,0.825425316763068,"filaggrin-2-like","liver"
"LOC115110577",108.360521231845,-0.01757110134005,0.0674689153369437,0.693244429304083,0.874547908958045,"interleukin enhancer-binding factor 3 homolog, transcript variant X1","liver"
"LOC115114216",90.740341170011,-0.0175760709727062,0.0825675808178183,0.609334445324568,0.82682320995247,"calponin-2-like","liver"
"LOC115146867",131.885398801568,-0.0175778203557162,0.0823246066761346,0.613436689490233,0.82985992245675,"superoxide dismutase [Cu-Zn]-like","liver"
"dync1h1",215.090719153435,-0.0176033832148416,0.0760389871704247,0.667388606414431,0.859180422952549,"dynein cytoplasmic 1 heavy chain 1, transcript variant X1","liver"
"LOC115136228",153.601169049842,-0.0176223308503255,0.0662210295792574,0.693934587469228,0.874877011606734,"protein YIPF5-like","liver"
"LOC115140103",110.268916252231,-0.0176379585597867,0.0811117304238332,0.62755784048778,0.838001930804863,"AP-1 complex subunit beta-1-like, transcript variant X2","liver"
"LOC115132060",436.273703905455,-0.017643892025034,0.0902300102326938,0.234855052855645,0.529170367849425,"intelectin","liver"
"LOC115111779",68.227898043735,-0.0176715889350377,0.0799862992294323,0.636420472998959,0.842223976605116,"erlin-2-like, transcript variant X3","liver"
"LOC115121439",95.066630745818,-0.0177335372445903,0.0704031579124524,0.685104190836644,0.869229610243837,"solute carrier family 41 member 2-like","liver"
"gk5",135.522587972879,-0.0177346332335933,0.0777895111225247,0.656833177315843,0.853715571026587,"glycerol kinase 5","liver"
"LOC115136672",81.3689160880933,-0.0178256742810018,0.0783117441626563,0.650635824416671,0.850542533778816,"vasodilator-stimulated phosphoprotein-like, transcript variant X1","liver"
"LOC115121148",82.1025589129331,-0.0178931192284426,0.0688474546697805,0.686681830861863,0.869498335692126,"3-hydroxy-3-methylglutaryl-coenzyme A reductase-like","liver"
"LOC115102360",172.152432453306,-0.0180786721711798,0.0863297670282983,0.518120840171043,0.763177648504688,"protein SET-like, transcript variant X1","liver"
"LOC115145790",440.990484281707,-0.0182338817309357,0.0896701042583555,0.315859414259028,0.602661842209239,"fibrinogen gamma chain-like, transcript variant X2","liver"
"LOC115131812",82.0914045476614,-0.0182389009099427,0.0785621441588038,0.638953687760209,0.843720700940341,"vitamin D3 receptor B-like","liver"
"LOC115108211",174.81224731205,-0.0182926211716967,0.0674930555022527,0.682078359684994,0.867983576046218,"unconventional myosin-IXb-like, transcript variant X3","liver"
"LOC115110344",414.46933285408,-0.0184624820247216,0.0857367573445865,0.523087472511304,0.767220056839177,"isocitrate dehydrogenase [NADP] cytoplasmic-like, transcript variant X1","liver"
"LOC115110586",106.316629372756,-0.0184697114370094,0.0887405723595876,0.394510294077776,0.670009982775424,"serine/threonine-protein kinase N1-like, transcript variant X3","liver"
"LOC115104218",174.683928974352,-0.0186077914219585,0.0876851922341895,0.457760038591955,0.718606378374628,"hemoglobin subunit beta-1-like","liver"
"LOC115105656",118.157400513539,-0.0186526102154,0.0709162041355881,0.670960843399482,0.861216977405008,"THO complex subunit 2-like, transcript variant X2","liver"
"LOC115107121",95.0978340782127,-0.0186641002707119,0.0719971318618239,0.668108842513728,0.859180422952549,"protein SCAF11-like, transcript variant X1","liver"
"LOC115135660",166.820708160277,-0.018799835363399,0.0672050980466573,0.673872215531348,0.861687651672654,"cofilin-2-like","liver"
"snap29",155.083302081495,-0.0188404756678547,0.0782810829954538,0.611919413773632,0.828900509140573,"synaptosome associated protein 29, transcript variant X1","liver"
"LOC115120772",120.136946784711,-0.0189111841256566,0.0697864597064075,0.668759821788717,0.859352154353975,"protein phosphatase 1B-like, transcript variant X1","liver"
"LOC115122031",95.1798336096767,-0.018959849591094,0.0860277248079207,0.516097597456751,0.762093304551333,"transmembrane protein 132D-like","liver"
"LOC115144978",88.6968552498805,-0.0189747012691855,0.0722459100938214,0.660959684858002,0.854759755834176,"inhibitor of growth protein 5-like","liver"
"LOC115134485",61.0033840633006,-0.0190443527410729,0.0830099989645005,0.579208944291484,0.803012128208193,"ATP-sensitive inward rectifier potassium channel 11-like","liver"
"LOC115133284",104.007898094212,-0.0190622491977514,0.0834918482453441,0.572621333140377,0.79867092571223,"rho GTPase-activating protein 6-like, transcript variant X1","liver"
"LOC115136313",445.652817971861,-0.0191291842974385,0.0849181301183484,0.539168568038787,0.773215962598105,"GDH/6PGL endoplasmic bifunctional protein-like, transcript variant X1","liver"
"tjap1",145.937874517474,-0.0192117872434419,0.0799174128596937,0.615516071205207,0.831484038380346,"tight junction associated protein 1, transcript variant X3","liver"
"slc25a33",80.1765082635096,-0.0192977974175211,0.0829884717283786,0.57631482411864,0.801094440886155,"solute carrier family 25 member 33","liver"
"LOC115114484",554.078169111323,-0.0193521313225727,0.0752941858873249,0.678463772180879,0.865274823344575,"glutamine synthetase","liver"
"rab3il1",79.3227323225395,-0.0193759102226126,0.0751549826388454,0.644039235236863,0.845234929698462,"RAB3A interacting protein like 1, transcript variant X1","liver"
"lss",192.255979426224,-0.0193951623696611,0.0880812134816577,0.432352746050036,0.699591025367188,"lanosterol synthase","liver"
"LOC115137137",60.5086881542305,-0.0194183638316046,0.0847507238351162,0.541975147190503,0.774575981749119,"serine/threonine-protein kinase SIK2-like, transcript variant X1","liver"
"LOC115131622",121.839985643435,-0.0194238031345181,0.0779525575765219,0.631367164364363,0.83995494027948,"tubulin beta chain","liver"
"LOC115138736",93.7155276000843,-0.0194865597018524,0.0896033330087738,0.329714787295756,0.613285735480822,"cysteine-rich protein 2-like","liver"
"LOC115102434",148.23597192058,-0.0195183919438367,0.0728661000750759,0.651649248858273,0.851277775554999,"DAZ-associated protein 2-like","liver"
"LOC115129609",74.1509595525121,-0.0195543532621433,0.065246651120367,0.662182428454944,0.855456851103011,"amyloid-beta A4 protein-like, transcript variant X1","liver"
"atg4c",65.2541047712577,-0.0195720556757436,0.0727287887745059,0.652309164906117,0.851624063141288,"autophagy related 4C cysteine peptidase","liver"
"LOC115111550",65.6206564338991,-0.0199531745138221,0.0860559853958429,0.50284526998487,0.755472657743579,"phosducin-like protein 3","liver"
"LOC115105927",70.5392427231152,-0.0200081204716264,0.0750397212508025,0.635489344214573,0.84167206276547,"heterogeneous nuclear ribonucleoprotein D-like, transcript variant X1","liver"
"LOC115138153",65.5281036912049,-0.0200404048968648,0.0733247534728732,0.641404327668771,0.844705667068792,"DNA-directed RNA polymerase II subunit RPB1-like","liver"
"LOC115132933",163.193607724064,-0.0200458524929734,0.0699389938561712,0.651824812931097,0.851277775554999,"protein kinase C and casein kinase substrate in neurons protein 2-like, transcript variant X3","liver"
"LOC115138680",110.414421685793,-0.0201103383275978,0.081623177120908,0.572178537193836,0.79867092571223,"tectonin beta-propeller repeat-containing protein 2-like, transcript variant X2","liver"
"ccdc186",65.0120173241549,-0.0201423566338369,0.074653836358719,0.635437923848572,0.84167206276547,"coiled-coil domain containing 186, transcript variant X4","liver"
"LOC115118691",221.025542637952,-0.0201871279788065,0.0835306126532117,0.554471726733044,0.782250760109554,"long-chain-fatty-acid--CoA ligase 4-like, transcript variant X2","liver"
"LOC115121421",78.7333222891779,-0.0202198693411233,0.0836700856812156,0.550851504195,0.780469839198218,"phosphatidylinositol 3-kinase regulatory subunit alpha, transcript variant X2","liver"
"LOC115107902",62.7125693121742,-0.0202214162570111,0.0720987371882693,0.642651992233716,0.844861624160791,"RNA-binding protein 25-like, transcript variant X2","liver"
"LOC115145225",103.118841101284,-0.0203286022098963,0.0689512572249269,0.647571671838758,0.848441701836959,"protein arginine N-methyltransferase 1-like, transcript variant X4","liver"
"LOC115105211",95.6510218941189,-0.0204222003971765,0.085716459342292,0.505300836894426,0.757363748897249,"solute carrier family 23 member 1-like","liver"
"LOC115132415",93.7826035630614,-0.0204373473503779,0.0887690429313783,0.388361063792927,0.664550670033573,"transmembrane protein 269-like, transcript variant X2","liver"
"LOC115144992",7419.34707789734,-0.0204812311859946,0.0721856179293889,0.633361820213964,0.840906442733589,"leucine-rich repeat-containing protein 7-like","liver"
"LOC115102242",85.3619310118486,-0.0205639054016958,0.0715880522659031,0.638937290188235,0.843720700940341,"bile acid receptor-like, transcript variant X4","liver"
"LOC115135218",63.1485475999857,-0.0205793063208169,0.0836160869753734,0.546027997599217,0.777429785420277,"ATP-dependent RNA helicase DDX18-like","liver"
"LOC115142689",346.665410993086,-0.0205905103605316,0.0711947754675771,0.642973689437383,0.844861624160791,"ribosome-binding protein 1-like, transcript variant X1","liver"
"LOC115106130",107.572916060847,-0.0206102380231244,0.0833304337464941,0.551661902344417,0.780469839198218,"PRKC apoptosis WT1 regulator protein-like","liver"
"LOC115103726",126.695069809172,-0.0206762427449535,0.0841818439183863,0.536095272021858,0.773111844948287,"probable C-mannosyltransferase DPY19L1","liver"
"LOC115131713",120.046622907604,-0.0206772547841895,0.0839980610727694,0.539724335955472,0.773215962598105,"inter-alpha-trypsin inhibitor heavy chain H3-like","liver"
"LOC115141171",65.7930392094466,-0.0208588893473874,0.0741230810331271,0.626019941300031,0.837135049950938,"carboxy-terminal domain RNA polymerase II polypeptide A small phosphatase 2-like","liver"
"LOC115109273",64.2874842622867,-0.0208749768380582,0.0639910713528424,0.64293410825301,0.844861624160791,"serine/threonine-protein phosphatase 6 regulatory subunit 3-like, transcript variant X5","liver"
"LOC115144026",86.7561241443194,-0.0209565593127138,0.0841767100648564,0.532149433896269,0.769709401192759,"serine-rich coiled-coil domain-containing protein 2-like, transcript variant X2","liver"
"LOC115113025",136.971396765389,-0.0210783949370429,0.084327147618751,0.531749739716198,0.769709401192759,"chitin synthase chs-2-like, transcript variant X1","liver"
"LOC115113160",503.600256729456,-0.0211261598705266,0.0852325512598975,0.502257571232821,0.754867942605081,"GDNF family receptor alpha-1-like","liver"
"LOC115140205",135.020730261769,-0.0211487497699364,0.0777289563625732,0.603371434765267,0.823348499532383,"putative aminopeptidase W07G4.4","liver"
"LOC115104113",89.276020988477,-0.0211906568380964,0.0835977330197072,0.540031877188277,0.773215962598105,"protein phosphatase 1 regulatory subunit 1B-like","liver"
"LOC115121388",253.956716978784,-0.0212971334865742,0.089482050937064,0.342934836748511,0.62401625361105,"large neutral amino acids transporter small subunit 4-like","liver"
"LOC115119830",109.426573017854,-0.0213887056901441,0.0847011854090064,0.516513641809251,0.762093304551333,"mRNA decay activator protein ZFP36L1-like","liver"
"LOC115117122",64.1377758420124,-0.0214144747251723,0.0882185838265927,0.410958739944776,0.684259732032233,"gamma-adducin-like","liver"
"LOC115136850",154.773626366626,-0.021428366413859,0.0737163888934364,0.618972213507107,0.833751071465621,"stAR-related lipid transfer protein 13-like","liver"
"LOC115141503",441.72193063051,-0.0214966194859511,0.0763167346084602,0.604703040867837,0.824337657049266,"inositol-trisphosphate 3-kinase C-like, transcript variant X1","liver"
"hpgd",1458.40323373016,-0.0215129422166235,0.0791351773862149,0.588193259397433,0.809137943065791,"15-hydroxyprostaglandin dehydrogenase","liver"
"LOC115110596",436.525385446528,-0.021588895815308,0.082946093572807,0.538290615989312,0.773215962598105,"myosin-9-like","liver"
"LOC115116515",609.340402517305,-0.0215920407831704,0.0805476849530175,0.564410336220171,0.790019412923563,"cytochrome P450 2K1-like","liver"
"LOC115136947",74.0356717370399,-0.021592278376755,0.0797887839287468,0.581031769503001,0.804064514063545,"ribosome biogenesis protein NOP53-like","liver"
"LOC115141698",175.601461812574,-0.0216103463772168,0.0831395525351444,0.540262527855393,0.773215962598105,"alpha-2-macroglobulin-like, transcript variant X2","liver"
"LOC115141221",448.920486424979,-0.0216276627154834,0.0844749955835643,0.516600539861465,0.762093304551333,"complement C3-like","liver"
"LOC115121791",193.965464017439,-0.021707100861233,0.0893595810364901,0.350311066459397,0.630783215180331,"proline-rich transmembrane protein 4-like","liver"
"LOC115104119",114.119846060415,-0.0217187097393559,0.0729232400283708,0.617526071712907,0.832904125844411,"dnaJ homolog subfamily C member 7-like, transcript variant X1","liver"
"LOC115129338",622.724177624851,-0.0217280244556868,0.0834411722983815,0.534068284760337,0.771663356498806,"integral membrane protein 2B-like","liver"
"LOC115130182",176.398154314843,-0.0217623752393834,0.0822463554211761,0.551339421963162,0.780469839198218,"melanoma receptor tyrosine-protein kinase-like, transcript variant X1","liver"
"LOC115124621",83.9500660641371,-0.0217843574987801,0.0699431376632956,0.624596059608525,0.83632234990038,"ankyrin repeat and KH domain-containing protein 1-like","liver"
"LOC115103165",38924.8842615055,-0.0218056058569655,0.0768741624941855,0.84324803232411,0.944771572224594,"serotransferrin","liver"
"LOC115106271",65.7900638810098,-0.0218822844912846,0.0708383348888315,0.621556446056693,0.834934682276343,"NADH dehydrogenase [ubiquinone] 1 alpha subcomplex subunit 12-like","liver"
"miox",72.8614373912429,-0.0219023172121149,0.0873315114823859,0.441972624144834,0.707440917137375,"myo-inositol oxygenase","liver"
"LOC115104053",138.662131827647,-0.0219504290647549,0.0867104793144127,0.460683784876121,0.718617339133207,"chromobox protein homolog 1-like","liver"
"LOC115132199",95.4928172703322,-0.0219975316977544,0.0694963706288366,0.624365402902253,0.83632234990038,"probable ubiquitin carboxyl-terminal hydrolase FAF-X, transcript variant X2","liver"
"LOC115108048",88.0441553852782,-0.0220573401011718,0.0815214846093587,0.556431176426119,0.78369505014266,"nuclear receptor subfamily 5 group A member 2, transcript variant X1","liver"
"abcg8",63.7936843378045,-0.0220768013649789,0.0890599967973898,0.366823296801739,0.646700587268119,"ATP binding cassette subfamily G member 8","liver"
"gata4",121.912375570461,-0.0221027624724308,0.0701390746801871,0.619429866964343,0.83406650311848,"GATA binding protein 4, transcript variant X2","liver"
"LOC115137110",99.1492098990056,-0.0221304772601017,0.0644423783152423,0.6245922465923,0.83632234990038,"coatomer subunit delta-like, transcript variant X2","liver"
"baz2b",117.525640067412,-0.0221559680275141,0.0859011282865724,0.478701871982442,0.733529635413696,"bromodomain adjacent to zinc finger domain 2B, transcript variant X17","liver"
"acp7",250.760487872972,-0.0221626661807754,0.077008676123248,0.592497092352267,0.812590224908425,"acid phosphatase 7, tartrate resistant (putative), transcript variant X1","liver"
"LOC115126934",73.5122567358827,-0.022175848808225,0.0926816865115555,0.0145897789607935,0.162037981046851,"gamma-crystallin M3-like","liver"
"LOC115135119",200.994101419525,-0.0222114016334296,0.0730301842536835,0.609380848819424,0.82682320995247,"apoptosis-stimulating of p53 protein 2-like, transcript variant X3","liver"
"LOC115139781",125.572331483073,-0.0222242940160983,0.0795016700456835,0.573420731521779,0.798791148900468,"myosin light polypeptide 6","liver"
"LOC115110245",84.2928494385985,-0.0223113939993193,0.0889374898305331,0.373732615792509,0.654072194920681,"probable phosphatase phospho1, transcript variant X1","liver"
"LOC115110650",79.6496774247875,-0.0223209380247667,0.0881992869670411,0.405618120803065,0.679349773417028,"cytoglobin-1-like, transcript variant X1","liver"
"gpam",575.342358789654,-0.0224270212157516,0.0831023711577409,0.529731942900769,0.769709401192759,"glycerol-3-phosphate acyltransferase, mitochondrial","liver"
"LOC115116859",63.3802568315864,-0.0224345470805648,0.0832501118900085,0.528153274125663,0.769709401192759,"serine/threonine-protein kinase 19-like","liver"
"LOC115105139",88.9983928985046,-0.0224597170517078,0.0702954430236445,0.613673338658162,0.829904621224509,"ubiquitin-protein ligase E3C-like","liver"
"LOC115112882",78.2033714299517,-0.0225501292366065,0.0894967624920801,0.343880079590991,0.624522353674211,"class A basic helix-loop-helix protein 15-like","liver"
"LOC115139667",147.056366656961,-0.0225666432260328,0.0665214241509087,0.609831716638932,0.826904217238951,"serine/threonine-protein phosphatase 2A 56 kDa regulatory subunit alpha isoform-like","liver"
"LOC115108423",74.0937181626137,-0.0226126036333969,0.0826743296431494,0.53159571351003,0.769709401192759,"cytosolic carboxypeptidase 6-like","liver"
"LOC115121843",58.5078830647717,-0.0226720573916993,0.0839347613835358,0.513667560262974,0.761071964969786,"pleckstrin homology domain-containing family A member 6-like","liver"
"ivns1abp",157.932898228594,-0.022883019849591,0.0811535927440763,0.548798137708986,0.779584923708898,"influenza virus NS1A binding protein, transcript variant X2","liver"
"LOC115141946",92.2737800210708,-0.0228889329147341,0.0817984367905036,0.541500707278726,0.774441011532662,"glycerophosphodiester phosphodiesterase domain-containing protein 5-like, transcript variant X1","liver"
"LOC115111242",522.020593152513,-0.022927440877363,0.0829607834070975,0.525514191299377,0.768773658932616,"excitatory amino acid transporter 1-like","liver"
"LOC115145754",1078.23271410067,-0.0229490772168129,0.0787936009703016,0.563157554220499,0.789350134457618,"ATP-binding cassette sub-family A member 1-like, transcript variant X1","liver"
"LOC115136063",73.4679223694358,-0.0230740530227274,0.0780634339771756,0.572876233830853,0.79867092571223,"40S ribosomal protein S3, transcript variant X6","liver"
"LOC115112747",1101.7297249419,-0.023310067155508,0.0882944566237194,0.391441710453019,0.667530449463005,"membrane transport protein XK-like, transcript variant X1","liver"
"LOC115139197",83.6689661183339,-0.0234954142256182,0.0779386999908777,0.566322236894968,0.791879738450734,"ADP-ribosylation factor 6-like, transcript variant X4","liver"
"LOC115143152",576.01734035906,-0.0234986740038073,0.0872202689946981,0.418541676697799,0.69146125084874,"histone H1x","liver"
"LOC115127112",76.147200548596,-0.0235215659358168,0.0701904413727504,0.598342083741181,0.817306411973543,"programmed cell death protein 10-like","liver"
"LOC115144998",58.8295174389384,-0.0235656779253909,0.0869196172465885,0.439157973978412,0.705835284640182,"formin-binding protein 1-like, transcript variant X4","liver"
"LOC115137359",167.826371450711,-0.0235937240308191,0.0806942489299304,0.544480831573403,0.775980373948668,"membrane-spanning 4-domains subfamily A member 12-like","liver"
"LOC115102228",96.6733704667133,-0.0237092044711664,0.0694574316728861,0.596672122050592,0.81584554494405,"E3 ubiquitin-protein ligase UBR5-like, transcript variant X1","liver"
"LOC115136943",99.6628885594864,-0.0237117180278816,0.0823002578781717,0.525500630779941,0.768773658932616,"serine/arginine-rich splicing factor 7-like, transcript variant X2","liver"
"LOC115138704",62.1070165103728,-0.0240451032343912,0.0703939854508982,0.591033305449048,0.812222438641375,"AT-rich interactive domain-containing protein 4A-like, transcript variant X1","liver"
"ank2",119.645714375361,-0.0240599872301476,0.0907304795681897,0.269643071495814,0.566393768236678,"ankyrin 2, transcript variant X7","liver"
"f5",6675.94711861154,-0.0241006084655351,0.0756530825314132,0.588796334093312,0.809584272328801,"coagulation factor V","liver"
"LOC115145020",297.765417539441,-0.0241007695119086,0.0794306096255059,0.548107601314452,0.779584923708898,"centrosome-associated protein 350-like, transcript variant X2","liver"
"LOC115136001",204.864864212937,-0.024116912254318,0.0803551209764143,0.536515237505965,0.773111844948287,"zinc finger and BTB domain-containing protein 16-A-like, transcript variant X2","liver"
"LOC115111957",143.55807195461,-0.024159263858446,0.0632156455459422,0.591827242417879,0.812590224908425,"splicing factor U2AF 65 kDa subunit-like, transcript variant X1","liver"
"LOC115106409",73.5009676642609,-0.0241717321653362,0.0684646586318391,0.591610852618186,0.812590224908425,"mitogen-activated protein kinase 8, transcript variant X2","liver"
"LOC115135363",132.353096350408,-0.0241960481421637,0.0658572698102113,0.5923649089392,0.812590224908425,"kinesin light chain 1-like, transcript variant X1","liver"
"LOC115137978",65.8137074560088,-0.0241964540750177,0.0804830467534814,0.53926176764917,0.773215962598105,"matrix metalloproteinase-14-like","liver"
"LOC115126414",103.463392333131,-0.0242277212765216,0.0749449311402309,0.5724219981114,0.79867092571223,"RELT-like protein 1","liver"
"LOC115106352",104.86532130531,-0.0242652452351559,0.079210496709455,0.548433788739502,0.779584923708898,"phosphatidylcholine:ceramide cholinephosphotransferase 1-like, transcript variant X3","liver"
"LOC115142820",132.793921959633,-0.0244282746829572,0.0735903147235749,0.575266868140055,0.80054208075755,"ubiquitin-conjugating enzyme E2 variant 1-like","liver"
"LOC115134403",130.032617269628,-0.0244515594608684,0.0703195202203627,0.583959486411043,0.806307204136657,"salivary glue protein Sgs-3-like, transcript variant X1","liver"
"LOC115114541",112.605519393416,-0.024471188569066,0.0822624149707571,0.50557656818656,0.757363748897249,"serine/arginine-rich splicing factor 11-like, transcript variant X2","liver"
"ctso",118.463393415029,-0.0245375140768265,0.0922708181309698,0.146632684772877,0.435493105468807,"cathepsin O, transcript variant X2","liver"
"mogs",66.3539299255568,-0.0245417635144187,0.0822637238752467,0.513980290008497,0.761258598137585,"mannosyl-oligosaccharide glucosidase, transcript variant X1","liver"
"LOC115114347",144.405531856816,-0.0245559520799467,0.0661081659740144,0.583715965983922,0.806244079075048,"integrin beta-1-like","liver"
"LOC115138434",93.6184468431161,-0.0245947515136685,0.0690114547601524,0.584461503426478,0.806453990509927,"KH domain-containing, RNA-binding, signal transduction-associated protein 1-like, transcript variant X1","liver"
"LOC115103502",105.499675290713,-0.024798490366544,0.0809852367853612,0.525104197452182,0.768773658932616,"G patch domain-containing protein 8-like","liver"
"LOC115110600",69.2921947900946,-0.0248313000978586,0.0775796920822336,0.551376384581336,0.780469839198218,"telomerase RNA component interacting RNase-like","liver"
"LOC115131523",81.2061907145801,-0.0249248402775139,0.0643625248107095,0.580708678557064,0.803997477513108,"A-kinase anchor protein 9-like, transcript variant X2","liver"
"LOC115113265",171.873807640078,-0.0250305519217818,0.0685948547774968,0.577031130064376,0.801355668191618,"core histone macro-H2A.2-like, transcript variant X2","liver"
"LOC115132937",194.991350297055,-0.025372613629318,0.0906485764677011,0.280117953828505,0.578106723951892,"dipeptidyl peptidase 4-like","liver"
"LOC115140004",134.278887914708,-0.0254153629512442,0.0866404905793278,0.430805856106818,0.698290615620397,"calcineurin-binding protein cabin-1-like, transcript variant X1","liver"
"LOC115130341",85.2499564161207,-0.0254377969871974,0.083620709520861,0.48523277715446,0.740331409875384,"anion exchange protein 2-like, transcript variant X2","liver"
"LOC115103852",811.783320183589,-0.0254578743882095,0.084392299898038,0.483951532919522,0.73962746463441,"malate dehydrogenase, cytoplasmic-like, transcript variant X1","liver"
"LOC115102893",80.8856138944832,-0.0255177733281849,0.0725242809604708,0.564280069511647,0.790019412923563,"insulin receptor-like","liver"
"LOC115103500",95.8954209112989,-0.02562591736877,0.0824021548688767,0.49954971810536,0.752741090941755,"unconventional myosin-X-like","liver"
"akap13",66.8559988285889,-0.0256363206141335,0.0897557286252343,0.329275839901027,0.613285735480822,"A-kinase anchoring protein 13","liver"
"LOC115134630",315.473219631413,-0.0256689908021164,0.0818494373619799,0.505348929666631,0.757363748897249,"insulin-like growth factor II","liver"
"LOC115125306",76.6367379377159,-0.0257532640944693,0.0797935285434953,0.519284135416754,0.764116294569924,"ankyrin repeat domain-containing protein 12-like","liver"
"LOC115107725",261.774841212086,-0.0257989321696033,0.0741531817953018,0.554252803560843,0.782250760109554,"gap junction Cx32.2 protein-like","liver"
"LOC115139092",109.658221214899,-0.0258327390237272,0.0899416639798131,0.323981998408586,0.608562708451282,"protein Smaug homolog 1-like","liver"
"LOC115120130",62.6940086481988,-0.0259302264831404,0.0865639642646407,0.428603040597676,0.697735722521961,"SEC14-like protein 2, transcript variant X2","liver"
"LOC115113510",159.657306141957,-0.025980820368549,0.088257116977389,0.381980824197355,0.661407748270356,"carbonic anhydrase 7-like","liver"
"LOC115105266",61.7437602340114,-0.0260452203391528,0.0792406642663461,0.525655590639156,0.768773658932616,"serine/threonine-protein kinase 10-like","liver"
"LOC115146085",318.842982990607,-0.0260694523280069,0.0850335001408506,0.407390551184599,0.680821601733672,"syntaxin-binding protein 6-like, transcript variant X2","liver"
"LOC115137761",87.9108216849624,-0.0260920134270334,0.0891586584261019,0.352086395238339,0.632731450238868,"zinc finger and BTB domain-containing protein 16-A-like","liver"
"LOC115123726",132.304524210139,-0.0261235220415863,0.085277438958626,0.451412354770953,0.713991757099885,"glutathione peroxidase 1-like","liver"
"LOC115114862",65.7504259318033,-0.0261672212150725,0.0876774501753238,0.398376806663775,0.674609000399479,"phosphoglucomutase-1-like","liver"
"LOC115113114",85.3257191039395,-0.026227188671554,0.0886040291002635,0.37029814337253,0.650575531201049,"acyl-CoA desaturase-like, transcript variant X4","liver"
"LOC115141134",157.124800466247,-0.0262302265915637,0.0724903566001036,0.554829967486929,0.782250760109554,"transmembrane protein 106B-like","liver"
"LOC115105286",107.288895736673,-0.0262444063410744,0.0604266853609266,0.557978354269863,0.784560432675476,"S-phase kinase-associated protein 1","liver"
"jak1",59.4251370801247,-0.026295198041541,0.0789347677923903,0.52244698572841,0.766832522084623,"Janus kinase 1","liver"
"LOC115135656",409.703899292382,-0.0263614579180108,0.0907124118483626,0.28375159744375,0.580899804711564,"4F2 cell-surface antigen heavy chain-like","liver"
"LOC115123203",284.74159271801,-0.0263733844426816,0.0825336095312673,0.490012124661747,0.74528339119838,"sodium-dependent lysophosphatidylcholine symporter 1-B-like, transcript variant X1","liver"
"LOC115139160",57.8116990114656,-0.0263865061404421,0.0828362635630983,0.485320296169536,0.740331409875384,"transmembrane protein 183A-like","liver"
"LOC115101442",3673.77580908933,-0.0263998398041536,0.0802898532550628,0.471284121286178,0.729568582743055,"complement factor B-like, transcript variant X1","liver"
"LOC115132246",1473.27732331457,-0.0264638490734364,0.0745054030844251,0.549464595754982,0.779811174198227,"E3 ubiquitin-protein ligase MIB2-like, transcript variant X1","liver"
"LOC115111358",312.917818839964,-0.0264642388414109,0.0707606425511283,0.554113659381302,0.782250760109554,"proprotein convertase subtilisin/kexin type 5-like, transcript variant X1","liver"
"ahcy",5732.22891505315,-0.026566420987892,0.0740467012198607,0.544110473697707,0.775842580063361,"adenosylhomocysteinase","liver"
"LOC115102875",101.578222622393,-0.0265905713514316,0.0756016071729609,0.537939288270716,0.773215962598105,"far upstream element-binding protein 3-like, transcript variant X3","liver"
"mcoln2",668.180652135692,-0.0266053442657976,0.059919296910641,0.552519327643805,0.78115462347421,"mucolipin 2, transcript variant X2","liver"
"LOC115104850",60.1000791906532,-0.0267731717553041,0.0811503466143072,0.498603560060655,0.751593236245278,"polyadenylate-binding protein 2-like, transcript variant X1","liver"
"LOC115118125",206.428576044506,-0.0268956117160429,0.0678091293029354,0.551809951499232,0.780469839198218,"serine/arginine-rich splicing factor 5-like, transcript variant X2","liver"
"LOC115103915",71.8660233429009,-0.026913524609377,0.0909460096575865,0.274347558535261,0.571050078285483,"integral membrane protein GPR137B-like, transcript variant X3","liver"
"LOC115134970",253.817419193703,-0.0269641505360235,0.0914223527254949,0.249633708199828,0.545287778468649,"catechol O-methyltransferase domain-containing protein 1-like","liver"
"LOC115137258",369.553744378596,-0.02701268483762,0.0762944233949362,0.531428945980794,0.769709401192759,"succinate--CoA ligase [ADP/GDP-forming] subunit alpha, mitochondrial","liver"
"LOC115145934",120.561220756269,-0.027052753342903,0.0892630000800962,0.34602932937769,0.626294647665837,"microtubule-associated protein RP/EB family member 3-like, transcript variant X1","liver"
"LOC115104263",73.5149911629353,-0.0271089644684838,0.075943193295222,0.529936490568039,0.769709401192759,"histone acetyltransferase p300-like, transcript variant X3","liver"
"LOC115142627",3621.54961279047,-0.0271973881134659,0.0843352191308613,0.344388583163315,0.624522353674211,"complement C3-like","liver"
"LOC115110062",384.807337163951,-0.0272333122969423,0.0894417932314092,0.338628098541934,0.620225883494352,"uncharacterized LOC115110062, transcript variant X1","liver"
"LOC115107066",68.3243845177158,-0.0273432022892998,0.0902504771417289,0.307186640514034,0.598746474685021,"pro-MCH 2-like, transcript variant X1","liver"
"LOC115140088",118.230954136354,-0.0273437671320019,0.0768567422789721,0.519957359735953,0.764830818579481,"guanine nucleotide-binding protein G(i) subunit alpha-2-like","liver"
"acat2",167.403155266992,-0.0273913742330196,0.0906843170150783,0.289182785070697,0.583993995263798,"acetyl-CoA acetyltransferase 2","liver"
"LOC115101417",548.0643202193,-0.0274620041158473,0.087736134748876,0.384067948471373,0.66181330070431,"diamine acetyltransferase 1-like","liver"
"LOC115107887",83.5250027673735,-0.0275480756860021,0.0743124246704475,0.530173005283526,0.769709401192759,"protein sel-1 homolog 1-like, transcript variant X2","liver"
"LOC115139965",142.294202546364,-0.0275668475376431,0.0885370950055402,0.366109325879939,0.645866505192127,"RIMS-binding protein 2-like, transcript variant X4","liver"
"stxbp5l",98.4011532023701,-0.027609108909262,0.0920833543887015,0.215166065208318,0.513475926106034,"syntaxin binding protein 5 like, transcript variant X1","liver"
"bmt2",66.1259791693655,-0.027616574875654,0.0836941488941391,0.460415022617537,0.718606378374628,"base methyltransferase of 25S rRNA 2 homolog, transcript variant X1","liver"
"LOC115101306",95.7692958492866,-0.0276721419036142,0.0670288953177044,0.544193801864855,0.775842580063361,"AMME syndrome candidate gene 1 protein-like, transcript variant X1","liver"
"LOC115125645",91.8942717337959,-0.0277643946978035,0.0767097059347431,0.518121162235686,0.763177648504688,"plakophilin-3-like","liver"
"dnajb9",198.247730989249,-0.0278511102809933,0.0861708062396706,0.419095424282152,0.69146125084874,"DnaJ heat shock protein family (Hsp40) member B9, transcript variant X2","liver"
"LOC115108597",132.190611978592,-0.0279006276611655,0.078828346544226,0.50377908563414,0.756318067419799,"beta-1,4-galactosyltransferase 6-like, transcript variant X5","liver"
"rps2",2183.85034106201,-0.0281275439899223,0.0797711911587245,0.49265627861564,0.747326755354429,"ribosomal protein S2","liver"
"LOC115101362",67.6424904652999,-0.0281456477824466,0.071838517524701,0.529891494013006,0.769709401192759,"leucine-rich repeat neuronal protein 4-like","liver"
"LOC115110281",130.52941573424,-0.0282178894685965,0.0806865342220144,0.485992055148894,0.740682716463247,"signal transducer and activator of transcription 3, transcript variant X7","liver"
"LOC115106396",272.290381744127,-0.0282694038573913,0.0915538457731726,0.243258964607003,0.536838563244212,"arginase-1-like, transcript variant X1","liver"
"LOC115131630",226.265245282904,-0.028273588769892,0.0860137247383973,0.411979223868439,0.685119264172891,"glycogen synthase kinase-3 beta-like","liver"
"LOC115105350",77.7041531558606,-0.0283040066303796,0.0767432013778341,0.506435197238635,0.757363748897249,"histone H3.3","liver"
"ND5",906.548974470285,-0.0283152880144373,0.0824377683521023,0.469947430502821,0.729160916151313,NA,"liver"
"LOC115118515",116.993472556883,-0.0283282816911924,0.0747756695085076,0.518271769151368,0.763177648504688,"tumor protein D54-like, transcript variant X3","liver"
"LOC115104128",266.064157820308,-0.0283407116579645,0.0812667966925107,0.476265331800132,0.732826535453883,"signal transducer and activator of transcription 3-like, transcript variant X3","liver"
"LOC115105958",102.135397623918,-0.0285260830125888,0.0757927536181788,0.511996679496671,0.760144684417698,"adenomatous polyposis coli protein-like, transcript variant X1","liver"
"LOC115122236",455.083340884192,-0.0285561137073465,0.0862582779130996,0.409396346573023,0.683613071950693,"calreticulin-like","liver"
"LOC115121172",92.041368261699,-0.0286489139553288,0.0913939852667727,0.262860606955401,0.560366021940488,"high affinity copper uptake protein 1-like, transcript variant X1","liver"
"LOC115137210",97.1231583588275,-0.0286563664501679,0.0813168284475042,0.468467027250167,0.727417753551117,"dnaJ homolog subfamily A member 1-like, transcript variant X2","liver"
"LOC115106712",97.9930456882152,-0.028680572905013,0.0767488459610888,0.506087160671224,0.757363748897249,"vascular endothelial growth factor A-A, transcript variant X2","liver"
"LOC115103833",121.959207798222,-0.0286970477825121,0.0694302903932963,0.526731051340289,0.768966964635751,"probable helicase with zinc finger domain, transcript variant X5","liver"
"LOC115103718",175.052659523365,-0.0287135320232572,0.0734318673252049,0.535783135517628,0.773111844948287,"trinucleotide repeat-containing gene 6C protein-like, transcript variant X1","liver"
"LOC115103956",74.9788668725159,-0.028737643861801,0.0888318022542123,0.352224646857701,0.632731450238868,"egl nine homolog 1-like, transcript variant X1","liver"
"LOC115108204",146.310884055537,-0.0288006148299667,0.0789424952185404,0.492095657232014,0.747032364572697,"coiled-coil domain-containing protein 124-like","liver"
"LOC115133925",149.233060874148,-0.028819818168599,0.0836381028324101,0.448051515513308,0.711086038234986,"probable 2-oxoglutarate dehydrogenase E1 component DHKTD1, mitochondrial","liver"
"LOC115139719",59.0140083180085,-0.0288873294867143,0.0784891494081338,0.494396790679589,0.749105848998376,"rho-related BTB domain-containing protein 2-like, transcript variant X2","liver"
"LOC115144760",256.539881797792,-0.0289354827199787,0.0821099112650697,0.45748690530582,0.718606378374628,"MOB kinase activator 2-like, transcript variant X4","liver"
"LOC115142458",75.5931734022981,-0.0290077493188737,0.0815620897492831,0.469420339185588,0.728620450312435,"trinucleotide repeat-containing gene 6C protein-like, transcript variant X1","liver"
"farp2",115.205447008956,-0.0290440107386263,0.0849676860242059,0.428062962376333,0.697735722521961,"FERM, ARH/RhoGEF and pleckstrin domain protein 2","liver"
"LOC115138449",74.8716834344518,-0.02905144011239,0.0843225357499643,0.437337784709694,0.704580557500677,"pleckstrin homology domain-containing family G member 3-like, transcript variant X2","liver"
"LOC115127392",61.4874011507897,-0.0290522879346124,0.0727824860350191,0.515943670034014,0.762093304551333,"E3 ubiquitin-protein transferase RMND5B-like, transcript variant X1","liver"
"LOC115123341",61.719174252373,-0.0290647555287697,0.0870759397488077,0.39182267863413,0.667671086167523,"ATP-citrate synthase, transcript variant X1","liver"
"LOC115137911",167.10283847894,-0.0290874308104658,0.0899361952766631,0.318351830579833,0.604704843863596,"butyrophilin subfamily 2 member A1-like, transcript variant X1","liver"
"LOC115122218",100.245337879868,-0.0291022558480767,0.0879320677229729,0.385485352046467,0.66277343806359,"retinol dehydrogenase 7-like, transcript variant X1","liver"
"LOC115139654",823.367516985836,-0.0293215531896208,0.0759742579505972,0.500307434829158,0.753247175397088,"heat shock protein HSP 90-beta, transcript variant X1","liver"
"LOC115112254",116.55499830449,-0.029339691086161,0.0803134845634244,0.47541296988049,0.732344393512047,"ubiquitin carboxyl-terminal hydrolase 10-like, transcript variant X1","liver"
"LOC115114290",532.129639443641,-0.0293543717944745,0.0891855296451197,0.340108682007569,0.621087479947788,"dihydropyrimidine dehydrogenase [NADP(+)]","liver"
"LOC115143248",63.9177911946145,-0.029372448275653,0.0730686227717404,0.510939041198125,0.760144684417698,"ubiquitin-conjugating enzyme E2 R2-like, transcript variant X2","liver"
"zcchc14",153.381373709615,-0.0294473352419393,0.0835332038838707,0.444591072059127,0.708702858706689,"zinc finger CCHC-type containing 14","liver"
"LOC115133551",57.574238353248,-0.0294516185480369,0.0849817394153227,0.424477334161671,0.695405793425631,"inactive ubiquitin carboxyl-terminal hydrolase 53-like, transcript variant X1","liver"
"LOC115121095",674.376933235238,-0.0294583763508959,0.0795438540885588,0.382763333797259,0.6616067391248,"phosphoethanolamine N-methyltransferase 3-like, transcript variant X1","liver"
"LOC115109271",193.994940858716,-0.0294601995110376,0.0876936545518742,0.377114770310537,0.657169646766032,"A disintegrin and metalloproteinase with thrombospondin motifs 20-like","liver"
"LOC115102267",229.470275696274,-0.0294822032270828,0.0761629927453376,0.497901557395765,0.751566947186967,"E3 ubiquitin-protein ligase MIB2-like, transcript variant X2","liver"
"LOC115110259",497.688690311575,-0.029496278041189,0.0851597928958173,0.429923299252322,0.697735722521961,"protein phosphatase 1 regulatory subunit 1B-like","liver"
"LOC115135711",105.771976639161,-0.0296091337247474,0.0874906626491691,0.380294625585801,0.659608891016053,"acetyl-CoA carboxylase, transcript variant X1","liver"
"LOC115108266",93.3855418810387,-0.0296321794490201,0.0735791037863111,0.506355287043055,0.757363748897249,"protein strawberry notch homolog 2-like, transcript variant X2","liver"
"LOC115132580",477.934177024209,-0.0296364809242933,0.0929242989834931,0.198163482336891,0.494866556574453,"trichohyalin-like","liver"
"LOC115135655",206.911316569355,-0.0297360926720451,0.0710963193527363,0.511321955092364,0.760144684417698,"calmodulin","liver"
"LOC115135717",114.643776604005,-0.0297579414601957,0.0854075788326947,0.414486659414191,0.688446464454866,"unconventional myosin-XVIIIa-like, transcript variant X6","liver"
"LOC115102509",60.3840576879063,-0.029797481344964,0.0880422868395385,0.367472511742644,0.647005597349035,"hepatocyte nuclear factor 4-alpha-like, transcript variant X3","liver"
"LOC115106008",82.1941423709362,-0.0298989290688304,0.0682692887580078,0.512446049322199,0.760144684417698,"UV excision repair protein RAD23 homolog B-like","liver"
"LOC115130339",99.0433756633311,-0.0299627316121622,0.0679553158798899,0.513346213318464,0.761057923821543,"poly(U)-binding-splicing factor PUF60-like, transcript variant X4","liver"
"LOC115127545",228.965887022646,-0.0300057993034521,0.0766764201110848,0.57833324767807,0.80261706419333,"eukaryotic translation initiation factor 3 subunit C-like, transcript variant X2","liver"
"LOC115108066",69.3596458458331,-0.0300758507158898,0.0738291341075564,0.498032954944063,0.751566947186967,"guanine nucleotide-binding protein subunit beta-4, transcript variant X1","liver"
"LOC115131256",83.1388475417899,-0.0300957445043717,0.06962032922313,0.507838997826242,0.758224086131782,"serine/arginine-rich splicing factor 6-like","liver"
"LOC115104054",58.6860435703818,-0.030114531905955,0.0843127650151145,0.42683909751007,0.697033718530067,"coatomer subunit zeta-1-like, transcript variant X6","liver"
"LOC115138828",820.854049652904,-0.0302329659874123,0.0932962508787307,0.181582516028188,0.476599777265298,"B-cell lymphoma/leukemia 11B-like","liver"
"LOC115139196",62.1990882913368,-0.0302523630620491,0.0786876575638149,0.474828810269538,0.732153832186083,"pre-mRNA-processing factor 39-like","liver"
"LOC115144246",75.0170666172108,-0.0302702158906595,0.0787758648061762,0.486208610472207,0.740682716463247,"cytochrome b-c1 complex subunit 2, mitochondrial","liver"
"LOC115107033",101.147596592645,-0.0303124808909092,0.0795378517628364,0.471029510234227,0.729568582743055,"serine/threonine-protein phosphatase 6 regulatory subunit 2-like, transcript variant X5","liver"
"LOC115103373",215.740739234514,-0.0303894176720454,0.0803601683393877,0.456906509001108,0.718606378374628,"arf-GAP domain and FG repeat-containing protein 1-like, transcript variant X3","liver"
"LOC115130305",66.96212844864,-0.0303950035416189,0.0898746568590693,0.318387050300369,0.604704843863596,"60 kDa heat shock protein, mitochondrial-like","liver"
"LOC115109089",67.914605275962,-0.0304411254616555,0.0804942604138982,0.460500456406901,0.718606378374628,"ELAV-like protein 1, transcript variant X2","liver"
"LOC115111868",63.8461929900011,-0.0304809485561539,0.0833934621460496,0.434902393082878,0.701463229136502,"cyclic AMP-responsive element-binding protein 3-like protein 4","liver"
"LOC115125548",302.386739778359,-0.0304865949142095,0.0741194719129852,0.495688732261555,0.749836795726722,"probable palmitoyltransferase ZDHHC8","liver"
"LOC115130742",94.0733009044544,-0.0307395176648224,0.0924015391832676,0.228398198185864,0.523719817470933,"ATP-binding cassette sub-family A member 1-like","liver"
"LOC115110663",302.119335400668,-0.0307946510144199,0.0781085350557755,0.474930012831208,0.732153832186083,"rho GDP-dissociation inhibitor 1-like, transcript variant X3","liver"
"dhcr7",172.636158058097,-0.0308410740581856,0.0934937190485456,0.179533696455126,0.475799315182766,"7-dehydrocholesterol reductase","liver"
"ssr1",119.22730651633,-0.030965740842109,0.0865506963859986,0.387332612166387,0.663069184036201,"signal sequence receptor subunit 1, transcript variant X1","liver"
"LOC115141222",15235.5172145321,-0.030972392053283,0.087910958494133,0.470722486953506,0.729530363810833,"complement C3","liver"
"LOC115139464",128.56271389606,-0.0310243553794091,0.077972710360702,0.472169796139902,0.730571208289576,"protein 4.1-like, transcript variant X14","liver"
"LOC115135833",247.71949775445,-0.0310273686023984,0.0835340030025413,0.428936095836695,0.697735722521961,"ceramide-1-phosphate transfer protein-like","liver"
"LOC115136827",61.8757683890043,-0.0312863404919815,0.0812562125449619,0.445504545475935,0.709104231142651,"T-box transcription factor TBX2b-like, transcript variant X1","liver"
"LOC115122878",986.384627717415,-0.0313175217573331,0.0793622406228941,0.456035983544656,0.717961633421406,"60S ribosomal protein L7-like","liver"
"sec16a",84.3094576664952,-0.0314535467705744,0.0758433601551069,0.474899201511977,0.732153832186083,"SEC16 homolog A, endoplasmic reticulum export factor, transcript variant X3","liver"
"nop56",140.539466592075,-0.0315295985440728,0.0839994334534551,0.419208195174545,0.69146125084874,"NOP56 ribonucleoprotein","liver"
"LOC115135732",102.536454298027,-0.0316190134834907,0.0737024189067103,0.481656590763102,0.737225784434999,"neuronal PAS domain-containing protein 2-like, transcript variant X1","liver"
"LOC115137887",72.3297613021205,-0.0316943835842073,0.0866983570339221,0.380173992085384,0.659608891016053,"serine protease HTRA3-like, transcript variant X1","liver"
"LOC115126344",122.249996867713,-0.031794585343665,0.0802051423063009,0.44343906963506,0.707778594440931,"putative pre-mRNA-splicing factor ATP-dependent RNA helicase DHX32","liver"
"LOC115110771",326.446588499245,-0.031808901831547,0.0887809384421171,0.34025719890172,0.621087479947788,"3 beta-hydroxysteroid dehydrogenase type 7-like","liver"
"LOC115131660",93.2814177939893,-0.03182923355768,0.0885801716661511,0.344390239898889,0.624522353674211,"neurofascin-like","liver"
"LOC115135861",675.894367848132,-0.0319492484414371,0.079269480556669,0.445269911455067,0.709104231142651,"alpha-2-antiplasmin-like, transcript variant X4","liver"
"LOC115140924",701.335483993122,-0.0319575292193339,0.0821690686885385,0.43210204785146,0.699463044893784,"protein LYRIC-like, transcript variant X2","liver"
"LOC115102287",166.439851170933,-0.0320527081317856,0.0810618665619208,0.451354123325121,0.713991757099885,"vitamin D3 receptor A-like, transcript variant X1","liver"
"LOC115126171",125.670303333855,-0.0321352269924745,0.0853102809439161,0.392499445609864,0.668265555683293,"TSC22 domain family protein 3-like","liver"
"LOC115103823",83.1652389820154,-0.0321409188435977,0.0885761088796162,0.342593378446602,0.6239546964023,"sterol regulatory element-binding protein cleavage-activating protein-like, transcript variant X4","liver"
"LOC115102923",87.2413284012057,-0.0321759261816427,0.070587577792052,0.480451829702871,0.735934482476101,"sterile alpha motif domain-containing protein 13-like, transcript variant X2","liver"
"atxn3",119.188786104692,-0.0322214557663259,0.0711788543008,0.478662611050323,0.733529635413696,"ataxin 3, transcript variant X4","liver"
"LOC115127439",802.951854039779,-0.0322374032544352,0.0766627462395826,0.47592314901197,0.732576569249542,"extracellular matrix protein 1-like","liver"
"LOC115102536",213.02601034194,-0.0322486207231735,0.0751262827511152,0.463936279996592,0.721757357735156,"heterogeneous nuclear ribonucleoprotein A1-like, transcript variant X2","liver"
"sh2d4a",148.883270475656,-0.0323223625443488,0.0773749089299921,0.459071436035406,0.718606378374628,"SH2 domain containing 4A, transcript variant X1","liver"
"dpep1",4156.09207567667,-0.0323893374952896,0.0813856319619628,0.432936340538032,0.699899417378417,"dipeptidase 1, transcript variant X1","liver"
"LOC115126173",136.255609050268,-0.0324045902728984,0.0728582366574516,0.473131223536354,0.731323585074834,"ubiquitin-conjugating enzyme E2 L3, transcript variant X1","liver"
"LOC115133264",91.7343513573308,-0.0324151884514636,0.0933423254939699,0.460010367102478,0.718606378374628,"ankyrin repeat and BTB/POZ domain-containing protein BTBD11-A-like","liver"
"LOC115128910",3338.52242529222,-0.0324274509058682,0.0799273855079635,0.454706888218549,0.717254363923686,"acyl-CoA-binding protein-like","liver"
"LOC115143245",1542.71998579424,-0.0324536381712809,0.0681155958287952,0.477796341604272,0.733165339596667,"ERBB receptor feedback inhibitor 1-like, transcript variant X1","liver"
"LOC115136112",114.954430944147,-0.0324774629367694,0.0803414630543572,0.440915733746176,0.706666998644961,"RNA-binding protein 5-B-like, transcript variant X1","liver"
"LOC115105600",695.141036055814,-0.0324822939494746,0.077153072878976,0.458868911761239,0.718606378374628,"solute carrier family 13 member 5-like","liver"
"macf1",57.9492383094476,-0.0325723671671131,0.0772541172746725,0.455667507391976,0.717658717206218,"microtubule actin crosslinking factor 1, transcript variant X17","liver"
"LOC115132043",216.490811789098,-0.0327027462883293,0.0793917267455873,0.444003908959661,0.708043792222056,"tubulin alpha chain-like","liver"
"LOC115138365",57.9514652834028,-0.0328368454124801,0.0918725437590794,0.260202120300125,0.558372234284449,"uncharacterized LOC115138365, transcript variant X1","liver"
"LOC115114820",66.5982631412934,-0.0330095717677843,0.0906426427683519,0.295102784867324,0.589635548521163,"rab effector MyRIP-like","liver"
"LOC115142007",102.320660772727,-0.0330233195494359,0.0844976456941846,0.39880892559377,0.675038167739272,"intraflagellar transport protein 20 homolog, transcript variant X1","liver"
"LOC115105432",222.212260331613,-0.033053805229908,0.0911907050616305,0.282695962316432,0.579903745546943,"zinc finger and BTB domain-containing protein 16-A, transcript variant X1","liver"
"LOC115111867",273.119134436684,-0.0331356654394808,0.0933398488544404,0.200176000974429,0.496300109471881,"growth arrest and DNA damage-inducible protein GADD45 gamma-like","liver"
"LOC115136144",618.305763215748,-0.0332014059444826,0.0502124280098154,0.438993812373481,0.705835284640182,"protein Jade-1-like, transcript variant X1","liver"
"LOC115105598",218.87076511788,-0.0332392720353621,0.0899247062476487,0.282967255464583,0.580168276294588,"pigment epithelium-derived factor-like, transcript variant X2","liver"
"ddx46",62.3264269460524,-0.0333093353160775,0.0712414444042279,0.460263552476155,0.718606378374628,"DEAD-box helicase 46","liver"
"LOC115124613",73.0502032402747,-0.0334617341321448,0.0897854075398964,0.315768547952102,0.602661842209239,"retinoblastoma-like protein 2, transcript variant X2","liver"
"LOC115109363",98.2613017370803,-0.0335325997287333,0.0926069139647733,0.237394376844218,0.531899783115166,"cholesteryl ester transfer protein-like","liver"
"LOC115110661",58.2274504589957,-0.0335361477304149,0.0797430080738701,0.435058646530196,0.701463229136502,"THO complex subunit 4-like","liver"
"LOC115142380",58.9494445915022,-0.0336373609960239,0.0860164713483773,0.37599298824545,0.656056258599509,"RNA binding protein fox-1 homolog 2-like, transcript variant X1","liver"
"LOC115117468",103.581579591717,-0.0336709953124048,0.0746988444716007,0.454887482577476,0.717261655313653,"nuclear factor erythroid 2-related factor 2-like","liver"
"fasn",400.466656084025,-0.0336792855773024,0.0889902024648945,0.327820617480258,0.61321562039905,"fatty acid synthase, transcript variant X3","liver"
"LOC115129404",180.761352497372,-0.0336822392456924,0.088703127831959,0.333970601352804,0.616235478095984,"retinol dehydrogenase 12-like","liver"
"LOC115118468",89.3708915826337,-0.0338286126688577,0.0915838162813217,0.268191426666111,0.564351190031528,"nucleolar protein 58-like","liver"
"LOC115101452",75.7905127096575,-0.0338338192461167,0.0772280430018729,0.442237354481362,0.707440917137375,"histone-lysine N-methyltransferase 2B-like, transcript variant X1","liver"
"LOC115128210",69.5369149593802,-0.033927497710039,0.0692458671615544,0.458485270146654,0.718606378374628,"histone-lysine N-methyltransferase ASH1L-like, transcript variant X1","liver"
"LOC115117745",733.095894023459,-0.0339279926028365,0.0882255732335838,0.339112011984222,0.620225883494352,"long-chain fatty acid transport protein 6-like","liver"
"LOC115112977",98.8680220997065,-0.0340057335273268,0.0715731960615035,0.457664780330544,0.718606378374628,"nuclear protein localization protein 4 homolog","liver"
"LOC115135744",107.961140199938,-0.0340122317511992,0.0779099449287089,0.438540545744434,0.705681509851683,"androgen receptor-like, transcript variant X2","liver"
"LOC115139900",110.818560627648,-0.0341953962408833,0.0905017250465478,0.295623097335956,0.58979918979019,"ral guanine nucleotide dissociation stimulator-like, transcript variant X3","liver"
"dnah7",114.326709897519,-0.0342330073989139,0.0910728617238703,0.279227712489601,0.577796523365651,"dynein axonemal heavy chain 7","liver"
"LOC115144166",144.713291663794,-0.0342949602087686,0.0751623013166484,0.442950785581904,0.707778594440931,"ER lumen protein-retaining receptor 2","liver"
"LOC115121287",61.0932351778005,-0.0342957357959623,0.0864298876446127,0.365835648902062,0.645866505192127,"probable global transcription activator SNF2L2","liver"
"LOC115143868",167.332673080357,-0.0344568591951386,0.0711578343142976,0.446863148693545,0.710102999639333,"casein kinase II subunit alpha-like, transcript variant X2","liver"
"LOC115108938",459.74594104811,-0.0346320447623322,0.0821002077603843,0.405249115165293,0.679192184791832,"eukaryotic translation initiation factor 4 gamma 2-like","liver"
"LOC115114422",976.198742757957,-0.0346626974237284,0.0911868523665081,0.288690580733092,0.583993995263798,"sodium- and chloride-dependent glycine transporter 1-like, transcript variant X1","liver"
"LOC115114101",69.1941533251385,-0.034702673594788,0.079939895389023,0.417776721424192,0.691375524370688,"ATP-dependent zinc metalloprotease YME1L1-like, transcript variant X3","liver"
"LOC115134108",134.155010124804,-0.0347030052055403,0.0796687154845837,0.428951637413042,0.697735722521961,"bile acid receptor-like, transcript variant X2","liver"
"LOC115131641",62.9052766575781,-0.0347364286715283,0.0796269528993596,0.421994811313758,0.693432360397224,"chromodomain-helicase-DNA-binding protein 4-like, transcript variant X4","liver"
"LOC115134530",60.0424350513445,-0.0349455877761259,0.0744759945552472,0.440822641021809,0.706666998644961,"inositol hexakisphosphate and diphosphoinositol-pentakisphosphate kinase 1-like, transcript variant X3","liver"
"LOC115102157",81.0250178999881,-0.035005390270219,0.0828239156778371,0.396652011801304,0.672806325469044,"NADH dehydrogenase [ubiquinone] 1 alpha subcomplex subunit 4-like 2","liver"
"LOC115140761",457.946463365961,-0.0350069503538064,0.0845795129625657,0.384177961797634,0.66181330070431,"glyceraldehyde-3-phosphate dehydrogenase","liver"
"slc2a9",217.631984600858,-0.035045977211553,0.0868719281306626,0.353180144772987,0.633584947467429,"solute carrier family 2 member 9, transcript variant X1","liver"
"LOC115136275",154.671472891361,-0.0351475425451455,0.0855599517016243,0.371816292059043,0.652449745401568,"mediator of RNA polymerase II transcription subunit 13-like","liver"
"LOC115135672",1316.01771189884,-0.0352269470171171,0.0753077199577081,0.433101471465157,0.699899417378417,"55 kDa erythrocyte membrane protein-like, transcript variant X1","liver"
"LOC115123719",82.3831544393736,-0.0356985605985667,0.0813065517257381,0.401601999597747,0.677062232707639,"tensin-3-like","liver"
"LOC115108389",86.2609335864378,-0.0357835842857465,0.0764869900705561,0.423385617316737,0.694454638303026,"nuclear factor 1 C-type-like, transcript variant X3","liver"
"LOC115113139",202.281570975328,-0.0359063218157108,0.0971776239734686,0.0844301836487951,0.348555537061404,"reticulon-4-like, transcript variant X1","liver"
"LOC115130482",87.5613115395778,-0.0359267820446784,0.0943295652609308,0.196703980540213,0.49369792160216,"mitogen-activated protein kinase kinase kinase kinase 4-like","liver"
"LOC115135032",606.537250638024,-0.0359453603933433,0.0946668832423329,0.186613628638378,0.481720804515534,"protein phosphatase 1 regulatory subunit 3C-B-like","liver"
"LOC115133040",316.682144292526,-0.035955431605041,0.0823925733863022,0.391576375040738,0.667530449463005,"cholinephosphotransferase 1-like, transcript variant X2","liver"
"LOC115127147",98.1441861244247,-0.0359820390630819,0.0837623746424419,0.372916863196257,0.653486300252771,"putative oxidoreductase GLYR1, transcript variant X5","liver"
"LOC115103919",428.15650719301,-0.0359947160118688,0.0928469935123546,0.243846304040695,0.536838563244212,"complement C3-like","liver"
"LOC115102163",63.8048956087628,-0.0362392415413107,0.071998962727377,0.430552573512295,0.698290615620397,"serine/arginine-rich splicing factor 6-like","liver"
"LOC115126051",85.9374966397684,-0.0362453387971832,0.0907405065328556,0.288203585144926,0.583993995263798,"sodium/potassium-transporting ATPase subunit beta-233-like","liver"
"LOC115109257",173.633317238694,-0.0362526540510408,0.0885761526238598,0.322720348074041,0.607859583525782,"cold-inducible RNA-binding protein B-like, transcript variant X5","liver"
"LOC115103845",65.3613813508646,-0.0363063577416555,0.0812712660486243,0.393778904781416,0.669046609374344,"exportin-1-like","liver"
"LOC115134299",63.9564167546757,-0.0363939166723725,0.0842778165848417,0.371368030297658,0.652174102323677,"alpha-1,6-mannosylglycoprotein 6-beta-N-acetylglucosaminyltransferase A-like","liver"
"xylb",63.9351356070741,-0.0364535578417908,0.0779328418207967,0.410311363311466,0.683763649741703,"xylulokinase, transcript variant X1","liver"
"LOC115125859",83.3930400606576,-0.0365167943204369,0.0798691395010468,0.403375457674698,0.677474617813841,"myotrophin-like","liver"
"LOC115135025",80.9803416755781,-0.0365739908877763,0.0760828533660236,0.417424933752885,0.691195242032154,"attractin-like protein 1, transcript variant X4","liver"
"btg1",688.23211430337,-0.0365751329829382,0.0868334434580818,0.33355458261584,0.616127007304481,"BTG anti-proliferation factor 1","liver"
"LOC115122923",133.686379163842,-0.0367447951308507,0.0975388840825016,0.0867925776410173,0.351656606823844,"regulator of G-protein signaling 3-like, transcript variant X4","liver"
"LOC115118585",217.27060926235,-0.0368757183914878,0.0888145538937951,0.319627803488895,0.604704843863596,"complement C3 alpha chain-like","liver"
"LOC115143069",104.41766427182,-0.0368945152735437,0.0863545673384452,0.347994168847993,0.628177250763693,"leucine-rich repeat flightless-interacting protein 1-like, transcript variant X2","liver"
"LOC115101929",639.6860461919,-0.0370125775772286,0.0955553900425935,0.165932651955379,0.458239415732302,"monocarboxylate transporter 5-like, transcript variant X1","liver"
"LOC115105599",385.251971921757,-0.0370839356923419,0.0883751524182204,0.3207795723169,0.605794282606699,"alpha-2-antiplasmin-like, transcript variant X3","liver"
"LOC115145150",61.7859690424083,-0.0371044561362306,0.0927958498398223,0.24293750293523,0.536838563244212,"capping protein, Arp2/3 and myosin-I linker protein 3-like, transcript variant X3","liver"
"LOC115103267",64.7988782297168,-0.0372134474912117,0.0889301348600044,0.316048223406829,0.602661842209239,"lysine-specific demethylase 4A-like, transcript variant X1","liver"
"LOC115110297",102.927563659556,-0.0372468895978928,0.0788906626596707,0.382159263351457,0.661435735635049,"max-like protein X","liver"
"LOC115124994",1244.8351525993,-0.0372796205364565,0.092889366416988,0.243444356810937,0.536838563244212,"fatty acid desaturase 2-like","liver"
"LOC115105343",455.947534318098,-0.0373161992140362,0.0784754029179198,0.403725673864038,0.677474617813841,"mannosyl-oligosaccharide 1,2-alpha-mannosidase IA-like, transcript variant X3","liver"
"LOC115123112",73.0638455940987,-0.0374320512482129,0.0821364620843441,0.379866650561249,0.659608891016053,"discoidin, CUB and LCCL domain-containing protein 2-like, transcript variant X2","liver"
"ppargc1b",423.636671590507,-0.0374756815344765,0.084834038296936,0.352530695893111,0.633002253947277,"PPARG coactivator 1 beta","liver"
"LOC115130030",69.2847131805076,-0.0375049731794803,0.0866733287115397,0.303589257749689,0.596639254863902,"uncharacterized LOC115130030","liver"
"LOC115121214",212.143802695821,-0.0376389276038319,0.096649079310206,0.135086081382053,0.422025930165245,"phosphatidylserine decarboxylase proenzyme, mitochondrial-like, transcript variant X4","liver"
"LOC115129555",65.710919637601,-0.0376727332431375,0.0837561831970387,0.358236336971212,0.63865893305983,"peptidyl-prolyl cis-trans isomerase D-like","liver"
"LOC115112562",99.4504927875358,-0.0377075186192611,0.0849388586409439,0.361363856113942,0.642370768585617,"ras-related protein R-Ras2-like","liver"
"dbi",147.761621417598,-0.0377518699562199,0.0885646061949318,0.315709073171571,0.602661842209239,"diazepam binding inhibitor, acyl-CoA binding protein","liver"
"pemt",59.5412354321277,-0.0377680724429997,0.0905837594381956,0.286666517899389,0.583021643712864,"phosphatidylethanolamine N-methyltransferase, transcript variant X3","liver"
"med13",1603.1904023679,-0.0378620407119257,0.091797628518666,0.269070442337728,0.565616876208654,"mediator complex subunit 13","liver"
"nid2",87.3070160778548,-0.0378877733683394,0.0873861601566236,0.330415965435693,0.613285735480822,"nidogen 2, transcript variant X3","liver"
"LOC115105918",170.454030185627,-0.0381706400383172,0.0737411629912121,0.405843154629652,0.679349773417028,"ubiquitin-conjugating enzyme E2 L3-like","liver"
"LOC115141271",59.4189403806197,-0.0382702013956028,0.0832773641054595,0.365310772583275,0.645709761079545,"remodeling and spacing factor 1-like","liver"
"LOC115144441",96.1168089098746,-0.0385136746896186,0.0943940846428699,0.208584657174445,0.507083282246149,"trichohyalin-like","liver"
"LOC115145782",89.6612331411379,-0.0385172755021878,0.0708109147587969,0.406148751380228,0.679582229320941,"large neutral amino acids transporter small subunit 3-like","liver"
"LOC115127676",614.800281311377,-0.0385984303285073,0.0860015078931987,0.342423873591969,0.62392476922703,"polyadenylate-binding protein 1","liver"
"LOC115131483",78.7731780330997,-0.038609941200761,0.0873507675266159,0.326908478742528,0.611979627914037,"uncharacterized aarF domain-containing protein kinase 5-like, transcript variant X2","liver"
"LOC115130984",68.3255640041329,-0.0387569101875235,0.0939588781169432,0.220341596504753,0.515384077401978,"sterol-4-alpha-carboxylate 3-dehydrogenase, decarboxylating-like, transcript variant X1","liver"
"LOC115101056",77.1160840562052,-0.0388154287806718,0.0961125500432623,0.16320303603796,0.455221463268407,"tubulin alpha chain, testis-specific, transcript variant X2","liver"
"LOC115135233",68.0722568701967,-0.0388265241587989,0.0811063481098736,0.375125151712399,0.655029417315574,"E3 ubiquitin-protein ligase UBR2-like, transcript variant X2","liver"
"ND3",1481.12680807825,-0.0388921551934849,0.0956937083962252,0.18608757337114,0.48142891243013,NA,"liver"
"LOC115139963",427.149544150545,-0.0389484701202654,0.0884830519557885,0.312989781649633,0.602462265574022,"serine/threonine-protein kinase ULK1-like, transcript variant X5","liver"
"LOC115116017",175.62978903284,-0.0390159986756739,0.0911999003036667,0.274129384933551,0.571050078285483,"dystrophin-like","liver"
"LOC115113252",131.158055349325,-0.0396715464020012,0.0728228209834739,0.392311673850461,0.668224982287706,"baculoviral IAP repeat-containing protein 6-like, transcript variant X18","liver"
"LOC115137966",120.106443261414,-0.03969255267989,0.0758951407222738,0.386004055573916,0.66277343806359,"GMP reductase 2-like, transcript variant X1","liver"
"LOC115120425",164.922073448396,-0.0396974774844966,0.0904627850415667,0.315542675390315,0.602661842209239,"protein max, transcript variant X2","liver"
"cdc5l",244.236276823013,-0.039900190914379,0.0802895956597214,0.366015901757011,0.645866505192127,"cell division cycle 5 like","liver"
"LOC115104134",67.213338476,-0.0400013453182661,0.0786134452899726,0.373957134145576,0.654184239818613,"myosin light chain kinase, smooth muscle-like, transcript variant X1","liver"
"LOC115127920",203.864664397272,-0.0400086050427885,0.0978579711584263,0.124572164985362,0.408398547228038,"NADPH oxidase organizer 1-like, transcript variant X2","liver"
"LOC115136968",33609.6674707059,-0.0400983620720033,0.092555415851187,0.248549885064351,0.544086644211758,"apolipoprotein A-I-1","liver"
"LOC115113674",111.739307587908,-0.0401037897403442,0.082529992347675,0.355166848114831,0.635347056144885,"dual specificity protein phosphatase 22-A-like, transcript variant X3","liver"
"LOC115110486",136.326196560741,-0.040183752030629,0.0871236614566919,0.3188250339274,0.604704843863596,"sterol regulatory element-binding protein 2-like, transcript variant X2","liver"
"LOC115136859",149.065962033073,-0.040213526632481,0.0741139372243564,0.384648724839467,0.66181330070431,"importin subunit alpha-3-like","liver"
"LOC115121758",239.946967602104,-0.0406297882028404,0.066137513717611,0.38651866134365,0.662789256893865,"ER degradation-enhancing alpha-mannosidase-like protein 3","liver"
"LOC115131511",57.5287314166237,-0.0407321000652721,0.094566496019586,0.212699009369253,0.511481511615973,"thioredoxin-interacting protein-like","liver"
"LOC115135910",362.415971533967,-0.04092410227768,0.0942766524712615,0.218626198611327,0.514503686801253,"vacuole membrane protein 1-like, transcript variant X3","liver"
"LOC115131752",98.6512893761567,-0.0409383744989141,0.0660830669809463,0.378939396806239,0.658661272964502,"dolichyl-diphosphooligosaccharide--protein glycosyltransferase subunit STT3B-like","liver"
"ccar1",89.5680547991095,-0.0409716464076778,0.0834623034107536,0.34519943098748,0.625347946979986,"cell division cycle and apoptosis regulator 1, transcript variant X3","liver"
"LOC115135309",61.126466689606,-0.0410922628540798,0.0875025105847435,0.311346015795012,0.601817480450145,"SEC23-interacting protein-like, transcript variant X2","liver"
"LOC115133094",75.0522462995773,-0.0411275378589108,0.0937508196560539,0.228581343297544,0.523719817470933,"ADP-sugar pyrophosphatase-like","liver"
"LOC115125274",124.651263767931,-0.0411542559367946,0.0803424283029127,0.356638734008109,0.636732141838394,"ER membrane protein complex subunit 3-like","liver"
"LOC115134486",157.821411029619,-0.0411690485030998,0.0870623776219212,0.314566475251843,0.602661842209239,"MOB kinase activator 2-like, transcript variant X4","liver"
"LOC115110605",133.620937316059,-0.0412267702104693,0.0744628220370177,0.378030189082852,0.65792102933463,"transcription activator BRG1-like, transcript variant X1","liver"
"LOC115127850",91.8729826964068,-0.0412829680250132,0.0820597415486416,0.349646725872262,0.630044232827294,"N-lysine methyltransferase KMT5A-A-like, transcript variant X1","liver"
"LOC115105130",70.4288001955087,-0.0412948529582334,0.0753595319839846,0.371845132131463,0.652449745401568,"LYR motif-containing protein 4B","liver"
"ifi27",141.402022645548,-0.0413101223576978,0.0994128211735449,0.0940270223032883,0.362302933203603,"interferon alpha inducible protein 27","liver"
"LOC115129295",86.759019481204,-0.0413779686742556,0.093571062666797,0.236195917912386,0.530140176988372,"mitogen-activated protein kinase kinase kinase kinase 4-like, transcript variant X3","liver"
"LOC115110601",83.0093582374178,-0.0413828542918773,0.0778150184593243,0.365163954440365,0.645709761079545,"protein Hook homolog 2-like, transcript variant X2","liver"
"efr3a",61.6136091706181,-0.0413861280274414,0.085807449849271,0.324994713238935,0.609608122946112,"EFR3 homolog A, transcript variant X1","liver"
"LOC115106877",950.527679001417,-0.041407539056162,0.0691482648031353,0.392841321760466,0.668515788611603,"solute carrier organic anion transporter family member 1C1-like","liver"
"LOC115112901",68.9318946927137,-0.0414379360494534,0.097203645787514,0.156866691049567,0.446659174059623,"serine/threonine-protein kinase SIK2-like, transcript variant X1","liver"
"LOC115134949",2810.88073174389,-0.0415323213081448,0.0943404435211114,0.214919457090854,0.513236503615171,"S-adenosylmethionine synthase-like","liver"
"LOC115105818",59.5707357768743,-0.0415619988791086,0.0915026083168724,0.263032945507902,0.560440295812969,"histone-lysine N-methyltransferase SETD1B-A-like, transcript variant X2","liver"
"LOC115134223",59.293597243696,-0.0416040260707841,0.0777100215035893,0.374581181606437,0.654713934917598,"ras and EF-hand domain-containing protein-like, transcript variant X3","liver"
"LOC115113642",126.973487557856,-0.0417329983526364,0.0859268315258098,0.320273019281931,0.605207615481293,"ubiquitin carboxyl-terminal hydrolase 10-like, transcript variant X2","liver"
"LOC115115483",135.047686889727,-0.0418835213305354,0.086469054917846,0.313185502982592,0.602462265574022,"lactadherin-like","liver"
"LOC115136805",79.8785732051346,-0.0419264530983461,0.0682866271427904,0.373412573576049,0.653943185832166,"clustered mitochondria protein homolog, transcript variant X6","liver"
"LOC115130320",83.5817534675796,-0.0419381567869962,0.0958397187783604,0.19171725836782,0.487125116673347,"ADP-ribosyl cyclase/cyclic ADP-ribose hydrolase 1-like, transcript variant X2","liver"
"LOC115104337",131.316310243567,-0.0420188266755406,0.0835048189147024,0.333163189583338,0.616121761806781,"tubulin beta-4B chain-like","liver"
"LOC115132282",126.337231504649,-0.0420404181724438,0.0652499393049427,0.36619173049534,0.645866505192127,"cytidine and dCMP deaminase domain-containing protein 1-like","liver"
"LOC115104090",61.2576626998253,-0.0420480987460896,0.0901038731411926,0.279547493682189,0.577796523365651,"plexin domain-containing protein 1-like, transcript variant X3","liver"
"ppp1r36",58.3627379523823,-0.0421202541508794,0.0912309282895694,0.265931418574786,0.562909598388969,"protein phosphatase 1 regulatory subunit 36, transcript variant X1","liver"
"LOC115112251",187.781167147731,-0.042194477785982,0.0895346644502806,0.285338486406552,0.582393425434705,"hepatocyte nuclear factor 4-beta-like","liver"
"LOC115113481",381.596455376329,-0.0422460930707268,0.100105287670782,0.088560285253049,0.353757565046943,"CUGBP Elav-like family member 1, transcript variant X4","liver"
"LOC115110267",626.439881046938,-0.0422672486985404,0.0903519493870473,0.286863081192358,0.583021643712864,"putative methyltransferase DDB_G0268948, transcript variant X2","liver"
"LOC115114304",88.6595201130446,-0.0422856216031587,0.0948165038127275,0.21111280177137,0.509772381528497,"acyl-coenzyme A thioesterase 11-like, transcript variant X2","liver"
"LOC115110479",313.808090555039,-0.0423417191173855,0.0839010342152111,0.334126662922634,0.616244469716134,"WW domain-binding protein 2-like","liver"
"gpatch8",145.31279250848,-0.0424092660849338,0.0792718787223909,0.350366339344521,0.630783215180331,"G-patch domain containing 8, transcript variant X3","liver"
"LOC115118216",208.96109145756,-0.0425417412750571,0.0858472968992809,0.31618165755912,0.602661842209239,"uncharacterized LOC115118216, transcript variant X1","liver"
"LOC115111669",99.9736855229455,-0.0427152390844717,0.0891244511294374,0.287787758682371,0.583886746645261,"WD repeat and FYVE domain-containing protein 2","liver"
"LOC115104519",209.482585226728,-0.042730334824721,0.0874002255610967,0.302120246790564,0.594714532960469,"partitioning defective 3 homolog","liver"
"LOC115114161",101.700334476244,-0.0428535273755482,0.0688572205071851,0.362825996918683,0.643999158199693,"nucleolin-like, transcript variant X2","liver"
"LOC115106304",256.236072022935,-0.0429764517900105,0.0893806842589596,0.280044194038728,0.578106723951892,"forkhead box protein K2-like, transcript variant X2","liver"
"LOC115120700",66.4510775353802,-0.0430587805586683,0.0824086555638529,0.333159512925461,0.616121761806781,"5'-AMP-activated protein kinase catalytic subunit alpha-1-like","liver"
"LOC115134076",57.3843038038965,-0.0433134928438374,0.0922906536076868,0.250132717335634,0.545539345742569,"trafficking protein particle complex subunit 10-like","liver"
"LOC115134161",62.7159946860653,-0.043333720164543,0.0960533184110994,0.191814477983494,0.487125116673347,"low-density lipoprotein receptor class A domain-containing protein 3-like","liver"
"upf3b",191.30485291358,-0.0433809236162536,0.068970778268932,0.356095192957716,0.636040318359181,"UPF3B regulator of nonsense mediated mRNA decay, transcript variant X3","liver"
"LOC115104882",81.4214642457649,-0.04339954943983,0.083013603072269,0.326308713790184,0.611510030992547,"activin receptor type-2B-like","liver"
"LOC115126565",188.827106000565,-0.0434261315066438,0.0777916295174886,0.342949974773016,0.62401625361105,"ETS-related transcription factor Elf-2-like","liver"
"aacs",629.923302837311,-0.0434620597960255,0.0998687989054288,0.111271204121247,0.390983989653623,"acetoacetyl-CoA synthetase","liver"
"LOC115117308",59.5924153920836,-0.0435151041854137,0.0913818990461687,0.260939820787047,0.558608565928574,"ubiquitin-conjugating enzyme E2 H-like","liver"
"LOC115112100",142.069399713335,-0.0437477576506069,0.0996053937213948,0.118381003296696,0.399022611236311,"7-dehydrocholesterol reductase-like","liver"
"LOC115135443",224.884238449321,-0.0438083651690362,0.0958993790121734,0.195508771758525,0.49130317736606,"putative monooxygenase p33MONOX, transcript variant X2","liver"
"LOC115135139",155.885246368471,-0.0440113027339803,0.0826518591127405,0.323471291173506,0.608430541219756,"microtubule-associated proteins 1A/1B light chain 3A","liver"
"LOC115113572",129.57803585577,-0.0441025458703398,0.0758712531443539,0.344590474340849,0.624522353674211,"adenine phosphoribosyltransferase-like","liver"
"LOC115135001",115.956771281983,-0.0441126417325396,0.0668671242375242,0.347085732725657,0.627159470088032,"atlastin-2-like, transcript variant X5","liver"
"auh",97.055193611152,-0.0441833063912364,0.0896089295424567,0.279435133834283,0.577796523365651,"AU RNA binding methylglutaconyl-CoA hydratase, transcript variant X2","liver"
"LOC115113361",148.828384105116,-0.044187787057823,0.0842467576124318,0.315350385187243,0.602661842209239,"opsin-3-like","liver"
"LOC115133272",254.85876199468,-0.044253201320304,0.0982035007418438,0.154657158033862,0.444242973241375,"6-phosphofructo-2-kinase/fructose-2,6-bisphosphatase-like","liver"
"LOC115114054",118.205876808946,-0.044262796502666,0.0805264543640064,0.328065553297001,0.613285735480822,"probable ubiquitin carboxyl-terminal hydrolase FAF-X","liver"
"LOC115115840",66.0238564597694,-0.0442714621496488,0.0806927173689323,0.330120997626385,0.613285735480822,"serine/arginine-rich splicing factor 5-like","liver"
"LOC115128323",69.8269081344237,-0.0445077217965663,0.0781616006996517,0.33651006020245,0.617950638777758,"splicing factor, proline- and glutamine-rich-like, transcript variant X1","liver"
"foxn3",97.3043776837059,-0.0445917000643734,0.0874139670353614,0.290619757131962,0.585549248675173,"forkhead box N3","liver"
"LOC115141651",123.869199202546,-0.0446250342260885,0.0879742145927936,0.294199248193893,0.589635548521163,"uncharacterized protein KIAA1671-like, transcript variant X1","liver"
"LOC115143132",119.641882638864,-0.0447330815044632,0.079781667530756,0.329073203705638,0.613285735480822,"ubiquitin carboxyl-terminal hydrolase 4-like","liver"
"LOC115124412",64.8311530883569,-0.0448289405787313,0.0780544449262257,0.333808797126652,0.616215877304454,"vesicle-associated membrane protein-associated protein A-like","liver"
"LOC115109140",63.0520313237101,-0.0448414265024947,0.0766315689519892,0.344179593326723,0.624522353674211,"regulator of nonsense transcripts 1, transcript variant X2","liver"
"LOC115136143",780.886216796904,-0.0449093615165324,0.0921362472660748,0.27445709110924,0.571050078285483,"sodium-coupled neutral amino acid transporter 3-like, transcript variant X1","liver"
"LOC115128334",61.6072341055998,-0.0449882563546965,0.0691132905396562,0.339913242170704,0.621015856157682,"cohesin subunit SA-2-like, transcript variant X10","liver"
"tsg101",72.2509153060265,-0.0450234324356109,0.0739080095970923,0.339067583965414,0.620225883494352,"tumor susceptibility 101","liver"
"LOC115130759",59.1889106599383,-0.045114749119008,0.0922906029646064,0.245270845996723,0.53806456850519,"signal recognition particle subunit SRP72-like","liver"
"LOC115112936",393.04711362681,-0.0451363351724403,0.0946950522310856,0.216176923300448,0.514186959807711,"discoidin, CUB and LCCL domain-containing protein 2-like, transcript variant X1","liver"
"LOC115133082",138.463133313345,-0.0451375422912714,0.0915500135981178,0.251533847102416,0.546695676146897,"DNA/RNA-binding protein KIN17-like","liver"
"LOC115122691",64.9681087495315,-0.0452260989168474,0.0895805196405728,0.272034335774408,0.569790314808062,"SHC-transforming protein 1-like","liver"
"LOC115109456",124.433117103967,-0.0454489842242607,0.097081521010452,0.180570703100369,0.476599777265298,"tensin-1-like, transcript variant X4","liver"
"LOC115113721",60.7614265964035,-0.045523551907553,0.0804201766189108,0.31069284204489,0.601817480450145,"caprin-1-like, transcript variant X4","liver"
"LOC115136816",827.627977380947,-0.0455435998069543,0.0824489272022407,0.31320351833939,0.602462265574022,"vitronectin-like","liver"
"LOC115128399",333.308599382815,-0.0459122858771006,0.0894066726959855,0.270436088686352,0.567609421980211,"class I histocompatibility antigen, F10 alpha chain-like, transcript variant X2","liver"
"LOC115147104",66.511435397228,-0.0459376668773552,0.0820861159345366,0.313843931122012,0.602661842209239,"volume-regulated anion channel subunit LRRC8A-like, transcript variant X2","liver"
"LOC115107164",100.945889258841,-0.0460140002751004,0.0871049271515403,0.286324981494637,0.583021643712864,"myosin phosphatase Rho-interacting protein-like","liver"
"LOC115128374",453.721221373021,-0.0460950337624676,0.0825768161349833,0.307496278367028,0.598746474685021,"tubulin beta chain","liver"
"LOC115124099",39469.6276310917,-0.0461942323109203,0.101431703525025,0.214939821312831,0.513236503615171,"butyrophilin-like protein 1, transcript variant X1","liver"
"LOC115129453",196.851273908394,-0.0463501286412399,0.104155478406316,0.0432099856720929,0.257491084209723,"saxitoxin and tetrodotoxin-binding protein 1-like","liver"
"LOC115130171",139.793269906846,-0.0467416557536434,0.0808840706299459,0.305796836123356,0.59838113492021,"histone-lysine N-methyltransferase 2C-like, transcript variant X1","liver"
"LOC115126548",183.636804636782,-0.046883096837704,0.0763997140354741,0.318829502671057,0.604704843863596,"COP9 signalosome complex subunit 4-like, transcript variant X1","liver"
"LOC115118061",204.489417445467,-0.0470163309030451,0.0868914570662958,0.283739410469655,0.580899804711564,"NEDD4 family-interacting protein 1-like, transcript variant X1","liver"
"LOC115110164",153.227779595748,-0.0470188928449232,0.0891260600343042,0.267340686608128,0.563456157875353,"endoplasmic reticulum membrane sensor NFE2L1-like","liver"
"LOC115105411",367.592504420641,-0.0470229014742005,0.0883195483238401,0.268421709818542,0.564544318483166,"opioid-binding protein/cell adhesion molecule homolog, transcript variant X2","liver"
"LOC115144792",66.9251400197412,-0.0470532148041109,0.10416716776956,0.0532021011058282,0.28440666342479,"receptor-type tyrosine-protein phosphatase zeta-like, transcript variant X4","liver"
"LOC115107209",321.044373961798,-0.0471069595183664,0.0979306448922103,0.174714657009997,0.470367861276584,"cadherin-23-like","liver"
"LOC115112540",94.3936256194758,-0.0471530849738321,0.106445759101647,0.0131727300965551,0.156834820487416,"hepatic triacylglycerol lipase-like","liver"
"LOC115144921",87.1747843860695,-0.0472705596195241,0.0774481563074939,0.3149556089646,0.602661842209239,"AP-3 complex subunit delta-1-like, transcript variant X2","liver"
"LOC115128358",75.4930165774842,-0.0473284381384298,0.0836247354792404,0.296895708150045,0.590091121146007,"chromodomain-helicase-DNA-binding protein 4-like, transcript variant X14","liver"
"LOC115133440",96.2293017242151,-0.0474119354645814,0.0800735235369795,0.307599391067329,0.598746474685021,"apoptotic chromatin condensation inducer in the nucleus-like, transcript variant X1","liver"
"LOC115106403",291.178437539867,-0.0474955640848394,0.0776302349445166,0.31210104148864,0.601817480450145,"anthrax toxin receptor 1-like","liver"
"ND4",3152.15047395693,-0.0475486306896437,0.0858134680968492,0.281434046171505,0.57906369116358,NA,"liver"
"LOC115140926",76.9334524241373,-0.047669927394092,0.0748066019317761,0.313730796110729,0.602661842209239,"E3 ubiquitin-protein ligase UBR5, transcript variant X1","liver"
"LOC115111239",114.045174246116,-0.0479715687715323,0.081804698028589,0.298722156082823,0.591752816572608,"nipped-B-like protein A, transcript variant X2","liver"
"LOC115144075",92.7551575813809,-0.0481088928965254,0.0783903169382531,0.306152878110861,0.598503180422,"protein phosphatase 1B-like, transcript variant X2","liver"
"LOC115108065",81.6331559547402,-0.0481571990496656,0.0821957125935194,0.296555136077168,0.590091121146007,"mitofusin-1-like, transcript variant X3","liver"
"LOC115112488",146.268299365229,-0.0481618563739467,0.104552914450616,0.0560327623462428,0.290202718326919,"protein naked cuticle homolog 1-like","liver"
"LOC115111654",65.7374685505061,-0.0481742855377757,0.0893888934467958,0.259886545186134,0.558112517480866,"RNA-binding protein EWS-like, transcript variant X3","liver"
"LOC115127865",181.194744170425,-0.0482294767223032,0.0622673054126684,0.29848063561124,0.591734956591156,"neurobeachin-like protein 1","liver"
"LOC115104247",3733.68690228318,-0.0483027365872679,0.0939258838061859,0.232445078079018,0.527531257377548,"type-4 ice-structuring protein LS-12-like","liver"
"LOC115122602",277.49078087595,-0.0483432781673888,0.0798866206367364,0.297716043792349,0.59079386294918,"threonine--tRNA ligase, cytoplasmic-like","liver"
"LOC115135942",657.898217140577,-0.0484155733649737,0.0792004574794576,0.30274996261791,0.595276819889339,"drebrin-like","liver"
"LOC115128369",72.2856611342484,-0.0484310772596704,0.0779616192059422,0.304451481537051,0.597110690743404,"ETS domain-containing transcription factor ERF-like, transcript variant X2","liver"
"LOC115110066",415.888824920636,-0.0484807080323459,0.097399582829796,0.214388901905051,0.512822279439546,"thyroid hormone receptor alpha","liver"
"LOC115104489",72.4827739049037,-0.0485181452565061,0.0924848009858252,0.234715699196197,0.529170367849425,"histone-lysine N-methyltransferase 2C-like","liver"
"epas1",64.245903524801,-0.0485479610400772,0.0897993214009004,0.255604659637004,0.552838963517804,"endothelial PAS domain protein 1, transcript variant X2","liver"
"LOC115139663",62.4013751430344,-0.048650103847674,0.104636353832885,0.0647657926403241,0.310607773214372,"ectonucleotide pyrophosphatase/phosphodiesterase family member 1-like, transcript variant X1","liver"
"LOC115143141",382.65337356667,-0.0486782456829167,0.0864282072954105,0.274395999746501,0.571050078285483,"guanine nucleotide-binding protein G(i) subunit alpha-2-like","liver"
"LOC115105519",63.825344363325,-0.0488528021941925,0.0969619783696623,0.189004824776305,0.484057717936395,"thyroid hormone receptor-associated protein 3-like, transcript variant X8","liver"
"LOC115138208",129.226173403183,-0.0488581609410503,0.072855873257174,0.307393791524385,0.598746474685021,"uncharacterized protein KIAA0232-like","liver"
"ogt",85.9001227186069,-0.0489364686787994,0.0868386960066457,0.272269642410081,0.569990273478936,"O-linked N-acetylglucosamine (GlcNAc) transferase, transcript variant X1","liver"
"LOC115124033",61.1449300620569,-0.0489864879830543,0.101440200629266,0.125486068843481,0.408851159107954,"microfibril-associated glycoprotein 4-like","liver"
"LOC115105974",136.171099138996,-0.0489896207099312,0.101884873249354,0.118620792274642,0.399022611236311,"anthrax toxin receptor 2-like","liver"
"dcp2",61.5348186974042,-0.0490393331142504,0.0827082537782814,0.27715107161128,0.574894538365178,"decapping mRNA 2, transcript variant X1","liver"
"LOC115110310",144.300949436691,-0.0490649427425432,0.0992188765920831,0.160465591565667,0.452300254712374,"protein tweety homolog 3-like, transcript variant X1","liver"
"LOC115114248",92.0065951230705,-0.0491270637737504,0.0934868207278397,0.223749279996423,0.51730122817097,"ATP-binding cassette sub-family F member 2-like, transcript variant X1","liver"
"ttc3",96.3577878632929,-0.0491442641319911,0.0812104830488441,0.291319481838814,0.586669075086465,"tetratricopeptide repeat domain 3, transcript variant X1","liver"
"LOC115142929",131.076857021716,-0.049167620772739,0.080446837765692,0.295183566803989,0.589635548521163,"bombesin receptor-activated protein C6orf89 homolog, transcript variant X3","liver"
"LOC115126697",219.207057769598,-0.0492515313219905,0.0940390247824407,0.219316146115955,0.514938140304512,"uncharacterized protein C6orf62 homolog","liver"
"LOC115104089",112.294883582596,-0.0493178621713307,0.0804500020178758,0.293113463866922,0.588827244318174,"LIM and SH3 domain protein 1-like","liver"
"LOC115111123",61.1407853420651,-0.0493399522223351,0.100021921554521,0.151733173692002,0.442471925779497,"5-hydroxyisourate hydrolase-like","liver"
"LOC115134417",106.798331266328,-0.0494599090718993,0.102197131181157,0.115886458527165,0.396791101805304,"protein shisa-like-1a","liver"
"LOC115104260",63.0120873347406,-0.0495776181610969,0.0819059352777907,0.274392445842311,0.571050078285483,"protein LSM12 homolog A-like","liver"
"LOC115118033",143.614818585025,-0.0498065907712107,0.0839614752654922,0.278102781560615,0.576282123864293,"small ubiquitin-related modifier 3-like","liver"
"LOC115130495",83.7449440650072,-0.0498265307421013,0.079243783886243,0.282387756661831,0.579855161790238,"heterogeneous nuclear ribonucleoprotein A0-like, transcript variant X1","liver"
"LOC115139611",378.979145677027,-0.0500507037543472,0.100325738080324,0.147282348149553,0.435647932552669,"unconventional myosin-VI-like, transcript variant X10","liver"
"LOC115146086",66.3291075859445,-0.050180342865821,0.105306386381335,0.0701213508519859,0.319881198728937,"fermitin family homolog 2-like","liver"
"LOC115138198",64.8203038922052,-0.0501984577973993,0.097573660104972,0.184426052805116,0.479980727834032,"cGMP-specific 3',5'-cyclic phosphodiesterase-like, transcript variant X3","liver"
"LOC115105097",137.718076392989,-0.050333400844038,0.0882815928646085,0.256711502945964,0.553910749199936,"ras-related protein Rab-18-like","liver"
"LOC115102995",81.7592348727056,-0.0503435440937043,0.0998577321819442,0.155491874971306,0.444761320970556,"desmoplakin-like, transcript variant X2","liver"
"LOC115138664",67.8668879281411,-0.0504317669090632,0.0908732996731705,0.240788267115708,0.536020194846327,"F-box only protein 33-like","liver"
"LOC115109709",58.8187950020235,-0.0504546104811334,0.0818539038615884,0.281745710053464,0.579412469312775,"uncharacterized LOC115109709, transcript variant X5","liver"
"LOC115138095",143.629413486369,-0.0506721714826321,0.0874257932889383,0.258990824875059,0.557069447066353,"DENN domain-containing protein 4C-like, transcript variant X3","liver"
"LOC115106410",62.3789376093677,-0.0506764542160116,0.0859591372785533,0.265658393104394,0.562909598388969,"inhibitor of Bruton tyrosine kinase-like","liver"
"LOC115135267",73.4088118098819,-0.0507602306321217,0.0766157907014401,0.288419203534599,0.583993995263798,"poly(rC)-binding protein 2-like, transcript variant X4","liver"
"dmxl1",67.0332209981184,-0.0507639928160429,0.0698980254443436,0.288742959762842,0.583993995263798,"Dmx like 1, transcript variant X8","liver"
"LOC115118046",57.6852054318686,-0.0507889671015159,0.100945653964152,0.142297352158128,0.429510379412954,"insulin receptor substrate 2-like","liver"
"LOC115105542",221.758369010525,-0.0508616561819776,0.0702517266168125,0.288362220577687,0.583993995263798,"clathrin heavy chain 1, transcript variant X2","liver"
"ddah1",149.220797867197,-0.0509553934001276,0.0856315520110386,0.265650343275121,0.562909598388969,"dimethylarginine dimethylaminohydrolase 1, transcript variant X1","liver"
"LOC115103362",265.39008183329,-0.0509638966824339,0.0972724551768937,0.184536301366162,0.479980727834032,"transferrin receptor protein 1-like, transcript variant X1","liver"
"LOC115109719",66.0754983267604,-0.0510647753425632,0.0899261334653015,0.24438306185689,0.536984021632714,"ETS domain-containing protein Elk-3-like","liver"
"LOC115143505",74.281265535009,-0.05108486395038,0.0928423433806791,0.224923651392987,0.519721543694906,"uncharacterized LOC115143505, transcript variant X3","liver"
"LOC115101036",62.4443356792145,-0.0511003315417894,0.0812344307468982,0.285882410149153,0.583021643712864,"protein kish-A","liver"
"LOC115108286",63.8824318219061,-0.0513403968758523,0.107731492637158,0.0425050122016637,0.255531607277258,"follistatin-related protein 3-like","liver"
"LOC115101535",96.6927674757452,-0.0513496985891776,0.107736562294839,0.0416800026661371,0.253610698023486,"histone-lysine N-methyltransferase PRDM16-like","liver"
"LOC115130453",88.4372733501425,-0.0513684663994323,0.0705868942766418,0.286343529390662,0.583021643712864,"WW domain-containing adapter protein with coiled-coil-like","liver"
"LOC115127643",7028.43452805502,-0.0514907415927668,0.0957095427165241,0.230101017733904,0.525265193135949,"sulfotransferase family cytosolic 2B member 1-like, transcript variant X1","liver"
"LOC115127886",119.228400693756,-0.0517279668375425,0.0849498961391087,0.259168689075873,0.557158004574504,"transmembrane protein 131-like","liver"
"LOC115141184",245.568718541973,-0.0518536109046066,0.080887500778227,0.27344214247028,0.571050078285483,"natural resistance-associated macrophage protein 2-like, transcript variant X1","liver"
"LOC115125623",294.981291187707,-0.0520889859224078,0.0876293873787252,0.251652186792364,0.546695676146897,"sterol-4-alpha-carboxylate 3-dehydrogenase, decarboxylating-like, transcript variant X2","liver"
"LOC115141109",63.0625259212627,-0.0521209630790826,0.0948873873759219,0.207488162887773,0.505814444934547,"eukaryotic translation initiation factor 3 subunit A-like, transcript variant X2","liver"
"leng8",106.041549327648,-0.0522993373235848,0.0835143494756427,0.263956843131269,0.561821458278356,"leukocyte receptor cluster member 8","liver"
"LOC115120858",88.7785104253925,-0.0525386857403548,0.0906589526920367,0.236835232384226,0.530990322991257,"uncharacterized LOC115120858","liver"
"LOC115101624",104.951186206357,-0.05264442844265,0.0931297568171612,0.218003919510943,0.514503686801253,"renin-like","liver"
"ppig",72.1278911676522,-0.0529384087141964,0.0860287057560354,0.252092217541439,0.546848259020173,"peptidylprolyl isomerase G","liver"
"LOC115105132",226.637242111735,-0.0529871369669242,0.0728257579460187,0.273497384802256,0.571050078285483,"repressor of RNA polymerase III transcription MAF1 homolog","liver"
"LOC115134080",72.5817472789407,-0.053235931937111,0.0946972318472025,0.208638926158136,0.507083282246149,"thromboxane-A synthase-like, transcript variant X1","liver"
"LOC115144078",99.1898257242906,-0.0532869977000564,0.0691595434956122,0.266585493871226,0.563006462704206,"protein transport protein Sec24C-like, transcript variant X1","liver"
"LOC115108371",70.9895945529219,-0.0532954458248816,0.0795243915888381,0.265951830241722,0.562909598388969,"UDP-N-acetylglucosamine transporter-like","liver"
"LOC115112216",82.0196004150276,-0.0533045676123123,0.100365626903529,0.157667291380923,0.447369174076884,"F-actin-monooxygenase MICAL2-like, transcript variant X3","liver"
"LOC115138927",195.825513905036,-0.0534150480916768,0.0842529504876484,0.254034908508594,0.550183999511705,"DNA-binding protein inhibitor ID-3-A-like","liver"
"LOC115140248",158.603254209575,-0.0534412603662453,0.0942638525529134,0.208681649683984,0.507083282246149,"nucleolysin TIA-1-like, transcript variant X3","liver"
"LOC115101981",182.587593862941,-0.0535436701561864,0.0676573682476986,0.26249083002984,0.559917519583386,"F-actin-capping protein subunit alpha-1-like","liver"
"LOC115120287",107.843088601746,-0.0535680987557507,0.071438709109406,0.266536721765291,0.563006462704206,"amino-terminal enhancer of split-like, transcript variant X1","liver"
"LOC115139419",118.020612924903,-0.0536675998214334,0.100063874537964,0.160568809756822,0.452300254712374,"protein FAM89A-like","liver"
"LOC115128231",104.027513603728,-0.0539574946824327,0.0880552545425534,0.238694271724173,0.53398143869427,"dolichyl-diphosphooligosaccharide--protein glycosyltransferase subunit STT3B, transcript variant X2","liver"
"LOC115113379",262.718758190045,-0.0539886456330614,0.0946135917772014,0.20633204362465,0.504504744939455,"eukaryotic translation initiation factor 3 subunit A-like, transcript variant X1","liver"
"taok3",73.1229826590849,-0.0540427783969735,0.0992104576969398,0.167022726851996,0.459483178110225,"TAO kinase 3, transcript variant X1","liver"
"LOC115130311",83.6264326876254,-0.054360419538317,0.101106410195392,0.151627780471265,0.442471925779497,"carbonic anhydrase 1-like, transcript variant X1","liver"
"LOC115113550",166.399332824375,-0.0544765128171357,0.0966772053631509,0.187147715727743,0.482488355032437,"thymosin beta-12, transcript variant X1","liver"
"LOC115143015",58.9020264580424,-0.0548207669070625,0.0977924502459615,0.180662056995038,0.476599777265298,"RNA-binding protein Musashi homolog 1-like","liver"
"LOC115105055",81.9622908147973,-0.0548784097718865,0.0925975994786863,0.213974368733613,0.512432154499533,"calponin-3-like","liver"
"LOC115138047",18073.1828018256,-0.0549055580326766,0.0937027423390187,0.207442051553096,0.505814444934547,"histidine-rich glycoprotein-like","liver"
"LOC115127718",218.287828477605,-0.0550007923477199,0.106092172962889,0.0982102108660299,0.369967485665377,"nuclear factor 1 X-type-like","liver"
"LOC115102825",134.605785846419,-0.0550606679730127,0.0984527074140695,0.177085078324791,0.472690752620725,"ski-like protein","liver"
"LOC115131546",107.991977833189,-0.0550929949532659,0.0889269494625499,0.231375496762858,0.526562154159259,"chromatin target of PRMT1 protein-like","liver"
"LOC115130173",112.052886137958,-0.0551995294302719,0.0972512520462849,0.184428264840286,0.479980727834032,"polypeptide N-acetylgalactosaminyltransferase 11-like, transcript variant X1","liver"
"LOC115133564",72.4790392660211,-0.0552836635235519,0.0915561795655053,0.218540025866074,0.514503686801253,"serine/threonine-protein phosphatase 2B catalytic subunit alpha isoform, transcript variant X1","liver"
"LOC115103810",57.5005187349687,-0.0552849638838941,0.109332446790313,0.0601623111155559,0.300516642287997,"centrosomal protein of 95 kDa-like","liver"
"ncl",370.396478814276,-0.0553756039277508,0.0853155992129981,0.239086389994368,0.53398143869427,"nucleolin","liver"
"LOC115138671",132.521421890885,-0.0554095595325194,0.0874620427659818,0.235891323203878,0.529853169515691,"disheveled-associated activator of morphogenesis 1-like, transcript variant X2","liver"
"rrp36",114.073954407862,-0.0555121827337542,0.0990611656785305,0.170769019607509,0.464553299943853,"ribosomal RNA processing 36","liver"
"tp53i11",106.123893112439,-0.0556330300346684,0.0905111554404003,0.22220640654289,0.51642870199588,"tumor protein p53 inducible protein 11, transcript variant X1","liver"
"ogg1",58.1336987309133,-0.0558246884997828,0.0887454601438575,0.227918919268893,0.523378881656343,"8-oxoguanine DNA glycosylase, transcript variant X2","liver"
"LOC115103278",62.3416970665852,-0.0558353595255351,0.0845113689066974,0.251887752650606,0.546695676146897,"60S ribosomal protein L5-like","liver"
"LOC115119915",221.905180534874,-0.0558839583332636,0.109885111513471,0.0586910896493481,0.295499831360093,"unconventional myosin-XVI-like","liver"
"LOC115133797",102.23262245144,-0.0559200593248458,0.078867642166556,0.249161301605383,0.544547702597072,"golgin subfamily B member 1-like","liver"
"LOC115129786",124.873030624269,-0.0559265460375338,0.100295024199515,0.161589286898033,0.454546537885702,"unconventional myosin-Ib-like, transcript variant X2","liver"
"LOC115122672",110.160469968442,-0.0559403570817868,0.0987426546284021,0.175143138763833,0.470730067742526,"uncharacterized LOC115122672","liver"
"LOC115106399",108.481532978382,-0.0561661299982242,0.0767771868486448,0.248177334706947,0.543563039368896,"Golgi to ER traffic protein 4 homolog","liver"
"LOC115114578",216.265627955449,-0.0564123045332274,0.103664220713871,0.132089811604228,0.416702574977533,"aquaporin FA-CHIP-like","liver"
"LOC115146295",188.143022859772,-0.0565930446918187,0.0956063374990959,0.191968837172272,0.487213561839465,"low density lipoprotein receptor adapter protein 1-B-like, transcript variant X1","liver"
"LOC115120666",357.439607513634,-0.0566308945069933,0.0939855851035021,0.200006546945607,0.496181792666034,"solute carrier family 22 member 18-like","liver"
"LOC115118594",61.182593740673,-0.0568055756465794,0.0902864339352639,0.218379334895063,0.514503686801253,"serine/arginine repetitive matrix protein 2-like, transcript variant X1","liver"
"LOC115109083",102.36336559205,-0.0568511036121998,0.0714582909182269,0.242359990416683,0.536838563244212,"rab GTPase-activating protein 1-like, transcript variant X2","liver"
"LOC115142900",76.9325733756836,-0.0570755738448359,0.0837425782257535,0.23113126118379,0.526562154159259,"msx2-interacting protein-like, transcript variant X5","liver"
"LOC115128765",83.7901082712071,-0.0571033409244196,0.0990198299538746,0.172950691869596,0.46719384371525,"syndecan-2-A-like","liver"
"LOC115107163",134.015503462728,-0.0571114851245206,0.0760484931502243,0.243503142492885,0.536838563244212,"E3 ubiquitin-protein ligase MYCBP2, transcript variant X16","liver"
"LOC115140889",1355.66149097853,-0.0573092683294204,0.0752835444431942,0.213458870706851,0.512113441838229,"transmembrane protein 91-like","liver"
"LOC115136244",92.825696944467,-0.0576740380157133,0.095468399102054,0.192982560307281,0.488373778121627,"la-related protein 1-like, transcript variant X1","liver"
"LOC115142816",84.007679647106,-0.0578007788572314,0.0993354224998959,0.16752010228539,0.460115860455021,"plexin-B1-like","liver"
"LOC115143187",101.754919735719,-0.0578475311164657,0.0968299896959015,0.183929375957641,0.479980727834032,"epidermal growth factor receptor kinase substrate 8-like protein 3, transcript variant X3","liver"
"LOC115105548",81.1062513513775,-0.0579540495738768,0.102177393457504,0.147770978916172,0.436430311333655,"autism susceptibility gene 2 protein-like, transcript variant X1","liver"
"LOC115128705",170.566461295083,-0.0580811759366322,0.0884852227490443,0.217415798963993,0.514503686801253,"probable acyl-CoA dehydrogenase 6","liver"
"LOC115112174",167.459990961164,-0.0584646558734842,0.0972235495177138,0.201867646955416,0.497468276293999,"tight junction protein ZO-1-like","liver"
"setx",67.3190015123119,-0.0584776881104059,0.0868391911489898,0.220037891042265,0.515149020039213,"senataxin","liver"
"LOC115131343",60.8390969897757,-0.0584941825792221,0.0871266488227263,0.22053468865782,0.515384077401978,"focal adhesion kinase 1-like, transcript variant X19","liver"
"LOC115146285",176.649313934856,-0.0585128938244543,0.0875773770116977,0.217596637224384,0.514503686801253,"uncharacterized protein KIAA1522 homolog, transcript variant X1","liver"
"LOC115113633",107.050192283694,-0.0585166467063295,0.0845295600542819,0.22727296699671,0.522525201010823,"RNA polymerase-associated protein CTR9 homolog","liver"
"LOC115132660",168.015774156271,-0.0589122995477533,0.0737690519898533,0.228395231129357,0.523719817470933,"E3 ubiquitin-protein ligase UBR4-like","liver"
"LOC115112942",98.6179155240281,-0.0589886671331477,0.100275599843673,0.16040427415365,0.452300254712374,"ER lumen protein-retaining receptor 2-like","liver"
"LOC115125774",123.388559977589,-0.0592340939005337,0.083677152083142,0.223157767796953,0.516643694750874,"glycerol-3-phosphate acyltransferase 3-like","liver"
"LOC115141405",137.974730143517,-0.0593638260158057,0.0975131077990187,0.176947381741743,0.472681035223712,"activating transcription factor 7-interacting protein 1-like, transcript variant X1","liver"
"LOC115107457",91.8495683510638,-0.0596631936420344,0.118988278189354,0.00567759895158329,0.110199492031683,"synaptotagmin-like protein 3","liver"
"LOC115129322",97.9833221249466,-0.059702606096192,0.0809782138366576,0.222997939501584,0.516643694750874,"heterogeneous nuclear ribonucleoprotein A/B-like","liver"
"LOC115139329",81.5566543127729,-0.0597039078699569,0.0916124062604453,0.201197695157063,0.496718234682126,"CSC1-like protein 2","liver"
"LOC115114360",115.095646267187,-0.0599282862223296,0.105046347131432,0.128901100450125,0.413051010561878,"zinc finger MYND domain-containing protein 11-like, transcript variant X4","liver"
"LOC115120351",253.481038812746,-0.0599317221061534,0.0831172771642765,0.221554517100533,0.516327165066765,"non-muscle caldesmon-like, transcript variant X1","liver"
"COX1",8377.84404254021,-0.0599382826294418,0.0990643911979215,0.154239646712419,0.444006832320837,NA,"liver"
"LOC115136908",164.848051197415,-0.060103752215092,0.0824196048432795,0.219211417245168,0.514938140304512,"E3 ubiquitin-protein ligase TRIP12-like, transcript variant X2","liver"
"LOC115142436",145.162596243184,-0.0601607121606463,0.0963955810709596,0.178987937785094,0.475589852941357,"40S ribosomal protein SA, transcript variant X2","liver"
"LOC115131769",70.3753350251304,-0.0601619903344711,0.0807728452303605,0.22076999739439,0.515384077401978,"heterogeneous nuclear ribonucleoprotein R-like, transcript variant X4","liver"
"LOC115124445",186.496246085948,-0.0602427890225843,0.0763400029502849,0.223298765638241,0.516643694750874,"protein SON-like","liver"
"LOC115130975",67.0817110333816,-0.0604149155841649,0.0883451711904563,0.207057387030394,0.505671605473867,"zinc finger C4H2 domain-containing protein, transcript variant X4","liver"
"LOC115114250",186.877448719467,-0.0606673725480557,0.0950215628621134,0.184439994777346,0.479980727834032,"sarcosine dehydrogenase, mitochondrial-like","liver"
"LOC115131908",65.5717149249974,-0.0607803140361863,0.0841130026856678,0.2211028352282,0.515864428385886,"bromodomain adjacent to zinc finger domain protein 2A-like, transcript variant X2","liver"
"LOC115137153",65.8272347235577,-0.0609643009699508,0.0789797958111809,0.218478184556774,0.514503686801253,"AP-2 complex subunit mu-B-like, transcript variant X1","liver"
"LOC115113234",152.501473650753,-0.0611042198531876,0.101487602853964,0.15101842602944,0.441993323287318,"ras and Rab interactor 2-like, transcript variant X1","liver"
"LOC115142795",512.722338945628,-0.0612129970422072,0.104208966145833,0.137575245463833,0.424172995847644,"vitamin D3 receptor B, transcript variant X1","liver"
"LOC115116842",84.774028041441,-0.0613812282312689,0.0916776101748478,0.195142337523496,0.491137928346786,"cytoplasmic polyadenylation element-binding protein 4-like, transcript variant X1","liver"
"agrn",67.7358826421258,-0.06140785910493,0.101031255612811,0.154080402992412,0.444006832320837,"agrin, transcript variant X6","liver"
"LOC115141553",68.8322918828945,-0.0620358282933057,0.0987952230440748,0.165968586535391,0.458239415732302,"hepatocyte nuclear factor 3-gamma-like","liver"
"LOC115107020",848.410292190937,-0.0625868776576976,0.089583585527369,0.194790142147205,0.490830051295152,"DNA/RNA-binding protein KIN17-like","liver"
"LOC115135015",1271.79195945362,-0.0626232234281359,0.093228195368392,0.185404635195223,0.480120262424225,"reticulon-1-A-like, transcript variant X1","liver"
"LOC115113237",87.3548885527336,-0.0626590718664322,0.0942438621328318,0.182340826217126,0.477648591041778,"bifunctional heparan sulfate N-deacetylase/N-sulfotransferase 2-like, transcript variant X1","liver"
"LOC115104907",163.986880671825,-0.0627742210456544,0.105056153667264,0.131491181867186,0.415793682925254,"GRB2-associated and regulator of MAPK protein 1-like, transcript variant X2","liver"
"LOC115140272",95.6262830741108,-0.0627936983435023,0.0935635675029008,0.184865341051527,0.479980727834032,"rab-like protein 6, transcript variant X2","liver"
"dock9",58.5601065160537,-0.062928648793129,0.0906248910350605,0.19167137450539,0.487125116673347,"dedicator of cytokinesis 9, transcript variant X11","liver"
"acin1",165.274581684604,-0.0630229513210597,0.0913254072100962,0.186363878423436,0.481686219691773,"apoptotic chromatin condensation inducer 1, transcript variant X4","liver"
"LOC115143469",2322.17227930879,-0.0630660494289386,0.0948115354559437,0.178389507580947,0.474799341503657,"sodium-coupled neutral amino acid transporter 3-like, transcript variant X2","liver"
"LOC115130515",66.3300344613439,-0.0634969794820501,0.121173914442501,0.0166559815034026,0.168880051263356,"collagen alpha-1(XXIII) chain-like, transcript variant X8","liver"
"LOC115128322",72.406425007279,-0.0636072031822012,0.0779601588555806,0.201190936057828,0.496718234682126,"acyl-protein thioesterase 2-like, transcript variant X1","liver"
"LOC115102354",281.586549075396,-0.0636312148401624,0.102378148018801,0.145809395238154,0.435493105468807,"rap1 GTPase-activating protein 1-like, transcript variant X10","liver"
"LOC115142844",88.945501401623,-0.0637144138537685,0.096667293074638,0.17193351296588,0.466254197287682,"cadherin-22-like, transcript variant X1","liver"
"psme4",62.6179547070146,-0.0641546551960012,0.0911850158541937,0.185232994328492,0.479980727834032,"proteasome activator subunit 4","liver"
"LOC115120012",113.425963109728,-0.0642169992767044,0.0777259047181547,0.200547714886151,0.496617549134843,"glypican-4-like","liver"
"LOC115101256",248.912439753179,-0.0642382802347008,0.082873479045611,0.19722332039529,0.494088662526859,"sodium-dependent phosphate transporter 1-B-like","liver"
"LOC115145289",99.286696394493,-0.0644315914312584,0.105907295832667,0.127448158274856,0.410979978740752,"prothymosin alpha-A-like, transcript variant X2","liver"
"LOC115146486",96.3976324434237,-0.0645261513608488,0.0847516163931876,0.194252751619741,0.489959291832961,"serine/arginine-rich splicing factor 5-like","liver"
"LOC115138387",112.290247147704,-0.0645952358587704,0.0775035626733656,0.198262288244868,0.494866556574453,"probable palmitoyltransferase ZDHHC14, transcript variant X2","liver"
"LOC115136245",691.280860309061,-0.0646404200169001,0.0892750943284882,0.189062778938847,0.484057717936395,"la-related protein 1-like","liver"
"LOC115118813",148.545059365445,-0.0647276573400393,0.0894998987169698,0.186146213442072,0.48142891243013,"microtubule-actin cross-linking factor 1, isoforms 1/2/3/5-like, transcript variant X1","liver"
"LOC115140031",59.3621834581535,-0.0651691139308577,0.106914486295926,0.121826206945834,0.403579862749976,"glutamine--fructose-6-phosphate aminotransferase [isomerizing] 1","liver"
"LOC115129336",150.098873782675,-0.065197161517066,0.0924120606175299,0.178457456129441,0.474799341503657,"putative monooxygenase p33MONOX, transcript variant X2","liver"
"LOC115129410",77.5702941915135,-0.0652490124916964,0.110231568193423,0.102879784713205,0.377305094940093,"phospholipid-transporting ATPase IG-like, transcript variant X8","liver"
"LOC115133337",69.5909250626004,-0.0652851508539222,0.103995658596218,0.13507687179523,0.422025930165245,"SH3 domain and tetratricopeptide repeat-containing protein 1-like","liver"
"cacna2d4",90.5279865842495,-0.0655607342063415,0.114948875887597,0.0751601579184907,0.330036247274988,"calcium voltage-gated channel auxiliary subunit alpha2delta 4, transcript variant X2","liver"
"LOC115110537",104.544823711917,-0.065801869807148,0.0892148772235085,0.179980033487498,0.476053612261547,"primary amine oxidase, liver isozyme-like","liver"
"sugp1",73.4188057978981,-0.0658405718989625,0.0799462670507365,0.190416038728277,0.486229707127124,"SURP and G-patch domain containing 1","liver"
"LOC115143402",271.501558824725,-0.0658591065215819,0.102018386204889,0.145687182074044,0.435493105468807,"forkhead box protein P1-B-like, transcript variant X5","liver"
"LOC115146939",470.42978304731,-0.0660062467806317,0.106644958799454,0.123826163044109,0.407006451630996,"monocarboxylate transporter 8-like","liver"
"LOC115139614",221.449782897467,-0.066040107774489,0.116783193759973,0.063216472542139,0.307849871065422,"sentrin-specific protease 6-like, transcript variant X3","liver"
"LOC115137492",140.012203982654,-0.0661702220566255,0.0922575916597484,0.173035611785751,0.46719384371525,"high mobility group protein B2-like","liver"
"dyrk1a",68.6071097515172,-0.0662036575007495,0.0809721690637557,0.187807520330507,0.482967478149619,"dual specificity tyrosine phosphorylation regulated kinase 1A, transcript variant X3","liver"
"LOC115103776",60.8268908998465,-0.0662281660912925,0.0826571429516062,0.187080061451645,0.482488355032437,"pre-mRNA-splicing factor CWC25 homolog","liver"
"LOC115101470",382.86620414537,-0.0663380773282374,0.109280331601068,0.109457791747665,0.387902142635137,"high mobility group protein B3-like","liver"
"oaf",305.761807325834,-0.0666556756196427,0.116024317765852,0.063735265958292,0.309636405299164,"out at first homolog","liver"
"LOC115110428",65.8561736296558,-0.0667803189826721,0.090925502744147,0.175044536233792,0.470730067742526,"casein kinase I, transcript variant X2","liver"
"LOC115123875",3378.93423619911,-0.0671568765223503,0.0928343717846956,0.17307720903092,0.46719384371525,"heparan sulfate glucosamine 3-O-sulfotransferase 3B1-like","liver"
"LOC115116917",1389.8605446521,-0.0675902486116428,0.0832223132724353,0.179381500075792,0.475752428727641,"ERBB receptor feedback inhibitor 1-like","liver"
"LOC115131584",88.0526773137908,-0.0677144009078921,0.105115375452759,0.131189572080788,0.41540889168661,"ectonucleotide pyrophosphatase/phosphodiesterase family member 2-like","liver"
"LOC115107503",151.018372397083,-0.0678176005455755,0.123302573348428,0.031693544588498,0.223887153800204,"1-phosphatidylinositol 4,5-bisphosphate phosphodiesterase beta-1-like","liver"
"myc",76.4135693079096,-0.0682153870405079,0.104115789579567,0.133710704766402,0.419557222962166,"MYC proto-oncogene, bHLH transcription factor","liver"
"arhgap1",84.669460152945,-0.0682456880424323,0.0845547377917665,0.176883783967058,0.472681035223712,"Rho GTPase activating protein 1","liver"
"LOC115134259",62.5552822381845,-0.0686303940271436,0.0973336697353662,0.156037270932244,0.446008356465516,"COUP transcription factor 2-like, transcript variant X1","liver"
"LOC115106600",64.3445905014087,-0.0686678374641587,0.100046107461773,0.148728520207424,0.438018387547297,"putative leucine-rich repeat-containing protein DDB_G0290503, transcript variant X1","liver"
"LOC115137950",129.500100010216,-0.0689431253833653,0.107655837668112,0.120358338131657,0.401530396424794,"microfibrillar-associated protein 3-like, transcript variant X4","liver"
"LOC115116781",882.706243296794,-0.0689462308271935,0.124102302817883,0.0344144450288243,0.233098244761177,"complement C4-like","liver"
"LOC115125030",70.1956826469403,-0.0691360004861004,0.101471181494907,0.143385681373646,0.430685362770068,"calcium uptake protein 3, mitochondrial-like, transcript variant X3","liver"
"LOC115122143",194.603042888231,-0.0692352847053394,0.112653099457602,0.0944248594956763,0.36343317025909,"mRNA decay activator protein ZFP36L1-like","liver"
"LOC115104237",58.2917690450876,-0.0692821099063991,0.0865887478037203,0.169863651780865,0.464016753366823,"RNA-binding protein 8A-like, transcript variant X2","liver"
"LOC115104347",138.709974332594,-0.0693957132410227,0.108681576363501,0.116699419657237,0.397673381316156,"dynamin-2, transcript variant X2","liver"
"LOC115108338",98.441427155341,-0.069426497444189,0.0891805266145727,0.166854290932586,0.459483178110225,"amino-terminal enhancer of split-like, transcript variant X2","liver"
"LOC115114121",153.203782268702,-0.0694948120174742,0.103603698348347,0.137236475931625,0.423769602952504,"UDP-N-acetylglucosamine/UDP-glucose/GDP-mannose transporter-like","liver"
"LOC115147151",90.0727745866251,-0.069664074631709,0.108086026096885,0.118845301776468,0.399022611236311,"tumor necrosis factor receptor superfamily member 10A-like","liver"
"LOC115109252",63.0022838478201,-0.0696785653214108,0.0972691410383611,0.153455027625743,0.443919583110383,"transcriptional repressor p66-alpha-like, transcript variant X1","liver"
"LOC115130567",264.305097066805,-0.0700295791330403,0.108155235167171,0.116980613376745,0.397673381316156,"protein diaphanous homolog 1-like","liver"
"LOC115130347",75.0621846542277,-0.070281815903773,0.101106909227312,0.141822688037231,0.429471973580798,"SWI/SNF-related matrix-associated actin-dependent regulator of chromatin subfamily D member 3, transcript variant X3","liver"
"LOC115103704",173.474686960798,-0.0705487063635793,0.104662878480282,0.145472656632589,0.435493105468807,"40S ribosomal protein SA-like","liver"
"cog2",116.263374577681,-0.0705839134981711,0.0823341348674064,0.165805432888429,0.458239415732302,"component of oligomeric golgi complex 2, transcript variant X1","liver"
"LOC115142965",58.1479166351407,-0.0711318914060573,0.0807457724892289,0.163466606171506,0.455221463268407,"transforming protein RhoA-like, transcript variant X2","liver"
"LOC115103719",86.7093037102305,-0.0711458536841898,0.102366488473248,0.136750133179524,0.422717936195613,"BUB3-interacting and GLEBS motif-containing protein ZNF207-like, transcript variant X1","liver"
"LOC115133926",240.647282025519,-0.0713917633181677,0.0733850076627869,0.156734654537009,0.446659174059623,"CUGBP Elav-like family member 2, transcript variant X2","liver"
"LOC115135929",107.207041617787,-0.071441420107723,0.111033938372978,0.107514033449423,0.385853485798292,"flotillin-2a-like, transcript variant X1","liver"
"ppm1b",132.277133108233,-0.071539596784928,0.076837680452058,0.15997823764053,0.451572920098892,"protein phosphatase, Mg2+/Mn2+ dependent 1B, transcript variant X3","liver"
"LOC115143090",95.5860209251722,-0.0715521172215096,0.0691190358339191,0.147016318234808,0.435493105468807,"gastrula zinc finger protein XlCGF57.1-like, transcript variant X14","liver"
"lrrfip2",98.1156346683825,-0.0717658716212138,0.0825540476756964,0.162042081995493,0.455191954661357,"LRR binding FLII interacting protein 2, transcript variant X2","liver"
"LOC115135615",193.349162657131,-0.0722202734664504,0.0869071049280932,0.158593820821843,0.449532971953986,"stress-induced-phosphoprotein 1-like","liver"
"LOC115125814",164.015815572103,-0.0724097123169306,0.106558750356597,0.126920319755056,0.410344791164518,"coagulation factor VIII-like","liver"
"LOC115140263",209.721922436311,-0.0724240826960634,0.0928778194439572,0.15325845036851,0.443919583110383,"lysyl oxidase homolog 2B","liver"
"LOC115109313",77.9108881860314,-0.0725207849423846,0.0819941646312176,0.157193668609299,0.446807108264647,"NEDD4-like E3 ubiquitin-protein ligase WWP2, transcript variant X1","liver"
"LOC115142582",91.8868148849224,-0.072529183863588,0.0934506552538385,0.152221438722457,0.442688337254084,"regulatory-associated protein of mTOR, transcript variant X6","liver"
"LOC115111300",70.3312673775057,-0.0726212399649324,0.0928737575202512,0.152269148388181,0.442688337254084,"ras GTPase-activating protein 1-like, transcript variant X1","liver"
"LOC115141837",1719.03337452387,-0.0734659939460082,0.0960998800476312,0.142707550947712,0.430233711289107,"alpha-2-antiplasmin-like","liver"
"LOC115140778",1365.70435335576,-0.073557156716413,0.0700484795709366,0.140783238852047,0.428662337025698,"retinol-binding protein 1-like, transcript variant X2","liver"
"LOC115123463",70.4213643891874,-0.0736106006171956,0.109044128588674,0.115019379825379,0.395961986628584,"protein LYRIC-like","liver"
"LOC115116738",256.878803097975,-0.073646343912265,0.10013806280518,0.136379070995028,0.422520506115968,"cytosolic Fe-S cluster assembly factor narfl-like","liver"
"LOC115135518",123.879165948733,-0.0739379841023188,0.0765059998150192,0.147223686225193,0.435647932552669,"ubiquitin-conjugating enzyme E2 D2","liver"
"LOC115112995",86.8095382103608,-0.0740011374058839,0.113256235396447,0.0987884189776909,0.370774950048866,"caskin-2-like, transcript variant X1","liver"
"gtf2f1",83.2406890859645,-0.0741010428182209,0.0868346480539893,0.150350950405926,0.441218436245599,"general transcription factor IIF subunit 1, transcript variant X4","liver"
"LOC115122603",407.933245437405,-0.0741679791207895,0.115016038101882,0.0932759852712484,0.36105690025224,"uncharacterized LOC115122603","liver"
"LOC115106637",89.0059484347792,-0.0742489057995466,0.105918512814884,0.122414865980116,0.404346024096395,"glucose-6-phosphate exchanger SLC37A1-like, transcript variant X1","liver"
"LOC115138344",65.4463619993708,-0.074448624341938,0.101106383653427,0.1335008260276,0.419544615951039,"saccharopine dehydrogenase-like oxidoreductase","liver"
"LOC115125186",343.549163715416,-0.0745003341261372,0.097375411706741,0.13961252523221,0.427222712347214,"death-associated protein 1-like","liver"
"COX3",8895.11294765333,-0.0745363692726148,0.110026504005957,0.0817537698716272,0.344681911946485,NA,"liver"
"LOC115103828",113.1335010777,-0.0748137712454602,0.104196814201106,0.12508894315244,0.408851159107954,"testis-expressed protein 2-like, transcript variant X2","liver"
"LOC115126875",111.013850849131,-0.0749435285032894,0.0747079494801661,0.141344990422605,0.428662337025698,"tetratricopeptide repeat protein 31-like","liver"
"LOC115112886",67.2021439278212,-0.0750696244271061,0.128362660232882,0.0419648832484632,0.254158787697974,"extracellular serine/threonine protein kinase FAM20C-like","liver"
"LOC115143358",147.079976173781,-0.0750996667633608,0.102214379091764,0.130814517048313,0.41540889168661,"nuclear receptor coactivator 3-like, transcript variant X2","liver"
"LOC115140397",96.2413740392346,-0.0752404789420841,0.117511028369496,0.0866642169103426,0.351485918533887,"utrophin-like","liver"
"LOC115130958",155.724536854848,-0.0753586855970182,0.130039622637627,0.0354965732392232,0.234876676173821,"cathepsin F-like","liver"
"LOC115104794",69.2647191206914,-0.0754177429561862,0.0980518357295811,0.135868070139407,0.422520506115968,"nuclear fragile X mental retardation-interacting protein 2-like","liver"
"LOC115136609",128.793583461552,-0.075442455593326,0.128294527673937,0.0447439761595627,0.261970873001287,"phosphatidylinositol 4,5-bisphosphate 3-kinase catalytic subunit beta isoform-like","liver"
"LOC115113074",201.449855509628,-0.0757185565667107,0.112514448285708,0.101502232083434,0.373942391823035,"semaphorin-4G-like","liver"
"nrcam",184.024439793112,-0.0758060478529784,0.120760003185671,0.0736533235857,0.328458366450015,"neuronal cell adhesion molecule, transcript variant X15","liver"
"LOC115126316",2388.81744141595,-0.0758454146549581,0.0970816636341855,0.140333150225223,0.428462861661431,"prosaposin-like, transcript variant X3","liver"
"LOC115111929",209.163646415948,-0.0759060069101436,0.123269156458144,0.0643913252320684,0.310072065194594,"heparan sulfate glucosamine 3-O-sulfotransferase 1-like","liver"
"LOC115142564",68.3509178199845,-0.0763902768122661,0.100428236648685,0.13280837620832,0.418013082181553,"zinc finger CCCH domain-containing protein 18-like, transcript variant X3","liver"
"LOC115110749",121.875486405253,-0.0763921293105516,0.0774197737068549,0.137568349674081,0.424172995847644,"signal transducing adapter molecule 2-like","liver"
"LOC115111215",85.1363352807963,-0.0764611889821041,0.113006057603689,0.100461053159791,0.373271880291075,"ras GTPase-activating-like protein IQGAP1","liver"
"LOC115130271",156.497771169036,-0.076556706211431,0.0861293040014179,0.141520901301269,0.428876723943473,"abl interactor 1, transcript variant X1","liver"
"LOC115135806",193.477075873654,-0.0766243301422796,0.0761591300875779,0.135429322045177,0.422025930165245,"THO complex subunit 2-like, transcript variant X2","liver"
"LOC115119999",118.897652633497,-0.0767243304654328,0.0949338110157389,0.13607305690902,0.422520506115968,"transcriptional activator protein Pur-beta-like","liver"
"LOC115114491",60.7668458571007,-0.0768346821620267,0.0901833597153606,0.139921582911926,0.427526515703904,"histone-lysine N-methyltransferase 2C-like, transcript variant X3","liver"
"LOC115101911",220.727341525351,-0.0772000214392481,0.0833200386989108,0.138761867840955,0.426141188301776,"receptor tyrosine-protein kinase erbB-3-like","liver"
"LOC115113702",158.218641741565,-0.0772349626653739,0.121507793572414,0.0790490231977825,0.339519303007546,"glycerol kinase-like","liver"
"LOC115135140",465.071080097347,-0.0772616180707057,0.0975508298008045,0.126576050726194,0.410052665416657,"bifunctional heparan sulfate N-deacetylase/N-sulfotransferase 2-like, transcript variant X1","liver"
"LOC115143757",92.8045454881659,-0.077322306102732,0.10758181312209,0.115516612798412,0.396770356824195,"myotubularin-related protein 14-like","liver"
"LOC115132150",67.7017668915709,-0.0776187591263671,0.0967120002987772,0.131931163713267,0.416538670251956,"ubiquitin carboxyl-terminal hydrolase 19-like, transcript variant X1","liver"
"LOC115109305",68.4361472521475,-0.0776248182093642,0.104175069857409,0.122824645104044,0.405246159641015,"septin-7-like, transcript variant X1","liver"
"LOC115139244",106.619692058952,-0.077757223751313,0.124263763093323,0.0663078959028317,0.3128136385416,"transcription factor SOX-13-like, transcript variant X2","liver"
"LOC115123355",65.9102937902144,-0.0780812663533788,0.107620918044084,0.113651261852062,0.394843487389548,"myosin-IIIb-like, transcript variant X1","liver"
"LOC115132809",730.650582343161,-0.0780903654718319,0.11164867643933,0.105658184497569,0.382131996461481,"bile salt export pump-like","liver"
"LOC115118837",97.1233907083934,-0.07839416933687,0.12525607648594,0.0613897149443597,0.303588391933973,"mitogen-activated protein kinase kinase kinase 4-like, transcript variant X1","liver"
"LOC115114326",180.196588830253,-0.0786075154061595,0.104312238151946,0.118578132874113,0.399022611236311,"eukaryotic translation initiation factor 4 gamma 1-like, transcript variant X6","liver"
"LOC115131418",111.724190891699,-0.0788779026872395,0.0990103253169611,0.126657582374772,0.410052665416657,"glucocorticoid-induced transcript 1 protein-like","liver"
"LOC115131329",81.7232508841355,-0.0789253754208093,0.127056437359875,0.0586907540244234,0.295499831360093,"protein tyrosine phosphatase type IVA 3-like, transcript variant X6","liver"
"LOC115141657",142.464572007301,-0.0791038909121212,0.091580371816181,0.130515855498272,0.41540889168661,"alpha-actinin-4, transcript variant X2","liver"
"LOC115107900",127.235208222897,-0.0794411766072775,0.102073186834537,0.120683646672437,0.402213036661369,"calmodulin","liver"
"LOC115111821",124.654624412677,-0.0795414294353596,0.128504363746304,0.0550892528173828,0.288570477361303,"testosterone 17-beta-dehydrogenase 3-like, transcript variant X1","liver"
"LOC115102131",111.929924082308,-0.0797159989987504,0.115783536671202,0.0940423217196791,0.362302933203603,"nuclear receptor coactivator 3-like, transcript variant X1","liver"
"LOC115143111",622.686824639944,-0.0799620660681562,0.129718050736433,0.049379414089875,0.275335830137251,"class E basic helix-loop-helix protein 40-like","liver"
"ND2",1022.66222033857,-0.0803011672611678,0.127924355897793,0.0568315259805278,0.292851200880697,NA,"liver"
"dgkd",88.2425175422505,-0.08072902317979,0.099449848290715,0.121065765235142,0.402499232543588,"diacylglycerol kinase delta, transcript variant X4","liver"
"LOC115110246",68.4309316467646,-0.081022096004346,0.117562682420446,0.0920557067226928,0.359285719078632,"zinc finger protein 652-like","liver"
"LOC115129735",321.075962010384,-0.0810229173914756,0.0985965804385719,0.120380310213714,0.401530396424794,"NEDD4 family-interacting protein 2-like","liver"
"LOC115113849",197.71695412499,-0.0811896374079893,0.103213914305768,0.11348117961402,0.394843487389548,"dystonin-like","liver"
"LOC115106696",217.976583234674,-0.081698572102585,0.138945129566761,0.0308925398033283,0.221296998661452,"transforming growth factor beta-2 proprotein-like","liver"
"LOC115103990",116.466889230439,-0.0818412625875534,0.100621667784395,0.115941659040755,0.396791101805304,"bromodomain-containing protein 4-like","liver"
"LOC115136823",141.665000246188,-0.0820855190859527,0.106623071707707,0.109970967315576,0.38868828339188,"breast carcinoma-amplified sequence 3-like, transcript variant X1","liver"
"LOC115129760",199.196104385524,-0.0820943254929383,0.129926978759796,0.0570891652248015,0.292965976676248,"xin actin-binding repeat-containing protein 2-like, transcript variant X1","liver"
"LOC115122577",75.1034378442678,-0.0821938434870264,0.128723157454788,0.0623869150122997,0.305705050375339,"retinoic acid receptor RXR-gamma-B-like, transcript variant X2","liver"
"LOC115111939",73.6581970355354,-0.0824078706631152,0.107302931439828,0.109371029889962,0.387902142635137,"GRIP and coiled-coil domain-containing protein 2-like","liver"
"LOC115110501",164.492663997236,-0.0824530646538076,0.116113663499685,0.0918895834847063,0.359285719078632,"sterol regulatory element-binding protein 2-like, transcript variant X2","liver"
"LOC115103979",117.035161201642,-0.0824997433877126,0.119938897154443,0.0859601202356021,0.350742551825015,"serine/arginine-rich splicing factor 7-like, transcript variant X6","liver"
"LOC115123980",176.154981275476,-0.0825500364016651,0.136705198996182,0.0418240323943181,0.253682672677441,"uncharacterized LOC115123980, transcript variant X3","liver"
"klf12",298.193382428537,-0.0826264858490952,0.127982782167945,0.0652681664359537,0.311023985430262,"Kruppel like factor 12","liver"
"LOC115134925",183.156091651359,-0.083135495325832,0.118796095828851,0.0871440754569789,0.352304759982719,"forkhead box protein O1-A-like","liver"
"LOC115142766",266.498876499314,-0.0837643143441049,0.128309916561976,0.0644335228704175,0.310072065194594,"peroxisome proliferator-activated receptor delta-like, transcript variant X3","liver"
"LOC115101146",58.2530030471708,-0.083884032057564,0.14239977499148,0.0290580156801404,0.216900438975056,"atrial natriuretic peptide receptor 2-like","liver"
"LOC115108300",379.145847705817,-0.0844451015447383,0.0969665745051818,0.113060777361578,0.394213625770567,"cyclic AMP-responsive element-binding protein 3-like protein 3-B","liver"
"LOC115142772",109.869329680635,-0.0844660979240284,0.0835102862469153,0.112585153439474,0.393228008071377,"plexin-A1-like, transcript variant X2","liver"
"LOC115103411",159.204692215162,-0.0849737510827327,0.136775411864085,0.0461346964110796,0.265225701793456,"tumor protein p53-inducible nuclear protein 1-like, transcript variant X3","liver"
"LOC115143994",83.6556963396972,-0.085009410922833,0.0910311589710996,0.114080328768391,0.394843487389548,"ral GTPase-activating protein subunit beta-like, transcript variant X3","liver"
"LOC115140872",703.396180026867,-0.0850550268283515,0.104774870108431,0.104632166035298,0.379769108423754,"amyloid-like protein 1","liver"
"LOC115124832",80.4859075387365,-0.0851047806874233,0.117118593134123,0.0858737076587199,0.350742551825015,"autism susceptibility gene 2 protein homolog, transcript variant X2","liver"
"LOC115139575",127.300283917615,-0.0858184204469247,0.107261538927193,0.102423327852263,0.376444981357823,"eukaryotic translation initiation factor 5-like, transcript variant X5","liver"
"ctnnb1",393.170070183247,-0.0858992482307797,0.0922336898812555,0.110559116782699,0.389715104987415,"catenin beta 1","liver"
"LOC115103031",57.6981842465009,-0.0860547113502378,0.129653361013113,0.0643612482047841,0.310072065194594,"TGF-beta receptor type-1-like","liver"
"LOC115138712",108.50700740918,-0.086520208986011,0.1029167045013,0.106950678167563,0.38441883969223,"eukaryotic translation initiation factor 4 gamma 3-like, transcript variant X5","liver"
"LOC115126857",1029.91425461445,-0.0867603235847184,0.121133754349438,0.0669413574300606,0.314455366975914,"fructose-1,6-bisphosphatase 1-like","liver"
"LOC115120696",68.0141328482037,-0.08694966659816,0.143048881689243,0.0364399965489832,0.236820785401117,"E3 ubiquitin-protein ligase SH3RF3-like","liver"
"LOC115110082",141.814264460032,-0.0869546633679864,0.120171351566639,0.0826295079950796,0.346143755999943,"bromodomain-containing protein 4-like, transcript variant X1","liver"
"LOC115109554",201.246501380534,-0.0869882249014693,0.0818839290984482,0.103710583517674,0.37878524947853,"bile acid receptor-like, transcript variant X3","liver"
"LOC115106831",123.006474655144,-0.0894570909778154,0.123983555307869,0.0753026766353629,0.330036247274988,"claudin-14-like, transcript variant X2","liver"
"LOC115137365",78.3154000288522,-0.0894759797421158,0.130951401864372,0.0656601961979314,0.311938109246699,"bifunctional UDP-N-acetylglucosamine 2-epimerase/N-acetylmannosamine kinase-like, transcript variant X3","liver"
"LOC115103914",104.365202909934,-0.0903459870011112,0.115351045594239,0.0851328664081103,0.349799963184937,"ERO1-like protein beta, transcript variant X1","liver"
"LOC115133979",60.1112194742301,-0.0906651303506269,0.118603235221032,0.0831432857896988,0.346910524599496,"zinc finger C3H1 domain-containing protein-like, transcript variant X5","liver"
"LOC115145245",123.770143570488,-0.0906852831429848,0.079292453164047,0.0893724884489587,0.354360177935755,"serine/arginine repetitive matrix protein 2-like, transcript variant X2","liver"
"LOC115114767",138.039591667358,-0.0910872636224837,0.140982222457634,0.0479693750579476,0.271937653318768,"ski-like protein, transcript variant X3","liver"
"LOC115132987",373.29295173133,-0.0911761150460536,0.111920583691903,0.0874529760432576,0.35292903995279,"guanine nucleotide-binding protein G(i) subunit alpha-1","liver"
"LOC115105493",84.0120901472024,-0.0912204105704577,0.106359697946551,0.0930930128814693,0.361008794954762,"phosphoglycerate kinase-like","liver"
"LOC115145341",98.6090407402958,-0.0915046268025054,0.129010197904523,0.0681221844645361,0.317332598717085,"tyrosine-protein kinase JAK1-like, transcript variant X1","liver"
"LOC115114548",76.6073286320783,-0.0917456917115452,0.119971814629794,0.0804836749779599,0.342229155758065,"microtubule-associated protein RP/EB family member 2-like, transcript variant X2","liver"
"LOC115105111",78.0349289397578,-0.0921894427619099,0.100446800611965,0.093980744313135,0.362302933203603,"kinesin-1 heavy chain-like","liver"
"LOC115108519",58.832940024737,-0.0922520368125313,0.088625425548936,0.0922524995321964,0.359285719078632,"protein furry homolog-like, transcript variant X11","liver"
"LOC115139154",153.64581854169,-0.0924843818251233,0.0897320791021013,0.0915792041373272,0.359279148153416,"RNA-binding protein 25-like","liver"
"LOC115124238",67.6925373892265,-0.0932927239715778,0.134588102268903,0.0608672706334949,0.303270077232676,"acetyl-coenzyme A synthetase, cytoplasmic-like","liver"
"LOC115103495",99.3955854476606,-0.0935419319701155,0.136962732357185,0.0571413031054017,0.292965976676248,"signal transducer and activator of transcription 5B-like","liver"
"LOC115109591",62.530319413949,-0.0935571736691879,0.111963735017185,0.0862672401550613,0.350923424023982,"FYVE, RhoGEF and PH domain-containing protein 4-like, transcript variant X1","liver"
"pcf11",78.426878577281,-0.0937207715197571,0.103979006108719,0.0908245439408187,0.358113368975222,"PCF11 cleavage and polyadenylation factor subunit, transcript variant X2","liver"
"LOC115104488",178.074409634296,-0.0940080345540127,0.119459356509628,0.0787298289152313,0.338862494887521,"histone-lysine N-methyltransferase 2C-like","liver"
"LOC115113007",344.973991522999,-0.0948326628457385,0.0861378630339353,0.085421236003318,0.350278629727892,"probable E3 ubiquitin-protein ligase TRIM8, transcript variant X2","liver"
"LOC115123698",65.5437842680012,-0.0951702382821727,0.127761741955187,0.0692141053209404,0.318558887877367,"protein-tyrosine sulfotransferase 2-like, transcript variant X2","liver"
"LOC115105240",258.292893469316,-0.0954198515771506,0.0934703116901933,0.084866255637711,0.349518919030781,"cytoplasmic polyadenylation element-binding protein 4-like, transcript variant X2","liver"
"LOC115105288",279.17667945405,-0.0956100626956662,0.148072630401724,0.0447617794103443,0.261970873001287,"protein Jade-1-like","liver"
"LOC115123863",676.859183950517,-0.0957582743865449,0.146458320201531,0.0458677411334091,0.264811491302798,"60S ribosomal protein L4-A, transcript variant X1","liver"
"LOC115123699",392.091676821597,-0.0959403390820274,0.158936854041957,0.028538247545183,0.215410920359566,"polyubiquitin-B","liver"
"LOC115110892",140.399913255603,-0.0960991638497071,0.148393440452282,0.042081679213399,0.254488018507143,"microfibril-associated glycoprotein 4-like","liver"
"LOC115107105",266.678707894606,-0.0970409278253348,0.0794762865212936,0.0729001414877485,0.326705500361967,"myotrophin, transcript variant X1","liver"
"LOC115106784",70.6450213100338,-0.0973448945595397,0.0925386918357784,0.0817547806573821,0.344681911946485,"eukaryotic translation initiation factor 4H-like, transcript variant X3","liver"
"LOC115134055",66.0469066845778,-0.0976130609361126,0.130087157439828,0.0660375904344339,0.3128136385416,"cat eye syndrome critical region protein 2-like, transcript variant X2","liver"
"COX2",12866.1482565368,-0.0978059678868339,0.105337291320264,0.144801034452945,0.434170287903332,NA,"liver"
"LOC115142940",127.402720590111,-0.0982931227248459,0.10040735092554,0.0815316620224289,0.344681911946485,"neurofascin-like","liver"
"LOC115137323",131.818334054736,-0.0983406306675392,0.108299003534249,0.0801299445918119,0.342229155758065,"protocadherin Fat 1-like","liver"
"LOC115112993",210.408344041497,-0.0985663994877447,0.111712841933415,0.0784782886715547,0.338136897066868,"ras-related protein Rab-40B-like","liver"
"LOC115103147",63.9410984753621,-0.0986332560952577,0.104135541891369,0.0817731621325444,0.344681911946485,"enhancer of polycomb homolog 1-like, transcript variant X2","liver"
"LOC115117104",58.6051406730898,-0.099344339172502,0.11306778336001,0.0775405047031677,0.335514965148738,"talin-1-like","liver"
"LOC115130876",92.7465088771962,-0.099868643034243,0.110689497725842,0.0774686265452472,0.335514965148738,"ecto-NOX disulfide-thiol exchanger 2-like, transcript variant X2","liver"
"LOC115126022",84.0215033080444,-0.100842624016566,0.160312299755091,0.0335674689223671,0.229611277294517,"pantothenate kinase 1-like","liver"
"LOC115108366",79.1505932501683,-0.10124387324483,0.0942933503223299,0.0743788110360441,0.329172675117172,"ER degradation-enhancing alpha-mannosidase-like protein 3, transcript variant X2","liver"
"LOC115109181",117.670929982036,-0.102102282116182,0.119011483580521,0.0725240860912351,0.326705500361967,"serine/arginine-rich splicing factor 11-like","liver"
"LOC115113790",89.7036708098944,-0.102664394158357,0.108534615132117,0.0739435931469351,0.328709888003268,"leukocyte receptor cluster member 8 homolog","liver"
"LOC115141334",181.062762866114,-0.102796893272119,0.109066951649169,0.0718897783006766,0.32558081817062,"ubiquitin carboxyl-terminal hydrolase 5-like, transcript variant X1","liver"
"klhl29",112.497531342509,-0.103049655160281,0.112244182255398,0.0734108161778632,0.327974970113139,"kelch like family member 29, transcript variant X1","liver"
"LOC115144966",81.1099718542645,-0.103332755009329,0.103796240641966,0.0732394091733768,0.327688070022705,"nuclear factor 1 C-type-like, transcript variant X3","liver"
"LOC115141777",117.268081420096,-0.10350927954494,0.0858802604396139,0.0647256119009374,0.310607773214372,"lissencephaly-1 homolog A, transcript variant X2","liver"
"LOC115128719",106.600235522948,-0.103660924075156,0.0946837564703934,0.0694966601096443,0.319261722777012,"casein kinase II subunit alpha-like, transcript variant X1","liver"
"LOC115143092",333.185934409544,-0.104019320208652,0.115860896066144,0.069842144881691,0.319690666576679,"interleukin-17 receptor C-like, transcript variant X1","liver"
"srsf7",76.0791143756401,-0.104589918932487,0.130922322306075,0.0611528724095376,0.303588391933973,"serine and arginine rich splicing factor 7, transcript variant X1","liver"
"LOC115135506",100.271424259645,-0.104812148655318,0.170899983215414,0.0274718967618665,0.211651140154003,"phosphofurin acidic cluster sorting protein 1-like, transcript variant X2","liver"
"LOC115103255",102.363998044616,-0.105187170215908,0.191507780391014,0.0129410754535531,0.156058649552315,"angiopoietin-related protein 4-like, transcript variant X1","liver"
"LOC115104028",62.3542808580372,-0.105648944824884,0.10504795441647,0.0689405100790726,0.318235015948244,"KAT8 regulatory NSL complex subunit 1-like, transcript variant X1","liver"
"LOC115101387",69.2676313882944,-0.106522095770753,0.089202221574548,0.0614476014095996,0.303588391933973,"heterogeneous nuclear ribonucleoprotein U-like protein 1","liver"
"LOC115134404",284.007206290593,-0.106687575343024,0.127210870787431,0.0622984634696655,0.305705050375339,"low-density lipoprotein receptor-related protein 5-like","liver"
"LOC115133794",162.245199518136,-0.107896337024228,0.111410832179025,0.0650597698076046,0.310833883962236,"UHRF1-binding protein 1-like","liver"
"LOC115121787",105.289193023203,-0.108956047687908,0.0702628135984037,0.0374466762299717,0.238861740709491,"baculoviral IAP repeat-containing protein 2-like","liver"
"LOC115129408",258.770552440597,-0.109561674443952,0.0958307226833657,0.0589377441135104,0.295850055426932,"proto-oncogene DBL-like","liver"
"LOC115110408",91.5878092007407,-0.109808897749351,0.0983482723788644,0.0616833168714428,0.304015960783556,"histone acetyltransferase p300-like, transcript variant X5","liver"
"clybl",64.6152438399759,-0.110299610156263,0.0951431925089515,0.0580324073966403,0.294660212954273,"citrate lyase beta like, transcript variant X2","liver"
"LOC115102104",470.891206137394,-0.111366253145149,0.136079131456258,0.0540848495809059,0.286514561702219,"serine protease hepsin-like, transcript variant X2","liver"
"LOC115142923",128.072415176775,-0.111820660626191,0.13173927723328,0.0557574126757534,0.289477462151457,"solute carrier family 25 member 34-like, transcript variant X2","liver"
"nr2f1",152.535209078418,-0.112447081463512,0.0812643454318772,0.0448615479280909,0.261970873001287,"nuclear receptor subfamily 2 group F member 1, transcript variant X2","liver"
"pam",80.2698811997388,-0.113225989096878,0.152500410571347,0.0454001440621611,0.262535331534949,"peptidylglycine alpha-amidating monooxygenase, transcript variant X2","liver"
"LOC115131882",361.111664162567,-0.113876835383083,0.134526977663962,0.0543825107439227,0.287001509588736,"RAF proto-oncogene serine/threonine-protein kinase-like","liver"
"LOC115107678",90.5578272745605,-0.11456626862367,0.10887555787243,0.0563998992555073,0.291717484848935,"S-adenosylmethionine decarboxylase proenzyme-like","liver"
"LOC115101074",86.9317513232607,-0.114683329324266,0.142947424349061,0.048277001520442,0.272922410814593,"5'-AMP-activated protein kinase catalytic subunit alpha-1-like","liver"
"LOC115137077",106.254318208427,-0.114823133951418,0.130916557960212,0.0541256654834909,0.286514561702219,"forkhead box protein P1-B-like, transcript variant X6","liver"
"LOC115144088",183.05091564148,-0.114949669403423,0.120602425782626,0.0546525777151838,0.287066890163775,"replication termination factor 2-like, transcript variant X1","liver"
"LOC115110608",306.19242985322,-0.115376044940667,0.158682666869705,0.0416489062922694,0.253610698023486,"low-density lipoprotein receptor-like","liver"
"LOC115135922",171.203355900426,-0.115389185775863,0.135591700293321,0.0545697178437857,0.287001509588736,"nuclear receptor corepressor 1-like, transcript variant X4","liver"
"tm9sf1",63.034572846991,-0.115421998266269,0.139104838483168,0.0506606781070379,0.280180358160497,"transmembrane 9 superfamily member 1, transcript variant X2","liver"
"LOC115143984",129.580704709898,-0.115472674255224,0.173168888789762,0.0338383232445681,0.23064382198137,"growth factor receptor-bound protein 7-like, transcript variant X1","liver"
"LOC115142853",5893.73587709561,-0.115498273198558,0.143564234086173,0.0554449797210931,0.288994549032194,"1,25-dihydroxyvitamin D(3) 24-hydroxylase, mitochondrial","liver"
"slc2a4rg",67.8787049518224,-0.115500005353918,0.226286395005299,0.0105390548300087,0.144392931907347,"SLC2A4 regulator, transcript variant X1","liver"
"LOC115120401",816.087125230698,-0.11553970747817,0.195639382156222,0.0208201509823972,0.182463925527092,"arrestin domain-containing protein 3-like","liver"
"LOC115143219",91.4567142206629,-0.115591548396003,0.115993177648528,0.0557795963255728,0.289477462151457,"ubiquitin-associated protein 2-like, transcript variant X2","liver"
"LOC115143907",78.9337661965538,-0.115794583649331,0.128549104961817,0.0532085586309994,0.28440666342479,"nuclear distribution protein nudE-like 1-A, transcript variant X2","liver"
"pum1",129.424984094519,-0.116895001593197,0.0890494652970774,0.045273547391948,0.262535331534949,"pumilio RNA binding family member 1, transcript variant X4","liver"
"LOC115134611",58.306914985807,-0.117129873043628,0.180703915285974,0.0314293773814944,0.223513442448635,"junctional adhesion molecule A-like","liver"
"LOC115102192",240.294285679306,-0.117296146403083,0.157445820380115,0.0431010425722185,0.257491084209723,"oxysterol-binding protein-related protein 2-like, transcript variant X2","liver"
"LOC115129282",99.6117741473692,-0.11786173780586,0.121862606705512,0.0531740824027498,0.28440666342479,"matrix-remodeling-associated protein 5-like","liver"
"LOC115138133",63.867831195141,-0.118408755692471,0.170801669557715,0.0354766091481207,0.234876676173821,"regulator of G-protein signaling 12-like, transcript variant X1","liver"
"LOC115135102",57.4975565105462,-0.11844738158342,0.139564057089209,0.0492788828529824,0.275151680148981,"phosphatidylcholine:ceramide cholinephosphotransferase 1-like, transcript variant X2","liver"
"LOC115131964",71.1521456967621,-0.119287914802469,0.125006542897044,0.051187388881127,0.281629058451218,"cAMP-dependent protein kinase type II-alpha regulatory subunit-like, transcript variant X2","liver"
"LOC115142428",246.42656309816,-0.119669413827044,0.210714025253137,0.0203412890400663,0.181137621423119,"VPS10 domain-containing receptor SorCS3-like","liver"
"LOC115114791",124.024882236095,-0.120461983688457,0.13835842530759,0.0479168868559638,0.271937653318768,"cysteine/serine-rich nuclear protein 1-like","liver"
"LOC115115135",102.99965365453,-0.120542495065787,0.140520433660992,0.0469664150659967,0.269247690308021,"rho guanine nucleotide exchange factor 11-like, transcript variant X3","liver"
"LOC115141202",438.789268526062,-0.123024025480418,0.131526027668457,0.048421758770701,0.27336161876645,"mannosyl-oligosaccharide 1,2-alpha-mannosidase IA-like, transcript variant X1","liver"
"dhrs7",143.828183910208,-0.123071787274847,0.156337876643773,0.0414481039066883,0.253287063753615,"dehydrogenase/reductase 7, transcript variant X2","liver"
"LOC115103360",132.930896166778,-0.123089924784722,0.146737170162422,0.0444874003401788,0.261970873001287,"uncharacterized LOC115103360, transcript variant X2","liver"
"lmo7",151.942615145368,-0.124441174602025,0.136781596415816,0.0451421253841634,0.262535331534949,"LIM domain 7","liver"
"LOC115140172",67.2287935393565,-0.125049688858353,0.109188334496219,0.0448242347526847,0.261970873001287,"ras GTPase-activating-like protein IQGAP1, transcript variant X1","liver"
"fxr1",60.7330840092466,-0.125392027343016,0.09635615990158,0.0388845124964852,0.245726004551432,"FMR1 autosomal homolog 1","liver"
"LOC115134427",114.498962945508,-0.126285853943629,0.194789015906144,0.0284912215368911,0.215410920359566,"potassium voltage-gated channel subfamily KQT member 1-like, transcript variant X1","liver"
"LOC115132285",162.925454624389,-0.126961038995787,0.14282918792834,0.0429026135738477,0.257174592436618,"specifically androgen-regulated gene protein-like, transcript variant X1","liver"
"LOC115138416",137.967838944179,-0.128565071101729,0.134375605087764,0.0429044953034594,0.257174592436618,"serine/arginine repetitive matrix protein 1-like","liver"
"CYTB",9452.01741391626,-0.130750388620276,0.145050685389085,0.0396261753267745,0.246919597587044,NA,"liver"
"srsf4",95.2442673871772,-0.131432331502637,0.12701928226953,0.040411141609719,0.249948123218838,"serine and arginine rich splicing factor 4","liver"
"LOC115129597",170.404561068023,-0.131707463284618,0.143309096379434,0.0392575471406551,0.246919597587044,"protein diaphanous homolog 2-like","liver"
"plxdc2",110.124244037419,-0.135121313469235,0.200397138454989,0.0279402011976875,0.213911449817034,"plexin domain containing 2","liver"
"LOC115146897",70.0826283812774,-0.136010471389038,0.137670790192459,0.0380593001285595,0.242012023906409,"inactive carboxypeptidase-like protein X2","liver"
"ATP6",2379.82788486397,-0.136360555555869,0.180719519474932,0.0362178915828215,0.236541417772181,NA,"liver"
"LOC115107640",63.0283691563869,-0.136567529129168,0.144174065160016,0.0366038014726948,0.236820785401117,"heterogeneous nuclear ribonucleoprotein Q-like, transcript variant X7","liver"
"LOC115145224",123.879487395061,-0.137226829644205,0.112953721828326,0.0341435070026662,0.232335449988092,"U1 small nuclear ribonucleoprotein 70 kDa-like","liver"
"LOC115123256",391.906354098611,-0.137703668777743,0.10125892922803,0.0291402335978499,0.216900438975056,"protein TFG-like, transcript variant X3","liver"
"LOC115112080",99.6743162405994,-0.138089146799059,0.134200570818959,0.0364976737246041,0.236820785401117,"rho GTPase-activating protein 1-like","liver"
"LOC115113263",94.3534845196946,-0.138121764897803,0.0846621276339206,0.0205319976008255,0.181536707637668,"Golgi-specific brefeldin A-resistance guanine nucleotide exchange factor 1-like, transcript variant X1","liver"
"LOC115135904",58.5680064969755,-0.138545077361451,0.170828362075642,0.0335628304135255,0.229611277294517,"coxsackievirus and adenovirus receptor homolog","liver"
"LOC115127007",64.681774562046,-0.138630313731628,0.155472495305124,0.0350573238762263,0.234579746776844,"chromodomain-helicase-DNA-binding protein 7-like","liver"
"LOC115108486",461.494800886193,-0.139795781571618,0.208448241009561,0.0253527745366001,0.202623351002318,"transcription factor AP-1-like","liver"
"trappc9",171.373554283496,-0.139938187366415,0.11447004125509,0.0322410177154737,0.225797917883627,"trafficking protein particle complex 9, transcript variant X1","liver"
"LOC115136940",153.308003379106,-0.140227923806745,0.0869961598032029,0.0201993473820291,0.181137621423119,"heterogeneous nuclear ribonucleoprotein L-like, transcript variant X1","liver"
"LOC115145335",91.5130513535705,-0.142454931189776,0.159060357710106,0.0332595335545682,0.229611277294517,"phosphoglucomutase-1-like","liver"
"LOC115137883",157.343786736671,-0.146207236403478,0.120422932150197,0.0296006979721245,0.218899134271184,"SH3 domain and tetratricopeptide repeat-containing protein 1-like, transcript variant X1","liver"
"LOC115133550",239.984228457436,-0.14751507293385,0.104493435416543,0.0236143614316445,0.195237600801994,"receptor-type tyrosine-protein phosphatase delta-like, transcript variant X1","liver"
"LOC115130321",210.938685146158,-0.149245129891388,0.161976829317494,0.0302036239873838,0.219056888563303,"RB1-inducible coiled-coil protein 1-like, transcript variant X3","liver"
"LOC115129612",67.1828454112014,-0.149842180648025,0.122046272791605,0.0273456332154272,0.211651140154003,"muscleblind-like protein 2a, transcript variant X10","liver"
"LOC115110931",64.0908371306079,-0.149929909325303,0.11253821023015,0.0248255996439071,0.199696279754561,"dynamin-2-like","liver"
"LOC115131709",6945.60178880783,-0.151219319973438,0.0926559923942275,0.016144833571766,0.166512586801537,"syndecan-2-A-like","liver"
"LOC115105488",83.3172463434862,-0.154123814151072,0.162103200644522,0.0286592380873973,0.21568917379431,"homeobox protein cut-like 1, transcript variant X2","liver"
"LOC115133259",86.3918449252157,-0.154929600134232,0.139265945029299,0.0266910783209658,0.208382835814177,"lysine-specific demethylase 5A-like, transcript variant X5","liver"
"LOC115118279",115.184784024213,-0.155456613279515,0.193501321660256,0.0256326107606413,0.203935293286921,"insulin receptor-like","liver"
"LOC115142937",515.183925308352,-0.156919685039391,0.138426445526712,0.0260088544249443,0.205432430986449,"pleckstrin homology domain-containing family A member 6-like, transcript variant X6","liver"
"LOC115135156",61.2490387688329,-0.15739289089375,0.0966081464158593,0.0154465871588422,0.164057073949211,"baculoviral IAP repeat-containing protein 6-like, transcript variant X14","liver"
"tmem232",157.700090577598,-0.161333121967209,0.113322291059064,0.0191812993543767,0.178602417127693,"transmembrane protein 232","liver"
"LOC115138324",98.29924205222,-0.161346380534777,0.129417199443621,0.0228845143609986,0.191590638895676,"kinase D-interacting substrate of 220 kDa B-like, transcript variant X2","liver"
"LOC115135526",137.125571837843,-0.162966370542952,0.162782227938778,0.0249751202375012,0.200390925370187,"rho GTPase-activating protein 31-like, transcript variant X2","liver"
"LOC115145297",167.848417495462,-0.163040771986298,0.159550689375372,0.0246752492999341,0.19916102207234,"DENN domain-containing protein 1B-like, transcript variant X5","liver"
"LOC115144915",61.5889217361802,-0.163221966205393,0.10235026088309,0.0149974159128156,0.164057073949211,"amino-terminal enhancer of split-like, transcript variant X1","liver"
"kyat1",175.776714410612,-0.164158303547295,0.116019954111406,0.0185946253455095,0.177115674978197,"kynurenine aminotransferase 1, transcript variant X4","liver"
"LOC115130517",69.8876540477343,-0.165139305939962,0.194594857573194,0.0237788947535566,0.195803585889893,"dual specificity protein kinase CLK4-like, transcript variant X1","liver"
"patj",249.381031624545,-0.167425582210424,0.124876546248756,0.019380218832886,0.178602417127693,"PATJ crumbs cell polarity complex component, transcript variant X3","liver"
"LOC115123096",90.5265285799374,-0.169066346667061,0.286085334021416,0.0180424224355335,0.173855588291335,"nuclear factor 1 X-type-like","liver"
"LOC115111950",126.884578626945,-0.170412259673888,0.102693280497142,0.012293313729017,0.15362064340629,"epsin-1-like, transcript variant X1","liver"
"LOC115101827",114.240772014294,-0.172517213551646,0.1583204657815,0.0216255235009551,0.187543901680623,"carboxypeptidase N subunit 2-like","liver"
"LOC115101290",75.7902352017812,-0.172912350147395,0.117334575084939,0.0156719522732597,0.164057073949211,"procollagen C-endopeptidase enhancer 2-like","liver"
"znf609",81.5148548109139,-0.174248879258108,0.147167854941545,0.0203336880277703,0.181137621423119,"zinc finger protein 609, transcript variant X1","liver"
"LOC115142954",121.772652289419,-0.178308932859859,0.170550818481384,0.0204655024344338,0.181536707637668,"receptor-type tyrosine-protein phosphatase gamma-like","liver"
"LOC115144388",144.645377583994,-0.179465923237798,0.199988478187618,0.0203336817032571,0.181137621423119,"mitogen-activated protein kinase kinase kinase 4-like, transcript variant X1","liver"
"LOC115139941",171.071277675195,-0.180884810466025,0.0933625012877204,0.00663608692970783,0.118190391394747,"hepatocyte nuclear factor 1-alpha, transcript variant X2","liver"
"LOC115127896",268.825641185803,-0.184269869449703,0.157999995285562,0.0179756895375915,0.173623010794368,"lysosome membrane protein 2-like","liver"
"LOC115107737",70.4589281521765,-0.185038215800396,0.119833930007256,0.0122174370690578,0.153330095400931,"afadin-like, transcript variant X12","liver"
"LOC115113613",1624.67749227223,-0.186132537107137,0.15995418361891,0.0174837633082859,0.171935049223734,"UDP-glucuronosyltransferase 2C1-like, transcript variant X2","liver"
"LOC115116332",66.5643791833029,-0.189125556830639,0.171827629794759,0.0178630464034806,0.173510085563171,"aryl hydrocarbon receptor-like","liver"
"tp53inp2",362.973446003685,-0.191508842837152,0.147429849582611,0.0142662794365369,0.16126343215619,"tumor protein p53 inducible nuclear protein 2, transcript variant X1","liver"
"LOC115113578",99.6896855586508,-0.19417513487669,0.132219005235449,0.0123286017255957,0.15362064340629,"tight junction protein ZO-1-like","liver"
"LOC115102996",384.037140054563,-0.194677463143162,0.140557706449584,0.0129804031135226,0.156071159559641,"solute carrier family 22 member 23-like","liver"
"LOC115138157",629.309325440229,-0.195722700558784,0.133849922000768,0.0117332152924825,0.151824081054472,"equilibrative nucleoside transporter 2-like, transcript variant X1","liver"
"ncoa5",83.8340567133297,-0.196073298965487,0.10680377908906,0.00691793813539828,0.119738667963907,"nuclear receptor coactivator 5, transcript variant X1","liver"
"LOC115108554",77.8520078408004,-0.196212077409309,0.160970576500438,0.0154728788381697,0.164057073949211,"carboxyl-terminal PDZ ligand of neuronal nitric oxide synthase protein-like","liver"
"LOC115103132",71.5398505853391,-0.197427135215372,0.126310850592983,0.0105590411670235,0.144392931907347,"extended synaptotagmin-2-B-like, transcript variant X1","liver"
"afdn",63.7422155744245,-0.197507327148743,0.107731535227421,0.00694747402817716,0.119738667963907,"afadin, adherens junction formation factor, transcript variant X8","liver"
"ND6",1680.97546519652,-0.198410540897859,0.176795261947749,0.0164140092343053,0.167677948969996,NA,"liver"
"LOC115138206",109.14420976616,-0.199741618787546,0.173856512639799,0.0154443626317059,0.164057073949211,"membrane-associated guanylate kinase, WW and PDZ domain-containing protein 1-like, transcript variant X2","liver"
"LOC115112528",170.734785337669,-0.200124324890888,0.16808358274067,0.0149258996751909,0.163983738749537,"immunoglobulin superfamily DCC subclass member 4-like","liver"
"LOC115141397",145.824614396321,-0.202851379838808,0.142384603996627,0.0114121555446875,0.150537042071671,"arginine/serine-rich protein PNISR-like, transcript variant X1","liver"
"LOC115142935",135.668027929172,-0.203550495133952,0.0868826952189861,0.00225536028629992,0.0775050244941065,"msx2-interacting protein-like, transcript variant X1","liver"
"LOC115146064",77.3931926475438,-0.204571039648952,0.139701719861774,0.0112347234034133,0.148677703221794,"protein Daple-like","liver"
"LOC115119688",131.387403705223,-0.204823026287463,0.0954373570724052,0.00345825190096909,0.0933498989956954,"ERO1-like protein beta, transcript variant X1","liver"
"LOC115130244",179.162421309343,-0.205492320094306,0.173075069332856,0.0143019970478924,0.16126343215619,"microtubule-associated protein 4-like, transcript variant X4","liver"
"LOC115102779",117.769086571058,-0.206172656496612,0.129911849327563,0.00903396076317509,0.13271750448203,"apoptotic chromatin condensation inducer in the nucleus-like","liver"
"LOC115118912",75.1552083080085,-0.207223206826369,0.124888821811433,0.00839925003371899,0.12871512262463,"serine/threonine-protein kinase MRCK beta-like","liver"
"LOC115112441",141.945413125043,-0.208520890377773,0.139249043625339,0.0103052951909793,0.142872051695345,"coatomer subunit beta-like, transcript variant X1","liver"
"ythdc1",97.1096903452975,-0.209414698763274,0.125751602965261,0.00799452495783629,0.12637739757133,"YTH domain containing 1, transcript variant X2","liver"
"fus",65.1619902719291,-0.210462671596802,0.136167414240992,0.00953099166928303,0.136797460692437,"FUS RNA binding protein, transcript variant X2","liver"
"LOC115104649",81.8128099571727,-0.21128262319422,0.110860656026881,0.00525425661366897,0.104982107633896,"septin-7-like, transcript variant X1","liver"
"LOC115140321",67.1387693136355,-0.212186232569105,0.19622291157207,0.0142777839110981,0.16126343215619,"growth hormone receptor-like","liver"
"LOC115129421",136.09931968968,-0.213484314164017,0.160387218954938,0.0118085388762372,0.152315203985895,"disks large homolog 1-like, transcript variant X3","liver"
"LOC115146304",95.8362692297587,-0.222514804837774,0.13287751058362,0.00707676563737224,0.120187069741372,"serine/arginine repetitive matrix protein 1-like, transcript variant X1","liver"
"LOC115124648",265.992243167166,-0.224961239909515,0.103566390979876,0.00273931733471736,0.0833243093754326,"receptor-type tyrosine-protein phosphatase F-like","liver"
"LOC115112301",287.182269507309,-0.22549725566309,0.181996985576817,0.0124064846395161,0.15362064340629,"furin-1-like, transcript variant X2","liver"
"LOC115127760",4882.27100916989,-0.226780446691466,0.474589185826028,0.0115292278085251,0.151103320088579,"complement C1q-like protein 2","liver"
"LOC115140752",88.8447124109022,-0.228837288610131,0.115990908460572,0.00403267081818797,0.0963575161217609,"gastrula zinc finger protein XlCGF58.1-like, transcript variant X28","liver"
"LOC115133611",117.97082441175,-0.23006119207711,0.207891926546618,0.0120877234506306,0.153195161526808,"CLIP-associating protein 1-like","liver"
"LOC115131367",222.71689957094,-0.231500308516926,0.212439865850087,0.0127305907217508,0.155344040114578,"thyroid hormone receptor-associated protein 3-like, transcript variant X2","liver"
"LOC115106827",170.040855290578,-0.232684735509487,0.155944174335219,0.00839995648139148,0.12871512262463,"stromal interaction molecule 1-like, transcript variant X2","liver"
"kazn",111.357077396419,-0.2356776564675,0.12301476364901,0.00421328517275521,0.0963575161217609,"kazrin, periplakin interacting protein, transcript variant X2","liver"
"nfyc",152.249948415636,-0.242257876938159,0.215731317279565,0.0109175545440614,0.146381422110507,"nuclear transcription factor Y subunit gamma, transcript variant X5","liver"
"LOC115140855",259.267566452463,-0.250773005509244,0.228795747754153,0.0105016939622565,0.144392931907347,"maternal B9.15 protein-like, transcript variant X2","liver"
"LOC115127091",215.200873533148,-0.250916471865211,0.128678061573352,0.00356499438397195,0.0937478523165784,"oncoprotein-induced transcript 3 protein-like","liver"
"LOC115126342",114.727640205263,-0.255513616940174,0.135389757201514,0.00393332386711573,0.0960013657626569,"transcriptional regulator ATRX-like","liver"
"LOC115130084",67.064060005343,-0.256319281654843,0.219783133361441,0.0098306936704211,0.138172094484953,"UDP-N-acetylglucosamine--peptide N-acetylglucosaminyltransferase 110 kDa subunit-like","liver"
"ND1",1151.96859024375,-0.257283807019572,0.251946509713822,0.011072071943296,0.147390361191738,NA,"liver"
"LOC115116746",119.185403481934,-0.257415874171533,0.122261893311194,0.00253067235710418,0.0805860978715363,"fibrillin-1-like","liver"
"LOC115111174",168.336398277898,-0.267371387765695,0.147300007275215,0.00408311117909546,0.0963575161217609,"unconventional myosin-Ib-like, transcript variant X1","liver"
"LOC115135951",343.313823592477,-0.270987493665832,0.152363088258841,0.00427887890530881,0.0963575161217609,"phosphoglycerate kinase","liver"
"LOC115114499",89.4539553033673,-0.271248063528223,0.153318144639779,0.00441026675172911,0.0970184912679679,"laminin subunit alpha-3-like","liver"
"LOC115136041",107.511172090772,-0.27436439859696,0.107451367409594,0.00079948138695232,0.0498324214572744,"serine/arginine-rich splicing factor 7-like, transcript variant X2","liver"
"LOC115109209",61.0034926693077,-0.275530912335289,0.121120194464163,0.0015774385210595,0.0659698748694656,"scaffold attachment factor B2-like, transcript variant X1","liver"
"LOC115138079",100.725620036908,-0.291399826973969,0.14890061617172,0.00279722360600835,0.083834436897721,"receptor-type tyrosine-protein phosphatase delta-like, transcript variant X2","liver"
"LOC115145809",613.622575043974,-0.291561779618048,0.10293033475909,0.000332655678153857,0.0436490093123143,"long-chain-fatty-acid--CoA ligase 1-like, transcript variant X1","liver"
"LOC115105427",83.5554273613753,-0.291822431533993,0.235901595936326,0.00745484568306625,0.12140826255928,"cell adhesion molecule 1-like, transcript variant X2","liver"
"LOC115138292",68.2471693489387,-0.29233370330403,0.169497001671914,0.00424339990097441,0.0963575161217609,"protein quaking-A-like, transcript variant X3","liver"
"LOC115128540",92.6679113562632,-0.297208538411514,0.270503791378166,0.00825857678303379,0.12871512262463,"phosphatase and actin regulator 4B-like","liver"
"LOC115124980",72.9793713066706,-0.303101955778555,0.136682391372071,0.00158612554887331,0.0659698748694656,"far upstream element-binding protein 1-like, transcript variant X1","liver"
"macrod2",333.912489251297,-0.31108376606037,0.156408868461893,0.00241428249308444,0.0775679555562892,"mono-ADP ribosylhydrolase 2","liver"
"csmd3",356.01645550312,-0.32631258228376,0.284051925672485,0.00696681022280836,0.119738667963907,"CUB and Sushi multiple domains 3, transcript variant X2","liver"
"LOC115102554",175.14771834637,-0.328115400285177,0.1728292360809,0.00268451705039417,0.0833243093754326,"low-density lipoprotein receptor-related protein 1-like","liver"
"LOC115102558",1927.85097847973,-0.333017692846074,0.0930957868975769,2.42967189468186e-05,0.0230517281281126,"low-density lipoprotein receptor-related protein 1-like","liver"
"LOC115130089",92.4399292243984,-0.338369814512095,0.251736427856497,0.00580877327976366,0.112211184304818,"zinc finger homeobox protein 4-like","liver"
"LOC115132601",87.0907933359493,-0.342276058759909,0.14930613610444,0.00114431663817082,0.0583029327148034,"nuclear receptor coactivator 3-like","liver"
"LOC115128454",57.7789039903661,-0.348099312227001,0.160713431713385,0.00146643704244271,0.0634810769012427,"chromatin target of PRMT1 protein-like, transcript variant X3","liver"
"LOC115129419",68.4596069856954,-0.354984603310003,0.144801732572248,0.000750418309465938,0.0497293541243035,"disks large homolog 3, transcript variant X1","liver"
"LOC115125917",90.6473534916497,-0.404956496913783,0.204115749279004,0.00184123559132239,0.0682261479111823,"fibrinogen alpha chain-like","liver"
"ddx31",109.432014231662,-0.409139195352976,0.157351901257547,0.000448786440276009,0.0455752763343709,"DEAD-box helicase 31, transcript variant X2","liver"
"LOC115102051",117.609308827077,-0.427554825877884,0.207225779566371,0.00158380146571186,0.0659698748694656,"membrane-associated guanylate kinase, WW and PDZ domain-containing protein 1-like, transcript variant X9","liver"
"LOC115103085",292.575966151498,-0.568683866707535,0.266150543655113,0.0010649065842242,0.0575369878701222,"sodium- and chloride-dependent glycine transporter 1-like, transcript variant X3","liver"
"LOC115145167",293.398560768979,-0.629867202570603,0.251440964129394,0.000435262015570778,0.0455752763343709,"palladin-like","liver"
"LOC115120566",95.549824151983,-0.671735780521043,0.285541744756749,0.000612639971268373,0.0466002202576675,"E3 ubiquitin-protein ligase RNF19A-like","liver"
"LOC115107543",70.3369688879812,-0.678568908246581,0.220681846651534,8.5330270727845e-05,0.0238352665667346,"pleckstrin homology domain-containing family G member 3-like, transcript variant X4","liver"
"LOC115119914",74.829884789362,-0.77701341000459,0.229084158271759,2.83511316426523e-05,0.0230517281281126,"unconventional myosin-XVI-like","liver"
"LOC115112270",119.800821201623,-0.792722030155386,0.307730153798071,0.000330911266072751,0.0436490093123143,"disintegrin and metalloproteinase domain-containing protein 10-like","liver"
"LOC115116544",234.119529787756,-1.19280991616397,0.395808940189863,8.61050477200278e-05,0.0238352665667346,"alpha-tubulin N-acetyltransferase 1-like, transcript variant X2","liver"
