"gene","baseMean","log2FoldChange","lfcSE","pvalue","padj","description","tissue"
"LOC115131673",100.828268389963,0.29183192861941,0.120162577733125,8.22039500797565e-06,0.0230517281281126,"NADH dehydrogenase [ubiquinone] iron-sulfur protein 5-like","liver"
"LOC115128702",153.550384216592,0.280644724427389,0.100751919444173,1.93122531444919e-05,0.0230517281281126,"26S proteasome complex subunit SEM1","liver"
"LOC115139187",143.999694322358,0.267593657748312,0.0969875037982731,3.7691344526152e-05,0.0230517281281126,"splicing factor 3B subunit 6","liver"
"LOC115133295",217.205891168774,0.262891330299656,0.113119829568661,4.4604415318871e-05,0.0230517281281126,"oligosaccharyltransferase complex subunit ostc, transcript variant X2","liver"
"LOC115123161",148.108566323141,0.261333668390155,0.113638726831552,4.69505305265709e-05,0.0230517281281126,"ferritin, middle subunit-like","liver"
"wdr45",103.888393846575,0.259252798964412,0.115335948021197,4.74585435867113e-05,0.0230517281281126,"WD repeat domain 45","liver"
"LOC115125161",136.916425934153,0.25862655168866,0.108325288424848,6.41241551713899e-05,0.0237609142253259,"60S ribosomal protein L32-like","liver"
"LOC115138705",700.210109238123,0.255078799970389,0.0971100463516354,7.83231488008436e-05,0.0238352665667346,"proteasome subunit alpha type-3","liver"
"LOC115112920",65.1284244089856,0.249813624633544,0.0831168493900862,5.55437163808693e-05,0.0230517281281126,"renin receptor-like","liver"
"LOC115111363",98.3469336555325,0.24934170669127,0.0973115239230483,0.00010884112112365,0.0267734674773602,"glutaredoxin-1-like, transcript variant X1","liver"
"LOC115135049",94.6064474653255,0.249017921482684,0.102451087254197,0.00011414608158846,0.0267734674773602,"bladder cancer-associated protein, transcript variant X2","liver"
"znhit2",158.25734298771,0.248336872507265,0.0998448581337449,0.000118234154708656,0.0267734674773602,"zinc finger HIT-type containing 2, transcript variant X2","liver"
"LOC115135968",118.176869419857,0.246733457375544,0.0979808629939426,0.000127072854897194,0.0272604713979455,"malate dehydrogenase, mitochondrial-like","liver"
"LOC115105069",181.193886984798,0.237842808389407,0.103009352240362,0.000203477137231579,0.0360596874502572,"eukaryotic translation initiation factor 1b","liver"
"gps1",67.9021499002825,0.23760355914704,0.0859013296614745,0.000145892367850791,0.0297328645679912,"G protein pathway suppressor 1, transcript variant X3","liver"
"LOC115140097",81.1122763616699,0.236052940718064,0.0984039050210587,0.000228249254223304,0.0372137584085675,"transcobalamin-2-like","liver"
"LOC115116869",559.328758645918,0.234131518041703,0.0899826234522056,0.000215684883174304,0.0366304826591026,"cytochrome c oxidase subunit NDUFA4-like","liver"
"LOC115107636",84.8333385619588,0.233701118214319,0.0973503659070379,0.000257584384358777,0.0397966689816656,"COP9 signalosome complex subunit 8-like, transcript variant X1","liver"
"LOC115145216",204.780302746805,0.23021504129587,0.0897355459033734,0.000268383879765791,0.0397966689816656,"V-type proton ATPase 16 kDa proteolipid subunit","liver"
"LOC115132717",76.6393436159539,0.227795869938174,0.0989927315770761,0.000353389918377422,0.0436490093123143,"ras-related protein Rab-39B-like","liver"
"anapc16",283.993417182409,0.227086468216495,0.0970312788261536,0.000366294025886747,0.0439121896915994,"anaphase promoting complex subunit 16","liver"
"LOC115104196",106.875930269911,0.225443065148357,0.0975472070931273,0.000400117300497941,0.0453021699119336,"SUMO-conjugating enzyme UBC9-B, transcript variant X2","liver"
"LOC115145095",311.162069601426,0.224066961233745,0.108468464018609,0.00034200529751663,0.0436490093123143,"proteasome subunit beta type-5-like","liver"
"LOC115134514",107.365890738346,0.223413064538238,0.0932302126299353,0.000428993683539674,0.0455752763343709,"40S ribosomal protein S13","liver"
"LOC115121896",83.8215562505802,0.222846574294623,0.0975645498138059,0.000458436292862907,0.0455752763343709,"vacuolar protein sorting-associated protein 29, transcript variant X2","liver"
"LOC115143985",149.714335201736,0.220553886759579,0.0828026446823482,0.000347972117627897,0.0436490093123143,"ADP-ribosylation factor 1","liver"
"LOC115140186",155.996380722397,0.219782412987609,0.0892091515386435,0.000477871978136607,0.0463763376877336,"dynein light chain 1, cytoplasmic-like","liver"
"LOC115142589",99.382477783106,0.219047181038631,0.0830579710446257,0.000386280733622227,0.0449851505784057,"phosphoribosyl pyrophosphate synthase-associated protein 1-like, transcript variant X2","liver"
"LOC115104729",486.108115545581,0.218949980164101,0.0728110447192069,0.000174624290901607,0.0338937433197595,"cytochrome b-c1 complex subunit 9-like","liver"
"LOC115143167",66.2406955859994,0.218765866678353,0.0853883268440805,0.00044009023276281,0.0455752763343709,"GTP-binding protein Rheb-like","liver"
"LOC115126009",252.464003404165,0.218019342560971,0.0951421998489416,0.000585628005461248,0.0466002202576675,"ATP synthase F(0) complex subunit B1, mitochondrial-like","liver"
"LOC115142640",109.095304773969,0.216139385944348,0.0722380526417731,0.000199150237343466,0.0360596874502572,"protein dpy-30 homolog, transcript variant X1","liver"
"ndufb5",193.309710071905,0.216023365583218,0.104658654707365,0.000578647771455205,0.0466002202576675,"NADH:ubiquinone oxidoreductase subunit B5","liver"
"LOC115138930",247.348124609799,0.215970827996541,0.0866663739075616,0.000544295583480975,0.0466002202576675,"ATPase inhibitor B, mitochondrial-like, transcript variant X2","liver"
"LOC115113712",765.507935780703,0.215129136248269,0.0908962502063112,0.000644644927739824,0.0466002202576675,"ferritin, heavy subunit-like","liver"
"LOC115110656",73.048111008013,0.214434956275927,0.0979924074850157,0.000706229330442647,0.0481713045790772,"SEC14-like protein 1, transcript variant X2","liver"
"LOC115109712",198.667896808025,0.213199006478733,0.0618176277324298,5.65547795095991e-05,0.0230517281281126,"rab GDP dissociation inhibitor beta-like","liver"
"LOC115142868",132.139874556434,0.213024428750813,0.0869837592896122,0.000650074553832238,0.0466002202576675,"cytochrome c1, heme protein, mitochondrial-like","liver"
"LOC115132418",125.043507466417,0.212679661473445,0.0940019574303945,0.000768633294855525,0.0497293541243035,"serine/threonine-protein kinase PINK1, mitochondrial-like","liver"
"sptssa",190.624500402747,0.21230786880135,0.083674848077013,0.000592251899888623,0.0466002202576675,"serine palmitoyltransferase small subunit A","liver"
"LOC115125925",76.5594708916325,0.210888805179047,0.0943991991688528,0.000846301598267938,0.0514854524558226,"peptidyl-prolyl cis-trans isomerase A-like","liver"
"LOC115101900",100.121047264529,0.210209560910886,0.0870606203007953,0.000762457964262816,0.0497293541243035,"gamma-secretase subunit PEN-2","liver"
"LOC115120964",679.334056449519,0.209836832489279,0.0934042999342373,0.000887169583802161,0.0531779885820237,"cytochrome c oxidase subunit 4 isoform 1, mitochondrial-like","liver"
"LOC115122703",93.9453310222085,0.208408523274744,0.0901795029649773,0.000912611277341178,0.0539101966151107,"pyridoxal phosphate homeostasis protein-like, transcript variant X1","liver"
"LOC115101234",262.800734807576,0.20835041332029,0.0937968027112033,0.000961522417839841,0.0551995123255661,"BCL2/adenovirus E1B 19 kDa protein-interacting protein 3-like","liver"
"LOC115123317",75.3482378700742,0.20805205773441,0.0960862195465604,0.000982935010706774,0.0553773240994464,"cytochrome c, transcript variant X1","liver"
"psen2",95.8529032742696,0.208038211006934,0.0852353880420294,0.000806903782183541,0.0498324214572744,"presenilin 2, transcript variant X1","liver"
"LOC115135536",522.407341118967,0.207428578505158,0.113063676064011,0.000540762169241079,0.0466002202576675,"V-type proton ATPase catalytic subunit A-like","liver"
"LOC115139625",82.9731148521565,0.205999337919484,0.0881741193420774,0.000991792114636798,0.0553773240994464,"5'-3' exoribonuclease 2-like","liver"
"LOC115106562",687.498094276931,0.205991382439596,0.0781597594223424,0.000630592102003621,0.0466002202576675,"histone H3.3, transcript variant X3","liver"
"LOC115125976",519.08057814341,0.205715488615989,0.110369474551866,0.00070909673080094,0.0481713045790772,"60S ribosomal protein L3","liver"
"LOC115131775",1336.90479125622,0.204719079321967,0.0986075058036766,0.00114203426710588,0.0583029327148034,"40S ribosomal protein S27","liver"
"LOC115135016",283.984900242854,0.20440958977822,0.0889747552440218,0.001101327800941,0.058298858657604,"cytochrome c1, heme protein, mitochondrial-like","liver"
"nenf",104.080672406611,0.204149328121628,0.094056701459898,0.0011950040051509,0.0594004429877446,"neudesin neurotrophic factor","liver"
"LOC115119000",370.058749408274,0.203632913902561,0.067463203130139,0.000273382416949617,0.0397966689816656,"transmembrane emp24 domain-containing protein 10-like","liver"
"LOC115140758",171.694610596652,0.203311707298276,0.0972563838132597,0.00124038495043948,0.0594443493952692,"tumor necrosis factor receptor superfamily member 1A-like, transcript variant X3","liver"
"LOC115112864",112.809569092862,0.203138307948316,0.0750185722616639,0.000598504339136972,0.0466002202576675,"casein kinase I, transcript variant X3","liver"
"npc2",398.110129019525,0.202605373051217,0.0940105851997203,0.00129243155440575,0.0594443493952692,"NPC intracellular cholesterol transporter 2","liver"
"LOC115110806",662.366194763291,0.202492764905817,0.0935845065045543,0.00129729716843298,0.0594443493952692,"cytochrome c oxidase subunit NDUFA4-like","liver"
"LOC115105984",82.9916507740992,0.202451688625072,0.114037773297532,0.000612947755396336,0.0466002202576675,"NADH dehydrogenase [ubiquinone] 1 alpha subcomplex subunit 8-like","liver"
"LOC115111365",91.1797224554729,0.201286809656227,0.101956145042074,0.00126498587420524,0.0594443493952692,"osteoclast-stimulating factor 1-like","liver"
"LOC115102635",163.755141995053,0.199651816738194,0.115221056387265,0.000612677198689343,0.0466002202576675,"keratin, type I cytoskeletal 18-like","liver"
"LOC115115084",129.996283159779,0.199623988067606,0.0878546107767837,0.00138374002167931,0.0609501806436442,"uncharacterized LOC115115084","liver"
"LOC115144429",75.7192612011235,0.199376645814028,0.0848346136278416,0.00128305159766758,0.0594443493952692,"vacuolar protein sorting-associated protein 26A-like","liver"
"LOC115106648",122.338210324329,0.199196866614718,0.0859942870348658,0.00134556930141526,0.06062252611577,"ras-related protein Rab-5C, transcript variant X4","liver"
"atp5mpl",683.925896584146,0.197196458729548,0.115223595959959,0.000676464543688789,0.047539128966819,"ATP synthase membrane subunit 6.8PL","liver"
"LOC115110534",167.652561641131,0.196328834632727,0.0871767045377314,0.00161956140841037,0.0660133230068067,"transmembrane protein 106B-like, transcript variant X4","liver"
"LOC115145882",67.8220315411759,0.19627268408039,0.0988632518732981,0.00171591188139058,0.0681612429800408,"MICOS complex subunit Mic10-like","liver"
"LOC115146361",491.230865527366,0.195893437946003,0.0908104560113939,0.00177198037178329,0.0681612429800408,"cytochrome c oxidase subunit 7A2, mitochondrial-like","liver"
"LOC115147101",65.6823138431096,0.195484019903905,0.107123792072315,0.00135344697657877,0.06062252611577,"dolichol phosphate-mannose biosynthesis regulatory protein-like, transcript variant X2","liver"
"grpel1",142.98283190015,0.194473487675659,0.112042012160633,0.00101989124203117,0.0561767121962035,"GrpE like 1, mitochondrial","liver"
"LOC115101480",137.094698707325,0.19442204295026,0.0962530918285787,0.00193388729942709,0.069756855154556,"NADH dehydrogenase [ubiquinone] 1 alpha subcomplex subunit 2-like","liver"
"LOC115128695",120.786028850858,0.194212731861112,0.0856855366837129,0.0017394552370815,0.0681612429800408,"cytochrome b-c1 complex subunit 7-like","liver"
"LOC115132815",158.184996508307,0.193946092112858,0.104183927544846,0.00165799951525961,0.0669109507346352,"NADH dehydrogenase [ubiquinone] 1 beta subcomplex subunit 11, mitochondrial-like","liver"
"LOC115130477",169.720784417405,0.193769187928667,0.111006814194727,0.00114060721427949,0.0583029327148034,"lysozyme g-like","liver"
"LOC115110978",1606.54115977384,0.193185746106762,0.100905943028265,0.00190538661519796,0.069756855154556,"cytochrome c oxidase subunit 7C, mitochondrial-like","liver"
"LOC115108282",448.938976710955,0.192013025613068,0.093007374692116,0.0021898473689914,0.0769467058276633,"ATP synthase subunit delta, mitochondrial-like, transcript variant X1","liver"
"LOC115110483",230.400742276966,0.190785685231935,0.0754471677581455,0.00129797524440112,0.0594443493952692,"NADH dehydrogenase [ubiquinone] 1 alpha subcomplex subunit 6-like","liver"
"LOC115133349",187.487319482589,0.190342197402557,0.0671755020482232,0.000651671382406048,0.0466002202576675,"ER membrane protein complex subunit 4, transcript variant X2","liver"
"LOC115122299",289.917971707057,0.190206408638855,0.126978341669444,8.77156522328309e-05,0.0238352665667346,"mannose-binding protein C-like","liver"
"LOC115112854",260.988621443685,0.190130115805878,0.0808400786851515,0.00181349320731578,0.0681612429800408,"proteasome subunit beta type-1-B-like","liver"
"LOC115102205",485.663604983162,0.189568454862545,0.0989301977810486,0.00235776719901619,0.0775050244941065,"60S ribosomal protein L22","liver"
"LOC115142782",62.9232902367079,0.189510951467836,0.106562692796358,0.0018208635297738,0.0681612429800408,"myosin regulatory light polypeptide 9","liver"
"LOC115138170",325.028728089755,0.189162220328438,0.0991897333273634,0.0023914266245891,0.0775679555562892,"ependymin-like","liver"
"LOC115109312",200.968961036424,0.188153624208926,0.0777912804039133,0.00173916484775187,0.0681612429800408,"anamorsin, transcript variant X3","liver"
"LOC115102499",61.053872350021,0.187728007112751,0.0934841107746167,0.00270377437413185,0.0833243093754326,"transcription initiation factor TFIID subunit 8-like","liver"
"LOC115109447",704.51609107576,0.186542830177857,0.110481990917597,0.00161836503348991,0.0660133230068067,"ADP-ribosylation factor 4-like","liver"
"LOC115142321",89.2864026483265,0.186274096729831,0.0994047433820688,0.00272529935169364,0.0833243093754326,"MAP kinase-activated protein kinase 2-like","liver"
"dhfr",121.315096438226,0.186258101673896,0.108980622549137,0.00182276140452023,0.0681612429800408,"dihydrofolate reductase","liver"
"LOC115103239",275.552708701141,0.185892465402329,0.0947076263163512,0.00294613303653233,0.0870176685283026,"ubiquitin-60S ribosomal protein L40-like","liver"
"LOC115138700",274.376762179229,0.18569862643415,0.0805141037923133,0.00227319023801343,0.0775050244941065,"signal recognition particle 54 kDa protein-like, transcript variant X1","liver"
"LOC115110214",169.6555699466,0.185662317109621,0.106885974281555,0.00212356600228493,0.0752665654375074,"nucleoside diphosphate kinase A-like","liver"
"LOC115101455",230.896022574008,0.185303349164355,0.0757971328315182,0.00181931553784078,0.0681612429800408,"ras-related protein Rab-1A-like","liver"
"LOC115109368",21560.2011986255,0.185117595416823,0.105333566226649,0.00235418239655232,0.0775050244941065,"metallothionein A","liver"
"LOC115101740",155.084673277335,0.185018967126039,0.0932301254484066,0.0030824400607393,0.0891065651600948,"succinate dehydrogenase cytochrome b560 subunit, mitochondrial-like, transcript variant X1","liver"
"LOC115111717",122.149748445696,0.184844134511999,0.0763106869961336,0.00192533383947404,0.069756855154556,"ubiquitin recognition factor in ER-associated degradation protein 1","liver"
"ndufa1",731.06682744857,0.184787656804967,0.103072953244309,0.00262569069168543,0.0829636841806963,"NADH:ubiquinone oxidoreductase subunit A1","liver"
"LOC115117859",68.5964228466853,0.184635921716846,0.0830820001636901,0.00265246596422436,0.0831650097706037,"protein kish-A-like","liver"
"thoc7",141.127740410038,0.184520015587551,0.0936146392724278,0.00315662500867963,0.0893500245512373,"THO complex 7, transcript variant X2","liver"
"LOC115103576",155.560057498132,0.184240282603251,0.120545754138754,0.000517085627288074,0.0466002202576675,"dispanin subfamily A member 2b-like","liver"
"zmat2",94.898061111777,0.183843317910814,0.112874174718109,0.00147956386300737,0.0634810769012427,"zinc finger matrin-type 2","liver"
"rpl39",1685.63512493942,0.183746910590705,0.0933593676446512,0.00327677821244317,0.0905449372632689,"ribosomal protein L39","liver"
"LOC115133189",137.933537149447,0.183612942937271,0.0787821590153808,0.00235112071148197,0.0775050244941065,"short transmembrane mitochondrial protein 1","liver"
"LOC115103830",2671.48806013347,0.183254974086136,0.0838224771029704,0.00291726475819312,0.0867939500320815,"beta-2-glycoprotein 1-like","liver"
"ndufb3",301.818280216943,0.182655518425427,0.100300106702205,0.00315417767123568,0.0893500245512373,"NADH:ubiquinone oxidoreductase subunit B3","liver"
"LOC115108166",133.825655850166,0.182280330527719,0.0865716251841652,0.00328769644626197,0.0905449372632689,"membralin-like, transcript variant X3","liver"
"LOC115110327",146.12802801956,0.182227270612135,0.0936738367385669,0.00352202116658617,0.0935229245209585,"ubiquitin domain-containing protein UBFD1-like, transcript variant X3","liver"
"LOC115104936",92.4194988837223,0.181676051259941,0.0938830380493685,0.00361355971480085,0.094113651909579,"mitochondrial fission regulator 1-like","liver"
"LOC115133149",192.120380426121,0.181483676103985,0.0907988461195139,0.00362508423694895,0.094113651909579,"NADH dehydrogenase [ubiquinone] 1 alpha subcomplex subunit 5-like","liver"
"LOC115120267",460.941061721967,0.181235655694392,0.0861213803203935,0.00343129340581651,0.0933498989956954,"transitional endoplasmic reticulum ATPase-like","liver"
"LOC115115591",159.659982995134,0.181086092432968,0.118789409982839,0.000784378204732006,0.0498324214572744,"dispanin subfamily A member 2b-like","liver"
"LOC115116667",88.4393854548743,0.180154401737004,0.094900461729418,0.00386305943276288,0.0960013657626569,"proteasome subunit alpha type-1-like","liver"
"becn1",65.7938087984022,0.180131121793338,0.0846799092267151,0.00350439361065278,0.0935229245209585,"beclin 1, transcript variant X2","liver"
"LOC115129427",1188.89348656547,0.179846793871849,0.0972641949610927,0.00381848041649829,0.0960013657626569,"ADP/ATP translocase 2-like","liver"
"LOC115137610",60.5012822499812,0.179792049157219,0.0966821547935701,0.00385974712952339,0.0960013657626569,"dehydrogenase/reductase SDR family member 11-like","liver"
"LOC115132503",278.287297908528,0.179708240765175,0.0957852805651902,0.00391516616240059,0.0960013657626569,"myosin light polypeptide 6-like","liver"
"LOC115137284",59.2153474599521,0.179389542558349,0.0924217652605529,0.00403402123482774,0.0963575161217609,"LON peptidase N-terminal domain and RING finger protein 1-like, transcript variant X1","liver"
"c8g",2183.90522234269,0.178066306938516,0.0908246732391677,0.00427333553603185,0.0963575161217609,"complement C8 gamma chain, transcript variant X2","liver"
"LOC115111499",331.406302592937,0.177689313508321,0.0917142054110226,0.00436728749293919,0.0970184912679679,"C-type lectin domain family 4 member E-like","liver"
"LOC115143646",228.346945069676,0.177577331057947,0.0903939407393767,0.00436248536853406,0.0970184912679679,"cytochrome c oxidase subunit 6C-1","liver"
"LOC115137319",179.814275421959,0.177250346846854,0.0727329198101112,0.00235785648608175,0.0775050244941065,"acid ceramidase-like","liver"
"LOC115114211",842.194092606941,0.177129514622146,0.102198576301283,0.0038250242432878,0.0960013657626569,"40S ribosomal protein S28","liver"
"LOC115133187",275.556666573045,0.176680909949625,0.10884846664808,0.00278128877029342,0.083834436897721,"aldo-keto reductase family 1 member B1-like","liver"
"LOC115140916",136.535574630642,0.176202016520598,0.0716129496709113,0.00231464318038637,0.0775050244941065,"RWD domain-containing protein 1-like, transcript variant X1","liver"
"LOC115112011",89.0809190368425,0.176163119342699,0.0841152894274944,0.0042138389615853,0.0963575161217609,"serine/threonine-protein phosphatase 2A catalytic subunit beta isoform-like","liver"
"LOC115102139",713.10469079888,0.176017641375345,0.102321431552305,0.00400241368914396,0.0963575161217609,"nascent polypeptide-associated complex subunit alpha-like, transcript variant X1","liver"
"LOC115102966",941.166681436714,0.175991980055322,0.0989114278683481,0.00441855479715427,0.0970184912679679,"CCAAT/enhancer-binding protein delta-like","liver"
"LOC115112959",335.047571698218,0.175750092315495,0.107375529572393,0.00318524352828092,0.089538293939814,"cell cycle control protein 50C-like","liver"
"LOC115113675",1433.04796335557,0.175221838396814,0.0912254225611669,0.00490028549508229,0.10202665760367,"cytochrome c oxidase subunit 4 isoform 1, mitochondrial","liver"
"LOC115132550",120.331132873945,0.174944934257555,0.0981073513570585,0.00471116785138218,0.101066948222283,"ATP synthase F(0) complex subunit B1, mitochondrial-like","liver"
"LOC115113672",258.928134659453,0.174919358194741,0.0921435272169287,0.0049801767887743,0.10202665760367,"probable ribosome biogenesis protein RLP24","liver"
"LOC115145863",79.9568680641811,0.174911808895056,0.094406209588013,0.00494854070269636,0.10202665760367,"acid ceramidase-like","liver"
"LOC115108195",138.193891781901,0.174687892858597,0.0690522958217545,0.00207453304427498,0.0741736551619719,"NADH-quinone oxidoreductase subunit B-like","liver"
"LOC115102020",114.230862607734,0.174579410387017,0.0977509221376733,0.00482206615291427,0.101812332498642,"40S ribosomal protein S23","liver"
"LOC115131311",529.424924376496,0.174391211863153,0.0787589330750621,0.00383568331877027,0.0960013657626569,"26S proteasome complex subunit SEM1-like","liver"
"LOC115135501",127.073379824732,0.173741099219362,0.0896310339642894,0.00520652681937953,0.104916091990504,"ras-related protein Rab-1B-like","liver"
"LOC115141548",123.209165585089,0.173515418430677,0.112213049601793,0.00241686220697957,0.0775679555562892,"flavin reductase (NADPH)-like, transcript variant X2","liver"
"LOC115108511",109.62139808212,0.173290343393964,0.0828863929990452,0.00470111308406522,0.101066948222283,"F-box/LRR-repeat protein 5","liver"
"LOC115130323",210.384400225427,0.172693982144713,0.0873298914762112,0.00533036523147059,0.105829578785997,"MOB-like protein phocein, transcript variant X5","liver"
"LOC115141504",160.460505467492,0.172584204251934,0.0826941577000407,0.00484220793445831,0.101812332498642,"coatomer subunit delta-like","liver"
"LOC115129029",66.222080311856,0.172275897631969,0.102632955016625,0.00467120751346564,0.101066948222283,"thioredoxin-like protein 4A","liver"
"kctd10",70.1442856690546,0.171893605044675,0.0751573902109681,0.00367436093929334,0.0941930515003751,"potassium channel tetramerization domain containing 10","liver"
"LOC115102776",166.245179856961,0.171871520517436,0.0824511532696998,0.00498118372500746,0.10202665760367,"NEDD8-like","liver"
"LOC115104582",127.587772136366,0.171504695323097,0.0866987080437856,0.0055877913121695,0.109499218213475,"proteasome maturation protein-like","liver"
"LOC115111930",244.820098305034,0.170827786632201,0.0884248777572855,0.00590738594276947,0.112516378984712,"histone H2A.V","liver"
"washc4",66.2036932223502,0.170811607067153,0.091766750284423,0.00602782897238764,0.113288417179887,"WASH complex subunit 4, transcript variant X2","liver"
"LOC115135239",110.486731010294,0.170493422008958,0.0883913954813551,0.00599910561732856,0.113288417179887,"cytochrome c oxidase subunit 7A-related protein, mitochondrial","liver"
"LOC115112233",216.219266478795,0.170490853397729,0.0967368348391411,0.00590111809577063,0.112516378984712,"26S proteasome non-ATPase regulatory subunit 7","liver"
"ndufb1",428.45153591816,0.17038778220635,0.0910376544235775,0.00613929492354283,0.113744391401639,"NADH:ubiquinone oxidoreductase subunit B1","liver"
"LOC115110057",3360.3129211003,0.169916858799706,0.118817169214675,0.00116646202682034,0.0586975212508605,"ferritin, middle subunit-like","liver"
"LOC115113623",192.360911133868,0.168961708745262,0.0983270587582147,0.00613749827000238,0.113744391401639,"cytochrome c oxidase subunit 5A, mitochondrial-like","liver"
"LOC115103192",66.905700812383,0.168861401988181,0.105191034655665,0.00484582740548002,0.101812332498642,"transmembrane protein 56-B-like, transcript variant X2","liver"
"LOC115119183",101.811365475874,0.168803248954986,0.103628742393727,0.00522521262857517,0.104916091990504,"hydroxyacylglutathione hydrolase, mitochondrial-like","liver"
"LOC115129047",1248.20611560568,0.168696759696235,0.095687846568018,0.00649099203520322,0.117067626263223,"60S ribosomal protein L14-like","liver"
"derl1",741.667723792834,0.168374407555321,0.0949456104049846,0.00664023543410133,0.118190391394747,"derlin 1","liver"
"LOC115113529",177.024077061559,0.16799650073031,0.0732766433670114,0.00407341551819413,0.0963575161217609,"dnaJ homolog subfamily A member 2","liver"
"LOC115106326",265.161668700201,0.167769191609433,0.0850051204265089,0.00647814527664663,0.117067626263223,"eukaryotic translation initiation factor 3 subunit E","liver"
"sugt1",106.345275197893,0.167675279375783,0.108507810953865,0.00418272051821678,0.0963575161217609,"SGT1 homolog, MIS12 kinetochore complex assembly cochaperone, transcript variant X2","liver"
"LOC115144376",328.080197415305,0.167670398986697,0.102922967640287,0.00565231558018487,0.110199492031683,"cytochrome c oxidase assembly protein COX14 homolog","liver"
"LOC115106415",338.497566742022,0.167644341961798,0.108213431016815,0.00427384626591816,0.0963575161217609,"zinc transporter ZIP11-like, transcript variant X2","liver"
"LOC115112919",109.79237279985,0.167550572659222,0.0929192942574803,0.00698712588977641,0.119738667963907,"thyrotroph embryonic factor-like, transcript variant X2","liver"
"lyplal1",60.9067137445455,0.167141004428102,0.0880208353362901,0.00699161015098376,0.119738667963907,"lysophospholipase like 1, transcript variant X1","liver"
"LOC115101415",267.180273372221,0.167076537269714,0.0685970783385914,0.00311784983152572,0.0893500245512373,"pyruvate dehydrogenase E1 component subunit alpha, mitochondrial-like, transcript variant X1","liver"
"LOC115129697",220.571617002974,0.166897134375305,0.087595998342919,0.00703707413077867,0.120013029945832,"integral membrane protein 2B-like, transcript variant X2","liver"
"LOC115138378",703.432819033702,0.166566499692573,0.0925956158156883,0.00731366991978904,0.120988282645798,"cytochrome c oxidase subunit 7A2, mitochondrial-like","liver"
"bpnt1",71.4893952333444,0.166475537862723,0.0951108744557484,0.00721913154124653,0.120988282645798,"3'(2'), 5'-bisphosphate nucleotidase 1","liver"
"nemf",108.521606843478,0.166455459661002,0.0902176742264258,0.00733823232268269,0.120988282645798,"nuclear export mediator factor","liver"
"LOC115112120",107.858784016251,0.166450041304521,0.0849126528429898,0.00688542796143353,0.119738667963907,"cytochrome b-c1 complex subunit Rieske, mitochondrial-like","liver"
"LOC115110178",376.806571728151,0.166357056748501,0.0899267652729683,0.00736140679493568,0.120988282645798,"ATP synthase F(0) complex subunit C3, mitochondrial-like","liver"
"LOC115110500",146.048266089194,0.166179277283766,0.0950612673378072,0.00731934972157717,0.120988282645798,"NADH dehydrogenase [ubiquinone] 1 alpha subcomplex subunit 6-like","liver"
"LOC115112294",267.897940351861,0.166132607311404,0.0997496015250988,0.00671986940253453,0.119078066850919,"probable ribosome biogenesis protein RLP24","liver"
"LOC115135586",64.8317819903526,0.166119687346242,0.101543039119519,0.006364647147352,0.117067626263223,"proteasome subunit beta type-6-like, transcript variant X3","liver"
"pfdn6",120.254742612979,0.166108643665056,0.0905863053112054,0.00746576454251555,0.12140826255928,"prefoldin subunit 6","liver"
"LOC115103161",349.845892906869,0.165865155455119,0.101716745828138,0.00639709942907237,0.117067626263223,"T-complex protein 1 subunit gamma-like, transcript variant X1","liver"
"LOC115139699",778.561921895274,0.16582969527837,0.0999213216876297,0.00677775061565582,0.119078066850919,"cysteine dioxygenase type 1-like","liver"
"LOC115109605",697.189768055998,0.165439219322953,0.0880094555173712,0.007565676813066,0.12140826255928,"cytochrome P450 2F2-like","liver"
"LOC115115463",76.0460918008365,0.165264676601348,0.0982224036574015,0.00724521046584071,0.120988282645798,"OCIA domain-containing protein 1-like","liver"
"ndufs2",87.1826076439365,0.165154380829877,0.0876378197464076,0.00763497558659253,0.121857278052579,"NADH:ubiquinone oxidoreductase core subunit S2","liver"
"LOC115109966",231.817797516141,0.16507687297028,0.0723650693600181,0.0045148854434554,0.0984100164038728,"V-type proton ATPase 16 kDa proteolipid subunit-like","liver"
"abcc2",2248.66802473973,0.164784416173662,0.0709873555631372,0.00420640231449919,0.0963575161217609,"ATP binding cassette subfamily C member 2","liver"
"LOC115108050",229.733258146963,0.164576951258532,0.12083912183143,0.000927862050923426,0.0540280817080555,"kinesin-like protein KIF14, transcript variant X1","liver"
"LOC115129611",217.071619727795,0.1644417234518,0.0830938309807782,0.00727763591913856,0.120988282645798,"ATP synthase-coupling factor 6, mitochondrial-like","liver"
"LOC115115072",265.404688751201,0.163886423734879,0.0950039603811356,0.00811138069657933,0.127652462236515,"signal peptidase complex subunit 3","liver"
"LOC115147159",403.724922292986,0.163854436163974,0.113319972999789,0.00320741782069361,0.0895440755968982,"phosphatidylinositol 3-kinase regulatory subunit alpha-like, transcript variant X1","liver"
"LOC115109168",270.252491422839,0.163777707065734,0.0833921481592426,0.00756507952101074,0.12140826255928,"NADH-quinone oxidoreductase subunit B-like, transcript variant X1","liver"
"LOC115105948",4299.34882878153,0.163578377112414,0.0909858221552447,0.00838226631465292,0.12871512262463,"cathepsin L1-like","liver"
"LOC115121200",611.625340051307,0.163535963749219,0.108586422035498,0.00495589058901465,0.10202665760367,"transcription factor BTF3, transcript variant X2","liver"
"hadh",65.2671928821802,0.163191676361424,0.108109621519545,0.00519828903054045,0.104916091990504,"hydroxyacyl-CoA dehydrogenase","liver"
"LOC115114316",366.708868058081,0.162805222685351,0.0737166797487996,0.0054997580150685,0.10829475202618,"ras-related protein Rab-2A-like","liver"
"srprb",123.071704799794,0.162726867239176,0.0780901658857129,0.00675510538227814,0.119078066850919,"SRP receptor subunit beta","liver"
"manbal",126.547769197364,0.162637500693098,0.086751526447779,0.00848343789411806,0.129466550717594,"mannosidase beta like, transcript variant X1","liver"
"LOC115113028",245.038601483018,0.16209458149117,0.0760869491343917,0.00641095330688988,0.117067626263223,"ribonuclease T2-like, transcript variant X4","liver"
"LOC115110743",105.113203818963,0.162092813916483,0.0720519066403017,0.00519787929866918,0.104916091990504,"ER membrane protein complex subunit 10-like, transcript variant X1","liver"
"dusp11",60.3395069185367,0.161868708612248,0.0909257211695966,0.00905188082581065,0.13271750448203,"dual specificity phosphatase 11","liver"
"acadm",297.909756512928,0.161412156805027,0.0702265994494258,0.00480944781217855,0.101812332498642,"acyl-CoA dehydrogenase medium chain","liver"
"LOC115106324",337.874628784568,0.161230604914668,0.0848046589018508,0.00878013714778872,0.132438555290576,"nucleoside diphosphate kinase A-like","liver"
"LOC115145073",96.011369336583,0.161129065683406,0.107054281307671,0.00607533672753085,0.113592075694568,"peroxiredoxin-6-like","liver"
"cmc1",177.793907802626,0.160404917449509,0.0817146787719937,0.00851252099909598,0.129466550717594,"C-X9-C motif containing 1","liver"
"rpl37a",1567.77862792598,0.16030057112469,0.101036261696971,0.00832945221897831,0.12871512262463,"ribosomal protein L37a","liver"
"LOC115136404",113.235293593115,0.160027247325267,0.091765177139385,0.00982347125807276,0.138172094484953,"cytochrome c oxidase subunit 8B, mitochondrial-like","liver"
"atp5f1a",130.498824204286,0.159836411884879,0.0858810714177113,0.00953152081370266,0.136797460692437,"ATP synthase F1 subunit alpha, transcript variant X1","liver"
"LOC115101340",71.9688027915369,0.159680359589782,0.091292715356161,0.00998111548662245,0.139804215544581,"ubiquinol-cytochrome-c reductase complex assembly factor 3","liver"
"LOC115115330",597.413561816775,0.159623478922264,0.0855588843479504,0.00957783357218002,0.136979823298968,"eukaryotic translation initiation factor 3 subunit F-like","liver"
"LOC115131603",1075.79265338979,0.159569938000826,0.10212213623859,0.00827231331782805,0.12871512262463,"40S ribosomal protein S18","liver"
"LOC115101638",308.295938254413,0.159434600740186,0.0996444716451745,0.00901704065705979,0.13271750448203,"ATP synthase subunit epsilon, mitochondrial-like","liver"
"LOC115111685",1026.24456162359,0.159412217261448,0.0900136411394626,0.0100837172546898,0.140757642226423,"transitional endoplasmic reticulum ATPase-like","liver"
"LOC115114507",83.1715544327755,0.159238830733518,0.0780208625385851,0.00799935440956896,0.12637739757133,"proteasome subunit alpha type-7-like","liver"
"LOC115123569",173.917895044511,0.159066003917605,0.115242644267536,0.0030751527914379,0.0891065651600948,"ferritin, middle subunit-like, transcript variant X1","liver"
"LOC115104993",63.8985372487901,0.159029794500793,0.0851293636232203,0.00977410392945379,0.138172094484953,"eukaryotic translation initiation factor 5A-1-like","liver"
"LOC115123160",252.12253219629,0.158987404991882,0.120262292527826,0.00127354098618116,0.0594443493952692,"ferritin, middle subunit-like","liver"
"LOC115128406",2220.88803076246,0.158939706662383,0.0976576228670469,0.00966133095779201,0.137211097505088,"40S ribosomal protein S18","liver"
"adipor1",88.3733549462088,0.158876100859123,0.0731228930661325,0.00653336976153102,0.117312842061676,"adiponectin receptor 1, transcript variant X2","liver"
"LOC115108251",127.658965985998,0.158691498810603,0.0908734416343711,0.010428247755463,0.144086568987347,"NADH dehydrogenase [ubiquinone] 1 alpha subcomplex subunit 11-like","liver"
"LOC115142780",91.2365882020642,0.158133422818767,0.0850375422738871,0.0101680501098961,0.141450417228452,"MICOS complex subunit mic25a-like, transcript variant X1","liver"
"LOC115135730",1117.09692256009,0.157996099049569,0.103730669300563,0.00827955440631672,0.12871512262463,"60S ribosomal protein L36a","liver"
"LOC115140540",359.565298868985,0.157982572177398,0.093926808952095,0.0106275465093729,0.144392931907347,"glutathione S-transferase theta-1-like, transcript variant X1","liver"
"LOC115113733",73.4215803260361,0.157904613982137,0.0810616245559436,0.00941128568835057,0.136532534842098,"transmembrane protein 9B-like","liver"
"LOC115114264",511.126013078322,0.157871168346227,0.0810097481286572,0.00941257171016427,0.136532534842098,"stress-associated endoplasmic reticulum protein 1-like","liver"
"LOC115128589",108.101344462052,0.157646815854341,0.0877323750739856,0.0107605615551964,0.144859769983296,"mediator of RNA polymerase II transcription subunit 10","liver"
"LOC115114956",643.122525833237,0.15712243533532,0.11096626940948,0.00534859990920399,0.105829578785997,"40S ribosomal protein S17-like","liver"
"pxmp2",159.858707590533,0.157091194847249,0.0969111941503411,0.0106150317125679,0.144392931907347,"peroxisomal membrane protein 2","liver"
"LOC115136185",163.19622003013,0.157080526996206,0.0697510763108874,0.00589034710468465,0.112516378984712,"S-phase kinase-associated protein 1","liver"
"abhd18",113.962383445311,0.157049189261936,0.0805295139111285,0.00965218863923959,0.137211097505088,"abhydrolase domain containing 18","liver"
"LOC115106253",116.392299178008,0.156716320414671,0.0970069510829512,0.0107685255900242,0.144859769983296,"NADH dehydrogenase [ubiquinone] 1 alpha subcomplex subunit 5-like","liver"
"LOC115115624",2648.0414457226,0.15614612742256,0.0769252491509606,0.0089192623738322,0.132682165823869,"glutathione peroxidase 3-like","liver"
"LOC115115514",124.541874450287,0.155919024783438,0.0883036197536407,0.0116758213576495,0.151824081054472,"long-chain specific acyl-CoA dehydrogenase, mitochondrial-like","liver"
"LOC115106689",379.878911351024,0.155597899428494,0.0954030169131538,0.0115924661604249,0.151445166890679,"26S proteasome regulatory subunit 8","liver"
"LOC115101041",58.5478153259554,0.155522378097515,0.098316519012196,0.0110277783908776,0.147374507282679,"uncharacterized LOC115101041","liver"
"LOC115117228",12862.3128120475,0.154918497740962,0.103687861699661,0.00944854233628801,0.136568292775567,"gamma-aminobutyric acid type B receptor subunit 2-like, transcript variant X1","liver"
"LOC115134246",206.84155048531,0.154673002254604,0.0871753446538471,0.012222333399546,0.153330095400931,"electron transfer flavoprotein subunit alpha, mitochondrial-like","liver"
"LOC115132995",1251.02889875504,0.154034083279729,0.105762483179283,0.00883754409653239,0.132438555290576,"ribose-phosphate pyrophosphokinase 2-like, transcript variant X1","liver"
"LOC115111478",57.7200190832153,0.154022312339998,0.106007515352047,0.00872090603092049,0.13214279918971,"small nuclear ribonucleoprotein Sm D3, transcript variant X1","liver"
"LOC115113739",77.4859074888473,0.153735018242884,0.0978062700284844,0.0120355263530527,0.153195161526808,"importin-7-like","liver"
"bola2b",86.3672499865227,0.153549274159971,0.0965217432560491,0.0124373926212158,0.15362064340629,"bolA family member 2B","liver"
"LOC115101601",129.382998328326,0.153255317554304,0.0932692440061352,0.0131064639561547,0.156834820487416,"probable ATP-dependent RNA helicase ddx6, transcript variant X1","liver"
"LOC115117545",71.2890576053139,0.152993455379502,0.091130574804592,0.0133779631274485,0.157883405011815,"zinc finger CCHC-type and RNA-binding motif-containing protein 1-like","liver"
"LOC115135886",199.405296909903,0.152670333739234,0.0914732817758356,0.0135572109308477,0.157883405011815,"etoposide-induced protein 2.4 homolog, transcript variant X1","liver"
"LOC115142016",281.706300195779,0.152334710742629,0.0833607729741016,0.0128348443713968,0.155698885886349,"cytochrome c oxidase subunit 6B1-like","liver"
"LOC115131835",251.43052530504,0.152281622141024,0.0673156589786381,0.00647315374318233,0.117067626263223,"14-3-3 protein beta/alpha-2-like","liver"
"LOC115102029",703.97272614252,0.152222128694721,0.0857737034817652,0.0134094875054807,0.157883405011815,"60S ribosomal protein L32-like","liver"
"srek1ip1",88.1192107128222,0.152057998995385,0.101895666831656,0.0114678835494009,0.150784172088251,"SREK1 interacting protein 1","liver"
"rps27a",1275.61579085629,0.151945666324177,0.101482666877486,0.0116960260349511,0.151824081054472,"ribosomal protein S27a","liver"
"LOC115128209",440.815439397287,0.151935742304675,0.0969676186627634,0.0132105280325602,0.156834820487416,"40S ribosomal protein S27","liver"
"LOC115125694",258.7791966053,0.151503957242826,0.0921379455781908,0.0142211944568699,0.16126343215619,"cytochrome b-c1 complex subunit 8-like, transcript variant X1","liver"
"asah2",64.8486179578886,0.151310782013938,0.107372068415894,0.00898542963990866,0.13271750448203,"N-acylsphingosine amidohydrolase 2","liver"
"ddx49",62.2699235784404,0.151054480055499,0.112292959633161,0.00603130189598517,0.113288417179887,"DEAD-box helicase 49","liver"
"rps9",1000.16947615765,0.151017330695778,0.0976999662895402,0.013530328753222,0.157883405011815,"ribosomal protein S9, transcript variant X2","liver"
"LOC115126802",1354.63330245244,0.150648035750025,0.0958067386080888,0.0142280047443972,0.16126343215619,"40S ribosomal protein S27-like, transcript variant X3","liver"
"ccs",63.3178451248825,0.150503621342144,0.0969700549819133,0.0140314594539279,0.161104869673831,"copper chaperone for superoxide dismutase","liver"
"btf3",357.806417440062,0.150332519895635,0.0796682980527993,0.0128730813662117,0.155699346138513,"basic transcription factor 3, transcript variant X1","liver"
"tpp1",98.0892749246012,0.150203376943914,0.101182167732753,0.0127127059244979,0.155344040114578,"tripeptidyl peptidase 1, transcript variant X1","liver"
"LOC115101429",1129.86188689661,0.150096043448876,0.110457974717733,0.007476754832952,0.12140826255928,"ADP/ATP translocase 2-like","liver"
"LOC115128224",85.0745774021184,0.150019873855122,0.121084132099497,0.00139066898917049,0.0609501806436442,"ATPase inhibitor A, mitochondrial-like","liver"
"LOC115130693",58.2884838111164,0.149988981398007,0.0967951453835248,0.0143851696498742,0.16126343215619,"uncharacterized LOC115130693","liver"
"LOC115144962",206.847991768062,0.149972329886118,0.0983939106167252,0.0139158638111004,0.160631982239909,"MAP kinase-interacting serine/threonine-protein kinase 2-like","liver"
"LOC115137167",1511.22303835299,0.149971257912665,0.102498187009545,0.0122257804232832,0.153330095400931,"60S ribosomal protein L35a, transcript variant X1","liver"
"LOC115102637",150.166976849513,0.149932850639384,0.11044419809891,0.00753619877282436,0.12140826255928,"keratin, type II cytoskeletal 8-like","liver"
"LOC115123736",4167.87281080873,0.149830319219009,0.0989309011696432,0.0138132422217841,0.159951066181795,"40S ribosomal protein S8-like","liver"
"ndufb10",383.752792844991,0.149797517094225,0.083450773019724,0.0144013467381877,0.16126343215619,"NADH:ubiquinone oxidoreductase subunit B10","liver"
"mcts1",129.538979332416,0.149461029181974,0.100903176783286,0.0132363047712638,0.156834820487416,"MCTS1 re-initiation and release factor","liver"
"cdipt",100.864483033387,0.149407447139633,0.0884888343303188,0.0155347198687783,0.164057073949211,"CDP-diacylglycerol--inositol 3-phosphatidyltransferase","liver"
"atp5pf",106.54123117697,0.14925998448778,0.0898479025554387,0.0157033440517017,0.164057073949211,"ATP synthase peripheral stalk subunit F6, transcript variant X2","liver"
"LOC115117293",158.669221810922,0.149130684944555,0.0861538454626314,0.0154277851424252,0.164057073949211,"ATP synthase membrane subunit DAPIT, mitochondrial-like","liver"
"LOC115103088",96.7025393264705,0.149113329445231,0.0919678774122052,0.0157555521379374,0.164057073949211,"V-type proton ATPase 21 kDa proteolipid subunit","liver"
"LOC115113788",132.973166321519,0.149071246250498,0.0760363876813109,0.0121022674218921,0.153195161526808,"tetraspanin-3-like, transcript variant X1","liver"
"lg3h2orf76",77.9954874111851,0.14888530147115,0.0994353239787578,0.0141761097346473,0.16126343215619,"linkage group 3 C2orf76 homolog","liver"
"LOC115118410",207.011959015391,0.148551601296962,0.0792543586343412,0.0138031378818517,0.159951066181795,"succinate dehydrogenase [ubiquinone] flavoprotein subunit, mitochondrial-like","liver"
"LOC115128083",2608.60971601268,0.148056924083758,0.0999210816678561,0.014470381020996,0.161321322634664,"60S ribosomal protein L30","liver"
"LOC115106793",1683.09308714272,0.147939959873373,0.098110919686841,0.0152474950976271,0.164057073949211,"60S ribosomal protein L35a","liver"
"LOC115126942",885.306737408539,0.147916186870692,0.0964774266981966,0.01577781476646,0.164057073949211,"alpha-aspartyl dipeptidase-like, transcript variant X1","liver"
"LOC115109228",174.701163388029,0.147803574001586,0.088488521409561,0.0166403138193047,0.168880051263356,"NADH dehydrogenase [ubiquinone] 1 alpha subcomplex subunit 11-like","liver"
"LOC115110529",1423.85699368188,0.147578021709926,0.103805231334433,0.0127674812164827,0.155344040114578,"60S ribosomal protein L23","liver"
"LOC115129572",76.8395471269883,0.147561026142893,0.0896014423915315,0.0168747828809618,0.169452896866302,"protein farnesyltransferase/geranylgeranyltransferase type-1 subunit alpha-like","liver"
"LOC115130426",111.030801602674,0.14730212902572,0.10530776161611,0.0119870530649802,0.153195161526808,"cytochrome b5-like","liver"
"LOC115103691",71.5905443250552,0.146948966102613,0.0851801492698975,0.0167631841967131,0.169125591053966,"dynactin subunit 3-like","liver"
"LOC115123078",63.1006776813269,0.146436853527379,0.0862450225035312,0.0173497006867787,0.171935049223734,"protein unc-50 homolog","liver"
"LOC115140061",148.876558429552,0.146390340978203,0.100012768189446,0.015461283307352,0.164057073949211,"transmembrane emp24 domain-containing protein 2-like, transcript variant X1","liver"
"LOC115110121",105.896804508234,0.146187803392847,0.0874502357295552,0.0177184469120447,0.172843409711509,"SUMO-conjugating enzyme UBC9-like, transcript variant X1","liver"
"arpc3",103.33441563197,0.14611368887241,0.0943938885652365,0.017529191334519,0.171935049223734,"actin related protein 2/3 complex subunit 3","liver"
"LOC115129598",831.169747066377,0.146052882025618,0.102494530536551,0.014381900585662,0.16126343215619,"60S ribosomal protein L36a-like","liver"
"LOC115135885",1356.78160361933,0.145883893973019,0.100296640967642,0.0156517022110302,0.164057073949211,"60S acidic ribosomal protein P2-like","liver"
"LOC115130925",86.9383112920092,0.145855015054245,0.0790704289557286,0.0155200280742042,0.164057073949211,"ADP-ribose glycohydrolase MACROD1-like, transcript variant X2","liver"
"LOC115111133",92.8031376893536,0.145679264198141,0.0962733321835837,0.0173738140288819,0.171935049223734,"proteasome subunit alpha type-1-like","liver"
"LOC115116375",137.43483245697,0.145587296240132,0.0973689087530501,0.0170820835810859,0.171072660138835,"NADH dehydrogenase [ubiquinone] 1 alpha subcomplex subunit 13-like","liver"
"dpp7",153.091402870022,0.145568149536217,0.0952884802706625,0.0177253545778731,0.172843409711509,"dipeptidyl peptidase 7","liver"
"LOC115116511",72.9666499585541,0.145476156329785,0.100802771600516,0.0156613147314094,0.164057073949211,"kelch-like protein 23","liver"
"LOC115125292",118.424790610711,0.14540025778972,0.076251195015606,0.0144856732297073,0.161321322634664,"membrane magnesium transporter 1-like","liver"
"LOC115141890",428.429403652077,0.145154369237074,0.0915774361935796,0.0186363055266484,0.177115674978197,"glucose-6-phosphate exchanger SLC37A4-like","liver"
"LOC115140802",156.066029931021,0.145084607036276,0.10277645430978,0.0147961746731969,0.16299785937284,"gamma-aminobutyric acid receptor-associated protein-like 1","liver"
"LOC115136949",278.504266684864,0.145048938301274,0.0824266530885139,0.017416375344807,0.171935049223734,"histone H3.3, transcript variant X1","liver"
"LOC115102153",286.833553083318,0.144908180352877,0.0993668895145785,0.0167416160486004,0.169125591053966,"poly(rC)-binding protein 2-like, transcript variant X3","liver"
"LOC115141382",78.5246150503356,0.144899479002443,0.0905250449444193,0.0188831570365982,0.177754614506176,"ER membrane protein complex subunit 2-like","liver"
"LOC115101029",228.797914176912,0.144244086159905,0.0901448089743698,0.0194114010764396,0.178602417127693,"ras-related protein rab7-like, transcript variant X1","liver"
"spata1",68.9687060755248,0.143971929433307,0.111328171661556,0.00887039391421176,0.132438555290576,"spermatogenesis associated 1, transcript variant X1","liver"
"LOC115132748",186.092997663318,0.143869518039919,0.0888870504018145,0.0196822629938662,0.179507590461062,"cytochrome c oxidase subunit 6B1-like, transcript variant X2","liver"
"LOC115143221",252.338163825975,0.143635496231679,0.0878647819821147,0.0197902299986336,0.179507590461062,"succinate dehydrogenase [ubiquinone] iron-sulfur subunit, mitochondrial-like","liver"
"LOC115139428",3514.58609033824,0.143528247121605,0.0825204771345499,0.0186414682447612,0.177115674978197,"plasminogen-like","liver"
"LOC115127027",76.2552127985313,0.143351530659118,0.105505458311752,0.0139508640120039,0.160631982239909,"ferritin, heavy subunit-like","liver"
"LOC115101316",3101.77392355214,0.143337263328533,0.0982422201059912,0.018375762031455,0.176234367153436,"pyruvate carboxylase, mitochondrial-like","liver"
"LOC115136485",804.84490438989,0.143252385191498,0.0765578906942704,0.0161594655078886,0.166512586801537,"cytochrome c oxidase subunit 7B, mitochondrial-like","liver"
"hmces",70.5926980762126,0.143135986918357,0.0970930460871439,0.0189967942268405,0.178002145445062,"5-hydroxymethylcytosine binding, ES cell specific, transcript variant X1","liver"
"LOC115105494",601.982487374942,0.142972703818183,0.0763389356485534,0.0162459532529183,0.166797242969508,"cytochrome c oxidase subunit 7B, mitochondrial-like","liver"
"commd9",79.4010147603519,0.142789187670532,0.11183966419374,0.00884993881039634,0.132438555290576,"COMM domain containing 9, transcript variant X1","liver"
"LOC115112424",1000.21596779796,0.142542714859605,0.0974572270021836,0.0193177247916246,0.178602417127693,"60S acidic ribosomal protein P2-like","liver"
"LOC115128684",454.938970630976,0.142509854205249,0.0863218545609886,0.0205177777021977,0.181536707637668,"mitogen-activated protein kinase 15-like, transcript variant X1","liver"
"LOC115143940",400.663201636143,0.142457807619791,0.0976901750502897,0.0192879751675766,0.178602417127693,"26S proteasome regulatory subunit 8-like","liver"
"LOC115138665",142.847000798923,0.142406378167589,0.0863388032650257,0.0206104907161378,0.181836277400385,"gem-associated protein 2-like","liver"
"LOC115141465",237.140340345753,0.142299116486959,0.097815988966837,0.0193592485141395,0.178602417127693,"NADPH--cytochrome P450 reductase, transcript variant X2","liver"
"LOC115131938",336.276789032743,0.142221079833145,0.104713824721598,0.0152285678886448,0.164057073949211,"ATP synthase subunit epsilon, mitochondrial-like","liver"
"polr2c",118.193985390716,0.141832421240863,0.0814592335659216,0.0196499327660842,0.179507590461062,"RNA polymerase II subunit C","liver"
"LOC115112212",109.19095383648,0.141726267162965,0.0766649213441346,0.0173807215354468,0.171935049223734,"BTB/POZ domain-containing protein 10-like","liver"
"LOC115104581",142.732463533201,0.141656056491876,0.0941037823976365,0.021128949370459,0.183628139944543,"NADH dehydrogenase [ubiquinone] 1 beta subcomplex subunit 4-like","liver"
"LOC115143718",70.029039110651,0.141645728559976,0.0792586192100201,0.0188210270319817,0.177754614506176,"elongation factor Ts, mitochondrial","liver"
"LOC115130600",57.3246507210754,0.141524376552455,0.0792749515836644,0.0189299318461097,0.177784336877288,"ubiquitin-conjugating enzyme E2 D2-like, transcript variant X1","liver"
"LOC115110871",101.299772827179,0.141164820758244,0.107834786745064,0.0132265357688657,0.156834820487416,"uncharacterized LOC115110871","liver"
"LOC115125163",288.285072908948,0.141101379718098,0.0829795418621799,0.0208606941353349,0.182463925527092,"NADH dehydrogenase [ubiquinone] 1 subunit C2-like","liver"
"LOC115129393",644.718658573397,0.141074340300113,0.0903939344882125,0.0221297432727041,0.188884564125092,"60S ribosomal protein L31","liver"
"LOC115103257",1340.01541601553,0.140923656319729,0.10475179946059,0.016023956954257,0.16619248993779,"40S ribosomal protein S28","liver"
"LOC115109216",70.4124732438967,0.140832322218925,0.0796616697496964,0.0197053354278686,0.179507590461062,"ras-related protein Rab-8A-like","liver"
"LOC115120519",79.9140684315119,0.140791972192662,0.0788587710800989,0.0193377166807305,0.178602417127693,"tetraspanin-3-like","liver"
"LOC115147075",1740.86812751107,0.140771847178743,0.102943556105977,0.0175219407890302,0.171935049223734,"40S ribosomal protein S14","liver"
"aco1",722.542964760854,0.14057548514178,0.0693877071489434,0.0134523136793247,0.157883405011815,"aconitase 1, transcript variant X1","liver"
"aldh7a1",611.437071727558,0.140546980169097,0.101467460632705,0.0187191937289967,0.17744054334742,"aldehyde dehydrogenase 7 family member A1","liver"
"LOC115128602",882.266058299077,0.140467034036788,0.102754774203443,0.0178788606321226,0.173510085563171,"digestive cysteine proteinase 1-like, transcript variant X2","liver"
"LOC115133930",70.0544679960374,0.140459714220548,0.0917019532450378,0.0226060284500981,0.191166331872614,"rab GDP dissociation inhibitor beta-like","liver"
"LOC115132002",1697.48765900131,0.140445862447122,0.102011536654532,0.0184250645733505,0.176292401880227,"60S ribosomal protein L22-like","liver"
"LOC115147170",65.1237479423348,0.140299741294159,0.0910111262936287,0.0228139120870517,0.191590638895676,"V-type proton ATPase subunit G 1-like","liver"
"LOC115134567",140.911997341219,0.140243257247497,0.07158496550408,0.0152476540826919,0.164057073949211,"sorting nexin-1-like, transcript variant X2","liver"
"gnptg",148.526674748847,0.140190000806657,0.0791244118379842,0.0199942833748765,0.180302431495568,"N-acetylglucosamine-1-phosphate transferase subunit gamma","liver"
"LOC115109117",362.229105607969,0.140115065209643,0.10031707764785,0.0197918844158931,0.179507590461062,"growth arrest and DNA damage-inducible protein GADD45 beta-like","liver"
"LOC115102048",63.9381837935589,0.140077985280346,0.0894206345080003,0.0230561258836746,0.1925753465202,"MAP kinase-activated protein kinase 2-like, transcript variant X2","liver"
"LOC115117313",95.6016421759522,0.139992259286257,0.118828103522651,0.00343687693019841,0.0933498989956954,"HMG domain-containing protein 4-like, transcript variant X1","liver"
"LOC115109070",164.813509696957,0.139834883775285,0.0833659076956467,0.0221508394631486,0.188884564125092,"cytochrome b-c1 complex subunit 6, mitochondrial-like","liver"
"LOC115113723",756.362964793955,0.139808662335925,0.0968457701816441,0.0218509029008203,0.188695508948609,"40S ribosomal protein S13-like","liver"
"LOC115132221",71.5026139685098,0.139766268689296,0.0955961154192564,0.0223671674374324,0.189934530156197,"lysosomal amino acid transporter 1 homolog, transcript variant X1","liver"
"LOC115145401",94.9985280003394,0.139740947281746,0.0780650410202624,0.0198180607721977,0.179507590461062,"GDP-L-fucose synthase-like","liver"
"LOC115104186",136.767314437991,0.139570149296637,0.0967541188214859,0.0221007542378071,0.188884564125092,"ubiquitin domain-containing protein UBFD1-like, transcript variant X1","liver"
"LOC115145997",332.2129250835,0.139558639009326,0.0835445704512282,0.0224716321962249,0.19042489154223,"proteasome subunit alpha type-3-like","liver"
"LOC115137281",147.673427738365,0.139537790541286,0.0906001986726855,0.0235581475662176,0.195168718455087,"ribosomal protein S6 kinase beta-2-like, transcript variant X2","liver"
"LOC115122735",72.5743582095092,0.139527696421571,0.105645579797824,0.0161773759502965,0.166512586801537,"surfeit locus protein 4-like","liver"
"LOC115147094",116.93294332928,0.139287980416407,0.074963959803062,0.0183084883184437,0.176003298080133,"protein SET-like","liver"
"LOC115102234",65.4824515960026,0.139196007088772,0.10683325042007,0.0152962042883768,0.164057073949211,"NADH dehydrogenase [ubiquinone] 1 beta subcomplex subunit 11, mitochondrial-like","liver"
"LOC115119076",88.5615472324174,0.138954769701205,0.104530411367125,0.0175478362308816,0.171935049223734,"mid1-interacting protein 1-B-like","liver"
"LOC115129300",72.1028959004244,0.138938133178648,0.0790174408116191,0.0210595048479097,0.183415687521539,"stress-70 protein, mitochondrial-like","liver"
"LOC115105834",103.661138451277,0.138909285778142,0.0826469027723211,0.0227691443889019,0.191590638895676,"prostaglandin reductase 3-like","liver"
"LOC115121769",419.283158747323,0.13875584551801,0.0906316639714389,0.0243181570628625,0.197451809139896,"proteasomal ubiquitin receptor ADRM1-like","liver"
"LOC115134231",331.31616901982,0.138500957288049,0.10094512021658,0.0206988318730892,0.182221249923783,"pro-cathepsin H-like, transcript variant X1","liver"
"LOC115129749",224.614179341732,0.138351181468219,0.0945050604236268,0.0240413913936785,0.196772512692035,"26S proteasome non-ATPase regulatory subunit 14","liver"
"oser1",98.5605610748005,0.13834769704963,0.0749361594595793,0.0190862070659371,0.178429770643944,"oxidative stress responsive serine rich 1, transcript variant X2","liver"
"LOC115125102",117.704189547147,0.138272185491527,0.105796862401695,0.0168787723571439,0.169452896866302,"translation machinery-associated protein 7","liver"
"LOC115112827",73.9283352640066,0.138096835772664,0.122900215806213,0.00107281920464408,0.0575369878701222,"serum amyloid A-5 protein-like","liver"
"LOC115145367",85.358156623265,0.13795726788388,0.0976758479358298,0.0231412081746218,0.192890724989281,"protein mago nashi homolog","liver"
"LOC115131616",125.797308048914,0.137614683069957,0.0933368287336638,0.0250775497957059,0.200817471448522,"proteasome subunit beta type-8-like","liver"
"LOC115134506",100.353299163596,0.137569921053827,0.0900098346949458,0.0255389713064012,0.203712029442058,"proteasome subunit alpha type-1","liver"
"LOC115113392",168.095911950705,0.137465080533939,0.0735535382663442,0.0188694699761047,0.177754614506176,"ATP-dependent RNA helicase DDX3X-like, transcript variant X1","liver"
"mrps21",74.8194570734356,0.137447448223047,0.082381795738231,0.0241081808043681,0.196923737391993,"mitochondrial ribosomal protein S21","liver"
"LOC115144019",734.941297950166,0.137362790496453,0.100447211503064,0.0220180370810259,0.188884564125092,"arginase-1-like","liver"
"LOC115138938",552.094621128643,0.137264963231231,0.0873580047785057,0.0256937769217411,0.203935293286921,"60S ribosomal protein L22-like","liver"
"ndufa7",148.263812440142,0.136986198275604,0.0879130642491467,0.0260570576104009,0.205432430986449,"NADH:ubiquinone oxidoreductase subunit A7","liver"
"LOC115134326",114.47635109517,0.136844272588416,0.119907991107725,0.00296964366109722,0.087081061601671,"heat shock factor-binding protein 1-like","liver"
"mpdu1",80.4450563953042,0.136635152654732,0.0770692035507234,0.0220732052728056,0.188884564125092,"mannose-P-dolichol utilization defect 1","liver"
"LOC115125554",1565.01379509135,0.136513086522976,0.103881383737141,0.0199675612839272,0.180302431495568,"60S ribosomal protein L30","liver"
"LOC115109805",99.1304798278701,0.13651134555218,0.0781766283065945,0.0228912269730604,0.191590638895676,"NADH dehydrogenase [ubiquinone] 1 alpha subcomplex subunit 10, mitochondrial-like","liver"
"LOC115105128",133.605352275077,0.136416758684724,0.101218650896416,0.0222934763951669,0.189703987028602,"cytochrome b5-like","liver"
"LOC115118407",145.306938415996,0.136367986007982,0.113887208345545,0.00910313527993205,0.132990607172054,"c-Myc-binding protein-like","liver"
"LOC115101374",377.546795238457,0.136234869947553,0.0926424687301303,0.0266565163169987,0.208382835814177,"proteasome subunit beta type-6-like, transcript variant X1","liver"
"LOC115108458",2502.33602330323,0.135815789328749,0.0992627467373181,0.0242451420479881,0.197327176492943,"kininogen-1-like","liver"
"LOC115138224",802.060828402074,0.13581370554874,0.0949617399688941,0.0264491983191251,0.20812149102076,"60S ribosomal protein L34","liver"
"LOC115141381",239.809374333948,0.135754849700817,0.0620682085174775,0.0107437578959426,0.144859769983296,"eukaryotic translation initiation factor 3 subunit E","liver"
"LOC115109873",58.1795327786791,0.135736865223316,0.0963607376391989,0.025951059277791,0.205391296342284,"proteasome assembly chaperone 3-like, transcript variant X1","liver"
"LOC115101422",350.413226536381,0.135727310169395,0.0999465214392915,0.0238638873753045,0.196107268027704,"cystatin-B-like","liver"
"LOC115119189",65.2101358426456,0.135124326662156,0.0785317950408202,0.0245243243173914,0.198335606979539,"ras-related protein Rab-18-B-like","liver"
"LOC115110056",72.4125409997342,0.135088576488844,0.115953784382606,0.00714252920115057,0.120800618356389,"ferritin, middle subunit-like","liver"
"LOC115110394",1764.86329997426,0.135051304415594,0.101030445902526,0.023690176132615,0.19546793100514,"60S ribosomal protein L23","liver"
"LOC115128587",212.291977820822,0.135025791415959,0.0845428635428721,0.0274885296958564,0.211651140154003,"NADH dehydrogenase [ubiquinone] iron-sulfur protein 6, mitochondrial-like","liver"
"LOC115129589",1497.05758093396,0.135022951171578,0.10404237146595,0.021037820671434,0.183415687521539,"60S ribosomal protein L39","liver"
"LOC115139920",60.8055225999045,0.13498090456793,0.0824133263504399,0.0267380331528004,0.208382835814177,"serine/threonine-protein phosphatase PP1-gamma catalytic subunit-like","liver"
"ngdn",149.31254006742,0.134867353988269,0.104413750747781,0.0207995210356294,0.182463925527092,"neuroguidin","liver"
"LOC115112201",113.816714792806,0.134794317407213,0.0957555430762861,0.0272160088261084,0.211299908524224,"cytochrome c oxidase subunit 5A, mitochondrial-like","liver"
"LOC115107282",70.4621530555186,0.134611322799371,0.111682180825039,0.0125319482301214,0.154320909323187,"small integral membrane protein 8-like","liver"
"LOC115123534",272.233265152407,0.134261177888988,0.0922656357501035,0.0289108469681525,0.216477145441392,"proteasome maturation protein-like","liver"
"LOC115102385",66.0562323082699,0.134259593127323,0.0823508460711914,0.0275208793625175,0.211651140154003,"YTH domain-containing family protein 1-like, transcript variant X1","liver"
"LOC115106315",106.356841354029,0.134258787278458,0.09021433042327,0.029161295524615,0.216900438975056,"histone H3.3","liver"
"LOC115130871",1118.23390017497,0.134198905043132,0.0943454823738838,0.0284222037880577,0.215332532788333,"60S ribosomal protein L36a-like, transcript variant X2","liver"
"LOC115125749",80.1559409703033,0.134125601245973,0.119611912558583,0.00353349616688607,0.0935229245209585,"trypsinogen-like protein 3","liver"
"LOC115122029",79.7929891512178,0.13388101020105,0.111233881734727,0.013487715468088,0.157883405011815,"keratinocyte-associated protein 2-like","liver"
"LOC115107123",1552.03193193263,0.133649462857057,0.112464724559814,0.0120062567066739,0.153195161526808,"sodium-coupled neutral amino acid transporter 4-like, transcript variant X2","liver"
"LOC115143262",1724.41890778826,0.133628405075521,0.0968355005695517,0.0279594228406536,0.213911449817034,"60S ribosomal protein L22","liver"
"LOC115103834",502.018989742158,0.133545538721678,0.109928544743283,0.015369268970041,0.164057073949211,"integral membrane protein GPR155-like, transcript variant X2","liver"
"gnmt",1220.47627713896,0.13336723614667,0.091352253435279,0.030104994218904,0.218899134271184,"glycine N-methyltransferase","liver"
"LOC115143241",77.0054192778495,0.133347874841621,0.0839217053013684,0.0292198246062939,0.216939899991355,"small nuclear ribonucleoprotein E","liver"
"LOC115109223",118.361664522266,0.133254389581198,0.0864438058851973,0.0300539908960847,0.218899134271184,"cystinosin-like","liver"
"LOC115109330",1243.64247904743,0.133203121268822,0.0822097980749057,0.0286809450923739,0.21568917379431,"aldose reductase-related protein 2-like, transcript variant X2","liver"
"LOC115104268",128.508751713256,0.133162042000666,0.0889471959386904,0.0304706392227519,0.219820045083074,"RING-box protein 1","liver"
"LOC115143303",369.543879828963,0.133029136714764,0.085595490509337,0.0301281683822705,0.218899134271184,"signal peptidase complex subunit 1-like","liver"
"LOC115123309",139.920766314597,0.132992783044559,0.10623645356337,0.0203535403856204,0.181137621423119,"transcription factor jun-B-like, transcript variant X2","liver"
"LOC115133055",121.575352511435,0.132934041943492,0.11272804018406,0.0120045515788703,0.153195161526808,"protein mono-ADP-ribosyltransferase PARP12-like","liver"
"LOC115134348",65.7932323317372,0.132921053194591,0.0864331250315832,0.030456515336112,0.219820045083074,"reticulophagy regulator 2-like, transcript variant X2","liver"
"LOC115122904",1451.66527029585,0.132701660512506,0.100429378369857,0.0265067226952932,0.20817225762238,"40S ribosomal protein S4-like","liver"
"LOC115143933",161.419981179642,0.132440644067828,0.0861577750009941,0.030988121023821,0.221592247882622,"V-type proton ATPase 16 kDa proteolipid subunit-like","liver"
"LOC115137972",377.972464116688,0.132411390989335,0.0824423836771881,0.0297371831461846,0.218899134271184,"dehydrogenase/reductase SDR family member 4-like, transcript variant X2","liver"
"LOC115135638",58.7710811222779,0.132373950377275,0.102963683006347,0.0245061409508157,0.198335606979539,"peroxiredoxin-5, mitochondrial-like","liver"
"LOC115113147",1273.93805594744,0.132329070227339,0.0902454298219565,0.0314761324743661,0.223513442448635,"ubiquitin-40S ribosomal protein S27a-like","liver"
"LOC115146256",83.8975168568156,0.132309668752394,0.108575573868585,0.0179597249869216,0.173623010794368,"GTP cyclohydrolase 1 feedback regulatory protein","liver"
"LOC115113710",1090.54027451744,0.132304945838139,0.098676265552137,0.0282779103490912,0.215038736162119,"60S acidic ribosomal protein P2-like, transcript variant X1","liver"
"LOC115140813",204.527409979748,0.132228401819409,0.0822696212809093,0.029879786662525,0.218899134271184,"platelet-activating factor acetylhydrolase IB subunit gamma-like, transcript variant X4","liver"
"f9",2950.3494955666,0.132195401216839,0.100972337742709,0.0265723128886994,0.208286052566036,"coagulation factor IX","liver"
"LOC115123117",128.074863955727,0.131631786700424,0.107622673580778,0.0197209659924081,0.179507590461062,"nucleus accumbens-associated protein 2-like, transcript variant X1","liver"
"LOC115146358",96.8004610970163,0.131538631591202,0.0857649640006719,0.0320296498617353,0.225479884000748,"cell cycle control protein 50A-like","liver"
"LOC115108996",134.622218687677,0.131339927542296,0.110853816449071,0.0154887401035742,0.164057073949211,"cytochrome c oxidase subunit 8B, mitochondrial-like","liver"
"LOC115103078",86.3489605608005,0.131303428290742,0.0966087248158082,0.0307559601355257,0.220706502662681,"target of EGR1 protein 1-like","liver"
"LOC115103228",78.0852716064719,0.131137039925769,0.0885434867974292,0.0329928399541429,0.229095086291459,"tropomyosin alpha-3 chain-like, transcript variant X2","liver"
"LOC115133021",139.401576452339,0.131112210598617,0.0946747289277395,0.0319457268030899,0.225278170327672,"methionine aminopeptidase 2-like, transcript variant X1","liver"
"LOC115145370",124.640454772879,0.130993393453248,0.113106747233636,0.0124336466096147,0.15362064340629,"cytochrome P450 2J2-like","liver"
"atg3",79.0803218732041,0.13091849067895,0.0755762455331636,0.0270510661227551,0.210420125031202,"autophagy related 3, transcript variant X1","liver"
"LOC115126919",69.6909229586924,0.130567124876703,0.0789059062320519,0.0299924186227742,0.218899134271184,"ubiquitin-conjugating enzyme E2 A-like, transcript variant X2","liver"
"LOC115108147",95.8002104956528,0.130464823734209,0.0959981235447135,0.0321196699393886,0.225723749436117,"thimet oligopeptidase-like","liver"
"LOC115140026",157.491793646678,0.130419349033437,0.0921783974144139,0.0336368365916968,0.229654515825387,"ras-related protein rab7-like","liver"
"LOC115141395",103.474588566078,0.130326286408191,0.119764309535438,0.00389610849840715,0.0960013657626569,"NADP-dependent malic enzyme-like","liver"
"LOC115107973",1692.37611843051,0.129920898878035,0.0999596152783645,0.0299758852128138,0.218899134271184,"ubiquitin-like protein FUBI","liver"
"LOC115105321",109.309995295942,0.129897977104244,0.091361950282934,0.0344876536792089,0.233098244761177,"glucose-6-phosphate exchanger SLC37A2-like, transcript variant X2","liver"
"LOC115135980",137.795367962359,0.129888702519978,0.0900697728804874,0.0346471928256518,0.233239519670034,"rho-related GTP-binding protein RhoA-D","liver"
"LOC115118543",106.794334858086,0.129867891216268,0.077048795430852,0.0295019660845792,0.2186363886559,"ER membrane protein complex subunit 10-like, transcript variant X1","liver"
"LOC115143997",65.3393621687454,0.129703621177064,0.0810446112210922,0.0324483339122534,0.226571087159677,"COP9 signalosome complex subunit 3-like","liver"
"LOC115117576",637.691112906752,0.129645357379372,0.0988949483858401,0.0311948157295468,0.222679630321599,"60S ribosomal protein L18","liver"
"LOC115119420",387.170783577238,0.12963807972181,0.0984675778361004,0.0315371357378346,0.223557156986806,"protein disulfide-isomerase A3-like","liver"
"LOC115132128",363.373681509995,0.129433425652472,0.116863574721283,0.00765345024079003,0.121857278052579,"neurotensin receptor type 1-like","liver"
"LOC115140246",58.9817356138505,0.129346389554521,0.0868279954434048,0.0351835996691401,0.234579746776844,"erlin-2, transcript variant X2","liver"
"LOC115112381",119.968667004739,0.129193979794618,0.097719570447037,0.0326403582121815,0.227422393286926,"transcription factor 25-like","liver"
"LOC115129554",278.053694681478,0.129167188188176,0.0763013319444282,0.0297733090955678,0.218899134271184,"electron transfer flavoprotein-ubiquinone oxidoreductase, mitochondrial-like","liver"
"LOC115122632",86.8574471917594,0.129167077755934,0.0858873759566614,0.0352228120202514,0.234579746776844,"transmembrane 9 superfamily member 4-like","liver"
"LOC115109114",62.0571339285538,0.12905766333562,0.0985200427502105,0.0322129110510818,0.225797917883627,"thimet oligopeptidase-like","liver"
"LOC115107579",84.4850618697084,0.128855008803255,0.111258787880807,0.0164817996668793,0.1679495386055,"zinc transporter 1-like","liver"
"LOC115107950",83.4910414808796,0.128484011224134,0.0980105796943537,0.0333309416499352,0.229611277294517,"platelet-activating factor acetylhydrolase-like, transcript variant X1","liver"
"LOC115105710",112.715645587665,0.128483893325566,0.0862446387836015,0.036270457828168,0.236541417772181,"succinate dehydrogenase assembly factor 1, mitochondrial-like, transcript variant X1","liver"
"LOC115142802",606.252002281741,0.12817081487911,0.093590475071241,0.0362522863574994,0.236541417772181,"thioredoxin reductase 1, cytoplasmic-like","liver"
"LOC115112296",111.41989917082,0.128065319792874,0.0903472353908543,0.0371630757799872,0.238699977715578,"tumor necrosis factor receptor type 1-associated DEATH domain protein-like","liver"
"stx17",231.08637222846,0.127979546857407,0.0985289214401124,0.0335741710666174,0.229611277294517,"syntaxin 17, transcript variant X4","liver"
"LOC115145368",141.048718448472,0.127808182903525,0.0836235486228842,0.0363689379182878,0.236804777883292,"non-specific lipid-transfer protein-like, transcript variant X2","liver"
"LOC115113577",60.1644153341014,0.127740876465185,0.0826808565871079,0.0360301289572793,0.236107404549631,"trafficking protein particle complex subunit 2-like protein","liver"
"LOC115107931",79.0320374157429,0.127632194376793,0.0680107516193979,0.0232786751656761,0.193640571378154,"AN1-type zinc finger protein 3-like, transcript variant X1","liver"
"LOC115138515",135.271743221054,0.127555115723541,0.0797250078813788,0.0345415455926769,0.233098244761177,"transmembrane emp24 domain-containing protein 10-like","liver"
"ppib",695.686723511688,0.127474002924478,0.107577472297671,0.0233414657378467,0.193767442662858,"peptidylprolyl isomerase B","liver"
"LOC115123568",154.235709163636,0.127437493780031,0.120353181668737,0.00365693180240791,0.0941930515003751,"ferritin, middle subunit-like, transcript variant X2","liver"
"LOC115140780",87.5717418790297,0.127359186527595,0.0805042836125398,0.0353365958098582,0.234579746776844,"cell division control protein 42 homolog","liver"
"LOC115139684",74.2294812227071,0.127328810988622,0.100375810041111,0.0327325243978959,0.227675374480928,"rho-related GTP-binding protein RhoB","liver"
"LOC115103921",93.9088986526279,0.127144341772792,0.0977187711444725,0.0353201435479048,0.234579746776844,"mitochondrial import receptor subunit TOM20 homolog","liver"
"LOC115104324",300.08546681155,0.126936334311024,0.102036083040444,0.0314317414881094,0.223513442448635,"eukaryotic translation initiation factor 3 subunit D, transcript variant X1","liver"
"LOC115107584",95.396415438412,0.126912558943167,0.0733058651687182,0.0298716381181785,0.218899134271184,"serine/threonine-protein phosphatase 2A 56 kDa regulatory subunit alpha isoform-like","liver"
"tmem18",72.0040274847694,0.126556606246172,0.0980554011573731,0.0358549787598763,0.236098373869557,"transmembrane protein 18, transcript variant X1","liver"
"LOC115141328",122.476181645535,0.126522575243085,0.0902803020857231,0.0394405582467518,0.246919597587044,"peroxisomal targeting signal 1 receptor-like, transcript variant X1","liver"
"LOC115101435",77.8411429386081,0.126445946400669,0.0871536781462522,0.0394539677324751,0.246919597587044,"ubiquitin-conjugating enzyme E2 D2","liver"
"LOC115135463",133.373861103397,0.126437991669957,0.11181995720628,0.0171890321725007,0.171721801801747,"dnaJ homolog subfamily C member 16-like","liver"
"LOC115145480",388.317758752343,0.126413746931869,0.100802970655701,0.033457762854844,0.229611277294517,"dolichyl-diphosphooligosaccharide--protein glycosyltransferase subunit DAD1-like","liver"
"LOC115132820",24793.7875872474,0.126364549458378,0.101050859470707,0.0332530925242486,0.229611277294517,"cathepsin K-like","liver"
"LOC115129686",151.911631260517,0.126260419648034,0.0926376871287859,0.039344390763038,0.246919597587044,"ras-related protein M-Ras-like","liver"
"LOC115140993",194.388316819064,0.126066019239689,0.103532112782387,0.0306291261516756,0.220446979380943,"T-complex protein 1 subunit gamma-like","liver"
"LOC115140185",1843.60103921301,0.125954457531812,0.101332566616265,0.0334660520770949,0.229611277294517,"60S ribosomal protein L6-like","liver"
"fmc1",132.975264552842,0.125931715691291,0.0803367104621993,0.0373093194712521,0.238699977715578,"formation of mitochondrial complex V assembly factor 1 homolog","liver"
"proc",2951.19627057297,0.125907064075082,0.100488438171444,0.0344532492910063,0.233098244761177,"protein C, inactivator of coagulation factors Va and VIIIa","liver"
"LOC115144749",155.652018103622,0.125829069499626,0.0849496273698486,0.0398408958127054,0.247171219684303,"proteasome subunit alpha type-1-like","liver"
"LOC115131685",550.960139459047,0.125590197531495,0.107764671799558,0.0248395519714334,0.199696279754561,"elongation factor 1-alpha-like","liver"
"LOC115139990",87.4938978414538,0.125584153815177,0.0761000098178412,0.0344017331319604,0.233098244761177,"transmembrane protein 127-like, transcript variant X1","liver"
"LOC115101315",97.4486010638372,0.125566416152684,0.0830029343215779,0.0394302287863999,0.246919597587044,"calmodulin","liver"
"LOC115112549",187.241733857446,0.125297917128085,0.0787571027459856,0.037103971450101,0.238699977715578,"ATP synthase subunit O, mitochondrial-like","liver"
"LOC115107013",86.582830567859,0.12523093416917,0.0824003282780938,0.0396388403201159,0.246919597587044,"optineurin-like, transcript variant X1","liver"
"LOC115129784",57.9982386084052,0.125210954422503,0.0933148584314229,0.040699609964616,0.250591556217182,"small ubiquitin-related modifier 3","liver"
"LOC115103662",79.6363482039039,0.124812452211602,0.0892221343815402,0.0421674198650549,0.25462874573328,"putative RNA-binding protein Luc7-like 2","liver"
"LOC115113514",69.9727339158068,0.12480612414662,0.0799514537574245,0.0387519685579793,0.245268670562614,"cytoplasmic dynein 1 light intermediate chain 2-like, transcript variant X2","liver"
"LOC115125732",191.01303253316,0.124723404653731,0.0800561346323836,0.0389550676072479,0.245790798091552,"actin-related protein 2/3 complex subunit 3-B-like","liver"
"LOC115130168",79.3505986534603,0.124671376681775,0.108633429782368,0.0242543953442013,0.197327176492943,"gamma-glutamyl hydrolase-like, transcript variant X1","liver"
"LOC115128493",159.376965607875,0.124658315825303,0.108809010706136,0.0239580796735935,0.196485176558485,"thioredoxin-interacting protein-like","liver"
"LOC115108391",67.0449532612246,0.124569091657431,0.0874709507841705,0.0424541657060622,0.255531607277258,"oxysterol-binding protein-related protein 1-like, transcript variant X1","liver"
"LOC115144689",76.8892778779423,0.124480034786558,0.0787860996274234,0.0383708343166953,0.243612960552726,"cytochrome c oxidase subunit 5A, mitochondrial-like","liver"
"LOC115135361",178.492791825815,0.124321741375564,0.0836426790670367,0.0417057265522567,0.253610698023486,"erlin-1-like","liver"
"LOC115111574",62.1995203002675,0.124218438130582,0.099697704787047,0.0376080289825296,0.239516134582486,"ectonucleoside triphosphate diphosphohydrolase 4-like, transcript variant X1","liver"
"LOC115107535",2862.4172705146,0.124217162452059,0.113975780034159,0.0146932915506403,0.162303133768049,"complement C1q-like protein 4, transcript variant X2","liver"
"LOC115104164",124.925503953164,0.123991641367767,0.0936173942642026,0.0424883513682674,0.255531607277258,"beta-1,3-N-acetylglucosaminyltransferase lunatic fringe-like","liver"
"lg27h9orf64",78.248513654013,0.123774823857716,0.100508127242449,0.0373545727902313,0.238699977715578,"linkage group 27 C9orf64 homolog","liver"
"LOC115112862",1110.91136673418,0.123543463411466,0.0975872327034513,0.0406163964596496,0.250591556217182,"60S ribosomal protein L38","liver"
"LOC115143728",125.065329928987,0.123457758770648,0.0855835293262239,0.0438725550482639,0.260297721072378,"28S ribosomal protein S16, mitochondrial-like","liver"
"msmb",8606.03818048327,0.123376159898765,0.110670578063129,0.0216793454714868,0.187611490746879,"microseminoprotein beta","liver"
"ndufs4",302.89205890551,0.123333859634438,0.0873115760406479,0.0444758273889294,0.261970873001287,"NADH:ubiquinone oxidoreductase subunit S4","liver"
"sdf4",157.550027406414,0.123307744840837,0.0979199055273174,0.0406862379340382,0.250591556217182,"stromal cell derived factor 4","liver"
"LOC115134984",1404.71590995898,0.123140011014436,0.0930022049029225,0.044133764261474,0.261166487020082,"40S ribosomal protein S24, transcript variant X3","liver"
"LOC115136651",156.614730291269,0.122980892905165,0.113898870865347,0.0155981395439799,0.164057073949211,"tsukushin-like, transcript variant X3","liver"
"LOC115114283",105.822639757226,0.122976097987662,0.0925237856476524,0.0445854324215889,0.261970873001287,"cyclic AMP-dependent transcription factor ATF-6 alpha-like, transcript variant X4","liver"
"LOC115102501",99.4895868309557,0.122968834089853,0.0829711560254869,0.0436129807478255,0.25951315259582,"V-type proton ATPase subunit S1-like","liver"
"nudt12",141.613405956942,0.122807761885952,0.0875775201372766,0.0454090796693177,0.262535331534949,"nudix hydrolase 12, transcript variant X2","liver"
"LOC115128392",177.07678798933,0.122736123294781,0.0772928130970529,0.0398263211614108,0.247171219684303,"ATP synthase subunit O, mitochondrial-like","liver"
"LOC115144273",2470.67819848893,0.122711095750958,0.0998483324164207,0.0396521344585589,0.246919597587044,"60S ribosomal protein L38-like, transcript variant X2","liver"
"LOC115107684",93.8100935912072,0.122697490868671,0.0774586916880164,0.04004172330398,0.248039611226478,"m-AAA protease-interacting protein 1, mitochondrial-like","liver"
"mrps30",61.4409153947836,0.122659652944401,0.103340769198664,0.0352118787266826,0.234579746776844,"mitochondrial ribosomal protein S30","liver"
"LOC115130603",120.686463966486,0.122543136449125,0.102931337933275,0.0359634552911683,0.236107404549631,"tubulin beta-4B chain-like","liver"
"LOC115126080",680.894931611843,0.122317490236362,0.0991846872030652,0.0409730666144685,0.251515390844237,"glutathione S-transferase A-like","liver"
"LOC115113310",1024.9593763596,0.122082742514093,0.0950562029331015,0.0448438333456926,0.261970873001287,"60S ribosomal protein L24","liver"
"LOC115117204",276.618313559365,0.122075942855591,0.0760504671306502,0.0396791796907542,0.246919597587044,"protein SREK1IP1-like","liver"
"LOC115140965",169.260189971169,0.121982010937371,0.0723938338719523,0.0357464236204514,0.236098373869557,"tetraspanin-31-like","liver"
"kiaa1143",67.4765570664368,0.121769475127426,0.0838402392312306,0.0461108497568765,0.265225701793456,"KIAA1143 ortholog","liver"
"LOC115143888",251.262759210741,0.121741249614942,0.0870154674325514,0.0471874127661586,0.270134683195032,"26S proteasome non-ATPase regulatory subunit 11B-like","liver"
"tmem120a",110.090580201521,0.121136793078847,0.092507468823163,0.0477595043307754,0.271503123643293,"transmembrane protein 120A","liver"
"rpe",58.6823410954787,0.120998417569268,0.0974201031436346,0.0448385259609402,0.261970873001287,"ribulose-5-phosphate-3-epimerase","liver"
"LOC115129236",58.687377884551,0.12093128929676,0.0873615962260845,0.0487029396520271,0.27456871648916,"calcium-binding protein 39-like, transcript variant X1","liver"
"LOC115134202",69.8219524344388,0.120765021645198,0.0908127053608074,0.0489172942645822,0.27463759149096,"calumenin-B-like, transcript variant X2","liver"
"LOC115132763",115.306453899614,0.120752207604268,0.12224953500185,0.0022804811125581,0.0775050244941065,"protein S100-A1-like, transcript variant X1","liver"
"LOC115105717",70.9248113841685,0.120632725412435,0.0805167486371819,0.0461165054989657,0.265225701793456,"ras-related GTP-binding protein A, transcript variant X1","liver"
"LOC115112206",58.1260815547113,0.120616854600468,0.104190617519582,0.0366980885552001,0.237054530825667,"cytochrome c oxidase copper chaperone-like","liver"
"rfk",99.1694946300444,0.120484560788638,0.0717670574222992,0.0372765725636213,0.238699977715578,"riboflavin kinase, transcript variant X1","liver"
"LOC115122032",146.835619309866,0.120473036103672,0.11434144025181,0.0162893474413357,0.166822563243428,"protein S100-A1-like","liver"
"LOC115112665",367.469194183048,0.120469178784935,0.0872602034954512,0.0495372700432806,0.275838678547011,"uncharacterized LOC115112665, transcript variant X2","liver"
"psmg1",78.7690508271324,0.120279167502902,0.104324796827645,0.0369490038927604,0.238297689662803,"proteasome assembly chaperone 1, transcript variant X2","liver"
"LOC115103339",862.264413723567,0.120257773446758,0.0876477467837024,0.0499830417523167,0.277924392655638,"translocation protein SEC62-like, transcript variant X2","liver"
"LOC115143168",168.681748099668,0.120233642649199,0.0814534828354151,0.0475057428992455,0.27081595532493,"5'-AMP-activated protein kinase subunit gamma-1-like","liver"
"LOC115133286",1165.23663080331,0.120073832922544,0.101408583066372,0.0417499456265357,0.253610698023486,"40S ribosomal protein S4","liver"
"LOC115129765",871.645838859351,0.120017657282585,0.0943046655786528,0.0488961770609264,0.27463759149096,"ATP synthase subunit beta, mitochondrial","liver"
"LOC115118723",127.220982394907,0.119531515365082,0.0844981330604092,0.0504992288343947,0.279666924903523,"eukaryotic translation initiation factor 3 subunit J-A-like","liver"
"ski",103.760332519371,0.119364617768936,0.115393389231836,0.0146514674825755,0.162280927877657,"SKI proto-oncogene","liver"
"LOC115138261",164.986227559034,0.119162235798126,0.0904882249135063,0.0519693761635037,0.283191413425724,"26S proteasome non-ATPase regulatory subunit 6","liver"
"LOC115110573",625.768082777852,0.119011140290119,0.10860561634402,0.030366910090157,0.219820045083074,"choline transporter-like protein 2, transcript variant X3","liver"
"LOC115103199",112.547637485203,0.118865064977046,0.0932738038194802,0.0515910680598184,0.283021794632328,"uncharacterized LOC115103199","liver"
"LOC115146233",224.027667045909,0.118841422770876,0.101344152069508,0.0438189561191787,0.260297721072378,"dihydrolipoyllysine-residue succinyltransferase component of 2-oxoglutarate dehydrogenase complex, mitochondrial-like, transcript variant X1","liver"
"LOC115116444",625.539889147832,0.118699536557795,0.0862700587243992,0.0527057808036264,0.28440666342479,"proteasome subunit alpha type-4-like","liver"
"gsto1",661.838340570976,0.118490397154668,0.106621047538653,0.0351731093717971,0.234579746776844,"glutathione S-transferase omega 1","liver"
"LOC115128732",359.507379603292,0.118485125804435,0.10655706812615,0.0353093386887365,0.234579746776844,"60S acidic ribosomal protein P1-like","liver"
"LOC115104181",116.429400761166,0.118367902822928,0.0812622030161096,0.0508813703269874,0.280793611630819,"lipopolysaccharide-induced tumor necrosis factor-alpha factor homolog, transcript variant X1","liver"
"ten1",89.7092195592681,0.118289202951312,0.108406015704492,0.0316741317088134,0.223887153800204,"TEN1 subunit of CST complex","liver"
"LOC115144743",394.228749801123,0.118219913785868,0.097063495886285,0.0500482100611478,0.277924392655638,"60S ribosomal protein L27a-like","liver"
"LOC115135455",1495.25607892271,0.118095591444811,0.0952008821039411,0.051861633636682,0.283191413425724,"cytidine deaminase-like","liver"
"LOC115121065",1353.12745824996,0.118073395415635,0.0841676851087013,0.0531866651079435,0.28440666342479,"60S ribosomal protein L27","liver"
"LOC115102094",216.099175458322,0.118066252170852,0.0828040138219495,0.0524830456852565,0.284120957496779,"phospholemman-like, transcript variant X2","liver"
"LOC115132410",99.2906584590323,0.11803681749189,0.0825079075196635,0.0523626456584547,0.284120957496779,"C4b-binding protein alpha chain-like, transcript variant X2","liver"
"LOC115112425",2541.17016693705,0.117809215061764,0.102960679857865,0.0429814289278647,0.257257421894239,"ferritin, heavy subunit","liver"
"LOC115107347",371.175123412961,0.11773486852956,0.0959971422723151,0.0519168347139797,0.283191413425724,"40S ribosomal protein S29","liver"
"LOC115112457",81.2420186916644,0.11769690776033,0.091561251062705,0.0545626255321003,0.287001509588736,"importin-7","liver"
"LOC115105170",217.888067132129,0.117582653715462,0.064241841667281,0.0306657108216376,0.220446979380943,"myosin regulatory light polypeptide 9-like","liver"
"LOC115108626",78.2793067935792,0.117520084885064,0.0829463804569684,0.0536550473106299,0.285879703056376,"protein mago nashi homolog","liver"
"LOC115111419",1488.34636471504,0.117446729044597,0.0750855812919286,0.046635363635839,0.267726397436169,"lipocalin-like, transcript variant X2","liver"
"LOC115122485",249.663635957951,0.117400064218185,0.100543226627494,0.0474088466299119,0.27081595532493,"eukaryotic translation initiation factor 3 subunit D-like, transcript variant X2","liver"
"LOC115109260",348.511301951405,0.117366376186267,0.10053850161368,0.0474747477815688,0.27081595532493,"ATP synthase subunit delta, mitochondrial-like, transcript variant X1","liver"
"LOC115122847",140.736329114118,0.117312682118999,0.0768106783439367,0.0488673907863962,0.27463759149096,"rab GDP dissociation inhibitor beta-like","liver"
"LOC115107550",2511.28756650074,0.117263670358709,0.0835581683989924,0.0545130012328421,0.287001509588736,"leucine-rich alpha-2-glycoprotein-like","liver"
"LOC115102708",150.527065802286,0.117247873639038,0.0805692667740755,0.0525581947871862,0.284120957496779,"TAR DNA-binding protein 43-like","liver"
"LOC115121374",94.1713062806575,0.117206457362825,0.0944673065020283,0.0540999667741612,0.286514561702219,"oxidation resistance protein 1-like, transcript variant X1","liver"
"LOC115132130",324.765913462177,0.11716744067872,0.0793646160383191,0.0516959581653163,0.283191413425724,"syntenin-1-like","liver"
"LOC115137968",116.940722846393,0.116952106823987,0.0890806974905599,0.0565262883163848,0.291717484848935,"protein transport protein Sec61 subunit alpha","liver"
"LOC115132527",170.353149271136,0.116888435459694,0.112823192118466,0.0226717568606838,0.191325219387468,"keratin, type II cytoskeletal 8-like","liver"
"LOC115103775",213.16083133671,0.116517216640222,0.08314788691571,0.0558217088447117,0.289477462151457,"proteasome subunit beta type-3","liver"
"itm2b",157.034203494152,0.116465022929357,0.0862219120935038,0.0572253978132862,0.293028544581601,"integral membrane protein 2B","liver"
"LOC115146517",1471.54330376048,0.116413321913174,0.0954440427223432,0.0549494851170632,0.288254956675868,"60S ribosomal protein L13a","liver"
"LOC115128076",97.9705654551206,0.116371089284475,0.116923610715755,0.0127564817065801,0.155344040114578,"protein CREG1-like, transcript variant X2","liver"
"LOC115101312",952.976781727732,0.116354329181116,0.0755481940348545,0.0492684200213966,0.275151680148981,"cofilin-2-like","liver"
"cdkl1",112.012669501929,0.116344548705952,0.105148315155036,0.0412777362162274,0.252624703929944,"cyclin dependent kinase like 1, transcript variant X1","liver"
"LOC115112085",925.968771973068,0.116332664397735,0.0882058848478935,0.0578162601573367,0.294660212954273,"26S proteasome regulatory subunit 6A-B, transcript variant X1","liver"
"LOC115118419",276.557272748153,0.116298994203773,0.0805750646895626,0.054486526164199,0.287001509588736,"serine/threonine-protein phosphatase 2A catalytic subunit beta isoform","liver"
"LOC115116310",78.0417944528638,0.116114166548759,0.110348234454791,0.029736915534181,0.218899134271184,"60S ribosomal protein L32","liver"
"LOC115116342",159.897598194438,0.11607480024889,0.0898392976867726,0.0582887588767353,0.294770448116096,"high mobility group-T protein-like","liver"
"LOC115131937",73.666266145217,0.115948271928625,0.0773585040016336,0.0521441423732085,0.283386032417597,"PRELI domain containing protein 3B-like, transcript variant X2","liver"
"LOC115141923",120.258379745092,0.115924665884524,0.108425851634699,0.0346769256427969,0.233239519670034,"tsukushin-like, transcript variant X4","liver"
"gys2",1303.72205052129,0.115823072659455,0.11773029895105,0.0111012857914288,0.147390361191738,"glycogen synthase 2, transcript variant X1","liver"
"znf593",127.68496176667,0.115768333654101,0.0964077459625742,0.0553924527195509,0.288994549032194,"zinc finger protein 593","liver"
"LOC115130378",60.7058704274262,0.115610385485247,0.0933291585958381,0.0580500861143968,0.294660212954273,"tyrosine-protein kinase yes","liver"
"ociad1",68.9749325343994,0.115548157292478,0.0996432556457352,0.0520566761354612,0.283288400438104,"OCIA domain containing 1, transcript variant X2","liver"
"LOC115127823",134.597636934111,0.115453988314729,0.0793289749172057,0.0551512271502588,0.288570477361303,"protein strawberry notch homolog 1-like, transcript variant X3","liver"
"LOC115146294",85.2068706950803,0.11537605527724,0.0795594990863504,0.0555280433460949,0.28905786038146,"BSD domain-containing protein 1-like","liver"
"rab13",74.672977665242,0.115208959180792,0.0825881513051505,0.0582525578718635,0.294770448116096,"RAB13, member RAS oncogene family","liver"
"LOC115122746",58.2660206834732,0.115010702642326,0.0819775939009436,0.0582707141273815,0.294770448116096,"golgin subfamily A member 2-like, transcript variant X1","liver"
"LOC115127407",240.133756834181,0.114927010369602,0.105327255508364,0.0431704042375875,0.257491084209723,"immediate early response gene 2 protein-like","liver"
"LOC115107721",312.780397813226,0.11489346449353,0.0825318012811548,0.05890030365788,0.295850055426932,"serine incorporator 1-like","liver"
"LOC115114242",92.8782361970596,0.114390282859437,0.0887301699468443,0.062037945421835,0.305394523598308,"coatomer subunit beta'-like","liver"
"LOC115125424",314.806983664301,0.114331089319944,0.104915747409718,0.045034308092059,0.262535331534949,"neutral cholesterol ester hydrolase 1-like","liver"
"LOC115116664",140.32036487725,0.114307123765823,0.0823047935210726,0.0600377239881931,0.300262285859969,"coatomer subunit beta, transcript variant X2","liver"
"afg3l2",110.765863046358,0.11427065062498,0.0968511739229756,0.0580188413494692,0.294660212954273,"AFG3 like matrix AAA peptidase subunit 2","liver"
"LOC115132401",134.552726141412,0.114152521976921,0.073699341891764,0.0512448798314242,0.281629058451218,"DAZ-associated protein 2-like","liver"
"as3mt",116.059689267372,0.114119038262051,0.107818235384023,0.0387031459877955,0.245268670562614,"arsenite methyltransferase, transcript variant X2","liver"
"LOC115103957",358.411584845549,0.114118342488329,0.121177323799518,0.00442724224137439,0.0970184912679679,"cathepsin S-like","liver"
"LOC115102203",75.1168947660982,0.114063379939476,0.0750951183442945,0.0533088054113198,0.28440666342479,"protein RCC2 homolog, transcript variant X1","liver"
"LOC115128439",503.384844594091,0.113982509811982,0.0912072728947279,0.06252627385513,0.305950891036627,"proteasome subunit beta type-4-like","liver"
"hgd",1203.26756714114,0.113901494193357,0.0900253345545387,0.0630069258522561,0.307196447097842,"homogentisate 1,2-dioxygenase","liver"
"dnajc22",211.599257734641,0.113689529769347,0.0591838659915486,0.0274513251529899,0.211651140154003,"DnaJ heat shock protein family (Hsp40) member C22, transcript variant X1","liver"
"LOC115139545",338.186730919956,0.113470668569613,0.0993759845598344,0.056539944315667,0.291717484848935,"uricase-like","liver"
"LOC115144421",447.546754665778,0.113425821634122,0.082885337722657,0.0624010308911388,0.305705050375339,"mitochondrial pyruvate carrier 1-like","liver"
"LOC115129586",101.124697127954,0.113336097637714,0.080471670465683,0.0607882473750155,0.303270077232676,"NF-kappa-B-activating protein-like, transcript variant X1","liver"
"LOC115114313",510.402181216687,0.113285595073154,0.0906479152087473,0.0642699363074351,0.310072065194594,"alpha-tocopherol transfer protein-like","liver"
"LOC115112491",60.7230279230583,0.113050746048167,0.092020912920905,0.0643232404320274,0.310072065194594,"AKT-interacting protein-like, transcript variant X1","liver"
"ufsp2",72.8522768431329,0.112853895889873,0.0836798182058811,0.0641914508309594,0.310072065194594,"UFM1 specific peptidase 2","liver"
"tmem129",74.9363856536875,0.112804403486462,0.100035099628132,0.0569263663185935,0.292965976676248,"transmembrane protein 129","liver"
"LOC115105853",752.407153920372,0.112726484214515,0.110877610178072,0.0324625895243502,0.226571087159677,"lipocalin-like, transcript variant X1","liver"
"LOC115135539",310.750561531028,0.112644694826343,0.112359215773202,0.0282480606939915,0.215038736162119,"thiosulfate:glutathione sulfurtransferase-like","liver"
"LOC115104972",462.615002180171,0.112491070855392,0.0902146829230982,0.066219490994631,0.3128136385416,"eukaryotic translation initiation factor 2 subunit 3","liver"
"LOC115136138",208.559964651439,0.112421977999665,0.0726249569858063,0.0532664396286298,0.28440666342479,"GTP-binding protein SAR1a","liver"
"LOC115125620",191.996723897816,0.112245065470125,0.0938572119651083,0.0651256469341879,0.310833883962236,"ER membrane protein complex subunit 7-like","liver"
"LOC115135692",1340.3135788912,0.112238394419038,0.0956083244674003,0.0636945229494282,0.309636405299164,"40S ribosomal protein S10-like","liver"
"LOC115105496",141.408379655112,0.112228829417885,0.0942469955819655,0.0648778661789025,0.310742870205883,"ras-related protein Rab-24-like, transcript variant X1","liver"
"LOC115106595",1053.65536466817,0.11209484927158,0.088575674514627,0.0673487824330076,0.315170651201997,"V-type proton ATPase 16 kDa proteolipid subunit-like","liver"
"LOC115113080",2366.22945206013,0.112065804049864,0.0945351936553196,0.0650286450493833,0.310833883962236,"S-adenosylmethionine synthase-like","liver"
"LOC115139474",74.3840454833525,0.112034547303906,0.0905101291126292,0.067229553369437,0.315170651201997,"NUAK family SNF1-like kinase 2","liver"
"LOC115135279",115.845177142815,0.111920496267511,0.0672699695696445,0.0452933866840466,0.262535331534949,"insulin-degrading enzyme","liver"
"LOC115114935",804.906624559947,0.111825588206764,0.108199221649432,0.0412328578290266,0.252624703929944,"40S ribosomal protein S12","liver"
"LOC115121668",984.170557192459,0.111575326541939,0.0853908940645564,0.0680306135512239,0.317268627957424,"60S ribosomal protein L27-like","liver"
"LOC115141340",112.819993849666,0.111547838420501,0.0922732225717622,0.0677212676272743,0.316414349032478,"peroxisomal targeting signal 1 receptor-like, transcript variant X1","liver"
"LOC115129540",79765.8844068798,0.111451277471427,0.103666742240844,0.0529406807736711,0.28440666342479,"leukocyte cell-derived chemotaxin-2-like, transcript variant X2","liver"
"LOC115136183",336.852045677145,0.111338760519673,0.0856934122268921,0.0687150438426059,0.318235015948244,"serine/threonine-protein phosphatase 2A catalytic subunit alpha isoform-like, transcript variant X2","liver"
"LOC115110052",79.7014923709771,0.111236280410279,0.0959453965523961,0.0656631250573277,0.311938109246699,"ferritin, middle subunit-like","liver"
"LOC115143133",99.9748570895589,0.111189719575054,0.109911680946992,0.0373627541174039,0.238699977715578,"CD302 antigen-like","liver"
"LOC115134057",196.672572514072,0.111081231494979,0.0732109950066586,0.0570719761982218,0.292965976676248,"V-type proton ATPase subunit E 1-like","liver"
"LOC115112856",65.5984338844688,0.11103993419974,0.0990663222159377,0.0621854361183349,0.305705050375339,"protein phosphatase 1G-like","liver"
"LOC115131258",103.47040829425,0.110946269310409,0.0856375059141403,0.069663807604067,0.319403464335407,"small nuclear ribonucleoprotein Sm D1, transcript variant X3","liver"
"LOC115121634",120.77877293033,0.110723981483455,0.101910551014718,0.0580001821739036,0.294660212954273,"stromal cell-derived factor 2-like","liver"
"LOC115112217",69.1774565980089,0.110680218348198,0.0827095708557685,0.068821035361714,0.318235015948244,"ubiquitin carboxyl-terminal hydrolase 47-like, transcript variant X4","liver"
"LOC115107873",162.0069017067,0.11059590907498,0.0962848468277109,0.0668040027453297,0.314455366975914,"protein Z-dependent protease inhibitor-like","liver"
"LOC115131188",58.2645804760878,0.110420681178242,0.0950762974409016,0.0684417125586085,0.317602663333683,"C1GALT1-specific chaperone 1-like, transcript variant X1","liver"
"LOC115139206",151.705843278878,0.110375505443243,0.0857625596288532,0.0711334084206811,0.323593496342295,"methylmalonate-semialdehyde dehydrogenase [acylating], mitochondrial-like, transcript variant X1","liver"
"LOC115101346",86.0463340158353,0.110081773767689,0.0969037499063868,0.0673103842257462,0.315170651201997,"neutral alpha-glucosidase AB-like, transcript variant X1","liver"
"LOC115142412",1297.54075381506,0.110078749667948,0.0958617389451072,0.0684918403018417,0.317602663333683,"40S ribosomal protein S15a","liver"
"LOC115128329",66.6970509067042,0.109955692194444,0.101021145318525,0.0613350348429748,0.303588391933973,"NADH dehydrogenase [ubiquinone] iron-sulfur protein 5-like, transcript variant X1","liver"
"rcl1",5076.98871141191,0.109775671677535,0.0868140045635838,0.0729396480199681,0.326705500361967,"RNA terminal phosphate cyclase like 1","liver"
"bnip3",107.430551896785,0.10952794914327,0.0845046566946024,0.0727844134836674,0.326705500361967,"BCL2 interacting protein 3, transcript variant X1","liver"
"LOC115137352",126.964610662466,0.109486606881026,0.0788722834264246,0.0683808650250331,0.317602663333683,"NADH dehydrogenase [ubiquinone] iron-sulfur protein 8, mitochondrial-like","liver"
"LOC115112121",66.9088711625896,0.109391357359436,0.0852469414236038,0.0734644621475211,0.327974970113139,"vacuolar protein sorting-associated protein 35-like, transcript variant X1","liver"
"LOC115131881",473.311985095003,0.109333472857318,0.0724217984032104,0.0598041439992619,0.299461536782545,"cellular nucleic acid-binding protein-like","liver"
"LOC115112235",2393.41559909146,0.109296409595963,0.106873178088391,0.0491877165559555,0.275151680148981,"60S ribosomal protein L13","liver"
"LOC115103739",1743.06021643696,0.109286490137802,0.103352329727954,0.0580266486601497,0.294660212954273,"fucolectin-6-like, transcript variant X2","liver"
"LOC115135251",97.4904595283907,0.109250004534315,0.0897011685007411,0.0743336723309325,0.329172675117172,"calmodulin","liver"
"pgls",58.7147301080608,0.109165326214487,0.0988034928539367,0.0668883803364496,0.314455366975914,"6-phosphogluconolactonase, transcript variant X2","liver"
"LOC115131981",81.7458106537503,0.109123392661932,0.0863558936740417,0.0745259248473204,0.329466019173187,"rho-related GTP-binding protein RhoA-B","liver"
"LOC115114749",64.6072200770246,0.109115513471075,0.0883173366913547,0.0748060065024159,0.32998840097819,"cytochrome b-c1 complex subunit 10","liver"
"LOC115114539",93.0510078770924,0.109099833664226,0.0846203352347436,0.0739516602794399,0.328709888003268,"EF-hand calcium-binding domain-containing protein 14-like","liver"
"LOC115139186",97.6222705596765,0.109095078295221,0.0959922140899962,0.0707571614591054,0.322241553192529,"platelet-activating factor acetylhydrolase-like, transcript variant X1","liver"
"LOC115107006",96.0204699012881,0.109057878375797,0.0917642992003454,0.0741593015881476,0.329172675117172,"calphotin-like","liver"
"LOC115121087",674.011735296301,0.109016065455739,0.0971653879174373,0.0695545657080438,0.319261722777012,"60S ribosomal protein L18","liver"
"lg22h18orf32",171.342402772214,0.108752395089887,0.0726844204459487,0.0616072496363587,0.304008655590554,"linkage group 22 C18orf32 homolog","liver"
"LOC115138062",190.64492836976,0.10873584984944,0.0973130332789286,0.0700500166912682,0.319881198728937,"ras-related protein rab7-like","liver"
"LOC115106933",180.249492004698,0.108683933909288,0.0859713786790806,0.0755747742671579,0.330873018166419,"short transmembrane mitochondrial protein 1-like","liver"
"LOC115113496",28218.4076179466,0.108613904245214,0.099079530024073,0.0677698053742279,0.316414349032478,"prothrombin-like","liver"
"rps21",1127.76346629332,0.108509492514279,0.0892205714194333,0.0763497851093541,0.333098555422861,"ribosomal protein S21","liver"
"LOC115104235",120.962499659442,0.108445761501524,0.0882427890101579,0.0765734412245389,0.333098555422861,"glucosidase 2 subunit beta-like, transcript variant X4","liver"
"rpl21",2497.11887369325,0.108437716165167,0.110138450612849,0.0408327686337579,0.251032224662439,"ribosomal protein L21, transcript variant X1","liver"
"LOC115119248",3446.87580707764,0.108433513755928,0.0965795415669909,0.0717287907309051,0.325413538258383,"40S ribosomal protein S29-like","liver"
"LOC115105933",4278.77411633309,0.108342698601153,0.101417985471414,0.0642070184914417,0.310072065194594,"serine protease inhibitor Kazal-type 1-like","liver"
"LOC115132136",105.6981052137,0.108288965275015,0.0980298638717943,0.070160400310027,0.319881198728937,"bcl-2-like protein 1, transcript variant X2","liver"
"LOC115145826",504.96191759815,0.108222413691596,0.10047822641245,0.066290553964539,0.3128136385416,"succinate--CoA ligase [ADP/GDP-forming] subunit alpha, mitochondrial-like","liver"
"LOC115131912",265.216046377339,0.108197659436238,0.100620675648019,0.0660841442184449,0.3128136385416,"prostaglandin E synthase 3-like, transcript variant X1","liver"
"LOC115101941",176.01699093752,0.107823213732375,0.0812063389116056,0.0750133628337562,0.330036247274988,"small nuclear ribonucleoprotein G-like","liver"
"LOC115133003",510.953725252817,0.107777438047828,0.0969387733844042,0.072937332885013,0.326705500361967,"40S ribosomal protein S16","liver"
"LOC115106702",97.6924156199937,0.107738429187194,0.0838929712608641,0.077199530293852,0.334750303699724,"mitochondrial amidoxime-reducing component 1-like","liver"
"ydjc",203.634694383103,0.107681151097306,0.107209991163471,0.0512680965090294,0.281629058451218,"YdjC chitooligosaccharide deacetylase homolog","liver"
"LOC115112058",59.1818005795527,0.107638945329452,0.0777239349990324,0.0717730056168515,0.325413538258383,"oxysterols receptor LXR-alpha-like, transcript variant X2","liver"
"LOC115129309",295.553298771209,0.10739018512378,0.068873661662656,0.0579429426589187,0.294660212954273,"heterogeneous nuclear ribonucleoprotein A0-like","liver"
"LOC115135451",1091.91899876957,0.107310150018997,0.0917126658088819,0.0788144645969224,0.338868942718413,"40S ribosomal protein S14","liver"
"LOC115106928",85.3154997623952,0.107308347394143,0.0944934915850287,0.0768611001443378,0.333915406164639,"aldo-keto reductase family 1 member B1-like","liver"
"LOC115108503",1232.17306432197,0.107220077065485,0.100673053232426,0.0683176933674604,0.317602663333683,"proteasome subunit beta type-5-like","liver"
"LOC115118318",686.308138429235,0.107116157762813,0.0971396591670803,0.0743698461956526,0.329172675117172,"40S ribosomal protein S3","liver"
"LOC115123537",102.117086358306,0.106948531564305,0.102072600180447,0.0660893042012037,0.3128136385416,"NADH dehydrogenase [ubiquinone] 1 beta subcomplex subunit 4-like","liver"
"LOC115138144",559.411261548364,0.106847459936274,0.084696051333258,0.08007222380657,0.342229155758065,"gamma-aminobutyric acid receptor-associated protein-like","liver"
"mospd1",136.804833665281,0.106659882988555,0.0815026801850316,0.0784436656819598,0.338136897066868,"motile sperm domain containing 1, transcript variant X1","liver"
"LOC115133279",65.8384641482317,0.106636083258863,0.0765537933010408,0.0728843104944676,0.326705500361967,"ankyrin repeat domain-containing protein 46","liver"
"eci2",817.628599312659,0.106534984062769,0.0838634538950922,0.080506615856653,0.342229155758065,"enoyl-CoA delta isomerase 2, transcript variant X4","liver"
"hadhb",288.945856157005,0.106492050918176,0.0632643662592374,0.0481255436705783,0.272444050001774,"hydroxyacyl-CoA dehydrogenase trifunctional multienzyme complex subunit beta","liver"
"LOC115126510",1630.07722337662,0.10647296196589,0.0991601884317096,0.0729343760863601,0.326705500361967,"40S ribosomal protein S9-like","liver"
"LOC115142960",109.600471397614,0.106402578456144,0.100134381403154,0.0713612459216844,0.324268047242793,"double-stranded RNA-binding protein Staufen homolog 1-like, transcript variant X1","liver"
"LOC115146490",111.257200364064,0.106395940710859,0.0821988077443105,0.0797555458584748,0.341474374915066,"uncharacterized LOC115146490, transcript variant X1","liver"
"LOC115118532",96.74159181423,0.106360489051578,0.0791570526763064,0.0769250653553964,0.333915406164639,"RNA polymerase-associated protein RTF1 homolog","liver"
"LOC115138225",971.23763022466,0.10621103377931,0.0862421570299836,0.0824485751278026,0.346097211350076,"oligosaccharyltransferase complex subunit ostc-like","liver"
"LOC115143067",662.370249766949,0.106198797201945,0.0851589427099542,0.0821069978571938,0.345018683779301,"probable Bax inhibitor 1, transcript variant X1","liver"
"LOC115114914",1133.87376873569,0.106138368974212,0.0963175410599974,0.0780208582615174,0.336878197324094,"60S ribosomal protein L24-like","liver"
"LOC115105184",238.078760787325,0.105929617495686,0.0849638578305491,0.0827912284022873,0.346465140623945,"electron transfer flavoprotein subunit beta-like, transcript variant X1","liver"
"LOC115128031",207.471892747524,0.10590023407543,0.0919785721314023,0.082581044902798,0.346143755999943,"60S ribosomal protein L28-like","liver"
"LOC115117925",79.5360811812178,0.105880137798995,0.102803529868847,0.0669644893363821,0.314455366975914,"lysozyme C II","liver"
"selenop",1627.30121478001,0.105866832113552,0.112666000352242,0.0358143166987033,0.236098373869557,"selenoprotein P, transcript variant X1","liver"
"LOC115119306",133.957766896685,0.105855414386579,0.0879999234609564,0.0837376626486347,0.347664337007804,"protein SET-like","liver"
"nipsnap2",151.641215028271,0.105839513041805,0.0956882048245867,0.0795886461568775,0.341118109080371,"nipsnap homolog 2","liver"
"LOC115138249",593.119021585147,0.105821831216569,0.105611196868818,0.0597409475196681,0.299461536782545,"GTP cyclohydrolase 1","liver"
"LOC115113120",1083.29712149644,0.105554689569025,0.094960017448768,0.0811746206004872,0.344142164600679,"40S ribosomal protein S24, transcript variant X1","liver"
"LOC115109963",3522.68185733282,0.105233133069908,0.0964088145697512,0.0803747344061327,0.342229155758065,"nucleoside diphosphate kinase-like, transcript variant X2","liver"
"LOC115123887",1082.99974278123,0.105044186404184,0.0983709669620365,0.0780124082327797,0.336878197324094,"40S ribosomal protein S12","liver"
"LOC115119588",94.1717148272135,0.104904564460114,0.0894782281703159,0.0863857040740881,0.351054964911249,"ribonuclease H1-like, transcript variant X3","liver"
"LOC115135293",131.701707508389,0.104901528840924,0.0730995147613859,0.072112309515426,0.326226163801195,"transmembrane 9 superfamily member 3","liver"
"LOC115114642",4469.10304169294,0.104843535987824,0.0942756541466094,0.0838624610981509,0.347734884472089,"peroxiredoxin","liver"
"LOC115122307",1178.74608412532,0.104795062688574,0.0961390289945361,0.0819400708975447,0.345018683779301,"40S ribosomal protein S15a","liver"
"LOC115131913",1762.85279979362,0.104790377276565,0.0971969217044421,0.0805195682953837,0.342229155758065,"nascent polypeptide-associated complex subunit alpha, transcript variant X2","liver"
"LOC115135390",133.659392339585,0.104740518904793,0.0789162796901102,0.0812175995268465,0.344142164600679,"ATP synthase subunit g, mitochondrial-like","liver"
"LOC115102189",298.812421897881,0.104683903292367,0.0805232110473044,0.0831529888453649,0.346910524599496,"rho-related GTP-binding protein RhoA-B-like","liver"
"LOC115107559",86.916832339842,0.104621078837218,0.0868124512310678,0.0872118505452806,0.352304759982719,"rho-related GTP-binding protein RhoB-like","liver"
"LOC115128922",102.274551539047,0.104507217461398,0.115073727729423,0.0281084601574126,0.214550718355082,"macrophage receptor MARCO-like","liver"
"LOC115113500",690.884849216459,0.104457198741674,0.0951088226522123,0.0841161674099398,0.347975728564534,"synaptotagmin-13-like, transcript variant X2","liver"
"LOC115135604",1601.455584138,0.104434861843119,0.0957495656755585,0.0834405850322187,0.347399207958451,"40S ribosomal protein S23","liver"
"LOC115135313",61.0673822937033,0.104401844859314,0.0816830300670486,0.085076909231194,0.349799963184937,"dynactin subunit 2-like, transcript variant X3","liver"
"LOC115131962",83.7985672194511,0.104236017987328,0.101178472690938,0.0748003731389209,0.32998840097819,"interferon-related developmental regulator 2-like, transcript variant X1","liver"
"LOC115132427",170.875345059545,0.104157637715379,0.0928282009804645,0.0870676837382378,0.352304759982719,"polypyrimidine tract-binding protein 1-like, transcript variant X1","liver"
"echs1",89.2907237369422,0.104113725428107,0.105876050097806,0.0627825150333913,0.30646889973186,"enoyl-CoA hydratase, short chain 1","liver"
"srp19",125.814026096992,0.103981091323131,0.0894287718012448,0.0891447889076366,0.354146354373808,"signal recognition particle 19","liver"
"LOC115102726",60.8287043243658,0.103825957712619,0.0919209625849768,0.0886487476419809,0.353757565046943,"ubiquitin-conjugating enzyme E2 R1","liver"
"LOC115119455",2085.57667564131,0.103774224219597,0.0971699872099049,0.0834158427153517,0.347399207958451,"sodium/potassium-transporting ATPase subunit alpha-1","liver"
"LOC115114233",192.938041089437,0.103769925772078,0.0846065414598767,0.0890015237244053,0.353987042567365,"ubiquitin-60S ribosomal protein L40-like","liver"
"LOC115106260",58.6346251389869,0.103598832634972,0.0958809812499286,0.0856877861334505,0.350742551825015,"phytanoyl-CoA dioxygenase, peroxisomal-like","liver"
"LOC115108130",124.347330615372,0.10350535029518,0.10130134561081,0.0764624518702486,0.333098555422861,"polypyrimidine tract-binding protein 1-like, transcript variant X1","liver"
"LOC115110576",70.1173032704066,0.103465310657293,0.0994051576822884,0.080509769158841,0.342229155758065,"phenylalanine--tRNA ligase alpha subunit-like","liver"
"LOC115118649",244.746408662412,0.103382305960573,0.100074873451211,0.0794229956787459,0.340766453038493,"inosine-uridine preferring nucleoside hydrolase-like, transcript variant X1","liver"
"eif3i",298.836252222028,0.103311379675722,0.0858269592986599,0.090920279985479,0.358113368975222,"eukaryotic translation initiation factor 3 subunit I","liver"
"LOC115116228",101.839687596592,0.103159464568239,0.0854255845117759,0.0912438509851581,0.358640247459503,"HMG box-containing protein 1-like","liver"
"LOC115137336",214746.43808828,0.103126633965355,0.0720274289367363,0.0750486386404131,0.330036247274988,"lecithin retinol acyltransferase-like, transcript variant X2","liver"
"LOC115132388",484.74422216198,0.103096705669247,0.0979656518231385,0.084110938050998,0.347975728564534,"CD63 antigen-like","liver"
"LOC115141644",227.495125391962,0.103037977747266,0.0787503931736682,0.0860506751288063,0.350742551825015,"histone H3.3","liver"
"LOC115111993",59.259831425829,0.102786267451459,0.0920111153953546,0.091753539442057,0.359279148153416,"protein FAM160B2-like, transcript variant X1","liver"
"LOC115105431",63.5969198498291,0.102771419492974,0.0931051721214298,0.0910219455982164,0.358113368975222,"ras-related GTP-binding protein C","liver"
"LOC115113988",94.0418729235451,0.102670877845821,0.116981404748585,0.0221114275964861,0.188884564125092,"microsomal glutathione S-transferase 3-like, transcript variant X1","liver"
"LOC115143503",1302.97766429462,0.102580761170764,0.106373331019962,0.064773456141368,0.310607773214372,"40S ribosomal protein S10-like","liver"
"LOC115109102",58.8981948022092,0.102428973858863,0.0823439662999718,0.0916557406623504,0.359279148153416,"RNA 3'-terminal phosphate cyclase-like","liver"
"chchd10",222.331458509674,0.102385845050189,0.1098923358075,0.0524993058906776,0.284120957496779,"coiled-coil-helix-coiled-coil-helix domain containing 10","liver"
"snap23",58.9345360016721,0.102362738862353,0.0905314142140419,0.0938123765631048,0.362302933203603,"synaptosome associated protein 23, transcript variant X3","liver"
"LOC115101131",77.8491618850594,0.10236220044948,0.107645540079739,0.0609367500622084,0.303270077232676,"complement component C6-like","liver"
"LOC115116268",123179.859227099,0.102332255057671,0.0997865976731443,0.082952416183646,0.346783639348247,"transmembrane protein 116-like, transcript variant X2","liver"
"tomm7",119.838746575184,0.102258415365035,0.0789594967007377,0.0886997623841943,0.353757565046943,"translocase of outer mitochondrial membrane 7","liver"
"LOC115111768",73.9127190201166,0.102227219946953,0.0993227328969421,0.0841766605408809,0.347975728564534,"histone acetyltransferase KAT6A-like","liver"
"LOC115111711",80.424733059091,0.102222340292974,0.0991689751868261,0.0844879466674847,0.348555537061404,"endoplasmic reticulum-Golgi intermediate compartment protein 2-like, transcript variant X3","liver"
"LOC115112440",597.100087985284,0.102220499511563,0.0928560250021257,0.0929188707553494,0.360702206856004,"40S ribosomal protein S13-like","liver"
"fem1c",58.6575637379766,0.102181895822082,0.0926767478028166,0.0931749882954882,0.361008794954762,"fem-1 homolog C","liver"
"LOC115119022",242.103376297865,0.102158767303092,0.0895082710215837,0.0947651334864573,0.364055310170405,"transmembrane emp24 domain-containing protein 9-like","liver"
"dcxr",268.394132504117,0.102107244186324,0.1030927542105,0.0757783652314281,0.33140838699925,"dicarbonyl and L-xylulose reductase, transcript variant X2","liver"
"LOC115134531",286.144509610876,0.102073404567074,0.107804071310566,0.0610224363886906,0.303326159415003,"protein disulfide-isomerase A3-like","liver"
"LOC115111634",90.1089188117105,0.101998558964673,0.0884330770358077,0.0954226065742573,0.364861673918079,"cyclin-dependent kinase 2-associated protein 1-like","liver"
"LOC115145843",74.4028918175499,0.101960077166933,0.101072664748774,0.0812229544518776,0.344142164600679,"LON peptidase N-terminal domain and RING finger protein 1-like, transcript variant X1","liver"
"LOC115107021",158.531066972436,0.101921506406925,0.0903663761766765,0.0952688577478756,0.364621744473288,"ATP synthase subunit gamma, mitochondrial-like, transcript variant X1","liver"
"LOC115123807",538.86064387133,0.101911687886071,0.0989057715427957,0.0858936723378282,0.350742551825015,"40S ribosomal protein S19","liver"
"LOC115121194",145.259317834194,0.101903452513636,0.106690981073215,0.0653180891875134,0.311023985430262,"anaphase-promoting complex subunit CDC26-like, transcript variant X1","liver"
"atp6v0b",118.918817844219,0.101863646079716,0.0807613084113511,0.0919807481291747,0.359285719078632,"ATPase H+ transporting V0 subunit b, transcript variant X1","liver"
"hmgb1",102.877914962328,0.101839929514641,0.0972171254823165,0.0890178406848747,0.353987042567365,"high mobility group box 1, transcript variant X2","liver"
"LOC115136230",85.5466684930353,0.101693089888186,0.0837767603549277,0.0950329694459176,0.364621744473288,"NEDD4 family-interacting protein 1-like, transcript variant X2","liver"
"LOC115112485",111.118170479957,0.10157657637559,0.0890824271347956,0.0967081707634194,0.366232141905617,"terminal nucleotidyltransferase 4A-like","liver"
"LOC115112169",90.4222819987005,0.101551654156676,0.088421854165152,0.096859236745401,0.366232141905617,"IST1 homolog, transcript variant X2","liver"
"LOC115135911",207.095072613575,0.101538473846345,0.0769377847944418,0.0881829296451069,0.353721798164998,"clathrin heavy chain 1-like, transcript variant X5","liver"
"LOC115143058",326.047219051415,0.101504471966391,0.108821821366145,0.0585008401323673,0.295476362304249,"cathepsin Z-like","liver"
"LOC115138300",65.4625909916781,0.101486465401476,0.0887555624536606,0.0970429381761793,0.366247237042691,"CAAX prenyl protease 1 homolog","liver"
"LOC115110905",63.5377867683306,0.101428797244913,0.0954150526120195,0.0928110986799605,0.360627300495252,"nucleosome-remodeling factor subunit BPTF-like","liver"
"lamtor1",91.0158059934668,0.101418636041645,0.100119481080057,0.0848929661041397,0.349518919030781,"late endosomal/lysosomal adaptor, MAPK and MTOR activator 1","liver"
"LOC115146682",214.209443445955,0.101087531574062,0.0956819295328944,0.0935367087538385,0.361722604251087,"ATPase inhibitor B, mitochondrial-like","liver"
"LOC115120883",333.573743069546,0.101071250991346,0.093360657419079,0.0961294980529385,0.365848584560016,"FAD synthase-like","liver"
"LOC115107967",60.2060963012432,0.10104646553026,0.083320363413188,0.0968281951944087,0.366232141905617,"serine/threonine-protein phosphatase 2A 56 kDa regulatory subunit gamma isoform-like, transcript variant X4","liver"
"LOC115115620",66.5633888911584,0.101024577498044,0.0966513617164713,0.0923776824323861,0.359285719078632,"E3 ubiquitin-protein ligase synoviolin-like, transcript variant X2","liver"
"LOC115143444",69.1578860857392,0.100958047811569,0.0896104689176411,0.0986108491932124,0.370449604895423,"tumor suppressor candidate 2-like, transcript variant X1","liver"
"LOC115142560",91.8911551222051,0.100876182747662,0.0875646638801007,0.0990560687225988,0.371096080986501,"proteasome subunit beta type-3-like","liver"
"LOC115131303",349.582924270332,0.100688778673421,0.0758991464034195,0.0892378625191989,0.354170912977853,"cytochrome b-c1 complex subunit 7-like","liver"
"tpmt",66.9561241466219,0.100636311012483,0.0977859849477281,0.0917589777300554,0.359279148153416,"thiopurine S-methyltransferase, transcript variant X2","liver"
"dpm3",58.9603101296718,0.100596971239953,0.088771428780147,0.0999546942247666,0.372921081015946,"dolichyl-phosphate mannosyltransferase subunit 3, regulatory","liver"
"LOC115146891",10647.5815567107,0.100581024843414,0.07672649799854,0.0908875691999615,0.358113368975222,"extracellular matrix protein 1-like, transcript variant X2","liver"
"LOC115122065",1827.40724230252,0.100571340926492,0.111267986665577,0.0503877797222762,0.279429374351017,"complement C1q-like protein 2","liver"
"med31",74.9591066723055,0.100463631352362,0.0860871510102818,0.10014622168321,0.372921081015946,"mediator complex subunit 31","liver"
"LOC115124839",100.068691401744,0.100457603532476,0.0807937933003745,0.0965577714487129,0.366111140860422,"ubiquitin-conjugating enzyme E2 D2","liver"
"LOC115138299",861.101615772544,0.100332769082248,0.0932624184333096,0.0986060521043681,0.370449604895423,"60S ribosomal protein L13a-like","liver"
"LOC115130279",142.852684666448,0.100286336973897,0.0856018525196348,0.100575421622937,0.373304886891544,"proteasome activator complex subunit 2-like","liver"
"LOC115124641",294.079854288374,0.100281309008074,0.112507703355565,0.0453906633466113,0.262535331534949,"eukaryotic translation initiation factor 4E-binding protein 3-like","liver"
"LOC115103982",73.4470229202121,0.100164819059628,0.087448184963567,0.101414638803366,0.373942391823035,"eukaryotic initiation factor 4A-III","liver"
"tymp",350.554822159867,0.100129255335198,0.104778658885063,0.0761488931900739,0.332671906369498,"thymidine phosphorylase","liver"
"ppp4c",59.9073657459049,0.100116541941747,0.0782619497432252,0.0946219129283957,0.363848034996359,"protein phosphatase 4 catalytic subunit","liver"
"LOC115114718",85.6466100627716,0.100105019554196,0.0845313759320604,0.100698948260615,0.373304886891544,"apoptosis-associated speck-like protein containing a CARD","liver"
"LOC115126147",127.824707852714,0.100074737837211,0.0831309925058604,0.0999137381970424,0.372921081015946,"stromal cell-derived factor 2-like","liver"
"LOC115134140",743.1569612402,0.100046678698219,0.0900087432365942,0.101516213237112,0.373942391823035,"40S ribosomal protein S17, transcript variant X1","liver"
"LOC115130904",2324.90113174701,0.100039004971909,0.111385867888527,0.0509093422461175,0.280793611630819,"ribonuclease-like 3","liver"
"LOC115108691",336.972396175682,0.0999434915602851,0.10143377166179,0.0861828672671897,0.350923424023982,"transmembrane 4 L6 family member 4-like","liver"
"spr",67.7449169099603,0.099916641253301,0.105219014320967,0.0752937990501414,0.330036247274988,"sepiapterin reductase, transcript variant X3","liver"
"LOC115123393",64.7158361251913,0.0998483029569289,0.102469461411641,0.0837601518502609,0.347664337007804,"COP9 signalosome complex subunit 1-like","liver"
"LOC115131257",1304.81287889331,0.0998479866140894,0.100668540518308,0.0883209267073347,0.353721798164998,"60S ribosomal protein L14-like","liver"
"LOC115134253",518.277144818283,0.0998383428929743,0.0971893181504581,0.0952704018312198,0.364621744473288,"chromodomain-helicase-DNA-binding protein 2-like, transcript variant X1","liver"
"mrps18c",155.647497690722,0.0998369126476178,0.080772085568938,0.0985974079976515,0.370449604895423,"mitochondrial ribosomal protein S18C, transcript variant X3","liver"
"LOC115139890",1203.45168515924,0.0997177380542963,0.0969952274134493,0.0959713660142772,0.365624127731397,"60S ribosomal protein L35-like","liver"
"LOC115131440",75.7047026680452,0.0996489416370078,0.0825643499610094,0.100911671529258,0.373583990148278,"splicing factor 3A subunit 3-like","liver"
"LOC115124645",80.0257955586456,0.0994026406543228,0.0854627503696837,0.103519287379174,0.378765363875687,"cyclin-L1-like, transcript variant X1","liver"
"LOC115131739",766.989959692479,0.099373320733296,0.0933042359033069,0.101746175647483,0.374293693085867,"40S ribosomal protein S5","liver"
"LOC115108593",248.566677837402,0.0992404746254746,0.0894921344833956,0.104398898254832,0.379596806639496,"proteasome subunit alpha type-7-like","liver"
"LOC115139195",133.900088398587,0.0992117878257396,0.106199416351273,0.0738077982478535,0.328709888003268,"ubiquitin-like protein FUBI","liver"
"LOC115106841",198.947579161991,0.099167210958464,0.0941827116050971,0.101558937131526,0.373942391823035,"cyclin-dependent kinase inhibitor 1B-like","liver"
"ndufc1",248.737496607524,0.099104913339787,0.0764142523297062,0.0952120587616199,0.364621744473288,"NADH:ubiquinone oxidoreductase subunit C1","liver"
"LOC115102474",63.9781654511305,0.0990978271277999,0.0811689829099058,0.101512419311334,0.373942391823035,"pituitary tumor-transforming gene 1 protein-interacting protein-like","liver"
"LOC115137212",1078.20384049173,0.0990034522790656,0.0972324989669431,0.097892576218344,0.369112063520786,"40S ribosomal protein S6","liver"
"LOC115113119",97.111083253915,0.0989958616882071,0.0870730277178842,0.105362234581682,0.381400060528364,"eukaryotic translation initiation factor 4E-binding protein 2-like","liver"
"LOC115123318",123.524239109764,0.0989908941947231,0.0985067105684386,0.0956249220871528,0.365292579594409,"RNA-binding protein 45-like","liver"
"LOC115104018",71.0854975008484,0.0988716427574232,0.0743047648658197,0.0923304624139562,0.359285719078632,"SUMO-conjugating enzyme UBC9-like","liver"
"LOC115105004",116.280786841945,0.0987479313960833,0.0932732827782821,0.103890798708979,0.378875711617528,"cullin-1-like","liver"
"LOC115126441",113.962028791537,0.0987045238381994,0.0985673935623804,0.0964285509011584,0.366111140860422,"enolase-phosphatase E1, transcript variant X2","liver"
"LOC115103226",73.274031778072,0.0985917064163065,0.0989727720134427,0.0959768110625782,0.365624127731397,"choline-phosphate cytidylyltransferase A-like, transcript variant X1","liver"
"LOC115143345",217.543852355702,0.0985907979777415,0.076176734066143,0.0965456469491834,0.366111140860422,"cytochrome b-c1 complex subunit 1, mitochondrial-like","liver"
"selenbp1",457.976486183033,0.0985202053321728,0.102205425467124,0.0884304495412494,0.353721798164998,"selenium binding protein 1","liver"
"c8b",676.152829804591,0.0985118504867363,0.107723830001061,0.0698833130323408,0.319690666576679,"complement C8 beta chain","liver"
"vps26c",109.248810235377,0.0983437990051603,0.0974675058112259,0.0996577655117678,0.372665185528409,"VPS26 endosomal protein sorting factor C, transcript variant X1","liver"
"LOC115131831",1303.97172415527,0.0983382183265265,0.0810267694971531,0.103993735027317,0.378875711617528,"60S ribosomal protein L32, transcript variant X1","liver"
"LOC115109031",376.609349533514,0.0983004545639319,0.0989281888141213,0.0970114489416986,0.366247237042691,"uncharacterized LOC115109031, transcript variant X1","liver"
"LOC115146872",1522.90725624064,0.0982754880126217,0.0901670628899362,0.107539146189122,0.385853485798292,"60S ribosomal protein L7a","liver"
"LOC115141493",699.09693021315,0.0981835617683106,0.0945389184434983,0.104491564536191,0.379596806639496,"translocon-associated protein subunit alpha","liver"
"LOC115139445",109.218678611193,0.0981446059362825,0.124633524378742,0.000582180994728829,0.0466002202576675,"protein broad-minded-like, transcript variant X5","liver"
"LOC115108625",70.5241669554301,0.0980965835252873,0.0874280855864089,0.108560130105948,0.387833868138358,"non-specific lipid-transfer protein-like","liver"
"LOC115139938",285.246258292285,0.0979966116301505,0.0820122266225066,0.106159591682778,0.383223370677579,"cytochrome c oxidase subunit 6A, mitochondrial-like","liver"
"LOC115139915",232.908430259201,0.097958954413646,0.0886058587060207,0.109035859182749,0.387902142635137,"sarcoplasmic/endoplasmic reticulum calcium ATPase 2-like, transcript variant X1","liver"
"LOC115112651",502.052966224033,0.0979511705088965,0.0858975475820092,0.108757142120251,0.387833868138358,"cystatin","liver"
"LOC115145288",363.205016098705,0.0978529331797288,0.0881072425559764,0.109447966062891,0.387902142635137,"cytochrome c oxidase subunit 6C-1-like","liver"
"LOC115142169",73.7089043020292,0.0977748286311692,0.102146354679949,0.090886805581183,0.358113368975222,"serine/arginine-rich splicing factor 3-like, transcript variant X1","liver"
"LOC115104927",93.309921820896,0.0977381690002587,0.0792443654462899,0.104014210328757,0.378875711617528,"brefeldin A-inhibited guanine nucleotide-exchange protein 1-like","liver"
"LOC115109348",70.017494822881,0.0974699817650192,0.096175642143309,0.104733103639094,0.37979726906846,"heat shock factor-binding protein 1-like","liver"
"LOC115126363",469.449381795945,0.0974293874100793,0.0974081751392411,0.102832661880191,0.377305094940093,"tumor necrosis factor receptor superfamily member 14-like, transcript variant X1","liver"
"LOC115139488",71.5653326408753,0.0972252270797173,0.0817670217389762,0.108687464347424,0.387833868138358,"glycoprotein integral membrane protein 1-like","liver"
"LOC115131347",3144.57926612264,0.0971581118414291,0.108709237855826,0.0692451360793295,0.318558887877367,"60S acidic ribosomal protein P1-like","liver"
"LOC115132243",226.524844241969,0.0970019277504992,0.0894207338553402,0.112330293170515,0.39294216397497,"dolichyl-diphosphooligosaccharide--protein glycosyltransferase 48 kDa subunit-like","liver"
"LOC115132965",1411.1986056771,0.0969466154598968,0.112034916456632,0.0541203275368996,0.286514561702219,"sodium-coupled neutral amino acid transporter 4-like, transcript variant X2","liver"
"LOC115142386",315.750734314141,0.096880565050102,0.0809340591680072,0.109087814464772,0.387902142635137,"ATP synthase membrane subunit DAPIT, mitochondrial-like","liver"
"LOC115102446",72.7912801213227,0.0965988338893012,0.0824770043415808,0.111614647361462,0.391641485738095,"C4b-binding protein alpha chain-like, transcript variant X3","liver"
"LOC115136834",78.2945116827821,0.0965321696701935,0.113188693122075,0.0490185303212178,0.274827413465315,"complement C4-B-like","liver"
"LOC115146386",79.4152427420382,0.0964608420461144,0.0764970217679149,0.104477797887323,0.379596806639496,"14-3-3 protein zeta-like","liver"
"LOC115137581",150.173252520436,0.0964221033678919,0.0867776727173518,0.114551744891654,0.395019384245672,"DNA topoisomerase 1-like","liver"
"LOC115111545",75.6561493131742,0.0964058215393349,0.115542160955769,0.0365501517192866,0.236820785401117,"GTPase-activating protein and VPS9 domain-containing protein 1-like, transcript variant X3","liver"
"commd10",66.9205199331002,0.0963737449108106,0.0849067181671112,0.114093912531122,0.394843487389548,"COMM domain containing 10","liver"
"ube2j1",64.3556354795468,0.0961843576058997,0.0879104303435977,0.115541695879179,0.396770356824195,"ubiquitin conjugating enzyme E2 J1","liver"
"anxa2",212.765666030118,0.0961772445819454,0.109339243291068,0.0689319059294366,0.318235015948244,"annexin A2, transcript variant X1","liver"
"LOC115131737",70.8722335657168,0.0961513932265519,0.103362485166836,0.0923515260956984,0.359285719078632,"N(G),N(G)-dimethylarginine dimethylaminohydrolase 2-like, transcript variant X1","liver"
"LOC115121010",877.491862131217,0.0961427871784352,0.104653190554477,0.0880574983807287,0.353721798164998,"diamine acetyltransferase 1-like","liver"
"LOC115126864",67.5329604610936,0.0959869947763152,0.107740297935234,0.0765292220630261,0.333098555422861,"transgelin-2-like","liver"
"slc5a12",147.811129250787,0.0959149524984427,0.117639179480973,0.0257170610278404,0.203935293286921,"solute carrier family 5 member 12","liver"
"LOC115133066",86.2762648455403,0.0957747269763547,0.0711896635036099,0.0963515066926519,0.366111140860422,"serine/threonine-protein phosphatase 6 regulatory subunit 2-like, transcript variant X3","liver"
"LOC115129181",153.539423901853,0.0957720039153345,0.0729728347581908,0.100275148379165,0.372921081015946,"matrin-3-like","liver"
"lg4h9orf78",65.9183408262205,0.0956677138080373,0.0816731406864266,0.114333652799013,0.394843487389548,"linkage group 4 C9orf78 homolog","liver"
"LOC115103871",7113.8905399124,0.0956488738520332,0.0822683686774032,0.114966988115566,0.395961986628584,"beta-2-glycoprotein 1-like","liver"
"LOC115109284",309.038483599886,0.0956454476093252,0.0812248682179969,0.11395940437413,0.394843487389548,"microtubule-associated proteins 1A/1B light chain 3B","liver"
"LOC115141892",2413.83892703264,0.0956426020255828,0.0978657537301572,0.108186786999926,0.387154823364089,"40S ribosomal protein S25-like","liver"
"cops9",157.788192976912,0.09562863436695,0.0972170384614791,0.109460897978396,0.387902142635137,"COP9 signalosome subunit 9","liver"
"LOC115129842",67.5876743547515,0.0955587880953143,0.0981675273047391,0.107882673572297,0.386745626632086,"histone deacetylase complex subunit SAP18-like","liver"
"LOC115121186",57.7418268677904,0.0955370874361561,0.0889863508920097,0.117867510717791,0.399022611236311,"V-type proton ATPase subunit G 1-like","liver"
"LOC115136793",254.061140035594,0.0953981137568316,0.0963795862101273,0.111742203723287,0.391641485738095,"T-complex protein 1 subunit zeta","liver"
"LOC115137356",59.2164229840092,0.095344114663794,0.085773347198828,0.11833828827718,0.399022611236311,"uncharacterized LOC115137356, transcript variant X3","liver"
"cope",132.441661246404,0.0953434920667414,0.0876097105243212,0.118707377169071,0.399022611236311,"coatomer protein complex subunit epsilon","liver"
"LOC115135488",77.0251041756134,0.0952343074468735,0.0753697380176945,0.106946346313896,0.38441883969223,"sorting nexin-12-like, transcript variant X2","liver"
"LOC115112912",234.970414877057,0.0951736955872625,0.0748749483635758,0.106242004137798,0.383223370677579,"28 kDa heat- and acid-stable phosphoprotein-like, transcript variant X1","liver"
"LOC115123551",75.1338127022042,0.0951734739454063,0.105604914575388,0.0875462924262285,0.352956170058662,"SRA stem-loop-interacting RNA-binding protein, mitochondrial-like","liver"
"LOC115130838",62.4787311371187,0.0951081680523868,0.0797241981121715,0.114236282216861,0.394843487389548,"protein farnesyltransferase/geranylgeranyltransferase type-1 subunit alpha-like, transcript variant X4","liver"
"LOC115103785",113.079746865209,0.095105597366827,0.0994689206480631,0.106640868061541,0.384321996656799,"nicotinate-nucleotide pyrophosphorylase [carboxylating]-like, transcript variant X2","liver"
"rpl27a",1314.7015899205,0.0950774760503151,0.0976524286186916,0.110626685909518,0.389715104987415,"ribosomal protein L27a","liver"
"LOC115138099",59.7308396866843,0.0950387055208714,0.0963900093770425,0.113037458923061,0.394213625770567,"phospholipase A-2-activating protein-like","liver"
"LOC115107125",108.583073596139,0.0950200182221114,0.122592575605909,0.00420568020434693,0.0963575161217609,"anoctamin-4-like, transcript variant X2","liver"
"picalm",114.85810192332,0.0949922339559504,0.0880839805507378,0.120053291169559,0.401425114690011,"phosphatidylinositol binding clathrin assembly protein, transcript variant X5","liver"
"LOC115122329",65.9598119407592,0.0949033717283669,0.097925342001416,0.110718864468947,0.389715104987415,"protein jagunal homolog 1-B","liver"
"LOC115135321",86.4114954822584,0.0948914071685486,0.117305244767037,0.028744683064966,0.215770401791531,"cytochrome c oxidase subunit 5B, mitochondrial-like","liver"
"LOC115114670",59.3489013874991,0.0948531486560964,0.0742635970071902,0.106229528018318,0.383223370677579,"TOX high mobility group box family member 4-A-like, transcript variant X6","liver"
"LOC115124714",100.688295352555,0.0948528415567311,0.0827003722535603,0.118375878554715,0.399022611236311,"glycogen synthase kinase-3 beta-like","liver"
"LOC115131562",149.481691372512,0.0948097920980129,0.0920722445723828,0.119138663560481,0.399678347878619,"proteasome subunit beta type-4-like","liver"
"LOC115105477",599.007776070305,0.0947973319818797,0.0913217432742329,0.119718479033989,0.401293191235641,"malate dehydrogenase, mitochondrial-like","liver"
"LOC115134791",64.9654910359669,0.0947034380776508,0.0936630366750079,0.118047374853424,0.399022611236311,"RNA-binding protein 45-like, transcript variant X3","liver"
"LOC115144141",64.9905542286669,0.0946890441425088,0.0900189341408214,0.120804836112775,0.402287999996464,"dual specificity mitogen-activated protein kinase kinase 4-like, transcript variant X3","liver"
"tmem106c",73.84561126966,0.0945407906321583,0.102536136916021,0.100241398637244,0.372921081015946,"transmembrane protein 106C, transcript variant X1","liver"
"LOC115106483",98.3326050098434,0.0945151586945948,0.0871169195761617,0.12185918117335,0.403579862749976,"charged multivesicular body protein 2a-like","liver"
"LOC115134516",732.363756944591,0.0944477808526837,0.079920885758677,0.117008342837773,0.397673381316156,"nucleobindin-2-like","liver"
"LOC115113332",188.284463396645,0.0944410922649056,0.089685918241306,0.121885871208347,0.403579862749976,"calmodulin","liver"
"psme1",363.452901095056,0.0943781373228604,0.0889965140902237,0.122317981427455,0.404346024096395,"proteasome activator subunit 1","liver"
"pacsin3",109.438805169697,0.0943576651813296,0.0840272689276603,0.121282448564681,0.40256291559417,"protein kinase C and casein kinase substrate in neurons 3, transcript variant X6","liver"
"sec13",71.6952074807342,0.0943500051950633,0.0993822950884123,0.109537626637155,0.387902142635137,"SEC13 homolog, nuclear pore and COPII coat complex component, transcript variant X2","liver"
"LOC115124725",269.011736330682,0.0943176614137958,0.0857950171145164,0.122315954608501,0.404346024096395,"transmembrane protein 120B-like","liver"
"syap1",240.315569998316,0.0942211564686308,0.0786760998451283,0.116202432798246,0.397349929602057,"synapse associated protein 1","liver"
"LOC115106857",205.699491937676,0.094076682677037,0.111322774031514,0.0643318771904254,0.310072065194594,"cysteine-rich with EGF-like domain protein 2, transcript variant X1","liver"
"srp9",71.3978955710647,0.0940729712095034,0.095761604147754,0.117649846901462,0.399022611236311,"signal recognition particle 9","liver"
"LOC115130375",106.173338622326,0.0940196923636629,0.0822776266012543,0.121244649610267,0.40256291559417,"charged multivesicular body protein 5","liver"
"LOC115141717",111.812206361454,0.0940040095899889,0.0787008564625291,0.117077541113687,0.397673381316156,"succinate dehydrogenase [ubiquinone] cytochrome b small subunit B, mitochondrial-like","liver"
"LOC115136059",85.7266553076383,0.0938672412755851,0.094694160060734,0.119980818349979,0.401425114690011,"ras-related protein Rap-1A-like, transcript variant X1","liver"
"LOC115135507",4403.13854769765,0.0938467849102448,0.105776935155371,0.0910182823773315,0.358113368975222,"complement factor B-like, transcript variant X1","liver"
"LOC115111458",607.374756436806,0.0938380768691949,0.09195082631127,0.122985647565244,0.405246159641015,"60S ribosomal protein L35","liver"
"LOC115115949",1050.38389480569,0.0937209804849235,0.101796235874347,0.105330630662301,0.381400060528364,"elongation factor 1-beta-like","liver"
"LOC115121109",64.8700368976822,0.0937204234020582,0.0911306335888628,0.124019139579415,0.407006451630996,"torsin-1A-interacting protein 2-like, transcript variant X1","liver"
"LOC115119573",902.827629804592,0.0936788410779249,0.0890193230771347,0.125063772830856,0.408851159107954,"60S ribosomal protein L26","liver"
"LOC115105912",447.95606355013,0.0936440326842033,0.0875573586351734,0.125328562098991,0.408851159107954,"tricarboxylate transport protein B, mitochondrial-like","liver"
"LOC115139707",126.410761045247,0.0935523890208502,0.108063058367563,0.082060681571873,0.345018683779301,"tetraspanin-36-like","liver"
"LOC115124622",59.1622796914558,0.0934462600660441,0.113543821489151,0.0532776873418084,0.28440666342479,"eukaryotic translation initiation factor 4E-binding protein 3-like","liver"
"LOC115135202",1045.31033199917,0.0933991437396945,0.0731569063790209,0.109360521000741,0.387902142635137,"glutamate dehydrogenase, mitochondrial-like, transcript variant X1","liver"
"LOC115107685",111.857373958913,0.0932790095490673,0.0760339017277919,0.115552269631425,0.396770356824195,"glycoprotein integral membrane protein 1-like, transcript variant X1","liver"
"phykpl",67.8871471995815,0.0932573514795633,0.100731118084633,0.110045701431361,0.38868828339188,"5-phosphohydroxy-L-lysine phospho-lyase, transcript variant X1","liver"
"LOC115134509",410.677237448584,0.0932009174187959,0.103079222001935,0.103087629948789,0.377524869426112,"ethanolamine kinase 1-like, transcript variant X1","liver"
"LOC115124171",187.963244743707,0.0931264793563593,0.096329649017242,0.120338029053519,0.401530396424794,"sodium-dependent phosphate transporter 1-B-like","liver"
"LOC115134589",1628.31020714737,0.0931253246750357,0.0909014148991206,0.126518642911989,0.410052665416657,"60S ribosomal protein L28-like, transcript variant X2","liver"
"LOC115133988",177.733657672966,0.0930516722737439,0.106587430167769,0.0901836174423566,0.356881965723345,"glucose-6-phosphate isomerase-like","liver"
"LOC115135224",207.957249556606,0.0930391444252504,0.0858693943034777,0.127433269001615,0.410979978740752,"nuclear receptor coactivator 4-like, transcript variant X3","liver"
"LOC115127207",105.393501482469,0.0930378894300156,0.10329187933756,0.102935050435079,0.377305094940093,"ATP-binding cassette sub-family D member 3-like","liver"
"LOC115112536",2521.33503614597,0.0930103570913474,0.0982684903006583,0.117017077015494,0.397673381316156,"polyamine-modulated factor 1-binding protein 1-like","liver"
"LOC115109529",591.534555168631,0.0929588823643468,0.093802110266366,0.124643717554387,0.408398547228038,"40S ribosomal protein S17","liver"
"LOC115131941",64.4620049307464,0.0929300617678555,0.0871718053190971,0.128168010434573,0.411700045088005,"charged multivesicular body protein 4c-like","liver"
"LOC115131350",134.260478548645,0.0928860341379313,0.0879347378262501,0.128378497867236,0.411700045088005,"proteasome subunit alpha type-2-like","liver"
"plod1",114.852553451972,0.0928233409047171,0.113636768391657,0.0540479004871636,0.286514561702219,"procollagen-lysine,2-oxoglutarate 5-dioxygenase 1, transcript variant X2","liver"
"rpl7a",1971.93142944058,0.0928140989266102,0.0926662925910645,0.126421235875957,0.410052665416657,"ribosomal protein L7a","liver"
"LOC115121566",1540.14620149682,0.0928017724945937,0.0948017764828613,0.12398172760621,0.407006451630996,"60S ribosomal protein L26","liver"
"LOC115144396",473.924952688542,0.092716693039203,0.076434569694981,0.118477778965782,0.399022611236311,"CD209 antigen-like, transcript variant X2","liver"
"ccz1",73.5397627088447,0.0926702367005996,0.0748345445058645,0.11565163271742,0.396770356824195,"CCZ1 homolog, vacuolar protein trafficking and biogenesis associated, transcript variant X1","liver"
"LOC115108228",117.556952889052,0.0925725405990802,0.085710693396744,0.129276828243651,0.413280276016567,"myosin light chain kinase, smooth muscle-like","liver"
"LOC115103926",85.9782182060581,0.092398676755551,0.0815811737335965,0.127059730265046,0.410376751632589,"protein dpy-30 homolog, transcript variant X2","liver"
"LOC115114568",198.46513504001,0.092395324772478,0.0827317960678735,0.128168330317156,0.411700045088005,"ADP-ribosylation factor 1-like","liver"
"LOC115128497",556.926519165706,0.092251604469239,0.0953948278130679,0.125292824201234,0.408851159107954,"translocon-associated protein subunit beta-like","liver"
"LOC115133938",693.4532148161,0.0921337355305607,0.0921833704739366,0.129603511133292,0.413829624157594,"phosphate carrier protein, mitochondrial-like, transcript variant X1","liver"
"LOC115132132",215.008575335286,0.09210955372119,0.0895404509742653,0.131267579119812,0.41540889168661,"NSFL1 cofactor p47-like, transcript variant X2","liver"
"LOC115119004",665.857808387166,0.0919542508973417,0.0959175178480496,0.125640424212016,0.408851159107954,"60S ribosomal protein L35","liver"
"LOC115108042",58.5884227198979,0.0919161921201102,0.0863632822898043,0.132187544025012,0.416702574977533,"sialomucin core protein 24-like, transcript variant X1","liver"
"LOC115104149",288.578987480601,0.0918935217600977,0.0702037414986302,0.108133359387695,0.387154823364089,"ubiquilin-4-like","liver"
"LOC115143250",180.660400930253,0.0918828555757146,0.0915980382797053,0.131099380012982,0.41540889168661,"aflatoxin B1 aldehyde reductase member 4-like","liver"
"LOC115114198",65.3870744292082,0.0918530074854408,0.0946409081631838,0.127996252066861,0.411700045088005,"DET1- and DDB1-associated protein 1-like","liver"
"socs3",283.287109204076,0.0918513244930639,0.114330384553161,0.0518183136989355,0.283191413425724,"suppressor of cytokine signaling 3","liver"
"dhrs7b",86.4702837826547,0.0917280763205547,0.0947570873331209,0.128339646154084,0.411700045088005,"dehydrogenase/reductase 7B, transcript variant X1","liver"
"LOC115103788",107.574522952065,0.0916601446968157,0.0928288114290609,0.130943953734628,0.41540889168661,"rho GDP-dissociation inhibitor 1-like, transcript variant X1","liver"
"LOC115124728",67.1797899783411,0.0916406587822249,0.102150760217092,0.111746577015065,0.391641485738095,"single-stranded DNA-binding protein 3-like, transcript variant X2","liver"
"LOC115137195",314.082027659711,0.0915952289989668,0.095152181301728,0.128301195161964,0.411700045088005,"probable signal peptidase complex subunit 2","liver"
"LOC115110776",164.263586389426,0.0914924992131406,0.0732822404578213,0.11705318804361,0.397673381316156,"elongin-B","liver"
"aven",120.720596469146,0.091359820400545,0.0736506017093062,0.118392929347007,0.399022611236311,"apoptosis and caspase activation inhibitor, transcript variant X1","liver"
"LOC115141572",230.895594140988,0.0910347185269811,0.104166630728337,0.10687231630142,0.38441883969223,"cytochrome c oxidase subunit 7A2, mitochondrial-like","liver"
"LOC115134219",193.596973053019,0.0909506773276568,0.0962227119307181,0.129171029571353,0.413266182521849,"ADP-ribosylation factor 4-like","liver"
"LOC115142915",1565.89190801898,0.0908573999018409,0.0970782485973563,0.127945635569847,0.411700045088005,"60S ribosomal protein L10a-like","liver"
"LOC115101024",59.7440858194676,0.0908138857226718,0.0835176848471406,0.135415901410793,0.422025930165245,"beta-centractin-like","liver"
"uprt",59.3864761048615,0.0907997097965264,0.0965657958766468,0.129164921471573,0.413266182521849,"uracil phosphoribosyltransferase homolog, transcript variant X1","liver"
"LOC115129376",364.576273177167,0.0907900934048739,0.103404053016908,0.110607359065617,0.389715104987415,"tubulin beta-4B chain-like","liver"
"LOC115135688",91.4573068422672,0.0906460626483473,0.0963937587882339,0.130112312158089,0.414974792141135,"nucleophosmin-like","liver"
"LOC115122994",63.1005566831812,0.0905167731456211,0.0879369415038759,0.138276837776707,0.425370860964421,"E3 ubiquitin-protein ligase KCMF1-like, transcript variant X1","liver"
"LOC115112078",18167.2019650442,0.090479268773526,0.107165694129751,0.0959808186144736,0.365624127731397,"prothrombin-like","liver"
"LOC115139232",147.858194577542,0.0904441355542418,0.108711468111995,0.0884012341756424,0.353721798164998,"cell division control protein 42 homolog, transcript variant X1","liver"
"LOC115136988",91.6307069192464,0.0903837580229114,0.0928014588733245,0.136306859259341,0.422520506115968,"bleomycin hydrolase-like, transcript variant X2","liver"
"LOC115135651",306.599930943144,0.0902938081401354,0.0969308174796151,0.130545891176579,0.41540889168661,"peptidyl-prolyl cis-trans isomerase FKBP2-like","liver"
"LOC115103321",104.175978581044,0.0902838444407934,0.0966371352029331,0.131154558161734,0.41540889168661,"TSC22 domain family protein 2-like, transcript variant X2","liver"
"LOC115108107",100.325086186689,0.0902662283307917,0.0988358542190461,0.126464522961933,0.410052665416657,"cytochrome b-c1 complex subunit 6, mitochondrial-like","liver"
"LOC115133083",197.332089637021,0.0902239865101672,0.0803662499332907,0.134780735742537,0.422025930165245,"ATP synthase subunit gamma, mitochondrial-like, transcript variant X1","liver"
"cideb",1682.6918403661,0.0901900116262614,0.0806784542481884,0.135312338513528,0.422025930165245,"cell death inducing DFFA like effector b","liver"
"lman1",236.028395443921,0.0901320359092889,0.0936897879027667,0.13637880880933,0.422520506115968,"lectin, mannose binding 1, transcript variant X2","liver"
"LOC115133435",283.768985199626,0.0900449269314981,0.0695493194648797,0.113659805123459,0.394843487389548,"cell death activator CIDE-B-like","liver"
"LOC115143343",395.822736331232,0.089953911302553,0.0844749884318481,0.139764847984392,0.427367982283856,"protein transport protein Sec61 subunit alpha","liver"
"LOC115109217",93.6324469674266,0.0897980577697832,0.0950631561037258,0.13589991457501,0.422520506115968,"tax1-binding protein 3","liver"
"LOC115130653",1455.34345233884,0.0897917971491764,0.0998795541996143,0.12568461785139,0.408851159107954,"ADP/ATP translocase 2-like","liver"
"LOC115103835",136.554169334649,0.0897896277613565,0.0894572825598926,0.141137762801176,0.428662337025698,"26S proteasome non-ATPase regulatory subunit 12","liver"
"LOC115129910",59.4841438582472,0.0897784895210524,0.106535848590063,0.101346871047053,0.373942391823035,"mitochondrial import receptor subunit TOM5 homolog","liver"
"LOC115109143",124.606588815513,0.0897044383750888,0.0846731269662406,0.140969542801927,0.428662337025698,"U6 snRNA-associated Sm-like protein LSm4","liver"
"LOC115132993",90.1696874162623,0.0896399265014372,0.102983444425498,0.116472680793547,0.397673381316156,"NADH dehydrogenase [ubiquinone] 1 beta subcomplex subunit 2, mitochondrial-like, transcript variant X2","liver"
"pcnp",165.355581302858,0.0896341426446533,0.0927282654333995,0.139595549429392,0.427222712347214,"PEST proteolytic signal containing nuclear protein, transcript variant X1","liver"
"LOC115105880",80.5815119584439,0.0894911863619806,0.0837648657107205,0.141335737503772,0.428662337025698,"BRCA1-A complex subunit Abraxas 1","liver"
"LOC115106356",61.525724631821,0.0894268532847283,0.0941522691156439,0.138805289947058,0.426141188301776,"phosphatidylinositol 3,4,5-trisphosphate 3-phosphatase and dual-specificity protein phosphatase PTEN-like, transcript variant X1","liver"
"fuom",372.191135284583,0.0893845463562695,0.084641339357561,0.142362247935942,0.429510379412954,"fucose mutarotase, transcript variant X1","liver"
"LOC115112951",353.575323816203,0.0893830297077542,0.0606698411314278,0.0883077616552124,0.353721798164998,"glycine N-acyltransferase-like, transcript variant X4","liver"
"LOC115110308",877.733941204828,0.0891818834656008,0.0953780375539787,0.138034143877145,0.425266190811218,"40S ribosomal protein S11","liver"
"LOC115129303",214.59056753191,0.0889680973793304,0.0721550432265562,0.124810675816462,0.408617120183051,"casein kinase I-like, transcript variant X2","liver"
"psmd10",86.2428358312811,0.088949198643714,0.0938878228006337,0.1412297878176,0.428662337025698,"proteasome 26S subunit, non-ATPase 10","liver"
"LOC115126314",90.192834093641,0.0889381473956584,0.101913944160099,0.122946947074101,0.405246159641015,"cytochrome c oxidase subunit 7A-related protein, mitochondrial-like","liver"
"cct7",225.475743299127,0.0888465244160628,0.0816166743983461,0.142276925439747,0.429510379412954,"chaperonin containing TCP1 subunit 7","liver"
"LOC115108501",139.959822662387,0.0888462000474622,0.0947593096967544,0.14045940896674,0.428527358494335,"CD302 antigen-like","liver"
"LOC115138191",1857.76248620162,0.0887427379552786,0.109412770588526,0.0900644808375479,0.356756874532405,"acidic mammalian chitinase-like, transcript variant X2","liver"
"LOC115102700",236.313238687944,0.0885966435714585,0.104554465919239,0.114403866194077,0.394843487389548,"intelectin-like","liver"
"LOC115117380",410.807201811852,0.0885772829121738,0.0912696669145324,0.145524790752543,0.435493105468807,"cathepsin B-like","liver"
"LOC115141359",70.8081553276492,0.0885295418084863,0.0990803239284451,0.133030338633242,0.418388626750845,"platelet-activating factor acetylhydrolase IB subunit alpha-like","liver"
"dpagt1",74.5302607487274,0.0884368573057219,0.0963492748494872,0.139543567527721,0.427222712347214,"dolichyl-phosphate N-acetylglucosaminephosphotransferase 1","liver"
"LOC115123305",96.4941894974684,0.0883027956028267,0.110021378695342,0.0879634854184818,0.353721798164998,"transcription factor jun-B-like, transcript variant X2","liver"
"LOC115124752",671.062088563362,0.0882071465201543,0.0901726105902857,0.147868071627031,0.436430311333655,"rho-related GTP-binding protein RhoF-like, transcript variant X1","liver"
"LOC115109448",560.47090259246,0.0878431337462615,0.0817956282776604,0.147001615405722,0.435493105468807,"small EDRK-rich factor 2-like","liver"
"LOC115141084",125.752085660819,0.0877717779169219,0.088804325099635,0.150356331684283,0.441218436245599,"ras-related protein Rab-11A-like","liver"
"LOC115113384",1435.75801847511,0.0877503063873806,0.0868563448742076,0.150531449581932,0.441414524097808,"60S ribosomal protein L8-like","liver"
"LOC115137482",169.761156034686,0.0877437379925403,0.0972992045312852,0.140646239385409,0.428662337025698,"signal peptidase complex subunit 3","liver"
"LOC115144182",187.20256059676,0.0877154659243802,0.0748489150389943,0.136417317480033,0.422520506115968,"28 kDa heat- and acid-stable phosphoprotein-like","liver"
"LOC115101924",28390.5719714283,0.0875387407359565,0.080410050756875,0.146771386098859,0.435493105468807,"apolipoprotein C-I-like","liver"
"LOC115113503",104.638611609727,0.0874920937369637,0.0811073005264198,0.147844928303036,0.436430311333655,"mitochondrial carrier homolog 2-like","liver"
"LOC115120229",60.4830757641864,0.0874598350608947,0.0947060783626554,0.146689092750347,0.435493105468807,"calcium-binding protein 39-like","liver"
"LOC115119824",177.50789578984,0.0874553397841191,0.0797096326535567,0.146211565403633,0.435493105468807,"dynactin subunit 2-like","liver"
"LOC115125726",115.093102329903,0.0874440581955119,0.0731013596882882,0.133694067224191,0.419557222962166,"vacuolar protein sorting-associated protein 29, transcript variant X2","liver"
"LOC115108243",169.181204089234,0.0873330624924746,0.105372952905872,0.1157409112522,0.396770356824195,"40S ribosomal protein S27-like, transcript variant X1","liver"
"LOC115107122",318.020719417165,0.0873092657249635,0.108481114115683,0.100164869228682,0.372921081015946,"sodium-coupled neutral amino acid transporter 2-like","liver"
"LOC115119847",1875.73109729824,0.0872766347876974,0.11125045580277,0.083592734626488,0.347664337007804,"complement factor H-like","liver"
"LOC115129442",197.273455322519,0.0872620276455449,0.104924613088547,0.118018920860188,0.399022611236311,"cationic amino acid transporter 3-like","liver"
"LOC115136739",1966.0134746781,0.0871610113012557,0.0802703128303329,0.148331350272868,0.437164557998705,"alpha-2-antiplasmin-like","liver"
"LOC115143146",615.891983573849,0.0871533953705066,0.106975201125005,0.108738977998959,0.387833868138358,"protein transport protein Sec61 subunit alpha","liver"
"LOC115119315",757.154158288586,0.0871533922074092,0.0998580272509887,0.136792187890582,0.422717936195613,"60S ribosomal protein L31-like","liver"
"edem1",76.0513743134613,0.0871461053093775,0.0916013639173735,0.151768776352038,0.442471925779497,"ER degradation enhancing alpha-mannosidase like protein 1","liver"
"LOC115130130",1233.61360632621,0.0871247092720335,0.0899339473224864,0.15294810627756,0.443919583110383,"60S ribosomal protein L21","liver"
"LOC115126561",69.8540266858752,0.0869135258954688,0.100227883257839,0.136746927187985,0.422717936195613,"heat shock factor-binding protein 1-like","liver"
"LOC115133681",129.079183465206,0.086876115553446,0.0926808341082163,0.151991432202713,0.442512198327327,"glucosidase 2 subunit beta-like","liver"
"dcaf11",67.3589276902526,0.0868631830460158,0.0803927867426267,0.1498762819188,0.440443925811845,"DDB1 and CUL4 associated factor 11, transcript variant X3","liver"
"LOC115115363",1165.65984416294,0.0867865074674232,0.113564065199929,0.069096034436957,0.318558887877367,"ferritin, middle subunit-like","liver"
"tlk1",75.1753358595317,0.086719153898863,0.086202808157887,0.155197540212684,0.444270383115592,"tousled like kinase 1, transcript variant X3","liver"
"LOC115141226",118.945181533935,0.0866526813032926,0.106304453567411,0.113995151299819,0.394843487389548,"serine/threonine-protein kinase 40-like","liver"
"LOC115101141",211.829002797788,0.0866320740344114,0.0838717633279604,0.154465576111616,0.444006832320837,"cytochrome c oxidase subunit 6B1-like, transcript variant X1","liver"
"saraf",222.575591339847,0.086548817466891,0.0700052306032622,0.12965172474221,0.413829624157594,"store-operated calcium entry associated regulatory factor","liver"
"LOC115126082",220.542365878619,0.0865187331351992,0.0818591584919799,0.153224286047415,0.443919583110383,"high mobility group protein B2-like","liver"
"znf414",85.2965055574675,0.0864898538427198,0.100146132395357,0.138840897464367,0.426141188301776,"zinc finger protein 414, transcript variant X1","liver"
"pex14",130.388402709787,0.0864555366069913,0.0866557253129184,0.156548100316932,0.446659174059623,"peroxisomal biogenesis factor 14","liver"
"LOC115138660",101.727643698212,0.0864482634672608,0.103836892138966,0.125937164183183,0.409345997775641,"NF-kappa-B inhibitor alpha-like","liver"
"lg9ah11orf74",64.6789016426735,0.0864360931372308,0.0958611056438354,0.149399289979686,0.43935895090707,"linkage group 9a C11orf74 homolog, transcript variant X1","liver"
"LOC115132943",191.850992747901,0.0862372708232093,0.0979491055129555,0.145883525454959,0.435493105468807,"ADP-ribosylation factor GTPase-activating protein 3-like","liver"
"LOC115103254",1194.87656282054,0.0862326306971457,0.0932310258298778,0.154358429758456,0.444006832320837,"40S ribosomal protein S15","liver"
"LOC115129791",62.004603887385,0.0862312612327898,0.0940411528967114,0.153303413074622,0.443919583110383,"obg-like ATPase 1","liver"
"LOC115131683",762.726558073902,0.0861581602831621,0.0943194315997789,0.153243676688336,0.443919583110383,"60S ribosomal protein L11-like","liver"
"wdr33",105.093073043427,0.0861511582215097,0.0939110494273505,0.153858736809356,0.444006832320837,"WD repeat domain 33, transcript variant X1","liver"
"LOC115113592",39891.2143299596,0.0861252439211237,0.0992417678882989,0.143058848581993,0.430615852328795,"haptoglobin-like, transcript variant X1","liver"
"LOC115117867",2428.11969080628,0.08610023125593,0.0972435067259823,0.148133986204226,0.436898789991625,"40S ribosomal protein S8","liver"
"abhd4",127.080753591141,0.0860607555621942,0.0954517759969504,0.15186904420155,0.442471925779497,"abhydrolase domain containing 4","liver"
"rbp4",7173.30062078947,0.0860229628088995,0.101012592217501,0.138176485631962,0.425370860964421,"retinol binding protein 4","liver"
"LOC115125763",1358.7961891904,0.0860038684942092,0.0940987369154014,0.154285606734257,0.444006832320837,"60S ribosomal protein L17-like","liver"
"LOC115102232",387.579163910278,0.0858619446276212,0.115990677669458,0.0527707098062898,0.28440666342479,"properdin-like","liver"
"LOC115125575",79.5550672071313,0.0858059838479043,0.0747244568779289,0.144865454256264,0.434170287903332,"SPRY domain-containing protein 7","liver"
"psmb7",586.221139701575,0.0857270934849656,0.0910355557104343,0.15888059887696,0.45003288465774,"proteasome subunit beta 7, transcript variant X1","liver"
"LOC115139333",163.290087440547,0.0857201938452895,0.0895997373839029,0.159733433242139,0.451194368603576,"WD repeat-containing protein 26-like, transcript variant X1","liver"
"LOC115144409",145.443113502585,0.0856841305331031,0.09865308509524,0.146634014075824,0.435493105468807,"glutamate--cysteine ligase catalytic subunit-like, transcript variant X1","liver"
"LOC115133233",3765.4709271905,0.085640735345921,0.100353020075338,0.141974483006864,0.429510379412954,"L-lactate dehydrogenase B chain-like, transcript variant X2","liver"
"LOC115107100",995.329212622924,0.0851160685020524,0.0950110625305798,0.157068795323772,0.446763719287993,"40S ribosomal protein S16, transcript variant X2","liver"
"med19",95.9296324333061,0.0850873850528817,0.082961294703519,0.161171304574364,0.453683865638885,"mediator complex subunit 19","liver"
"LOC115102725",60.4321520946487,0.0850327363178659,0.0848139577207507,0.162749270927639,0.455221463268407,"cactin-like","liver"
"glyctk",412.189781967231,0.0849185406647844,0.0778021313960325,0.155174953385607,0.444270383115592,"glycerate kinase, transcript variant X3","liver"
"txndc16",61.5493308447909,0.0849171485868515,0.0904153097208459,0.163209246125807,0.455221463268407,"thioredoxin domain containing 16, transcript variant X1","liver"
"LOC115113961",494.677881694326,0.0849123631399747,0.103175402162838,0.135164105801563,0.422025930165245,"protein transport protein Sec61 subunit gamma-like, transcript variant X1","liver"
"LOC115117358",414.628361171417,0.0849111542804561,0.0907142359518714,0.163048542943191,0.455221463268407,"cathepsin B-like","liver"
"LOC115110513",58.1889445142298,0.0849051601626829,0.0849473579394679,0.163445689951268,0.455221463268407,"DNA-directed RNA polymerases I, II, and III subunit RPABC2","liver"
"LOC115137271",67.4088937105614,0.0847961893537261,0.0894720054039804,0.164274204139247,0.456740556665464,"protein PAT1 homolog 1-like, transcript variant X2","liver"
"LOC115104156",165.892717621742,0.0847743057519135,0.0823785101245129,0.162165921953716,0.455221463268407,"ADP-ribosylation factor 2","liver"
"LOC115103371",163.708786429659,0.0847179401175263,0.10121285508365,0.14332809191317,0.430685362770068,"nuclear receptor-binding protein 2-like, transcript variant X2","liver"
"LOC115113001",74.1981563362118,0.0846759595707569,0.0971878175180536,0.154890451325982,0.444270383115592,"leucine-rich repeat-containing protein 59-like","liver"
"rpl29",2335.95236247375,0.0846723976169402,0.0911411519319779,0.163910089348399,0.456039265654658,"ribosomal protein L29","liver"
"mrpl48",59.420743263309,0.0846507510065335,0.0861217152298466,0.165168494704214,0.457977404363521,"mitochondrial ribosomal protein L48","liver"
"LOC115129377",65.090850952086,0.0846467067709764,0.107784262305936,0.114027333611209,0.394843487389548,"ancient ubiquitous protein 1-like","liver"
"rabggta",75.0343131822081,0.0846325505451151,0.0830726917393459,0.16350447061456,0.455221463268407,"Rab geranylgeranyltransferase subunit alpha","liver"
"LOC115142754",772.729884985728,0.0845586684452019,0.106155440743222,0.123129444988397,0.405392259913334,"RNA polymerase II elongation factor ELL2-like, transcript variant X2","liver"
"LOC115122675",172.031275722152,0.084504997211963,0.106623653970749,0.120931073879919,0.402379638477182,"lysosome membrane protein 2-like","liver"
"LOC115118164",392.379827589214,0.0844922973142947,0.0929231199359492,0.163058717081329,0.455221463268407,"eukaryotic initiation factor 4A-I","liver"
"LOC115110241",1318.83392395297,0.0843702687743663,0.0858695702679406,0.166482862923854,0.458812812222873,"60S ribosomal protein L19-like","liver"
"LOC115135161",81.0265630985999,0.0843533714325009,0.0847088902275747,0.166049955112024,0.458239415732302,"protein YIPF4-like","liver"
"LOC115108220",220.147605474463,0.0843404063637088,0.100912144239474,0.146067315317298,0.435493105468807,"myeloid-derived growth factor-like","liver"
"LOC115126710",1553.97029299949,0.0843247475261591,0.113674602758243,0.0751981034314112,0.330036247274988,"complement factor H-related protein 1-like","liver"
"LOC115101330",1347.45989142158,0.084305021996472,0.101856105463455,0.142928990281122,0.430582826597082,"peroxiredoxin-5, mitochondrial-like","liver"
"LOC115123937",790.762208653706,0.084267846764487,0.110447558021258,0.0989743677652742,0.371096080986501,"mesencephalic astrocyte-derived neurotrophic factor-like","liver"
"LOC115121319",258.580467330657,0.0841891449112804,0.0924210444390228,0.165112865638985,0.457977404363521,"cysteine and histidine-rich protein 1-like, transcript variant X1","liver"
"LOC115130150",59.9896641271308,0.084059607298106,0.0972369146652538,0.157720682813661,0.447369174076884,"ER membrane protein complex subunit 9-like, transcript variant X1","liver"
"LOC115101055",60.7065044758226,0.0840389194701055,0.12036896114274,0.0201529620905401,0.181137621423119,"tubulin alpha chain, testis-specific-like","liver"
"LOC115131360",2096.54251578148,0.0839564817572782,0.115322698191484,0.0627751890663432,0.30646889973186,"fatty acid-binding protein, liver-like","liver"
"spp2",2520.84482121041,0.0839071256577647,0.108989959422242,0.109751535968419,0.388322274832704,"secreted phosphoprotein 2","liver"
"smc5",119.328697531419,0.0838810704529924,0.115515890808331,0.0613334702305914,0.303588391933973,"structural maintenance of chromosomes 5","liver"
"LOC115132781",506.421848344024,0.083880858425199,0.0881306666474458,0.169173789415258,0.463320097060311,"ATP synthase subunit beta, mitochondrial-like","liver"
"LOC115144414",68.6139885311723,0.0838527283399389,0.103391128184513,0.138965608290729,0.426203024373974,"glutathione S-transferase 3-like","liver"
"ap1m1",90.5219267584282,0.0837991651633115,0.0748526459474495,0.154765707066426,0.444242973241375,"adaptor related protein complex 1 subunit mu 1","liver"
"LOC115110748",313.283136124567,0.0837742010337422,0.0861415911305503,0.169554584126392,0.463517427833115,"serine/threonine-protein phosphatase alpha-2 isoform-like, transcript variant X1","liver"
"LOC115137929",149.97763219817,0.083768034571646,0.0854544829718029,0.169347586900937,0.463320097060311,"cytochrome b-c1 complex subunit 1, mitochondrial-like","liver"
"LOC115140949",132.484409023418,0.0837070002431847,0.0902028687580249,0.169330480241872,0.463320097060311,"nectin-2-like, transcript variant X1","liver"
"LOC115109380",129.284063753302,0.0836148205304058,0.0996659725746699,0.153418060159726,0.443919583110383,"cytochrome c","liver"
"LOC115130688",132.918039338148,0.0836097250099263,0.105038832475597,0.132666161527688,0.417888156404061,"nocturnin-like, transcript variant X1","liver"
"taf7",61.5857731613813,0.0835223704179316,0.0992065791327308,0.155211242776399,0.444270383115592,"TATA-box binding protein associated factor 7","liver"
"LOC115139681",370.712223863557,0.0834781785986852,0.100657038100647,0.150928080880907,0.441993323287318,"lysosomal-associated transmembrane protein 4A-like, transcript variant X3","liver"
"gpcpd1",85.9829249892196,0.0834528806559366,0.0918380031099899,0.169368730279652,0.463320097060311,"glycerophosphocholine phosphodiesterase 1, transcript variant X2","liver"
"vti1b",146.906210630018,0.0833050402586175,0.118556757164002,0.0359874554575008,0.236107404549631,"vesicle transport through interaction with t-SNAREs 1B, transcript variant X3","liver"
"LOC115119163",359.674069479448,0.083195934122314,0.119390677072895,0.0289450550209908,0.216477145441392,"copper transport protein ATOX1-like","liver"
"LOC115135671",67.5088520327555,0.0831820988048438,0.104777791850105,0.135787566462908,0.422520506115968,"H/ACA ribonucleoprotein complex subunit DKC1-like","liver"
"LOC115127632",73.3583048952312,0.0831647011616031,0.0895221883040748,0.172415357391889,0.466699452216275,"DEP domain-containing protein 7-like","liver"
"LOC115107821",137.173496777514,0.0831306671153845,0.0917374941050654,0.17108981340438,0.464681592904018,"alpha-1,6-mannosyl-glycoprotein 2-beta-N-acetylglucosaminyltransferase-like","liver"
"LOC115146154",68.1918462391488,0.0831163850598339,0.0731148220160063,0.154017653529802,0.444006832320837,"serine/threonine-protein phosphatase 2A 56 kDa regulatory subunit epsilon isoform, transcript variant X1","liver"
"LOC115113954",1599.87965800433,0.083104031429746,0.0939980476618364,0.168511435946934,0.462527012067139,"60S ribosomal protein L8","liver"
"LOC115140191",160.224069066197,0.0830839287604639,0.087615456100697,0.17325511128965,0.467364549051365,"ubiquitin recognition factor in ER-associated degradation protein 1-like, transcript variant X1","liver"
"LOC115145864",78.5959067074284,0.0828540623382867,0.0965717642084963,0.165097384680245,0.457977404363521,"protein FRG1-like","liver"
"LOC115122343",58.576205230847,0.0828359688445969,0.0808431773062725,0.170180562174949,0.464294492252405,"cell division control protein 42 homolog","liver"
"LOC115108757",1392.67791496027,0.0827553124728136,0.0991717549860521,0.159015864899666,0.450103239813223,"60S ribosomal protein L5-like","liver"
"LOC115103393",1627.87356249413,0.082745649605924,0.112869611559059,0.0864864794222899,0.351114432395671,"pancreatic alpha-amylase-like","liver"
"rnf103",173.45427458726,0.0825991105187629,0.0953331835700535,0.168845368234279,0.463131709907754,"ring finger protein 103","liver"
"LOC115122004",71.5196740524863,0.0824788429208895,0.116589443076536,0.0552889499895129,0.288920205329814,"transmembrane protein 53-like, transcript variant X1","liver"
"LOC115123629",65.72685624121,0.0824346548121081,0.0802800529944388,0.171503340488337,0.46541119562614,"ATP-dependent RNA helicase DDX3X-like, transcript variant X1","liver"
"LOC115136068",97.4130583524375,0.0823352739651924,0.081861395904857,0.173972492163913,0.468679364216859,"histone H3.3","liver"
"LOC115129293",81.4672720974212,0.0822855326249026,0.104064177743893,0.143151246296741,0.430615852328795,"COMM domain-containing protein 5-like","liver"
"LOC115130936",70.4037964982497,0.0821342997981914,0.0762748266065429,0.16618080677898,0.458290235745009,"UBX domain-containing protein 1-like, transcript variant X1","liver"
"LOC115136676",2086.08790453393,0.0820985511706133,0.100895279009017,0.156719139289123,0.446659174059623,"40S ribosomal protein S25-like","liver"
"ccdc90b",77.8948770305331,0.0820655892457389,0.0798051819177151,0.172746093088313,0.46719384371525,"coiled-coil domain containing 90B, transcript variant X1","liver"
"mrpl24",92.2510722363217,0.0819137805925203,0.0814554710457868,0.175714249439683,0.471121619369691,"mitochondrial ribosomal protein L24, transcript variant X1","liver"
"LOC115134466",65.8629069825335,0.0818628639135359,0.0779790532780756,0.170845288669243,0.464553299943853,"dihydrolipoyl dehydrogenase, mitochondrial-like","liver"
"echdc2",62.107071187872,0.0818585690858264,0.0818917740330839,0.176498094821959,0.472361283318651,"enoyl-CoA hydratase domain containing 2, transcript variant X2","liver"
"LOC115129808",166.595149510357,0.0817257749375939,0.0964170345816491,0.171120478643015,0.464681592904018,"programmed cell death protein 10-B-like","liver"
"pfdn4",85.6013319163541,0.0817036637682653,0.0939018068961855,0.175803724990506,0.471121619369691,"prefoldin subunit 4","liver"
"ssh2",74.1663391832755,0.0816326146423839,0.109309255646373,0.11672909288661,0.397673381316156,"slingshot protein phosphatase 2, transcript variant X2","liver"
"LOC115108696",1475.51140690528,0.0815590948214751,0.0915213275751785,0.179399284336208,0.475752428727641,"60S ribosomal protein L36","liver"
"LOC115136381",113.689344743229,0.0815197340395411,0.103085910709679,0.151054146059675,0.441993323287318,"mitochondrial fission 1 protein-like","liver"
"LOC115110783",117.950277702572,0.08141445086237,0.0941274891063529,0.176965470989054,0.472681035223712,"coiled-coil domain-containing protein 47-like","liver"
"LOC115104041",102.480386948556,0.0813482603373683,0.0900939553595192,0.181569130174073,0.476599777265298,"26S proteasome non-ATPase regulatory subunit 3-like, transcript variant X1","liver"
"LOC115122135",440.882461201312,0.0813206871813352,0.0887038340101737,0.182301437054587,0.477648591041778,"cathepsin B-like","liver"
"LOC115122412",78.5924119840677,0.0813081949737437,0.077264997367908,0.172436058645169,0.466699452216275,"acyl-CoA dehydrogenase family member 9, mitochondrial-like","liver"
"LOC115139683",86.8582221311588,0.081218922398494,0.0706687882625943,0.156922457618592,0.446659174059623,"pumilio homolog 2-like, transcript variant X11","liver"
"LOC115116167",253.855136902324,0.0811688524548932,0.0940087853992121,0.178433612168168,0.474799341503657,"exocyst complex component 7-like","liver"
"LOC115112194",358.337360412104,0.0810083090132152,0.0960503452357466,0.175599398491628,0.471121619369691,"UDP-glucuronosyltransferase 2C1-like, transcript variant X1","liver"
"LOC115141350",5725.26724050577,0.0809903250075856,0.100516158659927,0.163499567959267,0.455221463268407,"CD209 antigen-like protein E","liver"
"hax1",62.3305831253732,0.0808776120872795,0.0857796116850404,0.184546961627904,0.479980727834032,"HCLS1 associated protein X-1, transcript variant X1","liver"
"LOC115121614",337.299924556701,0.080837794200365,0.0807185722608773,0.180508463950033,0.476599777265298,"ATP synthase F(0) complex subunit C2, mitochondrial-like","liver"
"LOC115133296",845.656422254371,0.0808347988077401,0.0934042982977351,0.181075568584828,0.476599777265298,"60S ribosomal protein L34, transcript variant X1","liver"
"LOC115130914",142.814862853489,0.0806734721053398,0.0922167592558861,0.183400546535009,0.479807848316236,"thiosulfate:glutathione sulfurtransferase-like","liver"
"LOC115137017",63.3994356209994,0.0806324135926099,0.10030335279434,0.166027480099263,0.458239415732302,"mitochondrial import inner membrane translocase subunit TIM50-like, transcript variant X2","liver"
"rabl3",66.0729366579784,0.0805474593669208,0.0834603553120018,0.184989672987206,0.479980727834032,"RAB, member of RAS oncogene family like 3, transcript variant X2","liver"
"LOC115129234",145.859363333353,0.0805389074451242,0.0813520110537216,0.182915887375516,0.478847242737702,"N-terminal kinase-like protein, transcript variant X2","liver"
"LOC115121009",239.292228736467,0.0804951718636838,0.0833141264874938,0.185153320767725,0.479980727834032,"eukaryotic translation initiation factor 2 subunit 3-like","liver"
"amacr",134.775460977685,0.0804933225275035,0.0741357514700724,0.169964919719496,0.464016753366823,"alpha-methylacyl-CoA racemase, transcript variant X2","liver"
"LOC115122937",231.907936802106,0.0804839121598751,0.110339058039139,0.114209413118911,0.394843487389548,"ictacalcin-like","liver"
"LOC115131407",276.650635214674,0.0804447720386735,0.100760610762117,0.165401810388923,0.458057256769939,"ATP-binding cassette sub-family F member 1-like, transcript variant X1","liver"
"LOC115123753",384.157415664015,0.0803661444948243,0.106055094104152,0.142091177945615,0.429510379412954,"transmembrane protein 258","liver"
"LOC115109479",113.930977463326,0.0803054892815744,0.0994027682455548,0.17061173818427,0.464553299943853,"MOB kinase activator 2-like, transcript variant X1","liver"
"LOC115120410",191.884212731117,0.0802888701195086,0.0963539349690155,0.178727848642872,0.475208552555999,"protein Tob1-like, transcript variant X2","liver"
"LOC115144463",208.929001108143,0.0801821724475213,0.0896607299417598,0.188064234557459,0.483018160085824,"voltage-dependent anion-selective channel protein 2","liver"
"LOC115110516",122.84882546619,0.0801535661002962,0.0815135667360879,0.185201244131115,0.479980727834032,"trinucleotide repeat-containing gene 6B protein-like","liver"
"LOC115130424",337.854820420229,0.080094320060301,0.110792655861408,0.112406909517864,0.39294216397497,"protein phosphatase 1 regulatory subunit 3G-like","liver"
"LOC115140301",247.746852141844,0.0800644057460305,0.0938367025071924,0.18456758987997,0.479980727834032,"ATP synthase subunit alpha, mitochondrial-like","liver"
"LOC115141460",209.450037988619,0.0799749168118334,0.087824886442091,0.189724686246865,0.485142924179563,"probable signal peptidase complex subunit 2","liver"
"LOC115106552",88.8677826884281,0.0797352975037597,0.0777573685059101,0.181793779249248,0.476828471184,"3-phosphoinositide-dependent protein kinase 1-like","liver"
"LOC115122295",70.8663462206216,0.079648625311955,0.103932663337777,0.156364711219649,0.446631088248977,"Krueppel-like factor 15","liver"
"LOC115111647",80.509102993515,0.0796472977270595,0.101994102705927,0.16481303933463,0.457926345145162,"transcobalamin-2-like","liver"
"LOC115129536",2035.18964158399,0.0796437171841777,0.110181867058181,0.118841017361098,0.399022611236311,"sequestosome-1-like, transcript variant X1","liver"
"LOC115106835",108.153044916008,0.0796422200920145,0.0713537232861064,0.167121670180684,0.459483178110225,"transcription initiation factor TFIID subunit 12-like, transcript variant X1","liver"
"LOC115126013",70.9386252007714,0.0795736207135516,0.108547406516825,0.130616506233008,0.41540889168661,"transmembrane protein 14C-like, transcript variant X2","liver"
"slc25a20",76.0753237871195,0.0795291866380459,0.0823118660179196,0.189513841721884,0.48490798421745,"solute carrier family 25 member 20","liver"
"LOC115133528",92.9186772012827,0.0794042530349922,0.0916484958062677,0.190874797835082,0.486229707127124,"mitochondrial fission 1 protein-like","liver"
"LOC115125303",119.192681076749,0.0794013400506205,0.103929706663964,0.157607054826973,0.447369174076884,"tubulin alpha chain","liver"
"LOC115105290",83.5615681170755,0.0792964972522119,0.0941692952606237,0.188215410217665,0.483102022699751,"protein transport protein Sec24A-like, transcript variant X1","liver"
"LOC115107019",1557.50587840587,0.0791209564078876,0.0980804535322182,0.180704167127297,0.476599777265298,"inter-alpha-trypsin inhibitor heavy chain H2-like","liver"
"LOC115118659",95.0299168278367,0.0790313018544557,0.0862914986676844,0.194838818203031,0.490830051295152,"ubiquitin-conjugating enzyme E2 D2","liver"
"LOC115111973",63.9874841024484,0.0789910925868485,0.0981400687390229,0.18123778515519,0.476599777265298,"PR domain zinc finger protein 12-like","liver"
"LOC115110190",703.530424763063,0.0789830583233981,0.080925009566692,0.190940801501291,0.486229707127124,"eukaryotic translation initiation factor 1","liver"
"LOC115141347",119.551068542352,0.0789704899730405,0.0753158980997739,0.180963594898271,0.476599777265298,"COP9 signalosome complex subunit 7a-like","liver"
"LOC115119285",103.75275007385,0.078800436721722,0.0958754636620702,0.187767852923187,0.482967478149619,"GRIP and coiled-coil domain-containing protein 2-like, transcript variant X1","liver"
"lg15h1orf50",92.6738181049424,0.0787420389191199,0.0931588366899826,0.192778670876746,0.488356657858059,"linkage group 15 C1orf50 homolog","liver"
"LOC115143533",58.9240741873142,0.0786622612207301,0.0875964495706926,0.197040718047045,0.493934788905139,"SWI/SNF-related matrix-associated actin-dependent regulator of chromatin subfamily D member 1-like","liver"
"slc31a1",3455.10899944978,0.0786333678096729,0.0940291608989811,0.192095338968377,0.487231239349785,"solute carrier family 31 member 1","liver"
"LOC115141794",131.385783502347,0.0786129744449631,0.117194295984132,0.0587229792447682,0.295499831360093,"claudin-4-like","liver"
"LOC115101228",57.4248886330318,0.0785859150454847,0.0746707977146852,0.181589659983564,0.476599777265298,"bromodomain-containing protein 3-like, transcript variant X3","liver"
"LOC115107740",3435.43515505223,0.0785638594663022,0.074387297059994,0.181029997874021,0.476599777265298,"plasminogen-like","liver"
"hsd17b4",146.003908314941,0.0784375729594314,0.0828585039906683,0.196167443375028,0.492654651384236,"hydroxysteroid 17-beta dehydrogenase 4, transcript variant X2","liver"
"LOC115137287",2094.9454247571,0.0783894843563184,0.100971028917349,0.175311148879577,0.470730067742526,"plasma protease C1 inhibitor-like, transcript variant X2","liver"
"LOC115141784",108.359819037974,0.0782340029616039,0.0960205924498301,0.190583162656902,0.486229707127124,"T-complex protein 1 subunit zeta-like","liver"
"LOC115113567",141.709528444894,0.078228835998534,0.0753628548987442,0.185193018329212,0.479980727834032,"cytosolic iron-sulfur assembly component 2B-like","liver"
"LOC115113375",252.693791721102,0.0781523772802977,0.104808042382174,0.159528973908611,0.451121194605114,"lysophosphatidylserine lipase ABHD12-like","liver"
"LOC115129470",74.9583005007292,0.0781275629150355,0.0842321166093865,0.19902626031851,0.495196305982148,"GTP-binding nuclear protein Ran-like","liver"
"LOC115103223",632.422642751122,0.0781141047107156,0.0889257119975863,0.199891290315878,0.496181792666034,"stress-associated endoplasmic reticulum protein 1","liver"
"LOC115133600",153.995908744609,0.078109617594796,0.0760582300932511,0.187406660490615,0.482850536131319,"DNA-directed RNA polymerase II subunit RPB1-like","liver"
"LOC115129832",310.85762061188,0.0777874087249199,0.0891184550281051,0.201687762727173,0.497325662961862,"receptor expression-enhancing protein 6-like","liver"
"LOC115101926",105.182785003698,0.0775706072598117,0.0919510015278311,0.200863091832349,0.496718234682126,"para-nitrobenzyl esterase-like, transcript variant X2","liver"
"LOC115114215",1084.59007860201,0.0774492147939932,0.0894602714203404,0.20348558730655,0.50038038228154,"40S ribosomal protein S15-like","liver"
"snx3",141.68163644428,0.0774430679516795,0.0814943198574091,0.200411206308362,0.496581201770749,"sorting nexin 3","liver"
"LOC115102811",171.189971231724,0.0774280746445415,0.0868810495286527,0.204075700415458,0.50094406071257,"lactoylglutathione lyase-like","liver"
"LOC115101635",98.8710477644754,0.0773643890568845,0.0887305653649816,0.20426129266543,0.50094406071257,"mitochondrial import receptor subunit TOM40 homolog, transcript variant X4","liver"
"LOC115110285",121.185227742065,0.0773136157374203,0.0763999810114272,0.192665647645913,0.488356657858059,"V-type proton ATPase 116 kDa subunit a-like, transcript variant X2","liver"
"aifm2",63.1338061945869,0.0773046198362957,0.106523125493685,0.154209914632549,0.444006832320837,"apoptosis inducing factor mitochondria associated 2","liver"
"LOC115144425",1680.66707080069,0.0772662722768387,0.102483194873211,0.175225790296964,0.470730067742526,"nucleolar RNA helicase 2-like","liver"
"LOC115104066",331.985282609944,0.0772566537725846,0.071031391137945,0.179232050672478,0.475752428727641,"ATP synthase F(0) complex subunit C3, mitochondrial-like","liver"
"LOC115122693",78.3936212897561,0.0771266549413866,0.0834476819615194,0.204224150331706,0.50094406071257,"SNW domain-containing protein 1","liver"
"LOC115130819",57.5972573525681,0.0770477656247815,0.0974996309471044,0.193680230800547,0.488817721822308,"electron transfer flavoprotein-ubiquinone oxidoreductase, mitochondrial-like, transcript variant X2","liver"
"LOC115101134",580.969045944648,0.0768996645019219,0.107314841979876,0.151311460101174,0.442428630826675,"growth hormone receptor-like, transcript variant X1","liver"
"LOC115141662",264.618708145643,0.0768619925937441,0.084987021075892,0.206794987358221,0.505333554239872,"eukaryotic translation initiation factor 3 subunit K","liver"
"LOC115119775",2625.0215449487,0.0768018416680917,0.110118041021966,0.1318288045061,0.416538145090591,"endoplasmic reticulum chaperone BiP","liver"
"mrpl3",61.0631089064383,0.0766282333863254,0.0877423881880723,0.208755090188675,0.507083282246149,"mitochondrial ribosomal protein L3","liver"
"LOC115141048",175.49599964002,0.0765540643686593,0.10371161127547,0.173395992525867,0.467435228528727,"tubulin alpha-1C chain","liver"
"LOC115111015",737.130815354998,0.0765194813849996,0.092490587288297,0.2063203354827,0.504504744939455,"cytochrome c oxidase subunit 6A, mitochondrial-like","liver"
"lg9bh14orf119",61.0029885554393,0.0765042032778365,0.0843449731565295,0.208534358750041,0.507083282246149,"linkage group 9b C14orf119 homolog","liver"
"timm9",66.2613879207302,0.0762100399880749,0.0855170383837211,0.210885133042816,0.509772381528497,"translocase of inner mitochondrial membrane 9","liver"
"paip2b",162.558926775031,0.0761099688452695,0.0900036659131846,0.211026202294204,0.509772381528497,"poly(A) binding protein interacting protein 2B, transcript variant X2","liver"
"LOC115103230",71.1911425140714,0.076107107727448,0.100178126707404,0.190716308261583,0.486229707127124,"coatomer subunit beta'-like, transcript variant X2","liver"
"LOC115142616",591.204674384731,0.0760782263894041,0.107884958320743,0.151651485761452,0.442471925779497,"N-acetylmuramoyl-L-alanine amidase-like, transcript variant X2","liver"
"suox",198.566019680473,0.0760363504512018,0.0973117590906616,0.199952901984031,0.496181792666034,"sulfite oxidase","liver"
"LOC115112893",351.850666663989,0.0760092071857584,0.108742700496816,0.145972805655013,0.435493105468807,"cystathionine beta-synthase-like","liver"
"LOC115142973",225.919147857766,0.0759898986222588,0.0833265882346895,0.210833451816117,0.509772381528497,"serine/arginine-rich splicing factor 3-like","liver"
"snrnp27",116.607358597516,0.0758864362929658,0.0842896140304034,0.212173892603113,0.510847514985607,"small nuclear ribonucleoprotein U4/U6.U5 subunit 27","liver"
"LOC115120624",84.5553741451178,0.0758571039095655,0.0724409733378453,0.191345794170395,0.486844854580855,"RNA exonuclease 4-like","liver"
"LOC115108137",4165.00275640945,0.0757798650121284,0.0876810511788373,0.21379914673561,0.512432154499533,"antithrombin-III-like, transcript variant X1","liver"
"LOC115137969",65.2378628734932,0.0757234402199401,0.0857754379859064,0.213888127804532,0.512432154499533,"NEDD8","liver"
"LOC115130705",165.232960321636,0.0756484423366779,0.0857065675373413,0.214315131324872,0.512822279439546,"GTP-binding nuclear protein Ran, transcript variant X1","liver"
"LOC115109240",110.958660825124,0.0755939955065363,0.0969895307337036,0.2033547204432,0.50038038228154,"DNA-directed RNA polymerases I, II, and III subunit RPABC1","liver"
"LOC115114346",70.6228892409173,0.0755180758563379,0.11883350826271,0.0476105158699801,0.271034165762624,"UDP-glucuronosyltransferase-like, transcript variant X2","liver"
"LOC115139282",327.655435433626,0.0753193928660502,0.100630265917803,0.193543385528177,0.488817721822308,"solute carrier family 22 member 16-like","liver"
"LOC115105090",282.602634174124,0.0752036194541034,0.0941071725735242,0.21173566776498,0.510664137074599,"Krueppel-like factor 6","liver"
"tardbp",107.31957633321,0.0751687472860153,0.0729635744806875,0.196854115351081,0.493770691797542,"TAR DNA binding protein, transcript variant X2","liver"
"LOC115109286",111.119972222703,0.0751540310284883,0.109585356259364,0.143837940729068,0.431725660096968,"zinc finger protein 708-like, transcript variant X1","liver"
"lztr1",70.1878008953392,0.0751316092123848,0.0835884114021835,0.216220914894607,0.514186959807711,"leucine zipper like transcription regulator 1","liver"
"LOC115101930",696.744381272404,0.0750743495563407,0.0966497765647177,0.207259161999645,0.505814444934547,"ragulator complex protein LAMTOR5-like","liver"
"LOC115129439",271.280723391881,0.0750667195659126,0.0829633969945002,0.21607848266757,0.514186959807711,"cofilin-2-like","liver"
"adamts13",263.653715679155,0.0750592722127806,0.0721849866938606,0.19532251762761,0.491137928346786,"ADAM metallopeptidase with thrombospondin type 1 motif 13","liver"
"LOC115128625",187.638755670216,0.0750208453881978,0.111251357575328,0.130663385803046,0.41540889168661,"hydroxyacid oxidase 2-like, transcript variant X6","liver"
"LOC115129573",122.337253667434,0.0749819122790706,0.101119431746466,0.193591007003867,0.488817721822308,"glutathione S-transferase P-like","liver"
"LOC115108068",61.3781747814097,0.0749805080070463,0.0910696858178956,0.216991853188244,0.514503686801253,"GRAM domain-containing protein 2B-like, transcript variant X1","liver"
"LOC115133558",76.758008630793,0.0749710661759705,0.0823122290480021,0.216017691052101,0.514186959807711,"alkaline ceramidase 2-like","liver"
"LOC115135860",849.180405424162,0.0748805623110139,0.0786506785645836,0.211414658840075,0.510199022754378,"solute carrier family 13 member 5-like, transcript variant X2","liver"
"LOC115120937",555.191166230875,0.0748379310891844,0.0984364320538149,0.20377909090816,0.500665204666462,"40S ribosomal protein S19","liver"
"LOC115105724",69.6846388477904,0.0747777191195483,0.0962147983344241,0.210060396750612,0.50873807317617,"MICOS complex subunit MIC27-like, transcript variant X2","liver"
"LOC115108258",150.523571883954,0.0747248068143471,0.0829722709255752,0.218175009701612,0.514503686801253,"ras-related protein Rab-11B-like","liver"
"LOC115140749",5335.85775901998,0.0746938443253245,0.089567636252755,0.219803031913923,0.515088075261921,"complement C1r subcomponent-like","liver"
"LOC115105375",9797.18486256252,0.0746564117575936,0.104502078585981,0.179734539020161,0.476022079952032,"heat shock cognate 70 kDa protein","liver"
"LOC115137198",101.638653717532,0.0746563217313566,0.0898543077565543,0.219870945686671,0.515088075261921,"eukaryotic translation initiation factor 4H-like, transcript variant X1","liver"
"LOC115117629",180.200992942569,0.074616847793397,0.0863631346734343,0.220770510094174,0.515384077401978,"probable C-mannosyltransferase DPY19L1","liver"
"LOC115117957",150.20472274128,0.0745031787056991,0.0923567044890489,0.218525475215484,0.514503686801253,"2-hydroxyacyl-CoA lyase 1-like","liver"
"LOC115113540",140.715641116778,0.0744831760727517,0.0810031075559533,0.217456155914944,0.514503686801253,"cytochrome b-c1 complex subunit Rieske, mitochondrial-like","liver"
"LOC115120174",691.613313250895,0.0744351347067854,0.101485167346607,0.195269611965713,0.491137928346786,"60S ribosomal protein L37","liver"
"LOC115128614",67.2774194693632,0.0743332429363427,0.100891722490998,0.19825012456256,0.494866556574453,"WD repeat-containing protein 3-like","liver"
"LOC115138886",70.8011585131562,0.0743112231706538,0.101016338657935,0.197888315700114,0.494866556574453,"transmembrane protein 256-like","liver"
"LOC115121671",92.475158153515,0.0742801903983447,0.0977630117332136,0.209061970948567,0.507365856302503,"interferon-induced 35 kDa protein homolog, transcript variant X1","liver"
"LOC115119515",141.382926805524,0.0742019668616598,0.0774814860609677,0.213386050339129,0.512113441838229,"transmembrane 9 superfamily member 4","liver"
"LOC115102631",78.0374255717273,0.0741740240327482,0.0813791634840833,0.219844166003104,0.515088075261921,"tensin-2-like, transcript variant X1","liver"
"LOC115106918",125.242819766575,0.074167078196984,0.100794612829684,0.199602956052129,0.496086371261268,"ras-related and estrogen-regulated growth inhibitor","liver"
"LOC115129593",79.054003547975,0.0740701563206385,0.0783259903906927,0.215802174566829,0.514186959807711,"ubiquitin-conjugating enzyme E2 A","liver"
"LOC115128063",662.299766062866,0.0740192887628729,0.101489024157548,0.197678627543669,0.494866556574453,"pyruvate kinase PKM-like","liver"
"LOC115103209",59.9668806326273,0.0739855563475771,0.0919064113139135,0.222231585696951,0.51642870199588,"actin-related protein 2/3 complex subunit 5-like","liver"
"LOC115137305",338.565679507465,0.0738954419461933,0.101605549802501,0.197917512750719,0.494866556574453,"N-acyl-aromatic-L-amino acid amidohydrolase (carboxylate-forming) B-like","liver"
"LOC115109408",424.977499983591,0.0737965205169313,0.0580140622160369,0.146790951195617,0.435493105468807,"chromodomain-helicase-DNA-binding protein 2-like, transcript variant X2","liver"
"LOC115112359",167.333179634346,0.0737441863117053,0.0847302566379844,0.225551967127807,0.520878083860022,"transcription factor 25-like, transcript variant X1","liver"
"LOC115143991",57.5971577443556,0.0736793268355963,0.0809674911790015,0.222394027644915,0.516511713208362,"vesicle transport through interaction with t-SNAREs homolog 1A-like, transcript variant X2","liver"
"LOC115109095",4652.99968967017,0.0736579247126035,0.101794523636752,0.198510541375715,0.495034422284806,"antithrombin-III-like","liver"
"LOC115142807",419.48267649127,0.0735887389385522,0.101818470166569,0.198815345750792,0.495034422284806,"60S ribosomal protein L10a","liver"
"LOC115141356",7178.25224182292,0.0735725091636912,0.100038970577892,0.205972646454048,0.50423694359707,"C-type lectin domain family 4 member E-like","liver"
"LOC115138755",65.6326248983689,0.073517271522598,0.105874600685964,0.178249215914346,0.474799341503657,"aspartate--tRNA ligase, cytoplasmic-like","liver"
"arl6ip4",71.5119700647839,0.0734585976966045,0.0916244300903926,0.225809425818362,0.521083623301105,"ADP ribosylation factor like GTPase 6 interacting protein 4","liver"
"hint1",169.946792222237,0.0734320352489836,0.0976394255982469,0.21454012092957,0.512883010503769,"histidine triad nucleotide binding protein 1","liver"
"LOC115141348",75.9724545797608,0.0733813591608417,0.0946663916226715,0.221821607978483,0.51642870199588,"citrate synthase, mitochondrial-like, transcript variant X2","liver"
"rbp2",4599.3080009075,0.0733576867610256,0.0918961130794498,0.226142427088644,0.521083623301105,"retinol binding protein 2","liver"
"LOC115109270",472.88167149605,0.0732672657152295,0.088206572969728,0.229163607814044,0.524279680165894,"ATP synthase F(0) complex subunit C3, mitochondrial-like, transcript variant X1","liver"
"LOC115130744",209.377829938091,0.0732655893895027,0.10837311027498,0.16278854711468,0.455221463268407,"protein NipSnap homolog 3A-like, transcript variant X2","liver"
"cacybp",70.1535060928331,0.0732356665031818,0.0864959482673563,0.229397533405813,0.524410738172795,"calcyclin binding protein","liver"
"LOC115111720",2386.07487541868,0.073226481474171,0.0974370451901801,0.2163616404032,0.514221601331453,"60S ribosomal protein L6-like","liver"
"LOC115107007",88.1820911438502,0.0732023589402046,0.117324328794911,0.0723989381904971,0.326705500361967,"suppressor of cytokine signaling 2-like, transcript variant X1","liver"
"LOC115104250",153.795034457569,0.0731868536515382,0.0877398482772697,0.229746889635956,0.524914978787082,"eukaryotic translation initiation factor 3 subunit G","liver"
"LOC115130449",278.663608930458,0.0731446717073593,0.0744274360820601,0.213056294625052,0.512038594865395,"zinc finger CCCH domain-containing protein 15-like","liver"
"LOC115110813",59.7286634469468,0.0731101889534023,0.102386915147194,0.199123342861811,0.495196305982148,"nucleolar transcription factor 1-like, transcript variant X4","liver"
"LOC115102873",153.767315081527,0.0730443403210704,0.0992714347601872,0.211857962657789,0.510664137074599,"NADH dehydrogenase [ubiquinone] 1 alpha subcomplex subunit 13-like","liver"
"LOC115106816",550.484228582179,0.0729741060758601,0.102204552619296,0.200759325139436,0.496718234682126,"vitronectin-like","liver"
"LOC115143065",144.964756467777,0.0729358562377354,0.0762003924905457,0.218582004558246,0.514503686801253,"carboxy-terminal domain RNA polymerase II polypeptide A small phosphatase 2-like","liver"
"LOC115128279",120.149573456315,0.0728953253194473,0.111834929062411,0.135409508441276,0.422025930165245,"sialidase-1-like","liver"
"LOC115132528",183.917605024767,0.0728580872304065,0.112712485163185,0.126949161348984,0.410344791164518,"keratin, type I cytoskeletal 18","liver"
"LOC115102162",120.503581896368,0.0728356914658511,0.0780843650632451,0.223080639891224,0.516643694750874,"charged multivesicular body protein 4b-like","liver"
"LOC115114176",64.2713283030512,0.0728219874169903,0.110398283197849,0.148858271892652,0.438083982840758,"volume-regulated anion channel subunit LRRC8D-like","liver"
"LOC115123973",312.469523909586,0.0727223689267433,0.0942144888482983,0.226765648023274,0.52220157138015,"26S proteasome regulatory subunit 10B-like","liver"
"LOC115109596",71.6575299899874,0.0727223156263482,0.090464091693804,0.231504500007079,0.526562154159259,"NADH dehydrogenase [ubiquinone] 1 alpha subcomplex subunit 9, mitochondrial-like","liver"
"rps7",753.710282813617,0.072645762326822,0.0943947897753316,0.226922118849285,0.52226683028215,"ribosomal protein S7","liver"
"LOC115108401",201.68875756257,0.0726433211536848,0.0939132452781069,0.227786636259817,0.523369971474077,"inhibitor of growth protein 5-like, transcript variant X2","liver"
"LOC115133282",131.694481382638,0.0726341679624508,0.108848363927463,0.162577211769478,0.455221463268407,"insulin receptor substrate 2-B-like","liver"
"LOC115114132",358.544180576282,0.0726110164479358,0.0744825943288265,0.216548158643349,0.514364973560776,"profilin-2-like, transcript variant X1","liver"
"LOC115104314",106.327089392114,0.0724537240732536,0.105921949994071,0.184000043982838,0.479980727834032,"hepatic leukemia factor-like","liver"
"LOC115140869",31466.1479209623,0.0724515731591339,0.0822794055475652,0.23174097531301,0.526562154159259,"apolipoprotein C-I-like","liver"
"gcat",81.2324986042887,0.0724279110658993,0.108394025297859,0.167177024812921,0.459483178110225,"glycine C-acetyltransferase","liver"
"LOC115119899",77.2363018663648,0.0723980089898535,0.0902672466133991,0.233717637466579,0.528360005720342,"solute carrier family 35 member F6-like","liver"
"LOC115111413",443.066510793548,0.0723922847902457,0.106377969559883,0.181463321419544,0.476599777265298,"glycine dehydrogenase (decarboxylating), mitochondrial-like","liver"
"LOC115140133",89.0572890014977,0.0723921435220974,0.101073899182747,0.209120372568254,0.507365856302503,"acyl-CoA dehydrogenase family member 11-like, transcript variant X3","liver"
"LOC115128431",72.1315667540793,0.0723242137263528,0.0942961480170544,0.229133204457808,0.524279680165894,"CDC42 small effector protein 1-like","liver"
"LOC115129232",353.639506780517,0.072275728295184,0.0893324354332767,0.235069761766194,0.529270947996342,"neutral alpha-glucosidase AB-like, transcript variant X3","liver"
"LOC115142570",105.768859039987,0.0722007659776261,0.101184692982185,0.209834977576659,0.508494273842128,"group XIIB secretory phospholipase A2-like protein","liver"
"LOC115110447",528.629665841514,0.0721341377248676,0.0820089595584013,0.233486571307878,0.528186511967417,"glutaryl-CoA dehydrogenase, mitochondrial-like","liver"
"LOC115106479",1009.84265962266,0.0721207405116495,0.0639998279842324,0.183930828078501,0.479980727834032,"calcium-binding and coiled-coil domain-containing protein 2-like","liver"
"LOC115111469",93.7646971796098,0.0720991317388296,0.0872723410368894,0.236717931247049,0.530990322991257,"protein SET-like","liver"
"cir1",164.894136292065,0.0720476338867928,0.0941865934655756,0.231088712138439,0.526562154159259,"corepressor interacting with RBPJ, 1","liver"
"LOC115103832",10262.8586966935,0.0720419781414018,0.0984925641284168,0.220593711459671,0.515384077401978,"beta-2-glycoprotein 1-like","liver"
"LOC115101086",60.2345162259562,0.0719409311994332,0.0981980228882626,0.22214008218629,0.51642870199588,"protein phosphatase 1 regulatory subunit 26-like, transcript variant X1","liver"
"LOC115130259",92.7681678609324,0.0718111275338433,0.094639723354257,0.231759691992569,0.526562154159259,"zinc finger CCHC domain-containing protein 2-like, transcript variant X1","liver"
"LOC115142061",91.1303671266933,0.0718101305543799,0.0996713024977485,0.218082487758806,0.514503686801253,"apoptosis-associated speck-like protein containing a CARD","liver"
"LOC115118210",1018.37054128121,0.0717971060455253,0.0954665083958753,0.230157908474192,0.525265193135949,"40S ribosomal protein S23","liver"
"cops3",123.429122017675,0.0717335964861709,0.0931788529781668,0.234757217666927,0.529170367849425,"COP9 signalosome subunit 3","liver"
"lrrc47",60.5501534780795,0.0717247621348931,0.105476443755886,0.190984730400031,0.486229707127124,"leucine rich repeat containing 47","liver"
"LOC115129381",115.877638944506,0.0717046354600919,0.0801655872829195,0.233854252956256,0.528375795482094,"tetraspanin-7-like","liver"
"LOC115143532",66.6910012255828,0.0716296473599716,0.11701139538011,0.0816457565830556,0.344681911946485,"glycerol-3-phosphate dehydrogenase [NAD(+)], cytoplasmic-like","liver"
"LOC115113321",36172.75141835,0.0716207485344026,0.0862992281918139,0.23972093312657,0.534812547030049,"serum amyloid P-component-like","liver"
"LOC115146299",115.202808925559,0.0715575495434032,0.0945745603388789,0.233511308774604,0.528186511967417,"transmembrane protein 50A","liver"
"LOC115129186",358.966331011248,0.0715257100702697,0.0820671751020448,0.237501865865947,0.531899783115166,"transmembrane emp24 domain-containing protein 9","liver"
"LOC115133588",214.684890410715,0.0715187534581491,0.10051592280997,0.216742854964195,0.514503686801253,"ceramide-1-phosphate transfer protein-like, transcript variant X2","liver"
"LOC115109398",91.9834765285556,0.0715014034980559,0.10155215782367,0.21259119230579,0.511481511615973,"choline kinase alpha-like, transcript variant X2","liver"
"LOC115132041",907.656943939627,0.0714806311401638,0.100481550323942,0.217115298324442,0.514503686801253,"nuclease-sensitive element-binding protein 1-like, transcript variant X1","liver"
"LOC115102419",151.843749522136,0.0713172956731006,0.0981759508799793,0.226152337983232,0.521083623301105,"CD63 antigen-like","liver"
"LOC115118184",132.734652360638,0.0713113255693498,0.0823564000950325,0.239219134774564,0.533985319463922,"interleukin-6 receptor subunit beta-like","liver"
"LOC115105363",69.0616910643044,0.0713048644255101,0.0839156547047687,0.240657066859921,0.536020194846327,"calcium uptake protein 2, mitochondrial-like","liver"
"LOC115111497",91.2340752810977,0.071287399217205,0.0779938877620921,0.232875244855828,0.527687459896506,"RING finger protein 10-like","liver"
"LOC115144311",72.8834311395548,0.0712422091154977,0.100375863752629,0.219021284822277,0.514938140304512,"rho-related GTP-binding protein RhoU-like","liver"
"LOC115119255",150.654238242258,0.0712261119280222,0.116835017279032,0.0854194366627812,0.350278629727892,"ferritin, middle subunit-like","liver"
"LOC115130665",401.631972056451,0.0712221515861635,0.0925033015129791,0.239024467649369,0.53398143869427,"cofilin-2-like","liver"
"tmem59",227.343213804228,0.0710895833247951,0.0780643912483623,0.23430543629424,0.528808947029526,"transmembrane protein 59","liver"
"LOC115103365",1785.59718004582,0.0708645179683658,0.0918773342643057,0.242141829511195,0.536838563244212,"ATP-binding cassette sub-family F member 2-like, transcript variant X2","liver"
"acp1",91.693690118323,0.0708355136433233,0.0931996730102608,0.240557950489516,0.536020194846327,"acid phosphatase 1, transcript variant X1","liver"
"LOC115109711",111.310528685277,0.0708263006158818,0.0869267533732099,0.245025957742371,0.537816803316051,"transcription initiation factor TFIID subunit 3-like","liver"
"LOC115130480",110.235240681381,0.0707735906889469,0.0757922121105817,0.231580712681673,0.526562154159259,"protein FAM199X, transcript variant X1","liver"
"LOC115115068",69.9820961936384,0.0707280420975576,0.0911003236787869,0.243862610560627,0.536838563244212,"transcription and mRNA export factor ENY2-2, transcript variant X2","liver"
"LOC115122609",302.327170892081,0.070668516367362,0.0911730111366431,0.244185156097834,0.536838563244212,"myosin-9-like, transcript variant X3","liver"
"LOC115145012",224.219533420041,0.0706213673680219,0.10151297019914,0.218271932217529,0.514503686801253,"calreticulin-like","liver"
"LOC115102089",60.2336076525644,0.0705613883680659,0.102905949965751,0.212184701391225,0.510847514985607,"androgen-dependent TFPI-regulating protein-like","liver"
"LOC115136070",129.225311459263,0.0705147789875037,0.0730041936423462,0.226100792612555,0.521083623301105,"mitochondrial import inner membrane translocase subunit Tim17-A","liver"
"LOC115101113",89.7489118949328,0.0704498987917313,0.0956744028940316,0.238409181557208,0.533638563441615,"hepatic leukemia factor-like, transcript variant X2","liver"
"LOC115125854",488.309313694026,0.0704488817820647,0.104399601325143,0.204989348515944,0.502427290770287,"ras-related protein Rab-9B-like","liver"
"LOC115146282",314.392240572954,0.0704177550646841,0.0714728905673867,0.222206942017426,0.51642870199588,"KH domain-containing, RNA-binding, signal transduction-associated protein 1-like, transcript variant X5","liver"
"agxt",1867.9756505831,0.0703965001046056,0.111952036563449,0.146825148310785,0.435493105468807,"alanine--glyoxylate and serine--pyruvate aminotransferase","liver"
"LOC115111380",576.362148409335,0.0703728515578502,0.109416808674815,0.170472287097012,0.464553299943853,"Krueppel-like factor 9","liver"
"LOC115144188",83.8408176462414,0.0703386815369132,0.10508932032704,0.201660161376369,0.497325662961862,"transcription factor MafF-like, transcript variant X1","liver"
"LOC115101325",92.0602686945075,0.0702936483299001,0.0750482431286966,0.232970908175711,0.527687459896506,"U4/U6.U5 tri-snRNP-associated protein 1-like","liver"
"LOC115141522",216.184267030422,0.0702850742658586,0.0692665580131801,0.215838316539154,0.514186959807711,"cleft lip and palate transmembrane protein 1 homolog","liver"
"LOC115106462",218.953189472456,0.0702645107375143,0.0998366418450576,0.227290770704659,0.522525201010823,"26S proteasome non-ATPase regulatory subunit 11B-like","liver"
"LOC115131509",453.459493605014,0.070249335153991,0.106480956314679,0.193371738780653,0.488817721822308,"translocon-associated protein subunit beta","liver"
"LOC115134382",113.10664764603,0.0702262601393953,0.0931393141901822,0.244665946017279,0.537315946102602,"group XV phospholipase A2-like, transcript variant X1","liver"
"LOC115136854",944.441544154039,0.0700261886065986,0.0953138095342932,0.241998235438858,0.536838563244212,"40S ribosomal protein S3-like","liver"
"ost4",326.358013233858,0.0699940113711117,0.0966502819253655,0.239036661844579,0.53398143869427,"oligosaccharyltransferase complex subunit 4, non-catalytic","liver"
"LOC115133216",229.38802346786,0.0699795265415857,0.0831373796042139,0.24883298091634,0.544413972203436,"ADP-ribosylation factor 4","liver"
"LOC115103252",197.181891238061,0.0699517350604427,0.089478147716316,0.250248480615639,0.545539345742569,"calponin-2-like","liver"
"LOC115143249",61.3085210553093,0.0699424897191046,0.0853724166303764,0.250551927190895,0.545539345742569,"protein/nucleic acid deglycase DJ-1-like","liver"
"LOC115117682",136.777817296781,0.0699224619279749,0.0946491853089757,0.244057572515029,0.536838563244212,"nuclear protein localization protein 4 homolog, transcript variant X1","liver"
"LOC115126636",284.753713688771,0.0698611165570443,0.0989561435770872,0.233031753634375,0.527687459896506,"calponin-3-like, transcript variant X2","liver"
"LOC115104132",86.6357856373506,0.0698545128535758,0.0896482048417635,0.250804269642419,0.545797225340363,"ras-related protein Rab-11A-like","liver"
"LOC115110316",84.5830363407169,0.0697758587917736,0.0833988589409179,0.25043397359714,0.545539345742569,"transmembrane protein 184B-like, transcript variant X1","liver"
"LOC115113562",96.7916455380578,0.0697598454471259,0.099156743338971,0.233006410828846,0.527687459896506,"two pore calcium channel protein 2-like","liver"
"acot13",71.5093534820937,0.0697341874184353,0.0953231220728738,0.24391582715884,0.536838563244212,"acyl-CoA thioesterase 13, transcript variant X2","liver"
"LOC115105176",78.6669321378898,0.0696667989318023,0.0843581836286964,0.251880903677895,0.546695676146897,"vacuolar protein sorting-associated protein 41 homolog","liver"
"LOC115112196",64.8614355220064,0.0696258991934421,0.117212841986363,0.0860399677756877,0.350742551825015,"3 beta-hydroxysteroid dehydrogenase/Delta 5-->4-isomerase-like","liver"
"psma5",584.372945576865,0.0695867577403674,0.0906540119845883,0.251880738173413,0.546695676146897,"proteasome subunit alpha 5","liver"
"LOC115103268",139.426872640922,0.0695312114337535,0.0854089176169385,0.253347615403909,0.54898717723888,"CMP-N-acetylneuraminate-beta-1,4-galactoside alpha-2,3-sialyltransferase-like, transcript variant X2","liver"
"LOC115118779",172.382657034697,0.069488424725738,0.105725901046818,0.202974340277241,0.499893299679778,"carnitine O-acetyltransferase-like","liver"
"LOC115145819",1738.0107655272,0.0694001527102152,0.102264646781066,0.222668065889888,0.516643694750874,"40S ribosomal protein S6","liver"
"LOC115105876",1014.87566294209,0.0693818257318057,0.0966186450640603,0.24317791844178,0.536838563244212,"60S ribosomal protein L17","liver"
"LOC115127083",64.9285114096292,0.0693545274615005,0.109269905023676,0.17757251737414,0.473681662838348,"aminoacyl tRNA synthase complex-interacting multifunctional protein 1-like","liver"
"LOC115102044",141.961759153878,0.0693233792563185,0.0730802160966462,0.234247468718307,0.528808947029526,"14-3-3 protein beta/alpha-2","liver"
"LOC115115736",87.7288658681846,0.0693013399581444,0.0936130877434388,0.250097183102155,0.545539345742569,"heme oxygenase 2-like","liver"
"ece1",236.522764231762,0.069300062285231,0.100241677418963,0.232028366240018,0.526878897378447,"endothelin converting enzyme 1, transcript variant X2","liver"
"LOC115131400",70.1260269555268,0.0692994558200399,0.096505745109764,0.244019071976282,0.536838563244212,"NADH dehydrogenase [ubiquinone] iron-sulfur protein 6, mitochondrial-like","liver"
"rbks",259.455414849616,0.0692463858058395,0.0733679224854644,0.235574423559359,0.529846504573023,"ribokinase, transcript variant X1","liver"
"LOC115141057",135.415140135947,0.0691540900272278,0.079848307146885,0.250365812502739,0.545539345742569,"induced myeloid leukemia cell differentiation protein Mcl-1 homolog","liver"
"LOC115107932",109.901525450102,0.0690885175584177,0.087054130083192,0.256722928916604,0.553910749199936,"protein yippee-like 5, transcript variant X2","liver"
"bsdc1",114.632256273596,0.0690873855008396,0.0841184969607965,0.255667675719102,0.552838963517804,"BSD domain containing 1","liver"
"LOC115144825",57.3969165788124,0.0690241674835976,0.11633732502287,0.100744694695952,0.373304886891544,"solute carrier family 41 member 2-like","liver"
"LOC115104162",638.835262564489,0.0690011444504961,0.0978920329584683,0.242138029295442,0.536838563244212,"40S ribosomal protein S11, transcript variant X2","liver"
"LOC115107612",66.3914893826095,0.0689816049945667,0.0810634598289134,0.253305872567471,0.54898717723888,"14-3-3 protein zeta-like, transcript variant X1","liver"
"LOC115102263",285.516596761398,0.068950270964158,0.100928984136544,0.231551729863414,0.526562154159259,"dolichyl-diphosphooligosaccharide--protein glycosyltransferase 48 kDa subunit","liver"
"LOC115109482",84.7134491053738,0.0688995711541864,0.0847375619147585,0.257339604551682,0.554395469425293,"dnaJ homolog subfamily A member 2-like","liver"
"LOC115121786",892.883836396232,0.0683969750346208,0.0879244450543571,0.261415302785137,0.559332689843684,"60S ribosomal protein L23a","liver"
"LOC115102427",101.112026807506,0.0683809279520149,0.090081649592765,0.260563834643,0.558390215565125,"citrate synthase, mitochondrial-like","liver"
"LOC115112450",81.2808609463421,0.0683198140331065,0.0762028750372377,0.249083541592173,0.544547702597072,"transmembrane protein 9B-like","liver"
"haao",83.9214918107747,0.0682427213534937,0.111842320488163,0.159596850495725,0.451121194605114,"3-hydroxyanthranilate 3,4-dioxygenase","liver"
"tpra1",112.879595673935,0.0681738230070816,0.0816539725061857,0.259636255981276,0.557868940105262,"transmembrane protein adipocyte associated 1","liver"
"LOC115103882",182.365773126659,0.0680981120449856,0.0917799997099251,0.260922005064583,0.558608565928574,"T-complex protein 1 subunit delta","liver"
"LOC115132210",837.856532368402,0.0680490362836754,0.0797639125449607,0.257859435831678,0.55522190198094,"properdin-like","liver"
"LOC115140857",1156.19884177022,0.0678709766531397,0.107126169632468,0.203540400839743,0.50038038228154,"apolipoprotein A-IV-like","liver"
"LOC115141129",100.308074049544,0.0678399156879203,0.072747562877519,0.243438784596755,0.536838563244212,"septin-7, transcript variant X1","liver"
"LOC115139006",78.4517079430132,0.067771420786846,0.109034249029484,0.18905562087693,0.484057717936395,"delta-1-pyrroline-5-carboxylate dehydrogenase, mitochondrial-like, transcript variant X2","liver"
"LOC115135101",357.072360285151,0.0677031807124492,0.0830602329104302,0.264421509420392,0.561930173304232,"multiple inositol polyphosphate phosphatase 1-like, transcript variant X2","liver"
"LOC115103781",541.326277246719,0.0676562154924222,0.109282928408174,0.187614093396438,0.482967478149619,"group XIIB secretory phospholipase A2-like protein, transcript variant X2","liver"
"LOC115110030",94.0664732977238,0.0676142105243918,0.0931386611799381,0.262435010193589,0.559917519583386,"protein spinster homolog 1-like, transcript variant X1","liver"
"LOC115122039",65.027145758303,0.0675980501725921,0.0828323525268671,0.264947121338088,0.562460659673982,"telomerase RNA component interacting RNase-like","liver"
"LOC115112256",99.8600323144842,0.0674843722199344,0.0896897463990732,0.267074602264954,0.563456157875353,"AP-1 complex subunit gamma-1-like, transcript variant X1","liver"
"LOC115132498",91.8124242672036,0.0673874471884417,0.0890579050604845,0.268100950404194,0.564351190031528,"proliferation-associated protein 2G4-like","liver"
"LOC115136936",107.765649699203,0.0673511731390058,0.104649805784534,0.223338123197017,0.516643694750874,"eukaryotic translation initiation factor 3 subunit K-like, transcript variant X1","liver"
"LOC115118403",193.585625480442,0.0673444124314625,0.0710872218345579,0.241800412407726,0.536838563244212,"proteasome subunit alpha type-2","liver"
"LOC115102288",78.1200649038758,0.0673045771538103,0.0821713586118438,0.266336521660113,0.563006462704206,"E3 ubiquitin-protein ligase Itchy-like, transcript variant X1","liver"
"virma",70.1167463721452,0.0672407957029503,0.0802926993748553,0.264354061611395,0.561930173304232,"vir like m6A methyltransferase associated","liver"
"LOC115132091",143.281878399149,0.0672227671582027,0.116087894279372,0.112125255133853,0.392631048046036,"small integral membrane protein 11A-like","liver"
"aurkaip1",60.6948575572032,0.0672221389870924,0.0955846344907141,0.260460864786953,0.558390215565125,"aurora kinase A interacting protein 1","liver"
"LOC115110071",125.970876158397,0.0672124748907381,0.0878587799561794,0.269717935266779,0.566393768236678,"26S proteasome non-ATPase regulatory subunit 11","liver"
"LOC115131983",57.5762432554278,0.0672114150769541,0.101537624047885,0.240547465935238,0.536020194846327,"helicase ARIP4-like, transcript variant X2","liver"
"LOC115115997",252.862949030707,0.0672049126285506,0.106332362684497,0.213464361551313,0.512113441838229,"kelch-like ECH-associated protein 1, transcript variant X3","liver"
"LOC115104052",127.822763281709,0.0667950633148427,0.0909947910373755,0.270906728993743,0.567854275974824,"endoplasmic reticulum membrane sensor NFE2L1-like","liver"
"slc27a2",83.1892469073768,0.066792971091978,0.117733363833543,0.088902659384625,0.353987042567365,"solute carrier family 27 member 2","liver"
"LOC115105520",72.370640434349,0.0667817000419166,0.115440281585784,0.123421170171424,0.406024769668059,"GTPase Era, mitochondrial, transcript variant X1","liver"
"LOC115145847",65.7386970510395,0.0667475169631711,0.0874121663150401,0.273076249505633,0.571050078285483,"AH receptor-interacting protein-like, transcript variant X2","liver"
"acad11",152.252726176351,0.0666107121732454,0.0879608073177146,0.273980548774683,0.571050078285483,"acyl-CoA dehydrogenase family member 11","liver"
"LOC115139194",96.0692193310787,0.0664314866494702,0.0969798346956119,0.262464181209048,0.559917519583386,"peptidyl-prolyl cis-trans isomerase FKBP3-like, transcript variant X1","liver"
"LOC115141973",65.2611543697944,0.066422395938797,0.0866251938020529,0.275385110058103,0.572396587759729,"integral membrane protein 2C-like, transcript variant X1","liver"
"LOC115113789",185.691298345476,0.0663968451536267,0.095705795259316,0.265987214547879,0.562909598388969,"signal peptidase complex catalytic subunit SEC11A-like","liver"
"LOC115105068",61.0796051077091,0.0663940500503607,0.101651835985189,0.245636660460184,0.538577207119801,"putative ferric-chelate reductase 1, transcript variant X4","liver"
"LOC115109068",741.021745923657,0.0663476889244048,0.099196912945799,0.255995496766661,0.552994290310831,"MAP kinase-interacting serine/threonine-protein kinase 1-like","liver"
"LOC115145942",127.351933517957,0.0663011419564951,0.0975057853521221,0.261870380794807,0.559917519583386,"trifunctional enzyme subunit alpha, mitochondrial-like","liver"
"LOC115107629",76.8031568113372,0.0662769638465717,0.0955714905572371,0.267153234738302,0.563456157875353,"N-alpha-acetyltransferase 20","liver"
"LOC115119450",62.2487924673591,0.0662530379012748,0.0771173078561561,0.265679594112134,0.562909598388969,"leukocyte receptor cluster member 9-like, transcript variant X2","liver"
"LOC115132769",173.438306990046,0.0661418005442379,0.117943569280427,0.0880242316893426,0.353721798164998,"extracellular matrix protein 1-like","liver"
"LOC115114563",59.2111923152307,0.0660753710396704,0.0835595840243648,0.276460729807006,0.57404683377145,"ATP-binding cassette sub-family B member 8, mitochondrial-like, transcript variant X2","liver"
"LOC115124959",652.681799247561,0.0660607919686721,0.0931845939832338,0.27335435702155,0.571050078285483,"eukaryotic translation initiation factor 5A-1-like, transcript variant X1","liver"
"LOC115112408",91.8850064188922,0.0660475904648928,0.103028004528995,0.241258379061265,0.536715261831198,"CD81 antigen-like","liver"
"LOC115128685",71.3988038265009,0.0659463292008888,0.0850858552725071,0.278369546601663,0.576541804851819,"protein lifeguard 1-like, transcript variant X1","liver"
"LOC115131594",77.0901750012578,0.065912100444356,0.102961683136358,0.242543196414498,0.536838563244212,"proteasome subunit beta type-7-like","liver"
"LOC115143486",2722.24794712035,0.065885438298653,0.11121650853771,0.179963928080584,0.476053612261547,"60S acidic ribosomal protein P2-like","liver"
"LOC115109887",81.2147102399517,0.0657714928660463,0.0789515604651705,0.272722313222887,0.570644840193268,"RING-box protein 1","liver"
"LOC115106333",64.6923425276081,0.0657108851391559,0.0843632224727473,0.279684136555552,0.577796523365651,"ER membrane protein complex subunit 2, transcript variant X1","liver"
"LOC115140048",88.229244003449,0.0656980378714476,0.0864725881859919,0.280603536456613,0.578133197945517,"drebrin-like protein B, transcript variant X1","liver"
"fam133b",502.620259698261,0.0656835276713413,0.0726865151773322,0.258550497175169,0.556415959073912,"family with sequence similarity 133 member B","liver"
"LOC115141336",115.357973311161,0.0654457836455744,0.0889564827068966,0.282074337244128,0.579503527523722,"ubiquitin carboxyl-terminal hydrolase 5-like, transcript variant X2","liver"
"LOC115123727",94.5747592285472,0.0654324256445312,0.0913341758472928,0.280362281951354,0.578133197945517,"probable protein BRICK1-A","liver"
"LOC115109138",620.971015241119,0.0653488064787383,0.0938674345963395,0.277336378509979,0.574986306615806,"ubiquitin-60S ribosomal protein L40","liver"
"LOC115102565",473.127294308716,0.0652439544824813,0.0903971047326252,0.282629146758111,0.579903745546943,"40S ribosomal protein S26-like","liver"
"LOC115114223",418.082447683501,0.0651085760312748,0.0919934868100453,0.281955558283146,0.579503527523722,"gamma-interferon-inducible lysosomal thiol reductase-like","liver"
"LOC115110055",971.694614274358,0.0650342850943227,0.112402958529821,0.172042765633139,0.466254197287682,"ferritin, middle subunit-like","liver"
"LOC115105757",81.7369930544269,0.0649918895556806,0.0848104591378714,0.285213702195749,0.582393425434705,"non-POU domain-containing octamer-binding protein-like, transcript variant X1","liver"
"ccdc25",85.7411041842586,0.0649601032911794,0.091790452859269,0.283294440199356,0.580547078055594,"coiled-coil domain containing 25, transcript variant X1","liver"
"LOC115104711",71.0967900872415,0.0648706522052831,0.0912369913963406,0.284577817552314,0.581820978127182,"vacuolar ATPase assembly integral membrane protein vma21-like","liver"
"LOC115134119",204.036610499136,0.0647588004646199,0.0871869053321174,0.287542322863182,0.583886746645261,"GTPase KRas, transcript variant X2","liver"
"mppe1",61.525859358477,0.06470538981065,0.0903674144082589,0.286612444493545,0.583021643712864,"metallophosphoesterase 1, transcript variant X1","liver"
"fbxo34",58.4292816452318,0.0646591160084958,0.0983560327497214,0.270970698422726,0.567854275974824,"F-box protein 34, transcript variant X1","liver"
"LOC115125947",68.66947877036,0.0646266939466661,0.0891318885268703,0.288012672041164,0.583993995263798,"regulator of G-protein signaling 5-like, transcript variant X2","liver"
"LOC115123159",294.921715162025,0.0645740877472472,0.11230142846142,0.176028815031446,0.471414881779352,"ferritin, middle subunit-like","liver"
"LOC115145049",232.601152761464,0.0645538777663366,0.113458525543978,0.162034722992276,0.455191954661357,"polymeric immunoglobulin receptor-like, transcript variant X3","liver"
"LOC115130488",121.226544616016,0.0644708655401914,0.104029415861156,0.24674696515909,0.540720768810995,"stress-70 protein, mitochondrial","liver"
"LOC115126751",75.634576022782,0.064347319359854,0.104832631486294,0.242759638130839,0.536838563244212,"profilin-1-like","liver"
"LOC115111594",1087.76580990324,0.0643284586804513,0.0907037398128946,0.289112921590174,0.583993995263798,"60S ribosomal protein L31","liver"
"LOC115110453",286.31018662452,0.0642504393966699,0.102627570101792,0.256010850298464,0.552994290310831,"transmembrane protein 56-B-like, transcript variant X4","liver"
"LOC115115566",4164.31005525425,0.0642219450044768,0.121674923408969,0.02834303102167,0.215132578108616,"metallothionein B","liver"
"pfdn5",93.9796628763497,0.0641581081299791,0.0862972122398233,0.291939573251971,0.587627506456807,"prefoldin subunit 5","liver"
"LOC115141406",83.4238118079515,0.0639688507882755,0.0848657439214985,0.292857970168938,0.588604086000291,"putative RNA-binding protein Luc7-like 2","liver"
"LOC115125838",123.040141712013,0.0639397514728987,0.0945331483472222,0.286423071834209,0.583021643712864,"polypyrimidine tract-binding protein 1-like, transcript variant X1","liver"
"LOC115101778",1635.65707622561,0.0639195733623083,0.101798536651865,0.262512850815469,0.559917519583386,"protein transport protein Sec61 subunit gamma-like","liver"
"habp2",545.671773244569,0.0638041428674053,0.105636862476781,0.241363855480026,0.536715261831198,"hyaluronan binding protein 2","liver"
"LOC115141500",138.294389899343,0.0637954925563013,0.08718638661729,0.294730469711584,0.589635548521163,"NLR family member X1-like, transcript variant X3","liver"
"LOC115121021",196.148426418184,0.0637400491087084,0.0913975550929053,0.292805355335566,0.588604086000291,"cytochrome c oxidase subunit 5B, mitochondrial-like","liver"
"LOC115135742",173.161468037541,0.0637396850775144,0.0770306828225664,0.284019781930452,0.581156943347651,"protein YIPF6","liver"
"LOC115105255",157.749436118434,0.0636857873158623,0.097431799184193,0.2810514227543,0.578568484417438,"heat shock 70 kDa protein 4-like","liver"
"LOC115125594",1098.08427356619,0.0635935378824939,0.0905920672920959,0.294712448233898,0.589635548521163,"40S ribosomal protein S5","liver"
"LOC115117269",468.848306190734,0.0635637844483023,0.0878651084750518,0.296402323363746,0.590091121146007,"retinoic acid receptor RXR-beta-like","liver"
"LOC115129291",90.7116833384546,0.0634694269686828,0.0891064714987834,0.296683349078286,0.590091121146007,"protein FAM199X-like, transcript variant X3","liver"
"LOC115112131",118.89014653098,0.0633371176713703,0.0690075788714651,0.263745305362979,0.561664506091693,"T-cell immunomodulatory protein-like","liver"
"hal",3043.41734694575,0.0630736262337865,0.0667032684285807,0.256842815502424,0.553910749199936,"histidine ammonia-lyase","liver"
"LOC115104330",66.116089175392,0.0630178592444538,0.0874206279374951,0.300607705358949,0.593641960776684,"nucleolar transcription factor 1-like, transcript variant X6","liver"
"LOC115145582",57.5440639839466,0.0628326132823181,0.106277397740473,0.243834709110656,0.536838563244212,"ATP-binding cassette sub-family E member 1-like","liver"
"LOC115133068",388.800765682528,0.0627744078727898,0.111822715532661,0.193025062942576,0.488373778121627,"protein ADM2-like","liver"
"LOC115117582",93.0437707605463,0.0627607937689006,0.0837200011844988,0.301296855048277,0.594139323259205,"NADH dehydrogenase [ubiquinone] 1 alpha subcomplex subunit 3-like","liver"
"LOC115119947",510.209593656016,0.0625513776553077,0.0934483329348992,0.298925183837831,0.591752816572608,"methionine synthase reductase-like, transcript variant X5","liver"
"LOC115111637",69.1375746109194,0.0624717476893708,0.0852030185009454,0.30440780025517,0.597110690743404,"MOB kinase activator 1A","liver"
"LOC115107552",206.372321948231,0.0623912546469801,0.10302518122114,0.267530798019133,0.563542910969502,"protein disulfide-isomerase A6-like","liver"
"LOC115113644",108.777314117835,0.0623795326725071,0.0715301112344276,0.279679061886461,0.577796523365651,"AP-1 complex subunit gamma-1, transcript variant X3","liver"
"ddx24",205.040905465891,0.062254377567948,0.0831645520539992,0.304741243119472,0.597110690743404,"DEAD-box helicase 24","liver"
"LOC115124347",87.3967495712937,0.0621393455747527,0.0884870613921131,0.307119841052094,0.598746474685021,"caprin-1-like","liver"
"LOC115108158",972.743376099592,0.0621033820161601,0.0936910994671383,0.301937598265385,0.594714532960469,"growth arrest and DNA damage-inducible protein GADD45 beta-like","liver"
"LOC115103751",90.2932688462489,0.062054517519536,0.0995162394721307,0.286213381831217,0.583021643712864,"fucolectin-1-like","liver"
"LOC115105347",72.1209272937253,0.0620523800219447,0.09850738882513,0.289897486747508,0.584961463357843,"40S ribosomal protein S3-like","liver"
"nfatc2ip",207.187856221248,0.0619856546251685,0.112781885552928,0.186588797879237,0.481720804515534,"nuclear factor of activated T cells 2 interacting protein, transcript variant X2","liver"
"wdr83os",126.336062371794,0.0618771008749761,0.103742490066301,0.267351376185214,0.563456157875353,"WD repeat domain 83 opposite strand","liver"
"LOC115123566",143.833569123039,0.0617354109476231,0.115201268640058,0.154161031782373,0.444006832320837,"ferritin, middle subunit-like","liver"
"LOC115101021",267.963628278492,0.0617285803430375,0.0840730574847011,0.30954172392906,0.600632855049678,"cytochrome c oxidase subunit 5B, mitochondrial-like","liver"
"LOC115106825",85.7652485908404,0.0616541577975917,0.0930082225100212,0.306565629848716,0.598735748568934,"CD166 antigen homolog","liver"
"LOC115143384",58.4532779230158,0.061640558724342,0.0727832262834715,0.289274748880669,0.583993995263798,"CXXC-type zinc finger protein 1-like, transcript variant X1","liver"
"LOC115132307",58.0155156657924,0.0616295026719008,0.0802278131725265,0.306086801976402,0.598503180422,"eukaryotic translation initiation factor 4E type 3-like","liver"
"LOC115115533",61.1822043216739,0.0616258474347559,0.086137841323747,0.311273031375911,0.601817480450145,"myomegalin-like, transcript variant X4","liver"
"LOC115139701",131.502322699922,0.0615674009030484,0.104650732433417,0.264166896049425,0.561930173304232,"transmembrane emp24 domain-containing protein 7-like, transcript variant X3","liver"
"cryl1",69.1002207426961,0.0615293226455562,0.108443070432766,0.235938052667071,0.529853169515691,"crystallin lambda 1","liver"
"LOC115108385",410.555972650859,0.0615267197163543,0.118392382898244,0.0992150484585204,0.371350355846583,"MAP kinase-interacting serine/threonine-protein kinase 2-like, transcript variant X1","liver"
"LOC115143174",80.8883605309104,0.0615121644310416,0.0853377650650414,0.311918418347811,0.601817480450145,"signal transducer and activator of transcription 1-alpha/beta-like, transcript variant X1","liver"
"LOC115128583",106.317699107614,0.0614288687682865,0.0842279722449955,0.311990654169614,0.601817480450145,"28S ribosomal protein S18b, mitochondrial-like","liver"
"tfb2m",83.649132847139,0.0614115429479558,0.0842333018578257,0.3121300671422,0.601817480450145,"transcription factor B2, mitochondrial, transcript variant X1","liver"
"cited2",62.0224776560916,0.0613738084432684,0.116153457934317,0.140851932766106,0.428662337025698,"Cbp/p300 interacting transactivator with Glu/Asp rich carboxy-terminal domain 2","liver"
"LOC115120914",147.980936103419,0.0613058167599286,0.0809052874289065,0.309600006982182,0.600632855049678,"ras-related protein rab7-like, transcript variant X2","liver"
"LOC115146050",283.562602790567,0.0612996240642912,0.0993416241096758,0.292671742885981,0.588604086000291,"NF-kappa-B inhibitor alpha-like","liver"
"aldh16a1",188.32805935262,0.0612644681680549,0.0913663673919247,0.311825485099842,0.601817480450145,"aldehyde dehydrogenase 16 family member A1","liver"
"ubxn8",76.2815551190261,0.0611276456456108,0.10616862115824,0.257162027304676,0.554305882228376,"UBX domain protein 8","liver"
"LOC115110416",249.018619341792,0.0610765195345492,0.0898323033187926,0.314699452374627,0.602661842209239,"MOB-like protein phocein, transcript variant X4","liver"
"LOC115105110",93.9381020870915,0.0610579239574377,0.0843680094307323,0.314998630914054,0.602661842209239,"rho GTPase-activating protein 12-like, transcript variant X1","liver"
"LOC115142750",62.9220886344302,0.0608677797322477,0.0791314071735314,0.310315566285456,0.601734656603006,"ubiquitin-conjugating enzyme E2 R2-like","liver"
"LOC115105768",164.453789079297,0.0608625732272097,0.11153460302405,0.209314480011495,0.507534693948158,"galectin-9-like, transcript variant X2","liver"
"LOC115132762",81.720426715795,0.0608432366755214,0.117186024384337,0.125533583243752,0.408851159107954,"ictacalcin-like","liver"
"LOC115143144",158.1358237176,0.0608297231698615,0.101125186896455,0.288883236293069,0.583993995263798,"inositol hexakisphosphate kinase 2-like","liver"
"LOC115135866",164.954201607663,0.0608251992130711,0.0976140645472967,0.302318084468619,0.594714532960469,"non-histone chromosomal protein HMG-14-like","liver"
"LOC115103870",6056.52899654362,0.0608061460616891,0.100066342968977,0.293646321360554,0.589316792646783,"beta-2-glycoprotein 1-like","liver"
"LOC115146438",279.869882992035,0.0607220410456741,0.0998316012900526,0.295251755282555,0.589635548521163,"heme-binding protein 1-like","liver"
"LOC115128742",558.545035587418,0.060701250658494,0.0774560607747982,0.308459141948536,0.600133395027319,"alpha-1,3-mannosyl-glycoprotein 2-beta-N-acetylglucosaminyltransferase-like, transcript variant X1","liver"
"LOC115138085",290.375244129282,0.0606265579106879,0.111755449591003,0.208372508598298,0.507083282246149,"inter-alpha-trypsin inhibitor heavy chain H3-like","liver"
"imp4",60.6053245073539,0.0606206175147647,0.0895853692186267,0.318467348206271,0.604704843863596,"IMP U3 small nucleolar ribonucleoprotein 4, transcript variant X2","liver"
"LOC115113103",200.367386985511,0.0606178253811688,0.0796136018703049,0.313112300582906,0.602462265574022,"voltage-dependent anion-selective channel protein 2-like","liver"
"LOC115102695",316.257014574149,0.0605416328575216,0.0847939585318673,0.319333130851477,0.604704843863596,"myosin light polypeptide 6, transcript variant X3","liver"
"atp5me",451.306420351935,0.060425174107444,0.0994955317348358,0.298896709340293,0.591752816572608,"ATP synthase membrane subunit e","liver"
"agt",6424.07048521879,0.0603652727083608,0.0823025139990729,0.318759736049004,0.604704843863596,"angiotensinogen","liver"
"LOC115133484",72.9254622088705,0.0603437967385199,0.0827023420037099,0.3193406794681,0.604704843863596,"RNA-binding protein 4B-like, transcript variant X1","liver"
"mtor",1169.24620163797,0.0603121774065695,0.118084797899969,0.110992484492584,0.390341127516629,"mechanistic target of rapamycin kinase, transcript variant X2","liver"
"rbis",190.725565765341,0.0601803926980227,0.0991083572801987,0.302290379116566,0.594714532960469,"ribosomal biogenesis factor","liver"
"LOC115135956",65.0132106205118,0.0601720207990891,0.110912924982993,0.221270181947819,0.515959531818827,"monocarboxylate transporter 1-like","liver"
"LOC115123532",65.9885724092747,0.0600159529263399,0.10090773385012,0.296230211355418,0.590091121146007,"ATP-binding cassette sub-family E member 1","liver"
"LOC115129409",1906.61342156159,0.0599721355002515,0.0752785113068593,0.309333224084698,0.600632855049678,"coagulation factor IX-like","liver"
"gspt1",218.53204346286,0.0599646931910179,0.0918088316520862,0.321592635121662,0.606576390909716,"G1 to S phase transition 1, transcript variant X1","liver"
"LOC115136083",102.856755322254,0.0599009405708492,0.0933607653730316,0.319808366087337,0.604704843863596,"tubulin-specific chaperone cofactor E-like protein, transcript variant X2","liver"
"LOC115135550",131.307075341509,0.0598663390054003,0.0934919098488085,0.319858597490165,0.604704843863596,"eukaryotic translation initiation factor 1A, X-chromosomal-like","liver"
"LOC115104665",129.495218956378,0.059738773542445,0.104261627132403,0.280623143854618,0.578133197945517,"nucleolar protein 16-like","liver"
"LOC115120579",28540.6279483836,0.059662766379349,0.109270009208365,0.242060502512745,0.536838563244212,"beta-microseminoprotein-like","liver"
"LOC115123776",58.858785399725,0.0596265664056116,0.104390602598316,0.280698135116334,0.578133197945517,"BCL2/adenovirus E1B 19 kDa protein-interacting protein 3-like","liver"
"LOC115105397",59.3424381517911,0.0595318814129617,0.100495914992651,0.301875897576888,0.594714532960469,"complement component 1 Q subcomponent-binding protein, mitochondrial-like, transcript variant X2","liver"
"LOC115113692",89.8567198689221,0.0595042125247455,0.110633883146052,0.229211577540634,0.524279680165894,"CD81 antigen-like","liver"
"LOC115139797",14100.818085458,0.0594836486085052,0.0700294031663838,0.297561030338604,0.590773872216341,"alpha-1-antitrypsin-like, transcript variant X2","liver"
"LOC115121105",30661.0139628788,0.0594763099623822,0.115042495537034,0.170645726239002,0.464553299943853,"metalloproteinase inhibitor 2-like","liver"
"LOC115141088",236.55432712273,0.05942246280528,0.0665165937426291,0.284629791556821,0.581820978127182,"ubiquilin-4-like","liver"
"LOC115120150",155.317984740523,0.0594145026785674,0.0850342860682161,0.328506607438888,0.613285735480822,"vesicle-associated membrane protein-associated protein A-like","liver"
"LOC115120972",63.5888047932608,0.0593936318564896,0.0776934057689265,0.319463222933718,0.604704843863596,"beta-centractin-like","liver"
"LOC115129560",2085.44336073951,0.0593586697932069,0.0997262357644513,0.306447716864323,0.598735748568934,"dihydropteridine reductase-like","liver"
"slc8b1",136.206975655152,0.0593460722812297,0.117179740727651,0.133820830928625,0.419579774511597,"solute carrier family 8 member B1, transcript variant X3","liver"
"LOC115129650",239.607511289562,0.0593450867613156,0.0886980394816708,0.329164804527343,0.613285735480822,"kynureninase-like","liver"
"LOC115129178",68.8316997821497,0.059333769966418,0.0866998992397203,0.32960392579481,0.613285735480822,"polyadenylate-binding protein-interacting protein 2-like","liver"
"mpc2",200.152371770298,0.059332626758695,0.091539935421324,0.327005840174687,0.611979627914037,"mitochondrial pyruvate carrier 2","liver"
"rpl7l1",120.019822792904,0.0593185107261787,0.101351674891057,0.29972243527004,0.592755286831967,"ribosomal protein L7 like 1","liver"
"ankrd28",62.8168354532501,0.0592379210371682,0.0960554682211634,0.319378480606455,0.604704843863596,"ankyrin repeat domain 28","liver"
"LOC115108729",182.034175973585,0.0591702704592398,0.114050011188524,0.187982988148766,0.483018160085824,"midnolin-like","liver"
"gsr",85.5724593544543,0.059065049636767,0.111725635478954,0.219885488458229,0.515088075261921,"glutathione-disulfide reductase","liver"
"bcap31",319.141462932714,0.0589670290633879,0.0670104718767015,0.290365361916227,0.585326021350416,"B cell receptor associated protein 31","liver"
"LOC115111722",145.346096119792,0.0588988413980052,0.0831244747707145,0.331422014796925,0.614313839159739,"dynein light chain 1, cytoplasmic","liver"
"LOC115140062",669.388011694777,0.0588924772981216,0.10619641924254,0.274130159313216,0.571050078285483,"protein transport protein Sec61 subunit alpha-like, transcript variant X2","liver"
"LOC115109492",207.226579688306,0.0588804847489923,0.0823277438512908,0.330799196297212,0.613717580385724,"26S proteasome non-ATPase regulatory subunit 7-like","liver"
"LOC115107922",245.362888466808,0.0588700012576997,0.0923396030713727,0.329725040253708,0.613285735480822,"26S proteasome regulatory subunit 10B-like","liver"
"LOC115105060",353.107467139929,0.0588617911192999,0.0987674893013442,0.314075544724389,0.602661842209239,"dihydropyrimidine dehydrogenase [NADP(+)]-like","liver"
"LOC115114641",107.449559796831,0.0588187099881128,0.100165464319708,0.30899746242342,0.600632855049678,"HORMA domain-containing protein 1-like","liver"
"LOC115130284",64.696711789009,0.0587904126766554,0.101062205161397,0.305301045721249,0.597697916599333,"N-myc-interactor-like, transcript variant X1","liver"
"LOC115123136",88.9810170352149,0.0587461470804456,0.0766648653381603,0.322580885291015,0.607859583525782,"RNA-binding protein 39-like, transcript variant X2","liver"
"ncstn",208.867304090184,0.0587116169502503,0.0797028945833528,0.328683174753382,0.613285735480822,"nicastrin","liver"
"LOC115131967",234.138223213321,0.0587010510427811,0.104561114559163,0.286933615625124,0.583021643712864,"monoglyceride lipase-like","liver"
"LOC115130213",67.8443600086678,0.0586925408622852,0.0985372473849382,0.316264396586252,0.602661842209239,"transmembrane protein 14C-like","liver"
"LOC115132929",87.2307662245518,0.0586772405926171,0.101354654615764,0.304854599469338,0.597110690743404,"UHRF1-binding protein 1-like","liver"
"LOC115110301",133.166090215785,0.0586737433145894,0.0774155029205303,0.324786458702575,0.609607002720046,"ADP-ribosylation factor 2","liver"
"LOC115110104",57.3387502760164,0.05867082402874,0.103070902383258,0.296089053814263,0.590091121146007,"nuclear body protein SP140-like, transcript variant X2","liver"
"LOC115106105",155.596082985202,0.058572611079457,0.0672908428184671,0.294735361764481,0.589635548521163,"UV excision repair protein RAD23 homolog B-like","liver"
"LOC115126025",1401.93725938128,0.0585456314929363,0.0955324309789916,0.326305720416283,0.611510030992547,"60S ribosomal protein L23a-like","liver"
"LOC115113079",118.288853254313,0.0585156255179743,0.0845149630413564,0.335580839233452,0.617529345695508,"peroxiredoxin-like 2A, transcript variant X2","liver"
"gch1",88.4814406332734,0.0584355007361174,0.100207658495881,0.311925826510578,0.601817480450145,"GTP cyclohydrolase 1","liver"
"LOC115129583",282.740545070188,0.0583864827657788,0.0669539813450245,0.294909408802997,0.589635548521163,"lysosome-associated membrane glycoprotein 2-like, transcript variant X2","liver"
"LOC115105576",75.1483576649592,0.0583795635290195,0.101913470931036,0.304549916856143,0.597110690743404,"serine/threonine-protein kinase 40, transcript variant X1","liver"
"LOC115114573",125.983495468966,0.0582491844332855,0.111514940256057,0.228457186147114,0.523719817470933,"HIG1 domain family member 1A, mitochondrial-like","liver"
"LOC115140856",9022.29014492203,0.0581599257118254,0.098803072934635,0.3196611865715,0.604704843863596,"apolipoprotein Eb-like","liver"
"LOC115142878",73.9732581870121,0.0580423048667839,0.0924226180988827,0.336395219131119,0.617950638777758,"synaptophysin-like protein 1, transcript variant X2","liver"
"LOC115106855",69.9636365989627,0.0580420052271964,0.1069404035995,0.275138840654849,0.572176486994472,"serine/threonine-protein kinase pim-3-like","liver"
"LOC115132954",142.357893211912,0.0578835662534502,0.0947146734942893,0.333609495858928,0.616127007304481,"26S proteasome non-ATPase regulatory subunit 14","liver"
"LOC115134883",487.263941627929,0.0577533310670485,0.0971569891511087,0.328436688893834,0.613285735480822,"cyclin-I-like","liver"
"immt",225.371589890739,0.0573665462762423,0.0850965381560706,0.345415097724921,0.625460656742238,"inner membrane mitochondrial protein, transcript variant X2","liver"
"LOC115113136",124.882884168784,0.0573497927786374,0.121542450072246,0.0441471318834241,0.261166487020082,"echinoderm microtubule-associated protein-like 6, transcript variant X1","liver"
"LOC115111831",145.616988830966,0.0572111505508816,0.0931092656203121,0.342242686331828,0.623873519449254,"small integral membrane protein 15, transcript variant X1","liver"
"gnpnat1",74.9641412886869,0.0571686350961943,0.0925765039885465,0.343434394962123,0.624370470056028,"glucosamine-phosphate N-acetyltransferase 1","liver"
"LOC115112302",991.010115436341,0.0571577187168715,0.0949043577400295,0.339231475056271,0.620225883494352,"transcriptional repressor CTCF-like, transcript variant X3","liver"
"sparc",92.3601647622417,0.0570875215304243,0.104473356129821,0.300577706974496,0.593641960776684,"secreted protein acidic and cysteine rich","liver"
"LOC115138652",179.147790401505,0.0570206568035888,0.0809060773909321,0.344551228633699,0.624522353674211,"26S proteasome regulatory subunit 4-like","liver"
"cops6",97.1255343906484,0.0570009871921408,0.0738195804315912,0.330051677029417,0.613285735480822,"COP9 signalosome subunit 6","liver"
"LOC115140718",59.5981926867919,0.0569461881549673,0.112697680076509,0.223181859128085,0.516643694750874,"probable isoprenylcysteine alpha-carbonyl methylesterase ICMEL1","liver"
"LOC115133616",514.779618785153,0.0568940020418844,0.068122419821976,0.312063381261947,0.601817480450145,"gamma-aminobutyric acid receptor-associated protein","liver"
"LOC115132214",125.28580935054,0.0568133089219169,0.0776765863195285,0.340870668982242,0.621650490725557,"rho-related GTP-binding protein RhoA-C-like","liver"
"LOC115101331",76.3798955279564,0.0567928885378837,0.10057586316322,0.32389417124239,0.608562708451282,"mannose-P-dolichol utilization defect 1 protein-like","liver"
"LOC115129426",129.294688995245,0.0566872708600338,0.105826333389577,0.294631865425884,0.589635548521163,"LON peptidase N-terminal domain and RING finger protein 2-like","liver"
"LOC115111483",125.146246658557,0.0566536014077329,0.0744010578982206,0.334581765509257,0.616247300594547,"sarcoplasmic/endoplasmic reticulum calcium ATPase 2-like, transcript variant X1","liver"
"LOC115118439",94.3075794498797,0.05662629215143,0.0838229765513695,0.350916647161515,0.631465354488904,"Golgi phosphoprotein 3, transcript variant X2","liver"
"lgmn",951.423759026128,0.0565713204542571,0.0986787474148008,0.333304338759557,0.616121761806781,"legumain, transcript variant X2","liver"
"glb1",66.8806136486972,0.0564054518526604,0.0998958748135891,0.330033524662973,0.613285735480822,"galactosidase beta 1","liver"
"LOC115132193",108.413323355184,0.0563858792746234,0.0960050874046002,0.34308646328321,0.62401625361105,"dTDP-D-glucose 4,6-dehydratase-like","liver"
"LOC115134396",59.1534073890571,0.056375155114381,0.0798316873402293,0.348460056327618,0.628739791762449,"muscleblind-like protein 2a, transcript variant X2","liver"
"LOC115134575",231.694301832483,0.0562916151936791,0.0790116905620135,0.347816865081934,0.628135375309688,"proteasome subunit alpha type-4, transcript variant X2","liver"
"dkc1",161.758072942933,0.0562856042852103,0.0977522899375799,0.338868919141438,0.620225883494352,"dyskerin pseudouridine synthase 1","liver"
"llph",176.940655245849,0.0562510697797112,0.106041093056547,0.296667519452045,0.590091121146007,"LLP homolog, long-term synaptic facilitation factor","liver"
"rtn4ip1",433.941968639432,0.0562502520906175,0.104564290983293,0.306945746584339,0.598746474685021,"reticulon 4 interacting protein 1, transcript variant X2","liver"
"LOC115142636",2705.59945226044,0.0562288334124785,0.0722421585736705,0.332033978037163,0.615168406581581,"catalase-like, transcript variant X1","liver"
"LOC115130183",117.130546490493,0.0560028410205794,0.0990594167621493,0.336719423141658,0.617950638777758,"regulator of MON1-CCZ1 complex-like, transcript variant X1","liver"
"LOC115111733",64.3319367617917,0.0559208722797699,0.102278423364229,0.323068102393875,0.608233526723988,"prisilkin-39-like","liver"
"LOC115110120",278.790369373769,0.0557264671142333,0.103968472100219,0.31512239982532,0.602661842209239,"interleukin-2 receptor subunit beta-like, transcript variant X3","liver"
"erp44",165.212430063575,0.055678141040344,0.0907802997623169,0.3582856490101,0.63865893305983,"endoplasmic reticulum protein 44","liver"
"LOC115110379",8003.21244385279,0.0556388295125037,0.106164930088227,0.300864977841589,0.593862300088289,"microfibril-associated glycoprotein 4-like","liver"
"LOC115134105",133.778972731953,0.0556340896550339,0.103337035374372,0.319675792058251,0.604704843863596,"poly(U)-specific endoribonuclease-C-like","liver"
"LOC115103004",125.787302637122,0.0556218372255532,0.089489826953496,0.359816362722292,0.640441700635835,"proteasome subunit alpha type-7","liver"
"capn8",71.7061048928362,0.0556032768374079,0.116853901667786,0.16323460846762,0.455221463268407,"calpain 8","liver"
"LOC115131490",58.5534150331918,0.0554982711679154,0.102884579730744,0.323397751262694,0.608430541219756,"heat shock factor-binding protein 1-like","liver"
"LOC115141754",78.8400985693669,0.0554339226195885,0.107678582751941,0.290319546490906,0.585326021350416,"complement C4-like","liver"
"LOC115102959",145.88742089247,0.0554262825801902,0.0943539479064611,0.355090312306477,0.635347056144885,"RB1-inducible coiled-coil protein 1-like, transcript variant X2","liver"
"LOC115134935",86.1592891889677,0.055404262338528,0.078736983112412,0.354971744538432,0.635347056144885,"matrin-3-like","liver"
"LOC115139553",96.0431435837502,0.0553890239820971,0.0940899081186302,0.355938722292642,0.636040318359181,"protein disulfide-isomerase A6-like, transcript variant X2","liver"
"LOC115143450",283.004001428219,0.0553753418169755,0.0840754077348384,0.36180018696072,0.642849852681733,"TAR DNA-binding protein 43-like, transcript variant X1","liver"
"LOC115101168",184.868955376364,0.0553735934459291,0.0934850473381332,0.357198211721352,0.637451799902028,"ATP-dependent RNA helicase DDX54-like","liver"
"LOC115113035",293.773493709201,0.0553039090834443,0.12069697134082,0.072239698359612,0.326440144693768,"transmembrane protein 14A-like, transcript variant X1","liver"
"nfil3",95.8858015299731,0.055287812023243,0.0874873809817763,0.363466457738727,0.644440367180743,"nuclear factor, interleukin 3 regulated, transcript variant X1","liver"
"LOC115101414",204.678693242277,0.055282020124939,0.0900592836808445,0.362334577437509,0.643518839928229,"eukaryotic translation initiation factor 1A, X-chromosomal-like, transcript variant X1","liver"
"LOC115118673",20816.6467212652,0.0552543849376139,0.103565709452178,0.321574366696437,0.606576390909716,"pentraxin fusion protein-like","liver"
"LOC115139362",244.154152802438,0.0551059267337272,0.0740955410085663,0.347122611510942,0.627159470088032,"epoxide hydrolase 1-like","liver"
"LOC115104093",2009.00229147521,0.0550895707120448,0.0899894967991045,0.36405287260629,0.644884619184371,"60S ribosomal protein L19-like","liver"
"LOC115109288",185.114530806603,0.05507951763097,0.104261377292157,0.318807236574613,0.604704843863596,"carbonic anhydrase 5B, mitochondrial-like, transcript variant X2","liver"
"LOC115139174",132.763283646722,0.0550756780636343,0.0773905104174093,0.355239435955396,0.635347056144885,"AN1-type zinc finger protein 3-like, transcript variant X2","liver"
"LOC115119577",191.975414248812,0.0550187809733259,0.0818801196638169,0.36292101726808,0.643999158199693,"V-type proton ATPase subunit e 1-like","liver"
"LOC115138064",61.6297304659962,0.0550179862033449,0.0868915334449984,0.365841307206222,0.645866505192127,"insulin receptor substrate 1-B-like, transcript variant X1","liver"
"LOC115134083",93.4691611421229,0.0548605062482898,0.0796722688054991,0.361286176447197,0.642370768585617,"cytochrome b-c1 complex subunit Rieske, mitochondrial-like","liver"
"LOC115147012",327.347391899463,0.0547763026344561,0.0781024879294018,0.359269519246412,0.639747732830221,"succinyl-CoA:3-ketoacid coenzyme A transferase 1, mitochondrial-like, transcript variant X2","liver"
"LOC115105863",30016.1328527614,0.0546856842182302,0.11120247429805,0.260281463479012,0.558372234284449,"protein AMBP-like","liver"
"LOC115139898",245.785209763015,0.0545876313484882,0.102877095888421,0.331273070892683,0.614313839159739,"calcium-binding mitochondrial carrier protein SCaMC-2-A-like","liver"
"LOC115142404",82.6819429072291,0.0545493729826482,0.0931161642541803,0.364973965361245,0.645674428304008,"stromal membrane-associated protein 1-like","liver"
"cnp",155.160597005154,0.0545335548653194,0.109871741592961,0.27670908548444,0.574269975781353,"2',3'-cyclic nucleotide 3' phosphodiesterase, transcript variant X2","liver"
"LOC115130934",107.903233047979,0.0545294108068467,0.0984689918593809,0.351544946368042,0.632067578913162,"neutral alpha-glucosidase AB-like, transcript variant X1","liver"
"tmem254",388.561011740125,0.054528687282563,0.110428927091255,0.27062777496629,0.56771940852424,"transmembrane protein 254","liver"
"LOC115133659",419.857237209636,0.0543770585572791,0.102234170127716,0.336568223867413,0.617950638777758,"calcium/calmodulin-dependent protein kinase type II delta chain, transcript variant X15","liver"
"LOC115124133",74.1117232291077,0.054304873949904,0.102727129773549,0.334559957635296,0.616247300594547,"double-stranded RNA-specific adenosine deaminase-like","liver"
"utp23",64.8837093138883,0.0541493510060952,0.0796205436225553,0.367450205853289,0.647005597349035,"UTP23 small subunit processome component","liver"
"LOC115138544",1855.93492334353,0.0541422291924669,0.0795322950877664,0.367371137412913,0.647005597349035,"protein Z-dependent protease inhibitor-like","liver"
"LOC115126487",95.6784012688061,0.0540569656778733,0.0772991777052583,0.364008115836845,0.644884619184371,"septin-2B, transcript variant X1","liver"
"scrn3",1079.56242963694,0.053976263078696,0.0670180521178595,0.333147880964429,0.616121761806781,"secernin 3","liver"
"c9",4690.58351396752,0.0539356215463111,0.104979903686161,0.323989469415918,0.608562708451282,"complement C9","liver"
"LOC115112086",59.8301593793007,0.0538815710477188,0.0846547797656551,0.375195206932394,0.655029417315574,"mitochondrial carrier homolog 2-like","liver"
"LOC115137016",305.934312595837,0.0537933989270793,0.0806212061663647,0.372097239863166,0.652611165956224,"delta-like protein C","liver"
"LOC115136367",87.5911599231164,0.0536212485443099,0.0829723203779071,0.376311067570942,0.656319319407952,"guanine nucleotide-binding protein G(I)/G(S)/G(T) subunit beta-1-like","liver"
"LOC115128364",183.172519285309,0.0535789302662634,0.108427471772683,0.299384298303989,0.592373980527698,"C-type lectin domain family 4 member M-like","liver"
"LOC115133589",82.173435629971,0.0535527693075146,0.107858214892427,0.304829392746221,0.597110690743404,"extensin-like, transcript variant X1","liver"
"LOC115140086",60.3129272067519,0.053547533573735,0.0911594904798909,0.376465792143227,0.656319319407952,"MOB kinase activator 1A","liver"
"LOC115109980",77.398936924789,0.0534762803437806,0.088856891262172,0.378903488673353,0.658661272964502,"protein arginine N-methyltransferase 1, transcript variant X2","liver"
"aifm1",62.1514600687595,0.0533246094276482,0.0889389303548084,0.380209963355252,0.659608891016053,"apoptosis inducing factor mitochondria associated 1, transcript variant X1","liver"
"LOC115115645",2289.24467946827,0.0532382601153148,0.101814787740158,0.348740897760755,0.628953800290015,"complement C3-like","liver"
"LOC115141291",87.1143828302601,0.0532287929597015,0.103325860352328,0.340647807235694,0.621522140686074,"pre-rRNA-processing protein TSR1 homolog","liver"
"LOC115110448",175.651196380959,0.0531951879406734,0.0876979318258059,0.3817948954771,0.661366763265898,"choline transporter-like protein 2, transcript variant X1","liver"
"LOC115111724",150.049753389498,0.0531932364429737,0.104033628274345,0.336698915644697,0.617950638777758,"voltage-dependent anion-selective channel protein 2-like, transcript variant X3","liver"
"LOC115135398",102.23150915467,0.053183568890278,0.0791347177071185,0.375243790341478,0.655029417315574,"coatomer subunit delta-like","liver"
"LOC115134394",241.98893001026,0.0531701905334039,0.0926430707990569,0.377882984083336,0.65792102933463,"microtubule-associated proteins 1A/1B light chain 3B-like","liver"
"LOC115133504",234.10705133963,0.0530835078411581,0.0973281763725953,0.36805005385376,0.647463107254176,"dedicator of cytokinesis protein 11-like","liver"
"LOC115146268",62.0427809232408,0.0530103536362345,0.104650182235399,0.334365646036956,0.616247300594547,"signal recognition particle 14 kDa protein-like","liver"
"LOC115145280",223.288670764394,0.0529018445488697,0.0956731230769162,0.374258432075911,0.654430445792112,"60S ribosomal protein L36","liver"
"LOC115130629",81.2510806467127,0.0528877208289735,0.0847190359780411,0.384072200532071,0.66181330070431,"transmembrane 9 superfamily member 2-like, transcript variant X1","liver"
"LOC115109525",364.76567757964,0.0528150965999252,0.0799944357537545,0.379931570018243,0.659608891016053,"calcium and integrin-binding protein 1-like","liver"
"LOC115104015",122.63831855071,0.0527686951749813,0.110240964630793,0.287789125125203,0.583886746645261,"cathepsin D-like","liver"
"LOC115129187",87.4035527861249,0.0527267356802429,0.0831855490885813,0.384488405087161,0.66181330070431,"vesicular integral-membrane protein VIP36-like, transcript variant X2","liver"
"LOC115140304",681.877750772856,0.0527175996903055,0.0922130926646732,0.382553555201507,0.6616067391248,"60S ribosomal protein L37-like","liver"
"usp24",72.7608289598283,0.0525020799032587,0.0800450339790572,0.382832985729441,0.6616067391248,"ubiquitin specific peptidase 24, transcript variant X1","liver"
"shmt2",873.423917459377,0.0524997102783182,0.101199488929103,0.358344695757564,0.63865893305983,"serine hydroxymethyltransferase 2, transcript variant X1","liver"
"LOC115136845",91.8205323787285,0.0524160353971007,0.092634851606718,0.384650566577161,0.66181330070431,"DCN1-like protein 5, transcript variant X5","liver"
"LOC115127642",126.239346903355,0.0523871735873412,0.104996941879439,0.337610623199401,0.619209648745586,"lysozyme C II","liver"
"LOC115131669",80.995625173804,0.0523273310701556,0.105439467004158,0.33505561617985,0.616841324096237,"adenylate kinase 2, mitochondrial-like, transcript variant X2","liver"
"LOC115120412",271.441814719146,0.0522707939513564,0.0918035620798295,0.387119433974162,0.663069184036201,"RPE-retinal G protein-coupled receptor-like, transcript variant X3","liver"
"fahd1",222.011165407918,0.052190638856755,0.0908611779596166,0.388920603781914,0.665228863203979,"fumarylacetoacetate hydrolase domain containing 1","liver"
"LOC115146196",118.947245365646,0.0521634754302876,0.0934823075012635,0.385538526991513,0.66277343806359,"60 kDa lysophospholipase-like, transcript variant X3","liver"
"LOC115136811",61.1540122963309,0.0521505114293155,0.109893895728938,0.297072370115703,0.590091121146007,"prothymosin alpha-like","liver"
"mrps34",94.6843625583684,0.0521151517964387,0.0928915385668409,0.386968026386981,0.663069184036201,"mitochondrial ribosomal protein S34","liver"
"LOC115119774",102.314389728995,0.0521118974257631,0.0893588922170161,0.390852171055795,0.667132935185687,"golgin subfamily A member 2-like, transcript variant X2","liver"
"LOC115106814",253.537298469847,0.052029150531974,0.0940467156809166,0.385706535804383,0.66277343806359,"fatty aldehyde dehydrogenase-like, transcript variant X2","liver"
"LOC115107606",92.4558105707406,0.0520239379088545,0.0823210820574926,0.390039016877039,0.666303031345687,"proteasome subunit alpha type-6-like","liver"
"LOC115105469",99.3640711762075,0.0519617655425512,0.0940585086528773,0.386294455095966,0.66277343806359,"derlin-2","liver"
"LOC115142480",148.35421809103,0.0518345624170152,0.0639488054496921,0.339328685032484,0.620225883494352,"EVI5-like protein, transcript variant X1","liver"
"LOC115131689",108.691157211282,0.0518292494570646,0.0804800030687667,0.389579500222863,0.666076360280365,"adenylyl cyclase-associated protein 1-like, transcript variant X1","liver"
"LOC115138127",149.889211947776,0.0515851798761912,0.113482593501425,0.25507443845797,0.552142013358834,"perilipin-2-like, transcript variant X2","liver"
"LOC115130741",74.1660554125943,0.0514111642132417,0.0832385404324173,0.396475326853379,0.672786607932711,"beta-1,4-galactosyltransferase 1-like","liver"
"LOC115133433",1020.46428281843,0.0514049767975698,0.0973781100848129,0.383069652682661,0.6616067391248,"thioredoxin-like","liver"
"htatsf1",86.4770483413275,0.0513865584790173,0.0891180238072563,0.39758976358733,0.673836123235741,"HIV-1 Tat specific factor 1, transcript variant X2","liver"
"LOC115122257",217.774597673191,0.0513773502373923,0.09907134346136,0.377539126935997,0.65762798350048,"intracellular hyaluronan-binding protein 4-like","liver"
"rab5if",143.983781780033,0.0513696813731294,0.0859003271642029,0.39825239835806,0.674609000399479,"RAB5 interacting factor","liver"
"LOC115142866",388.891011861757,0.0513210166100328,0.106310043667144,0.337709285859038,0.619209648745586,"eukaryotic translation initiation factor 2 subunit 2-like","liver"
"apof",790.426836498376,0.05131956631146,0.0948588945209905,0.390487182491708,0.666789172951906,"apolipoprotein F","liver"
"cog7",66.1123801418628,0.0512638869705866,0.0759462428985703,0.386346832394281,0.66277343806359,"component of oligomeric golgi complex 7","liver"
"LOC115110711",206.751924481466,0.0510043389734956,0.098503052508334,0.383036664432768,0.6616067391248,"hepatic leukemia factor-like","liver"
"LOC115136656",126.85856276669,0.0509964870184379,0.0857957980126972,0.401652718029213,0.677062232707639,"sialate O-acetylesterase-like","liver"
"LOC115110494",230.912601452883,0.0509960474318049,0.0835298664736161,0.400518701724614,0.67626935717876,"WW domain-binding protein 2-like","liver"
"LOC115133390",2113.7381769045,0.050981525113177,0.110983802191675,0.294974873073566,0.589635548521163,"purine nucleoside phosphorylase-like","liver"
"LOC115123596",111.102953966735,0.0509643791179908,0.0880553525968261,0.401907904833055,0.677212327449166,"bromodomain-containing protein 3-like, transcript variant X1","liver"
"LOC115120140",383.202624803862,0.0508987354475245,0.0899396440862775,0.401522591910327,0.677062232707639,"transmembrane 6 superfamily member 2-like","liver"
"LOC115143480",100.651784887343,0.0508863356218216,0.0795771071703615,0.396904357038317,0.672954309188096,"F-actin-capping protein subunit alpha-1","liver"
"LOC115109651",66.237168608648,0.0508427267386295,0.106095633518022,0.343762396399457,0.624522353674211,"TBC1 domain family member 15-like","liver"
"plcg1",79.6952959468166,0.0508406907613438,0.068797321474982,0.368859640006913,0.648607373886185,"phospholipase C gamma 1, transcript variant X2","liver"
"LOC115109231",75.2855362359894,0.0508110191184331,0.0980662406971505,0.386321500995645,0.66277343806359,"mitochondrial import inner membrane translocase subunit Tim13","liver"
"LOC115105002",624.150903269267,0.0508108564427145,0.11028273006877,0.304796572066733,0.597110690743404,"protein disulfide-isomerase A4-like","liver"
"LOC115143072",133.096964008715,0.0507847840063251,0.092649440536526,0.399497421713538,0.67566451904746,"SAP domain-containing ribonucleoprotein-like, transcript variant X2","liver"
"LOC115109573",88.1839485193936,0.0506788026345008,0.102283553825005,0.369593186287705,0.649617001857993,"protein C19orf12 homolog","liver"
"LOC115137149",190.070280741728,0.0506447195823649,0.0909437766313046,0.402961333340421,0.677474617813841,"RNA-binding protein FUS-like, transcript variant X3","liver"
"LOC115137274",545.537793469347,0.0505782329628452,0.109440480894353,0.316153564837945,0.602661842209239,"ecto-ADP-ribosyltransferase 4-like, transcript variant X1","liver"
"LOC115113472",152.684985971897,0.0505753533204149,0.0833701838492211,0.404284155539124,0.678132599990729,"oxysterols receptor LXR-alpha-like, transcript variant X2","liver"
"slc2a8",132.804205644042,0.0505187239542192,0.10011787979103,0.38130238933822,0.661075516351589,"solute carrier family 2 member 8, transcript variant X1","liver"
"LOC115113376",128.295661100029,0.0504453488334859,0.0856819138258213,0.406714225771484,0.680234863076916,"transmembrane 9 superfamily member 3-like","liver"
"LOC115145617",363.944683056,0.0504191889427288,0.0732216363473732,0.387235600001407,0.663069184036201,"high mobility group protein B2-like, transcript variant X2","liver"
"LOC115118793",124.414704089861,0.0503889540153205,0.0943299065066597,0.400186329088822,0.675988179596368,"transmembrane emp24 domain-containing protein 2-like","liver"
"LOC115143332",9939.13930372918,0.0503575504651335,0.104631482528649,0.358685195991813,0.638986389363038,"inter-alpha-trypsin inhibitor heavy chain H3-like","liver"
"LOC115134943",72.7042264991511,0.0503378956592539,0.11008143563758,0.311412978189415,0.601817480450145,"charged multivesicular body protein 4b","liver"
"LOC115104315",93.2294109252895,0.0502860327482838,0.106427115032839,0.346369288714338,0.626631700310538,"forkhead box protein K2-like, transcript variant X2","liver"
"rgn",78.9959638026329,0.050265757779429,0.108654280117927,0.327009722668492,0.611979627914037,"regucalcin, transcript variant X2","liver"
"gpnmb",170.40484021809,0.0501986791190663,0.119921799409163,0.119984597429831,0.401425114690011,"glycoprotein nmb","liver"
"LOC115118566",65.4111706461169,0.0501677639589025,0.106510746107296,0.346814227644537,0.627158292759154,"zinc finger protein 665-like, transcript variant X2","liver"
"LOC115132366",197.977165647914,0.0501174316630883,0.0882390242047944,0.409686815996493,0.683763649741703,"ras-related protein Rap-1A-like, transcript variant X2","liver"
"LOC115123229",83.2351355774517,0.0500823557102487,0.0898501123955081,0.409147517220318,0.683477573848367,"endothelial differentiation-related factor 1 homolog, transcript variant X2","liver"
"LOC115137942",7634.90013679998,0.0500060270051591,0.094786548584589,0.402791542171211,0.677474617813841,"purine nucleoside phosphorylase-like","liver"
"LOC115131613",1203.59194101517,0.0500045820149066,0.0936791935953388,0.405015740095791,0.679080278334201,"BOLA class I histocompatibility antigen, alpha chain BL3-7-like, transcript variant X2","liver"
"LOC115101099",268.893994086477,0.0498960018761629,0.0984798218627781,0.393423435174885,0.668957032730998,"ribosome biogenesis protein NSA2 homolog","liver"
"LOC115124764",61.8707599584017,0.0498521521264281,0.0912854771587008,0.409954509418051,0.683763649741703,"integral membrane protein DGCR2/IDD-like, transcript variant X6","liver"
"LOC115106206",648.983707817007,0.049788877922151,0.117499459322583,0.190931564837253,0.486229707127124,"C-reactive protein-like","liver"
"LOC115143979",720.559842232744,0.0496782192594847,0.108213969434342,0.336718989874331,0.617950638777758,"glucose-6-phosphatase-like","liver"
"LOC115131437",723.6308112656,0.0496615464884746,0.0972262356094672,0.399709237316207,0.675742368851457,"60S ribosomal protein L15-like","liver"
"LOC115139652",134.142987152525,0.0496031406364271,0.0777738179162635,0.405750924761941,0.679349773417028,"proteasome subunit alpha type-6","liver"
"LOC115101889",433.897330527425,0.0496014297003876,0.116934981825717,0.205975100856016,0.50423694359707,"apolipoprotein C-II-like","liver"
"LOC115124220",117.39096235396,0.0495155381107898,0.0879624854670953,0.415395145413525,0.689393571948505,"HBS1-like protein","liver"
"LOC115113683",190.346031905498,0.0494892448346995,0.109832274897917,0.322087989606929,0.60722971583619,"COX assembly mitochondrial protein 2 homolog, transcript variant X1","liver"
"LOC115102194",84.5624573610561,0.0494394603723738,0.0916032326440302,0.413448766471683,0.687282696630742,"acetyl-coenzyme A synthetase, cytoplasmic-like, transcript variant X2","liver"
"LOC115146375",123.988803671308,0.0494374112184762,0.113362034980137,0.27604508681897,0.57347592959945,"saccharopine dehydrogenase-like oxidoreductase","liver"
"c8a",789.957807261447,0.0493680441936804,0.0881056783817901,0.41673953150231,0.690864604089969,"complement C8 alpha chain","liver"
"LOC115133030",2022.57119044918,0.0493418802515512,0.0855758967605203,0.41699470375467,0.69092293191221,"phenylalanine-4-hydroxylase-like","liver"
"LOC115136789",121.898477144521,0.0492899959018791,0.109752088708405,0.324844555914607,0.609607002720046,"claudin-3-like","liver"
"LOC115136031",562.997999390176,0.0492472680086517,0.102537048300732,0.381695137718879,0.661366763265898,"hypoxia up-regulated protein 1-like","liver"
"LOC115138501",65.1408523928193,0.049029319592381,0.084232942046784,0.419355302281179,0.69146125084874,"dihydrolipoyllysine-residue succinyltransferase component of 2-oxoglutarate dehydrogenase complex, mitochondrial-like, transcript variant X1","liver"
"LOC115145573",241.842960771769,0.0490242799063463,0.0875803110735164,0.42010585530191,0.691859178266904,"ELMO domain-containing protein 2-like, transcript variant X1","liver"
"cgnl1",61.1753160834621,0.04896975294599,0.104372490212306,0.373498463350658,0.653943185832166,"cingulin like 1","liver"
"LOC115144942",123.016051364088,0.0489605409680427,0.0993751803521132,0.398961468617249,0.675038167739272,"uncharacterized protein C1orf21 homolog","liver"
"lmf2",5614.65437015303,0.0489469781232231,0.110393287682668,0.320880730163853,0.605794282606699,"lipase maturation factor 2","liver"
"LOC115133081",662.342568806142,0.0489416431242159,0.103538009120412,0.378940305471481,0.658661272964502,"inter-alpha-trypsin inhibitor heavy chain H2-like","liver"
"LOC115140841",80.0888342794507,0.0489363564533458,0.083352522649504,0.419635877201077,0.691644090364574,"probable ATP-dependent RNA helicase ddx6, transcript variant X2","liver"
"sesn1",256.716176764189,0.048819814260502,0.116641229427341,0.219296895535733,0.514938140304512,"sestrin 1, transcript variant X1","liver"
"LOC115139940",85.8747242057332,0.0487957750476068,0.0876645013983514,0.422251991782608,0.693432360397224,"proliferation-associated protein 2G4-like","liver"
"LOC115111267",86.0850208372252,0.0487767679949926,0.0920619347606542,0.419118085054221,0.69146125084874,"transmembrane emp24 domain-containing protein 7-like","liver"
"LOC115136213",132.564936380694,0.048767014468118,0.101081793324896,0.393562061945273,0.668957032730998,"heat shock 70 kDa protein 4-like","liver"
"ogfod3",94.0052808365268,0.0487129979740209,0.105547843436996,0.367922588245587,0.647463107254176,"2-oxoglutarate and iron dependent oxygenase domain containing 3","liver"
"LOC115113313",708.776259178033,0.0486189051067199,0.115975201236603,0.235675101273526,0.529846504573023,"nuclear receptor coactivator 4-like, transcript variant X1","liver"
"LOC115139628",384.327337105284,0.0486167568600182,0.0795999494747276,0.418300467666911,0.69146125084874,"forkhead box protein A2-like","liver"
"LOC115107605",177.802964858687,0.0485106638883962,0.112453757188523,0.298345702995139,0.591734956591156,"NF-kappa-B inhibitor alpha-like","liver"
"LOC115134965",155.811344031008,0.0484186092205084,0.0888319550583024,0.425437275384358,0.696418608219535,"annexin A11-like, transcript variant X1","liver"
"pold4",59.9957431204787,0.0483737604707328,0.107830157893565,0.352706172472202,0.633038467193614,"DNA polymerase delta 4, accessory subunit","liver"
"fuca2",153.460915096003,0.0483564539937583,0.100278604491974,0.401072076620456,0.676923306130426,"alpha-L-fucosidase 2","liver"
"LOC115115054",1884.30697474686,0.0482780301084784,0.0834100192350551,0.425948039430683,0.696588509174171,"ganglioside GM2 activator-like, transcript variant X3","liver"
"LOC115115336",124.640854941056,0.0481966626928673,0.0712868348693892,0.402738461816355,0.677474617813841,"succinate dehydrogenase cytochrome b560 subunit, mitochondrial-like, transcript variant X1","liver"
"LOC115146300",282.436034075417,0.048145669689561,0.0944971184213598,0.421000397382533,0.692213642489393,"microsomal glutathione S-transferase 3-like","liver"
"LOC115132306",64.4026318745514,0.0481390604719553,0.0963052528923865,0.416790005264287,0.690864604089969,"forkhead box protein P1-B-like, transcript variant X3","liver"
"LOC115102666",187.51856842684,0.0479841245381713,0.0897547955553163,0.429033060055722,0.697735722521961,"signal transducer and activator of transcription 6-like, transcript variant X1","liver"
"LOC115144542",80.4961864342168,0.047965129783638,0.110162268293608,0.332971848610918,0.616121761806781,"glucose-6-phosphatase-like","liver"
"LOC115135292",154.559007851168,0.0478093774291174,0.111810576807999,0.314024254608411,0.602661842209239,"lysophosphatidylserine lipase ABHD12-like, transcript variant X2","liver"
"LOC115110751",222.089727561077,0.047755518289984,0.0946540958751395,0.424420420178246,0.695405793425631,"serine/threonine-protein phosphatase alpha-2 isoform-like, transcript variant X1","liver"
"LOC115142607",206.274107848292,0.0477030898005169,0.0898443654325949,0.431664582391119,0.699032514035041,"testis-expressed protein 2-like, transcript variant X2","liver"
"LOC115117748",161.567543620802,0.0474766287242777,0.079754334415571,0.42951740344011,0.697735722521961,"coatomer subunit gamma-2-like","liver"
"LOC115108489",92.4874925054459,0.0474756521509766,0.108591488142335,0.354322025516041,0.635099637644408,"dimethylaniline monooxygenase [N-oxide-forming] 5-like, transcript variant X5","liver"
"LOC115114723",2878.46326221188,0.0474394016876768,0.0898980407108508,0.434163949933343,0.700852380169627,"elongation factor 2-like","liver"
"LOC115129532",233.681051856222,0.0474213171123269,0.0914523078348426,0.432851673762519,0.699899417378417,"calnexin-like, transcript variant X3","liver"
"LOC115137326",1606.42043049338,0.0474184783277752,0.0781880347401951,0.427486045376366,0.697531273400348,"cytochrome P450 4V2-like","liver"
"gns",68.7866287490622,0.0473824424059128,0.0955478769199903,0.426008128243337,0.696588509174171,"glucosamine (N-acetyl)-6-sulfatase","liver"
"mphosph8",70.5857209422245,0.0473532499574062,0.090023041623741,0.4348994615022,0.701463229136502,"M-phase phosphoprotein 8, transcript variant X1","liver"
"LOC115130242",151.6363044447,0.0473081685791655,0.0942968465135554,0.429476336690604,0.697735722521961,"isocitrate dehydrogenase [NADP] cytoplasmic-like, transcript variant X2","liver"
"LOC115124230",67.2329166071066,0.0471686521519674,0.0983944961568653,0.419815510210583,0.691660476806118,"serine-rich adhesin for platelets-like, transcript variant X5","liver"
"LOC115134968",340.742713309236,0.047162984322956,0.0997927213809463,0.414660366081617,0.688454440793757,"eukaryotic translation initiation factor 2 subunit 2-like","liver"
"txndc17",85.2868292580593,0.0470777105243199,0.0874195539551539,0.438760547129671,0.705756902170694,"thioredoxin domain containing 17","liver"
"LOC115134345",10115.0353517504,0.0470121979217671,0.102581604644275,0.403093359604471,0.677474617813841,"tyrosine aminotransferase-like, transcript variant X1","liver"
"LOC115139899",171.465015684833,0.0469896492448696,0.0805849863537957,0.435432034431427,0.701787652171806,"protein SET-like","liver"
"LOC115134178",115.549471303122,0.046917738222741,0.0870965571411449,0.440347024742961,0.706666998644961,"26S proteasome non-ATPase regulatory subunit 7-like","liver"
"apeh",62.6062459777899,0.046905302150353,0.0861510298828059,0.440429749022675,0.706666998644961,"acylaminoacyl-peptide hydrolase","liver"
"LOC115106378",113.547089090523,0.0468427622358227,0.104067224250535,0.396148642330701,0.672512230795476,"solute carrier family 35 member G1-like","liver"
"hat1",85.7725902807852,0.0468156860725019,0.0817004992417186,0.438486121166565,0.705681509851683,"histone acetyltransferase 1","liver"
"LOC115131286",78.0609511196501,0.0467807444431714,0.0733149443209857,0.422645360996044,0.693798828602447,"ras-related protein Rab-5A-like, transcript variant X2","liver"
"LOC115112318",106.548529927109,0.0467466657077057,0.101737062930259,0.410066771045404,0.683763649741703,"lysosomal protective protein-like","liver"
"LOC115105405",111.105110112898,0.0466301043196089,0.0735812997783887,0.424862028228805,0.695756378891365,"heterogeneous nuclear ribonucleoprotein A/B-like, transcript variant X1","liver"
"LOC115130793",2865.79497947232,0.0466259449701116,0.112947178705676,0.309224376235368,0.600632855049678,"sequestosome-1-like","liver"
"rpl12",2087.89360561007,0.0465868375451752,0.0849173999228146,0.443179942372262,0.707778594440931,"ribosomal protein L12, transcript variant X2","liver"
"LOC115111528",471.302738527761,0.0464967253796797,0.108526925674295,0.364669392090278,0.645415736934422,"interleukin-1 receptor type 2-like","liver"
"LOC115130376",533.681801999933,0.0464552892241507,0.0714881978222345,0.42056655563482,0.692058651904533,"myosin regulatory light polypeptide 9","liver"
"LOC115105683",101.086536812894,0.0464345608035148,0.0683959763264951,0.410325291282681,0.683763649741703,"ras-related protein Rab-6A, transcript variant X4","liver"
"LOC115135546",501.039845685624,0.0464177075032499,0.108940492834466,0.361372956910407,0.642370768585617,"diamine acetyltransferase 1-like","liver"
"nagpa",552.897894423251,0.0464007974223921,0.0872409480958559,0.445372368889729,0.709104231142651,"N-acetylglucosamine-1-phosphodiester alpha-N-acetylglucosaminidase, transcript variant X1","liver"
"aldh6a1",81.708416062198,0.0463325110335495,0.11362706345655,0.301282253933429,0.594139323259205,"aldehyde dehydrogenase 6 family member A1, transcript variant X2","liver"
"LOC115142877",116.089786334047,0.0462478631011029,0.0783904669759465,0.43932878241711,0.705835284640182,"14-3-3 protein beta/alpha-1-like","liver"
"LOC115126145",72.0701318654752,0.0462209497048669,0.100925028821979,0.419114124196568,0.69146125084874,"transcription elongation factor SPT6-like","liver"
"LOC115132047",223.698866885056,0.046197619166509,0.0651845246591054,0.399914399363484,0.675808910367149,"protein RER1, transcript variant X2","liver"
"LOC115103820",72.5405038517876,0.0461900554500066,0.0808884575170281,0.443663961922615,0.707778594440931,"trafficking protein particle complex subunit 5-like, transcript variant X2","liver"
"atf3",91.2642526028172,0.0461558377900126,0.114183930436484,0.293497635365248,0.589308552585592,"activating transcription factor 3","liver"
"LOC115131259",75.5072123027188,0.0461174649989298,0.112841374016201,0.315888124731427,0.602661842209239,"E3 ubiquitin-protein ligase znrf2-like","liver"
"LOC115104124",92.5449339561233,0.0460769230957939,0.0784134335316313,0.441060069811772,0.706666998644961,"ras-related protein Rab-5C-like","liver"
"LOC115144746",621.569072975023,0.0460109428287373,0.092282629991167,0.445538747781239,0.709104231142651,"40S ribosomal protein S13-like","liver"
"LOC115102402",362.0205007974,0.0460077194645039,0.0988741574562518,0.429552336877327,0.697735722521961,"CCAAT/enhancer-binding protein beta-like","liver"
"LOC115138674",95.2024223686094,0.0459708183922192,0.0778081326131133,0.441020194405595,0.706666998644961,"protein tyrosine phosphatase type IVA 2-like","liver"
"acsf2",110.91187339104,0.045964582174999,0.0841817758306022,0.448914759882991,0.711421680125611,"acyl-CoA synthetase family member 2, transcript variant X2","liver"
"LOC115112816",57.4914865918095,0.0459237893738273,0.104511651094018,0.402494288456624,0.677474617813841,"ADM-like","liver"
"LOC115114591",190.354630458876,0.0458337904682561,0.0834849624893964,0.449752050146622,0.712194777155258,"NPC intracellular cholesterol transporter 1-like","liver"
"LOC115109183",79.1224808729648,0.0458068461711363,0.113999936136801,0.300177264271103,0.593366890964605,"cystathionine gamma-lyase-like","liver"
"LOC115141947",72.1435440820172,0.0457825229543385,0.110049073447482,0.35594378220749,0.636040318359181,"heat shock 70 kDa protein 13-like","liver"
"LOC115105735",67.5166338257209,0.0456972502054103,0.103471487412162,0.411197996558613,0.68432662976411,"moesin-like, transcript variant X1","liver"
"LOC115112317",66.9309603716384,0.0455700042213221,0.10956122768055,0.363485869516322,0.644440367180743,"lysosomal protective protein-like","liver"
"LOC115104990",90.7240156413749,0.0454930611065796,0.105018277471712,0.403471613579985,0.677474617813841,"neutral cholesterol ester hydrolase 1-like, transcript variant X1","liver"
"LOC115144256",63.3018710345031,0.0454379743337317,0.100655536513838,0.428138894716759,0.697735722521961,"vesicle-associated membrane protein-associated protein B-like","liver"
"LOC115102537",57.9032006129211,0.0454377685701288,0.0851262193468221,0.454563075324363,0.717254363923686,"chromobox protein homolog 5-like","liver"
"nfkb2",74.064859416402,0.0454038819242608,0.116003777020362,0.264908985489355,0.562460659673982,"nuclear factor kappa B subunit 2","liver"
"LOC115131409",61.2151316608508,0.0453295163255525,0.10245609851267,0.420557981013763,0.692058651904533,"serine/threonine-protein phosphatase 1 regulatory subunit 10-like, transcript variant X1","liver"
"LOC115127161",70.8824597766251,0.0453077807298978,0.0818633492056675,0.453525561964905,0.716500073863935,"trafficking protein particle complex subunit 3, transcript variant X3","liver"
"LOC115133660",1044.79388012239,0.0452204816000174,0.121190916464836,0.103676465775423,0.37878524947853,"phospholipase A2 inhibitor 31 kDa subunit-like","liver"
"LOC115141324",142.336809483234,0.0451980092643733,0.0962271051663839,0.445805866646106,0.709252424843687,"triosephosphate isomerase B-like","liver"
"katnal1",98.0369761347404,0.045181310986595,0.116031201857991,0.26647715636497,0.563006462704206,"katanin catalytic subunit A1 like 1, transcript variant X1","liver"
"LOC115133351",69.8732232295095,0.0451481918616217,0.0920868739401187,0.454339411521705,0.717254363923686,"H/ACA ribonucleoprotein complex subunit 3-like","liver"
"LOC115138663",274.942117933111,0.0451135460820555,0.0670320586086863,0.418619055801343,0.69146125084874,"melanoma inhibitory activity protein 2-like, transcript variant X5","liver"
"LOC115106417",259.735967901763,0.0450101895515441,0.0963290940694514,0.447417805260615,0.710707316540244,"somatostatin receptor type 2-like","liver"
"LOC115105031",197.705364690093,0.0450051673972689,0.0853928511239898,0.458949265608534,0.718606378374628,"26S proteasome regulatory subunit 6B","liver"
"LOC115108468",77.9868330998022,0.0449538559601073,0.112714036396457,0.329607961551784,0.613285735480822,"dolichyl-diphosphooligosaccharide--protein glycosyltransferase subunit DAD1-like","liver"
"LOC115134629",69.0131713194521,0.0449386381345698,0.0760284103399288,0.447752899553835,0.710962531586065,"39S ribosomal protein L23, mitochondrial, transcript variant X1","liver"
"LOC115117641",103.974995302453,0.0449382433601119,0.0786117699749172,0.452758624927091,0.715565783327965,"splicing factor U2AF 65 kDa subunit-like, transcript variant X2","liver"
"LOC115109846",141.778720623136,0.0449338882113086,0.0898635128503293,0.458754680361865,0.718606378374628,"3-mercaptopyruvate sulfurtransferase-like","liver"
"insig2",77.553894239942,0.0447800180178249,0.0831640031911559,0.459980619988285,0.718606378374628,"insulin induced gene 2, transcript variant X2","liver"
"ube4b",88.6113259691837,0.0447475398827853,0.0735215349804499,0.443627779317917,0.707778594440931,"ubiquitination factor E4B, transcript variant X1","liver"
"LOC115110115",162.279407606601,0.0447179156447417,0.0989464662560939,0.442214567780677,0.707440917137375,"cyclic AMP-dependent transcription factor ATF-4-like, transcript variant X3","liver"
"LOC115128317",5174.44442998997,0.0446895296197425,0.0915383255304223,0.459598639934991,0.718606378374628,"elongation factor 1-alpha, oocyte form","liver"
"LOC115121364",81.8612823225703,0.0446263965543424,0.0817226475454446,0.460185957875256,0.718606378374628,"exportin-7, transcript variant X2","liver"
"LOC115108105",232.816115803675,0.0446013779340113,0.10320141329279,0.423887560885588,0.694998269577497,"aspartate--tRNA ligase, cytoplasmic-like","liver"
"LOC115131609",65.3961900847332,0.0442659689315953,0.0781386298119353,0.458726038751346,0.718606378374628,"bromodomain-containing protein 2-like, transcript variant X3","liver"
"LOC115124642",124.832508476097,0.0442610438483714,0.0712235610779721,0.442030305118999,0.707440917137375,"ankyrin repeat and KH domain-containing protein 1-like","liver"
"LOC115128548",83.5703578605841,0.0442244885178198,0.0981367791160554,0.450006196363741,0.712320487914023,"CTP synthase 1-like, transcript variant X2","liver"
"LOC115110427",77.3702137851303,0.0441580683613767,0.087551328864271,0.467566298692594,0.726572715772403,"trinucleotide repeat-containing gene 6B protein-like, transcript variant X2","liver"
"LOC115108451",65.8947520182152,0.0441144069407073,0.0722023015968263,0.44645775726066,0.709735498671783,"F-box-like/WD repeat-containing protein TBL1XR1, transcript variant X2","liver"
"LOC115129818",196.706439140086,0.0440525331881684,0.112728975378954,0.338742247083087,0.620225883494352,"transcription factor CP2-like protein 1, transcript variant X3","liver"
"LOC115114550",611.278255927076,0.0440159430517569,0.104343324047837,0.423067543560356,0.694212281623193,"CCAAT/enhancer-binding protein delta-like","liver"
"LOC115116223",1290.48618659585,0.0439955814943191,0.103221135713898,0.430007883948765,0.697735722521961,"endoplasmin-like, transcript variant X1","liver"
"LOC115144627",101.095167925045,0.0439750613438783,0.0947897158054694,0.461490246945593,0.719599941296954,"cystatin-like","liver"
"spag7",74.913529171771,0.0439502040058709,0.0815882472924078,0.466856473195419,0.725746370993336,"sperm associated antigen 7","liver"
"LOC115118818",107.771245205016,0.0438552743070065,0.0958707336325721,0.460238133667596,0.718606378374628,"zinc finger protein 706-like, transcript variant X2","liver"
"LOC115114170",6859.30438259797,0.0438430533724254,0.0996538690253567,0.448466267557454,0.711086038234986,"serine--pyruvate aminotransferase-like","liver"
"keap1",380.619923981671,0.0438351085629245,0.0976867706717624,0.455406169507925,0.717524370666526,"kelch like ECH associated protein 1","liver"
"ik",109.629805238853,0.0437949830561572,0.0717816471734515,0.448528509396994,0.711086038234986,"IK cytokine","liver"
"LOC115119181",307.388478546153,0.0437632576915494,0.0982299242189208,0.454400115761471,0.717254363923686,"D-dopachrome decarboxylase-A-like","liver"
"LOC115103811",332.407146553331,0.0436780239902632,0.0978747866792086,0.456421326759055,0.718290860181432,"probable ATP-dependent RNA helicase DDX5","liver"
"pptc7",99.1242848476879,0.0436587011929626,0.111161164362215,0.364652947147681,0.645415736934422,"PTC7 protein phosphatase homolog","liver"
"LOC115135433",317.908960760164,0.043652832386541,0.071261911451256,0.448442786925534,0.711086038234986,"stromal cell-derived factor 2-like","liver"
"LOC115145599",778.372185057547,0.0436472855526698,0.0913688199375988,0.470282053716042,0.729402454698093,"40S ribosomal protein S3a","liver"
"LOC115125541",65.7725142746764,0.0436152793532484,0.119034236614777,0.198751955376396,0.495034422284806,"NLR family CARD domain-containing protein 3-like","liver"
"LOC115135887",441.836929810066,0.0435718585674464,0.10902589587529,0.389861910601853,0.666279726462538,"dolichyl-diphosphooligosaccharide--protein glycosyltransferase subunit STT3A","liver"
"LOC115120631",803.108954271828,0.0435299489147468,0.085655541515563,0.473841542770133,0.731582624367827,"vigilin-like, transcript variant X4","liver"
"LOC115114488",83.1850142840918,0.0434773980343156,0.106766099127898,0.411334701403844,0.68432662976411,"rho GTPase-activating protein 21-like, transcript variant X4","liver"
"LOC115103328",8846.58699617082,0.0434332756279308,0.10557647825281,0.420837697808654,0.692213642489393,"complement factor H-related protein 5-like, transcript variant X3","liver"
"LOC115111809",76.9154018613852,0.0434202441696958,0.0757367608314795,0.462597417260562,0.720499454625163,"serine/threonine-protein kinase A-Raf-like","liver"
"LOC115144177",334.909966111003,0.0433936535657402,0.109051713052795,0.391490234430033,0.667530449463005,"thyrotroph embryonic factor-like, transcript variant X1","liver"
"LOC115127300",7110.42337776125,0.043338861473369,0.0984724092525085,0.457940677690756,0.718606378374628,"uncharacterized LOC115127300","liver"
"LOC115116301",217.781791660162,0.0433121624959371,0.104808277167241,0.427396919393721,0.697531273400348,"protein disulfide-isomerase A4-like","liver"
"LOC115104076",519.540260269374,0.0432932864896617,0.082690178886807,0.474601096208511,0.732153832186083,"eukaryotic translation initiation factor 1","liver"
"pdhx",58.8656222312298,0.0432752683754566,0.0803969671776405,0.472290268361882,0.730571208289576,"pyruvate dehydrogenase complex component X, transcript variant X2","liver"
"ttr",4042.36864779211,0.0432334030718669,0.0923107324871724,0.473314920860503,0.731323585074834,"transthyretin","liver"
"LOC115107081",280.790957471693,0.0432072840800406,0.103281407220583,0.437861589568354,0.705145728597634,"methionine aminopeptidase 2-like","liver"
"LOC115134815",691.436196931121,0.0431803538996254,0.0807998672987718,0.473773791107445,0.731582624367827,"zinc finger CCCH domain-containing protein 15-like","liver"
"LOC115108855",57.7063882288678,0.0431527890351013,0.0860786136939763,0.477754916284894,0.733165339596667,"transcription factor BTF3 homolog 4","liver"
"LOC115134813",381.212185700826,0.043140190835517,0.0830611986241102,0.476466646352786,0.732859641710927,"ATP synthase subunit g, mitochondrial-like","liver"
"cops7a",144.586709767372,0.0431324358890624,0.0879576763257323,0.47784851533291,0.733165339596667,"COP9 signalosome subunit 7A, transcript variant X2","liver"
"LOC115110101",76.1660864575969,0.0431239424727999,0.0842137384986319,0.477398402669297,0.733165339596667,"protein PET100 homolog, mitochondrial","liver"
"asb8",62.8259557133007,0.0431174487192193,0.0874863624200619,0.478104384849838,0.733165339596667,"ankyrin repeat and SOCS box containing 8","liver"
"LOC115142509",63.7261638700703,0.0430471849866876,0.110111183868344,0.383799175617505,0.66181330070431,"lysozyme G-like","liver"
"cavin1",125.214382648241,0.0430110795250375,0.10648217855863,0.418520325482675,0.69146125084874,"caveolae associated protein 1","liver"
"pno1",113.514503255675,0.0430022419961173,0.107880547838668,0.406872570211365,0.680234863076916,"partner of NOB1 homolog","liver"
"LOC115139221",133.399615445555,0.0429984833351895,0.105053448718872,0.42905764213426,0.697735722521961,"glycerophosphocholine phosphodiesterase GPCPD1-like, transcript variant X2","liver"
"LOC115103809",135.965101916558,0.0429297675286163,0.0977700193096041,0.464439328468841,0.722264289522699,"signal recognition particle subunit SRP68-like","liver"
"LOC115128292",62.785166776145,0.0428586919443001,0.0874720055417537,0.480744627371798,0.736106349048628,"exostosin-1b","liver"
"LOC115101483",62.8492284765919,0.0428537498446555,0.114022055077491,0.330347113622859,0.613285735480822,"uncharacterized LOC115101483","liver"
"LOC115121568",89.5877502659447,0.0428086278135171,0.0937712033507956,0.475360053298187,0.732344393512047,"V-type proton ATPase subunit e 1-like","liver"
"c5",4654.28664114443,0.0426609822587832,0.0857367962191354,0.48271248596021,0.73856459938957,"complement C5, transcript variant X1","liver"
"LOC115107068",1234.25882170323,0.0424577152812351,0.115909066587238,0.29705050118707,0.590091121146007,"phenylalanine-4-hydroxylase-like","liver"
"csnk1a1",361.856987048423,0.0422887920019364,0.0629577547907638,0.431180830396043,0.698526655283892,"casein kinase 1 alpha 1, transcript variant X7","liver"
"LOC115133393",910.836296170591,0.0422768441093023,0.102975497505462,0.44935576896285,0.711843806565323,"complement C1q-like protein 2","liver"
"LOC115116688",117.78910080252,0.0421995490254561,0.0916602984022959,0.484739746141706,0.740307397818966,"glycogen synthase kinase-3 beta-like","liver"
"LOC115135710",62.3064412633641,0.0420499194737083,0.102859837769716,0.45238932580577,0.715259461592056,"T-box transcription factor TBX2b-like, transcript variant X1","liver"
"LOC115142388",65.6509851811515,0.0419770821391008,0.0808902454077082,0.486277465469982,0.740682716463247,"protein polybromo-1-like, transcript variant X2","liver"
"LOC115105913",71.3119100689877,0.0418286336947907,0.0861954054480703,0.49135276341707,0.746419361968548,"phosphatidylinositol transfer protein beta isoform-like, transcript variant X1","liver"
"LOC115132559",526.861999299884,0.0418126064415615,0.0873509509257943,0.491508726085276,0.746419361968548,"alpha-enolase, transcript variant X3","liver"
"LOC115144813",91.0898785425755,0.0418007325309254,0.0893007925519055,0.490931878572535,0.746099305392116,"AFG3-like protein 1","liver"
"LOC115145085",80.4493280400165,0.0417917897820385,0.100142633572209,0.467861398323917,0.726754214774498,"histone H2A deubiquitinase MYSM1-like","liver"
"atrx",70.8729743057057,0.0417758423551295,0.108165555858306,0.417498205565055,0.691195242032154,"ATRX chromatin remodeler, transcript variant X1","liver"
"LOC115141745",140.992923812528,0.0417044231144372,0.0874605644376659,0.492611223564617,0.747326755354429,"DCN1-like protein 5, transcript variant X1","liver"
"LOC115125022",283.532528550915,0.0416134649440018,0.0951754484460836,0.484941303281806,0.740307397818966,"uncharacterized LOC115125022","liver"
"atic",185.333131511871,0.0416111999154665,0.0959436878959183,0.483189476246562,0.738739799392718,"5-aminoimidazole-4-carboxamide ribonucleotide formyltransferase/IMP cyclohydrolase","liver"
"tmem248",78.8783219514997,0.0415402134512646,0.0688500035803867,0.462968081456439,0.720526116844767,"transmembrane protein 248, transcript variant X3","liver"
"LOC115104085",193.85294710061,0.0414086101028187,0.0900468579898865,0.494491952831672,0.749105848998376,"glycylpeptide N-tetradecanoyltransferase 1-like, transcript variant X4","liver"
"LOC115143317",473.117224173105,0.0413900733209247,0.0855699852279789,0.495782670383591,0.749836795726722,"26S proteasome non-ATPase regulatory subunit 6-like","liver"
"LOC115122625",541.617549475938,0.0412591687057678,0.102570744599549,0.462357278954468,0.720400714456579,"transmembrane protein 258","liver"
"LOC115128327",59.7583627665935,0.0411848278992664,0.103970388239501,0.455335977056556,0.717524370666526,"adenylate kinase 2, mitochondrial, transcript variant X3","liver"
"LOC115106795",59.5153784292255,0.0410874723624636,0.0994376099093087,0.478049526029793,0.733165339596667,"CTP synthase 1-like, transcript variant X1","liver"
"pdzd7",802.683509515388,0.0410652631012713,0.0929695094535771,0.494748023921401,0.749105848998376,"PDZ domain containing 7, transcript variant X1","liver"
"gars",61.8879023294272,0.0409957356331262,0.109709253860436,0.410665744112287,0.684051317123694,"glycyl-tRNA synthetase","liver"
"LOC115116388",140.712386656159,0.0409414825672078,0.0765644764709828,0.490224310971304,0.745301861812397,"acidic leucine-rich nuclear phosphoprotein 32 family member B-like, transcript variant X1","liver"
"LOC115105718",57.4825224472169,0.0408772304385333,0.0868762740313791,0.50126765073478,0.753658039245653,"charged multivesicular body protein 1b-like","liver"
"LOC115145042",9243.21853000262,0.0406179729557034,0.102181326236245,0.47123592176012,0.729568582743055,"kininogen-1-like","liver"
"LOC115142959",76.4740518296306,0.0405062878654688,0.0942693637697178,0.498405668367959,0.751593236245278,"protein polybromo-1-like, transcript variant X1","liver"
"nfs1",262.038344531477,0.0404629274909203,0.0795143382500499,0.500329864750456,0.753247175397088,"NFS1 cysteine desulfurase, transcript variant X1","liver"
"LOC115118965",179.427380633216,0.0404015876160313,0.095431308434093,0.497115415880846,0.7512949333075,"profilin-2-like","liver"
"LOC115130430",173.016788834865,0.0402698029714407,0.0844122849606012,0.507076955530077,0.757363748897249,"enoyl-CoA delta isomerase 2, mitochondrial-like","liver"
"LOC115117885",94.0062271152542,0.0402637202444485,0.114267506796074,0.354603916115445,0.635325521796287,"myosin light chain kinase, smooth muscle-like","liver"
"LOC115143007",982.165999917505,0.040185271027925,0.0911444741538923,0.506312432198856,0.757363748897249,"60S acidic ribosomal protein P0-like","liver"
"LOC115135247",72.1591443695772,0.0400396683058232,0.090466100823317,0.508488021986903,0.758637327093198,"mRNA decay activator protein ZFP36L2-A-like","liver"
"LOC115120078",121.573835351881,0.0399354893132207,0.0996311379765037,0.489658092686337,0.745274976022968,"biorientation of chromosomes in cell division protein 1-like, transcript variant X2","liver"
"LOC115133632",144.815795059152,0.0398871285304302,0.0901923183331595,0.510324837732914,0.759986861015476,"cystatin-B-like","liver"
"tcp1",430.563706751745,0.0398862861670345,0.0876245120529825,0.511589530407587,0.760144684417698,"t-complex 1","liver"
"id2",146.409174040627,0.0397729082884676,0.0985983827394023,0.495062590324487,0.749303794341853,"inhibitor of DNA binding 2, transcript variant X2","liver"
"LOC115103821",230.496136614936,0.0397654469739976,0.0981075805478182,0.496730525430118,0.750991699426247,"E3 ubiquitin/ISG15 ligase TRIM25-like, transcript variant X1","liver"
"LOC115133442",79.8539918562147,0.0396504808701193,0.0906066905458379,0.512482235716348,0.760144684417698,"matrix metalloproteinase-14-like","liver"
"rnf115",123.158195582103,0.0396448615055386,0.093487480149726,0.508915948481568,0.758997953168997,"ring finger protein 115, transcript variant X1","liver"
"lrp10",77.2300700886726,0.0396206310327601,0.0862207861614053,0.514463182268729,0.761263014833398,"LDL receptor related protein 10, transcript variant X1","liver"
"LOC115111965",70.0985870110239,0.0395798677512136,0.0853663279697784,0.514730340746037,0.761263014833398,"endothelial differentiation-related factor 1 homolog","liver"
"LOC115137705",58.8079336990073,0.0395348007865863,0.11641248793629,0.317586109116675,0.604704843863596,"DNA-binding protein inhibitor ID-1-like","liver"
"LOC115132078",111.03833707174,0.0394044849717452,0.0951347385456243,0.508382100481717,0.758637327093198,"DENN domain-containing protein 2D-like, transcript variant X1","liver"
"LOC115105558",119.103638202039,0.039371735080671,0.0972466022239006,0.503531371852884,0.756224713217522,"protein eva-1 homolog B-like, transcript variant X2","liver"
"LOC115118672",248.413540135068,0.0392597171794507,0.0991934489212644,0.498566995522245,0.751593236245278,"dolichyl-diphosphooligosaccharide--protein glycosyltransferase subunit 2-like, transcript variant X1","liver"
"LOC115133971",71.0154971249526,0.0392094750760057,0.0953152101263801,0.510084935071256,0.759907235142704,"signal transducer and activator of transcription 1-alpha/beta-like, transcript variant X1","liver"
"LOC115129373",123.885433761912,0.0391748108296293,0.0844062909967797,0.518673553575469,0.763493464923658,"ubiquitin-conjugating enzyme E2 D2-like, transcript variant X3","liver"
"LOC115106897",69.9197232808541,0.0391674633793745,0.0988828801380378,0.500649384731032,0.753284197919411,"V-type proton ATPase subunit F-like","liver"
"LOC115102312",342.029600774971,0.0391369827573075,0.0904374442765298,0.518087817297995,0.763177648504688,"40S ribosomal protein S10","liver"
"LOC115113377",88.5833325262994,0.0390536302479899,0.0951604223320493,0.51209204454725,0.760144684417698,"thioredoxin-dependent peroxide reductase, mitochondrial-like","liver"
"LOC115134734",1637.34562776711,0.0389693451557463,0.120169471639778,0.198658513228427,0.495034422284806,"zona pellucida sperm-binding protein 4-like","liver"
"evi5",159.928191162594,0.0389565409868589,0.0736746034311391,0.505158584876783,0.757363748897249,"ecotropic viral integration site 5, transcript variant X3","liver"
"odc1",1526.85264414928,0.0388937834432266,0.112316130572823,0.402139245559326,0.677322134256122,"ornithine decarboxylase 1","liver"
"LOC115119687",112.227549076591,0.0387984731298265,0.102403408229958,0.490029315115716,0.74528339119838,"surfeit locus protein 1","liver"
"dpy19l4",61.769132645787,0.0387795795684191,0.0901762045288798,0.522116305458074,0.766623220838296,"dpy-19 like 4","liver"
"ndufb9",109.979917863818,0.0387107525522932,0.0870205986792557,0.524162992258493,0.768244644532764,"NADH:ubiquinone oxidoreductase subunit B9","liver"
"LOC115132635",24226.6206561922,0.0386698409554818,0.0970626901538788,0.511631502084096,0.760144684417698,"hemopexin-like","liver"
"LOC115139615",97.9137027434004,0.038648905825937,0.0871460269781397,0.524814552454156,0.768646825656896,"guanine nucleotide-binding protein G(k) subunit alpha-like","liver"
"LOC115130516",918.948153521279,0.0386486469746529,0.0942968006506398,0.518169310111582,0.763177648504688,"guanine nucleotide-binding protein subunit beta-2-like 1","liver"
"LOC115137896",152.973462406252,0.0386121309972322,0.0729108281136628,0.50701653827953,0.757363748897249,"AP-1 complex subunit sigma-1A-like, transcript variant X2","liver"
"LOC115101174",331.357254016017,0.0384796598070235,0.0879335097523511,0.526486676059629,0.768966964635751,"surfeit locus protein 4","liver"
"erg28",126.012927983289,0.0384371522738117,0.115516493813582,0.351055076857669,0.631465354488904,"ergosterol biosynthesis 28 homolog","liver"
"LOC115125076",168.318919066765,0.0384203459904359,0.0942688944479455,0.520684846467891,0.765624615513392,"cyclin-G1-like, transcript variant X2","liver"
"LOC115143473",109.108701463305,0.0382511260907762,0.0814206376479519,0.526321950503388,0.768966964635751,"mitochondrial import inner membrane translocase subunit Tim17-A-like","liver"
"LOC115136619",395.764065655411,0.0382405361945129,0.0798791619164971,0.524625077574523,0.768645512650523,"26S proteasome non-ATPase regulatory subunit 2","liver"
"mrpl33",60.5464993936489,0.0381860017771918,0.0906642531994812,0.528082274195627,0.769709401192759,"mitochondrial ribosomal protein L33","liver"
"LOC115120339",66.2568488095429,0.0381848829102861,0.105915293285651,0.475874249519801,0.732576569249542,"nicotinamide riboside kinase 2-like","liver"
"LOC115120715",1430.11256176381,0.0380900110243921,0.0956400912280884,0.521466675627494,0.766221402255828,"fibronectin-like","liver"
"LOC115145290",1574.5831693578,0.0380023612844411,0.0904089116481969,0.530280866764097,0.769709401192759,"prohibitin-2-like","liver"
"LOC115112465",84.0209630362127,0.0379728078593384,0.0894781075258529,0.531265758174721,0.769709401192759,"tyrosine-protein kinase CSK, transcript variant X1","liver"
"LOC115118465",91.4691819732718,0.0379087061195788,0.0803570576656262,0.528830722209979,0.769709401192759,"clathrin light chain A-like","liver"
"LOC115108172",256.493596005656,0.0378991199754365,0.0935020289484108,0.527653624991737,0.769709401192759,"ubiquitin-60S ribosomal protein L40-like","liver"
"zdhhc6",116.792263467256,0.0378533683327947,0.0947109301634854,0.525993634409273,0.768966964635751,"zinc finger DHHC-type containing 6, transcript variant X1","liver"
"LOC115139231",71.0159537519882,0.0378419379542,0.104979881582998,0.486114282304857,0.740682716463247,"peptidyl-prolyl cis-trans isomerase FKBP1B-like, transcript variant X2","liver"
"LOC115125330",244.989859937885,0.0378369793665664,0.0914202508973716,0.531110728977799,0.769709401192759,"prothymosin alpha-A-like, transcript variant X1","liver"
"LOC115131249",166.699222929768,0.0377810984093316,0.0881195713045765,0.533951515709828,0.771663356498806,"tubulointerstitial nephritis antigen-like","liver"
"ndufv2",214.691414692285,0.0377723375189025,0.0882422003603578,0.534007328444306,0.771663356498806,"NADH:ubiquinone oxidoreductase core subunit V2","liver"
"LOC115109689",91.3322507768616,0.0377624076737718,0.0799796105055776,0.529947762291416,0.769709401192759,"YY1-associated factor 2","liver"
"LOC115118597",218.501203945953,0.0375791068619121,0.0720050747427515,0.516077944604036,0.762093304551333,"nascent polypeptide-associated complex subunit alpha-like, transcript variant X1","liver"
"dapl1",158.447442913354,0.0375149391607996,0.0961055424291772,0.526672905824804,0.768966964635751,"death associated protein like 1","liver"
"LOC115102380",339.795906785081,0.03737731799426,0.076875609705386,0.529320721613753,0.769709401192759,"peptidyl-prolyl cis-trans isomerase FKBP1A-like","liver"
"LOC115107889",272.71418598913,0.0373044667799675,0.0873033444437037,0.539287670240528,0.773215962598105,"activator of 90 kDa heat shock protein ATPase homolog 1-like","liver"
"LOC115141787",317.700159168363,0.037304459052392,0.0805599131598931,0.535655560364444,0.773111844948287,"coiled-coil-helix-coiled-coil-helix domain-containing protein 2-like","liver"
"LOC115110163",81.0884501684398,0.0372761386313112,0.093514746171111,0.534415362801832,0.771891218561399,"coatomer subunit zeta-1-like, transcript variant X1","liver"
"LOC115105408",63.5917336320383,0.0371938260242977,0.0729586011624553,0.52285973664253,0.767162090192568,"ankyrin repeat and KH domain-containing protein 1-like, transcript variant X7","liver"
"LOC115132792",640.442227598301,0.0371913157317005,0.0924489938995336,0.536898239269123,0.773111844948287,"retinol dehydrogenase 7-like, transcript variant X2","liver"
"LOC115105754",106.456007623924,0.0371179550725358,0.0876566776363229,0.541255456548309,0.774361965914675,"E3 ubiquitin-protein ligase RNF128-like, transcript variant X1","liver"
"LOC115107839",166.752172881231,0.0371140631433036,0.0749039873735618,0.528293492625967,0.769709401192759,"WD repeat-containing protein 26, transcript variant X2","liver"
"LOC115137056",301.838320354845,0.0370199710955509,0.109073389984228,0.462924154091327,0.720526116844767,"mRNA decay activator protein ZFP36-like","liver"
"LOC115110273",134.661929782334,0.0369471056968989,0.0867129346597104,0.543212895621361,0.775257619941411,"dnaJ homolog subfamily C member 7-like, transcript variant X1","liver"
"LOC115136963",567.320206280503,0.0369250130276618,0.0842497445460444,0.542861161739735,0.775242068292631,"complement C2-like, transcript variant X2","liver"
"LOC115107538",14751.6491414108,0.0369070708957467,0.112302754407932,0.426053766774095,0.696588509174171,"complement C1q-like protein 2","liver"
"LOC115139981",195.765694222067,0.0368050925294419,0.0772260498947449,0.53626464094551,0.773111844948287,"multivesicular body subunit 12B-like","liver"
"LOC115136413",899.632643051624,0.0366194612723223,0.0794985784865878,0.54183565158449,0.774575981749119,"hepatocyte growth factor-like protein","liver"
"LOC115106777",147.388572427413,0.0365631258116464,0.111078498643857,0.446389210504245,0.709735498671783,"discoidin, CUB and LCCL domain-containing protein 1-like, transcript variant X3","liver"
"LOC115113421",66.0490549477878,0.036534178455169,0.11993826707743,0.2351593932339,0.529270947996342,"C-X-C motif chemokine 9-like","liver"
"LOC115110168",76.1606433988813,0.0364632966121007,0.112627129310617,0.426792113762798,0.697033718530067,"cyclin-T2-like, transcript variant X1","liver"
"LOC115110409",184.215896072586,0.0364124297280399,0.0878057254706826,0.548922652366177,0.779584923708898,"60 kDa heat shock protein, mitochondrial","liver"
"LOC115102696",144.330521152108,0.0363895251658198,0.0941907486914472,0.543011802005756,0.775242068292631,"neurabin-1-like, transcript variant X1","liver"
"LOC115124527",212.702890407619,0.0363817293602218,0.0921110653451159,0.546195645198625,0.777429785420277,"annexin A4-like","liver"
"LOC115135306",62.9017119647815,0.0363633585625842,0.0850546233518307,0.549327942098733,0.779811174198227,"sphingosine-1-phosphate lyase 1-like, transcript variant X2","liver"
"LOC115134283",77.3583721603308,0.0363018393909886,0.117960255229678,0.313094812534519,0.602462265574022,"1-acyl-sn-glycerol-3-phosphate acyltransferase gamma-like, transcript variant X2","liver"
"LOC115114969",67.0318279624315,0.0362646167468918,0.0876171311167028,0.550582939562235,0.780469839198218,"dnaJ homolog subfamily A member 2-like","liver"
"LOC115107699",1816.62052875668,0.0362377321135572,0.108470033584258,0.477941744792293,0.733165339596667,"protein THEMIS-like","liver"
"LOC115131677",194.06585603851,0.0360574076703484,0.0801132957114152,0.548837173414864,0.779584923708898,"splicing factor, proline- and glutamine-rich-like, transcript variant X1","liver"
"LOC115129441",278.863027983821,0.0359925885765452,0.105191028007939,0.506072192976157,0.757363748897249,"ubiquitin-like protein 3","liver"
"lg19h9orf16",60.3079483667943,0.0358737159182551,0.0920723610346642,0.551843492779505,0.780469839198218,"linkage group 19 C9orf16 homolog, transcript variant X3","liver"
"LOC115143115",117.666380351447,0.0358439520138127,0.0966537483726493,0.543844747603634,0.775842580063361,"methyltransferase-like protein 7A, transcript variant X1","liver"
"LOC115119596",101.157155049927,0.0358069986506832,0.106740146515198,0.497441874899014,0.751459900730628,"tropomyosin beta chain, transcript variant X4","liver"
"comtd1",73.4867044813726,0.0357432778191265,0.0994248275286267,0.536757050337016,0.773111844948287,"catechol-O-methyltransferase domain containing 1, transcript variant X3","liver"
"nars",220.505710861706,0.035727309258083,0.0965315115533715,0.545451869500555,0.777092562070696,"asparaginyl-tRNA synthetase, transcript variant X1","liver"
"dao",136.61945884646,0.035565995169745,0.101801459122294,0.529353076582946,0.769709401192759,"D-amino acid oxidase, transcript variant X4","liver"
"optn",196.592929191684,0.0355416964956441,0.0852030992939468,0.558419391450611,0.784868082604375,"optineurin, transcript variant X3","liver"
"LOC115134617",131.90151474744,0.0354560832229187,0.0822781454129004,0.557727033902038,0.784560432675476,"catalase-like, transcript variant X1","liver"
"LOC115143107",70.0593520219347,0.0353782449180494,0.121084239563072,0.188930122215003,0.484057717936395,"uncharacterized LOC115143107, transcript variant X1","liver"
"LOC115128665",140.864857520296,0.0353563013065439,0.0763367651788645,0.550834282716099,0.780469839198218,"transformer-2 protein homolog alpha-like","liver"
"LOC115110339",62.7372107965994,0.0352895774129644,0.0806606435506661,0.558008021179148,0.784560432675476,"SUMO-conjugating enzyme UBC9-B, transcript variant X3","liver"
"LOC115109203",702.258454988709,0.035240829092293,0.0935406836991289,0.556844374512219,0.784006103803732,"calreticulin-like","liver"
"LOC115134626",78.4396064910288,0.035203898028446,0.0925361002681716,0.558694728037926,0.78498438865308,"nucleosome assembly protein 1-like 4, transcript variant X4","liver"
"acmsd",72.7710346889201,0.0351467033679029,0.110487072856322,0.470699053655593,0.729530363810833,"aminocarboxymuconate semialdehyde decarboxylase, transcript variant X2","liver"
"LOC115132348",760.050982527514,0.0350914835788427,0.0702251410770745,0.539364035850689,0.773215962598105,"peptidyl-prolyl cis-trans isomerase FKBP1A-like","liver"
"LOC115103875",115.370129596686,0.0350560724625135,0.097099261136627,0.551565396358968,0.780469839198218,"26S proteasome non-ATPase regulatory subunit 12-like","liver"
"LOC115122219",462.402998643684,0.0350477124362459,0.090052765772515,0.56291971101599,0.789288180977357,"growth hormone receptor-like","liver"
"LOC115141186",229.157278946106,0.0349783473334706,0.0842293997538863,0.564298466064581,0.790019412923563,"electron transfer flavoprotein subunit beta-like, transcript variant X1","liver"
"LOC115116690",82.8996257318968,0.03495791580165,0.101204838789046,0.538934650387595,0.773215962598105,"lysosome-associated membrane glycoprotein 1-like","liver"
"LOC115126306",102.125854279341,0.0348865480892201,0.112896870212923,0.44248936288899,0.707566356663603,"keratinocyte-associated protein 2-like","liver"
"LOC115136650",91.4263046997709,0.0348686279395778,0.115129331153963,0.403570235540349,0.677474617813841,"serine/threonine-protein kinase ULK2-like, transcript variant X3","liver"
"LOC115131695",217.581022691287,0.0348596494343422,0.0889004609995018,0.565684128334101,0.791402921714379,"proteasome subunit beta type-2-like, transcript variant X1","liver"
"LOC115116214",650.444228850341,0.0347475716287302,0.106532170367585,0.511613977771902,0.760144684417698,"complement C3 alpha chain-like","liver"
"LOC115133350",321.467313286978,0.034732903457079,0.0939199132185507,0.561918111046838,0.788426237737318,"lysophospholipid acyltransferase LPCAT4-like","liver"
"LOC115111889",19397.1340741735,0.0346852422523584,0.121005800302269,0.201097864573769,0.496718234682126,"apolipoprotein A-I-like","liver"
"slc17a5",79.0362077988805,0.0346750755041065,0.102339022279985,0.537187694534677,0.773155735495531,"solute carrier family 17 member 5, transcript variant X1","liver"
"LOC115140859",191.002995140331,0.0346554276768324,0.108727963801712,0.494708935627388,0.749105848998376,"apolipoprotein A-IV-like","liver"
"LOC115141566",232.831358466141,0.0345476689399689,0.116204348775874,0.384030801859849,0.66181330070431,"tribbles homolog 2-like, transcript variant X2","liver"
"cmc2",64.3986618976624,0.0344817006600843,0.0795966979757977,0.565787074061752,0.791402921714379,"C-X9-C motif containing 2, transcript variant X7","liver"
"LOC115110279",112.800511992851,0.0344502055043343,0.0762518041489885,0.560929151008306,0.787367733880117,"ras-related protein Rab-5C","liver"
"LOC115139156",74.6578383088273,0.0344192309285927,0.0980494180679595,0.55618366028006,0.78369505014266,"V-type proton ATPase subunit D-like","liver"
"LOC115102443",88.6349817781925,0.0342247631197965,0.0852930592430555,0.57309318905924,0.79867092571223,"heme transporter hrg1-B","liver"
"LOC115139145",128.559713618106,0.0341813384251396,0.0719444188908167,0.554565398552627,0.782250760109554,"ER membrane protein complex subunit 7-like","liver"
"LOC115111861",66.9560619592475,0.0341559993051413,0.112183111695778,0.462058515396812,0.720210519601302,"UDP-N-acetylglucosamine/UDP-glucose/GDP-mannose transporter-like, transcript variant X2","liver"
"LOC115119134",244.99491772892,0.034141596487228,0.119460527384479,0.285288934378139,0.582393425434705,"glutathione-specific gamma-glutamylcyclotransferase 1-like","liver"
"LOC115106750",158.23595681188,0.0340082560194141,0.0868879480594114,0.575691478572343,0.800604125296935,"eukaryotic translation initiation factor 3 subunit L-like","liver"
"LOC115130268",74.3198243136305,0.0339731250892263,0.0971225606778643,0.563807931870241,0.789990075731558,"UBX domain-containing protein 4-like, transcript variant X2","liver"
"LOC115104043",77.6773393083605,0.0339092268974839,0.110233384798145,0.488932829831886,0.744449090173615,"collagen alpha-1(I) chain-like","liver"
"LOC115145610",388.180718862427,0.0338826086098974,0.113673405949212,0.443158324931096,0.707778594440931,"40S ribosomal protein S3a","liver"
"LOC115129845",512.625908968121,0.0338186062265546,0.112811723533404,0.457461874361786,0.718606378374628,"uncharacterized LOC115129845","liver"
"LOC115113037",67.9458269652526,0.0336926492511934,0.098591528697205,0.562906767478922,0.789288180977357,"F-box only protein 9-like","liver"
"midn",109.770909342401,0.0336462868617111,0.115269844740152,0.416747127133697,0.690864604089969,"midnolin","liver"
"LOC115119394",206.519970197664,0.0336212777286176,0.104468479946239,0.538521425593907,0.773215962598105,"uncharacterized LOC115119394, transcript variant X1","liver"
"LOC115106768",419.326021222815,0.0335839546150389,0.0838773735691577,0.57974050243371,0.803475786439919,"coagulation factor IX-like","liver"
"LOC115114114",875.859831708309,0.033501666612513,0.0868152268833783,0.581386361257296,0.804116324562179,"angiopoietin-related protein 3-like","liver"
"LOC115103844",165.241021723358,0.0334326542059456,0.0885337448352646,0.58181834096561,0.804440826925314,"T-complex protein 1 subunit delta-like","liver"
"LOC115108375",7609.13752889751,0.0333719773339752,0.0948363091881371,0.575704291277065,0.800604125296935,"uridine phosphorylase 2-like","liver"
"LOC115144106",78.9809150450749,0.0333327945259471,0.0984540722980458,0.567476859075899,0.793222111657533,"lethal(2) giant larvae protein homolog 2-like, transcript variant X2","liver"
"LOC115116509",10113.3754491782,0.0332887181600848,0.10944893946657,0.504821785168947,0.757363748897249,"uncharacterized LOC115116509","liver"
"LOC115140043",58.9305124354894,0.0332362308210436,0.106823634648416,0.527815162853142,0.769709401192759,"glycerol-3-phosphate acyltransferase 4, transcript variant X1","liver"
"LOC115111850",577.773319473679,0.0332100268578388,0.0845114620762207,0.584250645968047,0.806436042318239,"ATP synthase subunit alpha, mitochondrial-like","liver"
"LOC115137543",65.9102159276512,0.0331359148154139,0.0981801596873327,0.570557170813947,0.796981161150668,"vacuolar protein sorting-associated protein 37C-like","liver"
"LOC115141195",96.9609713750276,0.0330839864319146,0.101153480218927,0.560970534638827,0.787367733880117,"probable aminopeptidase NPEPL1","liver"
"LOC115107698",729.611553410706,0.0330327385423378,0.105414959540978,0.53990254636249,0.773215962598105,"protein LEG1 homolog","liver"
"LOC115129279",169.869263430118,0.032966551572257,0.118759010902549,0.328964254078288,0.613285735480822,"lateral signaling target protein 2 homolog","liver"
"LOC115135177",145.415696396219,0.0329550301328756,0.093865838780881,0.582131274166247,0.804600567481052,"collagen alpha-1(XIII) chain-like, transcript variant X5","liver"
"LOC115102102",158.619738639316,0.0329021803050425,0.0890366868570086,0.58760111003167,0.808596260799826,"5-aminolevulinate synthase, nonspecific, mitochondrial-like, transcript variant X1","liver"
"hao1",193.525004513181,0.0327932408800637,0.095848122601775,0.580317787516897,0.803997477513108,"hydroxyacid oxidase 1","liver"
"LOC115114350",73.5722727588326,0.0327756685852238,0.117132527393955,0.383987716910352,0.66181330070431,"cAMP-responsive element modulator-like, transcript variant X1","liver"
"LOC115146573",87.9570299778043,0.0327052134725568,0.106099020222021,0.539435283261947,0.773215962598105,"transmembrane protein 134-like","liver"
"LOC115114786",81.8282395622668,0.0325936307821368,0.0990958401466631,0.574096223767374,0.799458902656582,"mitochondrial ubiquitin ligase activator of nfkb 1-A-like, transcript variant X2","liver"
"LOC115145622",1329.83877626821,0.0325626101053668,0.0960101244957557,0.582627352310326,0.805013250175217,"15-hydroxyprostaglandin dehydrogenase [NAD(+)]-like","liver"
"LOC115112679",10098.9702173323,0.0325407134540135,0.109532676413757,0.513471366660757,0.761057923821543,"uncharacterized LOC115112679","liver"
"LOC115144348",84.0485426379365,0.0325288952997122,0.0948461559251732,0.585337924958621,0.806843889797544,"translation machinery-associated protein 7-like","liver"
"LOC115145846",13407.5044006513,0.0325089798198423,0.0884571585005749,0.592302955875824,0.812590224908425,"plasma protease C1 inhibitor-like","liver"
"LOC115143574",157.241181965858,0.0325038170266996,0.0771885006132945,0.584846736228548,0.80671245240865,"eukaryotic translation initiation factor 4B-like, transcript variant X1","liver"
"LOC115146494",135.987944432506,0.0324841062729734,0.112099588233394,0.484864886933576,0.740307397818966,"L-threonine 3-dehydrogenase, mitochondrial-like","liver"
"LOC115110996",69.2622174920471,0.0324247116903617,0.104137395228309,0.554781369785914,0.782250760109554,"immediate early response 3-interacting protein 1","liver"
"LOC115130666",65.4613553484535,0.0323484977500207,0.0897455211025246,0.593507049820671,0.813701559054508,"ubiquitin-like protein 3","liver"
"LOC115133610",202.215653486075,0.032342392157023,0.108021970139144,0.529572901943566,0.769709401192759,"Y-box-binding protein 2-A-like, transcript variant X1","liver"
"LOC115104691",60.6762971248561,0.0322821201955291,0.118471813569281,0.348887277344387,0.628953800290015,"toll-like receptor 5","liver"
"LOC115146122",119.491784457118,0.0322696929461745,0.0766912547025602,0.586733905168124,0.80818582640165,"eukaryotic translation initiation factor 4E-like","liver"
"LOC115107556",3169.37341627655,0.0321908041776535,0.082036964913077,0.5943389734723,0.814568142526259,"apolipoprotein B-100-like","liver"
"LOC115125585",318.127010838764,0.0321649346641724,0.107513434959174,0.535874539873989,0.773111844948287,"translocon-associated protein subunit delta-like","liver"
"LOC115111382",155.452503679807,0.0321138666478357,0.106166987420352,0.546260771698644,0.777429785420277,"beta,beta-carotene 9',10'-oxygenase-like, transcript variant X2","liver"
"eif3j",230.979275343914,0.0318080207412907,0.0932674722117149,0.596179068249774,0.815687484991624,"eukaryotic translation initiation factor 3 subunit J","liver"
"LOC115113395",75.1331483962413,0.0317747399577478,0.0806306126409777,0.597815080363396,0.817134227887727,"nucleolysin TIAR-like, transcript variant X7","liver"
"LOC115130343",91.1572845944788,0.0316996928640803,0.101386807890804,0.576449949734812,0.801094440886155,"collagen alpha-3(VI) chain-like, transcript variant X1","liver"
"LOC115134468",136.980240282291,0.0316655188390759,0.0778669741911067,0.595601798207518,0.815202461213514,"amyloid-beta A4 protein-like, transcript variant X3","liver"
"LOC115139406",143.880349814225,0.0316250742786208,0.0865552057782433,0.602703883486432,0.822713003714233,"costars family protein ABRACL, transcript variant X2","liver"
"LOC115127517",4510.89335182522,0.0315386465448568,0.0900638891187093,0.602565498124105,0.822713003714233,"complement C3-like","liver"
"LOC115110341",119.867843169265,0.0315129558238107,0.108236593359385,0.538280850121292,0.773215962598105,"probable G-protein coupled receptor 146","liver"
"LOC115109544",171.735241965025,0.0315126259860801,0.0854481941986066,0.6038652368358,0.823579412299677,"GTPase KRas, transcript variant X1","liver"
"clta",79.3377846353137,0.031483955887567,0.084589345435505,0.603944765300229,0.823579412299677,"clathrin light chain A, transcript variant X1","liver"
"LOC115116152",77.9586559313716,0.0313373455556653,0.0847584939782047,0.605687884365188,0.82490229486555,"cyclin-T2-like","liver"
"LOC115142705",137.084721088716,0.0313340466229073,0.101420893468423,0.580693401741492,0.803997477513108,"equilibrative nucleoside transporter 1-like","liver"
"LOC115135549",117.176241974024,0.03126102150164,0.0858293508620285,0.606822306327198,0.825425316763068,"peroxiredoxin-4-like, transcript variant X2","liver"
"LOC115111507",1204.79253562792,0.0312580535699948,0.100472362121486,0.585211105056473,0.806843889797544,"interleukin-1 receptor type 1-like, transcript variant X1","liver"
"LOC115145227",138.074191129763,0.0311349654255348,0.0811622896970789,0.605724378933413,0.82490229486555,"AP-2 complex subunit alpha-2-like, transcript variant X1","liver"
"LOC115101839",107.729593374061,0.0311001231502088,0.119714918004653,0.315305122738652,0.602661842209239,"RNA-binding Raly-like protein, transcript variant X1","liver"
"LOC115110643",231.987235795805,0.0309505515595203,0.0910289912031103,0.60859656064041,0.826604325614899,"probable ATP-dependent RNA helicase DDX5, transcript variant X2","liver"
"LOC115108070",596.799532145561,0.0309135229211192,0.0927103069458893,0.607254861340301,0.825425316763068,"receptor-type tyrosine-protein phosphatase S-like","liver"
"parp4",59.610847961709,0.0308418831551812,0.0840160447919455,0.611101295658036,0.828350143366197,"poly(ADP-ribose) polymerase family member 4, transcript variant X1","liver"
"LOC115135157",68.4881244871845,0.0307169515531544,0.0839005093788959,0.612491056835363,0.829131035423759,"ubiquinol-cytochrome-c reductase complex assembly factor 1","liver"
"LOC115118427",246.299653437133,0.0306893969450701,0.120233235509661,0.295601034262108,0.58979918979019,"docking protein 5-like","liver"
"LOC115112904",114.614334475079,0.0306582093877117,0.0776063972942837,0.606968153633797,0.825425316763068,"eukaryotic peptide chain release factor GTP-binding subunit ERF3A-like","liver"
"LOC115120147",57.6961301231436,0.0305592394060675,0.0889160228294919,0.614481954433547,0.830722536076662,"serine/threonine-protein phosphatase 4 regulatory subunit 1-like, transcript variant X7","liver"
"LOC115109233",96.4392491764075,0.0304988540253108,0.0869321819181504,0.615657219782111,0.831484038380346,"heterogeneous nuclear ribonucleoprotein M-like, transcript variant X2","liver"
"LOC115109329",6167.18836867197,0.0304089158520518,0.101336372995843,0.592181137239547,0.812590224908425,"tyrosine aminotransferase-like","liver"
"LOC115113497",62.5459106528299,0.0303985651473953,0.0832953588660272,0.615861622479903,0.831484588681048,"autophagy-related protein 13-like, transcript variant X2","liver"
"lmnb2",113.787660789853,0.0302261809396307,0.0749821884444655,0.607663824841941,0.825612583351917,"lamin B2","liver"
"LOC115137347",160.306458609754,0.0300789182339179,0.0897674537007225,0.619615645594396,0.83406650311848,"large neutral amino acids transporter small subunit 3-like","liver"
"LOC115132097",221.802058351471,0.0300762195563086,0.0801538185904014,0.617031826110304,0.832512983523867,"sodium/potassium-transporting ATPase subunit alpha-1","liver"
"LOC115146058",161.827072385596,0.0299745047962482,0.087875415320134,0.621600347099588,0.834934682276343,"calmodulin","liver"
"faxdc2",412.975324048619,0.0299256600238213,0.113841434335795,0.494097221539652,0.749105848998376,"fatty acid hydroxylase domain containing 2, transcript variant X1","liver"
"LOC115134982",86.0361440168711,0.0299212761476444,0.088326012307478,0.622097280489407,0.834934682276343,"GTP-binding protein SAR1b-like, transcript variant X1","liver"
"LOC115112782",70.6024342845229,0.0299126303515797,0.0878288981153979,0.622329648766435,0.834934682276343,"COP1-interactive protein 1-like","liver"
"LOC115136526",290.926559272432,0.0298997297019128,0.111931113051929,0.521699502960498,0.76628726993405,"nuclear factor NF-kappa-B p100 subunit-like","liver"
"alg5",97.7275559227777,0.0297659317174483,0.0975840410412484,0.611751336212101,0.828900509140573,"ALG5 dolichyl-phosphate beta-glucosyltransferase, transcript variant X1","liver"
"LOC115135830",93.9679442103331,0.02966854605483,0.0773859144333685,0.618296772228732,0.83344654031755,"E3 ubiquitin-protein ligase RNF167-like, transcript variant X1","liver"
"LOC115139580",77.3020907773343,0.029628936236403,0.0896501125166465,0.624922489791915,0.83632234990038,"activator of 90 kDa heat shock protein ATPase homolog 1-like, transcript variant X1","liver"
"LOC115101459",58.569656199437,0.0293892496233117,0.0767439136363927,0.620630628736741,0.834839606155395,"sorting nexin-12-like, transcript variant X2","liver"
"LOC115130839",66.4204067926245,0.0293785515573954,0.120376717132905,0.307130131067811,0.598746474685021,"glutathione S-transferase P-like","liver"
"LOC115109090",67.1775893219556,0.0293504656103488,0.100256356408762,0.608938869051199,0.826793747585838,"immediate early response gene 5 protein-like","liver"
"LOC115112871",61.6122563782116,0.0292171645171711,0.0964486952501635,0.620914660864273,0.834839606155395,"cytochrome b-c1 complex subunit 2, mitochondrial-like","liver"
"LOC115107521",66.261211447692,0.0291832985823306,0.0871869684835888,0.630932634918451,0.83995494027948,"cyclin-K-like, transcript variant X3","liver"
"LOC115106772",666.382924986327,0.0291398642816886,0.0857744064897999,0.631408718600669,0.83995494027948,"claudin-10-like, transcript variant X2","liver"
"LOC115143579",58.7844507628044,0.029128564389551,0.113765631537327,0.506608463963458,0.757363748897249,"3-oxo-5-alpha-steroid 4-dehydrogenase 2-like","liver"
"LOC115142752",183.286990275161,0.0291006283600886,0.119079242446011,0.372686543079658,0.653363591222662,"rho-related BTB domain-containing protein 3-like, transcript variant X2","liver"
"LOC115117657",204.197266413358,0.0290096021352512,0.110489140533159,0.550233226793952,0.780469839198218,"minor histocompatibility antigen H13-like, transcript variant X1","liver"
"LOC115132494",746.38589471331,0.0289714079266946,0.0922422584625544,0.63049869806781,0.83995494027948,"40S ribosomal protein S26","liver"
"LOC115122043",312.128046578882,0.0289619491363503,0.084891494613088,0.633299263252008,0.840906442733589,"26S proteasome non-ATPase regulatory subunit 4-like, transcript variant X1","liver"
"sall1",287.258326332593,0.0289280692091579,0.0978925120841503,0.621004946199066,0.834839606155395,"spalt like transcription factor 1","liver"
"LOC115121826",58.3298996655827,0.0288924516032219,0.079110834160548,0.629787797517179,0.839717063356239,"sin3 histone deacetylase corepressor complex component SDS3-like, transcript variant X1","liver"
"ccni",137.720590255182,0.0288162599280628,0.0845934817952163,0.634913993773008,0.84167206276547,"cyclin I, transcript variant X1","liver"
"LOC115140278",327.956199816535,0.0286499171446755,0.0939223974396875,0.632165172917912,0.840182548499679,"testosterone 17-beta-dehydrogenase 3-like, transcript variant X3","liver"
"LOC115132414",309.749483557094,0.0285993849057021,0.0969453349109478,0.627216694770002,0.838001930804863,"tyrosine-protein kinase STYK1-like, transcript variant X1","liver"
"LOC115130637",206.707903992746,0.0284837289393994,0.110584697842722,0.556401812688584,0.78369505014266,"phospholipid-transporting ATPase 11C-like, transcript variant X3","liver"
"LOC115137871",89.4860661461606,0.0284682807719115,0.103414680261937,0.607224566282411,0.825425316763068,"opioid growth factor receptor-like protein 1","liver"
"sf3b5",111.221637522794,0.0284111285078424,0.0763729054677286,0.631725616278466,0.840102320375539,"splicing factor 3b subunit 5","liver"
"wwp1",62.1267849051547,0.0283548739692139,0.083816733810034,0.640030751016368,0.843720700940341,"WW domain containing E3 ubiquitin protein ligase 1, transcript variant X1","liver"
"mrpl11",88.9420436047478,0.0283335965144765,0.102530263028567,0.612834231538656,0.82932016193611,"mitochondrial ribosomal protein L11, transcript variant X1","liver"
"tm4sf5",367.480710570144,0.028199143024909,0.098276862691218,0.628816682318196,0.838696595919165,"transmembrane 4 L six family member 5","liver"
"LOC115128084",354.94797205261,0.028194794214467,0.0883533290872454,0.642297271779476,0.844861624160791,"eukaryotic translation initiation factor 3 subunit M-like","liver"
"LOC115108281",392.810383087651,0.0281327525629009,0.0957852877028315,0.635212264876243,0.84167206276547,"cold-inducible RNA-binding protein B-like, transcript variant X2","liver"
"LOC115126333",132.35692639205,0.0280932644096413,0.0912403748984865,0.64183679094756,0.844861624160791,"transmembrane emp24 domain-containing protein 2, transcript variant X1","liver"
"LOC115113484",1464.2766305702,0.028045577325901,0.0961294528479186,0.635590434051059,0.84167206276547,"insulin-like growth factor-binding protein 2-B","liver"
"LOC115128437",72.4012429037519,0.0280278428001602,0.107725198580189,0.58749704208956,0.808596260799826,"phosphatidylinositol 4-kinase beta-like","liver"
"LOC115143312",137.23732401798,0.028018580826388,0.120698922368127,0.309374116476834,0.600632855049678,"interferon-induced GTP-binding protein Mx3, transcript variant X2","liver"
"pgd",358.591620455499,0.0280008005702388,0.114210654771357,0.515700892710569,0.762093304551333,"phosphogluconate dehydrogenase","liver"
"plek2",251.379611426046,0.0279908884089402,0.10886131989888,0.579091024235457,0.803012128208193,"pleckstrin 2","liver"
"LOC115136892",3890.35440520191,0.0278736418641032,0.0785589649557286,0.641243657313027,0.844705667068792,"alpha-2-macroglobulin-like","liver"
"LOC115137920",170.058291297502,0.027859057510815,0.0701571370596216,0.625882769064979,0.837135049950938,"heterogeneous nuclear ribonucleoprotein C-like, transcript variant X8","liver"
"LOC115105641",283.272916533421,0.0278307437763705,0.118511332765597,0.4141442940601,0.688158231793301,"RING finger protein 121, transcript variant X1","liver"
"LOC115103338",414.881583327194,0.0277190529002593,0.112847769654614,0.540264735397302,0.773215962598105,"angiopoietin-related protein 3-like, transcript variant X2","liver"
"LOC115138519",103.938021957167,0.0276817519752363,0.117804285343,0.439764794745852,0.706257408740777,"C-type lectin domain family 10 member A-like, transcript variant X2","liver"
"LOC115143915",89.4237127082387,0.0276437746563147,0.0840318366899412,0.64852829470949,0.849149158122674,"inhibitor of nuclear factor kappa-B kinase subunit alpha-like, transcript variant X2","liver"
"LOC115103117",357.44499901774,0.0276172250253521,0.0678072723581229,0.622708093061307,0.834934682276343,"25-hydroxycholesterol 7-alpha-hydroxylase-like, transcript variant X1","liver"
"LOC115141646",86.5149476838533,0.0275491207098379,0.100533000034516,0.630090235709987,0.839845585596438,"histone H3.3, transcript variant X1","liver"
"LOC115121748",3125.13868777334,0.027443652192057,0.113266581091356,0.538392651100516,0.773215962598105,"microfibril-associated glycoprotein 4-like","liver"
"LOC115101140",107.033381221101,0.0274098226560018,0.0982696374616622,0.63843951987058,0.843720700940341,"AN1-type zinc finger protein 5-like, transcript variant X1","liver"
"LOC115138460",227.449482279646,0.0273756861382619,0.100833164059766,0.631224917916654,0.83995494027948,"dnaJ homolog subfamily C member 17-like, transcript variant X2","liver"
"LOC115116931",68.7641465876984,0.0272869950569634,0.096597637159651,0.643794366295957,0.845234929698462,"serine/threonine-protein kinase 19-like","liver"
"LOC115140341",133.222200640112,0.0272279381738002,0.0832942812327026,0.653119633666663,0.851877000584101,"protein NipSnap homolog 1-like","liver"
"LOC115141342",268.466398989275,0.0271689861921779,0.106104614557585,0.609569123137187,0.82682320995247,"uncharacterized LOC115141342, transcript variant X1","liver"
"LOC115109495",71.046771291105,0.0270592151629425,0.0867340788192377,0.655996117423867,0.853670707268556,"ubiquitin-conjugating enzyme E2 H-like","liver"
"LOC115120316",81.6162384903578,0.0270255750322167,0.112538942462182,0.554326014487284,0.782250760109554,"mitoguardin 1-like","liver"
"LOC115140112",62.1752399616688,0.0270214442321555,0.116985778037901,0.473224632666071,0.731323585074834,"phosphoinositide-3-kinase-interacting protein 1-like","liver"
"LOC115114130",95.7961042107288,0.0268369302473505,0.112516429105118,0.557337369418034,0.78442925336599,"beta-1,3-galactosyltransferase 2-like, transcript variant X1","liver"
"LOC115141705",74.8869700051592,0.0268214671548106,0.0908456919752114,0.657274955255812,0.854017442659449,"glucuronokinase 1-like, transcript variant X1","liver"
"gart",116.144720469353,0.0267958368463528,0.0828314818603625,0.658014076293246,0.854366108435857,"phosphoribosylglycinamide formyltransferase, phosphoribosylglycinamide synthetase, phosphoribosylaminoimidazole synthetase, transcript variant X1","liver"
"LOC115105383",83.5135807108644,0.0267789828972471,0.101954096834143,0.634628001446968,0.84167206276547,"proline-rich nuclear receptor coactivator 2","liver"
"LOC115102974",142.905789594502,0.0267707192176426,0.0981621253461867,0.646531154721433,0.847664930006617,"serine/arginine-rich splicing factor 11-like, transcript variant X1","liver"
"pebp1",194.874592424235,0.0267463147360169,0.0992012263489737,0.644087264878171,0.845234929698462,"phosphatidylethanolamine binding protein 1","liver"
"LOC115138696",61.7840175475249,0.026714817081586,0.0790930067608053,0.655786105253726,0.853670707268556,"sorting nexin-6","liver"
"psmd8",301.988440879439,0.0267143068759233,0.0835679695262356,0.659376845879645,0.854596863619836,"proteasome 26S subunit, non-ATPase 8","liver"
"LOC115131531",266.836814243336,0.0266799993322163,0.0935840933858795,0.656170344914717,0.853670707268556,"myocyte-specific enhancer factor 2D homolog, transcript variant X2","liver"
"LOC115120803",254.45022155646,0.0266595248778347,0.0864926302511095,0.66075321619569,0.854759755834176,"protein tyrosine phosphatase type IVA 2-like, transcript variant X5","liver"
"LOC115103060",427.550694447776,0.0266477105122768,0.100049161996573,0.642815058065054,0.844861624160791,"protein canopy-1-like, transcript variant X2","liver"
"LOC115111853",445.499490339707,0.0265799320004683,0.0990364254595889,0.646598122932008,0.847664930006617,"60S ribosomal protein L37","liver"
"srsf2",303.218389826007,0.026555792720608,0.0795244167383499,0.658172124751862,0.854366108435857,"serine and arginine rich splicing factor 2, transcript variant X2","liver"
"LOC115127301",513.319619103888,0.0264584630637377,0.101990973764067,0.638529142486596,0.843720700940341,"coagulation factor VII-like","liver"
"LOC115118871",416.104300784622,0.0264452239876812,0.0938249307580606,0.658679069639671,0.854596863619836,"elongation factor 1-gamma-like, transcript variant X2","liver"
"LOC115129184",179.646298858984,0.0263867761675466,0.105695833690915,0.622189723271249,0.834934682276343,"solute carrier family 25 member 48-like","liver"
"LOC115111465",65.7857326125467,0.0263814006601913,0.116277119022353,0.500439978158811,0.753247175397088,"calcium-binding mitochondrial carrier protein SCaMC-2-A-like, transcript variant X1","liver"
"LOC115144216",83.7552750942134,0.0263420314590168,0.0738237116608678,0.652507838368558,0.851624063141288,"TOM1-like protein 2, transcript variant X2","liver"
"LOC115113536",76.4011771416084,0.0263366138353265,0.0761138086187302,0.656426502337908,0.853715571026587,"vacuolar protein sorting-associated protein 35, transcript variant X3","liver"
"LOC115104267",77.9887538692043,0.0261724181190161,0.102528040792646,0.64006390478711,0.843720700940341,"hsc70-interacting protein-like, transcript variant X2","liver"
"LOC115125893",256.562717192278,0.0260828839331877,0.0791534096803697,0.663484259965539,0.856623960601691,"NEDD4 family-interacting protein 1-like","liver"
"LOC115112746",305.565157877167,0.026033676821234,0.0909016280489033,0.66667028011228,0.859104667005265,"eukaryotic translation initiation factor 4 gamma 2-like","liver"
"LOC115146138",105.76733780202,0.02602002145268,0.0733649719176462,0.655629368562544,0.853670707268556,"eukaryotic translation initiation factor 5-like, transcript variant X1","liver"
"LOC115143900",373.721952177788,0.0260018322334786,0.112218480326968,0.573138483245406,0.79867092571223,"calcium-binding and coiled-coil domain-containing protein 2-like, transcript variant X1","liver"
"LOC115136422",433.761690375508,0.0258018071363439,0.092282571018153,0.668256165333734,0.859180422952549,"protein ABHD14B-like","liver"
"LOC115125748",11498.4420885734,0.0257297963367987,0.0996776785012285,0.655354258392063,0.853670707268556,"apolipoprotein C-II-like, transcript variant X2","liver"
"LOC115131466",211.440241774664,0.0256439178683442,0.0881650797548981,0.672702566310329,0.861687651672654,"nuclear migration protein nudC-like","liver"
"LOC115102421",71.0844808247409,0.0255694889345882,0.0883061201940851,0.673559079017228,0.861687651672654,"phosphatidylinositide phosphatase SAC1-B","liver"
"LOC115146252",514.098754509608,0.0255133522487474,0.0969222522482013,0.664784469986395,0.857778397295667,"fibrinogen-like protein 1-like protein","liver"
"LOC115106900",174.710509908577,0.0254469989350976,0.0790445231565313,0.67108085479245,0.861216977405008,"ADP-ribosylation factor 4","liver"
"LOC115111243",365.645972574945,0.0254345496055364,0.0935536955377803,0.671267501770292,0.861216977405008,"LMBR1 domain-containing protein 2-B-like, transcript variant X6","liver"
"LOC115143335",79.8210304510818,0.025307162744717,0.106057449673668,0.634395463255813,0.84167206276547,"calpastatin-like","liver"
"LOC115105452",100.739641646597,0.0252769037028346,0.0965612939842047,0.668415387925057,0.859180422952549,"transducin beta-like protein 2","liver"
"rpl22l1",351.022457565225,0.0252538531525589,0.103157305775999,0.649264235066914,0.849294294651073,"ribosomal protein L22 like 1","liver"
"qars",89.1769483562199,0.0250760391409981,0.104017076329884,0.647832615847941,0.848510842608036,"glutaminyl-tRNA synthetase","liver"
"LOC115111163",85.0287796124424,0.0249947815418629,0.091243295951334,0.67894175538199,0.865342900230454,"basic leucine zipper and W2 domain-containing protein 1-A","liver"
"gstz1",487.531872625576,0.0249860950193358,0.101058606010183,0.660465949891759,0.854759755834176,"glutathione S-transferase zeta 1, transcript variant X1","liver"
"LOC115125824",158.234371453339,0.0249524752186706,0.103599854503534,0.651287949852591,0.851122053093671,"heparanase-like, transcript variant X1","liver"
"upb1",184.75425377842,0.024919772813187,0.111562244672593,0.596356404630775,0.815687484991624,"beta-ureidopropionase 1","liver"
"rnf10",138.650977370282,0.0246159749020165,0.0810882852026076,0.68309662142228,0.869008061459805,"ring finger protein 10","liver"
"LOC115112837",60.3146073592506,0.024613834775466,0.0911269722808854,0.683650701094834,0.869229610243837,"protein phosphatase 1 regulatory subunit 21-like, transcript variant X2","liver"
"LOC115129805",58.2264822206146,0.0245160081495236,0.0918460128613554,0.684251529681284,0.869229610243837,"guanine nucleotide-binding protein subunit alpha-11-like, transcript variant X3","liver"
"LOC115111740",158.559445844915,0.024407678705891,0.0996061199337808,0.672147296839034,0.861687651672654,"fumarylacetoacetate hydrolase domain-containing protein 2-like, transcript variant X2","liver"
"LOC115118596",93.6616457517898,0.0243331670632998,0.0936536994462165,0.684575421528637,0.869229610243837,"prostaglandin E synthase 3-like","liver"
"LOC115110440",121.828256174571,0.0243194081417149,0.0679314182929254,0.665134674218572,0.857939535479398,"splicing factor 3B subunit 1, transcript variant X7","liver"
"LOC115137001",234.755570339411,0.024290640252736,0.0708126998809689,0.672191941567041,0.861687651672654,"14-3-3 protein epsilon-like, transcript variant X2","liver"
"LOC115137093",106.870818798726,0.0242713622478905,0.0822452499889173,0.688099310445961,0.870358242046126,"cleft lip and palate transmembrane protein 1 homolog, transcript variant X3","liver"
"LOC115143334",63.5112401263357,0.0242551732332763,0.107633644814655,0.638951077892975,0.843720700940341,"dolichyl-diphosphooligosaccharide--protein glycosyltransferase subunit 1-like","liver"
"LOC115131922",398.641916934804,0.0242513532510018,0.102142723487566,0.666124028572768,0.858682622301968,"glucose-6-phosphate 1-dehydrogenase, transcript variant X4","liver"
"LOC115116084",88.519244385253,0.02420964191081,0.0746200983135124,0.680320485313125,0.866558218167593,"YTH domain-containing family protein 1-like, transcript variant X2","liver"
"LOC115109414",76.5359241433974,0.0240439544518446,0.089500518771769,0.6915556505943,0.872921777341519,"tropomyosin alpha-1 chain-like, transcript variant X8","liver"
"fabp1",108.576747450215,0.0239580894403619,0.117476168367807,0.510695678618188,0.760144684417698,"fatty acid binding protein 1","liver"
"LOC115110565",127.932638540939,0.0238969851997442,0.0964665844664586,0.685659007347782,0.869229610243837,"transmembrane protein 205-like","liver"
"ddx5",74.9649828825674,0.0238737716122285,0.105449349348339,0.656805379033457,0.853715571026587,"DEAD-box helicase 5, transcript variant X1","liver"
"LOC115133180",104.33894068863,0.0238162744783281,0.105894066843326,0.655252488878174,0.853670707268556,"cyclin-dependent kinase inhibitor 1B-like","liver"
"LOC115102722",88.3824089134319,0.0238073464799879,0.111336019937745,0.614989692302805,0.831133284425144,"elongation factor 2-like","liver"
"rnf212b",69.2547214882477,0.0237036563293599,0.103407155887115,0.668385901543956,0.859180422952549,"ring finger protein 212B, transcript variant X2","liver"
"LOC115128522",295.995048631517,0.0235977031740435,0.101137579896337,0.677934496601355,0.864870425085172,"KH domain-containing, RNA-binding, signal transduction-associated protein 3-like, transcript variant X1","liver"
"LOC115101669",205.323548205014,0.023483294429112,0.114948300794561,0.572661050637564,0.79867092571223,"pancreatic progenitor cell differentiation and proliferation factor","liver"
"LOC115120982",544.264880626261,0.0234398441156371,0.104475346198635,0.667276394776155,0.859180422952549,"protein FAM3C-like, transcript variant X1","liver"
"tmem62",213.140881602223,0.0234371118173468,0.0770866908696052,0.69347293115072,0.874565491141811,"transmembrane protein 62, transcript variant X2","liver"
"LOC115108369",129.317297555366,0.0233690980913748,0.0862875794698485,0.700419014906066,0.878359688644006,"vesicle-trafficking protein SEC22b-B, transcript variant X1","liver"
"lars",93.2300179725378,0.0233241967013808,0.0918726885830929,0.698789785867572,0.878359688644006,"leucyl-tRNA synthetase","liver"
"LOC115140844",75.5300582556477,0.0233009657930189,0.0746534938579087,0.691741251426179,0.872921777341519,"zinc finger protein 696-like, transcript variant X2","liver"
"fam114a2",90.9660583170095,0.0232865868837328,0.0899344366867608,0.700575894941527,0.878359688644006,"family with sequence similarity 114 member A2, transcript variant X1","liver"
"LOC115117569",89.2585501461724,0.0231597236704301,0.0855860498936377,0.702909525446915,0.879799605594775,"retinoic acid receptor RXR-alpha-A-like","liver"
"LOC115118137",60.7027353820465,0.0231404830406953,0.10840591804195,0.649204944784275,0.849294294651073,"dual specificity protein phosphatase 7-like","liver"
"LOC115130874",61.6071033147416,0.0231205376767126,0.0890626030365378,0.702995416205441,0.879799605594775,"mediator of RNA polymerase II transcription subunit 12","liver"
"LOC115115291",205.66722992179,0.0230736553136255,0.114956914093214,0.579115048479475,0.803012128208193,"pancreatic progenitor cell differentiation and proliferation factor","liver"
"LOC115137943",87.3125693005691,0.0230162729618373,0.0714419051442201,0.689712614874343,0.871170938403415,"splicing factor 3B subunit 2-like, transcript variant X1","liver"
"LOC115145050",125.565088429405,0.0229966101746637,0.0952445409924473,0.698887508560597,0.878359688644006,"zinc finger protein 774-like, transcript variant X2","liver"
"LOC115133377",74.0847082363487,0.0229923469306505,0.10683848039819,0.661201548121972,0.854759755834176,"calpain-1 catalytic subunit-like, transcript variant X4","liver"
"LOC115102123",76.9513278535293,0.0229659124138153,0.107267403072978,0.659026309849586,0.854596863619836,"annexin A7-like","liver"
"LOC115135924",1479.38690387632,0.0228677499671991,0.110088933764618,0.640225546162166,0.843720700940341,"polyubiquitin-B","liver"
"LOC115111622",165.312692797291,0.0228254661245638,0.086814681674186,0.707059024826501,0.882146490723238,"26S proteasome non-ATPase regulatory subunit 9-like","liver"
"ergic3",684.095108772094,0.0226312960105391,0.0917200070692557,0.707433967755722,0.882287726690895,"ERGIC and golgi 3","liver"
"LOC115129448",205.870535421621,0.0224335813396507,0.107078250709813,0.667516940764159,0.859180422952549,"malate synthase-like, transcript variant X2","liver"
"LOC115141610",89.9016168364642,0.0223762960053843,0.117707711244552,0.532030707336648,0.769709401192759,"putative uncharacterized protein DDB_G0292636, transcript variant X2","liver"
"LOC115141220",144.743581187829,0.0223481020143989,0.0806332564817928,0.710562213393946,0.884351628028618,"MAP7 domain-containing protein 1-like, transcript variant X3","liver"
"LOC115103222",119.10301329907,0.0223281334896766,0.0779213139496568,0.708254524468255,0.882287726690895,"thioredoxin reductase-like selenoprotein T1a","liver"
"smarcd3",301.312446953192,0.0222791373061839,0.0885030698177211,0.713488823646684,0.886819001174329,"SWI/SNF related, matrix associated, actin dependent regulator of chromatin, subfamily d, member 3, transcript variant X5","liver"
"LOC115131604",634.548851434823,0.0222397461719599,0.101360102402092,0.694778820435478,0.875647114407225,"class I histocompatibility antigen, F10 alpha chain-like, transcript variant X1","liver"
"eef1d",268.372052628883,0.0222237513545043,0.084114487233297,0.714027871658296,0.886819001174329,"eukaryotic translation elongation factor 1 delta, transcript variant X5","liver"
"LOC115107524",452.756444972008,0.0221289508849173,0.105993427602787,0.677633515819731,0.864757110357302,"cholesterol 24-hydroxylase-like, transcript variant X1","liver"
"naa15",97.6524347758555,0.0221015566769291,0.0877831406509304,0.715833644987274,0.888419544471221,"N(alpha)-acetyltransferase 15, NatA auxiliary subunit","liver"
"LOC115110035",9246.44828049155,0.0219992134171309,0.10489183497287,0.684686655505746,0.869229610243837,"nuclear protein 1-like, transcript variant X2","liver"
"LOC115114758",128.402533298821,0.0219888399391027,0.114418360355624,0.605162684234008,0.824688432276101,"purine nucleoside phosphorylase-like","liver"
"LOC115113042",80.6073538804306,0.0219640461422302,0.0985575416460241,0.705731165366953,0.881223048482612,"leucine-rich repeat-containing protein 1-like","liver"
"LOC115107741",196.253631823305,0.0217557240767769,0.0794598811723771,0.716926989958669,0.888745258841707,"solute carrier family 22 member 2-like","liver"
"LOC115105495",1619.9349198894,0.0217269313953909,0.0785565249124974,0.716425307488145,0.888419544471221,"membrane-associated progesterone receptor component 1-like","liver"
"LOC115134338",883.053516007347,0.0217269209662568,0.109537880014592,0.661175599766571,0.854759755834176,"carboxylesterase 5A-like, transcript variant X1","liver"
"LOC115108036",103.408686600624,0.0217000433049104,0.114594740313947,0.607205279950041,0.825425316763068,"SAM and SH3 domain-containing protein 1-like, transcript variant X2","liver"
"LOC115109332",57.4832711921175,0.0216645544835912,0.102510287037728,0.698554426695704,0.878359688644006,"coactosin-like protein","liver"
"LOC115111476",222.903163613712,0.0216246834958252,0.105683171810407,0.686076934879087,0.869229610243837,"glutathione S-transferase theta-1-like","liver"
"LOC115131842",58.9937061360002,0.0216153038927978,0.0799692563861642,0.719115595637576,0.889788021284765,"MAP kinase-activated protein kinase 2-like","liver"
"LOC115108263",129.37228359816,0.0216064346224419,0.0885872742103814,0.721744732057528,0.890643351660368,"tight junction protein ZO-3-like","liver"
"LOC115105605",62.2557157954482,0.0215951004643758,0.0875822011345587,0.722098993226361,0.890643351660368,"arrestin red cell, transcript variant X4","liver"
"LOC115141591",190.47032354742,0.0215823352682316,0.0769281266085653,0.716446281324068,0.888419544471221,"14-3-3 protein epsilon-like, transcript variant X3","liver"
"LOC115113389",154.416189215096,0.0215782279846826,0.102268603100544,0.700510586818707,0.878359688644006,"pterin-4-alpha-carbinolamine dehydratase-like","liver"
"LOC115136181",118.509984325852,0.0215478102504023,0.0829995389185691,0.721918832319985,0.890643351660368,"ubiquitin-conjugating enzyme E2 B-like","liver"
"LOC115132516",80.0278811179255,0.0215061001371311,0.112064812754481,0.642045599740415,0.844861624160791,"glucose-6-phosphate 1-dehydrogenase-like, transcript variant X3","liver"
"LOC115138265",102.77996335826,0.0214354892035678,0.108466809457305,0.672942592734677,0.861687651672654,"bifunctional glutamate/proline--tRNA ligase-like","liver"
"LOC115128559",808.211051881855,0.0213753919233931,0.0938165215748552,0.72097230783426,0.890391307088294,"60S ribosomal protein L15","liver"
"LOC115131557",94.4701695889958,0.0213674493583736,0.105720394838884,0.689420794773783,0.871170938403415,"acidic leucine-rich nuclear phosphoprotein 32 family member E-like","liver"
"LOC115101259",368.277622908147,0.0213654020064331,0.0938186992521641,0.721094628238091,0.890391307088294,"vitamin K-dependent gamma-carboxylase-like","liver"
"LOC115107410",60.5616126369038,0.0213566244106727,0.0781914287761324,0.720684037405334,0.890391307088294,"protein FAM122A-like, transcript variant X2","liver"
"LOC115147095",60.3297964738405,0.0212674884454784,0.101636336652937,0.706620878892414,0.88186978027112,"spectrin alpha chain, non-erythrocytic 1-like, transcript variant X5","liver"
"LOC115133554",129.106143017616,0.0212081026568643,0.0920316589710567,0.724796155254302,0.89172023206053,"protein transport protein Sec24D-like","liver"
"LOC115138520",70.5594755691191,0.0211720800175474,0.120762153437632,0.429819363767516,0.697735722521961,"C-type lectin domain family 4 member K-like","liver"
"LOC115137062",228.332135364304,0.0211406339071281,0.086340905431142,0.727776489261383,0.89430719633084,"transmembrane protease serine 4-like, transcript variant X3","liver"
"mmp2",82.5141464029004,0.0209694745719468,0.114352003992554,0.622718703169795,0.834934682276343,"matrix metallopeptidase 2","liver"
"LOC115139788",179.957447218744,0.0209400837046653,0.0949574856299434,0.725018797145216,0.891724990091702,"riboflavin kinase-like, transcript variant X2","liver"
"LOC115102925",297.8621558074,0.020894353609043,0.108348102898593,0.681453365883598,0.867459062879933,"alanine aminotransferase 2-like, transcript variant X2","liver"
"LOC115102909",299.002391956272,0.0208651756981189,0.102812785165349,0.708104139722616,0.882287726690895,"microsomal glutathione S-transferase 3-like, transcript variant X1","liver"
"LOC115102750",80.2219845783807,0.0208439611579729,0.118125507156184,0.548204115821694,0.779584923708898,"C-C motif chemokine 2-like, transcript variant X1","liver"
"LOC115134122",88.3591088023657,0.0208206432693545,0.110089613099449,0.670208523681362,0.860671059396734,"fatty acyl-CoA hydrolase precursor, medium chain-like, transcript variant X1","liver"
"LOC115144155",355.33947093047,0.0208192164177999,0.111372476025262,0.659312577951532,0.854596863619836,"sulfotransferase family cytosolic 2B member 1-like","liver"
"LOC115114230",74.7647932298001,0.0207778330131868,0.087774285917478,0.732168495051652,0.897947443519878,"pyroglutamyl-peptidase 1-like","liver"
"prelid1",63.8611282296314,0.0207572618264322,0.0830034024224943,0.731717881154121,0.897947443519878,"PRELI domain containing 1, transcript variant X1","liver"
"LOC115104207",91.4514871985682,0.0207123779766165,0.0899702337158104,0.732280986815524,0.897947443519878,"DNA-directed RNA polymerase III subunit RPC10","liver"
"LOC115131383",155.767019911129,0.0207102454726616,0.105825192658649,0.697963562012281,0.878055394679647,"zinc finger protein 40-like, transcript variant X1","liver"
"LOC115106603",262.823546443931,0.0206585420407978,0.105608782334276,0.699692561234877,0.878359688644006,"heparan sulfate glucosamine 3-O-sulfotransferase 2-like, transcript variant X3","liver"
"nhlrc3",68.4602539950188,0.0205669943694182,0.101803110540697,0.715329232024992,0.888115123281714,"NHL repeat containing 3","liver"
"LOC115104290",317.826771815123,0.0203782108089548,0.0825549105384673,0.736222488460891,0.899776650646046,"probable ATP-dependent RNA helicase DDX5, transcript variant X2","liver"
"LOC115117536",189.803307176738,0.0203603992320878,0.0979654524369448,0.727472733263471,0.894203516520479,"AP-1 complex subunit mu-2-like","liver"
"LOC115103897",75.5024549363481,0.0202902941515787,0.119479798100439,0.512419540896431,0.760144684417698,"UTP--glucose-1-phosphate uridylyltransferase-like, transcript variant X2","liver"
"LOC115122566",627.724408438715,0.0202613773323562,0.0831844430119188,0.73796324683297,0.900310743517266,"elongation factor 1-gamma, transcript variant X2","liver"
"LOC115108213",224.331631207422,0.0201840604216649,0.114160125906636,0.638264652221734,0.843720700940341,"cystathionine gamma-lyase-like, transcript variant X2","liver"
"LOC115105801",91.4250310965413,0.0201688693437173,0.0932929352003845,0.736642463985735,0.899776650646046,"triosephosphate isomerase B-like","liver"
"LOC115139612",93.7681877096368,0.020155968078016,0.112779481654426,0.655465701782863,0.853670707268556,"pepsin A-like","liver"
"LOC115139150",126.483546828451,0.0201332944498102,0.0903394852954975,0.739302596693792,0.900342680539803,"26S proteasome regulatory subunit 4-like","liver"
"LOC115131667",59.7630338198256,0.0201221294287935,0.0978619561441421,0.730729897714201,0.897395318795747,"zinc finger protein 706-like, transcript variant X1","liver"
"LOC115117084",3321.01172430274,0.0201067890212133,0.0908754797935122,0.739333221095123,0.900342680539803,"glycine-rich RNA-binding protein GRP1A-like","liver"
"LOC115104995",242.159630843749,0.0200786297622976,0.11498171192743,0.628223292397014,0.838453876820639,"lipocalin-like","liver"
"LOC115141467",64.6791376443717,0.0200673084648684,0.0902879729984754,0.740151964016645,0.900731349373448,"RNA-binding protein FUS-like, transcript variant X1","liver"
"LOC115144331",110.882608289425,0.0200617434923405,0.0896049917750768,0.740536308552567,0.900731349373448,"interferon gamma receptor 1-like, transcript variant X1","liver"
"LOC115123030",113.880521044166,0.0198919009083195,0.0732457647491994,0.732969265002454,0.898250969377632,"heterogeneous nuclear ribonucleoprotein H-like, transcript variant X2","liver"
"LOC115129308",407.994546069041,0.0198440637894839,0.0633134633164278,0.712811817972305,0.886339527167516,"heterogeneous nuclear ribonucleoprotein A0-like","liver"
"LOC115110162",149.785154948955,0.0198249439845567,0.112876329463176,0.659664977003118,0.854670834794885,"proline-rich protein 15-like protein A","liver"
"LOC115119682",87.8896961547174,0.0196176389258965,0.0899972653018463,0.745906535210705,0.903511155280486,"protein transport protein Sec16B-like","liver"
"LOC115111366",13589.4154861919,0.0195879584853827,0.111096405611046,0.680537888276911,0.866564333838391,"alpha-1-antitrypsin-like protein CM55-ST","liver"
"LOC115122653",195.280846887684,0.0195565645267899,0.0929289441214898,0.744686553166044,0.903252528855702,"tyrosine-protein kinase ABL1-like, transcript variant X1","liver"
"LOC115141164",177.879970989094,0.0193918812182685,0.0912497496614925,0.748046715826507,0.904230083892442,"26S proteasome regulatory subunit 6B-like","liver"
"LOC115136894",385.438210032915,0.019369568291472,0.0997368328689201,0.736547458190412,0.899776650646046,"alpha-2-macroglobulin-like, transcript variant X2","liver"
"LOC115136081",76.08274847344,0.0193612548063078,0.113465005778996,0.660464129580011,0.854759755834176,"ubiquitin carboxyl-terminal hydrolase 2-like","liver"
"LOC115128708",2492.29394525075,0.0193285746195046,0.121774572590981,0.392974442962071,0.668515788611603,"BPTI/Kunitz domain-containing protein-like, transcript variant X1","liver"
"allc",185.139542114282,0.0192862962581485,0.092541552694836,0.7484256847796,0.904230083892442,"allantoicase","liver"
"wars",70.0206518195657,0.0192603358656198,0.101826308363851,0.732589583195602,0.898055681535421,"tryptophanyl-tRNA synthetase","liver"
"LOC115104965",123.186899926213,0.0192160696055949,0.0873370130091933,0.751653437425382,0.906163682622259,"protein Aster-C-like, transcript variant X1","liver"
"LOC115109488",11153.4340130168,0.0191731481575019,0.122190379367653,0.353321537191724,0.633584947467429,"zona pellucida sperm-binding protein 4-like","liver"
"LOC115102834",60.9818211070143,0.0191209347950901,0.110861561412535,0.689625608160844,0.871170938403415,"eukaryotic translation initiation factor 3 subunit F-like, transcript variant X1","liver"
"rfng",90.377316654815,0.0190811378496,0.0910895835530101,0.752045988369341,0.906368849377124,"RFNG O-fucosylpeptide 3-beta-N-acetylglucosaminyltransferase","liver"
"LOC115106911",1693.94527394678,0.0190540560583248,0.112405921068364,0.676830512271742,0.86413714634781,"peroxisomal succinyl-coenzyme A thioesterase-like, transcript variant X1","liver"
"LOC115106922",1351.83896424648,0.0190307783535355,0.121379075585598,0.433470573306827,0.700010323612769,"galactose-specific lectin nattectin-like, transcript variant X2","liver"
"LOC115105658",72.0717238753185,0.0189430393742532,0.0883739971602258,0.754897674393459,0.907692263674908,"long-chain-fatty-acid--CoA ligase 4-like, transcript variant X2","liver"
"LOC115112471",72.5724489884863,0.018917228129503,0.0924531048626723,0.753149293953606,0.907065404811219,"la-related protein 6-like","liver"
"LOC115102093",474.593982869999,0.0188534814640834,0.0772638351884127,0.75136804623491,0.906087620252513,"cellular nucleic acid-binding protein-like, transcript variant X1","liver"
"LOC115145279",66.7557993477301,0.0187983756133359,0.0935648306288459,0.753661657270861,0.907065404811219,"zinc finger Ran-binding domain-containing protein 2-like, transcript variant X2","liver"
"LOC115102591",86.469770207885,0.0187603422699738,0.0692709351641474,0.741060211446169,0.900731349373448,"serine/threonine-protein kinase 38, transcript variant X3","liver"
"LOC115127937",132.491871403811,0.0187314445355851,0.0810753819223024,0.756036841778288,0.908746723189786,"60S ribosomal protein L30-like","liver"
"LOC115135237",138.849863916484,0.0186720596763189,0.0728838705730815,0.74824745652734,0.904230083892442,"14-3-3 protein beta/alpha-1","liver"
"LOC115126955",159.063206211773,0.0186341496980614,0.0900028333599943,0.758226448210884,0.910050354213063,"catenin delta-1-like","liver"
"LOC115132962",110.190816998401,0.018551464398883,0.0790329798934221,0.756841846732166,0.908746723189786,"ubiquitin-conjugating enzyme E2 N-like","liver"
"LOC115139496",640.806768120898,0.0184434396022406,0.10525382650245,0.731923227574853,0.897947443519878,"monocarboxylate transporter 10-like","liver"
"LOC115137315",74.6488627491138,0.0184042882248235,0.107319673274486,0.72307318586506,0.89094507424002,"coiled-coil domain-containing protein 86-like","liver"
"LOC115101326",89.2041722632278,0.0182237142476987,0.0897842684303396,0.763478963089123,0.91335623489441,"barrier-to-autointegration factor-like","liver"
"LOC115141510",11812.1714223888,0.0182163188272893,0.105416057414833,0.734433613968374,0.898462032230135,"transcobalamin-1-like","liver"
"LOC115119397",152.075018433297,0.0180625987171853,0.0997912322618135,0.753579805733361,0.907065404811219,"ubiquitin carboxyl-terminal hydrolase CYLD-like","liver"
"LOC115144719",79.3792469701598,0.0180267636995369,0.0993792652390138,0.754925606932762,0.907692263674908,"E3 ubiquitin/ISG15 ligase TRIM25-like, transcript variant X4","liver"
"LOC115145842",77.2322453111395,0.0180198313403388,0.0934146706980126,0.763683960933802,0.91335623489441,"ribosomal protein S6 kinase beta-2-like, transcript variant X3","liver"
"LOC115121166",104.782826469566,0.0180139019486484,0.102097110942664,0.748508603554808,0.904230083892442,"progranulin-like, transcript variant X3","liver"
"LOC115110595",93.5969142548108,0.0179701644298255,0.120581885953261,0.509887889246373,0.759891421048708,"mitochondrial glycine transporter B-like, transcript variant X3","liver"
"LOC115126112",83.9754147272381,0.0178968301514091,0.0855639145504148,0.768171524249206,0.915784478748102,"GTP-binding protein 1-like, transcript variant X2","liver"
"LOC115118114",86.2450717082728,0.0178676385084555,0.0978013995086635,0.759974182183354,0.911879530932985,"bromodomain-containing protein 9-like","liver"
"LOC115102248",1606.97388582527,0.0178135258016733,0.0867652280633825,0.769270886678126,0.916357314296108,"cold shock domain-containing protein E1-like, transcript variant X14","liver"
"LOC115114676",264.534565516682,0.0177651817995206,0.113562032606371,0.685603892113582,0.869229610243837,"putative leucine-rich repeat-containing protein DDB_G0290503","liver"
"LOC115118343",93.1185161761163,0.017688443594163,0.0919415549722195,0.769067588057229,0.916357314296108,"NADH dehydrogenase [ubiquinone] 1 beta subcomplex subunit 2, mitochondrial-like","liver"
"LOC115143523",100.223848660521,0.0176816549427845,0.112761091387793,0.695357383076376,0.875858063479391,"PRELI domain containing protein 3B-like","liver"
"LOC115104219",104.94187657336,0.0176327202469889,0.116475677220451,0.64634527791837,0.847664930006617,"hemoglobin subunit alpha-like","liver"
"LOC115104203",99.9913367643125,0.0175525781705054,0.119149846376254,0.581151633569972,0.804064514063545,"insulin-like growth factor-binding protein complex acid labile subunit","liver"
"LOC115133545",74.8663955943536,0.0174546714425407,0.0859467583947383,0.773772414199504,0.919152526966405,"adhesion G protein-coupled receptor L3-like, transcript variant X2","liver"
"LOC115133563",102.264935388237,0.0173749694432876,0.0831014225539496,0.774153735298251,0.919152526966405,"nuclear factor 1 B-type-like, transcript variant X6","liver"
"ifrd1",1193.18584837606,0.0173143282155175,0.0986077676211573,0.765777934313894,0.914267973129301,"interferon related developmental regulator 1","liver"
"LOC115106505",307.359782572369,0.0172949885634407,0.0974582724031353,0.767987351440382,0.915784478748102,"transmembrane protein 150A-like, transcript variant X1","liver"
"LOC115114687",305.48669038997,0.0172773386114875,0.0827851529860743,0.775267112982179,0.919670766156974,"proteasome subunit beta type-5-like","liver"
"LOC115135748",70.895644115456,0.0172584059155547,0.100962507631092,0.76158483617346,0.912974553329921,"moesin, transcript variant X1","liver"
"LOC115101994",313.105784951628,0.017228685921384,0.107423639040708,0.739535646331516,0.900342680539803,"deoxynucleoside triphosphate triphosphohydrolase SAMHD1-like, transcript variant X1","liver"
"LOC115132237",94.1144826284153,0.0171981150496743,0.0883272938563635,0.776845235029129,0.921006741704109,"msx2-interacting protein-like, transcript variant X1","liver"
"LOC115114709",197.87106778307,0.0171320541727586,0.113254402683141,0.699404313197131,0.878359688644006,"phospholipid hydroperoxide glutathione peroxidase-like, transcript variant X1","liver"
"LOC115109604",201.580778417544,0.0171053331369951,0.0770068457637162,0.773514889597599,0.919152526966405,"CCR4-NOT transcription complex subunit 1, transcript variant X1","liver"
"LOC115133487",59.7561778986088,0.0170045949480324,0.0895429084462196,0.778954639757627,0.921915924490754,"small ubiquitin-related modifier 1","liver"
"LOC115124110",82.31949778083,0.0169825310949862,0.0870713670367445,0.77973268869024,0.921915924490754,"T-complex protein 1 subunit theta-like","liver"
"LOC115128472",110.176262352515,0.0169334623799844,0.0732566943729308,0.771493360926632,0.918070421469318,"transmembrane protein 79-like, transcript variant X2","liver"
"LOC115119595",88.4005228770543,0.0169176370962188,0.0804433703966341,0.778635158406252,0.921915924490754,"talin-1-like","liver"
"ranbp1",89.8462734239104,0.0169104348031959,0.0734668588754267,0.77206811928095,0.918281194686067,"RAN binding protein 1","liver"
"LOC115106789",111.776677815656,0.0167770138539427,0.0845651931516738,0.782138188584588,0.922986466899473,"AP-2 complex subunit mu, transcript variant X2","liver"
"rps20",1183.43526798755,0.0167741869930112,0.0982804794361989,0.773440814847242,0.919152526966405,"ribosomal protein S20","liver"
"LOC115138397",441.050549501338,0.0167129538875468,0.111864963463643,0.719070639163901,0.889788021284765,"glutaminyl-peptide cyclotransferase-like","liver"
"LOC115130119",74.2750160823025,0.0166373472891171,0.109243302160052,0.738540426672093,0.900342680539803,"V-type proton ATPase catalytic subunit A-like, transcript variant X3","liver"
"LOC115102067",69.4426485981665,0.016565181681409,0.107757800019547,0.747584801083434,0.904230083892442,"cytosolic sulfotransferase 2-like","liver"
"LOC115120053",57.9187836126843,0.0165626175653276,0.0810426096321226,0.78351045171374,0.923269326737556,"nudC domain-containing protein 3-like","liver"
"LOC115111577",148.561841105689,0.0165357216320885,0.0941023649466956,0.782002092801207,0.922986466899473,"indoleamine 2,3-dioxygenase 2-like","liver"
"LOC115103753",61.1763113453732,0.0165049201373847,0.0815172843314049,0.784496366087069,0.923773647406006,"WAS/WASL-interacting protein family member 2-like","liver"
"LOC115114571",288.439564488435,0.0164851410230938,0.10674982818462,0.753401161995933,0.907065404811219,"5-beta-cholestane-3-alpha,7-alpha-diol 12-alpha-hydroxylase-like","liver"
"LOC115140075",69.1902530037292,0.0162677695990112,0.0860890644705756,0.788780388971935,0.925310532724739,"arginine/serine-rich coiled-coil protein 2-like","liver"
"LOC115120904",70.5621427130337,0.0162120299854665,0.087387917774594,0.789458267606938,0.925360553997672,"endoplasmic reticulum lectin 1-like","liver"
"LOC115109601",877.724930398768,0.0162004754247704,0.0951022554136322,0.785299751190362,0.923786711498358,"fibroblast growth factor 23-like","liver"
"LOC115140149",111.854373356689,0.0161918931409739,0.0857224031266914,0.789718076020922,0.925360553997672,"transitional endoplasmic reticulum ATPase","liver"
"LOC115142758",173.910351991396,0.016089271103107,0.0924185055938901,0.789101916523845,0.925310532724739,"isocitrate dehydrogenase [NAD] subunit beta, mitochondrial-like, transcript variant X2","liver"
"tubd1",61.9928494757997,0.0160767530682295,0.12172650383056,0.477071448992587,0.733165339596667,"tubulin delta 1, transcript variant X2","liver"
"LOC115140962",2652.63007460565,0.0160575923351451,0.110314115773393,0.740781830575918,0.900731349373448,"metalloreductase STEAP4-like, transcript variant X1","liver"
"LOC115145185",527.023805363765,0.0159277185234166,0.0930423653738283,0.790715189758039,0.925796491387729,"60S ribosomal protein L5","liver"
"LOC115107603",5224.99104130277,0.015923542312055,0.104672271767947,0.769326479274112,0.916357314296108,"heat shock protein HSP 90-beta-like","liver"
"LOC115145817",580.504947831381,0.0158351914372568,0.0810611396106756,0.792804990654679,0.926075391590294,"microsomal triglyceride transfer protein-like","liver"
"LOC115122139",195.008245645031,0.0158279557068359,0.116900549061978,0.672552155155058,0.861687651672654,"arginase-2, mitochondrial-like","liver"
"LOC115145221",111.486103562792,0.0158261568144596,0.0740992462037221,0.787062671206376,0.923982559860941,"jupiter microtubule associated homolog 2-like","liver"
"LOC115141505",62.1312013316525,0.0158117187662029,0.08259400703364,0.793804852928504,0.92629504166521,"porphobilinogen deaminase-like, transcript variant X2","liver"
"LOC115108229",233.534613980618,0.0157991619445827,0.095699273525672,0.789825654405766,0.925360553997672,"calreticulin-like","liver"
"LOC115128688",65.2363889611197,0.0157683169199999,0.0805676081599314,0.793389417917886,0.926075391590294,"vacuolar protein sorting-associated protein 28 homolog","liver"
"LOC115101136",69.1332485155312,0.0156840779503667,0.102089689848013,0.780100103917716,0.921915924490754,"intracellular hyaluronan-binding protein 4-like, transcript variant X2","liver"
"LOC115135087",90.0930006326727,0.0156229808699537,0.0764393627708372,0.792155809237585,0.926075391590294,"survival of motor neuron-related-splicing factor 30-like","liver"
"LOC115146226",99.5338240328544,0.0155884454320142,0.100542236842376,0.7849117672785,0.923786711498358,"transmembrane emp24 domain-containing protein 10-like","liver"
"LOC115143323",423.705531647687,0.0155174344169342,0.0754371957610868,0.792555317733025,0.926075391590294,"succinate--CoA ligase [GDP-forming] subunit beta, mitochondrial-like, transcript variant X1","liver"
"LOC115110691",228.694675936264,0.0154303969791196,0.0833117102038044,0.798914805775232,0.929850269135189,"serine/arginine-rich splicing factor 2-like, transcript variant X2","liver"
"LOC115138588",88.9429029461917,0.0154221581783212,0.0968741729643588,0.79328101036542,0.926075391590294,"eukaryotic translation initiation factor 5-like","liver"
"LOC115139674",304.256624517933,0.0153944260234827,0.0913775578186354,0.798626246247083,0.929791653728395,"ADP-ribosylation factor-like protein 6-interacting protein 4","liver"
"LOC115130267",68.2274268805151,0.015348571073846,0.072970405798991,0.79201834851295,0.926075391590294,"ATP-dependent zinc metalloprotease YME1L1-like, transcript variant X2","liver"
"LOC115123005",83.2065956566675,0.0153276579685365,0.103914689014213,0.780055716157249,0.921915924490754,"butyrophilin subfamily 1 member A1-like, transcript variant X1","liver"
"kdsr",64.615685343599,0.0152831791547759,0.0904454165201352,0.800492251702704,0.929850269135189,"3-ketodihydrosphingosine reductase, transcript variant X2","liver"
"LOC115141125",114.764924474538,0.0152579345256319,0.101793358979285,0.786623609165831,0.923982559860941,"nuclear receptor subfamily 1 group D member 2-like","liver"
"LOC115123308",110.50806353157,0.0152284980055881,0.108283251290962,0.764815160075717,0.914189616559714,"peroxiredoxin-1-like, transcript variant X1","liver"
"LOC115129302",76.4866369054033,0.0152009189585142,0.103417437730555,0.783250873708542,0.923269326737556,"fibroblast growth factor receptor-like 1, transcript variant X1","liver"
"LOC115138154",4268.84170731265,0.0151907067109715,0.09235695656911,0.800658187662005,0.929850269135189,"sex hormone-binding globulin-like","liver"
"LOC115134191",410.976022975315,0.0151780738971794,0.121562175413967,0.514393828593116,0.761263014833398,"zona pellucida sperm-binding protein 4-like","liver"
"LOC115124453",6817.65859565108,0.0150189891240545,0.0758063880146584,0.799430656737934,0.929850269135189,"trypsin inhibitor ClTI-1-like","liver"
"LOC115121129",344.331386943329,0.0150024159802637,0.108432322139771,0.767477847156625,0.915725033421885,"L-threonine 3-dehydrogenase, mitochondrial-like, transcript variant X2","liver"
"LOC115129443",64.6855428214534,0.0149433402331548,0.107213504984512,0.773862516491806,0.919152526966405,"forkhead box protein O4-like","liver"
"prrc1",63.6462081331716,0.0149283721291269,0.0869540910486981,0.805803269931228,0.931458852222038,"proline rich coiled-coil 1, transcript variant X2","liver"
"LOC115127115",114.601285521578,0.0149061274005553,0.0887847245106711,0.805840935952587,0.931458852222038,"cyclin-L1-like, transcript variant X1","liver"
"LOC115130738",227.540625645437,0.0148829572201173,0.106105502686886,0.779102209693106,0.921915924490754,"RE1-silencing transcription factor B-like","liver"
"LOC115110411",142.551131059101,0.0148510444345129,0.0927413366241129,0.804768875191886,0.931458852222038,"hsc70-interacting protein-like, transcript variant X1","liver"
"LOC115102799",66.0310977426324,0.0148283685971093,0.090040451992441,0.806463152342498,0.931458852222038,"coatomer subunit alpha-like","liver"
"LOC115141144",134.894150136168,0.0148027638641379,0.0833421495285509,0.806936340797163,0.931458852222038,"probable Bax inhibitor 1, transcript variant X2","liver"
"LOC115144704",62.3422760136165,0.0147722595657855,0.0821828010962651,0.806924774005361,0.931458852222038,"apoptosis inhibitor 5-like, transcript variant X1","liver"
"LOC115109103",69.2598689442176,0.0146530083157222,0.0857929046876464,0.809297843040197,0.932625956525825,"lipoamide acyltransferase component of branched-chain alpha-keto acid dehydrogenase complex, mitochondrial-like","liver"
"LOC115128678",58.7540173072789,0.0146104549781489,0.0798550527872002,0.807851289533099,0.931749251878017,"ubiquilin-4-like","liver"
"LOC115144468",164.151637312391,0.0144213784220873,0.097548642537942,0.805531419013882,0.931458852222038,"ribosome-binding protein 1-like, transcript variant X4","liver"
"LOC115142842",84.4507948182442,0.0143687641290755,0.0782739978395969,0.809945673816809,0.932845031499665,"replication termination factor 2-like, transcript variant X2","liver"
"tp53i3",60.7714101371271,0.0143587065770451,0.102015374464315,0.798406511105956,0.929791653728395,"tumor protein p53 inducible protein 3, transcript variant X5","liver"
"LOC115113326",68.7189724628059,0.0143363263384734,0.107208380136926,0.782812197821547,0.923247256458514,"mRNA decay activator protein ZFP36L2-A-like","liver"
"LOC115133954",258.319942543559,0.0142655434982842,0.0731391788156489,0.806581757521327,0.931458852222038,"eukaryotic translation initiation factor 4 gamma 2-like","liver"
"LOC115116331",92.7100572592544,0.0142575102101202,0.0825767839625673,0.813670138851914,0.935812496038487,"chromobox protein homolog 3-like, transcript variant X2","liver"
"LOC115107587",124.138397004646,0.0141910528532276,0.0994952320361736,0.805637282065062,0.931458852222038,"ezrin-like, transcript variant X1","liver"
"LOC115102273",204.341139588434,0.0141463322498241,0.0828701180182678,0.815194935466134,0.936475416861364,"guanine nucleotide-binding protein G(I)/G(S)/G(T) subunit beta-1-like, transcript variant X1","liver"
"sde2",63.947000255733,0.0141397253099367,0.0854666476139978,0.815827549497463,0.936475416861364,"SDE2 telomere maintenance homolog","liver"
"LOC115122895",267.763108184048,0.0141361455025939,0.105821974055302,0.790879142053992,0.925796491387729,"endoplasmic reticulum chaperone BiP-like","liver"
"LOC115130947",104.23352605412,0.0141194929887575,0.0929242966879788,0.814079326868789,0.936018994729812,"autophagy-related protein 2 homolog A-like","liver"
"LOC115131393",93.9587162029102,0.0141096554522562,0.101150835752938,0.803666092545383,0.931458852222038,"uncharacterized LOC115131393, transcript variant X1","liver"
"LOC115122471",64.2184289552682,0.0140163682517319,0.118365159370681,0.678811269992239,0.865342900230454,"DNA damage-inducible transcript 4-like protein","liver"
"LOC115112872",130.223169448393,0.0140089036103989,0.0928659449971699,0.815547338800609,0.936475416861364,"NHP2-like protein 1","liver"
"nudt7",83.8797428095985,0.013984966082216,0.0990464235222147,0.809130605960661,0.932625956525825,"nudix hydrolase 7, transcript variant X1","liver"
"LOC115145407",133.569484008629,0.0138878644157389,0.121788589159206,0.531526191302249,0.769709401192759,"vitellogenin-like","liver"
"LOC115145153",2938.23679173188,0.0138778339927499,0.0685744941997441,0.805874109963115,0.931458852222038,"proteoglycan 4-like, transcript variant X1","liver"
"LOC115121873",64.638982631397,0.0138748897799304,0.104044497585735,0.800051435595583,0.929850269135189,"sarcoplasmic/endoplasmic reticulum calcium ATPase 2-like, transcript variant X2","liver"
"LOC115128659",193.691687669147,0.0138495063763847,0.117355422270608,0.703235307906717,0.879799605594775,"phospholipase A1 member A-like, transcript variant X1","liver"
"LOC115106569",2004.84435323422,0.0137034563888452,0.108471293750635,0.786875810518083,0.923982559860941,"histone H1.0-B-like","liver"
"LOC115133619",182.536344482325,0.0136963598890236,0.114647165642682,0.743954709736111,0.902888945336447,"zinc finger and BTB domain-containing protein 38-like","liver"
"LOC115109620",82.9239839604943,0.0136820444180497,0.0901287674723277,0.821125373106279,0.93908726733479,"liprin-beta-2-like, transcript variant X4","liver"
"spidr",195.095901509071,0.0134700002984075,0.0965415046481579,0.819322659338056,0.938523137052342,"scaffold protein involved in DNA repair, transcript variant X1","liver"
"LOC115103130",64.1644258104187,0.013452447780852,0.0879191614365875,0.824589284635879,0.939616874447622,"nuclear receptor coactivator 2-like, transcript variant X2","liver"
"LOC115110288",16968.1254095819,0.013366993693298,0.110402476012059,0.782386191369172,0.923011900440157,"complement C1q-like protein 2","liver"
"LOC115104152",150.269237656928,0.0132734154229022,0.0834640796373803,0.826575571476372,0.940570080775459,"max-like protein X","liver"
"LOC115145447",69.5661394022669,0.0132179984714255,0.0763532395888236,0.823504970178329,0.939436400348969,"MICOS complex subunit MIC13-like","liver"
"LOC115145256",57.3465979763109,0.0131179786421532,0.0971646138351727,0.823254177610816,0.939436400348969,"ataxin-2-like protein","liver"
"LOC115110741",102.429780640815,0.0130762439932038,0.0851902963451057,0.82942722765576,0.941916768058809,"nucleobindin-2-like, transcript variant X2","liver"
"LOC115112422",74.4940692127661,0.0130675513418113,0.0851900572168347,0.829538828304774,0.941916768058809,"protein lin-7 homolog C","liver"
"etnppl",600.328871129737,0.0130456487161009,0.0882657543226757,0.82976173535415,0.941916768058809,"ethanolamine-phosphate phospho-lyase","liver"
"LOC115124634",177.267082580002,0.0129980080962064,0.11151253640021,0.781709828939808,0.922986466899473,"uncharacterized LOC115124634","liver"
"LOC115104069",73.9679217553723,0.0128982279449489,0.109814753788231,0.792879391720146,0.926075391590294,"nuclear receptor subfamily 1 group D member 1-like","liver"
"LOC115140936",123.099442871505,0.0127957664502966,0.0974124633035326,0.827232432936886,0.941045786291913,"oxidation resistance protein 1-like, transcript variant X4","liver"
"LOC115137105",120.087057841819,0.0127383845860217,0.108921380002867,0.799579981372938,0.929850269135189,"inositol-trisphosphate 3-kinase C-like, transcript variant X1","liver"
"LOC115142577",770.176229608178,0.0127306893564679,0.104464347276509,0.815119177016186,0.936475416861364,"protein disulfide-isomerase-like","liver"
"LOC115137809",195.249732098811,0.0127227712574822,0.088447178900258,0.833882991713779,0.942624393217894,"death-inducer obliterator 1-like, transcript variant X2","liver"
"LOC115119998",65.4631390607149,0.0126783912656782,0.0819406466738286,0.833770592858758,0.942624393217894,"histone H2A.V, transcript variant X2","liver"
"LOC115116373",526.8708151035,0.0126609933220428,0.101686525085775,0.822440730887121,0.939436400348969,"glycine-rich RNA-binding protein-like, transcript variant X1","liver"
"LOC115145781",184.549362702228,0.0125756580273307,0.0848507637028486,0.83581982783456,0.942624393217894,"sarcoplasmic/endoplasmic reticulum calcium ATPase 2-like, transcript variant X1","liver"
"LOC115105016",283.195832853141,0.0125667544475007,0.0995201652026044,0.827455372441172,0.941045786291913,"organic solute transporter subunit alpha-like","liver"
"LOC115109098",230.018896989795,0.0125407975776524,0.0892754091888658,0.836057112900184,0.942624393217894,"zinc transporter 7","liver"
"LOC115139637",89.4828710681428,0.0125030985055776,0.0806771056123989,0.835526051406382,0.942624393217894,"galectin-8-like","liver"
"LOC115128388",156.597767463953,0.012421845146778,0.0843579014718474,0.837724182781415,0.942961127218176,"bromodomain-containing protein 2-like, transcript variant X1","liver"
"LOC115136804",62.0816099653768,0.0123222625307231,0.0746158063375805,0.833875579833713,0.942624393217894,"lissencephaly-1 homolog A-like, transcript variant X1","liver"
"LOC115125208",1460.45194626379,0.0121982980095454,0.096652196004402,0.836002481725169,0.942624393217894,"60S ribosomal protein L7-like","liver"
"LOC115107975",100.057728792209,0.0121973914701239,0.0807072781185753,0.839504944334383,0.943430425449943,"ADP-ribosylation factor 6, transcript variant X1","liver"
"ebp",317.109767553919,0.0120922288723123,0.113427939321437,0.783477565870896,0.923269326737556,"EBP cholestenol delta-isomerase, transcript variant X1","liver"
"LOC115146055",497.548109489599,0.0119526931329708,0.0926726949357251,0.842332599704592,0.944524807811806,"26S proteasome regulatory subunit 4","liver"
"LOC115141700",1693.07450157308,0.0118994168321099,0.11445240262939,0.778236566715592,0.921915924490754,"alpha-2-macroglobulin-like, transcript variant X2","liver"
"LOC115111493",110.770714219348,0.011846750456614,0.0770970914481183,0.842075910246893,0.944524807811806,"ras-related protein Rab-35-like, transcript variant X1","liver"
"LOC115142010",473.003864413366,0.0117535652253155,0.10100286063922,0.836159565107506,0.942624393217894,"glyceraldehyde-3-phosphate dehydrogenase-like","liver"
"LOC115133138",63.0740238975476,0.0116744732296659,0.086080792907694,0.847531494576962,0.947227412090951,"ADP-ribosylation factor-like protein 1","liver"
"opa1",60.9104487495087,0.0116727842228321,0.0898551438913179,0.847112545806267,0.947128562462964,"OPA1 mitochondrial dynamin like GTPase, transcript variant X1","liver"
"LOC115130799",258.39825891922,0.0115767560775533,0.0760442346813543,0.844899821917591,0.945322995919874,"alcohol dehydrogenase class-3","liver"
"aqp9",81.2314262906057,0.0115005354361915,0.111598312796946,0.80576909844694,0.931458852222038,"aquaporin 9","liver"
"LOC115142528",86.796442934075,0.0113157304745706,0.0862936485628291,0.85216627432919,0.948625660083242,"puromycin-sensitive aminopeptidase-like, transcript variant X1","liver"
"LOC115101264",2517.7884628919,0.0113140264244757,0.112656386709842,0.802416085233223,0.931012799149051,"S-adenosylmethionine synthase-like","liver"
"LOC115134041",113.150448434895,0.0112752218819594,0.0782761356106928,0.850311793692721,0.948603966979719,"CCR4-NOT transcription complex subunit 1-like, transcript variant X16","liver"
"LOC115142714",11253.869058166,0.0112643267398733,0.0894181747471653,0.85250632798943,0.948625660083242,"inter-alpha-trypsin inhibitor heavy chain H3-like, transcript variant X1","liver"
"LOC115136867",77.5499128689892,0.0112310576446237,0.103747799442347,0.838173221002824,0.942961127218176,"dolichyl-diphosphooligosaccharide--protein glycosyltransferase subunit 2-like, transcript variant X1","liver"
"LOC115137374",1997.86820667009,0.0111686739501242,0.0893051466508415,0.85376940253938,0.949253705605705,"ATP-binding cassette sub-family A member 1-like, transcript variant X3","liver"
"LOC115122704",74.4414686270832,0.0111557686707825,0.0901878321580114,0.853712647761063,0.949253705605705,"small nuclear ribonucleoprotein G","liver"
"adamts1",72.1309071835747,0.0110971308974765,0.120872278633339,0.668108951874313,0.859180422952549,"ADAM metallopeptidase with thrombospondin type 1 motif 1","liver"
"LOC115136868",760.270976823689,0.0110457404344654,0.108754986157534,0.826342900083415,0.940567903027087,"alpha-2-macroglobulin-like, transcript variant X3","liver"
"LOC115109369",66.9323581512322,0.0110102502185326,0.0934952416084404,0.854164593242656,0.949433813745171,"UPF0183 protein C16orf70 homolog, transcript variant X3","liver"
"LOC115136355",120.990635011113,0.0109502747724263,0.0886492587686512,0.856719599273505,0.950459740511379,"TAR DNA-binding protein 43-like, transcript variant X1","liver"
"LOC115125590",135.820330082666,0.0109234012979624,0.105660204542878,0.838013285781676,0.942961127218176,"zinc transporter ZIP9-A-like","liver"
"LOC115135418",839.137077637126,0.0108508136728534,0.0982764545663569,0.852223859953349,0.948625660083242,"transmembrane 4 L6 family member 5-like, transcript variant X2","liver"
"LOC115102617",115.736739633397,0.0108276212828039,0.0987636677329908,0.85196754375288,0.948625660083242,"threonine-rich protein-like","liver"
"LOC115130406",177.340966225492,0.010663587155938,0.114977858348631,0.796133639625111,0.928215307526302,"insulin-induced gene 1 protein-like","liver"
"LOC115107064",57.5091534690622,0.0105988985847875,0.118214829465405,0.756308876528091,0.908746723189786,"insulin-like growth factor I, transcript variant X1","liver"
"LOC115106890",139.135935486721,0.0105790864382225,0.0887926828156907,0.861502513531025,0.951562731267769,"regulator of nonsense transcripts 2-like, transcript variant X3","liver"
"LOC115146699",132.672744288522,0.0105522687252133,0.0933613551995494,0.860239944893648,0.951562731267769,"uncharacterized protein C1orf115 homolog","liver"
"LOC115113362",76.4694587116682,0.0103498095783925,0.0803039532925502,0.863398709564032,0.952168057408819,"probable ubiquitin carboxyl-terminal hydrolase FAF-X, transcript variant X1","liver"
"LOC115141237",76.507570175737,0.0103472883081271,0.110091247169629,0.831936962011113,0.942624393217894,"cytochrome P450 4B1-like","liver"
"LOC115144250",88.4898852351488,0.0102923581138947,0.0803119074474974,0.864152676081702,0.952484128639539,"cAMP-dependent protein kinase type I-alpha regulatory subunit-like","liver"
"LOC115144610",149.05107531178,0.0102864551285473,0.0841734103683281,0.865295343275113,0.952713079197559,"proteasome subunit beta type-1-B","liver"
"LOC115102687",178.02176788628,0.0102859801925575,0.0731029975383281,0.859840176536557,0.951562731267769,"E3 ubiquitin-protein ligase HUWE1-like, transcript variant X1","liver"
"LOC115143301",61.6748241763198,0.0102801899413909,0.100904564509054,0.856590015981233,0.950459740511379,"guanine nucleotide-binding protein-like 3","liver"
"LOC115101171",69.0186045196259,0.0102190390962336,0.0736321879587265,0.86116862771316,0.951562731267769,"ras-related protein Rab-14","liver"
"LOC115107894",81.1466362813231,0.0101812943562114,0.089407828941467,0.866546754005967,0.95300721538664,"serine palmitoyltransferase 2-like","liver"
"lgals3bp",261.096150835635,0.0101656989012774,0.108505825506132,0.840828160802534,0.943876503285907,"galectin 3 binding protein","liver"
"LOC115105289",280.803190099511,0.0101596953476046,0.0664792932805877,0.854781456986301,0.9496018584563,"GTP-binding protein SAR1b","liver"
"bsg",863.545330804943,0.0101404750973973,0.089600513856861,0.86703568364072,0.953060515538001,"basigin (Ok blood group), transcript variant X2","liver"
"LOC115110233",319.517452318441,0.0101261884302479,0.0809674510406458,0.866566838782149,0.95300721538664,"glycylpeptide N-tetradecanoyltransferase 1-like, transcript variant X4","liver"
"LOC115141357",22188.3898136526,0.0101190429677539,0.104976213120084,0.851391899751904,0.948625660083242,"C-type lectin domain family 4 member E-like","liver"
"LOC115144781",87.3016531511605,0.0100912540552036,0.104925725962825,0.85190864710939,0.948625660083242,"acyl-coenzyme A thioesterase 1-like","liver"
"LOC115117899",5799.52083288157,0.0100898246389892,0.103284676176743,0.855299035850199,0.949659185542198,"complement factor H-like","liver"
"LOC115111278",63.2963149073754,0.0100820354126259,0.0835020461323527,0.867831092930578,0.953444618540441,"ataxin-2-like, transcript variant X1","liver"
"LOC115128332",214.46801113917,0.00994845373697075,0.0665828939088398,0.85789327927734,0.950985315837486,"zinc finger protein 706-like","liver"
"LOC115108301",574.786677687042,0.00989956743443521,0.112175925359702,0.829324084406362,0.941916768058809,"elongation factor 2, transcript variant X1","liver"
"LOC115141045",209.524622179871,0.0098559704229781,0.10503531961287,0.855077765645909,0.949659185542198,"sterol regulatory element-binding protein cleavage-activating protein-like, transcript variant X5","liver"
"LOC115122582",924.529603679353,0.00985192289851584,0.114800392778726,0.812763649380838,0.935033766547078,"mitochondrial uncoupling protein 2-like","liver"
"LOC115103675",170.824292401279,0.00971952599903197,0.109892417384967,0.842762483853845,0.944668886668767,"WW domain binding protein 1-like, transcript variant X2","liver"
"LOC115135327",83.0633056400851,0.00971653324924754,0.11184978594026,0.834115869237199,0.942624393217894,"DNA damage-inducible transcript 3 protein-like","liver"
"LOC115113776",119.81395144152,0.0097130134865223,0.0948322166647929,0.870402816354439,0.954212447407395,"dipeptidase 2-like","liver"
"LOC115133056",81.7396655906326,0.00967575476537655,0.0974919841126394,0.868824674775033,0.953508178347612,"transcription factor ETV6-like, transcript variant X1","liver"
"LOC115108239",57.7489298280652,0.00966219542618056,0.113627947387708,0.824795276182307,0.939616874447622,"lipoprotein lipase-like","liver"
"LOC115113093",70.0246601038905,0.00962767345443405,0.0914486873948507,0.873187036804229,0.955465868997057,"thioredoxin domain-containing protein 9-like","liver"
"LOC115141534",450.246611792652,0.00958973829905121,0.103913495152658,0.861231361611253,0.951562731267769,"mRNA decay activator protein ZFP36-like","liver"
"LOC115134631",193.8604587095,0.0094376148574468,0.0979768482978636,0.871573583972295,0.954469083361385,"carnitine O-palmitoyltransferase 1, liver isoform-like, transcript variant X2","liver"
"LOC115105947",116.906424686489,0.00942010087279101,0.119840013966784,0.748958536441833,0.904252071841502,"fructose-1,6-bisphosphatase 1-like","liver"
"LOC115105143",130.733831925478,0.00940268294589504,0.111881247484104,0.839235250677309,0.943387446707312,"insulin-induced gene 1 protein-like, transcript variant X1","liver"
"LOC115139642",148.326949904789,0.00936777352545894,0.0874728124473863,0.877362023590761,0.957803884236319,"14-3-3 protein zeta-like","liver"
"LOC115109352",118.924267774334,0.00935897968812526,0.0976368619193676,0.87295003647469,0.955463036700009,"heterogeneous nuclear ribonucleoprotein A3-like","liver"
"LOC115132236",67.6292337036541,0.00934138306496378,0.105732986589006,0.861028450321226,0.951562731267769,"ATPase family AAA domain-containing protein 3-like","liver"
"LOC115106587",57.7027992706944,0.00928544771087374,0.0974031613732941,0.874147483120915,0.956260102308333,"calpain-15-like, transcript variant X2","liver"
"LOC115121643",246.74922223434,0.00924183662190721,0.122396294961468,0.624984759027615,0.83632234990038,"vitellogenin-like","liver"
"hyi",115.141905686776,0.00921543465096307,0.101632091246708,0.870300860084526,0.954212447407395,"hydroxypyruvate isomerase (putative)","liver"
"mesd",178.059247570082,0.00919949744922189,0.089638952198984,0.879264837339036,0.958297808089117,"mesoderm development LRP chaperone","liver"
"LOC115110396",118.378688956524,0.00917210622451865,0.105081008593831,0.864930362028538,0.952713079197559,"dnaJ homolog subfamily B member 11-like","liver"
"LOC115144880",253.542718538988,0.00911563956990804,0.111787621231366,0.844515666386298,0.945322995919874,"elongation factor 2-like, transcript variant X1","liver"
"lamtor3",139.055136064484,0.00911341622201996,0.0738099651934142,0.876184515260237,0.957717373076087,"late endosomal/lysosomal adaptor, MAPK and MTOR activator 3","liver"
"LOC115105521",269.467948385166,0.00910926720535331,0.0970011227133478,0.876852631469798,0.957803884236319,"flotillin-2a, transcript variant X2","liver"
"ctsa",284.109077398947,0.00909119212570416,0.110872838147178,0.84897366199274,0.9475401550609,"cathepsin A","liver"
"LOC115141958",243.008783238122,0.00908996009576294,0.0747362394752082,0.877120602949754,0.957803884236319,"26S proteasome non-ATPase regulatory subunit 2-like","liver"
"LOC115105368",153.117485705904,0.0090539416389205,0.0946836010728606,0.879212864681691,0.958297808089117,"hypoxia up-regulated protein 1-like, transcript variant X2","liver"
"LOC115103368",91.8824888658407,0.00903171125805746,0.107582312351305,0.861034013014225,0.951562731267769,"dnaJ homolog subfamily C member 1-like, transcript variant X3","liver"
"pelo",110.090434361224,0.00892348440338301,0.0762148472388664,0.880232895696668,0.958774159829339,"pelota mRNA surveillance and ribosome rescue factor, transcript variant X1","liver"
"LOC115105280",197.565901776688,0.00888530420298464,0.0603644760064609,0.865021123083487,0.952713079197559,"coiled-coil domain-containing protein 8-like, transcript variant X2","liver"
"LOC115142989",64.9503502737692,0.00881322879723604,0.0861392477819117,0.884592216396565,0.960980243612046,"arginine-glutamic acid dipeptide repeats protein-like, transcript variant X5","liver"
"kdm6a",90.6451385844126,0.00880527444884666,0.0807858602761435,0.883782553752545,0.960612717092099,"lysine demethylase 6A, transcript variant X3","liver"
"LOC115142669",2371.42399772196,0.00880108141757431,0.118799193147327,0.78680530981245,0.923982559860941,"uncharacterized LOC115142669","liver"
"dnajb11",78.5125539367786,0.00877757280058523,0.104852101089771,0.871135592800187,0.95424581463412,"DnaJ heat shock protein family (Hsp40) member B11","liver"
"LOC115102308",75.2494157841741,0.00865824932470426,0.0712751095485434,0.880479187132249,0.958774159829339,"protein ILRUN-like","liver"
"LOC115117827",151.183460058832,0.00861894976360406,0.0987643504474447,0.881901802226446,0.959592030399091,"coagulation factor VII-like","liver"
"sec61b",59.6800266093021,0.00860389128458978,0.121220473180285,0.724644521927976,0.89172023206053,"SEC61 translocon beta subunit","liver"
"LOC115128149",119.967580497854,0.00855490494529244,0.0979925714508811,0.883477684003885,0.960537487329911,"uncharacterized LOC115128149","liver"
"LOC115125215",522.052550454105,0.00854235403607704,0.0954312533605454,0.885547757288981,0.961505769501835,"60S ribosomal protein L10","liver"
"LOC115132474",133.737529462509,0.00851423613517287,0.0932585147877176,0.887069952839249,0.962645667671134,"probable Bax inhibitor 1","liver"
"LOC115133584",81.5601773351611,0.00842270592811126,0.109375555347367,0.86519262193912,0.952713079197559,"perilipin-2-like, transcript variant X1","liver"
"LOC115132944",92.9650310629567,0.00829058215699869,0.0928112332991055,0.890201653581801,0.963734911022422,"protein kinase C and casein kinase substrate in neurons protein 2-like, transcript variant X1","liver"
"LOC115103322",165.131124106567,0.00819895446020338,0.0735670324405849,0.888368660358694,0.963029430750541,"profilin-2-like, transcript variant X2","liver"
"LOC115133332",540.934746497541,0.00818230292410809,0.0887609203214722,0.892662575804176,0.96460568901851,"eukaryotic initiation factor 4A-I","liver"
"ranbp9",125.178042217672,0.00811418963097946,0.0942532247130815,0.8918862579111,0.964278086802558,"RAN binding protein 9","liver"
"LOC115139862",66.4687572676956,0.00803063249961327,0.100516991421734,0.888158007316112,0.963029430750541,"endoplasmic reticulum mannosyl-oligosaccharide 1,2-alpha-mannosidase-like, transcript variant X2","liver"
"idi1",241.909025261209,0.00793743714024303,0.119097010310241,0.802132497729277,0.930948764448899,"isopentenyl-diphosphate delta isomerase 1, transcript variant X1","liver"
"LOC115111808",74.0432499489056,0.00786756217494307,0.0820599591861906,0.896404364158915,0.966098205471291,"leukocyte surface antigen CD53-like, transcript variant X2","liver"
"LOC115142531",64.9397223045978,0.00785847066320164,0.0820214075813574,0.896514839625997,0.966098205471291,"junction plakoglobin-like","liver"
"LOC115134373",73.7465865229851,0.00781391313629074,0.0919366326176398,0.896778628326401,0.966098205471291,"protein CNPPD1-like","liver"
"LOC115115418",4152.13681236309,0.00779549325392467,0.121888821197845,0.716291089670022,0.888419544471221,"heme oxygenase-like","liver"
"prodh2",1514.61118219144,0.00772602198765918,0.103270071143912,0.888949359883187,0.963402709620811,"proline dehydrogenase 2, transcript variant X2","liver"
"LOC115135100",1291.22227122233,0.0076672930174112,0.101759856298837,0.891779939782408,0.964278086802558,"bifunctional 3'-phosphoadenosine 5'-phosphosulfate synthase 2-like","liver"
"LOC115133586",317.303190855112,0.00758357547653823,0.0806051169868363,0.899764947786836,0.966098205471291,"integral membrane protein 2B-like","liver"
"idh3a",69.2849948411229,0.00755286669244571,0.0921900895234161,0.900128754178317,0.966098205471291,"isocitrate dehydrogenase (NAD(+)) 3 alpha","liver"
"LOC115103174",149.720963958934,0.0075367294219858,0.104375043693031,0.88999586509504,0.963734911022422,"aspartyl/asparaginyl beta-hydroxylase-like, transcript variant X3","liver"
"LOC115102406",73.37226240657,0.0075029442055667,0.098384712151724,0.897410139087703,0.966098205471291,"solute carrier family 52, riboflavin transporter, member 3-A-like","liver"
"LOC115124018",85.3189000579373,0.00743097343180788,0.0972802729138094,0.899211233952529,0.966098205471291,"neural cell adhesion molecule L1.1-like, transcript variant X1","liver"
"srpra",250.091460962008,0.00740103266866431,0.0885246055570732,0.90288300800227,0.968153898947676,"SRP receptor subunit alpha","liver"
"LOC115102871",59.209644242385,0.00727477413982197,0.0990848788735106,0.899943082450538,0.966098205471291,"transcriptional repressor p66 alpha-like, transcript variant X1","liver"
"LOC115103807",440.172462185135,0.00713960734135684,0.101432479443255,0.899547451975292,0.966098205471291,"peroxisomal acyl-coenzyme A oxidase 1-like, transcript variant X2","liver"
"LOC115134201",92.1356242564833,0.00709160199153383,0.10808710199466,0.889526177165657,0.963515465885521,"peptidyl-prolyl cis-trans isomerase FKBP4-like","liver"
"LOC115143188",217.47754217729,0.00706194591000811,0.118960156332362,0.825627307768848,0.940278543298638,"AMP deaminase 2-like, transcript variant X1","liver"
"ficd",81.2416345976141,0.00705322103343333,0.107889108504734,0.890567032901111,0.963874462587608,"FIC domain containing","liver"
"sucla2",60.454289071408,0.00697267216879006,0.0874172573792262,0.908556009237348,0.969865007228822,"succinate-CoA ligase ADP-forming beta subunit","liver"
"LOC115112928",104.181276359076,0.00696217031068766,0.0941029472596358,0.907221659661819,0.969355131596105,"myocardin-related transcription factor A-like, transcript variant X4","liver"
"LOC115139012",194.944995476871,0.00695836287856716,0.0850386837049338,0.908713067371656,0.969865007228822,"proteasome subunit alpha type-6-like","liver"
"LOC115108344",111.528015286961,0.00675692354458034,0.0911062552387491,0.910884844704681,0.97018356839159,"AP-3 complex subunit delta-1-like, transcript variant X2","liver"
"LOC115136745",61.4525385149642,0.00669545334180576,0.116701543573722,0.859097281558314,0.951562731267769,"nucleoredoxin","liver"
"LOC115143955",160.586685105844,0.00665184445340774,0.11643844666029,0.862083531072031,0.951562731267769,"helicase with zinc finger domain 2-like","liver"
"LOC115142066",5732.21851846356,0.00663753019026007,0.115758135770557,0.867247657539364,0.953060515538001,"hepcidin-like","liver"
"LOC115136214",117.34343815416,0.00645364781751961,0.0874493638460703,0.915334445727128,0.971678380246601,"glucocorticoid receptor, transcript variant X3","liver"
"LOC115108524",79.6157544420038,0.00641203141196021,0.10743696027468,0.901350524115698,0.967071528374726,"DCN1-like protein 4, transcript variant X1","liver"
"LOC115143369",320.499783370545,0.00639490720469742,0.0817516601268962,0.915656687568007,0.971678380246601,"DNA topoisomerase 1-like, transcript variant X2","liver"
"LOC115115456",69.0649452320023,0.00632919761901228,0.10921774439659,0.898841025805399,0.966098205471291,"complement C3-like","liver"
"LOC115108793",154.299093052249,0.00628254218279758,0.0735217584681899,0.914322766504711,0.971678380246601,"peptidyl-prolyl cis-trans isomerase G-like","liver"
"LOC115107060",122.620546807764,0.00623492504685324,0.070245587127755,0.913163838650473,0.971348885600879,"cholinephosphotransferase 1-like","liver"
"gkap1",58.0573465734001,0.00622825475211479,0.088350182916277,0.91822673156467,0.972380399547309,"G kinase anchoring protein 1, transcript variant X1","liver"
"LOC115129814",360.423718062462,0.00619629570256827,0.0861063109406113,0.9187140865753,0.972643796592447,"protein SON-like, transcript variant X1","liver"
"LOC115102705",202.812347674985,0.00614870140206706,0.0971281149988204,0.916616929896711,0.971938243043443,"nuclease-sensitive element-binding protein 1-like, transcript variant X4","liver"
"LOC115135362",3227.81774358521,0.00612522094002683,0.0955366356920347,0.91774312005613,0.972373526734802,"adenosine kinase-like, transcript variant X1","liver"
"LOC115102284",310.329061674778,0.00612437266827393,0.0971181088656081,0.916951242664416,0.972039860884307,"protein LYRIC-like, transcript variant X1","liver"
"gtpbp4",73.3282741870207,0.00601947243058181,0.0974497597334703,0.91818114198782,0.972380399547309,"GTP binding protein 4","liver"
"LOC115105526",540.944326707736,0.00598733852279688,0.109645810152494,0.903291867815009,0.968153898947676,"polyubiquitin-like","liver"
"LOC115145306",93.0721852562101,0.00591633124692681,0.0846462009533325,0.922310558062128,0.974932011063599,"influenza virus NS1A-binding protein homolog A-like, transcript variant X1","liver"
"calm1",60.9167970497455,0.0058221925205672,0.103911402410062,0.915462141739128,0.971678380246601,"calmodulin 1","liver"
"LOC115141860",289.783151200424,0.00572008110675671,0.112870509326105,0.898477778941565,0.966098205471291,"heat shock cognate 70 kDa protein-like","liver"
"LOC115139579",95.9315770261757,0.00570111133209979,0.0782352524414449,0.92396497922719,0.975668718997416,"protein sel-1 homolog 1-like","liver"
"snx33",70.6144512610027,0.00560148514356843,0.0981839218099717,0.92343087167629,0.975668718997416,"sorting nexin 33","liver"
"LOC115102316",114.070120636125,0.00545934618493512,0.0993793566412272,0.924630470980569,0.975724361621045,"cytoplasmic dynein 1 intermediate chain 2-like, transcript variant X1","liver"
"LOC115137145",57.9249680623144,0.00539071260918718,0.086340098380151,0.929254224945498,0.977925869632291,"cullin-3","liver"
"LOC115141274",134.479949432081,0.00537884146987118,0.111030209524388,0.909853669837519,0.97018356839159,"inverted formin-2-like","liver"
"LOC115118838",542.868091670848,0.00534308316360391,0.100565316679682,0.925407556485882,0.975724361621045,"1-acyl-sn-glycerol-3-phosphate acyltransferase delta-like, transcript variant X2","liver"
"LOC115101265",153.252437025022,0.00533884985044719,0.115877131637528,0.892363750152317,0.964538489955142,"prosaposin-like, transcript variant X1","liver"
"LOC115107561",448.840754618939,0.00532514246155117,0.0847046876766008,0.930056120319418,0.978046632203805,"lysosomal-associated transmembrane protein 4A-like","liver"
"LOC115129804",134.70829165311,0.00532409576444157,0.0740437802111563,0.927568187445845,0.976719206011326,"amino-terminal enhancer of split-like, transcript variant X1","liver"
"LOC115113449",95.8320163712343,0.00525671658351402,0.0950280485881203,0.929564263331246,0.977925869632291,"src substrate cortactin-like, transcript variant X2","liver"
"LOC115104898",165.735668290236,0.00515383272487893,0.083578594628366,0.932211524538406,0.978746080958237,"5'-AMP-activated protein kinase subunit gamma-1-like, transcript variant X7","liver"
"dnajc3",214.34435961675,0.00510944504243702,0.106769718455861,0.92229939771296,0.974932011063599,"DnaJ heat shock protein family (Hsp40) member C3, transcript variant X1","liver"
"LOC115138107",208.073227494322,0.00510192334392999,0.104861582674582,0.924853094302213,0.975724361621045,"nuclear factor 1 B-type-like, transcript variant X3","liver"
"LOC115111603",125.852431938425,0.00506471038854635,0.0793725535576467,0.932705275067826,0.978812229963043,"DNA-directed RNA polymerase III subunit RPC4-like, transcript variant X1","liver"
"LOC115128496",82.3732363455362,0.00480697086504702,0.114832585817808,0.907751934047965,0.969355131596105,"SH2 domain-containing protein 2A-like","liver"
"hm13",162.138336794063,0.0048026042789038,0.0983030606317991,0.934262556755434,0.979437803841344,"histocompatibility minor 13, transcript variant X1","liver"
"asmtl",84.2167058708442,0.00476550096400355,0.119839031058335,0.871016142324525,0.95424581463412,"acetylserotonin O-methyltransferase like","liver"
"dmgdh",78.9635267476338,0.00476113813168624,0.117471884694573,0.894551305357707,0.965981710346729,"dimethylglycine dehydrogenase","liver"
"LOC115102298",89.4834448891408,0.00474195921348852,0.0944348267540415,0.936632175855908,0.980509219639167,"complement receptor type 2-like, transcript variant X1","liver"
"LOC115119173",129.34469564265,0.00468153447025023,0.0954164109288529,0.937124220777549,0.980509219639167,"spermatogenesis-associated protein 13-like, transcript variant X1","liver"
"LOC115140072",152.060005114958,0.0046186971608685,0.0777724696695803,0.938256780709908,0.980509219639167,"inositol hexakisphosphate kinase 2-like","liver"
"LOC115140123",75.702285458845,0.00458136924794032,0.0914615188692313,0.939450504521626,0.980509219639167,"ubiquitin carboxyl-terminal hydrolase 4-like","liver"
"LOC115128486",248.867545242434,0.00457704237236258,0.114803190212486,0.912257688333443,0.971348885600879,"lanosterol 14-alpha demethylase-like","liver"
"stx18",70.233843170403,0.0045572657486362,0.0812301211799141,0.939762499868889,0.980509219639167,"syntaxin 18, transcript variant X1","liver"
"LOC115117624",83.438608450637,0.00448834235186534,0.112848373879465,0.920305559591696,0.974075684470463,"AT-rich interactive domain-containing protein 1B-like","liver"
"LOC115129400",83.4809028859529,0.00447222472138946,0.0791553418680424,0.940518293753002,0.980509219639167,"transmembrane 9 superfamily member 2-like, transcript variant X1","liver"
"LOC115130791",91.6635797060699,0.00445644553173466,0.0989119458642719,0.938690039272043,0.980509219639167,"alpha-1,3-mannosyl-glycoprotein 4-beta-N-acetylglucosaminyltransferase B","liver"
"pum2",95.9663658430638,0.0043881020424948,0.0694047474176431,0.938450093131307,0.980509219639167,"pumilio RNA binding family member 2, transcript variant X2","liver"
"LOC115143578",1177.9037102933,0.00434840872623284,0.11969277938231,0.884034565773377,0.960630469232814,"dispanin subfamily A member 2b-like","liver"
"LOC115141800",292.398599455899,0.00434651186905606,0.0938493428135411,0.942060691531261,0.981554033405271,"60S acidic ribosomal protein P0","liver"
"ogdh",83.2794002885279,0.00433032867346656,0.0726449054176847,0.940576802941399,0.980509219639167,"oxoglutarate dehydrogenase, transcript variant X2","liver"
"LOC115128280",676.751136195879,0.00424426050426194,0.0689268111032312,0.940249777412862,0.980509219639167,"transmembrane protein 268-like, transcript variant X1","liver"
"ftsj3",114.045122356406,0.00417836188452303,0.0946517746914445,0.944091638336838,0.982427643479289,"FtsJ RNA 2'-O-methyltransferase 3","liver"
"zcchc17",130.389509684573,0.00410033294279638,0.0819405847428271,0.945883035795376,0.982824600322006,"zinc finger CCHC-type containing 17, transcript variant X2","liver"
"LOC115137037",167.884728100956,0.00403078022155622,0.0951288283088161,0.94593250909304,0.982824600322006,"hepatocyte nuclear factor 3-beta-like","liver"
"LOC115118896",66.594433475779,0.00399367966347644,0.121215828831007,0.869665055168284,0.953916782794921,"Usher syndrome type-1G protein homolog","liver"
"LOC115107528",255.677845177609,0.00391908569378247,0.0983275223585045,0.946324568693399,0.982981381751859,"eukaryotic translation initiation factor 5-like, transcript variant X1","liver"
"LOC115121458",58.1780255599237,0.00385599248308128,0.0906344159523792,0.94912935917285,0.983638766333216,"ankyrin repeat domain-containing protein 12-like","liver"
"LOC115102929",308.78212270735,0.00385056735237409,0.0918806035362807,0.949032252510744,0.983638766333216,"NPC intracellular cholesterol transporter 1-like","liver"
"LOC115122093",58.5338041003392,0.00382097242469491,0.0855005629744244,0.949809293362504,0.983843120646904,"Golgi reassembly-stacking protein 2-like, transcript variant X1","liver"
"ttc25",169.181007785189,0.00381525810149608,0.118886294868571,0.905750183928704,0.969355131596105,"tetratricopeptide repeat domain 25, transcript variant X2","liver"
"LOC115142675",149.125483473252,0.0037978782715302,0.100623351083793,0.946908297276481,0.983131850842008,"eukaryotic initiation factor 4A-III","liver"
"LOC115143164",626.233280799996,0.00373728301119212,0.113619442798596,0.931710723802588,0.978524326261105,"peptidyl-prolyl cis-trans isomerase FKBP11-like","liver"
"masp1",121.912681201399,0.00373364426372821,0.110013225365324,0.939036284142136,0.980509219639167,"mannan binding lectin serine peptidase 1, transcript variant X2","liver"
"LOC115146925",188.178078519221,0.00371804800154195,0.07407144494417,0.949389700914832,0.983658469986999,"26S proteasome non-ATPase regulatory subunit 4-like, transcript variant X1","liver"
"LOC115114162",127.853725021474,0.0037022846009296,0.0870476820786579,0.951374902048137,0.983966701713714,"DIS3-like exonuclease 2, transcript variant X1","liver"
"LOC115120017",168.337162415314,0.00367561549482465,0.0900934223031828,0.951561555551892,0.983966701713714,"acyl-coenzyme A thioesterase 1-like","liver"
"LOC115128416",339.171358650593,0.00366905022296228,0.0922621032113381,0.95137311243197,0.983966701713714,"DEP domain-containing mTOR-interacting protein-like, transcript variant X1","liver"
"LOC115110197",77.5266102626154,0.00366129610883328,0.0886497571841239,0.951857841586493,0.983966701713714,"importin subunit beta-1, transcript variant X1","liver"
"LOC115146310",219.429471531822,0.00361207340985603,0.0731302489934914,0.950563969787179,0.983966701713714,"probable histone deacetylase 1-B","liver"
"LOC115136771",2399.13534702905,0.00356900213615983,0.114820543484759,0.931465714206934,0.978519136883366,"diablo homolog, mitochondrial-like","liver"
"LOC115117982",201.938320317747,0.003561680530368,0.114242918776485,0.933279592720953,0.978910864624447,"fish-egg lectin-like","liver"
"LOC115109390",65.2006830559041,0.0033934213056851,0.0842389821046624,0.955373217896989,0.985100236819663,"membrane-bound transcription factor site-1 protease-like","liver"
"LOC115136708",704.126519327954,0.00338131513527222,0.109834632271831,0.945026531925996,0.982485949486985,"heat shock cognate 70 kDa protein-like","liver"
"LOC115128400",69.3237915832607,0.00337197089618908,0.119925835543208,0.907598831767009,0.969355131596105,"class I histocompatibility antigen, F10 alpha chain-like","liver"
"LOC115101194",83.7011809699789,0.00320082310930833,0.0746466162717457,0.956558620669162,0.986036477927998,"protein PRRC2B-like, transcript variant X4","liver"
"LOC115125165",463.629921991718,0.00313878876587245,0.119776554364049,0.91536194207939,0.971678380246601,"mid1-interacting protein 1A-like","liver"
"LOC115120942",253.4990175366,0.00312327265084156,0.109911801101576,0.94911677280805,0.983638766333216,"probable N-acetyltransferase camello","liver"
"LOC115101102",75.7632047595218,0.00311389261423531,0.11617689994135,0.936066044803283,0.980509219639167,"rho guanine nucleotide exchange factor 28-like","liver"
"ddrgk1",196.498298099134,0.00308990318613526,0.0901197775023717,0.959270648427666,0.986374158171334,"DDRGK domain containing 1","liver"
"LOC115114495",94.6363666391511,0.00308362322070516,0.0751911305806976,0.958266260200758,0.986374158171334,"vacuolar protein sorting-associated protein 4B-like, transcript variant X1","liver"
"LOC115130158",223.960515221466,0.0030520459397052,0.0961209594130223,0.958817989563541,0.986374158171334,"translocon-associated protein subunit alpha-like, transcript variant X1","liver"
"LOC115103612",380.596307883979,0.0030087055830785,0.101920577084574,0.957338269856956,0.986275011680693,"coenzyme Q-binding protein COQ10 homolog, mitochondrial-like","liver"
"LOC115132370",62.6214133035298,0.00299898385107905,0.109785083768829,0.951293496878241,0.983966701713714,"tubulin alpha-8 chain-like","liver"
"LOC115129325",553.479481646088,0.00299582532242988,0.0944858479365762,0.959930259274577,0.986411356978782,"guanine nucleotide-binding protein subunit beta-2-like 1","liver"
"golga4",196.317559268797,0.00298471089954409,0.0827646889429004,0.960658093881259,0.986537303556677,"golgin A4, transcript variant X3","liver"
"LOC115114129",94.8069466534385,0.00294746205793001,0.117783927551963,0.933161222099456,0.978910864624447,"parafibromin-like","liver"
"LOC115113026",1689.09026879143,0.00286802130603983,0.0998329613900898,0.960197901497617,0.986411356978782,"mitochondrial pyruvate carrier 1","liver"
"LOC115122621",134.380028784268,0.00277292551557715,0.114022926575365,0.948491536363437,0.983638766333216,"15-hydroxyprostaglandin dehydrogenase [NAD(+)]-like","liver"
"LOC115135422",95.0992249713082,0.00275816643581653,0.120941634845031,0.913602803290779,0.971475309666763,"sentrin-specific protease 3-like, transcript variant X1","liver"
"LOC115102447",199.279926613771,0.00262040037921395,0.0927367853770732,0.965203543840346,0.989888576888297,"C4b-binding protein alpha chain-like, transcript variant X2","liver"
"LOC115104303",97.2924124042694,0.0024074756873323,0.112654160278136,0.957480427188544,0.986275011680693,"matrix-remodeling-associated protein 7-like, transcript variant X1","liver"
"LOC115136909",69.0699533195598,0.00240479598736222,0.0996182807344644,0.966687583532669,0.990275168960201,"tyrosine-protein kinase BAZ1B-like, transcript variant X2","liver"
"LOC115108616",3691.79837187203,0.00240342868985587,0.118197217165391,0.943790543235817,0.982427643479289,"insulin-like growth factor-binding protein 1","liver"
"LOC115109631",173.320556773769,0.00234254642244722,0.103707687914544,0.966024678579728,0.990094110568243,"neuron navigator 2-like, transcript variant X1","liver"
"LOC115114173",73.8063128720506,0.00229935416272242,0.0943820080138005,0.969255382605152,0.990643164367753,"selenoprotein F-like","liver"
"LOC115133774",87.1994187052807,0.00226163962745532,0.101998108654258,0.967895560029877,0.990507355477592,"RING finger protein 227-like","liver"
"LOC115138620",74.5851012751416,0.00219533098080615,0.107578359661448,0.966046191788494,0.990094110568243,"ornithine decarboxylase 1-like","liver"
"LOC115144894",722.406834581328,0.00211691372511155,0.0915115933145419,0.97199629597662,0.991207631323669,"ornithine decarboxylase antizyme 1-like","liver"
"LOC115113360",616.516130401684,0.00211655223653655,0.0702581748180661,0.970472830191119,0.990898533151543,"kynurenine 3-monooxygenase-like, transcript variant X1","liver"
"LOC115138689",61.7960588229108,0.00203006271087361,0.0826160622339626,0.973228183524022,0.991346610464745,"E3 ubiquitin-protein ligase HECTD1-like, transcript variant X6","liver"
"LOC115114739",74.6799133671568,0.00194768808649494,0.0889284152410221,0.974369878794988,0.991346610464745,"splicing factor 3A subunit 2-like, transcript variant X2","liver"
"LOC115124123",57.6594719851742,0.00184646063963097,0.0778559123685837,0.975303733923462,0.991346610464745,"renin receptor-like","liver"
"LOC115144454",96.7958853372973,0.00180055007963916,0.0947479596392684,0.975879768126727,0.991346610464745,"hepatic leukemia factor-like","liver"
"LOC115141011",750.160319246504,0.00178223356759896,0.103080741305105,0.974361776235684,0.991346610464745,"tumor protein p53-inducible nuclear protein 1-like","liver"
"LOC115130496",76.8922638180363,0.00174101290007228,0.0898434674198211,0.977056055809227,0.991346610464745,"heterogeneous nuclear ribonucleoprotein A0-like","liver"
"LOC115116588",3972.78557637289,0.00172784971775262,0.11121188074422,0.970828107892427,0.990898533151543,"amine sulfotransferase-like","liver"
"LOC115126610",1383.34407972787,0.00168551245484425,0.0912567456516532,0.977716952929393,0.991346610464745,"60S ribosomal protein L10-like","liver"
"LOC115142990",111.704447138456,0.00168407679203338,0.0990436375740252,0.976784894860569,0.991346610464745,"enolase-like","liver"
"LOC115107904",90.93510856534,0.00165875629773462,0.0952039278977086,0.977726539270921,0.991346610464745,"eukaryotic translation initiation factor 2 subunit 1","liver"
"LOC115107965",62.6837360688577,0.00163043543843683,0.120404503921087,0.952564342765667,0.983969051354583,"heat shock protein HSP 90-alpha","liver"
"LOC115115475",63.5982549829356,0.00162209249283567,0.0904419524627963,0.978597316930086,0.991354354673878,"adapter protein CIKS-like, transcript variant X1","liver"
"ddit4",241.496237503341,0.00159643121351676,0.119800465128163,0.956765031944365,0.986036477927998,"DNA damage inducible transcript 4","liver"
"LOC115145104",127.457415975136,0.00148460407771682,0.0821189207612998,0.980400274903437,0.991354354673878,"tripartite motif-containing protein 16-like","liver"
"LOC115105943",91.5306309942632,0.00147747333994561,0.0922412303094798,0.98040956910952,0.991354354673878,"guanine nucleotide-binding protein G(q) subunit alpha-like, transcript variant X1","liver"
"LOC115141225",60.9258432295686,0.00142497330742878,0.100018732537837,0.980183522963998,0.991354354673878,"protein eva-1 homolog B-like","liver"
"LOC115124823",66.2058926380384,0.00139604730790809,0.110654943090604,0.976794219320458,0.991346610464745,"60S ribosomal protein L4-B-like, transcript variant X1","liver"
"LOC115131917",185.743954207053,0.00127953112269355,0.0851669798025948,0.983179328053192,0.99322547256685,"probable ATP-dependent RNA helicase DDX23","liver"
"LOC115105628",76.3372674990979,0.00121804039528536,0.0863069154656542,0.983994613163667,0.993624467943817,"serrate RNA effector molecule homolog","liver"
"LOC115125296",270.536973753606,0.00112574492762568,0.100560899789359,0.984261525529285,0.993624467943817,"selenide, water dikinase 2-like","liver"
"tm7sf2",211.960424322571,0.0011215891533323,0.117539600423907,0.974962617575727,0.991346610464745,"transmembrane 7 superfamily member 2","liver"
"LOC115104868",697.251663106289,0.00112131768632177,0.113335153530727,0.979702687340216,0.991354354673878,"elongation of very long chain fatty acids protein 2-like","liver"
"LOC115112173",454.6041855527,0.00107036211931331,0.0908463845816075,0.985863047235247,0.994489832930061,"sorbitol dehydrogenase-like","liver"
"LOC115132507",204.320060734079,0.00106869288816904,0.0851268793233561,0.985950298054557,0.994489832930061,"E3 ubiquitin-protein ligase HUWE1-like, transcript variant X19","liver"
"LOC115137073",70.2431900540775,0.00103174874181117,0.0873629785898403,0.986439771055322,0.994733429533617,"uncharacterized LOC115137073","liver"
"ildr1",101.406357001873,0.000975413848734358,0.0858737765252652,0.98718132471375,0.994733429533617,"immunoglobulin like domain containing receptor 1","liver"
"LOC115116615",77.423027856783,0.000974781248644202,0.111824121598326,0.983234735477734,0.99322547256685,"complement C3-like","liver"
"LOC115124740",89.6365634676873,0.00094913748501845,0.0825681785816538,0.98748008621736,0.994733429533617,"receptor-type tyrosine-protein phosphatase F-like, transcript variant X2","liver"
"LOC115106398",139.062585919117,0.000934759172137603,0.082024908422001,0.987656081776877,0.994733429533617,"2-oxoisovalerate dehydrogenase subunit beta, mitochondrial-like","liver"
"LOC115144174",64.0511942590915,0.000917260833211431,0.122394748884049,0.960881524808637,0.986537303556677,"phospholipid transfer protein-like, transcript variant X1","liver"
"LOC115109702",91.3928165416347,0.000889114739789441,0.0881379903519093,0.988308299409615,0.994924681793489,"CCR4-NOT transcription complex subunit 4-like","liver"
"LOC115137313",224.398435429392,0.000789642599925524,0.0713393356341784,0.989063414996072,0.995412957907158,"oxysterol-binding protein 1-like, transcript variant X5","liver"
"LOC115105742",140.349558749758,0.000781231745227141,0.108604117081287,0.987650687086112,0.994733429533617,"cytochrome P450 4B1-like","liver"
"LOC115141372",59.6811021965366,0.000745453152177842,0.100736216207255,0.989559368862724,0.995666252156125,"serine/threonine-protein phosphatase 6 regulatory ankyrin repeat subunit C-like, transcript variant X1","liver"
"cenpv",88.1569607514708,0.000435690796144681,0.0879694573665887,0.994271377294188,0.997943889153191,"centromere protein V, transcript variant X1","liver"
"LOC115129281",81.0354964639502,0.0004326855542594,0.113761837155203,0.992039100178946,0.996736980652877,"guanylate-binding protein 1-like, transcript variant X2","liver"
"LOC115133340",92.4087598450244,0.000380963829740828,0.0800853574452567,0.994943612956455,0.997947905722678,"dynactin subunit 1-like, transcript variant X5","liver"
"LOC115116868",100.608951455119,0.000341283598091356,0.0983469882002051,0.995321435354371,0.997947905722678,"solute carrier family 35 member B1-like","liver"
"LOC115114557",73.6193161225573,0.000313233737417051,0.0736042513838169,0.99572210962983,0.997947905722678,"RB1-inducible coiled-coil protein 1-like, transcript variant X2","liver"
"LOC115103764",108.645076339289,0.000198144082120497,0.116936722058894,0.995744389738501,0.997947905722678,"keratin, type I cytoskeletal 13-like","liver"
"hypk",62.4817268135101,1.83180756057829e-05,0.0841373612918401,0.999758944243197,0.999758944243197,"huntingtin interacting protein K","liver"
"LOC115125240",86.8797894080323,-2.09957579488771e-05,0.10680727942435,0.999679938264652,0.999758944243197,"uncharacterized LOC115125240","liver"
"LOC115140276",404.715094541018,-4.30741606747564e-05,0.0847152108552002,0.999433506077061,0.999758944243197,"patatin-like phospholipase domain-containing protein 7, transcript variant X3","liver"
"LOC115129238",273.366993323495,-7.83426159561741e-05,0.0825199840994533,0.998966457358666,0.99970225391454,"hypoxanthine-guanine phosphoribosyltransferase","liver"
"LOC115145947",479.01361872547,-0.000139864998492552,0.0847694838284513,0.998160641437594,0.999141152873191,"mRNA decay activator protein ZFP36L1-like, transcript variant X1","liver"
"LOC115136817",69.4090382951569,-0.000145570612582146,0.0986345561378505,0.997999812493082,0.999141152873191,"scavenger receptor class F member 1-like, transcript variant X3","liver"
"LOC115112129",87.061242197809,-0.000160703904054527,0.0841756750386083,0.997885322105263,0.999141152873191,"dnaJ homolog subfamily A member 2-like","liver"
"LOC115135253",120.726653250047,-0.00021868844464076,0.107914260108055,0.996593455479754,0.998307919522113,"multiple coagulation factor deficiency protein 2 homolog","liver"
"LOC115136617",69.2942270214773,-0.000245857931860842,0.106544891894793,0.996270032925285,0.998229266028383,"eukaryotic translation initiation factor 4 gamma 1-like, transcript variant X3","liver"
"LOC115110272",134.462265528728,-0.000318283065901222,0.120575196580727,0.990521133547235,0.996142151576247,"heat shock 70 kDa protein","liver"
"serpind1",4337.25068189198,-0.000333166400185,0.0872556248971376,0.995621215326019,0.997947905722678,"serpin family D member 1, transcript variant X2","liver"
"LOC115145904",61.6659502210001,-0.00037473667019954,0.0813933191417846,0.995044055760208,0.997947905722678,"dnaJ homolog subfamily C member 5B-like, transcript variant X2","liver"
"LOC115144405",58.0722548711833,-0.000418739199551111,0.107559621820516,0.993523974018378,0.997439339433229,"cordon-bleu protein-like 1, transcript variant X2","liver"
"LOC115122211",3773.90188024383,-0.00047551821208116,0.109572429624041,0.99231226761655,0.996736980652877,"complement component C7-like","liver"
"LOC115144664",71.9042671555539,-0.000554059145668473,0.0838161420168415,0.992706063624597,0.996863738687819,"disintegrin and metalloproteinase domain-containing protein 10-like","liver"
"LOC115139790",201.711236659615,-0.000575008996941156,0.0939879767916406,0.992323587159097,0.996736980652877,"proprotein convertase subtilisin/kexin type 5-like, transcript variant X1","liver"
"LOC115104854",908.704588889758,-0.000582815850469534,0.0882287905348652,0.992335296243713,0.996736980652877,"phosphoenolpyruvate carboxykinase, cytosolic [GTP]-like","liver"
"LOC115131686",5631.34893475876,-0.000594956408753382,0.0954004043830713,0.992001646520534,0.996736980652877,"elongation factor 1-alpha, oocyte form-like","liver"
"ell",262.626057431987,-0.000734174260925651,0.0901809446327774,0.990317294740256,0.996142151576247,"elongation factor for RNA polymerase II","liver"
"LOC115113088",123.218665393249,-0.000886255982467007,0.0838855614489181,0.988334160103493,0.994924681793489,"eukaryotic translation initiation factor 4E-like, transcript variant X2","liver"
"LOC115113474",61.9739040747555,-0.00100104848672817,0.0837645926218007,0.986821163451122,0.994733429533617,"MAP kinase-activating death domain protein-like, transcript variant X7","liver"
"LOC115136681",103.45981329386,-0.0010614047384673,0.104783948529894,0.98436104061755,0.993624467943817,"non-histone chromosomal protein HMG-14-like","liver"
"LOC115111917",420.767054030919,-0.00110469766024259,0.0912650593897902,0.9853940897342,0.99442097295286,"glycine-rich RNA-binding protein 1-like","liver"
"LOC115144793",103.443157693585,-0.00130125649927409,0.0800227759633921,0.982726873433172,0.993204744883117,"dihydrolipoyl dehydrogenase, mitochondrial-like","liver"
"LOC115137912",217.282825283204,-0.0013367676986876,0.117157911234979,0.970898949937491,0.990898533151543,"E3 ubiquitin-protein ligase TRIM39-like","liver"
"LOC115117488",214.587100262432,-0.0013424692079374,0.11383225589629,0.975236109146295,0.991346610464745,"sterol regulatory element-binding protein 1-like","liver"
"LOC115143423",115.939561601023,-0.00138550427341764,0.121657156494447,0.950694697003401,0.983966701713714,"tumor necrosis factor receptor superfamily member 8-like","liver"
"LOC115102819",58.4850115710643,-0.00139200889217083,0.0875984304259017,0.981703410700708,0.992416443952402,"U6 snRNA-associated Sm-like protein LSm7","liver"
"LOC115133934",112.774926091276,-0.00140623771040029,0.100585004043608,0.980336113568825,0.991354354673878,"UDP-xylose and UDP-N-acetylglucosamine transporter","liver"
"LOC115138633",146.556600115422,-0.0014634574032569,0.0952495410078536,0.980343614052976,0.991354354673878,"fermitin family homolog 2-like, transcript variant X5","liver"
"LOC115141104",232.543190376811,-0.00149236916307281,0.0775447507494873,0.980013361652371,0.991354354673878,"RNA-binding protein 8A, transcript variant X2","liver"
"LOC115109360",99.2366906416978,-0.00149754378929976,0.0891050698189908,0.980287328542724,0.991354354673878,"nuclear factor erythroid 2-related factor 2-like","liver"
"LOC115131581",215.596925134012,-0.00154100771989427,0.107184909329995,0.976344847826123,0.991346610464745,"secretagogin-like","liver"
"LOC115128360",168.397634750158,-0.00158320197540484,0.0714602531112009,0.97809223482587,0.991354354673878,"cell division control protein 42 homolog, transcript variant X1","liver"
"LOC115109981",137.393113329623,-0.0016012830996777,0.0823016007902054,0.978868246790319,0.991354354673878,"AP-2 complex subunit alpha-2-like, transcript variant X1","liver"
"LOC115101986",231.704510359367,-0.00161103613645788,0.121761251927809,0.941435835553365,0.9811537882167,"complement C1q tumor necrosis factor-related protein 3-like","liver"
"LOC115125053",64.577514420652,-0.00169143496798496,0.107273786248964,0.97399210141011,0.991346610464745,"E3 ubiquitin-protein ligase RNF185, transcript variant X1","liver"
"LOC115103895",842.458918242127,-0.00169558159534178,0.0983334592502147,0.976761494140398,0.991346610464745,"malate dehydrogenase, cytoplasmic-like, transcript variant X1","liver"
"LOC115128654",158.029652736822,-0.0017229537949748,0.0865666655265324,0.977361638341963,0.991346610464745,"protein tyrosine phosphatase type IVA 2","liver"
"LOC115110604",2029.07532011426,-0.00177804470491904,0.0707628917321468,0.975280859639872,0.991346610464745,"microtubule-associated serine/threonine-protein kinase 1-like, transcript variant X2","liver"
"LOC115125787",64.529688485848,-0.00178024656291455,0.111973141599308,0.969244602919439,0.990643164367753,"phosphoethanolamine N-methyltransferase 3-like","liver"
"LOC115128580",381.894931255493,-0.0018374151952938,0.077905357843217,0.975429512043284,0.991346610464745,"ATP-binding cassette sub-family F member 1-like, transcript variant X2","liver"
"LOC115111589",185.308214929675,-0.00184297061391726,0.0920826226465136,0.975577187151851,0.991346610464745,"anthrax toxin receptor 1-like, transcript variant X2","liver"
"LOC115137947",60.7846618475179,-0.00186790588149935,0.079538576343242,0.9751691401417,0.991346610464745,"H(+)/Cl(-) exchange transporter 3-like, transcript variant X1","liver"
"LOC115141687",240.268827641803,-0.00186900169264025,0.0798914979555968,0.975182541026726,0.991346610464745,"E3 ubiquitin-protein ligase TRIP12, transcript variant X1","liver"
"avpi1",1945.44307218138,-0.00196887584544939,0.109484369476167,0.968245761789498,0.990507355477592,"arginine vasopressin induced 1, transcript variant X1","liver"
"LOC115110287",470.741832792886,-0.00205450330706064,0.0918077560042675,0.972798138383806,0.991346610464745,"coenzyme Q-binding protein COQ10 homolog, mitochondrial-like","liver"
"cdkn1b",191.670522172277,-0.00207302574548643,0.100762389907206,0.970963871787847,0.990898533151543,"cyclin dependent kinase inhibitor 1B","liver"
"LOC115135469",83.2707063455009,-0.00209230094960184,0.0843428124772822,0.972478349140867,0.991346610464745,"rab proteins geranylgeranyltransferase component A 2-like, transcript variant X3","liver"
"LOC115121180",334.989375761527,-0.00211209929917436,0.0643626287789267,0.969064243420436,0.990643164367753,"ras-related protein Rab-10","liver"
"LOC115108058",100.497695109894,-0.00211455512086092,0.0920021510784208,0.971986703505999,0.991207631323669,"26S proteasome non-ATPase regulatory subunit 1-like","liver"
"LOC115145200",71.50377436849,-0.00214388043292275,0.0941426329079382,0.97136501786499,0.991059777926834,"CMP-N-acetylneuraminate-beta-1,4-galactoside alpha-2,3-sialyltransferase-like, transcript variant X3","liver"
"LOC115114877",6961.66951179466,-0.00216998223808769,0.119273419396137,0.944345315787992,0.982427643479289,"fatty acid-binding protein 10-A, liver basic","liver"
"LOC115135141",57.2802230026111,-0.00217674062547886,0.0775586623545402,0.970853002956681,0.990898533151543,"zinc finger SWIM domain-containing protein 8-like, transcript variant X4","liver"
"urad",279.052388985572,-0.00219396877636044,0.0989113888708807,0.969792803679037,0.990898533151543,"ureidoimidazoline (2-oxo-4-hydroxy-4-carboxy-5-) decarboxylase","liver"
"negr1",192.816784643826,-0.00219948732643749,0.118276084925386,0.948238223532312,0.983638766333216,"neuronal growth regulator 1, transcript variant X2","liver"
"LOC115125396",1567.06766085587,-0.00234949274923995,0.0964873263777401,0.968220269458705,0.990507355477592,"phosphatidylinositol-binding clathrin assembly protein-like","liver"
"LOC115102545",66.1720900809216,-0.00240313029983717,0.0843929683089372,0.968393476834692,0.990507355477592,"calcium-binding and coiled-coil domain-containing protein 1-like, transcript variant X2","liver"
"LOC115143242",62.359177625163,-0.00247918363750423,0.080110659605736,0.967106430295981,0.990275168960201,"cell division control protein 42 homolog, transcript variant X1","liver"
"LOC115105622",70.0397837729954,-0.00249114683739586,0.0817257642073533,0.967089422389002,0.990275168960201,"misshapen-like kinase 1, transcript variant X5","liver"
"LOC115114184",123.394590532998,-0.00249708640210215,0.0862834586508203,0.967194663304848,0.990275168960201,"60S ribosomal protein L5-like","liver"
"LOC115110247",73.5588223824629,-0.00263252335204428,0.0839358865945202,0.965359934526737,0.989888576888297,"prohibitin","liver"
"LOC115146166",82.5987889242209,-0.0026592032276834,0.0784218788505534,0.964517263084134,0.98952236706039,"protein phosphatase 1A, transcript variant X2","liver"
"LOC115130531",69.7614454119927,-0.00277931333163282,0.117110532986064,0.939728852360637,0.980509219639167,"H-2 class II histocompatibility antigen gamma chain-like, transcript variant X1","liver"
"LOC115108744",61.7247626232376,-0.00279400441338814,0.079486139744104,0.962859206819099,0.988070021901976,"protein PRRC2C-like","liver"
"LOC115112463",354.250871529137,-0.00280872831966935,0.118563740364394,0.932402117851039,0.978746080958237,"cytochrome P450 1A1","liver"
"dnajc25",59.1075450070607,-0.00283501656055689,0.0955161881422149,0.961877258760115,0.987310930925769,"DnaJ heat shock protein family (Hsp40) member C25, transcript variant X1","liver"
"LOC115102166",151.280517686028,-0.00290522534910231,0.0998653301209146,0.959669966477069,0.986411356978782,"serine/threonine-protein kinase Sgk2-like","liver"
"LOC115118233",190.638807682169,-0.00299808222959414,0.111878725037051,0.948384920940347,0.983638766333216,"transforming growth factor-beta-induced protein ig-h3-like","liver"
"LOC115125731",339.362815965086,-0.00300967217559002,0.0991751970458928,0.958478277267302,0.986374158171334,"sarcoplasmic/endoplasmic reticulum calcium ATPase 2","liver"
"LOC115122193",79.8594063202057,-0.00301377330605984,0.0900999737733464,0.96027484408533,0.986411356978782,"serine/threonine-protein kinase ppk4-like, transcript variant X3","liver"
"LOC115124241",94.0924686774616,-0.00303333993222589,0.0957880287094831,0.959150111011967,0.986374158171334,"dual specificity protein kinase CLK4-like, transcript variant X1","liver"
"selenos",106.73081982716,-0.00311272485927302,0.0940216200348706,0.95845736454848,0.986374158171334,"selenoprotein S","liver"
"LOC115120424",115.80916765079,-0.00313978965778907,0.0889393221036602,0.958693696416608,0.986374158171334,"serine/arginine-rich splicing factor 5-like","liver"
"LOC115127916",100.621267828969,-0.00332521100215666,0.0711001468085481,0.953896047291339,0.984497811104054,"small ubiquitin-related modifier 3-like","liver"
"LOC115112143",62.2126080241372,-0.00338797614781558,0.0760703101845239,0.954349165648911,0.984542444744359,"cytoplasmic dynein 1 light intermediate chain 2-like, transcript variant X2","liver"
"LOC115102921",93.7099573006771,-0.0034283003097591,0.0829371444325288,0.954830845979586,0.984790113414168,"guanine nucleotide-binding protein G(I)/G(S)/G(O) subunit gamma-5, transcript variant X1","liver"
"LOC115102874",335.840613915868,-0.00349651248978735,0.0854215914885564,0.954064365520367,0.984497811104054,"cold-inducible RNA-binding protein B-like, transcript variant X8","liver"
"LOC115142753",127.37808466818,-0.00351212434416099,0.119279931010838,0.910012060617705,0.97018356839159,"glutaredoxin-1-like","liver"
"LOC115125895",61.4404585921022,-0.00352282919515233,0.0867360977029951,0.953732006557072,0.984497811104054,"glucocorticoid receptor-like","liver"
"LOC115143392",113.547841889875,-0.00352827896061188,0.0791742807197985,0.953059514918527,0.984208407096002,"ADP-ribosylation factor-like protein 8B-A","liver"
"LOC115128311",124.003060710835,-0.00353432677198524,0.0770304866277426,0.952586328911969,0.983969051354583,"proteasome subunit beta type-2-like","liver"
"LOC115133309",352.66434047158,-0.00363032288554984,0.0879999634018711,0.952294565028165,0.983969051354583,"high mobility group protein B3-like","liver"
"LOC115137179",305.675215458635,-0.00366149622686527,0.0885639910696469,0.951859839268198,0.983966701713714,"coagulation factor X-like","liver"
"wdr60",76.4928085411648,-0.0037558213197595,0.104268729554366,0.945124486736622,0.982485949486985,"WD repeat domain 60, transcript variant X1","liver"
"dhcr24",313.101977291448,-0.0038608051533572,0.103328261542588,0.944319418989496,0.982427643479289,"24-dehydrocholesterol reductase","liver"
"LOC115131640",107.193604267637,-0.00388928210807533,0.0841175911912678,0.948853478137224,0.983638766333216,"cell division control protein 42 homolog","liver"
"LOC115133615",86.5628336315667,-0.00392851993566145,0.0962942447352521,0.946951826890511,0.983131850842008,"eukaryotic translation initiation factor 5A-1, transcript variant X1","liver"
"LOC115136686",72.63491688934,-0.0040536372663476,0.107300429014375,0.937695511169992,0.980509219639167,"immunoglobulin superfamily member 5-like","liver"
"fam160b1",59.981454015466,-0.00407788876706391,0.0762251728003398,0.945106505741214,0.982485949486985,"family with sequence similarity 160 member B1","liver"
"LOC115109555",122.822861594745,-0.00409058437625926,0.0689698224395355,0.942428193698389,0.981657278852381,"liprin-beta-1-like, transcript variant X5","liver"
"LOC115101794",84.4164569891056,-0.00422487495228598,0.113364403911248,0.923566802198109,0.975668718997416,"urokinase plasminogen activator surface receptor-like","liver"
"LOC115103256",493.607960320169,-0.00424720148694348,0.104338930743234,0.937896685962985,0.980509219639167,"angiopoietin-related protein 4-like, transcript variant X1","liver"
"LOC115101945",140.758309006141,-0.00430154441809386,0.115410574072821,0.91516519389684,0.971678380246601,"cytochrome c oxidase subunit 4 isoform 2, mitochondrial-like, transcript variant X2","liver"
"LOC115112953",87.1544877266968,-0.00430647353142523,0.0787705098055509,0.942641459624195,0.981657278852381,"ribosome-binding protein 1-like, transcript variant X2","liver"
"LOC115132374",304.124395734942,-0.00432583140683137,0.100704849372297,0.939492259489122,0.980509219639167,"CCAAT/enhancer-binding protein beta-like","liver"
"LOC115135380",72.8586255971775,-0.00437642209418026,0.0991031455793498,0.939691519019049,0.980509219639167,"eukaryotic translation initiation factor 3 subunit L","liver"
"LOC115121211",2733.70472394223,-0.00453961955837387,0.0812485346075921,0.939998077734572,0.980509219639167,"fatty acid-binding protein, heart-like","liver"
"LOC115131162",5558.58138292989,-0.00462495763855528,0.114910946085662,0.910915730185136,0.97018356839159,"saxitoxin and tetrodotoxin-binding protein 2-like","liver"
"LOC115111411",87.7191543668335,-0.00464876690758288,0.0973295975400876,0.936818866706107,0.980509219639167,"ubiquitin-conjugating enzyme E2 E3-like","liver"
"LOC115137081",169.683579227916,-0.004658526911812,0.117365798724941,0.897527289804787,0.966098205471291,"rho-related GTP-binding protein RhoU-like","liver"
"LOC115145572",448.612877468232,-0.00474125794594449,0.108430302102832,0.925453970075309,0.975724361621045,"mitochondrial uncoupling protein 2-like","liver"
"LOC115113941",161.171489540821,-0.0047574844317985,0.115732926039538,0.904716899264168,0.96898595708006,"selenoprotein Pb-like, transcript variant X1","liver"
"LOC115110784",82.0951835965517,-0.00475871397692138,0.0945245851696413,0.936381516489827,0.980509219639167,"DDB1- and CUL4-associated factor 7-like","liver"
"LOC115102404",97.7377646228625,-0.00478481111099988,0.0766872175125375,0.935745462443556,0.980488047537258,"ubiquitin-conjugating enzyme E2 variant 1, transcript variant X2","liver"
"LOC115138396",100.138620392081,-0.0047899902038194,0.108144305680103,0.925147860842441,0.975724361621045,"guanine nucleotide-binding protein-like 3","liver"
"LOC115130790",437.882823811439,-0.00489101147151233,0.0809173240826287,0.935308168190196,0.980281844572702,"calnexin-like, transcript variant X3","liver"
"LOC115136882",184.088459457523,-0.0050042281989202,0.0890581606440849,0.934201291972839,0.979437803841344,"succinate dehydrogenase [ubiquinone] cytochrome b small subunit B, mitochondrial-like","liver"
"LOC115140792",71.3215984140135,-0.0050450027178527,0.0988836059868069,0.93062944712858,0.978219267574993,"zinc finger MYM-type protein 1-like","liver"
"LOC115103144",171.25658484053,-0.00507064508184517,0.111740864569523,0.913201405697392,0.971348885600879,"cAMP-responsive element modulator-like, transcript variant X1","liver"
"LOC115133927",179.387775540845,-0.00513135015204148,0.0761716594629817,0.930940269608292,0.978219267574993,"uncharacterized LOC115133927, transcript variant X2","liver"
"LOC115144943",99.972606653241,-0.0052187395670284,0.0759734399235105,0.929701360359452,0.977925869632291,"ER degradation-enhancing alpha-mannosidase-like protein 3, transcript variant X3","liver"
"LOC115134352",83.7992822579298,-0.00522888713965465,0.073748788179363,0.928742062805567,0.977673721073216,"charged multivesicular body protein 1a-like","liver"
"LOC115142255",112.746636451704,-0.00526400508042125,0.0862229808012197,0.930911907354404,0.978219267574993,"plectin-like","liver"
"LOC115116430",446.094988237013,-0.00533978505994293,0.108525917857311,0.915905336986396,0.97168926433018,"mitochondrial uncoupling protein 2-like","liver"
"LOC115103799",95.2182626046632,-0.00538353521486391,0.0762909899602906,0.927595693442062,0.976719206011326,"phosphoribosyl pyrophosphate synthase-associated protein 1-like, transcript variant X1","liver"
"LOC115144058",1109.9656962719,-0.00553074330058783,0.0868881705568227,0.927419295534497,0.976719206011326,"APOBEC1 complementation factor-like, transcript variant X4","liver"
"LOC115134190",4434.48888252399,-0.00554023936782554,0.121966468558587,0.792009455429602,0.926075391590294,"zona pellucida sperm-binding protein 3-like","liver"
"LOC115145044",69.3209241246821,-0.00554232448075183,0.0788478106842781,0.926243370326723,0.976051700478729,"methylcrotonoyl-CoA carboxylase subunit alpha, mitochondrial-like, transcript variant X1","liver"
"LOC115121061",954.321419791488,-0.00554816539778045,0.0987280249521124,0.923829614741687,0.975668718997416,"60S ribosomal protein L3-like","liver"
"LOC115142746",58.9250947382745,-0.00561082792280359,0.0909317312951814,0.925983739606703,0.976030442885162,"ubiquitin-associated protein 2-like, transcript variant X2","liver"
"LOC115143176",134.620586156785,-0.0056773170732782,0.0807804302885493,0.924909191523367,0.975724361621045,"myosin light polypeptide 6-like, transcript variant X2","liver"
"LOC115105485",145.908410100168,-0.00576089368800642,0.075651779126603,0.922299752760393,0.974932011063599,"MAP7 domain-containing protein 1-like, transcript variant X2","liver"
"LOC115111512",125.501483412045,-0.00585599757870902,0.110921615789677,0.902198982490753,0.967727119113766,"E3 ubiquitin-protein ligase RNF34-like, transcript variant X1","liver"
"lrrc8a",71.702132146543,-0.00586835533474728,0.095467239803511,0.921210870071884,0.974558830689136,"leucine rich repeat containing 8 VRAC subunit A","liver"
"LOC115146260",80.0667662276633,-0.00588599746993323,0.112241381393421,0.897728760495787,0.966098205471291,"adenylosuccinate synthetase isozyme 1 C","liver"
"LOC115103680",59.5387944626024,-0.00591722200861087,0.0787419061665175,0.921240229304524,0.974558830689136,"stromal membrane-associated protein 1-like","liver"
"LOC115112503",106.978017417835,-0.00604609145045491,0.103686023875041,0.912496179318559,0.971348885600879,"leucine-rich repeat-containing protein 58-like, transcript variant X2","liver"
"LOC115113648",89.6569952593797,-0.00606435168032424,0.103240277961916,0.912751396891458,0.971348885600879,"myotubularin-related protein 10-like","liver"
"LOC115131974",74.4339434287254,-0.00606828514285091,0.1067837716416,0.907759700025106,0.969355131596105,"inosine-5'-monophosphate dehydrogenase 2-like, transcript variant X1","liver"
"LOC115141448",87.5715967750433,-0.00616268268607324,0.0974699700247161,0.916230004036531,0.971780769308587,"rho GTPase-activating protein 35-like","liver"
"LOC115141451",339.220231576111,-0.00621111898701453,0.103204771398555,0.910690331450527,0.97018356839159,"rho-related GTP-binding protein RhoU-like","liver"
"LOC115110445",105.725371811718,-0.00624440054804412,0.0715423884040527,0.913796942409806,0.971475309666763,"interleukin enhancer-binding factor 3 homolog, transcript variant X1","liver"
"LOC115143275",85.3347060570451,-0.00626533230993614,0.0820582933752895,0.917415408202128,0.972279044158053,"eukaryotic translation initiation factor 4 gamma 3-like, transcript variant X3","liver"
"LOC115128382",1621.0722526593,-0.0062986870353431,0.109555515137044,0.898515211556195,0.966098205471291,"BOLA class I histocompatibility antigen, alpha chain BL3-7-like","liver"
"LOC115116401",6131.46525170026,-0.00636414081965564,0.119416469727309,0.835764198688746,0.942624393217894,"metalloproteinase inhibitor 2-like","liver"
"LOC115101972",120.451721469677,-0.00640951389275661,0.108775265693436,0.898593999198607,0.966098205471291,"catechol O-methyltransferase B-like","liver"
"LOC115145968",74.0256141157941,-0.00643214290833112,0.104271270766409,0.906171592693096,0.969355131596105,"calmin-like","liver"
"LOC115143411",78.6336794747179,-0.00646433187164556,0.107734762030699,0.899961719076237,0.966098205471291,"neural cell adhesion molecule L1-like protein, transcript variant X1","liver"
"LOC115139833",213.057478052215,-0.00647454603642908,0.0823624084214009,0.914721894671997,0.971678380246601,"lysosome membrane protein 2-like, transcript variant X2","liver"
"LOC115143853",134.304755228724,-0.00652806063400054,0.0675501722299775,0.907217737202967,0.969355131596105,"ubiquitin-conjugating enzyme E2 variant 1-like, transcript variant X1","liver"
"LOC115107801",85.0967541450567,-0.0065371696109413,0.114203507413132,0.878128307065791,0.957895746678349,"histone deacetylase 4-like, transcript variant X1","liver"
"LOC115113096",106.302304694014,-0.00666509550782338,0.0964416175435029,0.910046320700977,0.97018356839159,"annexin A5-like","liver"
"LOC115121040",1342.14772349076,-0.00669950798231437,0.119652631431795,0.823137293599697,0.939436400348969,"betaine--homocysteine S-methyltransferase 1-like","liver"
"snx9",325.037855140729,-0.00670547605293156,0.0676679266517665,0.904798957960429,0.96898595708006,"sorting nexin 9, transcript variant X1","liver"
"LOC115144711",69.9933919425392,-0.00672821905263085,0.0926819110494187,0.910835434131995,0.97018356839159,"pleckstrin homology domain-containing family A member 7-like, transcript variant X1","liver"
"LOC115113442",65.0904187594425,-0.00678886135353642,0.10494194792361,0.900006241116395,0.966098205471291,"triadin-like, transcript variant X27","liver"
"LOC115102492",84.3878295354277,-0.00689162063149302,0.0831267590923136,0.909378170846644,0.97018356839159,"probable phospholipid-transporting ATPase IIA","liver"
"LOC115121482",2718.50277930821,-0.00695672252247984,0.093577965718438,0.907503585499143,0.969355131596105,"C4b-binding protein alpha chain-like, transcript variant X1","liver"
"LOC115108594",70.1905136145782,-0.00702438210741716,0.081305146044996,0.907292074948893,0.969355131596105,"desmocollin-2-like, transcript variant X1","liver"
"LOC115131428",80.0414175091331,-0.00703609800813993,0.0881076459963575,0.907686086266642,0.969355131596105,"septin-7, transcript variant X2","liver"
"vamp3",78.8658166239879,-0.00705084552834468,0.0747108010144752,0.904521308504585,0.96898595708006,"vesicle associated membrane protein 3","liver"
"LOC115133093",105.283946424732,-0.00705420149059323,0.093724437117729,0.90615614997702,0.969355131596105,"cell division cycle protein 123 homolog, transcript variant X1","liver"
"LOC115129538",59.1391352087503,-0.00711437174557089,0.0975368810779982,0.903309440063301,0.968153898947676,"E3 ubiquitin-protein ligase RNF130-like, transcript variant X4","liver"
"fdft1",467.008299061102,-0.0072514449756804,0.117967884635597,0.834588767977101,0.942624393217894,"farnesyl-diphosphate farnesyltransferase 1, transcript variant X2","liver"
"LOC115101058",633.014765335077,-0.00725898880657807,0.10454178489062,0.893765113510747,0.965541108579328,"polyubiquitin-B, transcript variant X3","liver"
"LOC115102046",109.675189852509,-0.00727885051778278,0.0696287615219968,0.898247999228214,0.966098205471291,"RNA-binding protein 39-like, transcript variant X2","liver"
"mmd",76.9409398733467,-0.00731728801348475,0.100479937190547,0.898069931372308,0.966098205471291,"monocyte to macrophage differentiation associated, transcript variant X1","liver"
"LOC115101371",77.2475010176184,-0.00735164907270832,0.106938470534603,0.888060582582698,0.963029430750541,"calpain-5-like, transcript variant X3","liver"
"plekhf2",195.33003174133,-0.00738736370747488,0.101741588050475,0.895727937215533,0.966098205471291,"pleckstrin homology and FYVE domain containing 2, transcript variant X2","liver"
"LOC115128135",104.446556652564,-0.00761043371156392,0.0851004334779167,0.900206325902837,0.966098205471291,"elongin-C","liver"
"LOC115115466",60.5175635327717,-0.00762637891532194,0.105399559049004,0.886947655443877,0.962645667671134,"pseudokinase FAM20A-like, transcript variant X1","liver"
"LOC115144161",57.7365022603158,-0.00766690433363368,0.105870668957553,0.885472510929963,0.961505769501835,"C-Jun-amino-terminal kinase-interacting protein 4-like, transcript variant X4","liver"
"LOC115138480",64.534655459099,-0.00777695881057137,0.087391592954389,0.898064776614209,0.966098205471291,"sushi domain-containing protein 6-like, transcript variant X1","liver"
"LOC115139480",115.838054467314,-0.00785452485090599,0.110879399801571,0.869269939285994,0.953740046441376,"mitogen-activated protein kinase kinase kinase 5-like","liver"
"pgam1",79.7905046819372,-0.00786489620797326,0.0918411555983922,0.896139092603409,0.966098205471291,"phosphoglycerate mutase 1","liver"
"LOC115134234",420.77985529676,-0.00794146789562471,0.0793198081510375,0.89464694714399,0.965981710346729,"mucosa-associated lymphoid tissue lymphoma translocation protein 1-like","liver"
"LOC115106445",763.694863548331,-0.00808865120943231,0.11008247653059,0.868224615335265,0.95348334027682,"glucose-6-phosphatase-like","liver"
"LOC115136523",58.1648613772593,-0.00812779146496879,0.103644313455294,0.882638133279656,0.960136917867061,"vacuolar fusion protein MON1 homolog B-like, transcript variant X4","liver"
"LOC115135880",91.0565437310671,-0.00821991185905435,0.0961899079271748,0.889359662163613,0.963515465885521,"nuclear receptor-interacting protein 1-like, transcript variant X1","liver"
"LOC115144780",331.556351300069,-0.0082962182288477,0.0849513733133489,0.891256050611583,0.964108190629727,"peroxisomal succinyl-coenzyme A thioesterase-like","liver"
"LOC115138626",2431.04228266076,-0.00832100154974058,0.0841753099185176,0.890851618992229,0.96392651951482,"apolipoprotein B-100-like, transcript variant X2","liver"
"LOC115130509",73.416893554707,-0.00834301099525502,0.104744413070346,0.877658239830566,0.957803884236319,"receptor expression-enhancing protein 2-like","liver"
"LOC115140091",216.351021195026,-0.0083919143639157,0.117209276844572,0.818575388707546,0.938277076595038,"S-adenosylmethionine synthase","liver"
"LOC115119587",1197.74527366528,-0.00853386966148519,0.0914478602257647,0.88749011428644,0.962845277037937,"40S ribosomal protein S7-like","liver"
"LOC115146736",64.4338400014817,-0.00867718213534414,0.107467598570204,0.866731537644327,0.95300721538664,"multidrug resistance protein 1-like, transcript variant X1","liver"
"LOC115147158",58.9035006248875,-0.00869766712390918,0.107455674618324,0.866451164241288,0.95300721538664,"microtubule-associated serine/threonine-protein kinase 3-like, transcript variant X1","liver"
"LOC115112906",116.839134358874,-0.00872319738363659,0.103142210480373,0.874941762411677,0.956872182342365,"transcription factor MafF-like, transcript variant X1","liver"
"LOC115113359",1066.83014186598,-0.00876811003979793,0.0992231094917826,0.879412204530491,0.958297808089117,"insulin-degrading enzyme-like, transcript variant X3","liver"
"LOC115102686",59.5854516793373,-0.00885355723100204,0.10161050324261,0.875378586745034,0.95709311147338,"rRNA 2'-O-methyltransferase fibrillarin-like","liver"
"LOC115113239",84.9997031844923,-0.00891383390880469,0.083173741479762,0.882967434347605,0.960238864034375,"zinc finger SWIM domain-containing protein 8-like, transcript variant X2","liver"
"LOC115110793",81.7787135970706,-0.00895980261572305,0.106131202109769,0.86575281686721,0.952959352295638,"semaphorin-5B-like, transcript variant X3","liver"
"LOC115111494",72.3604173467079,-0.00899817420070735,0.092775151314539,0.880914923591971,0.958774159829339,"eIF-2-alpha kinase activator GCN1-like","liver"
"LOC115146236",73.7559288116174,-0.00901620912022152,0.0975112968290429,0.87767357890644,0.957803884236319,"rRNA-processing protein FCF1 homolog","liver"
"LOC115105092",75.6998897009363,-0.00908383337443841,0.121842140120676,0.675755136372307,0.863441359201731,"cAMP-responsive element modulator-like, transcript variant X2","liver"
"LOC115109156",85.1547470058956,-0.00909117008313374,0.0833995292557526,0.880698851324188,0.958774159829339,"small integral membrane protein 7","liver"
"LOC115144285",148.234097877958,-0.0090960513223133,0.113832837696966,0.83359203962284,0.942624393217894,"collagen alpha-1(I) chain-like","liver"
"LOC115117335",75.438781206341,-0.00915090631742825,0.114247051716942,0.829838840554264,0.941916768058809,"phosphatidylinositol 4-kinase type 2-alpha-like, transcript variant X1","liver"
"LOC115130331",207.377438503381,-0.00919621944615593,0.106270994343829,0.86191682459368,0.951562731267769,"cytochrome P450 2F3-like","liver"
"cpn1",659.533720141058,-0.00919760200894628,0.0879459770487843,0.879536825334001,0.958297808089117,"carboxypeptidase N subunit 1, transcript variant X4","liver"
"LOC115104996",58.6819669056819,-0.00923420687173544,0.100908801738167,0.871033540399048,0.95424581463412,"methionine-R-sulfoxide reductase B2, mitochondrial-like","liver"
"LOC115112162",507.502885081803,-0.0092736588431776,0.0899694204600004,0.878227773635179,0.957895746678349,"ankyrin repeat domain-containing protein 11-like, transcript variant X1","liver"
"LOC115109436",66.8826583626034,-0.00938335459102866,0.0855141658369457,0.877158328263091,0.957803884236319,"ras and EF-hand domain-containing protein-like, transcript variant X1","liver"
"oip5",109.651823195131,-0.00941390839910447,0.100893583263572,0.868568116400351,0.95348334027682,"Opa interacting protein 5, transcript variant X2","liver"
"LOC115143106",122.966389950703,-0.0094503749218711,0.12298236818274,0.536967525281796,0.773111844948287,"leucine-rich repeat neuronal protein 1-like, transcript variant X1","liver"
"amdhd1",100.909992247292,-0.00954366780745034,0.112942104907999,0.831130149768314,0.942624393217894,"amidohydrolase domain containing 1","liver"
"dnah17",155.847501123392,-0.0095978835757933,0.117331139733201,0.791579615722592,0.926075391590294,"dynein axonemal heavy chain 17","liver"
"LOC115143880",466.046848081895,-0.009599274685599,0.112110930177977,0.834753992307759,0.942624393217894,"histone H1.0-B-like","liver"
"LOC115122861",95.1997768566514,-0.00967565829438906,0.0736997875339683,0.868531852406581,0.95348334027682,"cip1-interacting zinc finger protein-like, transcript variant X3","liver"
"LOC115105594",80.3271153309711,-0.00970045599739403,0.0827433646791567,0.872630687201191,0.955370045939311,"nuclear pore complex protein Nup98-Nup96-like, transcript variant X1","liver"
"nfia",89.6935649655104,-0.00980830387366223,0.100875731950471,0.863142892136974,0.952143553004142,"nuclear factor I A, transcript variant X2","liver"
"LOC115138326",58.5590627366075,-0.00994575785740571,0.111355811407333,0.83273893549228,0.942624393217894,"disintegrin and metalloproteinase domain-containing protein 17-like, transcript variant X2","liver"
"LOC115144095",60.5023748731345,-0.0101412142142265,0.111043256917527,0.831013689406539,0.942624393217894,"protein quaking-B-like, transcript variant X2","liver"
"LOC115123999",89.6275767260305,-0.0101536589734863,0.10646356996527,0.847210681732082,0.947128562462964,"14-3-3 protein eta-like","liver"
"LOC115105942",59.3210313361721,-0.0101945183030661,0.0971917162195127,0.862149452053943,0.951562731267769,"heterogeneous nuclear ribonucleoprotein K-like, transcript variant X1","liver"
"LOC115142182",1025.19351337337,-0.0102583083368318,0.105589058553326,0.847917004273279,0.947398494906219,"peptidyl-prolyl cis-trans isomerase FKBP5-like","liver"
"LOC115106893",81.6208309459656,-0.0102647603955933,0.100572206539258,0.857279324682146,0.950563255550715,"calumenin-A, transcript variant X1","liver"
"LOC115119901",92.8700940194394,-0.0102918339892288,0.108835411394801,0.837719152169733,0.942961127218176,"collagen alpha-2(I) chain-like, transcript variant X1","liver"
"LOC115129280",63.4297856092003,-0.0102998351249408,0.122548760336118,0.569301422520534,0.795499690844599,"selenoprotein T2-like","liver"
"LOC115134304",71.5149579380496,-0.0103535381905773,0.090224087633838,0.864114071499893,0.952484128639539,"PSME3-interacting protein-like, transcript variant X2","liver"
"LOC115107632",68.6506500769519,-0.0104075461465291,0.0923278827189511,0.86265160559965,0.951859216140815,"cell cycle control protein 50A-like, transcript variant X2","liver"
"LOC115137941",881.544601938288,-0.010526823561716,0.0944575344342899,0.859910440586741,0.951562731267769,"calpain-1 catalytic subunit-like, transcript variant X2","liver"
"LOC115135831",59.7995515358943,-0.0105698202266236,0.0940631030525075,0.859597537552319,0.951562731267769,"serrate RNA effector molecule homolog","liver"
"LOC115109029",748.395649875139,-0.0105793433973291,0.0906811148047831,0.861044747659514,0.951562731267769,"26S proteasome non-ATPase regulatory subunit 1, transcript variant X2","liver"
"acot7",115.848325099186,-0.0105824587200024,0.0864037528021748,0.861645962928963,0.951562731267769,"acyl-CoA thioesterase 7, transcript variant X3","liver"
"zc3h11a",92.8773490039999,-0.0107210167346174,0.0821974302268974,0.859215582807977,0.951562731267769,"zinc finger CCCH-type containing 11A, transcript variant X5","liver"
"LOC115138046",10597.7156846746,-0.0107785049406908,0.0943994565616032,0.856637087408381,0.950459740511379,"ceruloplasmin-like","liver"
"LOC115113034",147.877758631296,-0.0108160288511506,0.122848867749888,0.506728111695085,0.757363748897249,"glutathione S-transferase 3-like","liver"
"LOC115118153",232.216221312544,-0.0108470198137837,0.116263207370949,0.779388741896191,0.921915924490754,"protein Tob1-like","liver"
"LOC115115711",167.066432468952,-0.0108836989772718,0.1038337341906,0.842924617471615,0.944668886668767,"complement C4-B-like","liver"
"LOC115143366",103.142944399655,-0.0109071102053363,0.0888807411699524,0.857238976600341,0.950563255550715,"WD repeat-containing protein 1-like","liver"
"LOC115136630",57.5826685747744,-0.0111394639530015,0.0876393349830532,0.85439725927804,0.949433813745171,"nuclear fragile X mental retardation-interacting protein 2-like, transcript variant X1","liver"
"LOC115130338",76.9539624776285,-0.0111441371858513,0.0818190815555686,0.853602320413341,0.949253705605705,"protein scribble homolog","liver"
"sc5d",626.967009967756,-0.0111733889415744,0.110552570713891,0.816604131536048,0.936544299420634,"sterol-C5-desaturase, transcript variant X1","liver"
"LOC115105937",62.627789413236,-0.0112213122294414,0.0776065641454998,0.850628327653412,0.948603966979719,"E3 ubiquitin-protein ligase Praja-2-like, transcript variant X1","liver"
"LOC115105527",171.151488724268,-0.0112922749518793,0.087114353937533,0.852457419473069,0.948625660083242,"nuclear receptor corepressor 1-like, transcript variant X1","liver"
"LOC115121575",120.11782260501,-0.011325763243836,0.0923268498892431,0.850674619202807,0.948603966979719,"ubiquitin carboxyl-terminal hydrolase 16-like","liver"
"zfp36l1",408.582353542517,-0.0113288396119726,0.0953212350715257,0.848712228337542,0.947507817776998,"ZFP36 ring finger protein like 1","liver"
"LOC115146158",73.0334090853909,-0.011356992437056,0.090940883268514,0.850857728969051,0.948603966979719,"hypoxia-inducible factor 1-alpha","liver"
"LOC115107575",65.9896392656522,-0.0113689187634265,0.118260086811814,0.738487952981939,0.900342680539803,"ammonium transporter Rh type A-like","liver"
"LOC115102780",304.146903296115,-0.0114146648990838,0.0938751368129707,0.848633931574174,0.947507817776998,"matrix metalloproteinase-14-like","liver"
"LOC115104890",205.984976151694,-0.011520122948486,0.0921926225643302,0.848209665466633,0.947465770469168,"melanoma receptor tyrosine-protein kinase-like","liver"
"LOC115121063",58.2461666111947,-0.0115924789270007,0.102078876048167,0.836475081027753,0.942624393217894,"interferon-induced 35 kDa protein homolog","liver"
"LOC115107270",82.9982888428995,-0.0116052945610704,0.102052634952061,0.836346085195639,0.942624393217894,"leucine-rich alpha-2-glycoprotein-like","liver"
"LOC115137919",213.74861715076,-0.011720382321019,0.107400548338292,0.820980270854534,0.93908726733479,"protein NDRG2-like, transcript variant X1","liver"
"LOC115106044",160.156881123407,-0.0117919445271621,0.0816789525039204,0.845148654651115,0.945341908989557,"ornithine decarboxylase antizyme 2-like","liver"
"LOC115129214",85.0341293683207,-0.0118034253003273,0.0920333309441516,0.844602788903752,0.945322995919874,"serine/arginine repetitive matrix protein 1-like, transcript variant X2","liver"
"LOC115120521",98.1933673345894,-0.0118748871866426,0.0955539774085408,0.841318886589866,0.944167340787526,"signal peptidase complex catalytic subunit SEC11A","liver"
"LOC115130335",446.931095927102,-0.0118833441856465,0.0844557282051456,0.84468213581042,0.945322995919874,"protein CDV3 homolog","liver"
"LOC115133526",148.731786313049,-0.0119470230040112,0.0864796542035245,0.844025225944365,0.945322995919874,"dnaJ homolog subfamily C member 3-like","liver"
"LOC115103165",38924.8842615055,-0.0119507979691026,0.090704071282892,0.84324803232411,0.944771572224594,"serotransferrin","liver"
"ndufa3",68.5725052877257,-0.0120817268081355,0.0867688325737033,0.842287403340058,0.944524807811806,"NADH:ubiquinone oxidoreductase subunit A3, transcript variant X1","liver"
"LOC115105034",99.2680261351077,-0.0120857478124386,0.0803228847168053,0.84078236416271,0.943876503285907,"U2 snRNP-associated SURP motif-containing protein-like, transcript variant X1","liver"
"LOC115132968",81.8879231986142,-0.012111225536995,0.0929014170515676,0.840139887788197,0.94362363808892,"protein SCAF11-like, transcript variant X1","liver"
"LOC115124951",174.180833932255,-0.0121552302591159,0.0975807838360159,0.835555867040227,0.942624393217894,"RNA polymerase-associated protein RTF1 homolog, transcript variant X1","liver"
"LOC115119706",110.818266140499,-0.0121697406999238,0.0808541134066684,0.839927078110248,0.94362363808892,"catenin alpha-1-like","liver"
"LOC115133407",151.132320232751,-0.0122428697949799,0.097728381149925,0.834213910021293,0.942624393217894,"H(+)/Cl(-) exchange transporter 3, transcript variant X4","liver"
"LOC115136999",63.4126479297236,-0.0122587691380841,0.0934265188998044,0.837896146475434,0.942961127218176,"unconventional myosin-Ic-like","liver"
"LOC115137108",76.8391157591645,-0.0122664860637964,0.103984057203642,0.822937833604392,0.939436400348969,"latexin-like, transcript variant X3","liver"
"LOC115123381",98.9803447223122,-0.0122679086550365,0.0812992877676927,0.838837468571688,0.943200419833986,"probable E3 ubiquitin-protein ligase TRIM8","liver"
"LOC115132979",159.407147744224,-0.0122722310649639,0.121568035326426,0.595217082876483,0.814949556534949,"cystine/glutamate transporter-like","liver"
"LOC115139444",191.217674341599,-0.0123682616204483,0.0842379611354183,0.838393308400066,0.942961127218176,"mannosyl-oligosaccharide 1,2-alpha-mannosidase IA-like","liver"
"LOC115107130",79.9620832782426,-0.0124357359061739,0.0766763091384695,0.834033314139711,0.942624393217894,"ubiquitin-conjugating enzyme E2 N-like","liver"
"LOC115145155",535.888903164244,-0.0124744408308812,0.0839839710833222,0.836976819074645,0.942929108498688,"plasminogen activator inhibitor 1 RNA-binding protein-like, transcript variant X3","liver"
"LOC115143779",67.5760444412453,-0.012557733335597,0.0981445293749758,0.829496431747468,0.941916768058809,"probable peptidyl-tRNA hydrolase 2","liver"
"ubxn4",223.277958175552,-0.0127488357868053,0.0803278386162002,0.832176753599316,0.942624393217894,"UBX domain protein 4, transcript variant X2","liver"
"LOC115144016",119.884410640141,-0.0128114511065598,0.0699401664716329,0.822321631630055,0.939436400348969,"Golgi to ER traffic protein 4 homolog","liver"
"LOC115140904",581.32956368339,-0.0128454871804766,0.0826600497361592,0.831856212679877,0.942624393217894,"LIM domain and actin-binding protein 1-like, transcript variant X2","liver"
"LOC115111608",73.447977448858,-0.0128457971327022,0.0887599701966884,0.832243628721028,0.942624393217894,"ubiquitin-conjugating enzyme E2 D4, transcript variant X1","liver"
"LOC115128351",1461.27532177357,-0.01286987629933,0.101464031477884,0.819998694814369,0.938523137052342,"glyceraldehyde-3-phosphate dehydrogenase-like","liver"
"eif4ebp2",95.2106894547962,-0.0128726802408156,0.0823247656793588,0.831396851757009,0.942624393217894,"eukaryotic translation initiation factor 4E binding protein 2","liver"
"LOC115144984",69.3099335373556,-0.0129053356276027,0.11801236080168,0.710184032365917,0.884150921173939,"C3 and PZP-like alpha-2-macroglobulin domain-containing protein 8","liver"
"LOC115117856",82.2295927065582,-0.0130236320855084,0.111767372322008,0.77964843536294,0.921915924490754,"serum paraoxonase/arylesterase 2-like","liver"
"LOC115122811",507.102435956547,-0.0130594775733795,0.0841918874919361,0.829489457040634,0.941916768058809,"heterogeneous nuclear ribonucleoprotein A1-like, transcript variant X5","liver"
"LOC115103917",61.5050275129818,-0.0132200812579313,0.112972925964074,0.767672335427523,0.915725033421885,"cytochrome P450 2D14-like","liver"
"LOC115106241",82.071653815817,-0.0132253629917161,0.0918593786716887,0.826263680098226,0.940567903027087,"plectin-like, transcript variant X5","liver"
"LOC115145182",74.8159035423998,-0.0132827109132777,0.079406975807752,0.824764467143036,0.939616874447622,"ecotropic viral integration site 5 protein homolog, transcript variant X3","liver"
"LOC115138072",80.8923947459916,-0.0132870476450718,0.0790081436301602,0.824472939807,0.939616874447622,"thyroid receptor-interacting protein 6-like, transcript variant X3","liver"
"LOC115103172",105.971286437464,-0.0133647690105028,0.0710089574142267,0.816141294089177,0.936475416861364,"ras-related protein Rab-2A","liver"
"LOC115139502",114.69176269438,-0.0134103240493677,0.0930932406186268,0.823144501974329,0.939436400348969,"serine/arginine-rich splicing factor 3, transcript variant X1","liver"
"tmco1",217.354978740132,-0.0134320250234688,0.0881750719786607,0.824815794105395,0.939616874447622,"transmembrane and coiled-coil domains 1","liver"
"LOC115144448",328.214451973481,-0.0134631076561233,0.0800611491503021,0.8227882338239,0.939436400348969,"Na(+)/H(+) exchange regulatory cofactor NHE-RF1-like","liver"
"LOC115141038",215.955407578844,-0.0134962149860403,0.0821041218282266,0.823282919050466,0.939436400348969,"cytosolic 5'-nucleotidase 3, transcript variant X1","liver"
"LOC115104047",172.823484967626,-0.0135096685222951,0.114511642043239,0.748718482123894,0.904230083892442,"pyruvate dehydrogenase (acetyl-transferring) kinase isozyme 2, mitochondrial-like","liver"
"LOC115111409",77.2813586524827,-0.0135827357943217,0.120345725991881,0.626208235353388,0.837135049950938,"prolactin receptor-like","liver"
"LOC115140935",72.1134169472392,-0.0136489508298293,0.119304186533483,0.661944302525644,0.855448629389513,"squalene monooxygenase-like","liver"
"gpatch4",115.602505892261,-0.0136727339883664,0.0924203367857893,0.820171593272925,0.938523137052342,"G-patch domain containing 4, transcript variant X1","liver"
"LOC115142781",151.8592831287,-0.0138068592914676,0.084763091209429,0.819999023742955,0.938523137052342,"phosphatidate phosphatase LPIN2-like, transcript variant X3","liver"
"LOC115101318",67.8942218330165,-0.0138085190853937,0.106049700594931,0.794838750645208,0.926970743241736,"peptidyl-prolyl cis-trans isomerase FKBP2-like","liver"
"LOC115140366",126.515013991933,-0.0138182582578265,0.0849938733501016,0.819886658152398,0.938523137052342,"terminal uridylyltransferase 7-like","liver"
"nol7",111.497626427847,-0.0138489420542639,0.0796454029357637,0.817564469308894,0.937381934431238,"nucleolar protein 7","liver"
"LOC115121177",185.059843238025,-0.0138613633245168,0.0943867626368322,0.81631431700403,0.936475416861364,"beta-2 adrenergic receptor-like, transcript variant X2","liver"
"LOC115111626",64.9335237694259,-0.0138707253843544,0.0891095935450773,0.819005995738289,0.938506730005416,"CAP-Gly domain-containing linker protein 1-like, transcript variant X2","liver"
"kiaa0232",291.647157505708,-0.0139107275575441,0.113889979571869,0.747809126370239,0.904230083892442,"KIAA0232 ortholog, transcript variant X1","liver"
"LOC115114090",91.5924635366624,-0.0139221124438218,0.094817859111091,0.815145469616742,0.936475416861364,"disks large homolog 1-like, transcript variant X4","liver"
"st5",131.479929825356,-0.0139794608809448,0.10781945353327,0.78557457082707,0.923832068866456,"suppression of tumorigenicity 5, transcript variant X3","liver"
"LOC115143449",76.6138118943252,-0.0140912873426758,0.0837686122777235,0.816156026175705,0.936475416861364,"guanine nucleotide-binding protein G(I)/G(S)/G(T) subunit beta-1-like","liver"
"LOC115115089",193.998507791756,-0.0141353593661783,0.102490296674414,0.800381491319289,0.929850269135189,"phosphatidylinositol 4-kinase type 2-alpha","liver"
"pcdh1",208.160582961927,-0.014158259267917,0.0994676145695743,0.806123508030475,0.931458852222038,"protocadherin 1, transcript variant X1","liver"
"LOC115126837",2170.91889310131,-0.0142131678160062,0.102093460426443,0.800227510188014,0.929850269135189,"BCL2/adenovirus E1B 19 kDa protein-interacting protein 3-like","liver"
"LOC115128714",133.57559559909,-0.0142767429160386,0.116490126413902,0.709397262455096,0.883441259323853,"protein NDRG1-like, transcript variant X1","liver"
"LOC115139811",279.194217248193,-0.0142825212203838,0.106328905335537,0.78697445354196,0.923982559860941,"AN1-type zinc finger protein 5-like, transcript variant X1","liver"
"LOC115135342",113.417464018566,-0.0143030978734911,0.103914557312673,0.794392102052025,0.926714999417303,"prominin-1-A-like","liver"
"LOC115143439",60.8182671815416,-0.0143031795429496,0.0929404651253234,0.811695894988946,0.934596742365803,"T-cell leukemia translocation-altered gene protein homolog, transcript variant X2","liver"
"LOC115124538",78.4939217331793,-0.0143148047502749,0.108201107302232,0.778882077090003,0.921915924490754,"amyloid-like protein 2","liver"
"LOC115139046",260.854098023738,-0.0143783138468339,0.119734542145547,0.630945041591134,0.83995494027948,"probable E3 ubiquitin-protein ligase TRIML1","liver"
"LOC115117337",75.7609916927975,-0.014401338956891,0.108853031868056,0.774493916540629,0.919288644094235,"phosphoglycerate mutase 1-like","liver"
"LOC115110237",93.5933877504949,-0.0144019246460921,0.0870446973980933,0.812515765866751,0.935012496237401,"LIM and SH3 domain protein 1-like","liver"
"LOC115112533",88.5672227898634,-0.0144284733313283,0.0861319411295329,0.812182213461335,0.93489260154431,"eukaryotic translation initiation factor 4 gamma 2-like","liver"
"LOC115112150",209.838213921035,-0.0144942522938102,0.0736812600793937,0.804151142478254,0.931458852222038,"B-cadherin-like","liver"
"LOC115131480",71.8880963276428,-0.0145277870033382,0.105355136148899,0.786826299418604,0.923982559860941,"CMP-N-acetylneuraminate-beta-galactosamide-alpha-2,3-sialyltransferase 1-like, transcript variant X1","liver"
"LOC115130155",63.5612689267842,-0.0145888653822448,0.0937898243848865,0.80737098255654,0.931458852222038,"ranBP-type and C3HC4-type zinc finger-containing protein 1-like, transcript variant X1","liver"
"LOC115113591",392.45627802696,-0.0145940701458258,0.0835076636405797,0.809652087404277,0.932770465873327,"sorbitol dehydrogenase-like, transcript variant X1","liver"
"LOC115142970",3194.67829172259,-0.0147269095191945,0.0886340600099877,0.808161599091442,0.93184347323811,"peptidyl-prolyl cis-trans isomerase FKBP5-like","liver"
"LOC115146762",98.3405466520599,-0.0147766273473308,0.0806720222051603,0.806169469647361,0.931458852222038,"gephyrin-like","liver"
"kpna4",355.969623023495,-0.0147790933496784,0.0893541541993736,0.807316009883631,0.931458852222038,"karyopherin subunit alpha 4","liver"
"rpf1",61.5853400527714,-0.0148556903081209,0.104367758115844,0.785309360976892,0.923786711498358,"ribosome production factor 1 homolog","liver"
"LOC115106848",76.3648466367409,-0.014862062602577,0.0774105966682314,0.802886709729752,0.931293747540828,"lysine-specific demethylase 5A-like, transcript variant X1","liver"
"fam50a",71.6632209981586,-0.0148764990556842,0.0964523912176828,0.800957874125036,0.929850269135189,"family with sequence similarity 50 member A","liver"
"LOC115110395",197.060132757984,-0.0148954606083048,0.114925959106196,0.719296253712782,0.889788021284765,"hemoglobin subunit beta-like","liver"
"LOC115128318",687.039560411682,-0.014906734404878,0.0924476978795481,0.804247969540404,0.931458852222038,"60S ribosomal protein L11, transcript variant X2","liver"
"LOC115131796",78.1258543698235,-0.0149281161640966,0.107244287481792,0.773956727086147,0.919152526966405,"plexin-A1-like","liver"
"LOC115139812",299.107204537341,-0.0150831203135607,0.105452875045423,0.778564934689265,0.921915924490754,"protein OS-9-like, transcript variant X2","liver"
"stra6",304.146645775558,-0.0150892293047252,0.0852638709938214,0.803684991146981,0.931458852222038,"stimulated by retinoic acid 6, transcript variant X2","liver"
"LOC115115367",86.1262560899624,-0.0152528601853289,0.0767077185688863,0.797211892286438,0.92912946054769,"transformer-2 protein homolog alpha-like","liver"
"LOC115104102",95.1663661004823,-0.0152611486010553,0.0825486125060619,0.80081243739258,0.929850269135189,"prohibitin-like, transcript variant X2","liver"
"LOC115105571",139.963072433106,-0.0154123994077386,0.107183189532846,0.76711570534605,0.91559695900161,"dolichyl-diphosphooligosaccharide--protein glycosyltransferase subunit STT3A-like","liver"
"LOC115102944",1551.20716776906,-0.0154604002598785,0.090656611913036,0.798137300460721,0.929753540062275,"5-beta-cholestane-3-alpha,7-alpha-diol 12-alpha-hydroxylase-like","liver"
"LOC115107027",103.114518848149,-0.0155376873524441,0.098000685747345,0.790153304562341,0.925478410746007,"neuroepithelial cell-transforming gene 1 protein-like","liver"
"LOC115117528",60.7335777684005,-0.0155685021736726,0.0888945086887084,0.797373614572085,0.92912946054769,"AKT-interacting protein, transcript variant X1","liver"
"LOC115133559",239.075737159058,-0.0155774314741169,0.0986634009863854,0.788566311317473,0.925310532724739,"U2 small nuclear ribonucleoprotein A'-like, transcript variant X1","liver"
"LOC115112975",297.817165709842,-0.0156487722120164,0.0945602334374807,0.792984633828265,0.926075391590294,"G-protein coupled receptor family C group 5 member C-like, transcript variant X1","liver"
"LOC115126711",1273.52703798489,-0.0157930591081933,0.118830414148429,0.62859284742318,0.838672486447425,"complement factor H-like","liver"
"LOC115110364",107.070373194122,-0.0160738583185219,0.115664115719798,0.688215067250899,0.870358242046126,"hemoglobin subunit alpha-like, transcript variant X1","liver"
"LOC115104222",148.475006944752,-0.01607794245735,0.115792592879297,0.686241129171159,0.869229610243837,"hemoglobin subunit alpha-4","liver"
"LOC115128846",64.6375244327695,-0.0162306339510173,0.0841418733455483,0.788966414543978,0.925310532724739,"M-phase phosphoprotein 8-like, transcript variant X4","liver"
"LOC115125528",76.0633600411601,-0.0163923689573902,0.0940894260652057,0.78385562665651,0.923409113945646,"U2 snRNP-associated SURP motif-containing protein-like, transcript variant X6","liver"
"apom",93.3277918063711,-0.0164520758985737,0.104077734190196,0.763893867702415,0.91335623489441,"apolipoprotein M","liver"
"LOC115119445",59.6343171437623,-0.0165528613353714,0.083250238461086,0.784618343307064,0.923773647406006,"uncharacterized LOC115119445","liver"
"LOC115133057",244.513436507199,-0.016798751841332,0.0857840760538468,0.782040097075546,0.922986466899473,"NEDD4 family-interacting protein 2-like, transcript variant X2","liver"
"LOC115142811",105.23369001824,-0.0168068481032092,0.0970855773414761,0.774910421155381,0.919515247927025,"myotubularin-related protein 14-like, transcript variant X2","liver"
"ralgapa2",162.914484750877,-0.0168221388396072,0.107172625506446,0.746628116295077,0.904116518722144,"Ral GTPase activating protein catalytic alpha subunit 2, transcript variant X1","liver"
"LOC115138084",727.279437610437,-0.016847294108628,0.0836387824730644,0.781010986852043,0.922724864466356,"protein transport protein Sec24D-like, transcript variant X2","liver"
"LOC115103021",258.157675735485,-0.0168853433527983,0.110817958943981,0.724460004710479,0.89172023206053,"glutamine synthetase","liver"
"pck1",1897.5219468036,-0.0169298269178524,0.120759703648525,0.524000049648591,0.768244644532764,"phosphoenolpyruvate carboxykinase 1","liver"
"itpr1",276.073686308,-0.0169579588330512,0.121989455280217,0.429352564921559,0.697735722521961,"inositol 1,4,5-trisphosphate receptor type 1, transcript variant X1","liver"
"LOC115142908",106.305820334255,-0.0169799375777291,0.0682547628891804,0.763081659673995,0.91335623489441,"synaptophysin-like protein 1","liver"
"LOC115126848",62.544285079947,-0.0170086960493062,0.119344877677376,0.585928441373782,0.807384829966036,"thrombospondin-4-B-like","liver"
"LOC115124847",123.033296554899,-0.0170240391641225,0.113261689287277,0.701119998186108,0.878501417954681,"fatty acid desaturase 2-like","liver"
"LOC115112929",73.3227053464767,-0.0171579001995246,0.0997117856879479,0.7656968508057,0.914267973129301,"probable low-specificity L-threonine aldolase 2, transcript variant X2","liver"
"gmppb",66.1914024622151,-0.0171971052983717,0.101647627551205,0.760712203034244,0.912227990458246,"GDP-mannose pyrophosphorylase B","liver"
"LOC115113815",73.6474310401144,-0.0172347791599908,0.110923333431002,0.718243275600719,0.889565357444099,"fatty acid synthase-like","liver"
"LOC115112268",63.4953836436396,-0.0172403212971871,0.0871108184324371,0.776476182351414,0.920837043719629,"SAFB-like transcription modulator","liver"
"LOC115144985",94.0322379572444,-0.0172900701187346,0.105374067051838,0.747589998280907,0.904230083892442,"ankyrin repeat domain-containing protein 24-like","liver"
"fcho2",99.5948395851745,-0.0175022894642074,0.0805167815053762,0.771243072054832,0.918070421469318,"FCH domain only 2, transcript variant X1","liver"
"LOC115139449",947.895876335841,-0.0175587199671742,0.0902499038368303,0.771665668290943,0.918070421469318,"serine incorporator 1-like","liver"
"enpp4",74.6257502879244,-0.0175969390020411,0.0824643489260777,0.771090218234894,0.918070421469318,"ectonucleotide pyrophosphatase/phosphodiesterase 4, transcript variant X1","liver"
"LOC115137178",179.66507365096,-0.0177357765265338,0.0738502520860638,0.761782741873175,0.912974553329921,"protein IWS1 homolog","liver"
"hectd1",106.402635597754,-0.0179257107253779,0.0801412830662064,0.76561922240706,0.914267973129301,"HECT domain E3 ubiquitin protein ligase 1, transcript variant X1","liver"
"LOC115134836",225.326374192794,-0.0179308150970777,0.105532620488393,0.73795765384581,0.900310743517266,"hepatocyte growth factor receptor-like","liver"
"LOC115107029",59.8367789485677,-0.0179544838505471,0.10626718337959,0.734500325825917,0.898462032230135,"transcription termination factor 1-like, transcript variant X1","liver"
"LOC115124927",158.515074445309,-0.0180438419237094,0.106646913445341,0.731506963691065,0.897947443519878,"mesencephalic astrocyte-derived neurotrophic factor-like","liver"
"LOC115132931",61.9295109371222,-0.0180485683697338,0.0982945070881383,0.756750024282594,0.908746723189786,"ADP-ribosylation factor GTPase-activating protein 3-like","liver"
"LOC115134357",65.6237122249183,-0.0180989222171722,0.086664975724331,0.765685205860825,0.914267973129301,"NEDD4-like E3 ubiquitin-protein ligase WWP2, transcript variant X2","liver"
"prpf40a",106.739395416476,-0.0181343356717618,0.0806204932340105,0.763293887251839,0.91335623489441,"pre-mRNA processing factor 40 homolog A, transcript variant X3","liver"
"LOC115122005",1107.0310265508,-0.0182052755811317,0.110651126095804,0.705293055921954,0.881223048482612,"uncharacterized LOC115122005","liver"
"LOC115106764",64.5362891779795,-0.0182245920891971,0.0811868249125103,0.762501460057464,0.913298839610409,"protein IWS1 homolog, transcript variant X3","liver"
"LOC115139412",68.5616974042703,-0.018269547052398,0.0890169160023342,0.763173462301953,0.91335623489441,"RNA polymerase II subunit A C-terminal domain phosphatase SSU72, transcript variant X1","liver"
"LOC115133226",148.939021957671,-0.0182866413530236,0.10699241302728,0.726393585150645,0.893146381017807,"regulator of nonsense transcripts 2-like, transcript variant X2","liver"
"LOC115140200",65.2783660515309,-0.018308014685722,0.0828864446640515,0.762299176029512,0.913298839610409,"la-related protein 4-like, transcript variant X1","liver"
"LOC115101892",64.8106092234677,-0.0184283043794888,0.0907502125565263,0.760449584366801,0.912181431983249,"disks large-associated protein 4-like","liver"
"LOC115132375",136.36694533626,-0.0184294362149754,0.0724074248754502,0.750705617785712,0.905556702602712,"ubiquitin-conjugating enzyme E2 variant 1, transcript variant X2","liver"
"LOC115128506",344.978137351908,-0.0185822612288961,0.11630212403582,0.632198203201304,0.840182548499679,"type-4 ice-structuring protein-like","liver"
"cpt2",61.2752624806218,-0.0187325561877455,0.0901643479147209,0.756917351626429,0.908746723189786,"carnitine palmitoyltransferase 2","liver"
"LOC115126625",162.584197190956,-0.0188325297075039,0.115587877780649,0.640092941808582,0.843720700940341,"uncharacterized LOC115126625, transcript variant X2","liver"
"LOC115136136",221.348990935882,-0.0188812646898866,0.0922839606187574,0.753736635450343,0.907065404811219,"phosphatidylinositol-binding clathrin assembly protein-like, transcript variant X5","liver"
"LOC115112315",252.74459787466,-0.0188873795087743,0.109836572224946,0.700886856532626,0.878479344165739,"cytochrome P450 2D15-like","liver"
"LOC115114520",2758.48544324582,-0.0189708211262527,0.116167427035275,0.627679071331513,0.838001930804863,"insulin-like growth factor-binding protein 1","liver"
"LOC115122446",464.371097053194,-0.0189755130320472,0.0980373669333496,0.745182730606692,0.903439860188245,"solute carrier family 2, facilitated glucose transporter member 2-like, transcript variant X1","liver"
"LOC115132228",271.749484987833,-0.0189995250065112,0.0772285642409735,0.749470348790798,0.9043342633722,"cold shock domain-containing protein E1-like, transcript variant X14","liver"
"LOC115129450",143.766251625072,-0.0190027665455528,0.107400321370031,0.714067704085905,0.886819001174329,"histidine--tRNA ligase, cytoplasmic-like, transcript variant X2","liver"
"LOC115113279",143.826755858125,-0.0190241903148526,0.086357687295809,0.754087809251538,0.907220162487977,"ras-related protein ORAB-1-like","liver"
"LOC115142049",297.222478295634,-0.0191742554704473,0.116330738866396,0.621009245795672,0.834839606155395,"type-4 ice-structuring protein LS-12-like","liver"
"LOC115129513",137.600652523813,-0.0192347162397975,0.0998937857380372,0.737949215142623,0.900310743517266,"signal recognition particle subunit SRP72-like, transcript variant X3","liver"
"LOC115105023",175.114923349354,-0.0193338279951033,0.0989004259875345,0.738843063490866,0.900342680539803,"T-complex protein 1 subunit epsilon-like","liver"
"LOC115138421",86.7294171777349,-0.0193380690957844,0.0948107473618608,0.745452330134609,0.903497977290712,"transmembrane protein 50A-like","liver"
"LOC115106032",116.777007968324,-0.0193786298846276,0.0892038017280482,0.749212105388829,0.904290358769579,"AF4/FMR2 family member 1-like, transcript variant X1","liver"
"LOC115139183",14347.0798480926,-0.0194464532535433,0.118593371516877,0.56087068148086,0.787367733880117,"alpha-1-antitrypsin homolog","liver"
"hnrnpk",72.5508629550334,-0.0194594162031287,0.0880924360766221,0.74850379707117,0.904230083892442,"heterogeneous nuclear ribonucleoprotein K, transcript variant X1","liver"
"LOC115139689",78.3367923275671,-0.0194672080120844,0.119675208030555,0.521109260044562,0.765972356271776,"MAP kinase-activated protein kinase 5, transcript variant X4","liver"
"LOC115113608",204.213404387759,-0.0195265074959574,0.0744746385513509,0.739440488526634,0.900342680539803,"ATP-dependent RNA helicase DDX3X-like, transcript variant X6","liver"
"LOC115107494",87.5518204253413,-0.0195305654810771,0.104595993246004,0.719534703884731,0.889812940847744,"forkhead box protein N3-like","liver"
"LOC115142710",238.110346227805,-0.0196703615691286,0.0986312609437879,0.735034906723767,0.898620959749872,"protein bicaudal D homolog 2-like, transcript variant X4","liver"
"LOC115126443",664.346506857086,-0.0196825641767947,0.0881169755650932,0.745715662357313,0.903511155280486,"xanthine dehydrogenase/oxidase-like","liver"
"LOC115113322",66.224091321379,-0.0196862507912854,0.091683179130267,0.744063780025792,0.902888945336447,"echinoderm microtubule-associated protein-like 4, transcript variant X3","liver"
"LOC115135598",64.5489005142331,-0.0197176479507848,0.0985027860359613,0.734684483175427,0.898462032230135,"U2 snRNP-associated SURP motif-containing protein-like, transcript variant X2","liver"
"LOC115143987",111.526694030889,-0.0197653782209125,0.0858075360613241,0.744806611747795,0.903252528855702,"progranulin-like, transcript variant X2","liver"
"LOC115145962",101.507597437519,-0.0198099451671453,0.0890137596187368,0.743891872189414,0.902888945336447,"MAGUK p55 subfamily member 5-A-like, transcript variant X3","liver"
"LOC115128529",59.1614062395934,-0.0198699707218131,0.106599650827188,0.705886470386587,0.881223048482612,"nuclear migration protein nudC-like","liver"
"LOC115102269",93.8913200803476,-0.0199339437050738,0.0814829514687348,0.741180801226336,0.900731349373448,"cyclin-dependent kinase 11B-like, transcript variant X10","liver"
"tex15",133.119109482237,-0.0199641962665782,0.089595198006228,0.741755920388815,0.900893066598573,"testis expressed 15, meiosis and synapsis associated, transcript variant X3","liver"
"LOC115109291",254.617912234493,-0.0199813381605182,0.0893402526682523,0.741641931931597,0.900893066598573,"group XV phospholipase A2-like","liver"
"LOC115126024",146.397093480542,-0.0199868574807123,0.0910899162488228,0.740699315651686,0.900731349373448,"forkhead box protein A2-like","liver"
"LOC115127564",58.1758432156607,-0.0199943289547449,0.121244413238516,0.422125447917225,0.693432360397224,"protein shisa-5-like, transcript variant X2","liver"
"LOC115105510",352.381558702535,-0.0200024237788347,0.114235416825278,0.640242425909832,0.843720700940341,"complement C3-like","liver"
"LOC115127657",122.632497738273,-0.0201937743057706,0.110014533233673,0.680085545420814,0.866529754027896,"translocon-associated protein subunit gamma-like","liver"
"LOC115116794",83.7972489477296,-0.0202132431712381,0.105150069088383,0.707872416665602,0.882287726690895,"transmembrane emp24 domain-containing protein 10-like","liver"
"LOC115128539",123.890065664614,-0.020279762413559,0.0942022402978055,0.734271082990909,0.898462032230135,"phosphatase and actin regulator 4A-like, transcript variant X2","liver"
"LOC115105371",88.1216813019984,-0.0202930925079985,0.110231548546429,0.676935698795034,0.86413714634781,"histone H2A-like","liver"
"LOC115135011",81.2795874093418,-0.0203274524445737,0.0855688826422527,0.737790043376221,0.900310743517266,"zinc transporter 6-like, transcript variant X1","liver"
"LOC115113722",122.47282259133,-0.0204138122876074,0.0760898514270879,0.730193127225213,0.897006385343571,"nucleobindin-2-like, transcript variant X2","liver"
"LOC115145021",994.184912156593,-0.0204909868730351,0.0806458067239659,0.733660513417479,0.898462032230135,"sulfhydryl oxidase 1-like","liver"
"map3k19",83.1440917153806,-0.0205219878414383,0.110365412762342,0.672460152371807,0.861687651672654,"mitogen-activated protein kinase kinase kinase 19, transcript variant X1","liver"
"LOC115101737",6826.48335807038,-0.020530884729007,0.105627711426568,0.701364331740883,0.878537497288211,"apolipoprotein Eb-like","liver"
"LOC115103749",88.5534481399631,-0.0205608007840874,0.0841435775045144,0.73458583924957,0.898462032230135,"puromycin-sensitive aminopeptidase-like, transcript variant X3","liver"
"LOC115142398",252.978628429685,-0.0206113524604369,0.0897578083174976,0.733633592844017,0.898462032230135,"protein transport protein Sec23B","liver"
"LOC115108054",242.311849811114,-0.0206859205730574,0.073707231915845,0.723454240989387,0.891145205884781,"profilin-2-like, transcript variant X1","liver"
"LOC115128715",75.1397233334449,-0.0207095643379444,0.120897208155819,0.430863812140652,0.698290615620397,"WNT1-inducible-signaling pathway protein 1-like","liver"
"LOC115126136",187.613032745842,-0.0207138761331576,0.113373890849716,0.639734357536023,0.843720700940341,"endothelial lipase-like, transcript variant X2","liver"
"LOC115131629",113.199438140293,-0.0209424176660674,0.0992721354768139,0.717201279483824,0.888814963568278,"protein capicua homolog","liver"
"LOC115108549",303.546534056673,-0.0209559516105821,0.0755823139185955,0.72266626122742,0.89071293642666,"plasminogen activator inhibitor 1 RNA-binding protein-like, transcript variant X3","liver"
"LOC115110859",100.079076573614,-0.0209737518687603,0.100402190550973,0.713985880179833,0.886819001174329,"uncharacterized LOC115110859","liver"
"LOC115140887",66.2067235634261,-0.0210937702686224,0.0981713206648979,0.717667824084639,0.889122811844678,"serine protease hepsin-like","liver"
"LOC115139927",70.1950151998292,-0.0213778713623721,0.0781993429734226,0.720426061342459,0.890374962411117,"ras-related protein Rab-35","liver"
"LOC115103792",571.831697185516,-0.0214139448682476,0.104339033537596,0.694975077307992,0.875647114407225,"protein disulfide-isomerase-like","liver"
"LOC115143211",102.714811341985,-0.0214195588056141,0.0836576879122335,0.723780811720015,0.891278123435282,"F-actin-capping protein subunit beta isoforms 1 and 2, transcript variant X1","liver"
"LOC115123914",127.0998564339,-0.0214369623624203,0.0778056350187936,0.719268994665432,0.889788021284765,"ras-related protein Rab-5A, transcript variant X5","liver"
"LOC115120318",87.8233564373026,-0.021476608952861,0.0818247045460991,0.72217278636838,0.890643351660368,"far upstream element-binding protein 1-like, transcript variant X1","liver"
"LOC115142378",80.4475463175024,-0.021540396669599,0.0846576077983212,0.722603512585403,0.89071293642666,"double-stranded RNA-binding protein Staufen homolog 1-like","liver"
"pawr",132.203053316925,-0.0217573392145736,0.0850486872170989,0.72001765917646,0.890140120959434,"pro-apoptotic WT1 regulator, transcript variant X2","liver"
"LOC115104749",231.1702873369,-0.0218055293824729,0.116324173964453,0.574916798546469,0.800328166282585,"cryptic protein-like","liver"
"LOC115111727",69.7737366315065,-0.0219411364613207,0.0993329120326921,0.704217137129585,0.880757609984716,"B-cell linker protein-like","liver"
"LOC115119919",353.366700624002,-0.0221631200125682,0.0936830271433639,0.711310892090466,0.885013185641251,"peptidyl-prolyl cis-trans isomerase A-like","liver"
"clip1",149.60596999308,-0.0221663795213241,0.0739593863017946,0.704965927593147,0.88115336426546,"CAP-Gly domain containing linker protein 1, transcript variant X4","liver"
"LOC115128567",65.0433590182741,-0.022167879415207,0.0928262925385394,0.712166329613655,0.885807128320189,"septin-7-like, transcript variant X3","liver"
"LOC115131902",78.0603017944428,-0.0222410153287236,0.103837135302453,0.68595578042828,0.869229610243837,"proteasome subunit alpha type-7-like","liver"
"LOC115120569",154.858859048416,-0.0223107620427853,0.0740051252549821,0.703207893951252,0.879799605594775,"clathrin interactor 1-like","liver"
"LOC115108057",118.156234076999,-0.0223968917061276,0.108363774363085,0.659968970383128,0.854759755834176,"glutaminase kidney isoform, mitochondrial-like, transcript variant X5","liver"
"LOC115144815",96.9604136409858,-0.0224626040828756,0.105778998847894,0.67417122698334,0.861687651672654,"5-hydroxyisourate hydrolase-like, transcript variant X1","liver"
"LOC115118068",88.5947568746489,-0.0224964009484755,0.0995029066333663,0.69668804173252,0.877041253895053,"cyclin-G1-like, transcript variant X1","liver"
"farsb",80.8128051067529,-0.0225539818220394,0.102435330912469,0.687126701119673,0.869791439057077,"phenylalanyl-tRNA synthetase subunit beta","liver"
"LOC115104220",102.207786656062,-0.022567217505087,0.114860235320386,0.588914957668031,0.809584272328801,"hemoglobin subunit beta","liver"
"LOC115103327",717.481950953896,-0.0227178459816017,0.116589891400253,0.553622610220876,0.782250760109554,"coagulation factor XIII B chain-like, transcript variant X1","liver"
"LOC115128415",255.786529420827,-0.0227335696146907,0.0847679012975252,0.707961116763087,0.882287726690895,"ectonucleotide pyrophosphatase/phosphodiesterase family member 2-like, transcript variant X2","liver"
"LOC115119968",3127.08066493603,-0.0228228258868936,0.104895653848796,0.673583907621057,0.861687651672654,"L-rhamnose-binding lectin CSL1, transcript variant X1","liver"
"arglu1",57.3254170815453,-0.0228548196918267,0.0919655345100167,0.704477716719258,0.880813243358189,"arginine and glutamate rich 1, transcript variant X1","liver"
"LOC115113640",84.5156389550144,-0.0229542171162628,0.0860164153330064,0.705467306379975,0.881223048482612,"ubiquitin carboxyl-terminal hydrolase 47-like, transcript variant X4","liver"
"LOC115121375",127.305243975957,-0.0229908040866921,0.116855873094728,0.542901702522441,0.775242068292631,"squalene monooxygenase-like","liver"
"LOC115119478",104.243518175249,-0.0231221664838966,0.0765708409878409,0.696727080498573,0.877041253895053,"heterogeneous nuclear ribonucleoprotein A/B-like, transcript variant X1","liver"
"LOC115144726",245.886270681119,-0.0231410133677718,0.100316305425662,0.686256350776415,0.869229610243837,"nucleobindin-2-like","liver"
"LOC115137976",57.4164186093456,-0.0231556083591428,0.0791444638773403,0.69927155619184,0.878359688644006,"apoptotic chromatin condensation inducer in the nucleus-like","liver"
"LOC115136228",153.601169049842,-0.0231947109396417,0.0752197616944634,0.693934587469228,0.874877011606734,"protein YIPF5-like","liver"
"abhd6",380.008149291958,-0.0232189177438833,0.0993343248339265,0.687911528751597,0.870358242046126,"abhydrolase domain containing 6, transcript variant X1","liver"
"LOC115126322",67.0856043414136,-0.0232661161266562,0.0819544179514993,0.700194376338132,0.878359688644006,"tyrosine-protein phosphatase non-receptor type 11","liver"
"LOC115104886",249.674863858019,-0.0233061560399987,0.0898838137857919,0.700362776294829,0.878359688644006,"aspartyl/asparaginyl beta-hydroxylase-like, transcript variant X9","liver"
"LOC115114581",159.382967600925,-0.0233325960443112,0.103360085183722,0.673442786556717,0.861687651672654,"ubiquitin carboxyl-terminal hydrolase 14-like, transcript variant X2","liver"
"LOC115113439",116.191067392898,-0.0234350573068918,0.0993705407006634,0.685075402877033,0.869229610243837,"alpha-(1,3)-fucosyltransferase 9-like","liver"
"LOC115110577",108.360521231845,-0.023453497004771,0.0770667735297071,0.693244429304083,0.874547908958045,"interleukin enhancer-binding factor 3 homolog, transcript variant X1","liver"
"LOC115101583",148.975068187766,-0.0235520448950917,0.0892334305660848,0.69766039657049,0.877944975739833,"eukaryotic translation initiation factor 4 gamma 1-like","liver"
"LOC115125648",140.388184242226,-0.0239003556092032,0.11047809879703,0.621878413876168,0.834934682276343,"cysteine-rich and transmembrane domain-containing protein 1-like","liver"
"LOC115146833",108.076280855462,-0.023968897470211,0.106523096748335,0.649697637973909,0.849588569901076,"uncharacterized LOC115146833","liver"
"LOC115111672",75.0976138968376,-0.0240957706764254,0.105208647619436,0.655059170160934,0.853670707268556,"mitochondrial sodium/calcium exchanger protein-like, transcript variant X1","liver"
"LOC115129550",408.224094258357,-0.0241355343361123,0.118954777475096,0.460255196281218,0.718606378374628,"tryptophan 2,3-dioxygenase A-like","liver"
"LOC115143982",63.8417628777072,-0.0241505764115046,0.10008254220998,0.674062923183415,0.861687651672654,"NACHT, LRR and PYD domains-containing protein 12-like, transcript variant X2","liver"
"LOC115121148",82.1025589129331,-0.0241782232857936,0.0791418385783085,0.686681830861863,0.869498335692126,"3-hydroxy-3-methylglutaryl-coenzyme A reductase-like","liver"
"LOC115138738",213.94722109059,-0.0242213403045584,0.0878335153640713,0.689944180017421,0.871193456552357,"trifunctional enzyme subunit alpha, mitochondrial-like","liver"
"LOC115101281",70.392176917002,-0.0242657763400684,0.102088927704782,0.666132102973214,0.858682622301968,"nucleophosmin-like, transcript variant X2","liver"
"cdc73",90.613793090769,-0.0242909976168983,0.0941237793255648,0.684490557360077,0.869229610243837,"cell division cycle 73","liver"
"LOC115108211",174.81224731205,-0.0243389409647374,0.076907780085424,0.682078359684994,0.867983576046218,"unconventional myosin-IXb-like, transcript variant X3","liver"
"LOC115129349",4661.95843477038,-0.0243426654543598,0.0876821818529621,0.688501145213812,0.870449959023418,"fructose-bisphosphate aldolase B-like","liver"
"LOC115121439",95.066630745818,-0.0244779267758309,0.0815246909551676,0.685104190836644,0.869229610243837,"solute carrier family 41 member 2-like","liver"
"farp1",69.2137064143858,-0.0246793305379042,0.101651739242569,0.662370417586139,0.855456851103011,"FERM, ARH/RhoGEF and pleckstrin domain protein 1, transcript variant X4","liver"
"LOC115146240",114.064805554159,-0.0246837780679789,0.0894468331831229,0.683819194415673,0.869229610243837,"zinc finger FYVE domain-containing protein 1-like","liver"
"LOC115118567",109.763668483273,-0.0247341863120055,0.119363936218606,0.433230184015149,0.699899417378417,"heat shock protein HSP 90-alpha 1, transcript variant X2","liver"
"LOC115144030",73.2640197978637,-0.0248073088845245,0.116119836012334,0.529064819398769,0.769709401192759,"protein FRA10AC1","liver"
"LOC115111587",700.205990786498,-0.0248967914549409,0.0944939762902238,0.676557870140035,0.86413714634781,"bone morphogenetic protein 1-like, transcript variant X1","liver"
"LOC115135660",166.820708160277,-0.0249544839986813,0.0764564051120003,0.673872215531348,0.861687651672654,"cofilin-2-like","liver"
"LOC115128393",93.6504567212165,-0.0251246223642439,0.102646881216519,0.652989282571343,0.851877000584101,"zinc transporter Slc39a7-like","liver"
"LOC115114484",554.078169111323,-0.0251399612584785,0.0890856634116238,0.678463772180879,0.865274823344575,"glutamine synthetase","liver"
"LOC115139814",823.344427694992,-0.0252656738605305,0.0957986896640909,0.669962929785634,0.860626820613377,"guanine deaminase-like, transcript variant X3","liver"
"acoxl",194.335061130707,-0.0253663584330279,0.102830195814949,0.649155174465734,0.849294294651073,"acyl-CoA oxidase like, transcript variant X1","liver"
"LOC115123225",199.616758785709,-0.0253702047938892,0.117609896230482,0.483106279587753,0.738739799392718,"pancreatic progenitor cell differentiation and proliferation factor B-like","liver"
"LOC115113302",128.232035302616,-0.0254193869280286,0.109110320892573,0.61211740248114,0.828900509140573,"cullin-9-like, transcript variant X2","liver"
"LOC115118267",258.30255853564,-0.0254413054791903,0.112538354223515,0.577433196180249,0.80164090859356,"monocarboxylate transporter 1-like","liver"
"LOC115138070",382.461068993888,-0.0254553953277403,0.0972560696055307,0.66479930251644,0.857778397295667,"dolichyl-diphosphooligosaccharide--protein glycosyltransferase subunit 1-like","liver"
"LOC115129609",74.1509595525121,-0.0255174371417254,0.0735384173415834,0.662182428454944,0.855456851103011,"amyloid-beta A4 protein-like, transcript variant X1","liver"
"LOC115105656",118.157400513539,-0.025685353172229,0.0822230736756668,0.670960843399482,0.861216977405008,"THO complex subunit 2-like, transcript variant X2","liver"
"LOC115120772",120.136946784711,-0.0257463100745482,0.0803527171820645,0.668759821788717,0.859352154353975,"protein phosphatase 1B-like, transcript variant X1","liver"
"LOC115102681",258.19156259638,-0.0258198492322321,0.107532043768508,0.618337178096239,0.83344654031755,"translocon-associated protein subunit delta-like","liver"
"LOC115146152",500.513901031112,-0.0258700340050035,0.0973914941586412,0.65939821788135,0.854596863619836,"estrogen receptor beta-like, transcript variant X5","liver"
"dync1h1",215.090719153435,-0.0259754961932967,0.0908757286809004,0.667388606414431,0.859180422952549,"dynein cytoplasmic 1 heavy chain 1, transcript variant X1","liver"
"LOC115107121",95.0978340782127,-0.0259975394129194,0.0839190065589327,0.668108842513728,0.859180422952549,"protein SCAF11-like, transcript variant X1","liver"
"LOC115141622",34058.433620456,-0.0262965695645092,0.104904184382046,0.627644781084781,0.838001930804863,"apolipoprotein A-I-2","liver"
"LOC115143446",234.461070509288,-0.0265271072357585,0.0935376209809917,0.65807169862884,0.854366108435857,"hepatocyte growth factor-like protein","liver"
"slc7a2",186.338147574011,-0.0265673497331171,0.0990300901518366,0.646770837173842,0.847664930006617,"solute carrier family 7 member 2, transcript variant X1","liver"
"LOC115129233",834.032994264742,-0.0265714024944778,0.101271679163005,0.639737794563368,0.843720700940341,"phospholipase A and acyltransferase 4-like, transcript variant X2","liver"
"gk5",135.522587972879,-0.0265822216226325,0.0939660921832264,0.656833177315843,0.853715571026587,"glycerol kinase 5","liver"
"LOC115125676",114.406205508419,-0.0265841110164501,0.100054409700238,0.643589270247621,0.845234929698462,"RING finger protein 145-like, transcript variant X5","liver"
"LOC115144978",88.6968552498805,-0.0266052515581876,0.0842344364098567,0.660959684858002,0.854759755834176,"inhibitor of growth protein 5-like","liver"
"LOC115109273",64.2874842622867,-0.0267345262678417,0.0714853324171805,0.64293410825301,0.844861624160791,"serine/threonine-protein phosphatase 6 regulatory subunit 3-like, transcript variant X5","liver"
"LOC115145981",207.825192646143,-0.0269236754138611,0.110707221664469,0.576707833049419,0.801179661727823,"HHIP-like protein 1","liver"
"LOC115129140",137.616015445427,-0.0269607091517381,0.115051597055335,0.51648229714998,0.762093304551333,"kinesin-like protein KIF26A","liver"
"LOC115136672",81.3689160880933,-0.0269865064050533,0.0948487916462695,0.650635824416671,0.850542533778816,"vasodilator-stimulated phosphoprotein-like, transcript variant X1","liver"
"LOC115145611",333.310232945521,-0.0271087434271712,0.108409876333286,0.594579324577704,0.814623639320579,"F-box/WD repeat-containing protein 7-like, transcript variant X1","liver"
"LOC115118112",100.924704080863,-0.0271262749900522,0.103389866197834,0.624284839079046,0.83632234990038,"deoxyribonuclease gamma-like","liver"
"LOC115132933",163.193607724064,-0.0271498562310701,0.0803037933183406,0.651824812931097,0.851277775554999,"protein kinase C and casein kinase substrate in neurons protein 2-like, transcript variant X3","liver"
"LOC115129745",285.909334403197,-0.0271669616497604,0.104847415566675,0.616673339073312,0.832304811279079,"ribose-phosphate pyrophosphokinase 2, transcript variant X1","liver"
"LOC115112896",58.6859635625137,-0.0272971032899695,0.0996146234586955,0.636098880176668,0.842071788113056,"aquaporin-8-like, transcript variant X2","liver"
"cwf19l2",65.1281396161455,-0.0273335119570246,0.100010576040109,0.634440591161338,0.84167206276547,"CWF19 like cell cycle control factor 2","liver"
"atg4c",65.2541047712577,-0.0273469040823681,0.0847654049110773,0.652309164906117,0.851624063141288,"autophagy related 4C cysteine peptidase","liver"
"LOC115145225",103.118841101284,-0.0273598684854922,0.0786997516975626,0.647571671838758,0.848441701836959,"protein arginine N-methyltransferase 1-like, transcript variant X4","liver"
"LOC115102434",148.23597192058,-0.0274096457897497,0.0850757891846553,0.651649248858273,0.851277775554999,"DAZ-associated protein 2-like","liver"
"LOC115111779",68.227898043735,-0.0276062116498752,0.0981219587906912,0.636420472998959,0.842223976605116,"erlin-2-like, transcript variant X3","liver"
"LOC115139170",234.535761752448,-0.0276879449149241,0.102985868108095,0.618968503088732,0.833751071465621,"matrix remodeling-associated protein 8-like","liver"
"LOC115124380",182.646688598126,-0.0277871271540627,0.0985005332098613,0.633235647940922,0.840906442733589,"uncharacterized LOC115124380","liver"
"LOC115140103",110.268916252231,-0.0278328788943354,0.100238297367639,0.62755784048778,0.838001930804863,"AP-1 complex subunit beta-1-like, transcript variant X2","liver"
"LOC115131812",82.0914045476614,-0.0279031754686241,0.0952426938668395,0.638953687760209,0.843720700940341,"vitamin D3 receptor B-like","liver"
"LOC115101599",104.131667589013,-0.0279796913476221,0.115237586578184,0.49759329540529,0.751459900730628,"uncharacterized LOC115101599","liver"
"LOC115142689",346.665410993086,-0.028021071678642,0.0821143412049357,0.642973689437383,0.844861624160791,"ribosome-binding protein 1-like, transcript variant X1","liver"
"rab3il1",79.3227323225395,-0.0280316621305046,0.0888712552140683,0.644039235236863,0.845234929698462,"RAB3A interacting protein like 1, transcript variant X1","liver"
"LOC115107555",2497.41300028562,-0.0280561211723737,0.113086722426594,0.532114698473948,0.769709401192759,"apolipoprotein B-100-like","liver"
"fam32a",254.968051009287,-0.0280656099234779,0.106571212871408,0.594963245513051,0.814875735454031,"family with sequence similarity 32 member A","liver"
"LOC115107902",62.7125693121742,-0.0281248262854152,0.0836194793166802,0.642651992233716,0.844861624160791,"RNA-binding protein 25-like, transcript variant X2","liver"
"LOC115127662",266.75147635617,-0.0281831223803366,0.104138985746269,0.607323485027586,0.825425316763068,"filaggrin-2-like","liver"
"LOC115146867",131.885398801568,-0.0282335838957272,0.102682126099883,0.613436689490233,0.82985992245675,"superoxide dismutase [Cu-Zn]-like","liver"
"LOC115136696",166.060322559046,-0.0282609100493152,0.107382612312039,0.586906291989422,0.80818582640165,"vacuole membrane protein 1-like","liver"
"LOC115138153",65.5281036912049,-0.028286843439737,0.0856729309886047,0.641404327668771,0.844705667068792,"DNA-directed RNA polymerase II subunit RPB1-like","liver"
"LOC115137110",99.1492098990056,-0.0282908936860507,0.0718701612750032,0.6245922465923,0.83632234990038,"coatomer subunit delta-like, transcript variant X2","liver"
"LOC115122370",114.698932081435,-0.028361919288064,0.105444028113524,0.598030978420785,0.817155302729842,"AN1-type zinc finger protein 5-like","liver"
"LOC115114216",90.740341170011,-0.0283961298081824,0.10315208078623,0.609334445324568,0.82682320995247,"calponin-2-like","liver"
"LOC115102242",85.3619310118486,-0.0283995208190767,0.0827681854892296,0.638937290188235,0.843720700940341,"bile acid receptor-like, transcript variant X4","liver"
"LOC115102993",573.156500794175,-0.028513519729926,0.122414344254707,0.165422051512598,0.458057256769939,"insulin-like growth factor-binding protein 1","liver"
"LOC115131622",121.839985643435,-0.0287473302747366,0.0936730492659311,0.631367164364363,0.83995494027948,"tubulin beta chain","liver"
"LOC115105927",70.5392427231152,-0.0287704938244521,0.088472970164681,0.635489344214573,0.84167206276547,"heterogeneous nuclear ribonucleoprotein D-like, transcript variant X1","liver"
"ccdc186",65.0120173241549,-0.0287899654588836,0.0878226622872399,0.635437923848572,0.84167206276547,"coiled-coil domain containing 186, transcript variant X4","liver"
"LOC115144992",7419.34707789734,-0.0289172956838452,0.0837023540033791,0.633361820213964,0.840906442733589,"leucine-rich repeat-containing protein 7-like","liver"
"LOC115132199",95.4928172703322,-0.0293638375747438,0.0792367001725277,0.624365402902253,0.83632234990038,"probable ubiquitin carboxyl-terminal hydrolase FAF-X, transcript variant X2","liver"
"LOC115118093",354.320791864899,-0.0293769921571718,0.113881704414274,0.501212276750026,0.753658039245653,"hydroxymethylglutaryl-CoA synthase, cytoplasmic-like, transcript variant X5","liver"
"LOC115124621",83.9500660641371,-0.0294153148225801,0.0799756228603737,0.624596059608525,0.83632234990038,"ankyrin repeat and KH domain-containing protein 1-like","liver"
"LOC115123893",62.0782673190236,-0.0294481371336354,0.1173340661094,0.426305468836032,0.696720565748062,"phosphatidate phosphatase LPIN1-like","liver"
"tjap1",145.937874517474,-0.0294967271835708,0.0973582020434219,0.615516071205207,0.831484038380346,"tight junction associated protein 1, transcript variant X3","liver"
"LOC115141171",65.7930392094466,-0.0296066147005693,0.0867599696316433,0.626019941300031,0.837135049950938,"carboxy-terminal domain RNA polymerase II polypeptide A small phosphatase 2-like","liver"
"LOC115106271",65.7900638810098,-0.0297886431673796,0.0813490339391111,0.621556446056693,0.834934682276343,"NADH dehydrogenase [ubiquinone] 1 alpha subcomplex subunit 12-like","liver"
"LOC115110758",154.911282549928,-0.0298212352979876,0.112937298309257,0.509314413404983,0.759314392479411,"very-long-chain (3R)-3-hydroxyacyl-CoA dehydratase 2-like","liver"
"LOC115130809",1458.63064979247,-0.0298473936872142,0.115727385085471,0.460008369316646,0.718606378374628,"tryptophan 2,3-dioxygenase A-like, transcript variant X1","liver"
"LOC115129674",512.787778942577,-0.0298519523485768,0.112518663720143,0.514706071279347,0.761263014833398,"formimidoyltransferase-cyclodeaminase-like","liver"
"gata4",121.912375570461,-0.0298758059349585,0.0802022330592537,0.619429866964343,0.83406650311848,"GATA binding protein 4, transcript variant X2","liver"
"LOC115129446",189.059293298143,-0.0299022749541275,0.11107315233405,0.531862589470175,0.769709401192759,"N-alpha-acetyltransferase 15, NatA auxiliary subunit-like","liver"
"LOC115139667",147.056366656961,-0.030008563831512,0.0747590081065224,0.609831716638932,0.826904217238951,"serine/threonine-protein phosphatase 2A 56 kDa regulatory subunit alpha isoform-like","liver"
"LOC115136850",154.773626366626,-0.0302088571163896,0.0858619554283188,0.618972213507107,0.833751071465621,"stAR-related lipid transfer protein 13-like","liver"
"snap29",155.083302081495,-0.0302953567326438,0.0944681714209557,0.611919413773632,0.828900509140573,"synaptosome associated protein 29, transcript variant X1","liver"
"LOC115104119",114.119846060415,-0.0303049334041957,0.0845310735611496,0.617526071712907,0.832904125844411,"dnaJ homolog subfamily C member 7-like, transcript variant X1","liver"
"LOC115105139",88.9983928985046,-0.0303799629582445,0.0803333631136642,0.613673338658162,0.829904621224509,"ubiquitin-protein ligase E3C-like","liver"
"LOC115111957",143.55807195461,-0.0305630066861778,0.0698080173740547,0.591827242417879,0.812590224908425,"splicing factor U2AF 65 kDa subunit-like, transcript variant X1","liver"
"LOC115134485",61.0033840633006,-0.030729924407805,0.1034066483055,0.579208944291484,0.803012128208193,"ATP-sensitive inward rectifier potassium channel 11-like","liver"
"LOC115133284",104.007898094212,-0.0308566189980569,0.104380958742503,0.572621333140377,0.79867092571223,"rho GTPase-activating protein 6-like, transcript variant X1","liver"
"LOC115102360",172.152432453306,-0.0310063784721052,0.11098215627623,0.518120840171043,0.763177648504688,"protein SET-like, transcript variant X1","liver"
"LOC115135119",200.994101419525,-0.0310103390608556,0.0845574153973748,0.609380848819424,0.82682320995247,"apoptosis-stimulating of p53 protein 2-like, transcript variant X3","liver"
"slc25a33",80.1765082635096,-0.031037452806388,0.103228365686893,0.57631482411864,0.801094440886155,"solute carrier family 25 member 33","liver"
"LOC115140205",135.020730261769,-0.0312493984157624,0.0927055172128943,0.603371434765267,0.823348499532383,"putative aminopeptidase W07G4.4","liver"
"LOC115135363",132.353096350408,-0.0312600088621876,0.0734700254118596,0.5923649089392,0.812590224908425,"kinesin light chain 1-like, transcript variant X1","liver"
"LOC115141503",441.72193063051,-0.0313485568089046,0.0901329987990597,0.604703040867837,0.824337657049266,"inositol-trisphosphate 3-kinase C-like, transcript variant X1","liver"
"LOC115127112",76.147200548596,-0.0316580627821254,0.0798831946878465,0.598342083741181,0.817306411973543,"programmed cell death protein 10-like","liver"
"LOC115102228",96.6733704667133,-0.0316835172684926,0.0787771644297489,0.596672122050592,0.81584554494405,"E3 ubiquitin-protein ligase UBR5-like, transcript variant X1","liver"
"LOC115133264",91.7343513573308,-0.0317492630704515,0.114354600581193,0.460010367102478,0.718606378374628,"ankyrin repeat and BTB/POZ domain-containing protein BTBD11-A-like","liver"
"LOC115131523",81.2061907145801,-0.0318140271915538,0.0712991205269785,0.580708678557064,0.803997477513108,"A-kinase anchor protein 9-like, transcript variant X2","liver"
"LOC115110344",414.46933285408,-0.0318533172165462,0.10944783800577,0.523087472511304,0.767220056839177,"isocitrate dehydrogenase [NADP] cytoplasmic-like, transcript variant X1","liver"
"LOC115106409",73.5009676642609,-0.0319174573060374,0.0771733495667849,0.591610852618186,0.812590224908425,"mitogen-activated protein kinase 8, transcript variant X2","liver"
"LOC115136313",445.652817971861,-0.032030368116864,0.107304105530656,0.539168568038787,0.773215962598105,"GDH/6PGL endoplasmic bifunctional protein-like, transcript variant X1","liver"
"LOC115114347",144.405531856816,-0.0320461973705319,0.0737575603702128,0.583715965983922,0.806244079075048,"integrin beta-1-like","liver"
"LOC115137137",60.5086881542305,-0.032101767304676,0.106804068450674,0.541975147190503,0.774575981749119,"serine/threonine-protein kinase SIK2-like, transcript variant X1","liver"
"LOC115122031",95.1798336096767,-0.0321412681126332,0.109783229697404,0.516097597456751,0.762093304551333,"transmembrane protein 132D-like","liver"
"hpgd",1458.40323373016,-0.032259030869653,0.0949822239584813,0.588193259397433,0.809137943065791,"15-hydroxyprostaglandin dehydrogenase","liver"
"LOC115105286",107.288895736673,-0.0323105974626526,0.0657335558712535,0.557978354269863,0.784560432675476,"S-phase kinase-associated protein 1","liver"
"LOC115138704",62.1070165103728,-0.0323153991604374,0.0801092983375649,0.591033305449048,0.812222438641375,"AT-rich interactive domain-containing protein 4A-like, transcript variant X1","liver"
"acp7",250.760487872972,-0.0323503097491461,0.0910551832244279,0.592497092352267,0.812590224908425,"acid phosphatase 7, tartrate resistant (putative), transcript variant X1","liver"
"LOC115138680",110.414421685793,-0.0324582914557376,0.100138374323474,0.572178537193836,0.79867092571223,"tectonin beta-propeller repeat-containing protein 2-like, transcript variant X2","liver"
"LOC115118691",221.025542637952,-0.0325545464631059,0.103904230782033,0.554471726733044,0.782250760109554,"long-chain-fatty-acid--CoA ligase 4-like, transcript variant X2","liver"
"mcoln2",668.180652135692,-0.0325686850859158,0.0650863709759623,0.552519327643805,0.78115462347421,"mucolipin 2, transcript variant X2","liver"
"LOC115138434",93.6184468431161,-0.0326307062613353,0.0778783751880529,0.584461503426478,0.806453990509927,"KH domain-containing, RNA-binding, signal transduction-associated protein 1-like, transcript variant X1","liver"
"LOC115104218",174.683928974352,-0.032632865192006,0.113789414804212,0.457760038591955,0.718606378374628,"hemoglobin subunit beta-1-like","liver"
"LOC115136947",74.0356717370399,-0.0326728813571859,0.0961582581620523,0.581031769503001,0.804064514063545,"ribosome biogenesis protein NOP53-like","liver"
"LOC115121421",78.7333222891779,-0.0327383433605413,0.104162989870451,0.550851504195,0.780469839198218,"phosphatidylinositol 3-kinase regulatory subunit alpha, transcript variant X2","liver"
"LOC115106381",1663.38534339368,-0.0327408906036654,0.120333915245091,0.262172014557481,0.559917519583386,"retinol-binding protein 4-B","liver"
"f5",6675.94711861154,-0.032827110890043,0.0881316635059851,0.588796334093312,0.809584272328801,"coagulation factor V","liver"
"LOC115134403",130.032617269628,-0.032901982143473,0.0798029265234817,0.583959486411043,0.806307204136657,"salivary glue protein Sgs-3-like, transcript variant X1","liver"
"LOC115106130",107.572916060847,-0.0330491244344806,0.103302824418707,0.551661902344417,0.780469839198218,"PRKC apoptosis WT1 regulator protein-like","liver"
"LOC115132060",436.273703905455,-0.0331323979505588,0.120740654638577,0.234855052855645,0.529170367849425,"intelectin","liver"
"LOC115113265",171.873807640078,-0.0331804725793584,0.0771717420448588,0.577031130064376,0.801355668191618,"core histone macro-H2A.2-like, transcript variant X2","liver"
"LOC115135218",63.1485475999857,-0.0332742273892189,0.103866814355587,0.546027997599217,0.777429785420277,"ATP-dependent RNA helicase DDX18-like","liver"
"LOC115110586",106.316629372756,-0.0333843390703938,0.116411382159661,0.394510294077776,0.670009982775424,"serine/threonine-protein kinase N1-like, transcript variant X3","liver"
"LOC115131713",120.046622907604,-0.0334612680229285,0.10459168383002,0.539724335955472,0.773215962598105,"inter-alpha-trypsin inhibitor heavy chain H3-like","liver"
"LOC115139781",125.572331483073,-0.0334857457083287,0.0953466241881011,0.573420731521779,0.798791148900468,"myosin light polypeptide 6","liver"
"LOC115111550",65.6206564338991,-0.0335642138610039,0.10929691878178,0.50284526998487,0.755472657743579,"phosducin-like protein 3","liver"
"LOC115145790",440.990484281707,-0.033577828075628,0.118887283644923,0.315859414259028,0.602661842209239,"fibrinogen gamma chain-like, transcript variant X2","liver"
"LOC115103726",126.695069809172,-0.0335855388969826,0.104950989782733,0.536095272021858,0.773111844948287,"probable C-mannosyltransferase DPY19L1","liver"
"LOC115127545",228.965887022646,-0.0337671370158513,0.0874962767707157,0.57833324767807,0.80261706419333,"eukaryotic translation initiation factor 3 subunit C-like, transcript variant X2","liver"
"LOC115116515",609.340402517305,-0.0338293699799052,0.0975193306060514,0.564410336220171,0.790019412923563,"cytochrome P450 2K1-like","liver"
"LOC115113025",136.971396765389,-0.0339073096570674,0.105030437774738,0.531749739716198,0.769709401192759,"chitin synthase chs-2-like, transcript variant X1","liver"
"LOC115104113",89.276020988477,-0.033930526057936,0.103525966204044,0.540031877188277,0.773215962598105,"protein phosphatase 1 regulatory subunit 1B-like","liver"
"LOC115136063",73.4679223694358,-0.0339443884337487,0.0924830962399094,0.572876233830853,0.79867092571223,"40S ribosomal protein S3, transcript variant X6","liver"
"LOC115144026",86.7561241443194,-0.0339927503668395,0.104796499526584,0.532149433896269,0.769709401192759,"serine-rich coiled-coil domain-containing protein 2-like, transcript variant X2","liver"
"lss",192.255979426224,-0.0340132947191156,0.114203513700043,0.432352746050036,0.699591025367188,"lanosterol synthase","liver"
"LOC115142820",132.793921959633,-0.0340151420368656,0.0847318295088563,0.575266868140055,0.80054208075755,"ubiquitin-conjugating enzyme E2 variant 1-like","liver"
"LOC115130182",176.398154314843,-0.0340883138172738,0.100620447322698,0.551339421963162,0.780469839198218,"melanoma receptor tyrosine-protein kinase-like, transcript variant X1","liver"
"LOC115108048",88.0441553852782,-0.0341136715379231,0.0991067067916445,0.556431176426119,0.78369505014266,"nuclear receptor subfamily 5 group A member 2, transcript variant X1","liver"
"LOC115105211",95.6510218941189,-0.0341157784776722,0.108285102156454,0.505300836894426,0.757363748897249,"solute carrier family 23 member 1-like","liver"
"LOC115126414",103.463392333131,-0.0343000660402825,0.0869444500219669,0.5724219981114,0.79867092571223,"RELT-like protein 1","liver"
"LOC115141698",175.601461812574,-0.0343986793583125,0.102370749698147,0.540262527855393,0.773215962598105,"alpha-2-macroglobulin-like, transcript variant X2","liver"
"LOC115139197",83.6689661183339,-0.0345710660565623,0.0920841826811918,0.566322236894968,0.791879738450734,"ADP-ribosylation factor 6-like, transcript variant X4","liver"
"LOC115145754",1078.23271410067,-0.0346383062630391,0.093811414822025,0.563157554220499,0.789350134457618,"ATP-binding cassette sub-family A member 1-like, transcript variant X1","liver"
"LOC115129338",622.724177624851,-0.0347025672386131,0.102917433635987,0.534068284760337,0.771663356498806,"integral membrane protein 2B-like","liver"
"LOC115110596",436.525385446528,-0.0347064896409927,0.10202083847667,0.538290615989312,0.773215962598105,"myosin-9-like","liver"
"LOC115119830",109.426573017854,-0.034863822218041,0.10562834618539,0.516513641809251,0.762093304551333,"mRNA decay activator protein ZFP36L1-like","liver"
"LOC115102893",80.8856138944832,-0.0349084256786126,0.0828777242192245,0.564280069511647,0.790019412923563,"insulin receptor-like","liver"
"ivns1abp",157.932898228594,-0.0350701509427227,0.0980427712257076,0.548798137708986,0.779584923708898,"influenza virus NS1A binding protein, transcript variant X2","liver"
"LOC115118125",206.428576044506,-0.0351424813312268,0.0755865655839976,0.551809951499232,0.780469839198218,"serine/arginine-rich splicing factor 5-like, transcript variant X2","liver"
"LOC115141221",448.920486424979,-0.0351837871971974,0.105027449000506,0.516600539861465,0.762093304551333,"complement C3-like","liver"
"LOC115138736",93.7155276000843,-0.0353237547928034,0.117823644946974,0.329714787295756,0.613285735480822,"cysteine-rich protein 2-like","liver"
"LOC115113160",503.600256729456,-0.0353239169282241,0.106862595345696,0.502257571232821,0.754867942605081,"GDNF family receptor alpha-1-like","liver"
"LOC115141946",92.2737800210708,-0.03538698502813,0.0992193411264066,0.541500707278726,0.774441011532662,"glycerophosphodiester phosphodiesterase domain-containing protein 5-like, transcript variant X1","liver"
"gpam",575.342358789654,-0.0354937737945353,0.101901441306932,0.529731942900769,0.769709401192759,"glycerol-3-phosphate acyltransferase, mitochondrial","liver"
"LOC115116859",63.3802568315864,-0.0355197068433539,0.102179541815498,0.528153274125663,0.769709401192759,"serine/threonine-protein kinase 19-like","liver"
"LOC115111358",312.917818839964,-0.0355592991042742,0.0799075029791111,0.554113659381302,0.782250760109554,"proprotein convertase subtilisin/kexin type 5-like, transcript variant X1","liver"
"LOC115101306",95.7692958492866,-0.0355733326775353,0.0742778176194111,0.544193801864855,0.775842580063361,"AMME syndrome candidate gene 1 protein-like, transcript variant X1","liver"
"LOC115108423",74.0937181626137,-0.0356559283175309,0.101043395003876,0.53159571351003,0.769709401192759,"cytosolic carboxypeptidase 6-like","liver"
"LOC115137359",167.826371450711,-0.0357295060077718,0.0969087009482711,0.544480831573403,0.775980373948668,"membrane-spanning 4-domains subfamily A member 12-like","liver"
"LOC115141134",157.124800466247,-0.0357385041779831,0.0825665732892799,0.554829967486929,0.782250760109554,"transmembrane protein 106B-like","liver"
"LOC115145020",297.765417539441,-0.0358906361904531,0.0944293974425943,0.548107601314452,0.779584923708898,"centrosome-associated protein 350-like, transcript variant X2","liver"
"LOC115107725",261.774841212086,-0.0359189687587922,0.0851892393929037,0.554252803560843,0.782250760109554,"gap junction Cx32.2 protein-like","liver"
"LOC115106352",104.86532130531,-0.0359319778739127,0.0939839056152646,0.548433788739502,0.779584923708898,"phosphatidylcholine:ceramide cholinephosphotransferase 1-like, transcript variant X3","liver"
"LOC115110600",69.2921947900946,-0.0360174732489835,0.0910298273324884,0.551376384581336,0.780469839198218,"telomerase RNA component interacting RNase-like","liver"
"LOC115132415",93.7826035630614,-0.0360491745781299,0.115135238024848,0.388361063792927,0.664550670033573,"transmembrane protein 269-like, transcript variant X2","liver"
"LOC115111242",522.020593152513,-0.0360674893645396,0.10137083913954,0.525514191299377,0.768773658932616,"excitatory amino acid transporter 1-like","liver"
"LOC115121843",58.5078830647717,-0.0362480622018459,0.103397391750921,0.513667560262974,0.761071964969786,"pleckstrin homology domain-containing family A member 6-like","liver"
"LOC115137978",65.8137074560088,-0.0363337011640807,0.0962947408867197,0.53926176764917,0.773215962598105,"matrix metalloproteinase-14-like","liver"
"LOC115132246",1473.27732331457,-0.0363623644036625,0.0855076595371657,0.549464595754982,0.779811174198227,"E3 ubiquitin-protein ligase MIB2-like, transcript variant X1","liver"
"LOC115136144",618.305763215748,-0.0365937475347636,0.0525404652523657,0.438993812373481,0.705835284640182,"protein Jade-1-like, transcript variant X1","liver"
"LOC115136001",204.864864212937,-0.0366303336254787,0.0960647854211824,0.536515237505965,0.773111844948287,"zinc finger and BTB domain-containing protein 16-A-like, transcript variant X2","liver"
"LOC115136943",99.6628885594864,-0.0366404559647197,0.099745565511903,0.525500630779941,0.768773658932616,"serine/arginine-rich splicing factor 7-like, transcript variant X2","liver"
"baz2b",117.525640067412,-0.0367867537950166,0.10764043218578,0.478701871982442,0.733529635413696,"bromodomain adjacent to zinc finger domain 2B, transcript variant X17","liver"
"ahcy",5732.22891505315,-0.0368311046959271,0.0847702027418493,0.544110473697707,0.775842580063361,"adenosylhomocysteinase","liver"
"LOC115104053",138.662131827647,-0.0368610531561543,0.109484726941652,0.460683784876121,0.718617339133207,"chromobox protein homolog 1-like","liver"
"LOC115117122",64.1377758420124,-0.037075065101986,0.113172920521775,0.410958739944776,0.684259732032233,"gamma-adducin-like","liver"
"miox",72.8614373912429,-0.0371226623393272,0.110886312371921,0.441972624144834,0.707440917137375,"myo-inositol oxygenase","liver"
"LOC115102875",101.578222622393,-0.0374299720909211,0.0871926339122188,0.537939288270716,0.773215962598105,"far upstream element-binding protein 3-like, transcript variant X3","liver"
"LOC115103502",105.499675290713,-0.0374990271182046,0.0968062203928517,0.525104197452182,0.768773658932616,"G patch domain-containing protein 8-like","liver"
"LOC115103718",175.052659523365,-0.037516801845217,0.0831670588384273,0.535783135517628,0.773111844948287,"trinucleotide repeat-containing gene 6C protein-like, transcript variant X1","liver"
"LOC115103833",121.959207798222,-0.0377011527087849,0.0774170598232727,0.526731051340289,0.768966964635751,"probable helicase with zinc finger domain, transcript variant X5","liver"
"mogs",66.3539299255568,-0.0378349857242828,0.099247564034548,0.513980290008497,0.761258598137585,"mannosyl-oligosaccharide glucosidase, transcript variant X1","liver"
"LOC115121388",253.956716978784,-0.0378523616866844,0.116182999016725,0.342934836748511,0.62401625361105,"large neutral amino acids transporter small subunit 4-like","liver"
"LOC115101362",67.6424904652999,-0.0378819515591356,0.0810203934376368,0.529891494013006,0.769709401192759,"leucine-rich repeat neuronal protein 4-like","liver"
"LOC115137258",369.553744378596,-0.0380155918998228,0.088095881552737,0.531428945980794,0.769709401192759,"succinate--CoA ligase [ADP/GDP-forming] subunit alpha, mitochondrial","liver"
"LOC115107887",83.5250027673735,-0.038117657477299,0.0848095596441327,0.530173005283526,0.769709401192759,"protein sel-1 homolog 1-like, transcript variant X2","liver"
"LOC115105266",61.7437602340114,-0.0381191397923538,0.0932583749337024,0.525655590639156,0.768773658932616,"serine/threonine-protein kinase 10-like","liver"
"LOC115104263",73.5149911629353,-0.0381666137311725,0.0875352508733345,0.529936490568039,0.769709401192759,"histone acetyltransferase p300-like, transcript variant X3","liver"
"LOC115121791",193.965464017439,-0.0383733007145624,0.115585716268656,0.350311066459397,0.630783215180331,"proline-rich transmembrane protein 4-like","liver"
"LOC115110650",79.6496774247875,-0.0384008970389901,0.112476502922705,0.405618120803065,0.679349773417028,"cytoglobin-1-like, transcript variant X1","liver"
"jak1",59.4251370801247,-0.0385049897892542,0.0926079384707098,0.52244698572841,0.766832522084623,"Janus kinase 1","liver"
"LOC115130339",99.0433756633311,-0.0385079963804578,0.0750945474347009,0.513346213318464,0.761057923821543,"poly(U)-binding-splicing factor PUF60-like, transcript variant X4","liver"
"LOC115125306",76.6367379377159,-0.0385273596215875,0.0944003216360486,0.519284135416754,0.764116294569924,"ankyrin repeat domain-containing protein 12-like","liver"
"LOC115114541",112.605519393416,-0.0385761401079011,0.0993186415937832,0.50557656818656,0.757363748897249,"serine/arginine-rich splicing factor 11-like, transcript variant X2","liver"
"abcg8",63.7936843378045,-0.0386543811620124,0.114614644608583,0.366823296801739,0.646700587268119,"ATP binding cassette subfamily G member 8","liver"
"LOC115106008",82.1941423709362,-0.0386787948714283,0.0755445324447717,0.512446049322199,0.760144684417698,"UV excision repair protein RAD23 homolog B-like","liver"
"LOC115110245",84.2928494385985,-0.0387837955123164,0.11416033497171,0.373732615792509,0.654072194920681,"probable phosphatase phospho1, transcript variant X1","liver"
"LOC115134630",315.473219631413,-0.0390162664024397,0.0979364316512688,0.505348929666631,0.757363748897249,"insulin-like growth factor II","liver"
"LOC115140088",118.230954136354,-0.0390583234073341,0.0888663831385811,0.519957359735953,0.764830818579481,"guanine nucleotide-binding protein G(i) subunit alpha-2-like","liver"
"LOC115141222",15235.5172145321,-0.0390716181860811,0.105210245377486,0.470722486953506,0.729530363810833,"complement C3","liver"
"LOC115103852",811.783320183589,-0.0392228898173049,0.102677094753276,0.483951532919522,0.73962746463441,"malate dehydrogenase, cytoplasmic-like, transcript variant X1","liver"
"LOC115144998",58.8295174389384,-0.039231052704164,0.108873930755374,0.439157973978412,0.705835284640182,"formin-binding protein 1-like, transcript variant X4","liver"
"LOC115103500",95.8954209112989,-0.0392367260778143,0.0989840543371749,0.49954971810536,0.752741090941755,"unconventional myosin-X-like","liver"
"LOC115118515",116.993472556883,-0.0392429704966597,0.0852394683868772,0.518271769151368,0.763177648504688,"tumor protein D54-like, transcript variant X3","liver"
"LOC115125645",91.8942717337959,-0.0392451379909939,0.0885142606219368,0.518121162235686,0.763177648504688,"plakophilin-3-like","liver"
"LOC115127392",61.4874011507897,-0.0392823763638476,0.0821314553386977,0.515943670034014,0.762093304551333,"E3 ubiquitin-protein transferase RMND5B-like, transcript variant X1","liver"
"LOC115131256",83.1388475417899,-0.039415925079755,0.0772636027376241,0.507838997826242,0.758224086131782,"serine/arginine-rich splicing factor 6-like","liver"
"LOC115135655",206.911316569355,-0.0394191086169341,0.0794328169113453,0.511321955092364,0.760144684417698,"calmodulin","liver"
"LOC115112882",78.2033714299517,-0.0395139000022588,0.11525875997297,0.343880079590991,0.624522353674211,"class A basic helix-loop-helix protein 15-like","liver"
"LOC115130341",85.2499564161207,-0.0397134275232118,0.101294054683491,0.48523277715446,0.740331409875384,"anion exchange protein 2-like, transcript variant X2","liver"
"LOC115143248",63.9177911946145,-0.0397798384369402,0.0824558101579368,0.510939041198125,0.760144684417698,"ubiquitin-conjugating enzyme E2 R2-like, transcript variant X2","liver"
"LOC115105958",102.135397623918,-0.0398561674409714,0.0867787240975909,0.511996679496671,0.760144684417698,"adenomatous polyposis coli protein-like, transcript variant X1","liver"
"LOC115104850",60.1000791906532,-0.0400960943393226,0.0961763124929646,0.498603560060655,0.751593236245278,"polyadenylate-binding protein 2-like, transcript variant X1","liver"
"LOC115123203",284.74159271801,-0.040186087152268,0.0987797356680663,0.490012124661747,0.74528339119838,"sodium-dependent lysophosphatidylcholine symporter 1-B-like, transcript variant X1","liver"
"LOC115112747",1101.7297249419,-0.0402208316756892,0.111988448964078,0.391441710453019,0.667530449463005,"membrane transport protein XK-like, transcript variant X1","liver"
"LOC115108266",93.3855418810387,-0.040262536281089,0.0831065390466593,0.506355287043055,0.757363748897249,"protein strawberry notch homolog 2-like, transcript variant X2","liver"
"LOC115105350",77.7041531558606,-0.0403549770358258,0.088391853971159,0.506435197238635,0.757363748897249,"histone H3.3","liver"
"LOC115108597",132.190611978592,-0.0403575743850958,0.0917898554145414,0.50377908563414,0.756318067419799,"beta-1,4-galactosyltransferase 6-like, transcript variant X5","liver"
"LOC115106712",97.9930456882152,-0.0403940907010036,0.0882120910678518,0.506087160671224,0.757363748897249,"vascular endothelial growth factor A-A, transcript variant X2","liver"
"LOC115143152",576.01734035906,-0.0404254520283673,0.109569059730044,0.418541676697799,0.69146125084874,"histone H1x","liver"
"LOC115139160",57.8116990114656,-0.0404304647800713,0.0993661592064329,0.485320296169536,0.740331409875384,"transmembrane protein 183A-like","liver"
"LOC115139654",823.367516985836,-0.0409694309676689,0.086711572789051,0.500307434829158,0.753247175397088,"heat shock protein HSP 90-beta, transcript variant X1","liver"
"LOC115108066",69.3596458458331,-0.0410628674984964,0.0832133276733107,0.498032954944063,0.751566947186967,"guanine nucleotide-binding protein subunit beta-4, transcript variant X1","liver"
"LOC115102267",229.470275696274,-0.0411997072012847,0.0869636257962663,0.497901557395765,0.751566947186967,"E3 ubiquitin-protein ligase MIB2-like, transcript variant X2","liver"
"rps2",2183.85034106201,-0.0412322042722149,0.0931920984616057,0.49265627861564,0.747326755354429,"ribosomal protein S2","liver"
"LOC115125548",302.386739778359,-0.0413122748015542,0.0835849895094805,0.495688732261555,0.749836795726722,"probable palmitoyltransferase ZDHHC8","liver"
"LOC115139719",59.0140083180085,-0.0413502024921227,0.0908582485463027,0.494396790679589,0.749105848998376,"rho-related BTB domain-containing protein 2-like, transcript variant X2","liver"
"LOC115140004",134.278887914708,-0.0414371274951778,0.107062034977045,0.430805856106818,0.698290615620397,"calcineurin-binding protein cabin-1-like, transcript variant X1","liver"
"LOC115108204",146.310884055537,-0.0415001379555024,0.0915599516965179,0.492095657232014,0.747032364572697,"coiled-coil domain-containing protein 124-like","liver"
"LOC115123726",132.304524210139,-0.0415525369858578,0.103964294118695,0.451412354770953,0.713991757099885,"glutathione peroxidase 1-like","liver"
"LOC115110281",130.52941573424,-0.0416110816259844,0.0946897344991696,0.485992055148894,0.740682716463247,"signal transducer and activator of transcription 3, transcript variant X7","liver"
"LOC115143245",1542.71998579424,-0.0417172535831443,0.0746205693519515,0.477796341604272,0.733165339596667,"ERBB receptor feedback inhibitor 1-like, transcript variant X1","liver"
"LOC115120130",62.6940086481988,-0.041966452294258,0.106622099051592,0.428603040597676,0.697735722521961,"SEC14-like protein 2, transcript variant X2","liver"
"LOC115102923",87.2413284012057,-0.0421352257048965,0.078044674481404,0.480451829702871,0.735934482476101,"sterile alpha motif domain-containing protein 13-like, transcript variant X2","liver"
"LOC115144246",75.0170666172108,-0.0421604010998422,0.0906460441087158,0.486208610472207,0.740682716463247,"cytochrome b-c1 complex subunit 2, mitochondrial","liver"
"LOC115104128",266.064157820308,-0.0423589907907475,0.0955861159427885,0.476265331800132,0.732826535453883,"signal transducer and activator of transcription 3-like, transcript variant X3","liver"
"atxn3",119.188786104692,-0.0424292323949536,0.0787996726846449,0.478662611050323,0.733529635413696,"ataxin 3, transcript variant X4","liver"
"ND5",906.548974470285,-0.0424570624253223,0.0975698608346805,0.469947430502821,0.729160916151313,NA,"liver"
"bmt2",66.1259791693655,-0.042481185012291,0.100193141437709,0.460415022617537,0.718606378374628,"base methyltransferase of 25S rRNA 2 homolog, transcript variant X1","liver"
"LOC115135732",102.536454298027,-0.0425968266570543,0.0826091986951472,0.481656590763102,0.737225784434999,"neuronal PAS domain-containing protein 2-like, transcript variant X1","liver"
"ank2",119.645714375361,-0.04279946356847,0.116904498706623,0.269643071495814,0.566393768236678,"ankyrin 2, transcript variant X7","liver"
"LOC115112254",116.55499830449,-0.0428461406632792,0.0935203158943445,0.47541296988049,0.732344393512047,"ubiquitin carboxyl-terminal hydrolase 10-like, transcript variant X1","liver"
"LOC115142458",75.5931734022981,-0.0429671358043444,0.0958270631057964,0.469420339185588,0.728620450312435,"trinucleotide repeat-containing gene 6C protein-like, transcript variant X1","liver"
"LOC115101442",3673.77580908933,-0.04298147946499,0.0949463291721987,0.471284121286178,0.729568582743055,"complement factor B-like, transcript variant X1","liver"
"LOC115114862",65.7504259318033,-0.0431074319136392,0.108666594867855,0.398376806663775,0.674609000399479,"phosphoglucomutase-1-like","liver"
"LOC115137210",97.1231583588275,-0.0431341614322541,0.0955068804809278,0.468467027250167,0.727417753551117,"dnaJ homolog subfamily A member 1-like, transcript variant X2","liver"
"LOC115126173",136.255609050268,-0.0432739173258574,0.0810593755175631,0.473131223536354,0.731323585074834,"ubiquitin-conjugating enzyme E2 L3, transcript variant X1","liver"
"LOC115139196",62.1990882913368,-0.0432797673081326,0.0905608601236825,0.474828810269538,0.732153832186083,"pre-mRNA-processing factor 39-like","liver"
"LOC115127439",802.951854039779,-0.0433375901752914,0.0865771236510476,0.47592314901197,0.732576569249542,"extracellular matrix protein 1-like","liver"
"LOC115110663",302.119335400668,-0.0433588513715559,0.0893635723188279,0.474930012831208,0.732153832186083,"rho GDP-dissociation inhibitor 1-like, transcript variant X3","liver"
"LOC115113510",159.657306141957,-0.043378251260909,0.109958586417461,0.381980824197355,0.661407748270356,"carbonic anhydrase 7-like","liver"
"sec16a",84.3094576664952,-0.0434287357983312,0.0857932868201476,0.474899201511977,0.732153832186083,"SEC16 homolog A, endoplasmic reticulum export factor, transcript variant X3","liver"
"LOC115107033",101.147596592645,-0.0435236561629735,0.0917990729215403,0.471029510234227,0.729568582743055,"serine/threonine-protein phosphatase 6 regulatory subunit 2-like, transcript variant X5","liver"
"LOC115139464",128.56271389606,-0.0436501702583691,0.0890250072105617,0.472169796139902,0.730571208289576,"protein 4.1-like, transcript variant X14","liver"
"LOC115128210",69.5369149593802,-0.0438284357257122,0.0757734797999208,0.458485270146654,0.718606378374628,"histone-lysine N-methyltransferase ASH1L-like, transcript variant X1","liver"
"LOC115113114",85.3257191039395,-0.0439008291499,0.110492399379503,0.37029814337253,0.650575531201049,"acyl-CoA desaturase-like, transcript variant X4","liver"
"akap13",66.8559988285889,-0.0439039530053405,0.113429458765741,0.329275839901027,0.613285735480822,"A-kinase anchoring protein 13","liver"
"LOC115144760",256.539881797792,-0.0439177904823169,0.0966851932174958,0.45748690530582,0.718606378374628,"MOB kinase activator 2-like, transcript variant X4","liver"
"LOC115133925",149.233060874148,-0.0439851180037212,0.0993827763224592,0.448051515513308,0.711086038234986,"probable 2-oxoglutarate dehydrogenase E1 component DHKTD1, mitochondrial","liver"
"LOC115139092",109.658221214899,-0.0440457947320749,0.113658861276422,0.323981998408586,0.608562708451282,"protein Smaug homolog 1-like","liver"
"LOC115137761",87.9108216849624,-0.0440951689855225,0.111766658514268,0.352086395238339,0.632731450238868,"zinc finger and BTB domain-containing protein 16-A-like","liver"
"ddx46",62.3264269460524,-0.0441936611843397,0.0786059852466903,0.460263552476155,0.718606378374628,"DEAD-box helicase 46","liver"
"dnajb9",198.247730989249,-0.0442759650505151,0.104543156784551,0.419095424282152,0.69146125084874,"DnaJ heat shock protein family (Hsp40) member B9, transcript variant X2","liver"
"LOC115109089",67.914605275962,-0.0443636798296647,0.0932237672502132,0.460500456406901,0.718606378374628,"ELAV-like protein 1, transcript variant X2","liver"
"LOC115102536",213.02601034194,-0.0444629699021894,0.0843594241597151,0.463936279996592,0.721757357735156,"heterogeneous nuclear ribonucleoprotein A1-like, transcript variant X2","liver"
"LOC115112977",98.8680220997065,-0.0444878883471921,0.0788344918620392,0.457664780330544,0.718606378374628,"nuclear protein localization protein 4 homolog","liver"
"zcchc14",153.381373709615,-0.0445255080745815,0.0988269439957246,0.444591072059127,0.708702858706689,"zinc finger CCHC-type containing 14","liver"
"LOC115138449",74.8716834344518,-0.0446101268732144,0.100462902815062,0.437337784709694,0.704580557500677,"pleckstrin homology domain-containing family G member 3-like, transcript variant X2","liver"
"LOC115132937",194.991350297055,-0.0447240939889542,0.115611511552435,0.280117953828505,0.578106723951892,"dipeptidyl peptidase 4-like","liver"
"LOC115103373",215.740739234514,-0.0447412479172969,0.0931045163210708,0.456906509001108,0.718606378374628,"arf-GAP domain and FG repeat-containing protein 1-like, transcript variant X3","liver"
"LOC115110259",497.688690311575,-0.044815878469321,0.101633254780709,0.429923299252322,0.697735722521961,"protein phosphatase 1 regulatory subunit 1B-like","liver"
"sh2d4a",148.883270475656,-0.0450061333084391,0.0876227954854876,0.459071436035406,0.718606378374628,"SH2 domain containing 4A, transcript variant X1","liver"
"farp2",115.205447008956,-0.0450198925297902,0.101589753628821,0.428062962376333,0.697735722521961,"FERM, ARH/RhoGEF and pleckstrin domain protein 2","liver"
"LOC115105600",695.141036055814,-0.0450325652213399,0.0872120159955169,0.458868911761239,0.718606378374628,"solute carrier family 13 member 5-like","liver"
"LOC115122878",986.384627717415,-0.0450999751618514,0.0910600379868728,0.456035983544656,0.717961633421406,"60S ribosomal protein L7-like","liver"
"ctso",118.463393415029,-0.0451805721649033,0.120124113821893,0.146632684772877,0.435493105468807,"cathepsin O, transcript variant X2","liver"
"LOC115128910",3338.52242529222,-0.0451975236075167,0.0913894493473785,0.454706888218549,0.717254363923686,"acyl-CoA-binding protein-like","liver"
"LOC115101417",548.0643202193,-0.0452233709988662,0.107833210163427,0.384067948471373,0.66181330070431,"diamine acetyltransferase 1-like","liver"
"LOC115102287",166.439851170933,-0.0452502864759042,0.0933908044828605,0.451354123325121,0.713991757099885,"vitamin D3 receptor A-like, transcript variant X1","liver"
"LOC115117468",103.581579591717,-0.045302238810399,0.0833112471137365,0.454887482577476,0.717261655313653,"nuclear factor erythroid 2-related factor 2-like","liver"
"LOC115131630",226.265245282904,-0.0453104841099005,0.103992587976206,0.411979223868439,0.685119264172891,"glycogen synthase kinase-3 beta-like","liver"
"macf1",57.9492383094476,-0.045354149761883,0.0872960912092105,0.455667507391976,0.717658717206218,"microtubule actin crosslinking factor 1, transcript variant X17","liver"
"LOC115145934",120.561220756269,-0.0453605739820503,0.111230904587049,0.34602932937769,0.626294647665837,"microtubule-associated protein RP/EB family member 3-like, transcript variant X1","liver"
"LOC115122236",455.083340884192,-0.0454091033054168,0.104246156543524,0.409396346573023,0.683613071950693,"calreticulin-like","liver"
"LOC115143868",167.332673080357,-0.0454509427587054,0.0781737419848296,0.446863148693545,0.710102999639333,"casein kinase II subunit alpha-like, transcript variant X2","liver"
"LOC115133551",57.574238353248,-0.045456499941301,0.10141761795468,0.424477334161671,0.695405793425631,"inactive ubiquitin carboxyl-terminal hydrolase 53-like, transcript variant X1","liver"
"LOC115139965",142.294202546364,-0.0455243508397426,0.109358458614916,0.366109325879939,0.645866505192127,"RIMS-binding protein 2-like, transcript variant X4","liver"
"LOC115136827",61.8757683890043,-0.0457251450368477,0.0940248606294328,0.445504545475935,0.709104231142651,"T-box transcription factor TBX2b-like, transcript variant X1","liver"
"LOC115111868",63.8461929900011,-0.0457746799466776,0.0979902812271331,0.434902393082878,0.701463229136502,"cyclic AMP-responsive element-binding protein 3-like protein 4","liver"
"LOC115122218",100.245337879868,-0.0457796824880918,0.10701524752629,0.385485352046467,0.66277343806359,"retinol dehydrogenase 7-like, transcript variant X1","liver"
"LOC115110062",384.807337163951,-0.0458053317305193,0.111452800004579,0.338628098541934,0.620225883494352,"uncharacterized LOC115110062, transcript variant X1","liver"
"LOC115135656",409.703899292382,-0.0458134334271742,0.114895392686353,0.28375159744375,0.580899804711564,"4F2 cell-surface antigen heavy chain-like","liver"
"LOC115104054",58.6860435703818,-0.0459339492642599,0.0997807177954771,0.42683909751007,0.697033718530067,"coatomer subunit zeta-1-like, transcript variant X6","liver"
"LOC115146085",318.842982990607,-0.0459947462106929,0.10360978856697,0.407390551184599,0.680821601733672,"syntaxin-binding protein 6-like, transcript variant X2","liver"
"LOC115135717",114.643776604005,-0.0462143189085505,0.101910237580008,0.414486659414191,0.688446464454866,"unconventional myosin-XVIIIa-like, transcript variant X6","liver"
"LOC115135861",675.894367848132,-0.0462327863913056,0.0906388522199461,0.445269911455067,0.709104231142651,"alpha-2-antiplasmin-like, transcript variant X4","liver"
"LOC115126344",122.249996867713,-0.0462442269810999,0.0921422672996843,0.44343906963506,0.707778594440931,"putative pre-mRNA-splicing factor ATP-dependent RNA helicase DHX32","liver"
"LOC115132043",216.490811789098,-0.0463760583279395,0.0904903767238205,0.444003908959661,0.708043792222056,"tubulin alpha chain-like","liver"
"LOC115123341",61.719174252373,-0.0463814722724177,0.105405174176242,0.39182267863413,0.667671086167523,"ATP-citrate synthase, transcript variant X1","liver"
"LOC115135833",247.71949775445,-0.0463930862425643,0.0979419881784361,0.428936095836695,0.697735722521961,"ceramide-1-phosphate transfer protein-like","liver"
"LOC115136112",114.954430944147,-0.0465150482292063,0.0920463443084336,0.440915733746176,0.706666998644961,"RNA-binding protein 5-B-like, transcript variant X1","liver"
"LOC115144166",144.713291663794,-0.0465375828632391,0.0836443507758324,0.442950785581904,0.707778594440931,"ER lumen protein-retaining receptor 2","liver"
"LOC115107066",68.3243845177158,-0.0466290693732805,0.11307710228991,0.307186640514034,0.598746474685021,"pro-MCH 2-like, transcript variant X1","liver"
"LOC115134530",60.0424350513445,-0.046664361090599,0.082547319371323,0.440822641021809,0.706666998644961,"inositol hexakisphosphate and diphosphoinositol-pentakisphosphate kinase 1-like, transcript variant X3","liver"
"LOC115103915",71.8660233429009,-0.0466836863182512,0.114944359470893,0.274347558535261,0.571050078285483,"integral membrane protein GPR137B-like, transcript variant X3","liver"
"LOC115101452",75.7905127096575,-0.0467243806254263,0.0868605060797284,0.442237354481362,0.707440917137375,"histone-lysine N-methyltransferase 2B-like, transcript variant X1","liver"
"LOC115140924",701.335483993122,-0.0468484288443336,0.0951622312874104,0.43210204785146,0.699463044893784,"protein LYRIC-like, transcript variant X2","liver"
"acat2",167.403155266992,-0.0470212184675158,0.113946216344008,0.289182785070697,0.583993995263798,"acetyl-CoA acetyltransferase 2","liver"
"dpep1",4156.09207567667,-0.0470703658736786,0.0936904065518712,0.432936340538032,0.699899417378417,"dipeptidase 1, transcript variant X1","liver"
"LOC115135744",107.961140199938,-0.0470942852401669,0.0877453701252471,0.438540545744434,0.705681509851683,"androgen receptor-like, transcript variant X2","liver"
"LOC115126934",73.5122567358827,-0.0471308522181154,0.123322859739288,0.0145897789607935,0.162037981046851,"gamma-crystallin M3-like","liver"
"LOC115134970",253.817419193703,-0.0471717765604193,0.115934208319694,0.249633708199828,0.545287778468649,"catechol O-methyltransferase domain-containing protein 1-like","liver"
"LOC115102163",63.8048956087628,-0.0471886529817388,0.0786567077120649,0.430552573512295,0.698290615620397,"serine/arginine-rich splicing factor 6-like","liver"
"LOC115109271",193.994940858716,-0.047193590730973,0.106296661720226,0.377114770310537,0.657169646766032,"A disintegrin and metalloproteinase with thrombospondin motifs 20-like","liver"
"nop56",140.539466592075,-0.0472237185563435,0.098414863550145,0.419208195174545,0.69146125084874,"NOP56 ribonucleoprotein","liver"
"LOC115135711",105.771976639161,-0.0472401515634774,0.105817411972389,0.380294625585801,0.659608891016053,"acetyl-CoA carboxylase, transcript variant X1","liver"
"LOC115103956",74.9788668725159,-0.0472444728491473,0.109030807615722,0.352224646857701,0.632731450238868,"egl nine homolog 1-like, transcript variant X1","liver"
"LOC115110661",58.2274504589957,-0.0472899835726076,0.090552829175601,0.435058646530196,0.701463229136502,"THO complex subunit 4-like","liver"
"LOC115135672",1316.01771189884,-0.0475397013517281,0.0834887518826752,0.433101471465157,0.699899417378417,"55 kDa erythrocyte membrane protein-like, transcript variant X1","liver"
"LOC115102509",60.3840576879063,-0.047791217920255,0.106769976622494,0.367472511742644,0.647005597349035,"hepatocyte nuclear factor 4-alpha-like, transcript variant X3","liver"
"LOC115134108",134.155010124804,-0.0479771701543839,0.0899541956218795,0.428951637413042,0.697735722521961,"bile acid receptor-like, transcript variant X2","liver"
"LOC115114290",532.129639443641,-0.0482475216079014,0.109255146546175,0.340108682007569,0.621087479947788,"dihydropyrimidine dehydrogenase [NADP(+)]","liver"
"ssr1",119.22730651633,-0.0483056686599811,0.10314730397751,0.387332612166387,0.663069184036201,"signal sequence receptor subunit 1, transcript variant X1","liver"
"LOC115137911",167.10283847894,-0.0484871631799077,0.110970396697179,0.318351830579833,0.604704843863596,"butyrophilin subfamily 2 member A1-like, transcript variant X1","liver"
"LOC115108389",86.2609335864378,-0.0486430769060019,0.0849603369309938,0.423385617316737,0.694454638303026,"nuclear factor 1 C-type-like, transcript variant X3","liver"
"LOC115131641",62.9052766575781,-0.0487110298570037,0.0899035989949866,0.421994811313758,0.693432360397224,"chromodomain-helicase-DNA-binding protein 4-like, transcript variant X4","liver"
"stxbp5l",98.4011532023701,-0.0488013683641221,0.116827383965681,0.215166065208318,0.513475926106034,"syntaxin binding protein 5 like, transcript variant X1","liver"
"LOC115121172",92.041368261699,-0.0490428477856014,0.114370503243173,0.262860606955401,0.560366021940488,"high affinity copper uptake protein 1-like, transcript variant X1","liver"
"LOC115114101",69.1941533251385,-0.0491128610361587,0.0904102481184548,0.417776721424192,0.691375524370688,"ATP-dependent zinc metalloprotease YME1L1-like, transcript variant X3","liver"
"LOC115137887",72.3297613021205,-0.0491633406151351,0.102958661144486,0.380173992085384,0.659608891016053,"serine protease HTRA3-like, transcript variant X1","liver"
"LOC115135025",80.9803416755781,-0.0492229117054928,0.0840660161717593,0.417424933752885,0.691195242032154,"attractin-like protein 1, transcript variant X4","liver"
"LOC115145782",89.6612331411379,-0.0492640388804633,0.0764038345546341,0.406148751380228,0.679582229320941,"large neutral amino acids transporter small subunit 3-like","liver"
"LOC115126171",125.670303333855,-0.0492642428706657,0.100255841600384,0.392499445609864,0.668265555683293,"TSC22 domain family protein 3-like","liver"
"LOC115142007",102.320660772727,-0.0493613656804285,0.0983785860173585,0.39880892559377,0.675038167739272,"intraflagellar transport protein 20 homolog, transcript variant X1","liver"
"LOC115121758",239.946967602104,-0.0494758389475751,0.0701171869097878,0.38651866134365,0.662789256893865,"ER degradation-enhancing alpha-mannosidase-like protein 3","liver"
"LOC115106396",272.290381744127,-0.0498322606164059,0.115060600168779,0.243258964607003,0.536838563244212,"arginase-1-like, transcript variant X1","liver"
"LOC115106877",950.527679001417,-0.0499061566209753,0.0734940215360337,0.392841321760466,0.668515788611603,"solute carrier organic anion transporter family member 1C1-like","liver"
"LOC115130305",66.96212844864,-0.0499594483207545,0.1097678371732,0.318387050300369,0.604704843863596,"60 kDa heat shock protein, mitochondrial-like","liver"
"LOC115108938",459.74594104811,-0.0499926722061273,0.0936117529346251,0.405249115165293,0.679192184791832,"eukaryotic translation initiation factor 4 gamma 2-like","liver"
"LOC115105918",170.454030185627,-0.0500423611592534,0.080294357073451,0.405843154629652,0.679349773417028,"ubiquitin-conjugating enzyme E2 L3-like","liver"
"xylb",63.9351356070741,-0.0500749344764358,0.0866715897025932,0.410311363311466,0.683763649741703,"xylulokinase, transcript variant X1","liver"
"LOC115131752",98.6512893761567,-0.0502152699673212,0.0699646274790735,0.378939396806239,0.658661272964502,"dolichyl-diphosphooligosaccharide--protein glycosyltransferase subunit STT3B-like","liver"
"LOC115123719",82.3831544393736,-0.0506730963261796,0.0918857788355186,0.401601999597747,0.677062232707639,"tensin-3-like","liver"
"LOC115131660",93.2814177939893,-0.0506751118644104,0.106216258733325,0.344390239898889,0.624522353674211,"neurofascin-like","liver"
"LOC115102157",81.0250178999881,-0.0507268812246535,0.0945266737421211,0.396652011801304,0.672806325469044,"NADH dehydrogenase [ubiquinone] 1 alpha subcomplex subunit 4-like 2","liver"
"LOC115125859",83.3930400606576,-0.0507417444478429,0.0893508490849945,0.403375457674698,0.677474617813841,"myotrophin-like","liver"
"LOC115105343",455.947534318098,-0.0507852789037376,0.0870442505771898,0.403725673864038,0.677474617813841,"mannosyl-oligosaccharide 1,2-alpha-mannosidase IA-like, transcript variant X3","liver"
"LOC115110771",326.446588499245,-0.0508219204114729,0.106569932406347,0.34025719890172,0.621087479947788,"3 beta-hydroxysteroid dehydrogenase type 7-like","liver"
"LOC115142380",58.9494445915022,-0.0509199956480689,0.100488245279817,0.37599298824545,0.656056258599509,"RNA binding protein fox-1 homolog 2-like, transcript variant X1","liver"
"LOC115132282",126.337231504649,-0.0510889219180686,0.0687066833610592,0.36619173049534,0.645866505192127,"cytidine and dCMP deaminase domain-containing protein 1-like","liver"
"LOC115103823",83.1652389820154,-0.0511165970938498,0.105915898920023,0.342593378446602,0.6239546964023,"sterol regulatory element-binding protein cleavage-activating protein-like, transcript variant X4","liver"
"LOC115113252",131.158055349325,-0.0512164112850095,0.0786568592138659,0.392311673850461,0.668224982287706,"baculoviral IAP repeat-containing protein 6-like, transcript variant X18","liver"
"LOC115132580",477.934177024209,-0.0512399628494384,0.116698118599718,0.198163482336891,0.494866556574453,"trichohyalin-like","liver"
"LOC115140761",457.946463365961,-0.0513265688905725,0.0972507676057754,0.384177961797634,0.66181330070431,"glyceraldehyde-3-phosphate dehydrogenase","liver"
"LOC115133040",316.682144292526,-0.0515219487288793,0.093362381484395,0.391576375040738,0.667530449463005,"cholinephosphotransferase 1-like, transcript variant X2","liver"
"LOC115103845",65.3613813508646,-0.0515755973243154,0.0915176181415174,0.393778904781416,0.669046609374344,"exportin-1-like","liver"
"LOC115136805",79.8785732051346,-0.0516316917740062,0.0723611257290539,0.373412573576049,0.653943185832166,"clustered mitochondria protein homolog, transcript variant X6","liver"
"LOC115121287",61.0932351778005,-0.0519023874177044,0.100747202128443,0.365835648902062,0.645866505192127,"probable global transcription activator SNF2L2","liver"
"LOC115136275",154.671472891361,-0.0521377426534807,0.0987443626924424,0.371816292059043,0.652449745401568,"mediator of RNA polymerase II transcription subunit 13-like","liver"
"LOC115136859",149.065962033073,-0.0523114113683683,0.0801043754236331,0.384648724839467,0.66181330070431,"importin subunit alpha-3-like","liver"
"LOC115137966",120.106443261414,-0.0525016834207909,0.0826165482345433,0.386004055573916,0.66277343806359,"GMP reductase 2-like, transcript variant X1","liver"
"LOC115130742",94.0733009044544,-0.0526680537837132,0.11455557901028,0.228398198185864,0.523719817470933,"ATP-binding cassette sub-family A member 1-like","liver"
"LOC115121095",674.376933235238,-0.052675887007369,0.0923297159686965,0.382763333797259,0.6616067391248,"phosphoethanolamine N-methyltransferase 3-like, transcript variant X1","liver"
"LOC115138828",820.854049652904,-0.0527612234923236,0.116926585930997,0.181582516028188,0.476599777265298,"B-cell lymphoma/leukemia 11B-like","liver"
"LOC115129404",180.761352497372,-0.0527921224590322,0.104998251883303,0.333970601352804,0.616235478095984,"retinol dehydrogenase 12-like","liver"
"LOC115117745",733.095894023459,-0.0529412375002536,0.104006328455451,0.339112011984222,0.620225883494352,"long-chain fatty acid transport protein 6-like","liver"
"LOC115114161",101.700334476244,-0.0529500508471079,0.0728599953798082,0.362825996918683,0.643999158199693,"nucleolin-like, transcript variant X2","liver"
"LOC115124613",73.0502032402747,-0.0530181512544676,0.107135547072474,0.315768547952102,0.602661842209239,"retinoblastoma-like protein 2, transcript variant X2","liver"
"LOC115123112",73.0638455940987,-0.0530287426103864,0.0921431222205279,0.379866650561249,0.659608891016053,"discoidin, CUB and LCCL domain-containing protein 2-like, transcript variant X2","liver"
"LOC115110605",133.620937316059,-0.0530513228416814,0.0801426717899579,0.378030189082852,0.65792102933463,"transcription activator BRG1-like, transcript variant X1","liver"
"fasn",400.466656084025,-0.0530714202220464,0.105520813585464,0.327820617480258,0.61321562039905,"fatty acid synthase, transcript variant X3","liver"
"LOC115127147",98.1441861244247,-0.053099737325946,0.0954992090065064,0.372916863196257,0.653486300252771,"putative oxidoreductase GLYR1, transcript variant X5","liver"
"LOC115134299",63.9564167546757,-0.0531286953284048,0.096013852428035,0.371368030297658,0.652174102323677,"alpha-1,6-mannosylglycoprotein 6-beta-N-acetylglucosaminyltransferase A-like","liver"
"LOC115110297",102.927563659556,-0.0531551132642335,0.0876604143425333,0.382159263351457,0.661435735635049,"max-like protein X","liver"
"slc2a9",217.631984600858,-0.0532177263738032,0.10092766169222,0.353180144772987,0.633584947467429,"solute carrier family 2 member 9, transcript variant X1","liver"
"LOC115114820",66.5982631412934,-0.0533105353623969,0.109107748442721,0.295102784867324,0.589635548521163,"rab effector MyRIP-like","liver"
"dhcr7",172.636158058097,-0.0535919667509188,0.11674048333301,0.179533696455126,0.475799315182766,"7-dehydrocholesterol reductase","liver"
"LOC115105432",222.212260331613,-0.0536122107451518,0.110041779319264,0.282695962316432,0.579903745546943,"zinc finger and BTB domain-containing protein 16-A, transcript variant X1","liver"
"upf3b",191.30485291358,-0.05367973566624,0.0728056386511993,0.356095192957716,0.636040318359181,"UPF3B regulator of nonsense mediated mRNA decay, transcript variant X3","liver"
"LOC115142627",3621.54961279047,-0.0537144329250329,0.101841713977884,0.344388583163315,0.624522353674211,"complement C3-like","liver"
"LOC115135001",115.956771281983,-0.0537188579530726,0.0701054982528025,0.347085732725657,0.627159470088032,"atlastin-2-like, transcript variant X5","liver"
"LOC115135233",68.0722568701967,-0.0538165025312392,0.0900602772458487,0.375125151712399,0.655029417315574,"E3 ubiquitin-protein ligase UBR2-like, transcript variant X2","liver"
"LOC115134223",59.293597243696,-0.0539169546383373,0.0841343230576365,0.374581181606437,0.654713934917598,"ras and EF-hand domain-containing protein-like, transcript variant X3","liver"
"LOC115105130",70.4288001955087,-0.0539278652377035,0.0813345267051107,0.371845132131463,0.652449745401568,"LYR motif-containing protein 4B","liver"
"LOC115104134",67.213338476,-0.0540797016191594,0.0860683977260354,0.373957134145576,0.654184239818613,"myosin light chain kinase, smooth muscle-like, transcript variant X1","liver"
"LOC115138365",57.9514652834028,-0.0541549005002999,0.111565067797913,0.260202120300125,0.558372234284449,"uncharacterized LOC115138365, transcript variant X1","liver"
"LOC115112562",99.4504927875358,-0.0542033662767278,0.0962052996524065,0.361363856113942,0.642370768585617,"ras-related protein R-Ras2-like","liver"
"LOC115141271",59.4189403806197,-0.0544544130314636,0.0934052544536989,0.365310772583275,0.645709761079545,"remodeling and spacing factor 1-like","liver"
"LOC115114422",976.198742757957,-0.0546314684294801,0.108602579497896,0.288690580733092,0.583993995263798,"sodium- and chloride-dependent glycine transporter 1-like, transcript variant X1","liver"
"LOC115139900",110.818560627648,-0.054668332590128,0.107812039497762,0.295623097335956,0.58979918979019,"ral guanine nucleotide dissociation stimulator-like, transcript variant X3","liver"
"LOC115143069",104.41766427182,-0.0547768560608394,0.09885861741891,0.347994168847993,0.628177250763693,"leucine-rich repeat flightless-interacting protein 1-like, transcript variant X2","liver"
"cdc5l",244.236276823013,-0.0549680011788689,0.0883771421747647,0.366015901757011,0.645866505192127,"cell division cycle 5 like","liver"
"LOC115110601",83.0093582374178,-0.0550130617900821,0.0844395734355859,0.365163954440365,0.645709761079545,"protein Hook homolog 2-like, transcript variant X2","liver"
"LOC115129555",65.710919637601,-0.0550423756898555,0.0944349251705515,0.358236336971212,0.63865893305983,"peptidyl-prolyl cis-trans isomerase D-like","liver"
"LOC115118468",89.3708915826337,-0.0552252067471223,0.110126603402879,0.268191426666111,0.564351190031528,"nucleolar protein 58-like","liver"
"ppargc1b",423.636671590507,-0.0552289251556391,0.0961735724356057,0.352530695893111,0.633002253947277,"PPARG coactivator 1 beta","liver"
"LOC115128334",61.6072341055998,-0.0554076846071607,0.0724968311524274,0.339913242170704,0.621015856157682,"cohesin subunit SA-2-like, transcript variant X10","liver"
"dnah7",114.326709897519,-0.0555210659091209,0.108811101331894,0.279227712489601,0.577796523365651,"dynein axonemal heavy chain 7","liver"
"LOC115109257",173.633317238694,-0.0555887750170205,0.102867608951388,0.322720348074041,0.607859583525782,"cold-inducible RNA-binding protein B-like, transcript variant X5","liver"
"LOC115109363",98.2613017370803,-0.0557766434249681,0.112311973395896,0.237394376844218,0.531899783115166,"cholesteryl ester transfer protein-like","liver"
"LOC115124099",39469.6276310917,-0.055839174840465,0.113849883108134,0.214939821312831,0.513236503615171,"butyrophilin-like protein 1, transcript variant X1","liver"
"LOC115113674",111.739307587908,-0.055970265791312,0.0913614130374021,0.355166848114831,0.635347056144885,"dual specificity protein phosphatase 22-A-like, transcript variant X3","liver"
"LOC115118585",217.27060926235,-0.0560087309207883,0.102782170907457,0.319627803488895,0.604704843863596,"complement C3 alpha chain-like","liver"
"btg1",688.23211430337,-0.0560098405971828,0.099853549884066,0.33355458261584,0.616127007304481,"BTG anti-proliferation factor 1","liver"
"LOC115127676",614.800281311377,-0.0560630280284161,0.0972187456753092,0.342423873591969,0.62392476922703,"polyadenylate-binding protein 1","liver"
"LOC115125274",124.651263767931,-0.0560769542932352,0.0877854551089692,0.356638734008109,0.636732141838394,"ER membrane protein complex subunit 3-like","liver"
"LOC115120425",164.922073448396,-0.056184837110893,0.103245820873903,0.315542675390315,0.602661842209239,"protein max, transcript variant X2","liver"
"LOC115105598",218.87076511788,-0.0563929120431482,0.107607641500026,0.282967255464583,0.580168276294588,"pigment epithelium-derived factor-like, transcript variant X2","liver"
"LOC115105599",385.251971921757,-0.056394881717526,0.101944839127152,0.3207795723169,0.605794282606699,"alpha-2-antiplasmin-like, transcript variant X3","liver"
"nid2",87.3070160778548,-0.0564059802323733,0.0998009004208968,0.330415965435693,0.613285735480822,"nidogen 2, transcript variant X3","liver"
"LOC115103267",64.7988782297168,-0.0564508693706464,0.102756091816959,0.316048223406829,0.602661842209239,"lysine-specific demethylase 4A-like, transcript variant X1","liver"
"LOC115127865",181.194744170425,-0.0564781648967141,0.0640874377969064,0.29848063561124,0.591734956591156,"neurobeachin-like protein 1","liver"
"LOC115129673",102.047379955949,-0.056674451570094,0.103294209803519,0.311163404606376,0.601817480450145,"signal transducer and activator of transcription 1-alpha/beta-like, transcript variant X1","liver"
"LOC115127850",91.8729826964068,-0.0567589707612894,0.0901623559216408,0.349646725872262,0.630044232827294,"N-lysine methyltransferase KMT5A-A-like, transcript variant X1","liver"
"LOC115126051",85.9374966397684,-0.056798839852879,0.106558610348677,0.288203585144926,0.583993995263798,"sodium/potassium-transporting ATPase subunit beta-233-like","liver"
"gpatch8",145.31279250848,-0.0568084984785964,0.0858286817485163,0.350366339344521,0.630783215180331,"G-patch domain containing 8, transcript variant X3","liver"
"LOC115113572",129.57803585577,-0.0570105278201898,0.0808719117668003,0.344590474340849,0.624522353674211,"adenine phosphoribosyltransferase-like","liver"
"ccar1",89.5680547991095,-0.057020728506786,0.0922111242069313,0.34519943098748,0.625347946979986,"cell division cycle and apoptosis regulator 1, transcript variant X3","liver"
"LOC115131483",78.7731780330997,-0.0570665323873466,0.0992846076377536,0.326908478742528,0.611979627914037,"uncharacterized aarF domain-containing protein kinase 5-like, transcript variant X2","liver"
"dbi",147.761621417598,-0.0571028635407565,0.101775809068489,0.315709073171571,0.602661842209239,"diazepam binding inhibitor, acyl-CoA binding protein","liver"
"tsg101",72.2509153060265,-0.0571395722683543,0.0781646331962936,0.339067583965414,0.620225883494352,"tumor susceptibility 101","liver"
"LOC115109140",63.0520313237101,-0.057157564522837,0.0815142027967363,0.344179593326723,0.624522353674211,"regulator of nonsense transcripts 1, transcript variant X2","liver"
"LOC115111867",273.119134436684,-0.0571653654613476,0.114171822450494,0.200176000974429,0.496300109471881,"growth arrest and DNA damage-inducible protein GADD45 gamma-like","liver"
"LOC115126565",188.827106000565,-0.0575489574094715,0.0835593021204386,0.342949974773016,0.62401625361105,"ETS-related transcription factor Elf-2-like","liver"
"LOC115103919",428.15650719301,-0.0578121369986195,0.110463301240444,0.243846304040695,0.536838563244212,"complement C3-like","liver"
"LOC115139963",427.149544150545,-0.0580040364047747,0.100774600754653,0.312989781649633,0.602462265574022,"serine/threonine-protein kinase ULK1-like, transcript variant X5","liver"
"pemt",59.5412354321277,-0.0583201633270333,0.105065929288523,0.286666517899389,0.583021643712864,"phosphatidylethanolamine N-methyltransferase, transcript variant X3","liver"
"LOC115128323",69.8269081344237,-0.0583291241204315,0.0836129644102096,0.33651006020245,0.617950638777758,"splicing factor, proline- and glutamine-rich-like, transcript variant X1","liver"
"LOC115110479",313.808090555039,-0.0583903069057779,0.0919889642302424,0.334126662922634,0.616244469716134,"WW domain-binding protein 2-like","liver"
"LOC115104337",131.316310243567,-0.0585585150029392,0.0916602726507527,0.333163189583338,0.616121761806781,"tubulin beta-4B chain-like","liver"
"LOC115124412",64.8311530883569,-0.0586271115540654,0.0833079253248757,0.333808797126652,0.616215877304454,"vesicle-associated membrane protein-associated protein A-like","liver"
"LOC115110486",136.326196560741,-0.0586573590838384,0.0978628903351835,0.3188250339274,0.604704843863596,"sterol regulatory element-binding protein 2-like, transcript variant X2","liver"
"efr3a",61.6136091706181,-0.0587725127656464,0.0953052036980881,0.324994713238935,0.609608122946112,"EFR3 homolog A, transcript variant X1","liver"
"LOC115120700",66.4510775353802,-0.0587851119665085,0.0897121373627783,0.333159512925461,0.616121761806781,"5'-AMP-activated protein kinase catalytic subunit alpha-1-like","liver"
"med13",1603.1904023679,-0.0587893649917216,0.10696038725138,0.269070442337728,0.565616876208654,"mediator complex subunit 13","liver"
"LOC115115840",66.0238564597694,-0.0592709178340955,0.0868286085923625,0.330120997626385,0.613285735480822,"serine/arginine-rich splicing factor 5-like","liver"
"LOC115124994",1244.8351525993,-0.0593596593923773,0.109362189058205,0.243444356810937,0.536838563244212,"fatty acid desaturase 2-like","liver"
"LOC115143132",119.641882638864,-0.0593647630062708,0.0854287856811307,0.329073203705638,0.613285735480822,"ubiquitin carboxyl-terminal hydrolase 4-like","liver"
"LOC115113642",126.973487557856,-0.0593942576659273,0.0951695848883869,0.320273019281931,0.605207615481293,"ubiquitin carboxyl-terminal hydrolase 10-like, transcript variant X2","liver"
"LOC115145150",61.7859690424083,-0.0594080739257128,0.109376663851208,0.24293750293523,0.536838563244212,"capping protein, Arp2/3 and myosin-I linker protein 3-like, transcript variant X3","liver"
"LOC115130482",87.5613115395778,-0.0594220804647708,0.113320058541763,0.196703980540213,0.49369792160216,"mitogen-activated protein kinase kinase kinase kinase 4-like","liver"
"LOC115134486",157.821411029619,-0.0594594454865257,0.0971473998137386,0.314566475251843,0.602661842209239,"MOB kinase activator 2-like, transcript variant X4","liver"
"LOC115114054",118.205876808946,-0.0595230080102586,0.0866291235409353,0.328065553297001,0.613285735480822,"probable ubiquitin carboxyl-terminal hydrolase FAF-X","liver"
"LOC115104882",81.4214642457649,-0.0595781602065133,0.0902578206494538,0.326308713790184,0.611510030992547,"activin receptor type-2B-like","liver"
"LOC115135309",61.126466689606,-0.0595913727254192,0.097846127542597,0.311346015795012,0.601817480450145,"SEC23-interacting protein-like, transcript variant X2","liver"
"LOC115135032",606.537250638024,-0.0597323638838319,0.113883712979807,0.186613628638378,0.481720804515534,"protein phosphatase 1 regulatory subunit 3C-B-like","liver"
"LOC115116017",175.62978903284,-0.0599265950048083,0.105046146991886,0.274129384933551,0.571050078285483,"dystrophin-like","liver"
"LOC115135139",155.885246368471,-0.060002557802029,0.0894622289604404,0.323471291173506,0.608430541219756,"microtubule-associated proteins 1A/1B light chain 3A","liver"
"LOC115130030",69.2847131805076,-0.0600342536930247,0.0990696368463875,0.303589257749689,0.596639254863902,"uncharacterized LOC115130030","liver"
"LOC115126548",183.636804636782,-0.0600614977942061,0.0804325585555752,0.318829502671057,0.604704843863596,"COP9 signalosome complex subunit 4-like, transcript variant X1","liver"
"LOC115118216",208.96109145756,-0.0600732293440897,0.0945509443913097,0.31618165755912,0.602661842209239,"uncharacterized LOC115118216, transcript variant X1","liver"
"LOC115115483",135.047686889727,-0.0600765961644227,0.0958484193639832,0.313185502982592,0.602462265574022,"lactadherin-like","liver"
"LOC115140926",76.9334524241373,-0.0602265126508634,0.0781991839255669,0.313730796110729,0.602661842209239,"E3 ubiquitin-protein ligase UBR5, transcript variant X1","liver"
"LOC115138208",129.226173403183,-0.0603418012175528,0.0756984601190653,0.307393791524385,0.598746474685021,"uncharacterized protein KIAA0232-like","liver"
"LOC115144921",87.1747843860695,-0.0607433530940176,0.0816089974959744,0.3149556089646,0.602661842209239,"AP-3 complex subunit delta-1-like, transcript variant X2","liver"
"LOC115113361",148.828384105116,-0.0608009448862536,0.0914721234156417,0.315350385187243,0.602661842209239,"opsin-3-like","liver"
"LOC115110267",626.439881046938,-0.0610699412760832,0.101160498282014,0.286863081192358,0.583021643712864,"putative methyltransferase DDB_G0268948, transcript variant X2","liver"
"LOC115106403",291.178437539867,-0.0611159238953898,0.0816883741904421,0.31210104148864,0.601817480450145,"anthrax toxin receptor 1-like","liver"
"LOC115104519",209.482585226728,-0.0612227381314548,0.0966249844681247,0.302120246790564,0.594714532960469,"partitioning defective 3 homolog","liver"
"LOC115147104",66.511435397228,-0.0612990654240744,0.087853315875651,0.313843931122012,0.602661842209239,"volume-regulated anion channel subunit LRRC8A-like, transcript variant X2","liver"
"dmxl1",67.0332209981184,-0.0613251427359425,0.0718014072256649,0.288742959762842,0.583993995263798,"Dmx like 1, transcript variant X8","liver"
"LOC115136816",827.627977380947,-0.0613611842165642,0.0884174261293319,0.31320351833939,0.602462265574022,"vitronectin-like","liver"
"LOC115105542",221.758369010525,-0.0615108442814074,0.0721463284468737,0.288362220577687,0.583993995263798,"clathrin heavy chain 1, transcript variant X2","liver"
"LOC115101929",639.6860461919,-0.0615922125858279,0.114478827030368,0.165932651955379,0.458239415732302,"monocarboxylate transporter 5-like, transcript variant X1","liver"
"LOC115113721",60.7614265964035,-0.0616949049928887,0.0859620791623691,0.31069284204489,0.601817480450145,"caprin-1-like, transcript variant X4","liver"
"LOC115130984",68.3255640041329,-0.0617832480953309,0.109910311270514,0.220341596504753,0.515384077401978,"sterol-4-alpha-carboxylate 3-dehydrogenase, decarboxylating-like, transcript variant X1","liver"
"LOC115130453",88.4372733501425,-0.0618868292086425,0.0724459553168011,0.286343529390662,0.583021643712864,"WW domain-containing adapter protein with coiled-coil-like","liver"
"LOC115112251",187.781167147731,-0.0619126530087336,0.100012543096675,0.285338486406552,0.582393425434705,"hepatocyte nuclear factor 4-beta-like","liver"
"LOC115144075",92.7551575813809,-0.0619723709927958,0.0823649909942386,0.306152878110861,0.598503180422,"protein phosphatase 1B-like, transcript variant X2","liver"
"LOC115133440",96.2293017242151,-0.0620279611210716,0.0847070666083261,0.307599391067329,0.598746474685021,"apoptotic chromatin condensation inducer in the nucleus-like, transcript variant X1","liver"
"LOC115111669",99.9736855229455,-0.0620414027502663,0.0991239299005419,0.287787758682371,0.583886746645261,"WD repeat and FYVE domain-containing protein 2","liver"
"LOC115144441",96.1168089098746,-0.0620441717756739,0.110868528332762,0.208584657174445,0.507083282246149,"trichohyalin-like","liver"
"LOC115128374",453.721221373021,-0.0620984019059213,0.0883080479481692,0.307496278367028,0.598746474685021,"tubulin beta chain","liver"
"LOC115128369",72.2856611342484,-0.062100334601731,0.0817363109509439,0.304451481537051,0.597110690743404,"ETS domain-containing transcription factor ERF-like, transcript variant X2","liver"
"LOC115136968",33609.6674707059,-0.0621441699709906,0.106316907664626,0.248549885064351,0.544086644211758,"apolipoprotein A-I-1","liver"
"LOC115104090",61.2576626998253,-0.0621448140104432,0.100960908178073,0.279547493682189,0.577796523365651,"plexin domain-containing protein 1-like, transcript variant X3","liver"
"ND3",1481.12680807825,-0.0621851105615133,0.112718551744032,0.18608757337114,0.48142891243013,NA,"liver"
"LOC115130171",139.793269906846,-0.0623250593220732,0.0859482809101987,0.305796836123356,0.59838113492021,"histone-lysine N-methyltransferase 2C-like, transcript variant X1","liver"
"LOC115136143",780.886216796904,-0.0623703391241308,0.101695951043888,0.27445709110924,0.571050078285483,"sodium-coupled neutral amino acid transporter 3-like, transcript variant X1","liver"
"LOC115141651",123.869199202546,-0.0623936001187331,0.0962123168494362,0.294199248193893,0.589635548521163,"uncharacterized protein KIAA1671-like, transcript variant X1","liver"
"LOC115135942",657.898217140577,-0.0625114386359505,0.0831579161937518,0.30274996261791,0.595276819889339,"drebrin-like","liver"
"LOC115105818",59.5707357768743,-0.0626875188895829,0.103441544381304,0.263032945507902,0.560440295812969,"histone-lysine N-methyltransferase SETD1B-A-like, transcript variant X2","liver"
"LOC115113139",202.281570975328,-0.0627651031355985,0.118886719299282,0.0844301836487951,0.348555537061404,"reticulon-4-like, transcript variant X1","liver"
"ppp1r36",58.3627379523823,-0.0628733137735816,0.102652324917487,0.265931418574786,0.562909598388969,"protein phosphatase 1 regulatory subunit 36, transcript variant X1","liver"
"LOC115106304",256.236072022935,-0.0629940926815389,0.099270666507262,0.280044194038728,0.578106723951892,"forkhead box protein K2-like, transcript variant X2","liver"
"foxn3",97.3043776837059,-0.0631046735241309,0.0954770686196272,0.290619757131962,0.585549248675173,"forkhead box N3","liver"
"LOC115121214",212.143802695821,-0.0632544154714985,0.115871250818347,0.135086081382053,0.422025930165245,"phosphatidylserine decarboxylase proenzyme, mitochondrial-like, transcript variant X4","liver"
"LOC115122602",277.49078087595,-0.063255336293307,0.0839881423699434,0.297716043792349,0.59079386294918,"threonine--tRNA ligase, cytoplasmic-like","liver"
"LOC115111239",114.045174246116,-0.0632622898360622,0.086473401525831,0.298722156082823,0.591752816572608,"nipped-B-like protein A, transcript variant X2","liver"
"LOC115129295",86.759019481204,-0.0633019587070478,0.106856774836985,0.236195917912386,0.530140176988372,"mitogen-activated protein kinase kinase kinase kinase 4-like, transcript variant X3","liver"
"auh",97.055193611152,-0.0633231689410207,0.0987584725486065,0.279435133834283,0.577796523365651,"AU RNA binding methylglutaconyl-CoA hydratase, transcript variant X2","liver"
"LOC115101981",182.587593862941,-0.0633710140099777,0.0687355130056622,0.26249083002984,0.559917519583386,"F-actin-capping protein subunit alpha-1-like","liver"
"LOC115128358",75.4930165774842,-0.0634487011059327,0.0889927846439555,0.296895708150045,0.590091121146007,"chromodomain-helicase-DNA-binding protein 4-like, transcript variant X14","liver"
"LOC115122923",133.686379163842,-0.0634586737603444,0.118616798754454,0.0867925776410173,0.351656606823844,"regulator of G-protein signaling 3-like, transcript variant X4","liver"
"LOC115108065",81.6331559547402,-0.0635532898137238,0.0868962876640843,0.296555136077168,0.590091121146007,"mitofusin-1-like, transcript variant X3","liver"
"LOC115142929",131.076857021716,-0.0636192747179176,0.0843272772215033,0.295183566803989,0.589635548521163,"bombesin receptor-activated protein C6orf89 homolog, transcript variant X3","liver"
"LOC115144078",99.1898257242906,-0.0636212226386833,0.070422424577115,0.266585493871226,0.563006462704206,"protein transport protein Sec24C-like, transcript variant X1","liver"
"LOC115135267",73.4088118098819,-0.0637253101954683,0.0792595463636004,0.288419203534599,0.583993995263798,"poly(rC)-binding protein 2-like, transcript variant X4","liver"
"LOC115133094",75.0522462995773,-0.0638421171488942,0.107352918146422,0.228581343297544,0.523719817470933,"ADP-sugar pyrophosphatase-like","liver"
"LOC115104089",112.294883582596,-0.0638882902486347,0.0842623026361497,0.293113463866922,0.588827244318174,"LIM and SH3 domain protein 1-like","liver"
"LOC115101056",77.1160840562052,-0.0639796173246713,0.113631037920338,0.16320303603796,0.455221463268407,"tubulin alpha chain, testis-specific, transcript variant X2","liver"
"LOC115131511",57.5287314166237,-0.0640451000384069,0.109072883965083,0.212699009369253,0.511481511615973,"thioredoxin-interacting protein-like","liver"
"LOC115107164",100.945889258841,-0.06405730113432,0.094138257624736,0.286324981494637,0.583021643712864,"myosin phosphatase Rho-interacting protein-like","liver"
"LOC115135910",362.415971533967,-0.0640631085584587,0.108383755913186,0.218626198611327,0.514503686801253,"vacuole membrane protein 1-like, transcript variant X3","liver"
"LOC115117308",59.5924153920836,-0.0641362093744095,0.101798546986693,0.260939820787047,0.558608565928574,"ubiquitin-conjugating enzyme E2 H-like","liver"
"ttc3",96.3577878632929,-0.064198736999975,0.0852598559650194,0.291319481838814,0.586669075086465,"tetratricopeptide repeat domain 3, transcript variant X1","liver"
"LOC115105132",226.637242111735,-0.0643026850981548,0.0744015019445083,0.273497384802256,0.571050078285483,"repressor of RNA polymerase III transcription MAF1 homolog","liver"
"LOC115134076",57.3843038038965,-0.0645609194554033,0.103316915387103,0.250132717335634,0.545539345742569,"trafficking protein particle complex subunit 10-like","liver"
"LOC115120287",107.843088601746,-0.0646010595244068,0.0727082558350209,0.266536721765291,0.563006462704206,"amino-terminal enhancer of split-like, transcript variant X1","liver"
"LOC115118061",204.489417445467,-0.0646124229420184,0.093277662826945,0.283739410469655,0.580899804711564,"NEDD4 family-interacting protein 1-like, transcript variant X1","liver"
"LOC115122691",64.9681087495315,-0.0646610024439375,0.098025635848598,0.272034335774408,0.569790314808062,"SHC-transforming protein 1-like","liver"
"LOC115101036",62.4443356792145,-0.0648625461660377,0.0843184129137673,0.285882410149153,0.583021643712864,"protein kish-A","liver"
"LOC115130495",83.7449440650072,-0.0651535716321827,0.0826706978053307,0.282387756661831,0.579855161790238,"heterogeneous nuclear ribonucleoprotein A0-like, transcript variant X1","liver"
"LOC115134949",2810.88073174389,-0.065178004551475,0.107923746062441,0.214919457090854,0.513236503615171,"S-adenosylmethionine synthase-like","liver"
"LOC115128399",333.308599382815,-0.0652007989636443,0.0972673324457221,0.270436088686352,0.567609421980211,"class I histocompatibility antigen, F10 alpha chain-like, transcript variant X2","liver"
"ND4",3152.15047395693,-0.0652445600680875,0.0916019107153643,0.281434046171505,0.57906369116358,NA,"liver"
"LOC115109709",58.8187950020235,-0.0655039419177534,0.0854502565759919,0.281745710053464,0.579412469312775,"uncharacterized LOC115109709, transcript variant X5","liver"
"LOC115114304",88.6595201130446,-0.0656406611801918,0.108014371634071,0.21111280177137,0.509772381528497,"acyl-coenzyme A thioesterase 11-like, transcript variant X2","liver"
"LOC115130320",83.5817534675796,-0.0659140145151957,0.110020081029023,0.19171725836782,0.487125116673347,"ADP-ribosyl cyclase/cyclic ADP-ribose hydrolase 1-like, transcript variant X2","liver"
"LOC115118033",143.614818585025,-0.0660308926955029,0.0881685801260176,0.278102781560615,0.576282123864293,"small ubiquitin-related modifier 3-like","liver"
"LOC115110164",153.227779595748,-0.06604592673766,0.0961735940314166,0.267340686608128,0.563456157875353,"endoplasmic reticulum membrane sensor NFE2L1-like","liver"
"LOC115133082",138.463133313345,-0.0661149242721809,0.100756028844312,0.251533847102416,0.546695676146897,"DNA/RNA-binding protein KIN17-like","liver"
"dcp2",61.5348186974042,-0.0661811092180296,0.0871235835439159,0.27715107161128,0.574894538365178,"decapping mRNA 2, transcript variant X1","liver"
"LOC115143141",382.65337356667,-0.0661960786963431,0.0917291218543465,0.274395999746501,0.571050078285483,"guanine nucleotide-binding protein G(i) subunit alpha-2-like","liver"
"LOC115105411",367.592504420641,-0.0662377383616088,0.0951320606762548,0.268421709818542,0.564544318483166,"opioid-binding protein/cell adhesion molecule homolog, transcript variant X2","liver"
"LOC115130759",59.1889106599383,-0.0663207594896697,0.101839757166635,0.245270845996723,0.53806456850519,"signal recognition particle subunit SRP72-like","liver"
"ogt",85.9001227186069,-0.0664282374332402,0.0921068172917032,0.272269642410081,0.569990273478936,"O-linked N-acetylglucosamine (GlcNAc) transferase, transcript variant X1","liver"
"LOC115127920",203.864664397272,-0.0664355684166809,0.115479007640021,0.124572164985362,0.408398547228038,"NADPH oxidase organizer 1-like, transcript variant X2","liver"
"LOC115141184",245.568718541973,-0.0665032454674198,0.0836429413763065,0.27344214247028,0.571050078285483,"natural resistance-associated macrophage protein 2-like, transcript variant X1","liver"
"LOC115104260",63.0120873347406,-0.0665414559542136,0.0859285629931504,0.274392445842311,0.571050078285483,"protein LSM12 homolog A-like","liver"
"LOC115112901",68.9318946927137,-0.0668494496307688,0.112797549092774,0.156866691049567,0.446659174059623,"serine/threonine-protein kinase SIK2-like, transcript variant X1","liver"
"LOC115111654",65.7374685505061,-0.0672404805846641,0.0957755075756723,0.259886545186134,0.558112517480866,"RNA-binding protein EWS-like, transcript variant X3","liver"
"LOC115108371",70.9895945529219,-0.0672610569299581,0.0815759429699618,0.265951830241722,0.562909598388969,"UDP-N-acetylglucosamine transporter-like","liver"
"LOC115134161",62.7159946860653,-0.0673321407356217,0.109028378940458,0.191814477983494,0.487125116673347,"low-density lipoprotein receptor class A domain-containing protein 3-like","liver"
"LOC115110066",415.888824920636,-0.0673424313991888,0.106065965528766,0.214388901905051,0.512822279439546,"thyroid hormone receptor alpha","liver"
"LOC115106410",62.3789376093677,-0.0676466020742037,0.0901006333424429,0.265658393104394,0.562909598388969,"inhibitor of Bruton tyrosine kinase-like","liver"
"LOC115109083",102.36336559205,-0.0676534396411674,0.0719522324730987,0.242359990416683,0.536838563244212,"rab GTPase-activating protein 1-like, transcript variant X2","liver"
"ddah1",149.220797867197,-0.0676972362289451,0.0895764482313653,0.265650343275121,0.562909598388969,"dimethylarginine dimethylaminohydrolase 1, transcript variant X1","liver"
"LOC115135443",224.884238449321,-0.0677194981993527,0.108295303678001,0.195508771758525,0.49130317736606,"putative monooxygenase p33MONOX, transcript variant X2","liver"
"epas1",64.245903524801,-0.0677505847829134,0.0960826921754059,0.255604659637004,0.552838963517804,"endothelial PAS domain protein 1, transcript variant X2","liver"
"LOC115112936",393.04711362681,-0.0678661544351594,0.105267865122173,0.216176923300448,0.514186959807711,"discoidin, CUB and LCCL domain-containing protein 2-like, transcript variant X1","liver"
"leng8",106.041549327648,-0.0680325432242936,0.0864359265722161,0.263956843131269,0.561821458278356,"leukocyte receptor cluster member 8","liver"
"LOC115138095",143.629413486369,-0.0683732213194509,0.0918057986705789,0.258990824875059,0.557069447066353,"DENN domain-containing protein 4C-like, transcript variant X3","liver"
"LOC115104247",3733.68690228318,-0.068401137966109,0.1015612069504,0.232445078079018,0.527531257377548,"type-4 ice-structuring protein LS-12-like","liver"
"LOC115105097",137.718076392989,-0.0684568337481934,0.0930696920160131,0.256711502945964,0.553910749199936,"ras-related protein Rab-18-like","liver"
"LOC115127886",119.228400693756,-0.0687073680411429,0.0883705621614209,0.259168689075873,0.557158004574504,"transmembrane protein 131-like","liver"
"LOC115106399",108.481532978382,-0.0688660274484815,0.0775318242035867,0.248177334706947,0.543563039368896,"Golgi to ER traffic protein 4 homolog","liver"
"LOC115127643",7028.43452805502,-0.0689479822415206,0.101273318463181,0.230101017733904,0.525265193135949,"sulfotransferase family cytosolic 2B member 1-like, transcript variant X1","liver"
"ifi27",141.402022645548,-0.0690934680623876,0.116794774489671,0.0940270223032883,0.362302933203603,"interferon alpha inducible protein 27","liver"
"LOC115107163",134.015503462728,-0.0692389898920822,0.0765243186070822,0.243503142492885,0.536838563244212,"E3 ubiquitin-protein ligase MYCBP2, transcript variant X16","liver"
"LOC115104489",72.4827739049037,-0.06928340453146,0.0995569449075643,0.234715699196197,0.529170367849425,"histone-lysine N-methyltransferase 2C-like","liver"
"LOC115133797",102.23262245144,-0.0693367362417108,0.0798743062293656,0.249161301605383,0.544547702597072,"golgin subfamily B member 1-like","liver"
"LOC115138927",195.825513905036,-0.0694794681807752,0.0867087682324154,0.254034908508594,0.550183999511705,"DNA-binding protein inhibitor ID-3-A-like","liver"
"LOC115125623",294.981291187707,-0.0695388117784605,0.09124691353999,0.251652186792364,0.546695676146897,"sterol-4-alpha-carboxylate 3-dehydrogenase, decarboxylating-like, transcript variant X2","liver"
"ppig",72.1278911676522,-0.0697153325291827,0.0889586063730214,0.252092217541439,0.546848259020173,"peptidylprolyl isomerase G","liver"
"LOC115103278",62.3416970665852,-0.0697709603669488,0.0858716609017291,0.251887752650606,0.546695676146897,"60S ribosomal protein L5-like","liver"
"LOC115133272",254.85876199468,-0.0698077853339133,0.111483563141614,0.154657158033862,0.444242973241375,"6-phosphofructo-2-kinase/fructose-2,6-bisphosphatase-like","liver"
"LOC115109456",124.433117103967,-0.0698590399652345,0.108545816611252,0.180570703100369,0.476599777265298,"tensin-1-like, transcript variant X4","liver"
"LOC115109719",66.0754983267604,-0.0698716630907928,0.0946553985603769,0.24438306185689,0.536984021632714,"ETS domain-containing protein Elk-3-like","liver"
"LOC115138664",67.8668879281411,-0.0698961693844634,0.0962114575556451,0.240788267115708,0.536020194846327,"F-box only protein 33-like","liver"
"LOC115113481",381.596455376329,-0.0701262882215033,0.116901209644602,0.088560285253049,0.353757565046943,"CUGBP Elav-like family member 1, transcript variant X4","liver"
"LOC115132660",168.015774156271,-0.0704328408631555,0.0736376128188257,0.228395231129357,0.523719817470933,"E3 ubiquitin-protein ligase UBR4-like","liver"
"LOC115114248",92.0065951230705,-0.0704802919822907,0.100403050201708,0.223749279996423,0.51730122817097,"ATP-binding cassette sub-family F member 2-like, transcript variant X1","liver"
"aacs",629.923302837311,-0.070503246838858,0.115057079028365,0.111271204121247,0.390983989653623,"acetoacetyl-CoA synthetase","liver"
"LOC115126697",219.207057769598,-0.0707824615132665,0.101026800130873,0.219316146115955,0.514938140304512,"uncharacterized protein C6orf62 homolog","liver"
"LOC115112100",142.069399713335,-0.070906265250723,0.114320209440613,0.118381003296696,0.399022611236311,"7-dehydrocholesterol reductase-like","liver"
"LOC115120858",88.7785104253925,-0.0710500951096785,0.0945521360378563,0.236835232384226,0.530990322991257,"uncharacterized LOC115120858","liver"
"LOC115107209",321.044373961798,-0.0713220858535688,0.108213286105473,0.174714657009997,0.470367861276584,"cadherin-23-like","liver"
"LOC115143505",74.281265535009,-0.0715237150626789,0.098148804300804,0.224923651392987,0.519721543694906,"uncharacterized LOC115143505, transcript variant X3","liver"
"LOC115128231",104.027513603728,-0.0715697526664056,0.0907239781941085,0.238694271724173,0.53398143869427,"dolichyl-diphosphooligosaccharide--protein glycosyltransferase subunit STT3B, transcript variant X2","liver"
"ncl",370.396478814276,-0.0717322487772198,0.0869689234481796,0.239086389994368,0.53398143869427,"nucleolin","liver"
"LOC115124445",186.496246085948,-0.072070444988155,0.075853661031878,0.223298765638241,0.516643694750874,"protein SON-like","liver"
"LOC115138671",132.521421890885,-0.0721499372370652,0.0893052690038044,0.235891323203878,0.529853169515691,"disheveled-associated activator of morphogenesis 1-like, transcript variant X2","liver"
"LOC115105519",63.825344363325,-0.0722621351138822,0.105280285684542,0.189004824776305,0.484057717936395,"thyroid hormone receptor-associated protein 3-like, transcript variant X8","liver"
"LOC115131546",107.991977833189,-0.0726624813398603,0.0910650862134117,0.231375496762858,0.526562154159259,"chromatin target of PRMT1 protein-like","liver"
"LOC115142900",76.9325733756836,-0.07284015937305,0.0845140411519236,0.23113126118379,0.526562154159259,"msx2-interacting protein-like, transcript variant X5","liver"
"LOC115101624",104.951186206357,-0.0729569094984521,0.0974433796103267,0.218003919510943,0.514503686801253,"renin-like","liver"
"ogg1",58.1336987309133,-0.0732846776982522,0.0905096828214868,0.227918919268893,0.523378881656343,"8-oxoguanine DNA glycosylase, transcript variant X2","liver"
"LOC115141109",63.0625259212627,-0.0733721465048453,0.0999529425106094,0.207488162887773,0.505814444934547,"eukaryotic translation initiation factor 3 subunit A-like, transcript variant X2","liver"
"LOC115138198",64.8203038922052,-0.0733775228586527,0.104958938639315,0.184426052805116,0.479980727834032,"cGMP-specific 3',5'-cyclic phosphodiesterase-like, transcript variant X3","liver"
"LOC115113633",107.050192283694,-0.0734686438858115,0.0847177947120397,0.22727296699671,0.522525201010823,"RNA polymerase-associated protein CTR9 homolog","liver"
"LOC115129322",97.9833221249466,-0.0734976725535132,0.0805759557170388,0.222997939501584,0.516643694750874,"heterogeneous nuclear ribonucleoprotein A/B-like","liver"
"LOC115140889",1355.66149097853,-0.0735592623719958,0.0756606473131688,0.213458870706851,0.512113441838229,"transmembrane protein 91-like","liver"
"LOC115137153",65.8272347235577,-0.0735883781840596,0.0781543164509566,0.218478184556774,0.514503686801253,"AP-2 complex subunit mu-B-like, transcript variant X1","liver"
"LOC115134080",72.5817472789407,-0.0737617179839195,0.0989313151354787,0.208638926158136,0.507083282246149,"thromboxane-A synthase-like, transcript variant X1","liver"
"LOC115131769",70.3753350251304,-0.0737770395212038,0.0802404127266966,0.22076999739439,0.515384077401978,"heterogeneous nuclear ribonucleoprotein R-like, transcript variant X4","liver"
"tp53i11",106.123893112439,-0.073859838435362,0.0925676513374734,0.22220640654289,0.51642870199588,"tumor protein p53 inducible protein 11, transcript variant X1","liver"
"LOC115110310",144.300949436691,-0.0739401657315159,0.108199720492052,0.160465591565667,0.452300254712374,"protein tweety homolog 3-like, transcript variant X1","liver"
"LOC115125774",123.388559977589,-0.0740033967701181,0.0835859246425128,0.223157767796953,0.516643694750874,"glycerol-3-phosphate acyltransferase 3-like","liver"
"LOC115133564",72.4790392660211,-0.0741247245751785,0.0939403238668576,0.218540025866074,0.514503686801253,"serine/threonine-protein phosphatase 2B catalytic subunit alpha isoform, transcript variant X1","liver"
"LOC115140248",158.603254209575,-0.0741253689629254,0.0982141805841642,0.208681649683984,0.507083282246149,"nucleolysin TIA-1-like, transcript variant X3","liver"
"LOC115120351",253.481038812746,-0.0741338366278175,0.0826943416155463,0.221554517100533,0.516327165066765,"non-muscle caldesmon-like, transcript variant X1","liver"
"LOC115131908",65.5717149249974,-0.0742938807933314,0.083280607778156,0.2211028352282,0.515864428385886,"bromodomain adjacent to zinc finger domain protein 2A-like, transcript variant X2","liver"
"LOC115111123",61.1407853420651,-0.0743763448714734,0.109068433338178,0.151733173692002,0.442471925779497,"5-hydroxyisourate hydrolase-like","liver"
"LOC115136908",164.848051197415,-0.0743842271260404,0.0819412947283829,0.219211417245168,0.514938140304512,"E3 ubiquitin-protein ligase TRIP12-like, transcript variant X2","liver"
"LOC115103362",265.39008183329,-0.074386908316843,0.10387344600353,0.184536301366162,0.479980727834032,"transferrin receptor protein 1-like, transcript variant X1","liver"
"LOC115105055",81.9622908147973,-0.0744337675418492,0.0953746334324485,0.213974368733613,0.512432154499533,"calponin-3-like","liver"
"LOC115113379",262.718758190045,-0.0745015749645913,0.0982490460358731,0.20633204362465,0.504504744939455,"eukaryotic translation initiation factor 3 subunit A-like, transcript variant X1","liver"
"LOC115118594",61.182593740673,-0.0746531976448393,0.0916856395328247,0.218379334895063,0.514503686801253,"serine/arginine repetitive matrix protein 2-like, transcript variant X1","liver"
"LOC115131343",60.8390969897757,-0.0746710569252989,0.0873805469184245,0.22053468865782,0.515384077401978,"focal adhesion kinase 1-like, transcript variant X19","liver"
"setx",67.3190015123119,-0.0747519661205529,0.0871699892014912,0.220037891042265,0.515149020039213,"senataxin","liver"
"LOC115138047",18073.1828018256,-0.07508343082378,0.0965523084184473,0.207442051553096,0.505814444934547,"histidine-rich glycoprotein-like","liver"
"LOC115128705",170.566461295083,-0.0751292726061884,0.0889922968317861,0.217415798963993,0.514503686801253,"probable acyl-CoA dehydrogenase 6","liver"
"LOC115146285",176.649313934856,-0.0751468146916294,0.0878734987932714,0.217596637224384,0.514503686801253,"uncharacterized protein KIAA1522 homolog, transcript variant X1","liver"
"LOC115102995",81.7592348727056,-0.0753427894872701,0.107869362488898,0.155491874971306,0.444761320970556,"desmoplakin-like, transcript variant X2","liver"
"LOC115112174",167.459990961164,-0.0753620359774785,0.0980417900374241,0.201867646955416,0.497468276293999,"tight junction protein ZO-1-like","liver"
"LOC115139611",378.979145677027,-0.0756798933718084,0.108786294201396,0.147282348149553,0.435647932552669,"unconventional myosin-VI-like, transcript variant X10","liver"
"LOC115124033",61.1449300620569,-0.0757383073046113,0.111467426230988,0.125486068843481,0.408851159107954,"microfibril-associated glycoprotein 4-like","liver"
"LOC115120012",113.425963109728,-0.0757947904418851,0.0759496401745305,0.200547714886151,0.496617549134843,"glypican-4-like","liver"
"LOC115128322",72.406425007279,-0.0758222025797366,0.0763174960198462,0.201190936057828,0.496718234682126,"acyl-protein thioesterase 2-like, transcript variant X1","liver"
"ifih1",135.251205450206,-0.0758362015906331,0.0819545773049245,0.210402504945992,0.509264020284955,"interferon induced with helicase C domain 1, transcript variant X1","liver"
"LOC115105974",136.171099138996,-0.0760260879408587,0.112095494134457,0.118620792274642,0.399022611236311,"anthrax toxin receptor 2-like","liver"
"LOC115138387",112.290247147704,-0.0760638358453375,0.0756397065913232,0.198262288244868,0.494866556574453,"probable palmitoyltransferase ZDHHC14, transcript variant X2","liver"
"LOC115118046",57.6852054318686,-0.076448188530938,0.10895407168276,0.142297352158128,0.429510379412954,"insulin receptor substrate 2-like","liver"
"LOC115113550",166.399332824375,-0.0766353386294849,0.100346670854255,0.187147715727743,0.482488355032437,"thymosin beta-12, transcript variant X1","liver"
"LOC115120666",357.439607513634,-0.0766713144902532,0.0957425966309354,0.200006546945607,0.496181792666034,"solute carrier family 22 member 18-like","liver"
"LOC115134417",106.798331266328,-0.0767340623895535,0.112061959183436,0.115886458527165,0.396791101805304,"protein shisa-like-1a","liver"
"LOC115130975",67.0817110333816,-0.0769179660056369,0.087707503871648,0.207057387030394,0.505671605473867,"zinc finger C4H2 domain-containing protein, transcript variant X4","liver"
"LOC115130173",112.052886137958,-0.0770326126048284,0.100489660534594,0.184428264840286,0.479980727834032,"polypeptide N-acetylgalactosaminyltransferase 11-like, transcript variant X1","liver"
"LOC115143015",58.9020264580424,-0.0771056704633264,0.101379572925254,0.180662056995038,0.476599777265298,"RNA-binding protein Musashi homolog 1-like","liver"
"LOC115146295",188.143022859772,-0.0773121539124025,0.0975840007329921,0.191968837172272,0.487213561839465,"low density lipoprotein receptor adapter protein 1-B-like, transcript variant X1","liver"
"LOC115102825",134.605785846419,-0.0773151867361199,0.101983050493977,0.177085078324791,0.472690752620725,"ski-like protein","liver"
"LOC115112216",82.0196004150276,-0.0774792175463759,0.105780186689679,0.157667291380923,0.447369174076884,"F-actin-monooxygenase MICAL2-like, transcript variant X3","liver"
"LOC115136244",92.825696944467,-0.0775108016025886,0.0967404405709515,0.192982560307281,0.488373778121627,"la-related protein 1-like, transcript variant X1","liver"
"LOC115139329",81.5566543127729,-0.0776166184174482,0.091354439988696,0.201197695157063,0.496718234682126,"CSC1-like protein 2","liver"
"LOC115139419",118.020612924903,-0.0776426560065689,0.10510285149572,0.160568809756822,0.452300254712374,"protein FAM89A-like","liver"
"LOC115144792",66.9251400197412,-0.0776911562224174,0.117916195411333,0.0532021011058282,0.28440666342479,"receptor-type tyrosine-protein phosphatase zeta-like, transcript variant X4","liver"
"taok3",73.1229826590849,-0.0777367854497509,0.103734814258567,0.167022726851996,0.459483178110225,"TAO kinase 3, transcript variant X1","liver"
"LOC115101256",248.912439753179,-0.0778341187150632,0.0807556387524854,0.19722332039529,0.494088662526859,"sodium-dependent phosphate transporter 1-B-like","liver"
"LOC115129453",196.851273908394,-0.0779036989795349,0.118790538450416,0.0432099856720929,0.257491084209723,"saxitoxin and tetrodotoxin-binding protein 1-like","liver"
"LOC115122672",110.160469968442,-0.0779325448775309,0.101646330186563,0.175143138763833,0.470730067742526,"uncharacterized LOC115122672","liver"
"sugp1",73.4188057978981,-0.078122864136498,0.0775746183581135,0.190416038728277,0.486229707127124,"SURP and G-patch domain containing 1","liver"
"rrp36",114.073954407862,-0.0782086689351691,0.102355392557913,0.170769019607509,0.464553299943853,"ribosomal RNA processing 36","liver"
"LOC115139663",62.4013751430344,-0.0784484476025288,0.116659891455639,0.0647657926403241,0.310607773214372,"ectonucleotide pyrophosphatase/phosphodiesterase family member 1-like, transcript variant X1","liver"
"LOC115143187",101.754919735719,-0.0785232537048165,0.0980817243026494,0.183929375957641,0.479980727834032,"epidermal growth factor receptor kinase substrate 8-like protein 3, transcript variant X3","liver"
"LOC115130311",83.6264326876254,-0.078659879615712,0.105806846363027,0.151627780471265,0.442471925779497,"carbonic anhydrase 1-like, transcript variant X1","liver"
"LOC115146486",96.3976324434237,-0.0787124640888308,0.0824854794552719,0.194252751619741,0.489959291832961,"serine/arginine-rich splicing factor 5-like","liver"
"LOC115128765",83.7901082712071,-0.0787706888016516,0.101063444194958,0.172950691869596,0.46719384371525,"syndecan-2-A-like","liver"
"LOC115116842",84.774028041441,-0.0788022129326999,0.0905531171427735,0.195142337523496,0.491137928346786,"cytoplasmic polyadenylation element-binding protein 4-like, transcript variant X1","liver"
"dyrk1a",68.6071097515172,-0.0788438232850196,0.0783632014347814,0.187807520330507,0.482967478149619,"dual specificity tyrosine phosphorylation regulated kinase 1A, transcript variant X3","liver"
"LOC115129786",124.873030624269,-0.0790551397751638,0.103448110043431,0.161589286898033,0.454546537885702,"unconventional myosin-Ib-like, transcript variant X2","liver"
"LOC115107020",848.410292190937,-0.0790593308440869,0.0878735190424056,0.194790142147205,0.490830051295152,"DNA/RNA-binding protein KIN17-like","liver"
"LOC115103776",60.8268908998465,-0.0794225147553593,0.0799021580442447,0.187080061451645,0.482488355032437,"pre-mRNA-splicing factor CWC25 homolog","liver"
"dock9",58.5601065160537,-0.0795885765571792,0.0887655882505712,0.19167137450539,0.487125116673347,"dedicator of cytokinesis 9, transcript variant X11","liver"
"LOC115146086",66.3291075859445,-0.0796065061968471,0.115812267504318,0.0701213508519859,0.319881198728937,"fermitin family homolog 2-like","liver"
"LOC115112488",146.268299365229,-0.079715215151858,0.117192499091662,0.0560327623462428,0.290202718326919,"protein naked cuticle homolog 1-like","liver"
"LOC115142816",84.007679647106,-0.0799341561063831,0.100896502758328,0.16752010228539,0.460115860455021,"plexin-B1-like","liver"
"LOC115114250",186.877448719467,-0.0799395602453993,0.0943436332279524,0.184439994777346,0.479980727834032,"sarcosine dehydrogenase, mitochondrial-like","liver"
"LOC115141405",137.974730143517,-0.0799761639287079,0.0977847446348732,0.176947381741743,0.472681035223712,"activating transcription factor 7-interacting protein 1-like, transcript variant X1","liver"
"LOC115136245",691.280860309061,-0.0800859898937802,0.0866142033990161,0.189062778938847,0.484057717936395,"la-related protein 1-like","liver"
"LOC115143090",95.5860209251722,-0.080320628347324,0.0661990625629968,0.147016318234808,0.435493105468807,"gastrula zinc finger protein XlCGF57.1-like, transcript variant X14","liver"
"LOC115142436",145.162596243184,-0.0803595465465581,0.0960583044102997,0.178987937785094,0.475589852941357,"40S ribosomal protein SA, transcript variant X2","liver"
"LOC115135015",1271.79195945362,-0.0804506499270019,0.0914019517324917,0.185404635195223,0.480120262424225,"reticulon-1-A-like, transcript variant X1","liver"
"LOC115140272",95.6262830741108,-0.08050056697516,0.0916929707199089,0.184865341051527,0.479980727834032,"rab-like protein 6, transcript variant X2","liver"
"acin1",165.274581684604,-0.0805188139014842,0.0893873581117615,0.186363878423436,0.481686219691773,"apoptotic chromatin condensation inducer 1, transcript variant X4","liver"
"LOC115118813",148.545059365445,-0.0806270813549758,0.0868016003950459,0.186146213442072,0.48142891243013,"microtubule-actin cross-linking factor 1, isoforms 1/2/3/5-like, transcript variant X1","liver"
"psme4",62.6179547070146,-0.0807743171884829,0.0886719558618859,0.185232994328492,0.479980727834032,"proteasome activator subunit 4","liver"
"LOC115113237",87.3548885527336,-0.0808256574840424,0.0924389855677517,0.182340826217126,0.477648591041778,"bifunctional heparan sulfate N-deacetylase/N-sulfotransferase 2-like, transcript variant X1","liver"
"LOC115116917",1389.8605446521,-0.0808324610713581,0.0798863646903473,0.179381500075792,0.475752428727641,"ERBB receptor feedback inhibitor 1-like","liver"
"LOC115133926",240.647282025519,-0.0809369205930426,0.0701182815777784,0.156734654537009,0.446659174059623,"CUGBP Elav-like family member 2, transcript variant X2","liver"
"LOC115112942",98.6179155240281,-0.0812823065535145,0.100986324301497,0.16040427415365,0.452300254712374,"ER lumen protein-retaining receptor 2-like","liver"
"LOC115114578",216.265627955449,-0.081400734294013,0.106997577206561,0.132089811604228,0.416702574977533,"aquaporin FA-CHIP-like","liver"
"LOC115105548",81.1062513513775,-0.0814053684779132,0.103952432486857,0.147770978916172,0.436430311333655,"autism susceptibility gene 2 protein-like, transcript variant X1","liver"
"LOC115143469",2322.17227930879,-0.0815163031606237,0.092699675595691,0.178389507580947,0.474799341503657,"sodium-coupled neutral amino acid transporter 3-like, transcript variant X2","liver"
"arhgap1",84.669460152945,-0.0815729327932823,0.0809429642837408,0.176883783967058,0.472681035223712,"Rho GTPase activating protein 1","liver"
"LOC115112540",94.3936256194758,-0.0815949758046021,0.121562729029491,0.0131727300965551,0.156834820487416,"hepatic triacylglycerol lipase-like","liver"
"LOC115110537",104.544823711917,-0.0817466560799135,0.0859870106575526,0.179980033487498,0.476053612261547,"primary amine oxidase, liver isozyme-like","liver"
"ppm1b",132.277133108233,-0.0819101838484422,0.0730780553772707,0.15997823764053,0.451572920098892,"protein phosphatase, Mg2+/Mn2+ dependent 1B, transcript variant X3","liver"
"LOC115140778",1365.70435335576,-0.0819452210164642,0.066714044438897,0.140783238852047,0.428662337025698,"retinol-binding protein 1-like, transcript variant X2","liver"
"LOC115129336",150.098873782675,-0.0820096207841052,0.089333897221228,0.178457456129441,0.474799341503657,"putative monooxygenase p33MONOX, transcript variant X2","liver"
"LOC115141553",68.8322918828945,-0.0823518224760454,0.0972929336230485,0.165968586535391,0.458239415732302,"hepatocyte nuclear factor 3-gamma-like","liver"
"LOC115142844",88.945501401623,-0.0823765581551974,0.0941711203986181,0.17193351296588,0.466254197287682,"cadherin-22-like, transcript variant X1","liver"
"LOC115127718",218.287828477605,-0.0825961046039085,0.111409433327895,0.0982102108660299,0.369967485665377,"nuclear factor 1 X-type-like","liver"
"LOC115108286",63.8824318219061,-0.0826005524032291,0.117962589277572,0.0425050122016637,0.255531607277258,"follistatin-related protein 3-like","liver"
"LOC115110428",65.8561736296558,-0.0827338912269124,0.0871622112053958,0.175044536233792,0.470730067742526,"casein kinase I, transcript variant X2","liver"
"LOC115142965",58.1479166351407,-0.0827887556990614,0.0765866439363518,0.163466606171506,0.455221463268407,"transforming protein RhoA-like, transcript variant X2","liver"
"cog2",116.263374577681,-0.0828844624656263,0.0781042939093964,0.165805432888429,0.458239415732302,"component of oligomeric golgi complex 2, transcript variant X1","liver"
"LOC115101535",96.6927674757452,-0.0830262253147394,0.117967483567724,0.0416800026661371,0.253610698023486,"histone-lysine N-methyltransferase PRDM16-like","liver"
"LOC115123875",3378.93423619911,-0.0830893827903204,0.0887075479895579,0.17307720903092,0.46719384371525,"heparan sulfate glucosamine 3-O-sulfotransferase 3B1-like","liver"
"LOC115137492",140.012203982654,-0.0830990179165088,0.088676888996801,0.173035611785751,0.46719384371525,"high mobility group protein B2-like","liver"
"LOC115104237",58.2917690450876,-0.0832107786664867,0.0822405221425581,0.169863651780865,0.464016753366823,"RNA-binding protein 8A-like, transcript variant X2","liver"
"agrn",67.7358826421258,-0.0832681092557293,0.0999880019990326,0.154080402992412,0.444006832320837,"agrin, transcript variant X6","liver"
"LOC115113234",152.501473650753,-0.0834397598592373,0.100684290167314,0.15101842602944,0.441993323287318,"ras and Rab interactor 2-like, transcript variant X1","liver"
"lrrfip2",98.1156346683825,-0.0835855120004557,0.0779748750498313,0.162042081995493,0.455191954661357,"LRR binding FLII interacting protein 2, transcript variant X2","liver"
"COX1",8377.84404254021,-0.0838188348146329,0.0990513041790673,0.154239646712419,0.444006832320837,NA,"liver"
"LOC115135518",123.879165948733,-0.0840224402032528,0.0721857422331063,0.147223686225193,0.435647932552669,"ubiquitin-conjugating enzyme E2 D2","liver"
"LOC115114360",115.095646267187,-0.0840566534101551,0.105419484420283,0.128901100450125,0.413051010561878,"zinc finger MYND domain-containing protein 11-like, transcript variant X4","liver"
"LOC115142795",512.722338945628,-0.084142947488856,0.103414204962986,0.137575245463833,0.424172995847644,"vitamin D3 receptor B, transcript variant X1","liver"
"LOC115108338",98.441427155341,-0.0841735312269528,0.0845457785543353,0.166854290932586,0.459483178110225,"amino-terminal enhancer of split-like, transcript variant X2","liver"
"LOC115109313",77.9108881860314,-0.0842799223803547,0.0771945516548299,0.157193668609299,0.446807108264647,"NEDD4-like E3 ubiquitin-protein ligase WWP2, transcript variant X1","liver"
"LOC115126875",111.013850849131,-0.0842974209538826,0.0705042974127862,0.141344990422605,0.428662337025698,"tetratricopeptide repeat protein 31-like","liver"
"LOC115103810",57.5005187349687,-0.0850670418438778,0.115302691569426,0.0601623111155559,0.300516642287997,"centrosomal protein of 95 kDa-like","liver"
"LOC115102354",281.586549075396,-0.0852152509267257,0.0997200994523463,0.145809395238154,0.435493105468807,"rap1 GTPase-activating protein 1-like, transcript variant X10","liver"
"LOC115135615",193.349162657131,-0.0853164016541569,0.0815060710539971,0.158593820821843,0.449532971953986,"stress-induced-phosphoprotein 1-like","liver"
"LOC115119915",221.905180534874,-0.0857848773681434,0.115269575072778,0.0586910896493481,0.295499831360093,"unconventional myosin-XVI-like","liver"
"LOC115104907",163.986880671825,-0.0858750624248271,0.103053418938994,0.131491181867186,0.415793682925254,"GRB2-associated and regulator of MAPK protein 1-like, transcript variant X2","liver"
"LOC115135806",193.477075873654,-0.0860661349079561,0.0713310744987269,0.135429322045177,0.422025930165245,"THO complex subunit 2-like, transcript variant X2","liver"
"LOC115134259",62.5552822381845,-0.0861457501938749,0.0920553492776192,0.156037270932244,0.446008356465516,"COUP transcription factor 2-like, transcript variant X1","liver"
"LOC115110749",121.875486405253,-0.0862066167520959,0.0724083834018683,0.137568349674081,0.424172995847644,"signal transducing adapter molecule 2-like","liver"
"LOC115143402",271.501558824725,-0.0863356082453501,0.0978446086749553,0.145687182074044,0.435493105468807,"forkhead box protein P1-B-like, transcript variant X5","liver"
"LOC115103704",173.474686960798,-0.0867484294820977,0.0971143814470273,0.145472656632589,0.435493105468807,"40S ribosomal protein SA-like","liver"
"LOC115109252",63.0022838478201,-0.0868048447466297,0.0914748590662149,0.153455027625743,0.443919583110383,"transcriptional repressor p66-alpha-like, transcript variant X1","liver"
"gtf2f1",83.2406890859645,-0.0868683539144082,0.0807861423898939,0.150350950405926,0.441218436245599,"general transcription factor IIF subunit 1, transcript variant X4","liver"
"LOC115106600",64.3445905014087,-0.0871022701506847,0.0944280746375708,0.148728520207424,0.438018387547297,"putative leucine-rich repeat-containing protein DDB_G0290503, transcript variant X1","liver"
"LOC115140263",209.721922436311,-0.0871446650665764,0.0864328266710598,0.15325845036851,0.443919583110383,"lysyl oxidase homolog 2B","liver"
"LOC115145289",99.286696394493,-0.0872242638690444,0.102622891120768,0.127448158274856,0.410979978740752,"prothymosin alpha-A-like, transcript variant X2","liver"
"LOC115133337",69.5909250626004,-0.0873473446012084,0.100159743037573,0.13507687179523,0.422025930165245,"SH3 domain and tetratricopeptide repeat-containing protein 1-like","liver"
"LOC115111300",70.3312673775057,-0.0873560855882131,0.0864128438125394,0.152269148388181,0.442688337254084,"ras GTPase-activating protein 1-like, transcript variant X1","liver"
"LOC115142582",91.8868148849224,-0.0873839116960631,0.0868342841112046,0.152221438722457,0.442688337254084,"regulatory-associated protein of mTOR, transcript variant X6","liver"
"LOC115125030",70.1956826469403,-0.0879873034988737,0.09529822029692,0.143385681373646,0.430685362770068,"calcium uptake protein 3, mitochondrial-like, transcript variant X3","liver"
"LOC115101911",220.727341525351,-0.0881495642421883,0.0770281516151134,0.138761867840955,0.426141188301776,"receptor tyrosine-protein kinase erbB-3-like","liver"
"LOC115140031",59.3621834581535,-0.0882722597458341,0.102988903501479,0.121826206945834,0.403579862749976,"glutamine--fructose-6-phosphate aminotransferase [isomerizing] 1","liver"
"LOC115130271",156.497771169036,-0.0884072152164915,0.0794465877120507,0.141520901301269,0.428876723943473,"abl interactor 1, transcript variant X1","liver"
"LOC115146939",470.42978304731,-0.0885854534748795,0.102073542890489,0.123826163044109,0.407006451630996,"monocarboxylate transporter 8-like","liver"
"LOC115130347",75.0621846542277,-0.088665155824771,0.0943678878205469,0.141822688037231,0.429471973580798,"SWI/SNF-related matrix-associated actin-dependent regulator of chromatin subfamily D member 3, transcript variant X3","liver"
"LOC115114121",153.203782268702,-0.0886925947914485,0.0969597353652974,0.137236475931625,0.423769602952504,"UDP-N-acetylglucosamine/UDP-glucose/GDP-mannose transporter-like","liver"
"LOC115131584",88.0526773137908,-0.0887529021674682,0.0994233570136766,0.131189572080788,0.41540889168661,"ectonucleotide pyrophosphatase/phosphodiesterase family member 2-like","liver"
"myc",76.4135693079096,-0.0888579971672623,0.0982439799633142,0.133710704766402,0.419557222962166,"MYC proto-oncogene, bHLH transcription factor","liver"
"COX2",12866.1482565368,-0.0889449921158326,0.0856789286556276,0.144801034452945,0.434170287903332,NA,"liver"
"LOC115141837",1719.03337452387,-0.0894827789873575,0.0885887435917769,0.142707550947712,0.430233711289107,"alpha-2-antiplasmin-like","liver"
"LOC115114491",60.7668458571007,-0.0896074285167224,0.0826429639770394,0.139921582911926,0.427526515703904,"histone-lysine N-methyltransferase 2C-like, transcript variant X3","liver"
"LOC115103719",86.7093037102305,-0.0896390421472922,0.0949503056231481,0.136750133179524,0.422717936195613,"BUB3-interacting and GLEBS motif-containing protein ZNF207-like, transcript variant X1","liver"
"LOC115129410",77.5702941915135,-0.0898557790469455,0.106141031214147,0.102879784713205,0.377305094940093,"phospholipid-transporting ATPase IG-like, transcript variant X8","liver"
"LOC115126316",2388.81744141595,-0.0900352136370505,0.0882824974183548,0.140333150225223,0.428462861661431,"prosaposin-like, transcript variant X3","liver"
"LOC115125186",343.549163715416,-0.090162773762506,0.0891454325030616,0.13961252523221,0.427222712347214,"death-associated protein 1-like","liver"
"LOC115101470",382.86620414537,-0.0901901073525501,0.10429490349911,0.109457791747665,0.387902142635137,"high mobility group protein B3-like","liver"
"LOC115137950",129.500100010216,-0.0904401116008042,0.100844655318991,0.120358338131657,0.401530396424794,"microfibrillar-associated protein 3-like, transcript variant X4","liver"
"LOC115116738",256.878803097975,-0.0905906351913804,0.0917572664834592,0.136379070995028,0.422520506115968,"cytosolic Fe-S cluster assembly factor narfl-like","liver"
"LOC115125814",164.015815572103,-0.0908491921142856,0.0975965027275969,0.126920319755056,0.410344791164518,"coagulation factor VIII-like","liver"
"LOC115147151",90.0727745866251,-0.0909091781969884,0.100737006755982,0.118845301776468,0.399022611236311,"tumor necrosis factor receptor superfamily member 10A-like","liver"
"LOC115104347",138.709974332594,-0.0909657830838185,0.101384009412646,0.116699419657237,0.397673381316156,"dynamin-2, transcript variant X2","liver"
"LOC115119999",118.897652633497,-0.0909873772440488,0.086269496207527,0.13607305690902,0.422520506115968,"transcriptional activator protein Pur-beta-like","liver"
"LOC115104794",69.2647191206914,-0.0910292639338743,0.0892651002671489,0.135868070139407,0.422520506115968,"nuclear fragile X mental retardation-interacting protein 2-like","liver"
"LOC115138344",65.4463619993708,-0.0911934835384257,0.0921638506741822,0.1335008260276,0.419544615951039,"saccharopine dehydrogenase-like oxidoreductase","liver"
"LOC115130567",264.305097066805,-0.0915477324527733,0.100528975937511,0.116980613376745,0.397673381316156,"protein diaphanous homolog 1-like","liver"
"LOC115142564",68.3509178199845,-0.0916109501958776,0.0907056070666616,0.13280837620832,0.418013082181553,"zinc finger CCCH domain-containing protein 18-like, transcript variant X3","liver"
"LOC115143358",147.079976173781,-0.0917217039430564,0.0927035485677372,0.130814517048313,0.41540889168661,"nuclear receptor coactivator 3-like, transcript variant X2","liver"
"cacna2d4",90.5279865842495,-0.0918153615443504,0.11041875441428,0.0751601579184907,0.330036247274988,"calcium voltage-gated channel auxiliary subunit alpha2delta 4, transcript variant X2","liver"
"LOC115141657",142.464572007301,-0.0918407842876118,0.0828000470705148,0.130515855498272,0.41540889168661,"alpha-actinin-4, transcript variant X2","liver"
"LOC115132150",67.7017668915709,-0.0920160712728321,0.0873197147426498,0.131931163713267,0.416538670251956,"ubiquitin carboxyl-terminal hydrolase 19-like, transcript variant X1","liver"
"LOC115103828",113.1335010777,-0.0926746097025964,0.0943532113663369,0.12508894315244,0.408851159107954,"testis-expressed protein 2-like, transcript variant X2","liver"
"LOC115106637",89.0059484347792,-0.0927268212820816,0.0960201800113076,0.122414865980116,0.404346024096395,"glucose-6-phosphate exchanger SLC37A1-like, transcript variant X1","liver"
"LOC115135929",107.207041617787,-0.0929476061575872,0.101982068993716,0.107514033449423,0.385853485798292,"flotillin-2a-like, transcript variant X1","liver"
"LOC115123463",70.4213643891874,-0.093155936738925,0.0989147281709769,0.115019379825379,0.395961986628584,"protein LYRIC-like","liver"
"LOC115131418",111.724190891699,-0.0933003386627017,0.0885470811825683,0.126657582374772,0.410052665416657,"glucocorticoid-induced transcript 1 protein-like","liver"
"LOC115135140",465.071080097347,-0.0933314386830913,0.0880858998994667,0.126576050726194,0.410052665416657,"bifunctional heparan sulfate N-deacetylase/N-sulfotransferase 2-like, transcript variant X1","liver"
"LOC115139614",221.449782897467,-0.0936170630986264,0.111734168527523,0.063216472542139,0.307849871065422,"sentrin-specific protease 6-like, transcript variant X3","liver"
"LOC115109305",68.4361472521475,-0.0936712865654346,0.0928838162888186,0.122824645104044,0.405246159641015,"septin-7-like, transcript variant X1","liver"
"LOC115122143",194.603042888231,-0.0937105547987937,0.1050172129845,0.0944248594956763,0.36343317025909,"mRNA decay activator protein ZFP36L1-like","liver"
"LOC115142772",109.869329680635,-0.0937157780126318,0.0753414289331101,0.112585153439474,0.393228008071377,"plexin-A1-like, transcript variant X2","liver"
"LOC115107900",127.235208222897,-0.0946712975806941,0.0904559179102107,0.120683646672437,0.402213036661369,"calmodulin","liver"
"LOC115143757",92.8045454881659,-0.0947235714114976,0.095557493453785,0.115516612798412,0.396770356824195,"myotubularin-related protein 14-like","liver"
"dgkd",88.2425175422505,-0.0947287659822229,0.0881657434014296,0.121065765235142,0.402499232543588,"diacylglycerol kinase delta, transcript variant X4","liver"
"LOC115114326",180.196588830253,-0.0948627309527151,0.0925081051858604,0.118578132874113,0.399022611236311,"eukaryotic translation initiation factor 4 gamma 1-like, transcript variant X6","liver"
"LOC115129735",321.075962010384,-0.0949027788800248,0.0873430870105089,0.120380310213714,0.401530396424794,"NEDD4 family-interacting protein 2-like","liver"
"LOC115109554",201.246501380534,-0.0951575001211038,0.0735668493950704,0.103710583517674,0.37878524947853,"bile acid receptor-like, transcript variant X3","liver"
"LOC115123355",65.9102937902144,-0.0953768028861041,0.0951734986420263,0.113651261852062,0.394843487389548,"myosin-IIIb-like, transcript variant X1","liver"
"LOC115143994",83.6556963396972,-0.0954341977377157,0.080612310404545,0.114080328768391,0.394843487389548,"ral GTPase-activating protein subunit beta-like, transcript variant X3","liver"
"LOC115112995",86.8095382103608,-0.0954739373851211,0.10197656772609,0.0987884189776909,0.370774950048866,"caskin-2-like, transcript variant X1","liver"
"oaf",305.761807325834,-0.0960387333986983,0.110507685165815,0.063735265958292,0.309636405299164,"out at first homolog","liver"
"LOC115122603",407.933245437405,-0.0960618189097309,0.103160996747724,0.0932759852712484,0.36105690025224,"uncharacterized LOC115122603","liver"
"LOC115103990",116.466889230439,-0.0960687394587209,0.0884951520155325,0.115941659040755,0.396791101805304,"bromodomain-containing protein 4-like","liver"
"LOC115113074",201.449855509628,-0.0960764418882742,0.100210152333951,0.101502232083434,0.373942391823035,"semaphorin-4G-like","liver"
"LOC115132809",730.650582343161,-0.0962634566776439,0.098041548588914,0.105658184497569,0.382131996461481,"bile salt export pump-like","liver"
"LOC115111215",85.1363352807963,-0.0964406067544359,0.10013313810574,0.100461053159791,0.373271880291075,"ras GTPase-activating-like protein IQGAP1","liver"
"ctnnb1",393.170070183247,-0.0965412354944851,0.0811527883244724,0.110559116782699,0.389715104987415,"catenin beta 1","liver"
"LOC115113849",197.71695412499,-0.0965733375477293,0.0905650390152968,0.11348117961402,0.394843487389548,"dystonin-like","liver"
"LOC115108300",379.145847705817,-0.0966560963599422,0.0849314764143793,0.113060777361578,0.394213625770567,"cyclic AMP-responsive element-binding protein 3-like protein 3-B","liver"
"LOC115107457",91.8495683510638,-0.0967689397006257,0.121991492225346,0.00567759895158329,0.110199492031683,"synaptotagmin-like protein 3","liver"
"LOC115130515",66.3300344613439,-0.0967910704839579,0.119259949017862,0.0166559815034026,0.168880051263356,"collagen alpha-1(XXIII) chain-like, transcript variant X8","liver"
"LOC115140397",96.2413740392346,-0.0969928823624241,0.10430478927485,0.0866642169103426,0.351485918533887,"utrophin-like","liver"
"LOC115136823",141.665000246188,-0.097195240675239,0.0925210732847635,0.109970967315576,0.38868828339188,"breast carcinoma-amplified sequence 3-like, transcript variant X1","liver"
"LOC115111939",73.6581970355354,-0.0972686847857603,0.0929160543428362,0.109371029889962,0.387902142635137,"GRIP and coiled-coil domain-containing protein 2-like","liver"
"LOC115145245",123.770143570488,-0.09769807016797,0.0709706904194353,0.0893724884489587,0.354360177935755,"serine/arginine repetitive matrix protein 2-like, transcript variant X2","liver"
"LOC115107503",151.018372397083,-0.0978631936948355,0.116070195740715,0.031693544588498,0.223887153800204,"1-phosphatidylinositol 4,5-bisphosphate phosphodiesterase beta-1-like","liver"
"LOC115113702",158.218641741565,-0.0979685649942668,0.105682486808433,0.0790490231977825,0.339519303007546,"glycerol kinase-like","liver"
"LOC115116781",882.706243296794,-0.0981081475020712,0.115477523483202,0.0344144450288243,0.233098244761177,"complement C4-like","liver"
"LOC115102131",111.929924082308,-0.0984566661590184,0.100060588313479,0.0940423217196791,0.362302933203603,"nuclear receptor coactivator 3-like, transcript variant X1","liver"
"LOC115138712",108.50700740918,-0.0985580981177192,0.0881923197738314,0.106950678167563,0.38441883969223,"eukaryotic translation initiation factor 4 gamma 3-like, transcript variant X5","liver"
"LOC115110246",68.4309316467646,-0.098868928609494,0.100357590436318,0.0920557067226928,0.359285719078632,"zinc finger protein 652-like","liver"
"nrcam",184.024439793112,-0.0991108460919164,0.106316997075784,0.0736533235857,0.328458366450015,"neuronal cell adhesion molecule, transcript variant X15","liver"
"LOC115140872",703.396180026867,-0.0991330931362047,0.0899617032200368,0.104632166035298,0.379769108423754,"amyloid-like protein 1","liver"
"LOC115139575",127.300283917615,-0.0996112622495064,0.0912836318224076,0.102423327852263,0.376444981357823,"eukaryotic translation initiation factor 5-like, transcript variant X5","liver"
"LOC115110501",164.492663997236,-0.10011312676782,0.0986070336519757,0.0918895834847063,0.359285719078632,"sterol regulatory element-binding protein 2-like, transcript variant X2","liver"
"LOC115111929",209.163646415948,-0.100145033880049,0.108098752382032,0.0643913252320684,0.310072065194594,"heparan sulfate glucosamine 3-O-sulfotransferase 1-like","liver"
"LOC115103979",117.035161201642,-0.100336917074779,0.101048699266979,0.0859601202356021,0.350742551825015,"serine/arginine-rich splicing factor 7-like, transcript variant X6","liver"
"LOC115108519",58.832940024737,-0.100337522074193,0.0771104126297781,0.0922524995321964,0.359285719078632,"protein furry homolog-like, transcript variant X11","liver"
"LOC115139244",106.619692058952,-0.100593496948258,0.107302830285944,0.0663078959028317,0.3128136385416,"transcription factor SOX-13-like, transcript variant X2","liver"
"LOC115134925",183.156091651359,-0.100777030030982,0.0999513063242876,0.0871440754569789,0.352304759982719,"forkhead box protein O1-A-like","liver"
"LOC115139154",153.64581854169,-0.100865466022667,0.0778166945008054,0.0915792041373272,0.359279148153416,"RNA-binding protein 25-like","liver"
"LOC115136609",128.793583461552,-0.101340888510053,0.112233145016618,0.0447439761595627,0.261970873001287,"phosphatidylinositol 4,5-bisphosphate 3-kinase catalytic subunit beta isoform-like","liver"
"LOC115113007",344.973991522999,-0.101387031235393,0.074915674349673,0.085421236003318,0.350278629727892,"probable E3 ubiquitin-protein ligase TRIM8, transcript variant X2","liver"
"LOC115112886",67.2021439278212,-0.101774986831689,0.112699596184481,0.0419648832484632,0.254158787697974,"extracellular serine/threonine protein kinase FAM20C-like","liver"
"LOC115105111",78.0349289397578,-0.102192411947823,0.0847489683613571,0.093980744313135,0.362302933203603,"kinesin-1 heavy chain-like","liver"
"LOC115131329",81.7232508841355,-0.102280085003787,0.108319295679989,0.0586907540244234,0.295499831360093,"protein tyrosine phosphatase type IVA 3-like, transcript variant X6","liver"
"LOC115118837",97.1233907083934,-0.102330954439111,0.107537272322741,0.0613897149443597,0.303588391933973,"mitogen-activated protein kinase kinase kinase 4-like, transcript variant X1","liver"
"LOC115107105",266.678707894606,-0.102439194421784,0.0699994607940713,0.0729001414877485,0.326705500361967,"myotrophin, transcript variant X1","liver"
"LOC115124832",80.4859075387365,-0.102529359390844,0.0978956357034268,0.0858737076587199,0.350742551825015,"autism susceptibility gene 2 protein homolog, transcript variant X2","liver"
"LOC115105493",84.0120901472024,-0.102730038028366,0.0886788864598392,0.0930930128814693,0.361008794954762,"phosphoglycerate kinase-like","liver"
"klf12",298.193382428537,-0.102849561280254,0.106024095921214,0.0652681664359537,0.311023985430262,"Kruppel like factor 12","liver"
"LOC115122577",75.1034378442678,-0.102930683361917,0.106848179711465,0.0623869150122997,0.305705050375339,"retinoic acid receptor RXR-gamma-B-like, transcript variant X2","liver"
"COX3",8895.11294765333,-0.103073965868981,0.0993269695669217,0.0817537698716272,0.344681911946485,NA,"liver"
"LOC115111821",124.654624412677,-0.103126998893462,0.108810139822184,0.0550892528173828,0.288570477361303,"testosterone 17-beta-dehydrogenase 3-like, transcript variant X1","liver"
"LOC115110082",141.814264460032,-0.103194561487149,0.0986663353315457,0.0826295079950796,0.346143755999943,"bromodomain-containing protein 4-like, transcript variant X1","liver"
"LOC115130958",155.724536854848,-0.103245696303017,0.113679240287927,0.0354965732392232,0.234876676173821,"cathepsin F-like","liver"
"pcf11",78.426878577281,-0.103400844038882,0.0864435657339551,0.0908245439408187,0.358113368975222,"PCF11 cleavage and polyadenylation factor subunit, transcript variant X2","liver"
"LOC115105240",258.292893469316,-0.103739809578921,0.0795249801121634,0.084866255637711,0.349518919030781,"cytoplasmic polyadenylation element-binding protein 4-like, transcript variant X2","liver"
"ND2",1022.66222033857,-0.103968787500983,0.107817043110954,0.0568315259805278,0.292851200880697,NA,"liver"
"LOC115142766",266.498876499314,-0.103977064684904,0.105434257946745,0.0644335228704175,0.310072065194594,"peroxisome proliferator-activated receptor delta-like, transcript variant X3","liver"
"LOC115129760",199.196104385524,-0.104070245381278,0.107677447961593,0.0570891652248015,0.292965976676248,"xin actin-binding repeat-containing protein 2-like, transcript variant X1","liver"
"LOC115132987",373.29295173133,-0.104226065900276,0.09192776171466,0.0874529760432576,0.35292903995279,"guanine nucleotide-binding protein G(i) subunit alpha-1","liver"
"LOC115106784",70.6450213100338,-0.104392424124434,0.0785289578331081,0.0817547806573821,0.344681911946485,"eukaryotic translation initiation factor 4H-like, transcript variant X3","liver"
"LOC115103914",104.365202909934,-0.104399849914279,0.0942823138953031,0.0851328664081103,0.349799963184937,"ERO1-like protein beta, transcript variant X1","liver"
"LOC115133979",60.1112194742301,-0.104427850584198,0.0960071966118387,0.0831432857896988,0.346910524599496,"zinc finger C3H1 domain-containing protein-like, transcript variant X5","liver"
"LOC115109591",62.530319413949,-0.104767287858318,0.0911277647243875,0.0862672401550613,0.350923424023982,"FYVE, RhoGEF and PH domain-containing protein 4-like, transcript variant X1","liver"
"LOC115103031",57.6981842465009,-0.104849095330388,0.104754762481228,0.0643612482047841,0.310072065194594,"TGF-beta receptor type-1-like","liver"
"LOC115143111",622.686824639944,-0.105082651299333,0.109325475536589,0.049379414089875,0.275335830137251,"class E basic helix-loop-helix protein 40-like","liver"
"LOC115123980",176.154981275476,-0.105086681474388,0.111392248568719,0.0418240323943181,0.253682672677441,"uncharacterized LOC115123980, transcript variant X3","liver"
"LOC115114548",76.6073286320783,-0.105261026872629,0.0962637078577537,0.0804836749779599,0.342229155758065,"microtubule-associated protein RP/EB family member 2-like, transcript variant X2","liver"
"LOC115106831",123.006474655144,-0.10530776144496,0.0995267325066612,0.0753026766353629,0.330036247274988,"claudin-14-like, transcript variant X2","liver"
"LOC115137365",78.3154000288522,-0.105956350729789,0.103268898364769,0.0656601961979314,0.311938109246699,"bifunctional UDP-N-acetylglucosamine 2-epimerase/N-acetylmannosamine kinase-like, transcript variant X3","liver"
"LOC115142940",127.402720590111,-0.105993438788601,0.0830648362289825,0.0815316620224289,0.344681911946485,"neurofascin-like","liver"
"LOC115103147",63.9410984753621,-0.106323792629897,0.0852097700298482,0.0817731621325444,0.344681911946485,"enhancer of polycomb homolog 1-like, transcript variant X2","liver"
"LOC115104488",178.074409634296,-0.10643626993779,0.0949816648375046,0.0787298289152313,0.338862494887521,"histone-lysine N-methyltransferase 2C-like","liver"
"LOC115103411",159.204692215162,-0.106497695912057,0.109518605604978,0.0461346964110796,0.265225701793456,"tumor protein p53-inducible nuclear protein 1-like, transcript variant X3","liver"
"LOC115145341",98.6090407402958,-0.106922143748609,0.101136333103339,0.0681221844645361,0.317332598717085,"tyrosine-protein kinase JAK1-like, transcript variant X1","liver"
"LOC115106696",217.976583234674,-0.106933535719496,0.113603421284662,0.0308925398033283,0.221296998661452,"transforming growth factor beta-2 proprotein-like","liver"
"LOC115137323",131.818334054736,-0.1071221793023,0.0875122942598603,0.0801299445918119,0.342229155758065,"protocadherin Fat 1-like","liver"
"LOC115108366",79.1505932501683,-0.107146738021394,0.0788027448500164,0.0743788110360441,0.329172675117172,"ER degradation-enhancing alpha-mannosidase-like protein 3, transcript variant X2","liver"
"LOC115112993",210.408344041497,-0.107716241414261,0.0892313624252417,0.0784782886715547,0.338136897066868,"ras-related protein Rab-40B-like","liver"
"LOC115141777",117.268081420096,-0.107863720806143,0.0732677396995359,0.0647256119009374,0.310607773214372,"lissencephaly-1 homolog A, transcript variant X2","liver"
"LOC115117104",58.6051406730898,-0.108029572683274,0.0897795039112794,0.0775405047031677,0.335514965148738,"talin-1-like","liver"
"LOC115130876",92.7465088771962,-0.108111628912082,0.0883472529452385,0.0774686265452472,0.335514965148738,"ecto-NOX disulfide-thiol exchanger 2-like, transcript variant X2","liver"
"LOC115101146",58.2530030471708,-0.1081508679735,0.113705697281912,0.0290580156801404,0.216900438975056,"atrial natriuretic peptide receptor 2-like","liver"
"LOC115123698",65.5437842680012,-0.108276072930801,0.0986817784760706,0.0692141053209404,0.318558887877367,"protein-tyrosine sulfotransferase 2-like, transcript variant X2","liver"
"LOC115124238",67.6925373892265,-0.108311959199611,0.103024058637855,0.0608672706334949,0.303270077232676,"acetyl-coenzyme A synthetase, cytoplasmic-like","liver"
"LOC115120696",68.0141328482037,-0.108448809538608,0.111459540234047,0.0364399965489832,0.236820785401117,"E3 ubiquitin-protein ligase SH3RF3-like","liver"
"LOC115126857",1029.91425461445,-0.108653700224557,0.099527763225468,0.0669413574300606,0.314455366975914,"fructose-1,6-bisphosphatase 1-like","liver"
"LOC115128719",106.600235522948,-0.108880582342918,0.0785022389780765,0.0694966601096443,0.319261722777012,"casein kinase II subunit alpha-like, transcript variant X1","liver"
"LOC115103495",99.3955854476606,-0.109051130102596,0.103953649961053,0.0571413031054017,0.292965976676248,"signal transducer and activator of transcription 5B-like","liver"
"LOC115114767",138.039591667358,-0.109192404834294,0.107376446081063,0.0479693750579476,0.271937653318768,"ski-like protein, transcript variant X3","liver"
"LOC115144966",81.1099718542645,-0.109211870789325,0.083813309630357,0.0732394091733768,0.327688070022705,"nuclear factor 1 C-type-like, transcript variant X3","liver"
"LOC115113790",89.7036708098944,-0.109352885548654,0.0864203909368813,0.0739435931469351,0.328709888003268,"leukocyte receptor cluster member 8 homolog","liver"
"LOC115134055",66.0469066845778,-0.109580532722882,0.0987195478554113,0.0660375904344339,0.3128136385416,"cat eye syndrome critical region protein 2-like, transcript variant X2","liver"
"klhl29",112.497531342509,-0.109652850905552,0.0882093619030905,0.0734108161778632,0.327974970113139,"kelch like family member 29, transcript variant X1","liver"
"LOC115109181",117.670929982036,-0.109697245933897,0.0917633509972015,0.0725240860912351,0.326705500361967,"serine/arginine-rich splicing factor 11-like","liver"
"LOC115141334",181.062762866114,-0.110168573787921,0.0865966564122863,0.0718897783006766,0.32558081817062,"ubiquitin carboxyl-terminal hydrolase 5-like, transcript variant X1","liver"
"LOC115101387",69.2676313882944,-0.110233715987622,0.0748527877324635,0.0614476014095996,0.303588391933973,"heterogeneous nuclear ribonucleoprotein U-like protein 1","liver"
"LOC115105288",279.17667945405,-0.11063417628289,0.107620147373864,0.0447617794103443,0.261970873001287,"protein Jade-1-like","liver"
"LOC115104028",62.3542808580372,-0.110917994763509,0.0838621088790592,0.0689405100790726,0.318235015948244,"KAT8 regulatory NSL complex subunit 1-like, transcript variant X1","liver"
"LOC115121787",105.289193023203,-0.110918770300599,0.0622018034489634,0.0374466762299717,0.238861740709491,"baculoviral IAP repeat-containing protein 2-like","liver"
"LOC115143092",333.185934409544,-0.111028995396873,0.0896705182496575,0.069842144881691,0.319690666576679,"interleukin-17 receptor C-like, transcript variant X1","liver"
"LOC115123863",676.859183950517,-0.111168454781326,0.106862737326341,0.0458677411334091,0.264811491302798,"60S ribosomal protein L4-A, transcript variant X1","liver"
"LOC115138574",64.640341795556,-0.112047036652376,0.112675681314573,0.0279722283494797,0.213911449817034,"sacsin-like, transcript variant X3","liver"
"LOC115110892",140.399913255603,-0.112440179858428,0.107506509874372,0.042081679213399,0.254488018507143,"microfibril-associated glycoprotein 4-like","liver"
"LOC115110408",91.5878092007407,-0.112571444773559,0.0795539849682161,0.0616833168714428,0.304015960783556,"histone acetyltransferase p300-like, transcript variant X5","liver"
"LOC115133794",162.245199518136,-0.112963963475047,0.0865177235219321,0.0650597698076046,0.310833883962236,"UHRF1-binding protein 1-like","liver"
"srsf7",76.0791143756401,-0.11307798265835,0.0962909773273154,0.0611528724095376,0.303588391933973,"serine and arginine rich splicing factor 7, transcript variant X1","liver"
"LOC115129408",258.770552440597,-0.11314037770085,0.078135256063461,0.0589377441135104,0.295850055426932,"proto-oncogene DBL-like","liver"
"clybl",64.6152438399759,-0.113281482361534,0.0775994839490219,0.0580324073966403,0.294660212954273,"citrate lyase beta like, transcript variant X2","liver"
"LOC115134404",284.007206290593,-0.113448750237336,0.0939966293809681,0.0622984634696655,0.305705050375339,"low-density lipoprotein receptor-related protein 5-like","liver"
"LOC115123699",392.091676821597,-0.113656937012427,0.11186258772407,0.028538247545183,0.215410920359566,"polyubiquitin-B","liver"
"nr2f1",152.535209078418,-0.113970543191719,0.0692761194006,0.0448615479280909,0.261970873001287,"nuclear receptor subfamily 2 group F member 1, transcript variant X2","liver"
"LOC115126022",84.0215033080444,-0.115153999014722,0.10929748602382,0.0335674689223671,0.229611277294517,"pantothenate kinase 1-like","liver"
"LOC115142853",5893.73587709561,-0.115298989321719,0.0972852996016574,0.0554449797210931,0.288994549032194,"1,25-dihydroxyvitamin D(3) 24-hydroxylase, mitochondrial","liver"
"LOC115107678",90.5578272745605,-0.116447358004641,0.0839573333200243,0.0563998992555073,0.291717484848935,"S-adenosylmethionine decarboxylase proenzyme-like","liver"
"LOC115142923",128.072415176775,-0.116447541611232,0.0942545541432823,0.0557574126757534,0.289477462151457,"solute carrier family 25 member 34-like, transcript variant X2","liver"
"LOC115102104",470.891206137394,-0.116587378407599,0.0960570279749706,0.0540848495809059,0.286514561702219,"serine protease hepsin-like, transcript variant X2","liver"
"LOC115135922",171.203355900426,-0.116879709469349,0.0947227457498365,0.0545697178437857,0.287001509588736,"nuclear receptor corepressor 1-like, transcript variant X4","liver"
"LOC115131882",361.111664162567,-0.116964859809771,0.0947486394741265,0.0543825107439227,0.287001509588736,"RAF proto-oncogene serine/threonine-protein kinase-like","liver"
"pum1",129.424984094519,-0.117031996238293,0.0733968679338072,0.045273547391948,0.262535331534949,"pumilio RNA binding family member 1, transcript variant X4","liver"
"LOC115143219",91.4567142206629,-0.117246428076637,0.0870130341441344,0.0557795963255728,0.289477462151457,"ubiquitin-associated protein 2-like, transcript variant X2","liver"
"LOC115137077",106.254318208427,-0.117571602407169,0.0932079593120374,0.0541256654834909,0.286514561702219,"forkhead box protein P1-B-like, transcript variant X6","liver"
"LOC115144088",183.05091564148,-0.11787362397128,0.0890808993098405,0.0546525777151838,0.287066890163775,"replication termination factor 2-like, transcript variant X1","liver"
"LOC115135506",100.271424259645,-0.117894006069634,0.110453871638969,0.0274718967618665,0.211651140154003,"phosphofurin acidic cluster sorting protein 1-like, transcript variant X2","liver"
"pam",80.2698811997388,-0.118117623610879,0.101083622146493,0.0454001440621611,0.262535331534949,"peptidylglycine alpha-amidating monooxygenase, transcript variant X2","liver"
"LOC115143907",78.9337661965538,-0.118300720768187,0.0920405778062025,0.0532085586309994,0.28440666342479,"nuclear distribution protein nudE-like 1-A, transcript variant X2","liver"
"tm9sf1",63.034572846991,-0.118438422568522,0.0959166873256593,0.0506606781070379,0.280180358160497,"transmembrane 9 superfamily member 1, transcript variant X2","liver"
"LOC115129282",99.6117741473692,-0.118621535999342,0.0889771152230295,0.0531740824027498,0.28440666342479,"matrix-remodeling-associated protein 5-like","liver"
"LOC115101074",86.9317513232607,-0.118985420630287,0.0974597401108126,0.048277001520442,0.272922410814593,"5'-AMP-activated protein kinase catalytic subunit alpha-1-like","liver"
"LOC115135102",57.4975565105462,-0.119407438339227,0.0953989786340053,0.0492788828529824,0.275151680148981,"phosphatidylcholine:ceramide cholinephosphotransferase 1-like, transcript variant X2","liver"
"LOC115102192",240.294285679306,-0.119447167176935,0.101154805380872,0.0431010425722185,0.257491084209723,"oxysterol-binding protein-related protein 2-like, transcript variant X2","liver"
"LOC115110608",306.19242985322,-0.119479821025203,0.102124379557106,0.0416489062922694,0.253610698023486,"low-density lipoprotein receptor-like","liver"
"LOC115131964",71.1521456967621,-0.119616225513962,0.0899502718025447,0.051187388881127,0.281629058451218,"cAMP-dependent protein kinase type II-alpha regulatory subunit-like, transcript variant X2","liver"
"LOC115143984",129.580704709898,-0.120387488677179,0.106004533311761,0.0338383232445681,0.23064382198137,"growth factor receptor-bound protein 7-like, transcript variant X1","liver"
"LOC115103255",102.363998044616,-0.120467184182207,0.11589699420572,0.0129410754535531,0.156058649552315,"angiopoietin-related protein 4-like, transcript variant X1","liver"
"LOC115134611",58.306914985807,-0.120503618696863,0.107203086315039,0.0314293773814944,0.223513442448635,"junctional adhesion molecule A-like","liver"
"LOC115114791",124.024882236095,-0.120505840588963,0.0944810004922751,0.0479168868559638,0.271937653318768,"cysteine/serine-rich nuclear protein 1-like","liver"
"LOC115115135",102.99965365453,-0.120795950809774,0.0951725994947696,0.0469664150659967,0.269247690308021,"rho guanine nucleotide exchange factor 11-like, transcript variant X3","liver"
"LOC115141202",438.789268526062,-0.120946197662464,0.0915180516668783,0.048421758770701,0.27336161876645,"mannosyl-oligosaccharide 1,2-alpha-mannosidase IA-like, transcript variant X1","liver"
"LOC115138133",63.867831195141,-0.121259451531736,0.104393512796047,0.0354766091481207,0.234876676173821,"regulator of G-protein signaling 12-like, transcript variant X1","liver"
"LOC115103360",132.930896166778,-0.121687300746552,0.0964859488238866,0.0444874003401788,0.261970873001287,"uncharacterized LOC115103360, transcript variant X2","liver"
"dhrs7",143.828183910208,-0.122006681241128,0.0991912732991014,0.0414481039066883,0.253287063753615,"dehydrogenase/reductase 7, transcript variant X2","liver"
"LOC115142428",246.42656309816,-0.12209348083348,0.111880356759846,0.0203412890400663,0.181137621423119,"VPS10 domain-containing receptor SorCS3-like","liver"
"LOC115140172",67.2287935393565,-0.122101927776046,0.0824781748732482,0.0448242347526847,0.261970873001287,"ras GTPase-activating-like protein IQGAP1, transcript variant X1","liver"
"lmo7",151.942615145368,-0.122531124040465,0.0930261748726641,0.0451421253841634,0.262535331534949,"LIM domain 7","liver"
"fxr1",60.7330840092466,-0.122797616691661,0.0764085878514192,0.0388845124964852,0.245726004551432,"FMR1 autosomal homolog 1","liver"
"slc2a4rg",67.8787049518224,-0.122980685022245,0.116511314952491,0.0105390548300087,0.144392931907347,"SLC2A4 regulator, transcript variant X1","liver"
"LOC115120401",816.087125230698,-0.123399197433733,0.111103704422037,0.0208201509823972,0.182463925527092,"arrestin domain-containing protein 3-like","liver"
"LOC115132285",162.925454624389,-0.123475690018526,0.0944609302337068,0.0429026135738477,0.257174592436618,"specifically androgen-regulated gene protein-like, transcript variant X1","liver"
"LOC115134427",114.498962945508,-0.123618808665161,0.106818283236737,0.0284912215368911,0.215410920359566,"potassium voltage-gated channel subfamily KQT member 1-like, transcript variant X1","liver"
"ATP6",2379.82788486397,-0.123723257110956,0.10152255769087,0.0362178915828215,0.236541417772181,NA,"liver"
"LOC115138416",137.967838944179,-0.124172701236664,0.0915444249003755,0.0429044953034594,0.257174592436618,"serine/arginine repetitive matrix protein 1-like","liver"
"CYTB",9452.01741391626,-0.125590682348523,0.0944268557140419,0.0396261753267745,0.246919597587044,NA,"liver"
"srsf4",95.2442673871772,-0.125919784824207,0.0885506562749916,0.040411141609719,0.249948123218838,"serine and arginine rich splicing factor 4","liver"
"LOC115129597",170.404561068023,-0.126037463824845,0.0937722359181719,0.0392575471406551,0.246919597587044,"protein diaphanous homolog 2-like","liver"
"plxdc2",110.124244037419,-0.126179779049192,0.105375529608054,0.0279402011976875,0.213911449817034,"plexin domain containing 2","liver"
"LOC115107146",65.067754958944,-0.127164428160819,0.099936849916254,0.0333726218831751,0.229611277294517,"protein mono-ADP-ribosyltransferase PARP12-like","liver"
"LOC115146897",70.0826283812774,-0.127331024654508,0.0914752076229523,0.0380593001285595,0.242012023906409,"inactive carboxypeptidase-like protein X2","liver"
"LOC115135904",58.5680064969755,-0.127374740911247,0.0994461155186605,0.0335628304135255,0.229611277294517,"coxsackievirus and adenovirus receptor homolog","liver"
"LOC115107640",63.0283691563869,-0.128041240102079,0.0931106516893016,0.0366038014726948,0.236820785401117,"heterogeneous nuclear ribonucleoprotein Q-like, transcript variant X7","liver"
"LOC115127007",64.681774562046,-0.128252193371183,0.0958745507604702,0.0350573238762263,0.234579746776844,"chromodomain-helicase-DNA-binding protein 7-like","liver"
"LOC115108486",461.494800886193,-0.128401321294053,0.105564383090323,0.0253527745366001,0.202623351002318,"transcription factor AP-1-like","liver"
"LOC115112080",99.6743162405994,-0.128549138435069,0.090067618264706,0.0364976737246041,0.236820785401117,"rho GTPase-activating protein 1-like","liver"
"LOC115145224",123.879487395061,-0.129080438855242,0.082662272852168,0.0341435070026662,0.232335449988092,"U1 small nuclear ribonucleoprotein 70 kDa-like","liver"
"LOC115145335",91.5130513535705,-0.12947207991322,0.0962081301801203,0.0332595335545682,0.229611277294517,"phosphoglucomutase-1-like","liver"
"LOC115123256",391.906354098611,-0.130483553357712,0.0775686346923627,0.0291402335978499,0.216900438975056,"protein TFG-like, transcript variant X3","liver"
"trappc9",171.373554283496,-0.130617186191579,0.0829843449295798,0.0322410177154737,0.225797917883627,"trafficking protein particle complex 9, transcript variant X1","liver"
"LOC115113263",94.3534845196946,-0.131649710168399,0.0692921517550222,0.0205319976008255,0.181536707637668,"Golgi-specific brefeldin A-resistance guanine nucleotide exchange factor 1-like, transcript variant X1","liver"
"LOC115130321",210.938685146158,-0.132034746053939,0.0960194328293139,0.0302036239873838,0.219056888563303,"RB1-inducible coiled-coil protein 1-like, transcript variant X3","liver"
"LOC115123096",90.5265285799374,-0.132398134737986,0.108463451942614,0.0180424224355335,0.173855588291335,"nuclear factor 1 X-type-like","liver"
"LOC115118279",115.184784024213,-0.132996497260738,0.101105687995091,0.0256326107606413,0.203935293286921,"insulin receptor-like","liver"
"LOC115136940",153.308003379106,-0.133041175189258,0.0703358522008616,0.0201993473820291,0.181137621423119,"heterogeneous nuclear ribonucleoprotein L-like, transcript variant X1","liver"
"LOC115137883",157.343786736671,-0.133251996872293,0.084703181562348,0.0296006979721245,0.218899134271184,"SH3 domain and tetratricopeptide repeat-containing protein 1-like, transcript variant X1","liver"
"LOC115105488",83.3172463434862,-0.133528540547061,0.0956459216479236,0.0286592380873973,0.21568917379431,"homeobox protein cut-like 1, transcript variant X2","liver"
"LOC115127760",4882.27100916989,-0.135109721765291,0.11229278273013,0.0115292278085251,0.151103320088579,"complement C1q-like protein 2","liver"
"LOC115129612",67.1828454112014,-0.135269950104441,0.0849764449401803,0.0273456332154272,0.211651140154003,"muscleblind-like protein 2a, transcript variant X10","liver"
"LOC115130517",69.8876540477343,-0.135510770591246,0.100348811520404,0.0237788947535566,0.195803585889893,"dual specificity protein kinase CLK4-like, transcript variant X1","liver"
"LOC115133550",239.984228457436,-0.135909044928746,0.078370766700768,0.0236143614316445,0.195237600801994,"receptor-type tyrosine-protein phosphatase delta-like, transcript variant X1","liver"
"LOC115110931",64.0908371306079,-0.136400440141733,0.0815577173910995,0.0248255996439071,0.199696279754561,"dynamin-2-like","liver"
"LOC115133259",86.3918449252157,-0.136478009276333,0.0899445606085433,0.0266910783209658,0.208382835814177,"lysine-specific demethylase 5A-like, transcript variant X5","liver"
"LOC115142937",515.183925308352,-0.137122101083679,0.089573111683432,0.0260088544249443,0.205432430986449,"pleckstrin homology domain-containing family A member 6-like, transcript variant X6","liver"
"LOC115135526",137.125571837843,-0.137233125336202,0.0950169437395589,0.0249751202375012,0.200390925370187,"rho GTPase-activating protein 31-like, transcript variant X2","liver"
"LOC115145297",167.848417495462,-0.137748666678521,0.0943547449831514,0.0246752492999341,0.19916102207234,"DENN domain-containing protein 1B-like, transcript variant X5","liver"
"LOC115144388",144.645377583994,-0.139455918635286,0.100303844276575,0.0203336817032571,0.181137621423119,"mitogen-activated protein kinase kinase kinase 4-like, transcript variant X1","liver"
"LOC115138324",98.29924205222,-0.139976768977913,0.0867175139814469,0.0228845143609986,0.191590638895676,"kinase D-interacting substrate of 220 kDa B-like, transcript variant X2","liver"
"LOC115131709",6945.60178880783,-0.14012625701072,0.0727479183300468,0.016144833571766,0.166512586801537,"syndecan-2-A-like","liver"
"LOC115101827",114.240772014294,-0.141206540966089,0.093632687098661,0.0216255235009551,0.187543901680623,"carboxypeptidase N subunit 2-like","liver"
"LOC115142954",121.772652289419,-0.141864003850903,0.0958359869168837,0.0204655024344338,0.181536707637668,"receptor-type tyrosine-protein phosphatase gamma-like","liver"
"tmem232",157.700090577598,-0.142280896411338,0.0812363726081081,0.0191812993543767,0.178602417127693,"transmembrane protein 232","liver"
"LOC115135156",61.2490387688329,-0.142572925981166,0.0744585649783838,0.0154465871588422,0.164057073949211,"baculoviral IAP repeat-containing protein 6-like, transcript variant X14","liver"
"znf609",81.5148548109139,-0.143091826648215,0.0911168982513054,0.0203336880277703,0.181137621423119,"zinc finger protein 609, transcript variant X1","liver"
"kyat1",175.776714410612,-0.143404908749923,0.0821075698862316,0.0185946253455095,0.177115674978197,"kynurenine aminotransferase 1, transcript variant X4","liver"
"patj",249.381031624545,-0.143536802937202,0.0850573036314659,0.019380218832886,0.178602417127693,"PATJ crumbs cell polarity complex component, transcript variant X3","liver"
"LOC115144915",61.5889217361802,-0.145091340444724,0.0768413946729508,0.0149974159128156,0.164057073949211,"amino-terminal enhancer of split-like, transcript variant X1","liver"
"LOC115116332",66.5643791833029,-0.145148974826249,0.0959204723502778,0.0178630464034806,0.173510085563171,"aryl hydrocarbon receptor-like","liver"
"LOC115127896",268.825641185803,-0.145781818690919,0.0932418717517741,0.0179756895375915,0.173623010794368,"lysosome membrane protein 2-like","liver"
"LOC115113613",1624.67749227223,-0.146374476102855,0.0935952519518235,0.0174837633082859,0.171935049223734,"UDP-glucuronosyltransferase 2C1-like, transcript variant X2","liver"
"ND6",1680.97546519652,-0.146942464795968,0.0965310703400647,0.0164140092343053,0.167677948969996,NA,"liver"
"LOC115101290",75.7902352017812,-0.147455170663363,0.0824416125090432,0.0156719522732597,0.164057073949211,"procollagen C-endopeptidase enhancer 2-like","liver"
"ND1",1151.96859024375,-0.148367086576002,0.105949285175037,0.011072071943296,0.147390361191738,NA,"liver"
"LOC115138206",109.14420976616,-0.148566479461175,0.0961403634866192,0.0154443626317059,0.164057073949211,"membrane-associated guanylate kinase, WW and PDZ domain-containing protein 1-like, transcript variant X2","liver"
"LOC115140321",67.1387693136355,-0.148616836437821,0.0995793361267893,0.0142777839110981,0.16126343215619,"growth hormone receptor-like","liver"
"LOC115108554",77.8520078408004,-0.149238880210559,0.0938290360358745,0.0154728788381697,0.164057073949211,"carboxyl-terminal PDZ ligand of neuronal nitric oxide synthase protein-like","liver"
"LOC115111950",126.884578626945,-0.14929479136408,0.0767433249339537,0.012293313729017,0.15362064340629,"epsin-1-like, transcript variant X1","liver"
"LOC115131367",222.71689957094,-0.149690155707002,0.101745773955041,0.0127305907217508,0.155344040114578,"thyroid hormone receptor-associated protein 3-like, transcript variant X2","liver"
"LOC115112528",170.734785337669,-0.149755666862005,0.0950836713618258,0.0149258996751909,0.163983738749537,"immunoglobulin superfamily DCC subclass member 4-like","liver"
"LOC115130244",179.162421309343,-0.150440430347847,0.0960333735951159,0.0143019970478924,0.16126343215619,"microtubule-associated protein 4-like, transcript variant X4","liver"
"LOC115128540",92.6679113562632,-0.151039239330401,0.108744739563065,0.00825857678303379,0.12871512262463,"phosphatase and actin regulator 4B-like","liver"
"LOC115133611",117.97082441175,-0.151324327329487,0.101285520746976,0.0120877234506306,0.153195161526808,"CLIP-associating protein 1-like","liver"
"tp53inp2",362.973446003685,-0.151508014582455,0.090849134131669,0.0142662794365369,0.16126343215619,"tumor protein p53 inducible nuclear protein 2, transcript variant X1","liver"
"csmd3",356.01645550312,-0.151562995416529,0.110574663777481,0.00696681022280836,0.119738667963907,"CUB and Sushi multiple domains 3, transcript variant X2","liver"
"LOC115140855",259.267566452463,-0.152059050652871,0.104000805849001,0.0105016939622565,0.144392931907347,"maternal B9.15 protein-like, transcript variant X2","liver"
"nfyc",152.249948415636,-0.152703553251279,0.102471793592354,0.0109175545440614,0.146381422110507,"nuclear transcription factor Y subunit gamma, transcript variant X5","liver"
"LOC115112301",287.182269507309,-0.153087983304738,0.0976692415587743,0.0124064846395161,0.15362064340629,"furin-1-like, transcript variant X2","liver"
"LOC115107737",70.4589281521765,-0.153283592805991,0.0830367845731406,0.0122174370690578,0.153330095400931,"afadin-like, transcript variant X12","liver"
"LOC115102996",384.037140054563,-0.153620850056679,0.0891467181499596,0.0129804031135226,0.156071159559641,"solute carrier family 22 member 23-like","liver"
"LOC115130084",67.064060005343,-0.15426989825265,0.103409539363016,0.0098306936704211,0.138172094484953,"UDP-N-acetylglucosamine--peptide N-acetylglucosaminyltransferase 110 kDa subunit-like","liver"
"LOC115113578",99.6896855586508,-0.154420596774302,0.0869236187661413,0.0123286017255957,0.15362064340629,"tight junction protein ZO-1-like","liver"
"LOC115129421",136.09931968968,-0.155580676915297,0.0937941837735107,0.0118085388762372,0.152315203985895,"disks large homolog 1-like, transcript variant X3","liver"
"LOC115138157",629.309325440229,-0.155623902652391,0.0873221977564425,0.0117332152924825,0.151824081054472,"equilibrative nucleoside transporter 2-like, transcript variant X1","liver"
"LOC115141397",145.824614396321,-0.15659733977418,0.0896615432150282,0.0114121555446875,0.150537042071671,"arginine/serine-rich protein PNISR-like, transcript variant X1","liver"
"LOC115146064",77.3931926475438,-0.156891915825144,0.0890566074701924,0.0112347234034133,0.148677703221794,"protein Daple-like","liver"
"LOC115116544",234.119529787756,-0.157257647494589,0.127371277846227,8.61050477200278e-05,0.0238352665667346,"alpha-tubulin N-acetyltransferase 1-like, transcript variant X2","liver"
"LOC115103132",71.5398505853391,-0.157361309242606,0.0851923253529687,0.0105590411670235,0.144392931907347,"extended synaptotagmin-2-B-like, transcript variant X1","liver"
"LOC115105427",83.5554273613753,-0.157474524888917,0.106214318207327,0.00745484568306625,0.12140826255928,"cell adhesion molecule 1-like, transcript variant X2","liver"
"LOC115139941",171.071277675195,-0.157975416982344,0.0725489844255097,0.00663608692970783,0.118190391394747,"hepatocyte nuclear factor 1-alpha, transcript variant X2","liver"
"LOC115130089",92.4399292243984,-0.158712059324953,0.109179128943425,0.00580877327976366,0.112211184304818,"zinc finger homeobox protein 4-like","liver"
"LOC115112441",141.945413125043,-0.158811338368151,0.088907937034059,0.0103052951909793,0.142872051695345,"coatomer subunit beta-like, transcript variant X1","liver"
"fus",65.1619902719291,-0.160425240952884,0.0881625361006409,0.00953099166928303,0.136797460692437,"FUS RNA binding protein, transcript variant X2","liver"
"LOC115102779",117.769086571058,-0.16115075467743,0.0863443370171401,0.00903396076317509,0.13271750448203,"apoptotic chromatin condensation inducer in the nucleus-like","liver"
"LOC115118912",75.1552083080085,-0.162209473021546,0.0848697278765364,0.00839925003371899,0.12871512262463,"serine/threonine-protein kinase MRCK beta-like","liver"
"ncoa5",83.8340567133297,-0.162436479560005,0.0783359151662158,0.00691793813539828,0.119738667963907,"nuclear receptor coactivator 5, transcript variant X1","liver"
"afdn",63.7422155744245,-0.16264659450455,0.0787274204119756,0.00694747402817716,0.119738667963907,"afadin, adherens junction formation factor, transcript variant X8","liver"
"ythdc1",97.1096903452975,-0.163338997464976,0.085053151993454,0.00799452495783629,0.12637739757133,"YTH domain containing 1, transcript variant X2","liver"
"LOC115106827",170.040855290578,-0.16341741505807,0.0933094817246719,0.00839995648139148,0.12871512262463,"stromal interaction molecule 1-like, transcript variant X2","liver"
"LOC115146304",95.8362692297587,-0.166734723879633,0.0874368618918392,0.00707676563737224,0.120187069741372,"serine/arginine repetitive matrix protein 1-like, transcript variant X1","liver"
"LOC115104649",81.8128099571727,-0.169219509288734,0.0800356754468274,0.00525425661366897,0.104982107633896,"septin-7-like, transcript variant X1","liver"
"LOC115119688",131.387403705223,-0.171289716400055,0.0735282756961295,0.00345825190096909,0.0933498989956954,"ERO1-like protein beta, transcript variant X1","liver"
"LOC115142935",135.668027929172,-0.173837134739459,0.0694639435898564,0.00225536028629992,0.0775050244941065,"msx2-interacting protein-like, transcript variant X1","liver"
"LOC115112270",119.800821201623,-0.17593983643987,0.123590128783146,0.000330911266072751,0.0436490093123143,"disintegrin and metalloproteinase domain-containing protein 10-like","liver"
"LOC115140752",88.8447124109022,-0.175980408455692,0.0822829119650312,0.00403267081818797,0.0963575161217609,"gastrula zinc finger protein XlCGF58.1-like, transcript variant X28","liver"
"kazn",111.357077396419,-0.176492777109669,0.0847626399242982,0.00421328517275521,0.0963575161217609,"kazrin, periplakin interacting protein, transcript variant X2","liver"
"LOC115120566",95.549824151983,-0.177103102174202,0.120882109085917,0.000612639971268373,0.0466002202576675,"E3 ubiquitin-protein ligase RNF19A-like","liver"
"LOC115103085",292.575966151498,-0.177171665087977,0.117763331738129,0.0010649065842242,0.0575369878701222,"sodium- and chloride-dependent glycine transporter 1-like, transcript variant X3","liver"
"LOC115138292",68.2471693489387,-0.17722321682397,0.0981506075389484,0.00424339990097441,0.0963575161217609,"protein quaking-A-like, transcript variant X3","liver"
"LOC115114499",89.4539553033673,-0.177423851440169,0.0941317921431209,0.00441026675172911,0.0970184912679679,"laminin subunit alpha-3-like","liver"
"LOC115135951",343.313823592477,-0.178099304344772,0.0938246255526677,0.00427887890530881,0.0963575161217609,"phosphoglycerate kinase","liver"
"LOC115111174",168.336398277898,-0.179136619386662,0.0925214702631127,0.00408311117909546,0.0963575161217609,"unconventional myosin-Ib-like, transcript variant X1","liver"
"LOC115126342",114.727640205263,-0.17948226138019,0.0891269958734668,0.00393332386711573,0.0960013657626569,"transcriptional regulator ATRX-like","liver"
"LOC115124648",265.992243167166,-0.179562726496093,0.0774327470452872,0.00273931733471736,0.0833243093754326,"receptor-type tyrosine-protein phosphatase F-like","liver"
"LOC115127091",215.200873533148,-0.180826197727173,0.0869983365571702,0.00356499438397195,0.0937478523165784,"oncoprotein-induced transcript 3 protein-like","liver"
"LOC115102554",175.14771834637,-0.1861485626724,0.100312621871175,0.00268451705039417,0.0833243093754326,"low-density lipoprotein receptor-related protein 1-like","liver"
"LOC115116746",119.185403481934,-0.18680682354501,0.0852518545436041,0.00253067235710418,0.0805860978715363,"fibrillin-1-like","liver"
"LOC115138079",100.725620036908,-0.187021128872735,0.0939006379241487,0.00279722360600835,0.083834436897721,"receptor-type tyrosine-protein phosphatase delta-like, transcript variant X2","liver"
"LOC115125917",90.6473534916497,-0.187403272321706,0.108031713002125,0.00184123559132239,0.0682261479111823,"fibrinogen alpha chain-like","liver"
"LOC115102051",117.609308827077,-0.18911036409577,0.109227325657587,0.00158380146571186,0.0659698748694656,"membrane-associated guanylate kinase, WW and PDZ domain-containing protein 1-like, transcript variant X9","liver"
"macrod2",333.912489251297,-0.189795438693665,0.0964464834328003,0.00241428249308444,0.0775679555562892,"mono-ADP ribosylhydrolase 2","liver"
"LOC115145167",293.398560768979,-0.194568258073752,0.11945209168988,0.000435262015570778,0.0455752763343709,"palladin-like","liver"
"LOC115109209",61.0034926693077,-0.195975426480117,0.0855479448368059,0.0015774385210595,0.0659698748694656,"scaffold attachment factor B2-like, transcript variant X1","liver"
"LOC115124980",72.9793713066706,-0.198207707868427,0.0914374453650494,0.00158612554887331,0.0659698748694656,"far upstream element-binding protein 1-like, transcript variant X1","liver"
"LOC115128454",57.7789039903661,-0.199462191103953,0.0990774427347384,0.00146643704244271,0.0634810769012427,"chromatin target of PRMT1 protein-like, transcript variant X3","liver"
"LOC115136041",107.511172090772,-0.204334907490496,0.0804722549455717,0.00079948138695232,0.0498324214572744,"serine/arginine-rich splicing factor 7-like, transcript variant X2","liver"
"LOC115132601",87.0907933359493,-0.205020534823785,0.0964417461077256,0.00114431663817082,0.0583029327148034,"nuclear receptor coactivator 3-like","liver"
"LOC115129419",68.4596069856954,-0.213329097359262,0.0960186483641749,0.000750418309465938,0.0497293541243035,"disks large homolog 3, transcript variant X1","liver"
"LOC115145809",613.622575043974,-0.217555621504867,0.0791701061172764,0.000332655678153857,0.0436490093123143,"long-chain-fatty-acid--CoA ligase 1-like, transcript variant X1","liver"
"ddx31",109.432014231662,-0.222644355737904,0.101652484087924,0.000448786440276009,0.0455752763343709,"DEAD-box helicase 31, transcript variant X2","liver"
"LOC115107543",70.3369688879812,-0.232280873992095,0.121408444308621,8.5330270727845e-05,0.0238352665667346,"pleckstrin homology domain-containing family G member 3-like, transcript variant X4","liver"
"LOC115119914",74.829884789362,-0.245575314949826,0.12606105634573,2.83511316426523e-05,0.0230517281281126,"unconventional myosin-XVI-like","liver"
"LOC115102558",1927.85097847973,-0.252133829376055,0.0762934015563954,2.42967189468186e-05,0.0230517281281126,"low-density lipoprotein receptor-related protein 1-like","liver"
